slot,receiver_id,selected_pair,status,radial_command_m,angular_command_rad,consistency_rad
1,2,1-4,adjust,-5.0,-0.03490658503988659,0.08439981799579932
1,3,1-4,adjust,5.0,-0.028276285536729263,0.14311601043920716
1,6,1-5,adjust,-5.0,-0.011017202654468847,0.13435355952548825
1,7,1-5,adjust,-5.0,-0.033690198107269226,0.07522695171799389
1,8,1-5,adjust,-3.873339217130264,-0.02637128297246093,0.03611402913478195
1,9,1-5,adjust,-5.0,-0.010357532765105242,0.002244922022729943
2,2,1-7,adjust,-5.0,-2.1977167145074325e-05,0.014341495108379421
2,3,1-7,adjust,3.3588950460510794,0.0005432054218180836,0.0065611648486744575
2,4,1-7,adjust,-1.0534638338192566,-0.020563696964337474,0.0018614343558724098
2,5,1-7,adjust,5.0,-0.009600240729574584,0.01110800002561865
2,6,1-7,adjust,5.0,0.018589260596808755,0.026952061227189187
2,9,1-8,adjust,-4.869554851857947,-0.03490658503988659,0.04937141090381925
3,2,1-4,adjust,-0.3339279174230454,-0.012008022831348532,0.052489619798696825
3,3,1-4,adjust,0.39952632793374193,-0.0049874833064549465,0.08148106668829412
3,6,1-5,adjust,-0.24746244083002217,-0.010197947978023831,0.04900927375447488
3,7,1-5,adjust,-3.584476144596501,0.020406127333222314,0.022109485642259726
3,8,1-5,adjust,1.19889862630684,0.014810499553317709,0.0024696708125592545
3,9,1-5,adjust,1.3305337853314048,0.03490658503988659,0.013925315054573735
4,2,1-7,adjust,-0.9361691657715738,0.026244979268415836,0.007128171412160589
4,3,1-7,adjust,-2.3607711458224023,0.028263767902003314,0.00919853756019193
4,4,1-7,adjust,-3.6447919032065506,0.02072546164624737,0.011037320370093145
4,5,1-7,adjust,1.5859433803779242,0.008099901062616743,0.013215210654080998
4,6,1-7,adjust,0.7946806682443688,0.0015922495674108703,0.016334801426047152
4,9,1-8,adjust,-0.4663270496178135,-0.013377898701332089,0.0024649767472892468
5,2,1-4,adjust,-0.5827953812400376,0.017952226136628235,0.005570052955010075
5,3,1-4,adjust,-0.6359792353795484,0.00785179928940132,0.011043627282496728
5,6,1-5,adjust,0.9592852334144246,0.0016718356579515767,0.011357289034482024
5,7,1-5,adjust,1.6006120159817319,0.008362365169704726,0.006729842634319406
5,8,1-5,adjust,1.014295102493018,0.011667744810478003,0.0035948469981686637
5,9,1-5,adjust,0.8869485454665266,0.024468572667685446,0.0010763097628184017
6,2,1-7,adjust,0.21093892261840025,-0.005852484654603304,0.0005539622128114568
6,3,1-7,adjust,0.2205387054031176,-0.0025473190879493008,0.0013613602872839972
6,4,1-7,adjust,0.03773466876131784,-0.00090284390723124,0.002091440008853664
6,5,1-7,adjust,0.7746313687087876,-0.0012363089893988417,0.0028428598936599205
6,6,1-7,adjust,0.4032650326772632,0.0007189530743346632,0.004123971784429776
6,9,1-8,adjust,-0.17100701759719755,-0.0047085413388844805,0.0026780288668400536
7,2,1-4,adjust,-0.17810639399172612,0.004898053057476191,0.0016874542856791545
7,3,1-4,adjust,-0.17452038145415147,0.0020501007248942345,0.003098308101287366
7,6,1-5,adjust,0.2597094828211145,0.00046281778524256967,0.0027299518166685535
7,7,1-5,adjust,0.43004341691927145,0.002492582002873205,0.0015486482354149186
7,8,1-5,adjust,0.2088791882948006,0.002271204544107385,0.0006756030184430586
7,9,1-5,adjust,0.18057304634920926,0.005099721309340443,7.238464507149426e-05
8,2,1-7,adjust,0.0482076318616186,-0.0012203861790549605,9.643478326722711e-05
8,3,1-7,adjust,0.05057952140650034,-0.000625293005469766,0.00016710495871578268
8,4,1-7,adjust,0.006410963594795897,-3.6658857463366383e-05,0.0004083384591266861
8,5,1-7,adjust,0.2017543065530837,-0.0003849249114170369,0.0006905321089958133
8,6,1-7,adjust,0.10310112039935149,0.0001255859036283893,0.00106962554176568
8,9,1-8,adjust,-0.027107114209543943,-0.000885600006380945,0.0011136284603742667
9,2,1-4,adjust,-0.04600988975404776,0.0011799377535728164,0.0005689062339061008
9,3,1-4,adjust,-0.046533144775047115,0.000508232863850506,0.0008094718288133069
9,6,1-5,adjust,0.067737214243929,0.0002835181575640528,0.0007223048153385938
9,7,1-5,adjust,0.11294989129470503,0.0006827389646621543,0.00044309655390320675
9,8,1-5,adjust,0.03459560824005093,0.0004207466092560448,0.00019740634272050788
9,9,1-5,adjust,0.03236533298200465,0.000964937446776087,2.4421402805065035e-05
10,2,1-7,adjust,0.011603884888207993,-0.00018819777943453333,7.60102561297436e-06
10,3,1-7,adjust,0.0007291447352992448,-1.753484059209085e-05,3.131542246397819e-05
10,4,1-7,adjust,-0.0070598425623607354,2.5048609196480416e-05,0.00010416017411463263
10,5,1-7,adjust,0.048551475183068696,-6.53706517942567e-05,0.00022184747925942856
10,6,1-7,adjust,0.025436795386231507,-1.9357287853822333e-05,0.0003263029072543017
10,9,1-8,adjust,-0.007257275525487986,-0.0003134768509056409,0.00020315448741762448
11,2,1-4,adjust,-0.01247088336524497,0.0002367937713911977,0.00017686477505606937
11,3,1-4,adjust,-0.006470379724176683,4.5215208264068094e-05,0.00011202075363901414
11,6,1-5,adjust,0.020054297010790485,5.446058185835911e-06,0.00016591309920876884
11,7,1-5,adjust,0.03183177822413402,0.00021030940113350653,9.44295241024265e-05
11,8,1-5,adjust,0.008783593362461107,0.00023813357617089397,9.120687766712992e-06
11,9,1-5,adjust,0.006197837345291007,0.00034975156458255755,3.647433461742161e-05
12,2,1-7,adjust,-0.00018784946237827287,-5.218240025682742e-05,5.9123141541510096e-05
12,3,1-7,adjust,0.0019441829330010566,-3.8365444957052746e-05,8.163275363214362e-05
12,4,1-7,adjust,-0.0017699156325766236,-2.998953711972257e-05,5.129209622091899e-05
12,5,1-7,adjust,0.012163166501998763,-9.608141189907173e-05,7.683713004412172e-05
12,6,1-7,adjust,0.006636233294358697,-6.9930718642436435e-06,3.7775623844003525e-05
12,9,1-8,adjust,0.0026718772244871633,3.8877923715275493e-07,4.702003089727125e-05
13,2,1-4,adjust,-0.0010065482957455772,6.728395423058535e-05,8.483663037814087e-05
13,3,1-4,adjust,-0.0014164550291837156,0.00016778869948104954,5.9776373579023644e-05
13,6,1-5,adjust,0.0006358293736555083,-3.0412707279509467e-06,2.554637850873619e-05
13,7,1-4,adjust,0.004019139285705691,-1.3030173572656999e-05,7.086124800383292e-05
13,8,1-5,adjust,-0.004512523917882251,-6.390424105897549e-05,6.047762580769866e-05
13,9,1-5,adjust,-0.002857701905107539,-8.223713834839568e-05,6.946950416759947e-05
14,2,1-7,adjust,0.0013126489599730757,-3.916898973823744e-05,5.344387530332704e-06
14,3,1-7,adjust,-0.0009212167167033137,-5.8696323195514224e-05,4.6828891766606e-05
14,4,1-7,adjust,0.006922596228451448,3.4754392568274016e-06,6.442361734754074e-06
14,5,1-7,adjust,-2.7467292224706753e-05,-5.318150658557564e-06,8.866322772428077e-05
14,6,1-7,adjust,0.00494726498765079,6.96895925325779e-05,6.0035343683109604e-05
14,9,1-8,adjust,-0.0003563138627857848,-0.00011150716783508035,0.00010902493982204666
15,2,1-4,adjust,-0.0012664182909940124,1.5377887834714827e-05,5.689140267853638e-05
15,3,1-5,adjust,0.007032274362501491,-2.2727512832802053e-05,1.8413293614041603e-05
15,6,1-5,adjust,-0.005110147789310176,-2.955964840843658e-05,4.2259135153701886e-05
15,7,1-4,adjust,-0.004161737363429928,6.88747921877429e-05,6.950134300502427e-05
15,8,1-5,adjust,0.0030650513975683325,-5.815129361807562e-05,0.00011928292967706915
15,9,1-5,adjust,0.0013663330938017406,0.0001211282946860498,1.93450454655572e-05
16,2,1-7,adjust,-0.00039233394255777383,6.380127922324787e-05,9.427571232467041e-05
16,3,1-7,adjust,-0.00861530791422598,0.00011133583396101527,0.00014456629972566288
16,4,1-7,adjust,-0.002271960120880382,5.8611069212391256e-05,8.262074353146542e-05
16,5,1-7,adjust,-0.0065952372428553455,7.54964276968286e-05,8.427689742565086e-05
16,6,1-7,adjust,-0.0024989545657173907,-0.00013097120453439194,8.789873684400222e-06
16,9,1-8,adjust,-0.0009855854311104494,-7.036115185467781e-05,0.00012567996674051404
17,2,1-4,adjust,0.001366006354747653,2.055869760834212e-05,2.2759143957768903e-05
17,3,1-4,adjust,0.0058725626664099485,-5.283436658012586e-05,0.00011384591712989964
17,6,1-5,adjust,-0.0003713914115528166,5.710160360943378e-05,0.00016790175449889165
17,7,1-5,adjust,-0.0004248148544069927,-5.5386868702158935e-05,0.0001453464402029667
17,8,1-5,adjust,0.001603762707425621,4.8358327933852816e-05,0.00013080624175237067
17,9,1-5,adjust,0.0011540063804043744,9.726491655846008e-05,6.522079771575152e-05
18,2,1-7,adjust,-0.0012130598396138676,5.2358948937840946e-05,8.37959828035234e-05
18,3,1-7,adjust,-0.004141453513224479,-4.155614837234282e-05,1.1370934029904301e-05
18,4,1-7,adjust,-0.00486626180084518,-6.045268278322566e-05,3.612220439655657e-05
18,5,1-7,adjust,-0.0014288435536370533,1.158580981311696e-05,3.4516309245403576e-05
18,6,1-7,adjust,0.0015111222783034891,4.8437276313947746e-05,3.888247058995908e-05
18,9,1-8,adjust,-0.00037478018738758626,-7.747065903771103e-05,7.622985045272275e-05
19,2,1-4,adjust,-0.0013639962400712937,-0.00011854728878258411,3.1046833727232076e-05
19,3,1-5,adjust,-0.0012928731893072914,2.4766943172787454e-06,2.6076925637300626e-05
19,6,1-5,adjust,-0.004919997041146821,-2.9026888779965792e-05,0.00012316706388342452
19,7,1-4,adjust,0.003223664474028522,5.2809111651976424e-05,5.196576201241711e-05
19,8,1-5,adjust,-0.003051863668988985,-3.432552821976989e-05,2.7631370066008257e-05
19,9,1-5,adjust,0.004077144135249972,0.00012169447651816411,5.330825299528468e-06
20,2,1-7,adjust,0.0007904960972347054,3.153059829216283e-05,0.000185870743605955
20,3,1-7,adjust,-0.0032315600760490885,5.976701778726985e-05,8.444586748080573e-05
20,4,1-7,adjust,0.008070690016439643,-4.1531431859240804e-05,3.803305227932223e-05
20,5,1-7,adjust,0.005406600611090292,9.902047016397162e-05,0.00011381088248368919
20,6,1-7,adjust,0.007868606723221788,9.182299003697082e-05,3.466627572698029e-05
20,9,1-8,adjust,-0.0057135471856778275,-0.00014697384481104087,0.0001720177160809411
21,2,1-4,adjust,0.004524541155633106,-0.00020758461456016933,0.0002522448992120927
21,3,1-4,adjust,0.011550186407622995,-9.142559819050761e-05,0.00022350594259356547
21,6,1-5,adjust,-0.0032440100546031144,1.2961735600387069e-05,2.8013674494662462e-05
21,7,1-5,adjust,0.008732892610509512,3.691844568781023e-05,8.062769885258209e-05
21,8,1-5,adjust,0.013433164311632105,0.00018946287200713119,0.00011324824807513537
21,9,1-5,adjust,0.011837394710137717,0.00027407364592998106,0.00014665970117163325
22,2,1-7,adjust,-0.013085333327629324,0.00033779806240379274,1.083795099491099e-05
22,3,1-7,adjust,-0.012015373536661017,0.0001038276270219003,6.179498581240667e-05
22,4,1-7,adjust,-0.0043573331129965484,6.558328212130653e-05,0.0001745593254476742
22,5,1-7,adjust,0.00864234198881763,-7.736170843660518e-05,6.674310534875748e-05
22,6,1-7,adjust,0.010133621857225867,-5.278890654907658e-05,9.430632020280245e-05
22,9,1-8,adjust,-0.0004502900974053273,6.266953226109703e-05,0.00013617131451912
23,2,1-4,adjust,0.007694658193434824,-0.00018612127344405752,6.970669084196705e-06
23,3,1-5,adjust,0.006327905453094488,-9.064371937997034e-05,1.5657370225836858e-05
23,6,1-5,adjust,0.0017115681654583752,2.2166020597909155e-05,3.318787525652816e-05
23,7,1-4,adjust,-0.009898052286797113,-6.730790394206809e-05,9.463365807141697e-05
23,8,1-5,adjust,0.0021657174444435078,-5.616089737459001e-05,0.00011156442833499686
23,9,1-5,adjust,-0.008358195368183564,-0.0001818606121695954,1.9290429676426185e-07
24,2,1-7,adjust,-0.000369752611046965,2.308889752532859e-05,0.00012770787064808007
24,3,1-7,adjust,0.00377449452360908,-5.485039451967133e-06,3.0491541429335278e-05
24,4,1-7,adjust,-0.006126458724033589,9.103735275879525e-05,1.708644382699964e-05
24,5,1-7,adjust,-0.00781819684421808,-5.418904377937065e-05,5.6282111916870615e-05
24,6,1-7,adjust,-0.00800839256033829,2.920967262673255e-05,6.139145486873813e-05
24,9,1-8,adjust,0.0057489575016351525,7.766191673327356e-05,0.00018733285131818287
25,2,1-4,adjust,-0.0035742705993105817,4.7891032186486054e-05,0.00011239448828116132
25,3,1-4,adjust,-0.00923630625383685,-4.126404285693322e-06,6.162288957476257e-05
25,6,1-5,adjust,-0.0027869307113599336,-9.107131394151276e-05,0.00017764750155344842
25,7,1-5,adjust,-0.0015596377957365572,-3.153222974213853e-05,0.00014239025615400472
25,8,1-5,adjust,-0.011171757974104421,-9.059982342984378e-05,8.221062825005583e-05
25,9,1-5,adjust,-0.005417648994883261,-0.00025622130706741696,0.00016540480364959616
26,2,1-7,adjust,0.003630904786154036,-3.549101121599056e-05,5.971340627078768e-05
26,3,1-7,adjust,0.003786752364918924,9.09301073793516e-05,1.7240294738745018e-05
26,4,1-7,adjust,-0.0008814260610399212,-6.450257893976334e-05,4.9446187924495376e-05
26,5,1-7,adjust,0.0021554982019278365,3.3445996730264584e-05,2.481245222688513e-05
26,6,1-7,adjust,0.00040533946794044676,2.9364366096795564e-05,2.20600792719599e-05
26,9,1-8,adjust,-0.001404616277174835,0.00010857641209833075,2.990295119388298e-05
27,2,1-4,adjust,-0.002454578418700436,0.0001111962881712304,6.302033858224742e-05
27,3,1-4,adjust,-0.0017122881699340891,1.2456253561421231e-05,0.0001267036528017639
27,6,1-5,adjust,0.005233806462536516,-0.00011085670381014684,3.606292663428142e-05
27,7,1-4,adjust,0.006609189265524321,1.3257954611061276e-05,7.215223152190485e-06
27,8,1-5,adjust,0.004694476545638596,8.536514681081407e-06,6.366920945634291e-05
27,9,1-5,adjust,0.00492020329474482,0.00011091919577079068,4.617429824790612e-06
28,2,1-7,adjust,0.0003438441424111217,-5.097679841180829e-05,2.22191733373555e-05
28,3,1-7,adjust,0.007151877630434066,-5.889984827407381e-05,5.711383025342599e-05
28,4,1-7,adjust,0.005938505836111149,-9.847007220441321e-05,2.532934331765398e-05
28,5,1-7,adjust,0.0024267079820317647,1.8340288222441428e-05,2.8523058043720578e-05
28,6,1-7,adjust,0.0012424480557578575,0.00013247476400217326,1.9178843320777853e-05
28,9,1-8,adjust,-0.0021255289697953007,-3.9708263118418356e-05,6.198126722229368e-05
29,2,1-4,adjust,0.004174392891589043,-0.0001423473329937547,8.704572862358485e-05
29,3,1-5,adjust,-0.002774794577603258,-3.40623728332179e-05,3.101027586054945e-05
29,6,1-5,adjust,-0.0025691941397332978,3.0597882325113e-05,6.724635578142606e-05
29,7,1-5,adjust,0.0016787052020047588,2.4955856205807057e-05,0.00011241902463245014
29,8,1-5,adjust,8.855631376867345e-05,3.481976871642789e-05,7.297614837430777e-05
29,9,1-5,adjust,0.0030990036788367792,3.848732104554942e-05,0.00012546260617108515
30,2,1-7,adjust,-0.002285551551590977,6.742116509519225e-05,6.845319665716554e-05
30,3,1-7,adjust,-0.0012635731292145649,6.766466631082281e-05,5.9345853740468723e-05
30,4,1-7,adjust,-0.004348660652480607,8.00863514167376e-05,2.2553145500534956e-05
30,5,1-7,adjust,-0.0014524936179540965,-8.435248600378434e-05,2.548697520457611e-06
30,6,1-7,adjust,0.00220911282178765,-8.667384558427654e-05,4.980895660764429e-05
30,9,1-8,adjust,-0.0020956855911076176,-3.2998825734032994e-05,3.3394250919654865e-05
31,2,1-4,adjust,-0.0017481127602034193,0.00015142426744041245,0.0001953890790910954
31,3,1-4,adjust,-0.0018648514912349235,6.034727932339161e-05,0.00010867458736379192
31,6,1-5,adjust,-0.004570397473676104,-3.33335288411257e-05,2.2283804535751804e-05
31,7,1-4,adjust,-0.006849215008879873,1.8896855229825286e-05,1.481882778160166e-05
31,8,1-5,adjust,-0.006518442585760584,-4.03498816777817e-05,4.596482607128087e-05
31,9,1-5,adjust,-0.006077817057578996,-0.00012591839299897002,0.00016047240410794748
32,2,1-7,adjust,0.0017121820469148423,-5.7510177641427565e-05,7.402212508209911e-05
32,3,1-7,adjust,-0.0014865338086392957,-6.729660155566525e-05,0.00010232464868006826
32,4,1-7,adjust,-0.0036987706286634005,2.976497072449134e-05,2.989665112592109e-05
32,5,1-7,adjust,0.0010645156594428665,7.066231959129564e-05,2.7631584885169655e-05
32,6,1-7,adjust,-0.0038549349287562568,-2.113556508057432e-05,7.699478990971827e-05
32,9,1-8,adjust,0.003158441298183202,4.690241807427437e-05,6.283128649870354e-05
33,2,1-4,adjust,-0.0017884846586824804,4.3153607747629455e-05,2.892213129869567e-05
33,3,1-4,adjust,-0.0010253951675504326,-3.433440214513983e-06,0.000132341738197483
33,6,1-5,adjust,0.004970520130816684,9.084005250284317e-05,4.220043999891536e-05
33,7,1-4,adjust,0.011129673274186241,5.7941545927343784e-05,7.043356468486292e-05
33,8,1-5,adjust,0.008595905466502763,6.385682446873418e-05,5.589902753317269e-05
33,9,1-5,adjust,0.002424802434021698,0.0001430079208774096,2.4764825456646736e-06
34,2,1-7,adjust,0.002354784320587834,-4.357360304758852e-05,5.156794273179381e-05
34,3,1-7,adjust,0.001295020673148571,-3.6757194615307106e-05,3.8681904273289316e-05
34,4,1-7,adjust,0.000518888410866284,-7.66154271607576e-05,5.236641015356112e-05
34,5,1-7,adjust,0.0060022049961688745,3.368236288467227e-06,4.23250263472782e-05
34,6,1-7,adjust,0.004288076924892169,-6.814539698888891e-05,8.204671595256174e-05
34,9,1-8,adjust,0.0020450292551521623,-2.2472022739387214e-05,5.266373472665414e-05
35,2,1-4,adjust,0.0002555536776021414,-5.238157369431425e-05,7.757604425847073e-05
35,3,1-4,adjust,0.0006598367030131356,2.3494291007346027e-05,0.000141358512680553
35,6,1-5,adjust,0.003191715470428339,9.804093924966805e-05,0.00019076463088212142
35,7,1-5,adjust,-0.00546229266107218,5.175062256034384e-05,9.304976808847628e-05
35,8,1-5,adjust,-0.0007684883503219244,1.3469497668495933e-05,0.00011321877183684376
35,9,1-5,adjust,-0.002695909718920475,-4.291212991239059e-06,4.033762860458017e-05
36,2,1-7,adjust,-0.004104803553005632,0.00014495997708082037,0.00010448868559168408
36,3,1-7,adjust,-0.007651178265284114,6.108660849896982e-05,8.551998214724071e-05
36,4,1-7,adjust,-0.0019196250760518932,0.00012455773685443055,3.307040357840753e-05
36,5,1-7,adjust,-0.017757805476028503,-5.030319875160888e-05,1.8789834418138073e-05
36,6,1-7,adjust,-0.009503087888138282,-0.00011868197562484747,4.3851422198506717e-07
36,9,1-8,adjust,0.0037862129422592586,-3.149337923349619e-05,5.048932912866707e-06
37,2,1-4,adjust,0.0004437209363392041,-5.354967355718708e-06,0.00011195299258209699
37,3,1-4,adjust,0.0010228279508080872,7.927104174621287e-05,6.411983276765392e-05
37,6,1-5,adjust,-0.0109267575672942,0.00010054673341530475,8.985351491418785e-05
37,7,1-4,adjust,-0.003527096332783998,-0.0001613839877648798,9.861061524086264e-05
37,8,1-5,adjust,-0.010747106823042757,-7.837679274665575e-05,0.00018668444785841924
37,9,1-5,adjust,-0.006584750878020799,-0.0001501056883285542,0.0001409512505482052
38,2,1-7,adjust,0.004816719412706964,-0.00022545055175642026,6.861834636582873e-05
38,3,1-7,adjust,0.009259872325296722,-0.00018540841321358425,6.220377857533131e-05
38,4,1-7,adjust,0.007914026287012517,-0.00017802358618448564,4.670727502806268e-05
38,5,1-7,adjust,0.015301700654935765,7.767704256756881e-05,7.088019561434142e-05
38,6,1-7,adjust,0.011525533482211631,-4.97977743842501e-05,6.522412343805342e-05
38,9,1-8,adjust,-0.001156818579678604,-2.611440530190665e-05,1.585427109253422e-05
39,2,1-4,adjust,0.0007022490725683387,2.819408998260456e-05,3.375250587748736e-05
39,3,1-4,adjust,0.0006730883498912561,5.77771108086109e-05,5.285062188906505e-05
39,6,1-5,adjust,0.010372556184883641,-2.8775422146655524e-05,0.00011123996198710914
39,7,1-5,adjust,0.006487156776974494,9.404546536494543e-05,0.00015570740766728152
39,8,1-5,adjust,0.010263479003049351,0.000108060185875826,0.00014040398402579993
39,9,1-5,adjust,0.004106941971054153,0.00014075605747023082,0.00014919256348267876
40,2,1-7,adjust,-0.003253692632892284,6.302397384980885e-05,6.756054830092912e-05
40,3,1-7,adjust,-0.0025078200450287347,1.6209329078794027e-05,3.204983407249443e-05
40,4,1-7,adjust,-0.00391722103357602,0.00011436219344040326,7.859181614511527e-05
40,5,1-7,adjust,-0.0013347596481238415,2.4648613598672823e-05,6.384751006769786e-05
40,6,1-7,adjust,-0.002893471464446279,7.827829106730201e-05,9.443442081290773e-06
40,9,1-8,adjust,0.0036773372525111176,5.8205609144265725e-05,2.5581717813803024e-05
41,2,1-4,adjust,0.0003939909335174066,5.14426498591378e-05,2.1696994509831753e-05
41,3,1-4,adjust,-0.0018654800796617016,-4.8618704887149356e-05,7.1606126062544e-05
41,6,1-5,adjust,-0.0018751761860409024,-6.718616227042643e-05,8.418362559036436e-05
41,7,1-4,adjust,-0.0057964033560519755,-4.3055610756150536e-05,2.770464749672275e-05
41,8,1-5,adjust,0.00627460183666363,4.803377844869371e-05,8.983807401327429e-05
41,9,1-5,adjust,-0.0037999484996077983,-7.62528546767721e-05,3.99452567174771e-05
42,2,1-7,adjust,0.0006774326347333923,-7.46906764624616e-05,9.340793264658296e-05
42,3,1-7,adjust,0.00533029287519935,7.09210798614453e-05,0.00012463772084942085
42,4,1-7,adjust,0.0006535080930922673,2.60944151310415e-05,7.938975442080132e-05
42,5,1-7,adjust,-0.0007845131255225673,-0.00010093742995874866,6.710252813432866e-05
42,6,1-7,adjust,-0.006813843319771423,9.482273833248686e-07,9.709674932504878e-05
42,9,1-8,adjust,0.006982580637052656,0.0001289688515903899,0.000192419324311754
43,2,1-4,adjust,-0.0009455321852138389,0.00012730437725109458,6.725668741134484e-05
43,3,1-4,adjust,-0.003813633715977666,5.202227001201105e-05,0.00019384690761653037
43,6,1-5,adjust,0.004779155321209499,3.649888994095691e-07,3.360782651867958e-05
43,7,1-4,adjust,0.0007011606545027925,4.180904456257762e-05,2.1596636252512733e-05
43,8,1-5,adjust,-0.009153330580176476,-0.00015622140478079054,7.965131409146657e-05
43,9,1-5,adjust,-0.007548745103392639,-0.00012140635519852394,1.886890343048344e-05
44,2,1-7,adjust,-0.0010048209509560752,-5.3862485023032134e-05,2.373784182940305e-06
44,3,1-7,adjust,-0.005088330736593346,-5.848971818353092e-05,9.89678036873254e-05
44,4,1-7,adjust,0.000514845134678144,7.2264726322114e-05,0.00010628375804298072
44,5,1-7,adjust,-0.008410888208038607,3.751111801680124e-05,7.593459976916736e-05
44,6,1-7,adjust,-0.006283894167303895,-2.860640966017189e-05,3.156954923136728e-05
44,9,1-8,adjust,-0.0012789250847330656,-6.3772629456512655e-06,2.8348495960817198e-05
45,2,1-4,adjust,-0.0021399248907713843,5.1492850588490505e-05,0.00010750973342243692
45,3,1-4,adjust,-0.001715436369875876,2.509364753195225e-07,7.97068774851049e-05
45,6,1-5,adjust,-0.002332885344788507,5.903858526607154e-05,0.00015128068598579492
45,7,1-5,adjust,-0.0008012372836094994,-0.00014347779265603451,0.0001317064317203291
45,8,1-5,adjust,-0.006348694574090394,7.839186663076177e-07,0.00014438208288859136
45,9,1-5,adjust,0.0017737141759200097,-1.0137758276851479e-05,0.00015582657027587917
46,2,1-7,adjust,0.009379546230359543,-0.00017503092024389387,4.713806321828792e-05
46,3,1-7,adjust,0.013119364077634494,-0.0001315370619664216,3.719387240947676e-05
46,4,1-7,adjust,0.008659146695158625,-0.00014084331816948057,1.3238999069253638e-05
46,5,1-7,adjust,0.011158947498858499,-8.163010868353587e-05,8.627742536706228e-05
46,6,1-7,adjust,0.008620813029731065,5.382355752323253e-05,3.146424082459421e-05
46,9,1-8,adjust,-0.002991747352194521,-0.00011388779325906949,7.133051730177601e-05
47,2,1-4,adjust,-0.0036663223698233903,6.075020874625135e-05,8.721026395108609e-05
47,3,1-5,adjust,0.00010244957746435309,-8.365952129975299e-05,3.809544157971619e-05
47,6,1-5,adjust,0.004411833312691543,-3.359047631477859e-05,1.5660281013942446e-06
47,7,1-4,adjust,0.001492416973634483,0.0001419516442804307,8.56406186644804e-05
47,8,1-5,adjust,0.0037353802378948878,-4.401239511527209e-05,0.00011088130716763043
47,9,1-5,adjust,0.0013813110520637356,0.00013227225309454287,7.797187658418356e-06
48,2,1-7,adjust,-0.00438147079941572,7.503203867388581e-05,0.00013461209757345067
48,3,1-7,adjust,-0.011235611221380002,0.0002062707416201991,9.661234594359016e-05
48,4,1-7,adjust,-0.019860950591735593,7.855126749473985e-05,0.00010636579322866708
48,5,1-7,adjust,-0.006446675031703041,4.949169567494786e-05,3.2769758529463745e-05
48,6,1-7,adjust,-0.009793624644977407,-2.932717043102154e-05,2.9381064177645503e-05
48,9,1-8,adjust,-0.0008773451850680557,-5.708198269718783e-05,0.00016846444416711138
49,2,1-4,adjust,-0.001281697973051692,0.0001267370986414155,0.0002862257050999992
49,3,1-4,adjust,-0.004362000373366079,0.00010697787217748472,0.0002779384788143482
49,6,1-5,adjust,0.004196159289826597,2.0064344570282148e-05,7.986428567084521e-05
49,7,1-4,adjust,-0.0004201674106861198,-1.748745024764401e-05,2.359169496601192e-05
49,8,1-5,adjust,0.000486867873500885,8.929702651510747e-05,0.00011182261714323734
49,9,1-5,adjust,0.0014860430799646443,8.544200504828448e-05,9.215564773184989e-05
50,2,1-7,adjust,0.004508438555956408,-0.00018212978774563682,8.061338322437118e-05
50,3,1-7,adjust,0.006665913512200216,-0.00014098412729231864,6.036874224706336e-05
50,4,1-7,adjust,0.00687969764666871,-0.00013074499736930565,5.4199892085628804e-05
50,5,1-7,adjust,-0.0006601321437274151,6.268531772565061e-05,1.1806898613338725e-05
50,6,1-7,adjust,-0.004450268885553299,-3.428975242453865e-05,4.6466947697594545e-05
50,9,1-8,adjust,-0.0010527567366030621,-8.928038769642386e-05,0.00012027285939410168
51,2,1-4,adjust,0.0004241895303002879,-1.5674991706490978e-05,7.20605581882273e-05
51,3,1-5,adjust,0.0013461249895524875,1.3875257246920373e-05,2.4060216225637032e-05
51,6,1-5,adjust,0.004227349644970649,4.2921401418327916e-06,0.0001425105193613702
51,7,1-5,adjust,0.0006558040554723052,-4.2141455052085526e-05,8.479502567576081e-05
51,8,1-5,adjust,0.0053744564012328,8.213993788171265e-07,8.708826681906695e-05
51,9,1-5,adjust,0.0027143020521964486,5.6178243141559786e-05,6.876930299904864e-05
52,2,1-7,adjust,-0.0034624540190293165,2.899997804393259e-05,9.931771841916412e-06
52,3,1-7,adjust,0.0005057688645622596,-2.8324592974783095e-05,2.910207146707318e-05
52,4,1-7,adjust,0.014349417521948758,8.71524878330681e-05,1.3297854690292664e-05
52,5,1-7,adjust,-0.0006360423291951418,-4.7833374014380496e-05,5.424389162469806e-05
52,6,1-7,adjust,-0.0022107579452035017,-3.271661207921794e-05,7.941929796237034e-06
52,9,1-8,adjust,0.001069998872747399,7.06967192940204e-05,2.176179752254038e-05
53,2,1-4,adjust,0.004734502123103286,-9.545609432271598e-05,4.8086425643907036e-05
53,3,1-4,adjust,0.006467924575306214,-8.522520930735389e-05,6.980330085756538e-05
53,6,1-5,adjust,-0.0029064545280746345,2.495182982284853e-05,0.00015818217388577274
53,7,1-5,adjust,-0.008234582299041964,-4.63678793885214e-05,0.00012200466735448041
53,8,1-5,adjust,-0.0034746999808673144,-4.3112286816964706e-05,6.855950951683158e-05
53,9,1-5,adjust,-0.0037936892564408024,-7.414612243194565e-05,4.718302438524615e-05
54,2,1-7,adjust,0.000555170006884678,-1.5367136914455837e-05,6.435539597470017e-06
54,3,1-7,adjust,-0.001952669712758009,3.313398437001664e-05,1.4355738630058681e-05
54,4,1-7,adjust,-0.008106671196486946,-5.2478117148050844e-05,4.4329969491589685e-05
54,5,1-7,adjust,-0.003650489822135767,6.0387024297580234e-05,4.004120524060963e-05
54,6,1-7,adjust,-3.9935849903940516e-05,6.0199942673595586e-05,4.0877090256752086e-05
54,9,1-8,adjust,0.0015191290343190688,-6.601112726784016e-05,5.348928497011578e-06
55,2,1-4,adjust,-0.0021575900487851092,8.995258162200437e-05,4.1197417384959886e-05
55,3,1-4,adjust,-0.0020556303997075996,3.0920278863539786e-05,9.857725688875514e-05
55,6,1-5,adjust,0.0029547984793135526,-9.121121234561859e-05,7.207306665991705e-05
55,7,1-4,adjust,-0.0022048008081106993,3.0200183030632604e-05,1.3242183484789846e-05
55,8,1-5,adjust,0.0015954048751062207,3.7530689957342176e-05,3.6634944446216365e-05
55,9,1-5,adjust,0.0008415352976375816,0.00017001600908620357,9.208494272184223e-05
56,2,1-7,adjust,0.0026109749814772626,-6.497829054609959e-05,4.830481004260983e-05
56,3,1-7,adjust,-0.0015273663998214117,-2.429293203058429e-05,6.108508954399154e-05
56,4,1-7,adjust,0.00018565518916627315,0.00013794786171380955,9.424056424032715e-06
56,5,1-7,adjust,-0.005911718154503496,-3.908959325090949e-05,8.846965385041882e-05
56,6,1-7,adjust,-0.010879716178668255,7.982412954141823e-05,0.00012301754128124767
56,9,1-8,adjust,-0.0008706637032121071,-8.875002528685433e-05,0.00012780167893819633
57,2,1-4,adjust,-0.005808753402881988,0.00014916599509100145,5.0992883477992535e-05
57,3,1-5,adjust,-0.0019394323619252108,7.988999352836736e-05,3.5574724800639403e-05
57,6,1-5,adjust,0.0021076202933659216,-6.934705969226422e-05,0.0002803508431584168
57,7,1-5,adjust,0.0003352082913993618,-3.428805148626518e-05,0.00010790925360348985
57,8,1-5,adjust,-0.0023857020318713406,-6.592759897394656e-06,0.00011247045862114601
57,9,1-5,adjust,0.0011887575624552258,1.9470165612435324e-05,0.0001174059967889357
58,2,1-7,adjust,0.005980718927954638,-0.00011205901871204598,4.2972860627729836e-05
58,3,1-7,adjust,0.008970258121654187,-0.00019445534519984522,0.00011880389790836018
58,4,1-7,adjust,0.0016627566867675595,-5.5831767492593145e-06,5.08404258298563e-06
58,5,1-7,adjust,0.00296131055711526,-9.87375081240834e-06,3.32322658338896e-05
58,6,1-7,adjust,0.0004127386214795158,5.1128332870560064e-05,4.328709202280806e-06
58,9,1-8,adjust,-0.0024225470834082427,-2.4939627614150913e-05,0.00015332753172950093
59,2,1-4,adjust,-0.008133451182536541,9.742315017137591e-05,2.5569069143358677e-05
59,3,1-4,adjust,-0.0053042941623000816,0.00021736061995482561,5.2636709968225197e-05
59,6,1-5,adjust,0.0035246350888463807,-3.462459811578459e-05,0.00020901129061945127
59,7,1-5,adjust,0.000630593184498922,-8.311900928194017e-06,0.00020424530920912592
59,8,1-5,adjust,-0.0077988442765736824,-6.59208909513634e-05,0.00013427050373457155
59,9,1-5,adjust,-0.001459372818725303,-9.072348029849323e-05,0.0001951237387277687
60,2,1-7,adjust,0.0069192365309139634,-8.450585745009242e-05,6.323751730398566e-05
60,3,1-7,adjust,0.002426603878370612,-0.00010774382757202769,9.154669535644391e-05
60,4,1-7,adjust,-0.003403708461028195,-7.783606070650312e-05,4.590166026035009e-05
60,5,1-7,adjust,0.007073384646594201,6.800402581634168e-05,2.850096348753325e-05
60,6,1-7,adjust,-0.002249260648400802,-5.0205068525179866e-05,1.317386267298481e-05
60,9,1-8,adjust,-0.002125068089579468,-0.00010762088776138435,0.0001242857726488003
61,2,1-4,adjust,-0.0004979725911470431,-5.43204636588083e-05,5.590318703725655e-05
61,3,1-5,adjust,-0.0043964927602639986,0.0001306094283145043,1.0859962481706265e-06
61,6,1-5,adjust,0.009015170132456521,6.918291278803415e-05,5.266506575886407e-05
61,7,1-4,adjust,0.009733518916960298,0.00011118739703040403,1.2769888808978034e-05
61,8,1-5,adjust,0.009905175321001021,0.0001200708648210749,5.6601750533063916e-05
61,9,1-5,adjust,0.007581780889760778,0.0002573903116000654,7.278458927073912e-06
62,2,1-7,adjust,-0.005051050680062136,0.00017238653540062063,2.796202834066998e-05
62,3,1-7,adjust,0.005084391020006702,-7.633497642998529e-05,6.507235622489437e-05
62,4,1-7,adjust,-0.0025195721530206186,3.227558361396476e-05,2.9059121514962413e-05
62,5,1-7,adjust,0.008078628322930827,-4.622548202128413e-05,2.3421548033832224e-05
62,6,1-7,adjust,-0.0051961674148683305,-2.8616198853388886e-05,7.015566585610167e-05
62,9,1-8,adjust,-0.000654579572436239,-0.0001010382311197882,1.9827390846422113e-05
63,2,1-4,adjust,0.00026499814609051844,-7.167177659305038e-06,0.0001125754268957053
63,3,1-4,adjust,-0.009122849904116636,1.0199997883721563e-05,0.0001755511975859647
63,6,1-5,adjust,0.009060467889656507,9.652788139754667e-05,0.00016348014904462118
63,7,1-4,adjust,0.0017669302383568181,1.0078511204591247e-05,4.260775108982906e-05
63,8,1-5,adjust,0.005215401148290386,-3.0094722616225812e-05,4.6343255920879906e-05
63,9,1-5,adjust,-0.0028293073064249922,1.3497441563918064e-05,9.164938931327619e-05
64,2,1-7,adjust,-0.0007637218567320438,-2.0892391966004348e-05,2.1434636842374068e-05
64,3,1-7,adjust,0.0021925140628057064,-6.912958849814625e-05,4.7276352031159444e-05
64,4,1-7,adjust,-0.0012957721980890926,3.490743519554715e-05,4.645644307894601e-06
64,5,1-7,adjust,-0.006164711693783036,7.245974608422162e-05,0.00010395313259319372
64,6,1-7,adjust,-0.00409985154849691,-0.00010141489509788568,4.631759781759275e-05
64,9,1-8,adjust,0.003224290010950381,0.0001512559830933252,6.784030806804862e-05
65,2,1-4,adjust,0.0005946233913488226,3.055817688071292e-05,2.639249464307619e-05
65,3,1-4,adjust,-0.0025071497812083707,0.00016888479159319866,0.00010161499868287237
65,6,1-5,adjust,0.0010832738282978583,0.00014762315978130875,5.485856160186697e-05
65,7,1-4,adjust,-0.002919480577373481,-0.00012450339998166236,6.0722757812705314e-05
65,8,1-5,adjust,-0.00638871928985896,-3.502869552603518e-06,4.132847579391968e-05
65,9,1-5,adjust,0.0018830742260389926,-3.7131114271044253e-06,2.7605449195462623e-05
66,2,1-7,adjust,0.006465014965417429,-0.0002140498224643155,9.02739216041877e-05
66,3,1-7,adjust,0.012049707758110352,-0.00023350452557794273,9.642069283825006e-05
66,4,1-7,adjust,0.010625138101983601,-0.0001713460453912138,8.071157219491914e-05
66,5,1-7,adjust,-0.00398328023269545,-0.00013608450203637346,2.753889365824374e-05
66,6,1-7,adjust,0.00134049913129635,-0.0002107111829618584,9.49196481441523e-05
66,9,1-8,adjust,-0.0036240835859699247,-9.105878737275315e-05,0.00010961797667253936
67,2,1-4,adjust,0.00013626648313864526,9.677986481123084e-06,0.00010036624802957502
67,3,1-5,adjust,-0.003328838036005462,5.160447303445138e-05,6.771106911233141e-05
67,6,1-5,adjust,-0.0067069252257955635,6.971220781009255e-05,5.806877045190372e-05
67,7,1-4,adjust,-0.0030654198837289748,5.6076056118687e-05,1.1583093882088226e-05
67,8,1-5,adjust,4.6299838427055896e-05,-5.301978458461981e-05,3.677226009137163e-05
67,9,1-5,adjust,0.00017848658055756854,-6.784575373486841e-05,6.371153282872152e-05
68,2,1-7,adjust,0.0007741931426287409,-1.117179743892326e-05,3.886220030603895e-05
68,3,1-7,adjust,-0.0003604246538325494,-2.097324795900601e-05,4.913128869388266e-05
68,4,1-7,adjust,-0.0002560381774365187,9.194502033924745e-05,1.6882589044228164e-05
68,5,1-7,adjust,0.0045959278356341214,2.2520687700226502e-05,9.48862555667703e-06
68,6,1-7,adjust,0.001007136776936849,9.572907919068842e-05,0.00010830036279456375
68,9,1-8,adjust,-0.001499552872583305,6.474605008921368e-05,1.9581802077428462e-05
69,2,1-4,adjust,-0.0005588716298516773,9.625253254381799e-05,2.845665958761876e-05
69,3,1-4,adjust,0.0024453195779675575,-4.291494469684005e-05,0.00010166056687181434
69,6,1-5,adjust,0.002874826722571976,-4.15164561620144e-05,6.850180032356857e-05
69,7,1-4,adjust,0.005430881790216687,6.575739087002262e-05,5.017736145353199e-05
69,8,1-5,adjust,0.002601816233204723,-7.10352643844716e-05,2.0267546718654738e-05
69,9,1-5,adjust,-0.00015040613624357234,-8.930784192214317e-06,2.677474259923588e-05
70,2,1-7,adjust,-0.004380285581624686,2.8200111261658616e-05,0.00011831147201142467
70,3,1-7,adjust,-0.004102447618119292,0.00019293847947413133,0.00017397762980081083
70,4,1-7,adjust,-0.011573228085818425,-7.302606454083026e-05,0.00013869337906577474
70,5,1-7,adjust,-0.0020168033167259226,3.746217533114429e-05,4.8102545816102006e-05
70,6,1-7,adjust,0.0027290835049669938,5.840276477760177e-05,0.00017603893405081038
70,9,1-8,adjust,-0.0001226061412756226,-0.00011003422504656475,0.0001724278934008767
71,2,1-4,adjust,0.0012178168592106482,-1.7138822632911834e-05,6.363390628810366e-05
71,3,1-4,adjust,-0.005299412717029881,-3.206524856969415e-05,8.164215432167732e-05
71,6,1-5,adjust,-0.002653762066051878,-0.00010312407953180909,0.00013047271653997912
71,7,1-5,adjust,-0.0021010134405222997,-6.788750299342571e-05,0.00011402652382560409
71,8,1-5,adjust,0.00039077425930438236,0.00011195108452665529,4.943265886151241e-05
71,9,1-5,adjust,0.003479721318145585,0.0001639434963339857,4.3468518632512544e-05
72,2,1-7,adjust,0.0010801346962807654,3.350647338348163e-05,4.356921867056919e-05
72,3,1-7,adjust,0.008161053344277216,-9.54303310619492e-05,2.0808281616693843e-05
72,4,1-7,adjust,0.016140831505328537,6.867340606216611e-06,5.673126849648507e-05
72,5,1-7,adjust,-0.0016564157115705358,1.8502705373578475e-06,5.4500383360502655e-05
72,6,1-7,adjust,0.0013014253252171869,7.352414413533364e-05,3.978197517594141e-05
72,9,1-8,adjust,-0.0021029319497811562,2.3342469220634987e-05,5.944025132661857e-05
73,2,1-4,adjust,0.0031281007702254945,-0.000130180461570663,0.0001461303538551414
73,3,1-4,adjust,0.003962037958032539,-1.644060860610652e-05,0.0001796961555363677
73,6,1-5,adjust,-0.006413898622027053,-3.5221815923816435e-06,5.603978075884052e-05
73,7,1-4,adjust,-0.0027533188708585114,6.37877924038434e-05,3.439174567347613e-05
73,8,1-5,adjust,-0.0037674477268236427,-3.745799627543618e-05,1.8223911203695036e-05
73,9,1-5,adjust,0.00029016278918365067,-9.104982572540781e-05,0.00010577902391164274
74,2,1-7,adjust,-0.0022970230311101228,0.00017341655052101028,4.195700523603002e-05
74,3,1-7,adjust,-0.010501880055367807,0.00010340374924987102,8.195905830115945e-05
74,4,1-7,adjust,-0.020024966030869906,0.00012713212056710541,5.346698056043359e-05
74,5,1-7,adjust,-0.006307569171329346,-1.676218200791029e-05,8.381561213231537e-05
74,6,1-7,adjust,0.0013666184445004686,-5.9045544766378114e-05,0.00010416861257950192
74,9,1-8,adjust,-0.0005201260700054229,-6.276809044019059e-06,6.432227694904817e-05
75,2,1-4,adjust,-0.007718449067915139,3.733672465951778e-05,6.231719123327048e-05
75,3,1-4,adjust,-0.006854932540159426,0.00012821326498252468,7.757825918294728e-05
75,6,1-5,adjust,-0.0008804350736451818,-0.00011202220366028612,9.039213786094403e-05
75,7,1-4,adjust,0.0012510381296388174,-7.058706328374336e-05,0.00010044404380751084
75,8,1-5,adjust,-0.007929672854354872,1.6507221993283886e-05,8.392051693386654e-05
75,9,1-5,adjust,0.0007052955683345204,-3.8784174250859425e-06,1.821961808927928e-05
76,2,1-7,adjust,0.004102986335811262,-0.0001811518505547649,2.6839006142950862e-05
76,3,1-7,adjust,0.014653070294285602,-0.00019797607385048325,6.0332885525811394e-05
76,4,1-7,adjust,0.002656010891762734,-3.583702664495306e-05,9.1213231726676e-06
76,5,1-7,adjust,0.009064294216331979,5.125166921937631e-06,2.3709748913051554e-06
76,6,1-7,adjust,0.005457010504403802,0.00013328446606742378,7.714359256293408e-05
76,9,1-8,adjust,-0.004730441263615768,-0.00014461872077308204,0.0001324272417265018
77,2,1-4,adjust,-0.0011442214446175268,0.000173556111184819,0.00014187343454691257
77,3,1-4,adjust,-0.01202914393508752,0.00015251048064256713,0.00017333944402855224
77,6,1-5,adjust,-0.0024373056044933727,6.786897949908944e-05,8.595633119362076e-05
77,7,1-4,adjust,-0.004859371338843402,2.1792054755883273e-05,3.765876852764834e-05
77,8,1-5,adjust,0.003832417766274151,3.544999156914485e-05,5.692869719197014e-05
77,9,1-5,adjust,0.0037587583949425644,0.0001234742567802391,2.3281577748992276e-05
78,2,1-7,adjust,0.001352722414239975,-0.0001196582671050099,3.5332278413236747e-05
78,3,1-7,adjust,0.008296784485708756,-6.285231566766397e-05,2.288260840931829e-05
78,4,1-7,adjust,0.0030072305632707053,1.1904938691977142e-06,3.510147971293898e-05
78,5,1-7,adjust,-0.010852809596952197,2.089973884138662e-06,5.266782962047371e-05
78,6,1-7,adjust,-0.006088214584322725,-0.00012779089499095076,1.6940206795615727e-05
78,9,1-8,adjust,-0.002440180365910736,-6.205718040798477e-05,4.79432038744383e-06
79,2,1-4,adjust,0.000324347656243176,5.2721402091127676e-06,6.865764784558031e-05
79,3,1-4,adjust,-0.006652777086626796,-4.3157207508869504e-05,6.260745581252059e-05
79,6,1-5,adjust,0.00021193993155923022,3.2335553665129634e-05,9.299572423766002e-05
79,7,1-5,adjust,-0.0006460282064732703,-0.0001228486875861389,0.00012591324660269325
79,8,1-5,adjust,0.0009398209209141373,-8.419754450782264e-05,6.94458080799351e-05
79,9,1-5,adjust,0.0007423220357757524,1.368966667840424e-05,8.461082453948732e-05
80,2,1-7,adjust,0.004710033696090489,-0.00014317172326834145,1.3930613097296341e-05
80,3,1-7,adjust,0.013387513067198268,-8.22385099862149e-05,4.59845877946276e-05
80,4,1-7,adjust,0.01125592415172014,-0.00010417389058095461,5.334805057197507e-05
80,5,1-7,adjust,0.00722763867808709,1.6240733835248868e-05,3.519419569382704e-05
80,6,1-7,adjust,0.007343118512488755,7.680902049854529e-05,2.033052420002033e-05
80,9,1-8,adjust,-0.001973598600749325,-3.228416533881203e-05,2.4899268684317593e-05
81,2,1-4,adjust,0.0014841516725439166,7.368260769620857e-05,9.613543217309654e-05
81,3,1-4,adjust,-0.0027487331746522646,2.5403311554830236e-06,0.00013317763462304382
81,6,1-5,adjust,-0.002752773194846364,-0.0001390094082575162,0.00010543674653284158
81,7,1-4,adjust,0.0003269426504259951,9.223443602115004e-05,8.426122220029234e-05
81,8,1-5,adjust,0.0018335724389962347,4.213813636934685e-05,1.754757147678353e-05
81,9,1-5,adjust,0.0034898572260711608,0.00016639787666601586,5.2211953436410354e-05
82,2,1-7,adjust,-0.004089749724936564,4.777381879158095e-05,2.772489567432794e-05
82,3,1-7,adjust,-0.001289158280630223,0.00013825976360705937,4.771922745271428e-05
82,4,1-7,adjust,-0.006966275831091262,3.6338757007454765e-05,3.566978640508256e-05
82,5,1-7,adjust,0.0004345249775775991,-2.1764252315931654e-05,8.245287988954063e-06
82,6,1-7,adjust,-0.003779766159554777,6.36621930747694e-05,2.0935764579324805e-05
82,9,1-8,adjust,0.00030109161893917115,-0.00012400795391057218,4.3319856140569574e-05
83,2,1-4,adjust,-0.002438765613825264,7.753026865829443e-05,3.7325867467601094e-05
83,3,1-5,adjust,-0.006487563834863294,-6.876119260232023e-05,6.888926627915165e-05
83,6,1-5,adjust,0.00669234947741196,-0.00010953159899636578,8.154758786397302e-05
83,7,1-4,adjust,0.004577869982975633,6.934074319779798e-05,2.464588577655243e-05
83,8,1-5,adjust,-0.0014538718593595508,1.5554099694163444e-05,2.6143014804003845e-05
83,9,1-5,adjust,-0.0005699515199010628,-3.298455571501949e-05,1.120984460660384e-05
84,2,1-7,adjust,0.0014380796625714644,-3.318765948342695e-05,3.7280368273118077e-06
84,3,1-7,adjust,0.0020584881260253675,5.365952790821667e-05,6.663312297230935e-05
84,4,1-7,adjust,0.0035266321131298887,6.643201999403039e-05,2.0888253432698375e-06
84,5,1-7,adjust,-0.0010738275677370267,-5.3310036471283705e-05,7.94976754075782e-05
84,6,1-7,adjust,-0.0025450735710514974,0.00020884409698321315,1.075856812247701e-05
84,9,1-8,adjust,-0.0018588334789748303,4.9689431034443596e-05,6.287897436614569e-05
85,2,1-4,adjust,0.00012903811911350315,8.744650843202674e-06,3.257205902755034e-05
85,3,1-5,adjust,0.004459726653567689,-1.7055932343691887e-05,5.7231230298414285e-05
85,6,1-5,adjust,-0.004941762808473043,-0.00015483478190947975,0.00019776234296853504
85,7,1-5,adjust,-0.008108570069100483,-8.217229729726555e-05,0.0001123134405785267
85,8,1-5,adjust,0.0038996868472899572,-1.6821468639901296e-05,9.055799488040878e-05
85,9,1-5,adjust,-0.0030289188874450313,-8.021849501597089e-05,0.00011669946745414029
86,2,1-7,adjust,0.005877998894045614,-0.00010415591186177524,0.00010035082336391493
86,3,1-7,adjust,-0.006490369276338033,-4.4453128135904423e-05,6.619962859586228e-06
86,4,1-7,adjust,-0.005339196025920009,1.1796484970902947e-06,2.9454088097907373e-05
86,5,1-7,adjust,-0.0042980681194304295,3.780874834629831e-05,2.8077868500569353e-05
86,6,1-7,adjust,0.0004884818162230218,-3.521326678408122e-05,9.98154682373876e-05
86,9,1-8,adjust,0.005184357397237285,0.0001552069518775473,0.00010635869132960528
87,2,1-4,adjust,-0.006905458649026719,0.00010620299628549971,1.3570495698438484e-05
87,3,1-4,adjust,0.0012803753276675505,-1.3829321025429998e-05,9.487415905698549e-05
87,6,1-5,adjust,-0.002860609292524527,0.000129121406656082,0.0001391303913648846
87,7,1-5,adjust,-0.003553141016036465,-6.321313275962054e-05,0.00010754477627319202
87,8,1-5,adjust,-0.000966540929842667,1.2272976315152766e-05,1.6731218703822376e-05
87,9,1-5,adjust,-0.00039803540587497505,-1.9817640050366264e-05,9.400753506432924e-05
88,2,1-7,adjust,0.006181242492564054,-0.00016070124159290848,7.934105149813132e-05
88,3,1-7,adjust,0.0026161641665989627,5.3797732125172024e-05,8.79543937042835e-06
88,4,1-7,adjust,0.002129674877326371,-9.330054332490089e-05,1.940363357104611e-05
88,5,1-7,adjust,0.0033685518082712373,1.0689572838658761e-05,6.667275016123729e-05
88,6,1-7,adjust,-0.0009189902282293477,-5.607180670461857e-05,4.907857058951663e-05
88,9,1-8,adjust,0.00020163296240995738,-7.616826212192102e-07,0.00021923016530498427
89,2,1-4,adjust,-0.0032597290284682497,0.00013004954917238885,0.00010692232819383096
89,3,1-4,adjust,0.0005167313686538089,-1.0484566001434184e-05,0.00012355778020998461
89,6,1-5,adjust,0.004452129728731671,0.0001291864991868057,3.209792880305789e-05
89,7,1-4,adjust,0.0033655131965927643,0.0001568734521923269,9.928419728233608e-06
89,8,1-5,adjust,-0.001036662972181264,-2.7870774450926906e-06,3.816495181143875e-05
89,9,1-5,adjust,0.0011965381417871933,-1.3285572886281908e-05,6.13772771574943e-05
90,2,1-7,adjust,-0.0031414034562395163,6.0134701172646045e-05,3.524498651773435e-05
90,3,1-7,adjust,-0.0036516983840056724,-2.1753357105968294e-05,1.8516497878202465e-05
90,4,1-7,adjust,-0.006687493960873934,8.8831774711615e-05,0.00011059225795768576
90,5,1-7,adjust,-0.010433044176815724,-2.8585623898434927e-05,3.8876212441766495e-05
90,6,1-7,adjust,-0.003337634530716045,-2.3794453141361412e-05,0.00013642118627675277
90,9,1-8,adjust,-0.0016693568055951057,-0.00010971198757012341,3.557003458555123e-05
91,2,1-4,adjust,-0.002229772773468068,7.651811302570476e-05,6.34630730269208e-05
91,3,1-4,adjust,-0.004551747187502879,4.673923503953399e-05,5.548835938495961e-05
91,6,1-5,adjust,-0.006385645070502609,-3.4074731786684403e-05,0.00012310082630282975
91,7,1-5,adjust,-0.00231076940475904,-0.0001757861399572288,0.00011793920553327678
91,8,1-5,adjust,-0.009660269417853048,-2.2907601612027126e-05,7.44403111623672e-05
91,9,1-5,adjust,-0.0007388136882971013,5.575950990601219e-05,8.787191411429259e-05
92,2,1-7,adjust,0.009093274401400637,-0.00025503873605013037,8.364833002382441e-06
92,3,1-7,adjust,0.009319718949133748,-5.768437587006913e-05,5.9602494762901496e-05
92,4,1-7,adjust,0.01176852690187476,-0.0001093076007081696,4.1239405263583145e-05
92,5,1-7,adjust,0.020404734231252303,0.0001203842123327086,1.1497489652288866e-05
92,6,1-7,adjust,0.010307613728319868,1.2506781807223029e-05,2.3339041055003633e-05
92,9,1-8,adjust,-0.004341805697159886,-0.00012362688673702503,1.196012128089955e-05
93,2,1-4,adjust,-0.0025750946268993553,2.0117292592198165e-05,7.769103566074705e-05
93,3,1-4,adjust,0.0043642635105524625,-6.666600355240796e-06,8.725938608585533e-05
93,6,1-5,adjust,0.01563957326532333,-7.549313004480772e-05,0.0001059726413200659
93,7,1-4,adjust,0.009697350517832135,2.987889544563268e-05,9.469164675198682e-05
93,8,1-5,adjust,0.017821594601095378,9.15318876064259e-05,8.091395879412517e-05
93,9,1-5,adjust,0.008561672763227423,0.0001884269975551849,8.64309226839161e-05
94,2,1-7,adjust,0.002839023982487171,7.890690516050431e-05,0.00013786478363063748
94,3,1-7,adjust,-0.0016668799651819116,4.980686763318621e-05,9.074307891065883e-05
94,4,1-7,adjust,-0.001749451999572002,8.746092544281196e-07,8.43624885076095e-05
94,5,1-7,adjust,0.007264753728207531,-9.802975448066789e-05,8.875636225163453e-05
94,6,1-7,adjust,-0.008361683397545075,0.00010947917545998423,2.3476695030748934e-06
94,9,1-8,adjust,0.00205704474683003,9.038362752190186e-05,0.00019548035818790478
95,2,1-4,adjust,-0.004155680024230393,-2.0067108874040283e-05,3.01019457216838e-05
95,3,1-4,adjust,-0.00041433472472791096,-0.00010697995746760987,6.409792524465046e-05
95,6,1-5,adjust,0.009491370561701814,-2.117019160998955e-05,0.00019708538033859604
95,7,1-5,adjust,0.01084317058259211,0.00010011274692298357,0.00018231846494924108
95,8,1-5,adjust,-0.0030267261442028554,-5.443989162545614e-05,1.9646413202978762e-05
95,9,1-5,adjust,-0.006919000047033563,-6.855659880919892e-05,6.503141362124218e-05
96,2,1-7,adjust,-0.0030859201047657753,0.00011671081371782921,1.939160291792591e-05
96,3,1-7,adjust,-0.0041353379393402135,4.800470850565184e-05,5.360492667225357e-05
96,4,1-7,adjust,-0.0014840555234913787,3.2649144903792184e-05,7.732586076820312e-05
96,5,1-7,adjust,-0.012831079326266193,-6.689312483006608e-05,3.7264608303659297e-05
96,6,1-7,adjust,-0.0008983631973351584,5.319786634755989e-05,5.9416514734517496e-05
96,9,1-8,adjust,0.0040895281075995415,-1.3464393231400896e-05,6.225469620995844e-05
97,2,1-4,adjust,0.0058537450898937145,-0.00016024839575724006,5.6439417702892856e-05
97,3,1-4,adjust,0.0019653537860763776,6.132887504077971e-05,6.159528372072635e-05
97,6,1-5,adjust,-0.01628669704140126,-1.9337639101330663e-05,1.869878391146689e-05
97,7,1-4,adjust,-0.01235018480844938,-5.540563168817962e-05,6.282943109931115e-05
97,8,1-5,adjust,-0.010741104292191425,-4.829163378144507e-05,6.902680944960453e-05
97,9,1-5,adjust,-0.0044961672838635305,-0.0001599506270502709,0.00010058580509417461
98,2,1-7,adjust,-0.004743031526215104,8.371481675004102e-05,8.115443949673198e-05
98,3,1-7,adjust,0.0010143502745347693,1.110221425930254e-05,1.9789752203351794e-05
98,4,1-7,adjust,0.0003553958466887279,-4.2019326957831074e-06,2.571740635818294e-05
98,5,1-7,adjust,1.2099781412999464e-05,0.00010745394435215423,8.462349091397609e-06
98,6,1-7,adjust,0.00506951909556362,-0.00012438213430238424,0.00010563124254810814
98,9,1-8,adjust,-0.00010773435150704264,3.5402618066274875e-05,6.843542697443677e-05
99,2,1-4,adjust,0.00016605921079491552,-5.9078296991088974e-05,5.340526649367629e-05
99,3,1-5,adjust,-0.003569521336782499,-6.171023116574452e-05,5.61943073376904e-05
99,6,1-5,adjust,0.005725575221173309,-7.768039402869823e-05,6.545227929713227e-05
99,7,1-4,adjust,0.0052752635445522614,4.8220960068276875e-05,5.782299664582557e-05
99,8,1-5,adjust,0.010655507394844652,0.00014358025990748405,8.352487163931846e-05
99,9,1-5,adjust,0.00628712680581485,0.00017994127537126713,9.609218770619025e-05
100,2,1-7,adjust,-0.002313520902489674,0.00011616170953102886,4.563669234714095e-05
100,3,1-7,adjust,0.010425381568115368,-2.7103225155957573e-05,0.00013932069682925783
100,4,1-7,adjust,0.005701258619231576,2.0472740445252316e-05,0.00018255730335691106
100,5,1-7,adjust,0.003018546668234511,-9.848512283791557e-05,0.00014153649766873497
100,6,1-7,adjust,-0.004472406054339749,0.00018503194369367184,8.91652078217426e-05
100,9,1-8,adjust,-0.0009492659062776503,0.0001203068269091602,6.945742144223617e-05
101,2,1-4,adjust,0.004807841877203698,-0.00010428742448303469,8.813165070000793e-06
101,3,1-4,adjust,-0.007202562514538142,-8.807800363098574e-05,7.247503378740006e-05
101,6,1-5,adjust,-6.258768584089814e-05,-7.732408820269072e-05,0.00010826203905259346
101,7,1-4,adjust,-0.001002905695674251,3.3191840377282175e-05,3.993760997751323e-05
101,8,1-5,adjust,-0.0069395244107644015,-0.00013513100829420962,2.2928599613466915e-05
101,9,1-5,adjust,-0.0028404249282877624,-0.00015458601147649997,3.752569746932693e-05
102,2,1-7,adjust,-0.0026414765473049846,8.37593232535446e-05,6.324393628634158e-05
102,3,1-7,adjust,-0.0053922013516000625,0.00017083446247947344,9.655802101176362e-05
102,4,1-7,adjust,-0.01894776033006025,6.968975203411578e-05,1.7906143441841397e-05
102,5,1-7,adjust,-0.006563261470674621,7.833489553195367e-05,2.0265227403696995e-05
102,6,1-7,adjust,-0.0006847885052452395,-1.5327846319113542e-05,2.5885133489771835e-05
102,9,1-8,adjust,-0.0023177661091912474,-0.0001397877255575695,0.0001357964818818164
103,2,1-4,adjust,-0.004403975027155037,9.635466968097623e-05,8.705910266753979e-05
103,3,1-4,adjust,-0.006717771569812648,0.00013718549537500635,0.00016892016160791285
103,6,1-5,adjust,-0.0015501109219030976,-3.5855713156171218e-06,1.905512079984795e-05
103,7,1-4,adjust,-0.009332884799638,-0.00010018015127931943,8.401005921334152e-05
103,8,1-5,adjust,0.0038873589026403328,2.1959921440232476e-05,3.694377636396628e-05
103,9,1-5,adjust,0.0032202993029014915,3.524554423920995e-05,0.00013770489143291264
104,2,1-7,adjust,0.008518263835507729,-0.0002076761946846965,4.728517944588728e-05
104,3,1-7,adjust,0.017389653816840576,-0.00035251194565819337,3.4405001416702496e-05
104,4,1-7,adjust,0.00733192080566768,1.7409226029327137e-05,8.268593465387418e-05
104,5,1-7,adjust,0.0002311060734608956,5.2726354537387014e-05,6.228502602220558e-06
104,6,1-7,adjust,-0.00614978702640572,1.9331288876943374e-05,5.93902617178702e-05
104,9,1-8,adjust,0.0001944155281633373,3.6282181918225034e-05,0.00020851245347934752
105,2,1-4,adjust,-0.008861736642445597,0.00021555460468464019,5.485032831581833e-05
105,3,1-5,adjust,-0.011172968235287292,0.0001599044551582058,6.869063816391042e-05
105,6,1-5,adjust,0.009607382402678822,-4.810936995250081e-05,3.9512037634739865e-05
105,7,1-4,adjust,0.020021895349430333,8.323721918176925e-05,9.72721980767205e-05
105,8,1-5,adjust,0.0025075856772917133,6.238632074392322e-05,9.67391679359198e-06
105,9,1-5,adjust,-0.0014125972738992403,6.795098298277006e-05,4.8962047961923166e-05
106,2,1-7,adjust,0.006223898251742573,-0.00016268447325511618,4.265749647206046e-05
106,3,1-7,adjust,0.0025885533544413556,1.3951637138039462e-05,7.754090736448832e-05
106,4,1-7,adjust,0.008763158614815426,-0.0001434249684318002,5.9045481073596853e-05
106,5,1-7,adjust,0.004006398353637576,-0.00017220328910142222,0.00010434971261541793
106,6,1-7,adjust,0.011494567965498751,7.914654388416879e-05,0.00017814476821515022
106,9,1-8,adjust,0.00385201625009853,-4.7332804383283025e-05,6.980215406649363e-05
107,2,1-4,adjust,0.0005814437615458094,-9.027001058867095e-05,1.402302675683339e-06
107,3,1-4,adjust,0.008506069755263641,-3.881033646063376e-06,4.5177129333253496e-05
107,6,1-5,adjust,-0.01590752296780458,-3.531523667375409e-05,2.178901931205283e-05
107,7,1-4,adjust,-0.016818733598125038,-4.147847009177514e-06,1.2555005119745854e-05
107,8,1-5,adjust,-0.007992870750064046,-0.00011414446485285735,2.7902106591812144e-05
107,9,1-5,adjust,-0.005543236258803894,-9.06002482158237e-05,4.45151338600639e-05
108,2,1-7,adjust,-0.006708387136017239,0.000159381581593755,0.00012670102922787796
108,3,1-7,adjust,-0.005888897018900083,6.409069624926814e-05,5.1714348333756465e-05
108,4,1-7,adjust,-0.008251955038938568,0.00010838227005140335,5.710322819471668e-05
108,5,1-7,adjust,-0.006750144525234728,0.00016304705296990316,0.00011667324606720051
108,6,1-7,adjust,-0.0009208871832192821,0.00010400866796078518,3.1158949547676696e-05
108,9,1-8,adjust,-0.0033867236578341343,-1.9028218211013768e-06,0.00010413925082567519
109,2,1-4,adjust,0.0031113349137540684,8.90426716143546e-05,4.422867591249522e-05
109,3,1-4,adjust,-0.005555326285194794,-6.562356399036074e-06,4.863864811712043e-05
109,6,1-5,adjust,0.0016997687774529347,-0.00011828381873434851,7.288066549731086e-05
109,7,1-4,adjust,0.0034791895965447144,-3.827814349158264e-05,2.1972935793666175e-05
109,8,1-5,adjust,0.006111970614010542,2.8288632568514656e-05,5.8126058539862653e-05
109,9,1-5,adjust,0.0071689748403448985,0.00016342661565512642,8.43276093634112e-07
110,2,1-7,adjust,0.001510267404608281,-0.00013848141325797556,8.387180970778232e-05
110,3,1-7,adjust,0.010370652434989044,-0.00012249686117505215,5.2039090189860504e-05
110,4,1-7,adjust,0.008281930679063475,-0.00010125031717381081,3.0670717493249875e-05
110,5,1-7,adjust,0.009331387301359354,-2.9853150885641716e-05,1.4730104896878706e-05
110,6,1-7,adjust,0.0012355558809350633,-1.6716497376282207e-05,2.688030538498369e-05
110,9,1-8,adjust,-0.003246269688474269,-0.00012559024746404925,3.443226367752863e-05
111,2,1-4,adjust,0.0063585976275882476,-0.0001546396728185341,0.00019322507265097068
111,3,1-4,adjust,-0.003291405085166193,-5.0596783125596795e-05,6.628985575051653e-05
111,6,1-5,adjust,0.005261379842746055,-6.288832549150626e-06,1.583287627343173e-05
111,7,1-4,adjust,-0.00020376698831634361,2.5450424736552693e-05,3.474603113827659e-05
111,8,1-5,adjust,-0.0018702433537897947,4.1653778961421966e-05,1.6735625271690556e-05
111,9,1-5,adjust,0.0035728802820946025,6.16753999738198e-05,5.411060398624616e-05
112,2,1-7,adjust,-0.006424023961696012,0.0001407525741120687,1.8872516916667837e-05
112,3,1-7,adjust,-0.0083821238008744,0.00011285406683398213,3.700531185229386e-05
112,4,1-7,adjust,-0.013556268178701055,0.00017728394538649023,7.797683110139096e-06
112,5,1-7,adjust,-0.008422605347557935,-1.2768089167244125e-05,2.6646959089186984e-05
112,6,1-7,adjust,-0.001932552790435196,0.0001371326958454052,5.100848443317986e-05
112,9,1-8,adjust,-0.002818747281432133,7.239262171821514e-05,4.5366433308083376e-05
113,2,1-4,adjust,-0.004845728257449127,0.00017924950783080852,9.885541059535574e-05
113,3,1-4,adjust,-0.0036366326905201457,0.00014012412596901583,9.482888441538051e-05
113,6,1-5,adjust,-0.007090282610236295,-0.0001250099830159331,5.579661828413844e-05
113,7,1-4,adjust,0.007041934753762203,2.3853040320901718e-05,8.843426272887895e-05
113,8,1-5,adjust,0.0011446718765706664,-3.223076601092071e-05,0.0001447730505764529
113,9,1-5,adjust,0.0008945495120394975,-5.4171463944750625e-05,8.493420528114607e-05
114,2,1-7,adjust,0.0036845189641647336,-4.4475943133400543e-05,1.7190168236830926e-05
114,3,1-7,adjust,0.004180526104988929,-0.00011175186356245537,1.869398737615638e-05
114,4,1-7,adjust,0.016319018889179773,-0.00012039091628596962,3.6129165552857616e-05
114,5,1-7,adjust,0.0022657825693896223,-0.0001403606713726713,1.478469320467755e-05
114,6,1-7,adjust,0.011678551059835715,9.045705289587178e-05,6.1538134427118275e-06
114,9,1-8,adjust,0.0002384587514133337,-3.0856894233798505e-05,8.660043098582952e-05
115,2,1-4,adjust,0.0041852491285953655,-0.00017469661809502878,4.483848987852791e-05
115,3,1-4,adjust,0.010448930348813631,-9.641614800162226e-05,7.7021258738609e-05
115,6,1-5,adjust,-0.013066023247908664,-1.56384435208952e-05,0.00010636218251313539
115,7,1-5,adjust,-0.012428335739060006,-0.00013376626520049032,0.00017087480944570694
115,8,1-5,adjust,-0.009492720449985751,-4.4242906776435535e-05,9.633643491244569e-05
115,9,1-5,adjust,-0.0027671906735900415,-3.719972114335059e-05,8.72187806023843e-05
116,2,1-7,adjust,0.003719192079419462,-0.00011386032217104418,7.119848094855681e-05
116,3,1-7,adjust,0.006311310608396138,-5.126322213366202e-05,3.35743517089712e-05
116,4,1-7,adjust,-0.0012977918632340886,-5.974901334441377e-05,1.2202321461133667e-05
116,5,1-7,adjust,0.007349954930016246,0.00021304514805575326,2.0114504109227402e-05
116,6,1-7,adjust,0.004541051004201314,-1.2544645179338046e-05,4.0247377280544435e-05
116,9,1-8,adjust,-0.00277738372062214,-0.00013576491384262863,8.916819124242435e-05
117,2,1-4,adjust,-0.004196322396105562,5.619828868880278e-05,0.00013667364486808227
117,3,1-4,adjust,-0.004856033958376897,3.542828199517133e-05,0.0001406318024090617
117,6,1-5,adjust,0.009281226912591473,-4.117663003456372e-05,9.973087049673845e-05
117,7,1-5,adjust,0.01499106495826074,0.00021343433389191398,0.00014204154488431023
117,8,1-5,adjust,0.01488508428159061,0.00011943180160143215,8.95113830470308e-05
117,9,1-5,adjust,0.007764214915084482,0.0002887357562334593,0.00017114539718349084
118,2,1-7,adjust,-0.007970428350044424,0.0002803280158877234,3.6246765176165923e-05
118,3,1-7,adjust,-0.020530452580706005,0.00025396730128163773,2.6868333730890605e-06
118,4,1-7,adjust,-0.011264688101568188,0.00011582905136923377,5.0353169467450885e-06
118,5,1-7,adjust,-0.005343755363123099,-1.9565532974192178e-05,4.004526510667034e-05
118,6,1-7,adjust,-0.0016623965421961608,5.94107559847296e-05,3.5986197014739496e-06
118,9,1-8,adjust,0.0015600707063081296,-5.1731471565734144e-05,4.990373156254581e-06
119,2,1-4,adjust,0.0039074867909322485,-4.74553482112225e-05,6.390214116580723e-05
119,3,1-5,adjust,0.01027010991508332,-0.00010163016418329892,2.3255492328382262e-05
119,6,1-5,adjust,-0.002265121630323368,-5.131519816437457e-05,4.748726312606947e-05
119,7,1-4,adjust,-0.0026082951057020223,-0.00011146075863751175,4.572881636164124e-05
119,8,1-5,adjust,-0.004935538357444268,-3.900630100633818e-05,4.5879639368793e-05
119,9,1-5,adjust,-0.0002588115713521619,3.7035272364746113e-05,4.021404466280558e-05
120,2,1-7,adjust,-0.0008018002860641678,-0.0001070310400527321,1.5668855383702827e-05
120,3,1-7,adjust,0.0017680735595787499,-8.867870801742662e-05,3.5155647630823943e-06
120,4,1-7,adjust,0.013660340444884293,-9.18382823282124e-05,1.766098162762804e-05
120,5,1-7,adjust,0.00803256585319961,-0.00010430180961039719,5.2280624537854586e-05
120,6,1-7,adjust,0.001488676553662398,6.085007860188321e-05,5.9373418658779745e-05
120,9,1-8,adjust,-0.0038546064960509724,-3.891548912786961e-05,6.183188043890726e-05
121,2,1-4,adjust,0.005051538042305191,-7.055058059171222e-05,2.3822053776560638e-05
121,3,1-5,adjust,0.009657938308881868,-1.0568459122333384e-05,2.3799348157507815e-05
121,6,1-5,adjust,0.00034720199034480426,-3.852195110850301e-05,1.547489250179667e-05
121,7,1-4,adjust,-0.009998711990244064,6.805257591086378e-05,7.799141438882935e-05
121,8,1-5,adjust,-0.00038267254431076863,9.584207479148471e-05,8.386352381074052e-05
121,9,1-5,adjust,0.0011357185047785124,-9.462743244158962e-05,2.377996631898123e-05
122,2,1-7,adjust,-0.0027061132534755604,0.00012371342903449046,4.6854385222655054e-05
122,3,1-7,adjust,-0.02050360554824496,0.0001605038971906407,5.101576621376705e-05
122,4,1-7,adjust,-0.019714207021845943,2.333877311913039e-05,7.200739247050053e-05
122,5,1-7,adjust,-0.011688798818864317,2.2284078790393154e-05,4.74901808719348e-06
122,6,1-7,adjust,-0.012392764412021496,6.071244984839033e-06,5.888866424844697e-05
122,9,1-8,adjust,0.001265528206402377,6.717673634872777e-05,8.032356698800576e-05
123,2,1-4,adjust,-0.0023270047340547173,8.021954777654325e-05,8.82483109184981e-05
123,3,1-4,adjust,0.005567948515690035,-1.700997209156332e-05,0.00014242985237371473
123,6,1-5,adjust,-0.0009828013420774989,2.6742892051887313e-05,0.00013818301283616806
123,7,1-4,adjust,0.0019535912835270592,-0.00011670614962611117,3.650197307839897e-06
123,8,1-5,adjust,1.7382055979373264e-05,-0.00014349546479478834,1.3993796696321024e-05
123,9,1-5,adjust,-0.0006014854103796902,1.634383257045907e-05,2.3457089877379755e-05
124,2,1-7,adjust,0.002224921797018409,-0.00013220885530759654,6.042682504335624e-06
124,3,1-7,adjust,0.011371328901569182,-0.00016379529141520642,2.0109803515989734e-05
124,4,1-7,adjust,0.02018363234041536,-2.623952299774269e-05,2.6785368151741806e-06
124,5,1-7,adjust,0.00582007270571683,1.6997441557402062e-05,2.4601599603245114e-05
124,6,1-7,adjust,0.008345989941932815,1.896669512492197e-05,0.00011267485202637488
124,9,1-8,adjust,-0.004152434879765905,-5.7665272876086464e-05,3.6082521983489436e-05
125,2,1-4,adjust,0.006006274516280027,-0.00013468055536979904,9.052862537640145e-05
125,3,1-4,adjust,0.001740942820876352,-5.510971721051456e-05,0.00015195865862047654
125,6,1-5,adjust,-0.0018781122027283243,-2.0798693253935093e-05,4.2359335921626816e-07
125,7,1-4,adjust,-0.00047524941245755326,6.180089268598623e-05,6.681844401394409e-06
125,8,1-5,adjust,0.0031735795888165916,2.0700063458550045e-05,8.012207370916009e-05
125,9,1-5,adjust,0.0009770134157641654,1.2637616154933613e-05,2.4216529415978582e-05
126,2,1-7,adjust,-0.007333393343735058,0.00019102318662280414,6.596316885512093e-05
126,3,1-7,adjust,-0.009817406869825105,0.0001732304034002102,2.028452458621104e-05
126,4,1-7,adjust,-0.008853203886124903,7.799120870323378e-05,6.696451606892677e-05
126,5,1-7,adjust,-0.009361923390447282,-3.49521605339888e-05,2.69783129057661e-05
126,6,1-7,adjust,-0.003536949708971678,-2.1248877741029928e-05,5.866836239028856e-05
126,9,1-8,adjust,0.0029491546171632015,3.8059022027589675e-05,6.099358066948634e-05
127,2,1-4,adjust,0.0014511228344363648,-7.928093541301723e-05,4.833664245831677e-06
127,3,1-5,adjust,0.00273573259197903,-2.662550656992905e-06,2.4621455184429537e-05
127,6,1-5,adjust,-0.005718400723963046,4.456763970430819e-05,0.00012093753164147832
127,7,1-5,adjust,-0.005523990066813539,-5.659293494267669e-05,0.00012134995222651455
127,8,1-5,adjust,-0.008312801878092697,-9.447916115905743e-05,0.00011785999849691942
127,9,1-5,adjust,-0.0008528831583244552,-0.00011331586082264785,3.5719426902839666e-05
128,2,1-7,adjust,0.0015275400627630007,-2.6242378085068016e-06,0.00014231984413072633
128,3,1-7,adjust,0.0023930609869334688,-4.2028239609764835e-05,1.4168034226646e-05
128,4,1-7,adjust,0.0044290087920577335,-3.636840818163333e-05,9.328335877888894e-05
128,5,1-7,adjust,0.0032282066094329385,-4.140577033983569e-05,0.00011247390390857252
128,6,1-7,adjust,0.004996373453664154,-2.711067335053735e-06,0.00015707091957088668
128,9,1-8,adjust,-0.004203546461385318,-8.718753807356329e-05,1.5256887982545756e-05
129,2,1-4,adjust,0.0004911168476564011,-1.5500990746955417e-05,6.110525502670167e-05
129,3,1-5,adjust,0.0032728480427254383,-1.2411388498458444e-05,2.350628792882494e-05
129,6,1-5,adjust,-0.0031969225574447415,-7.482804584758283e-05,0.00011004351830341926
129,7,1-5,adjust,0.0018243283219534622,5.5262985173840504e-05,7.229270173957753e-05
129,8,1-5,adjust,-0.001982031527097856,8.391626227466884e-05,0.00012101634417080727
129,9,1-5,adjust,0.001957133478254026,4.031502973187908e-05,3.823145135429176e-05
130,2,1-7,adjust,-0.0018561065875177228,0.0001083724540251866,4.759742931576453e-05
130,3,1-7,adjust,-0.007950700074882123,3.127588598339691e-05,5.327357258746923e-05
130,4,1-7,adjust,-0.01242518675373699,9.260005522068396e-05,0.00011940153654328095
130,5,1-7,adjust,-0.0032431718552103236,9.781805464347595e-05,7.298849792869147e-05
130,6,1-7,adjust,0.001367942976796731,1.1214892749613174e-05,6.995014849983842e-05
130,9,1-8,adjust,-0.004227161564073197,8.950403277529969e-06,0.000102955744092227
131,2,1-4,adjust,-0.0016218395773987615,-4.8608058920109275e-06,1.189589515843906e-05
131,3,1-4,adjust,-0.00256747758156501,9.581415967794533e-05,8.315817071807175e-05
131,6,1-5,adjust,0.00132133018455416,-1.7915010446024156e-05,8.819194627558427e-05
131,7,1-5,adjust,0.0026400290298225697,-2.9388867497871356e-05,7.109398130165473e-05
131,8,1-5,adjust,0.002562373992905514,5.7972108164483616e-05,2.1748555914483906e-05
131,9,1-5,adjust,0.00901416220821954,0.00017256286496980115,4.326283782849123e-05
132,2,1-7,adjust,0.004761883008732786,-0.00015631493972482116,4.991481090596215e-06
132,3,1-7,adjust,0.008723093176504276,-6.96350430357521e-05,1.6620428455960106e-05
132,4,1-7,adjust,-0.0010613349880668837,-8.879599053063488e-06,9.721771551296027e-06
132,5,1-7,adjust,0.006499336246307045,2.7629136289390485e-05,8.107982537327843e-05
132,6,1-7,adjust,0.004985442646165392,6.550820434315754e-05,4.751035085162136e-05
132,9,1-8,adjust,-0.004332315520338316,-8.27007449054211e-05,6.170944524009165e-05
133,2,1-4,adjust,-0.00615732306136117,0.00014807744790725654,7.5138446884436516e-06
133,3,1-4,adjust,-0.013195169393260438,1.045702969575817e-05,0.0001292345513160745
133,6,1-5,adjust,0.000822728071002508,-7.175987838624952e-05,8.914201377231474e-06
133,7,1-4,adjust,0.004910511997672793,6.955778764144124e-05,2.17080581912298e-05
133,8,1-5,adjust,0.003397688837828398,-3.461011801535761e-05,4.738773880819932e-05
133,9,1-5,adjust,0.0011448971540548472,9.786838816856083e-05,2.3877979625077006e-05
134,2,1-7,adjust,0.004427505272614571,-0.00011204307525522805,3.560227199870505e-05
134,3,1-7,adjust,0.0032543279851852264,5.750427888439199e-05,0.00012422573458133974
134,4,1-7,adjust,-0.0017763752196096124,-1.6576895979796068e-05,5.9951800941965985e-05
134,5,1-7,adjust,4.729489691502972e-05,-3.673551817133799e-06,5.149868223565198e-06
134,6,1-7,adjust,-8.991783501363854e-05,9.701746582260312e-05,4.948823721190645e-05
134,9,1-8,adjust,0.000190937785550738,-6.395020341820717e-05,8.095153159259747e-05
135,2,1-4,adjust,-0.005632612739666564,0.00010441122808386434,8.827859683947447e-05
135,3,1-4,adjust,8.073971125196076e-05,-1.1773753630808765e-05,0.00013533605205987177
135,6,1-5,adjust,0.0005868069244095288,-5.7352493544093366e-05,8.64328583332847e-06
135,7,1-4,adjust,0.0012642298593170702,-8.718680773552788e-05,2.463378004802041e-05
135,8,1-5,adjust,0.006799731549254864,2.484938459808639e-05,6.1653671900447946e-06
135,9,1-5,adjust,-0.0002377830946566709,2.556222799971037e-05,2.6722644221162984e-05
136,2,1-7,adjust,0.00408533378259106,-9.097614171137045e-05,9.511261579348312e-05
136,3,1-7,adjust,0.007973447928726682,-0.0002369342202144464,0.00010299833865839876
136,4,1-7,adjust,0.011229622579698726,-8.309357949875039e-05,4.8635358735784626e-05
136,5,1-7,adjust,0.00943988901723488,-6.16570551019579e-05,1.4780998200082681e-05
136,6,1-7,adjust,0.005088130467233277,4.122821817247382e-06,4.003189373162737e-06
136,9,1-8,adjust,0.0025400481998863905,0.00013731711994022087,0.0001262800363256517
137,2,1-4,adjust,-0.000357467364729523,-2.2517220695370183e-06,5.32086476107721e-05
137,3,1-4,adjust,-0.0009396528052323343,0.00013931571420057308,9.560537380520804e-05
137,6,1-5,adjust,0.0008506983468282359,-2.044739244575791e-05,4.9515923238487575e-05
137,7,1-4,adjust,0.0003220217416877639,0.00012783038514133693,6.312239209187008e-06
137,8,1-5,adjust,-0.004247910672225432,-1.7842954404706863e-05,8.384413785821154e-06
137,9,1-5,adjust,-0.0019448456967214637,-0.00022956744592734482,1.1607947118862847e-05
138,2,1-7,adjust,0.001435799238278446,0.0001387814961529407,2.3690288916860357e-06
138,3,1-7,adjust,-0.0028518172828386657,4.814694822584786e-05,5.3288243872067826e-05
138,4,1-7,adjust,-0.000983892207556583,6.639117029126393e-05,2.7574669905910987e-06
138,5,1-7,adjust,-0.01373323245416314,8.904988147626854e-05,5.592327627988045e-05
138,6,1-7,adjust,-0.008895456106989942,3.3271118079056055e-05,5.1945745083574216e-05
138,9,1-8,adjust,0.0006690597301152261,9.902668236859912e-05,5.275846243054858e-05
139,2,1-4,adjust,-0.0008558345503418635,-5.1730727411941406e-05,9.234670704950015e-05
139,3,1-4,adjust,0.0017270798052163195,-5.023175411657353e-05,5.537353705366501e-05
139,6,1-5,adjust,0.0027874553121274,-9.797499834271782e-05,9.572670297742124e-05
139,7,1-4,adjust,-0.004878721322387181,-0.00012942290481014542,6.332146847093019e-05
139,8,1-5,adjust,-0.0021422194250838933,0.0001189166828528899,5.194497039198384e-05
139,9,1-5,adjust,0.0011597431621078122,-2.7828193444428938e-05,7.2805169536276345e-06
140,2,1-7,adjust,0.0033936397895662895,-9.358911122172657e-05,0.00011907820232741596
140,3,1-7,adjust,0.005200062242132061,-3.543716962245613e-05,0.00013228766173552714
140,4,1-7,adjust,-0.0008285813335630581,-5.1428677715198146e-05,0.00012308731178566537
140,5,1-7,adjust,0.0027493623842785955,1.9306054225891284e-07,1.6853661939548346e-05
140,6,1-7,adjust,-0.001202203164256722,9.39301574646843e-05,0.00017972363556563516
140,9,1-8,adjust,-0.0008050942452030386,3.2629760983380906e-05,0.00010416738885982716
141,2,1-4,adjust,-0.004786270151617136,-1.3089251249375027e-05,0.00011298066169480421
141,3,1-4,adjust,-0.004752787161765921,-6.092471768906272e-05,0.00012602467648180398
141,6,1-5,adjust,0.0010547643501060433,-4.4642098379897846e-05,3.2752690759587985e-05
141,7,1-4,adjust,0.0012558106027695816,4.514520418274575e-06,4.8794213799304806e-05
141,8,1-5,adjust,0.006375623016216917,-5.481071038034823e-05,7.016272931300808e-05
141,9,1-5,adjust,0.002499417611250269,9.215414718942715e-05,0.00013781331670530852
142,2,1-7,adjust,0.0036933170087214058,-0.00010112650066359959,9.175891191069206e-05
142,3,1-7,adjust,0.002543227855830395,5.385562843416753e-05,5.827255870925225e-05
142,4,1-7,adjust,-0.004990356170230709,-3.661277670813663e-06,9.870252752241242e-05
142,5,1-7,adjust,0.0011288046351132371,-7.021398675321886e-05,1.1608121492109695e-05
142,6,1-7,adjust,0.0009143692015264867,6.0889696893945315e-05,4.163506273817688e-05
142,9,1-8,adjust,-0.0008316983253669716,8.210796655764622e-06,0.00024015517352192988
143,2,1-4,adjust,-0.0041401361763234255,0.00016739604638981868,1.7874590776198153e-05
143,3,1-5,adjust,-0.003017525695589365,0.00010003030805959856,2.0905685860943072e-05
143,6,1-5,adjust,-0.004567701024371605,-8.962936511017654e-06,4.446450663364936e-06
143,7,1-4,adjust,-0.006565334643106148,2.983634612839579e-05,6.615154725211575e-05
143,8,1-5,adjust,-0.001338836318920241,-9.359601563487361e-05,5.8186065956595994e-05
143,9,1-5,adjust,-0.0058944302839067635,-0.00014292946029126309,3.188420235079934e-05
144,2,1-7,adjust,0.00043606114576644016,0.00014641609030571214,8.232665953542802e-05
144,3,1-7,adjust,0.00011571462145916493,-0.00015640502893593915,6.357610696833579e-06
144,4,1-7,adjust,0.0023569639009796924,4.566499996711033e-05,7.291088706991444e-05
144,5,1-7,adjust,-0.011112430545173187,2.5021447630820977e-05,0.00011433160004369496
144,6,1-7,adjust,-0.007805898602078856,-0.00012278729839005836,0.00013912402153996097
144,9,1-8,adjust,0.003362067880845883,4.141330085222122e-05,8.96935201534854e-05
145,2,1-4,adjust,-0.0012965583155007884,-9.309146443684722e-05,5.317279726942958e-05
145,3,1-4,adjust,-0.0014854147801646484,0.0001433381415134281,0.00011363237050533956
145,6,1-5,adjust,0.0016439448209078472,7.123361450985033e-05,0.0001354200073016704
145,7,1-5,adjust,0.0029942848008844163,-6.748620750832283e-05,8.156452093262015e-05
145,8,1-5,adjust,-0.006955669035343387,4.967618430594382e-06,4.3418025830708446e-05
145,9,1-5,adjust,0.0016612826666091457,2.1963427654359736e-05,2.7417087540950775e-05
146,2,1-7,adjust,0.005168062791736372,-8.402502217804566e-05,1.3640354140276337e-05
146,3,1-7,adjust,0.005761485241000228,5.842799432157221e-07,4.808297422996948e-06
146,4,1-7,adjust,0.011195177693460987,-5.212313916282597e-05,5.201525239572662e-06
146,5,1-7,adjust,0.013915886018132415,-6.480555450476521e-05,4.761445518985995e-06
146,6,1-7,adjust,0.007673322143201886,-4.6815939968589636e-05,3.017233785345156e-05
146,9,1-8,adjust,-0.003707843596902779,-0.00010022641572182602,3.7510849385471766e-05
147,2,1-4,adjust,0.0013585097068913017,-4.497056917421625e-05,3.828992736966072e-05
147,3,1-4,adjust,0.0017009051881970018,-8.184497005808644e-05,5.287962425952999e-05
147,6,1-5,adjust,0.001665000654194155,7.991938962798766e-05,9.960644830920029e-05
147,7,1-4,adjust,0.007055842191080992,8.00368214282381e-05,8.446593473286102e-05
147,8,1-5,adjust,-8.009826516581497e-05,1.9455985184886605e-06,8.775090874423764e-06
147,9,1-5,adjust,-0.00022679071455912437,2.8283623584832232e-05,1.5412013611785643e-05
148,2,1-7,adjust,-0.0041222479241228545,7.44254614108846e-05,4.6380101196498155e-05
148,3,1-7,adjust,-0.006860998630348456,-3.1338831483083805e-05,1.0495039706252233e-05
148,4,1-7,adjust,-0.01081644175168492,8.596119812511665e-05,5.276842785773505e-06
148,5,1-7,adjust,0.006602165191175808,7.941276496431939e-05,2.678554338940845e-05
148,6,1-7,adjust,-0.0001983980890147634,-1.040918830390756e-05,2.638591394398116e-05
148,9,1-8,adjust,3.663119556504153e-05,-9.212247837215242e-05,0.0001100038013551121
149,2,1-4,adjust,-0.003271193447748621,5.696439643091727e-05,8.084687663444114e-05
149,3,1-4,adjust,-0.00025560647420208024,8.018547614485772e-05,9.165117089163737e-05
149,6,1-5,adjust,0.007103689633182565,4.397696057633515e-05,5.446078848177066e-05
149,7,1-4,adjust,0.005023716799552309,6.051457565865664e-05,2.1349831013253404e-05
149,8,1-5,adjust,0.003207040938192874,8.243620295215581e-05,8.214473545449135e-05
149,9,1-5,adjust,0.0027133329472024863,0.00010270979453670337,2.7244032964837676e-05
150,2,1-7,adjust,-0.0011124082796625978,4.251117582394831e-05,4.5649560149695606e-05
150,3,1-7,adjust,-0.00558526726515943,1.8916788213142596e-05,6.019485221702406e-06
150,4,1-7,adjust,0.0015412536192284778,-0.00010586050474348565,9.070417009072169e-05
150,5,1-7,adjust,-0.008370728964068038,-4.0839348417808195e-05,4.07461615858382e-05
150,6,1-7,adjust,-0.002221195469696465,-3.2933235164127014e-05,6.313086679082079e-05
150,9,1-8,adjust,-0.00015025296799014905,3.1450695958853256e-05,7.44319729917321e-05
151,2,1-4,adjust,0.0072049926187953035,-0.00015863498274694545,6.0218010518607624e-05
151,3,1-5,adjust,0.006233201671094515,-2.7292823248802447e-05,1.0727793951980241e-05
151,6,1-5,adjust,-0.006113051416941298,5.004005289706205e-05,2.635917009319138e-05
151,7,1-4,adjust,-0.014440307434764831,-8.98807749698345e-05,8.781214674228939e-05
151,8,1-5,adjust,-0.0021066699550180298,-7.41584357123595e-05,1.0567636926221895e-05
151,9,1-5,adjust,-0.003949435027060291,-0.00010422641996660978,3.5739246337052866e-05
152,2,1-7,adjust,-0.0025330830474523686,3.260302299466519e-05,2.344348561322322e-05
152,3,1-7,adjust,-0.005048060822377429,-3.516715768112486e-05,4.2488327358522645e-05
152,4,1-7,adjust,-0.008338523602661095,9.558886204373715e-05,8.64097193081201e-05
152,5,1-7,adjust,-0.005339007157815103,-4.33948993590756e-05,5.653845094546497e-05
152,6,1-7,adjust,-0.006682062843957236,-0.00014459435267110966,7.441248922865153e-05
152,9,1-8,adjust,0.002550044329534066,3.388746388432232e-05,2.840086344695778e-05
153,2,1-4,adjust,-0.00576305490237253,0.00010148949077360858,0.00017017593571765636
153,3,1-4,adjust,-0.0032340212881823245,9.123342252427243e-05,8.646850555352088e-05
153,6,1-5,adjust,0.0021901354630739864,0.0001410703991532373,2.6340534534721853e-05
153,7,1-5,adjust,-0.0008808820887766486,2.2839544403023852e-06,8.219231425453463e-05
153,8,1-5,adjust,0.0007295291614104551,2.485624918424451e-05,0.00011566321495042976
153,9,1-5,adjust,-0.002724100562492918,-1.1478526155469313e-05,9.417428443865081e-05
154,2,1-7,adjust,0.010237662345754881,-0.00017598208545886086,6.10589930113814e-05
154,3,1-7,adjust,0.006407021540714785,-4.151548578498217e-05,8.000038547446347e-06
154,4,1-7,adjust,0.010156989962844113,-3.939115677052326e-05,1.2083239378040704e-05
154,5,1-7,adjust,0.0006849209457677245,7.673931830253145e-05,4.602779950298318e-05
154,6,1-7,adjust,-0.0019157282228673598,-0.00012169680528999434,2.6783392616217055e-05
154,9,1-8,adjust,0.003339435858340645,7.207472352740081e-05,0.00011932964613986338
155,2,1-4,adjust,-0.004596588316449563,0.00011475155833290484,3.150041863520084e-06
155,3,1-5,adjust,0.003981331403911178,5.733035625402669e-05,5.773247959086126e-06
155,6,1-5,adjust,0.004929980844463594,0.00010832396537322106,0.00013719532947051113
155,7,1-4,adjust,0.005980816253106363,-1.1539880862940261e-05,3.129778332131497e-05
155,8,1-5,adjust,0.0027822512032806847,-5.382346268308103e-06,7.301049115798162e-05
155,9,1-5,adjust,0.0017112989547086684,2.7132802442049888e-05,4.659233534056673e-05
156,2,1-7,adjust,0.003624881801928972,-9.21804215860359e-05,9.739192598902706e-05
156,3,1-7,adjust,0.0008248065535064852,-8.976164395576208e-05,2.5025572220459796e-05
156,4,1-7,adjust,-0.0007890547822467661,4.0667325796114705e-05,7.40361948659725e-06
156,5,1-7,adjust,0.006281300014142613,-7.726663695203639e-05,5.2433471171760703e-05
156,6,1-7,adjust,0.0027145514345533655,-1.1427981262097469e-05,2.1831104083862302e-05
156,9,1-8,adjust,-0.0020252932816764396,-3.3902979701998064e-05,7.595307575387944e-07
157,2,1-4,adjust,-0.005595276571385979,0.00015830411450348063,0.0001581664758721526
157,3,1-5,adjust,-0.0026501592393930354,1.3005038249848274e-05,2.9587539975656866e-05
157,6,1-5,adjust,-0.0014224058776417343,1.8246073229699155e-07,2.7232257226045032e-05
157,7,1-5,adjust,-0.0021662613219376255,-3.748374706885644e-05,9.977272728465578e-05
157,8,1-5,adjust,0.0004431711704264167,4.290734437115137e-06,0.00011865924619819835
157,9,1-5,adjust,0.000981858234533026,-2.339404713338124e-05,1.1788410236830745e-05
158,2,1-7,adjust,0.0038611825769794814,-0.00011850706904894845,5.834346101696218e-06
158,3,1-7,adjust,0.0020414564987112148,-1.1796405341343314e-05,3.588223421057682e-05
158,4,1-7,adjust,-0.0025482287928736192,-1.1657309982753384e-05,4.4932529526774963e-05
158,5,1-7,adjust,-0.001298693623088757,5.64120264715447e-05,1.2072073473853189e-05
158,6,1-7,adjust,-0.002045491598347972,-6.869379892935698e-06,1.2642983082087504e-05
158,9,1-8,adjust,0.00020179483959120262,-9.623965702905176e-06,0.00013745477010670848
159,2,1-4,adjust,-0.0038719372686051487,3.832241653646449e-05,2.1817713078703437e-05
159,3,1-5,adjust,-0.0027074776524120565,-2.0861851748150135e-05,6.2952900772858e-05
159,6,1-5,adjust,0.004150851326686783,-4.566916273646188e-05,6.168607997772601e-05
159,7,1-4,adjust,0.004552513239599946,4.134552454933066e-05,1.4540342363328713e-06
159,8,1-5,adjust,-0.0005947104730533038,2.8074488950082807e-05,9.117977608900175e-06
159,9,1-5,adjust,-0.0011440577230203521,4.8618444923735496e-05,6.788893191349326e-05
160,2,1-7,adjust,0.003717731670205874,-5.497935222801788e-05,0.00014616899696358792
160,3,1-7,adjust,-6.674018921714757e-05,-4.705051556015981e-05,5.102183871427038e-06
160,4,1-7,adjust,-0.005128718165091737,-0.00012872449974601726,2.5889703358387587e-05
160,5,1-7,adjust,0.005965844634752231,3.4854211191161796e-05,4.06804364227832e-05
160,6,1-7,adjust,0.0016953892913289794,8.471468379083494e-05,7.744787576441744e-06
160,9,1-8,adjust,0.0020115590294776356,5.884179444636962e-05,2.259396803184909e-05
161,2,1-4,adjust,-0.0030997438992037755,4.851731202794979e-05,1.4762011913923056e-05
161,3,1-4,adjust,-0.003888523707661586,7.421820431142234e-05,0.00010383669925497537
161,6,1-5,adjust,0.00560918360365517,3.25165954920424e-05,0.00029727982648283216
161,7,1-5,adjust,0.005658755093505176,0.00014248535794599942,0.00012041208845669307
161,8,1-5,adjust,0.0005949229712302596,5.943070406281646e-05,9.200133331520386e-05
161,9,1-5,adjust,0.00012543584149084824,1.698021241867918e-05,0.00014973983757731048
162,2,1-7,adjust,-0.00042004737372741387,8.306113828578051e-05,1.4313263645869505e-05
162,3,1-7,adjust,-0.0010476279858459673,-1.0911302522446319e-05,0.00010160957122816764
162,4,1-7,adjust,-0.0010148572959813654,6.977729864226254e-05,0.00010265664816228096
162,5,1-7,adjust,-0.002606875138217768,-4.519579887968231e-05,2.7104654977423524e-05
162,6,1-7,adjust,-0.003764172162961319,-6.870652455135052e-05,5.671769254200893e-05
162,9,1-8,adjust,0.0003169310509596932,-5.556577749736192e-05,7.998869941545544e-05
163,2,1-4,adjust,-0.0006667301869535799,-6.783131338233717e-05,8.02881704393524e-05
163,3,1-4,adjust,0.0016458556743502903,8.229997622183683e-05,0.00019651090546088027
163,6,1-5,adjust,-0.0003814484283033435,-6.555039859500339e-06,0.00012694868455266221
163,7,1-5,adjust,0.0015743169340313248,-0.00011724084172476836,8.167713883022525e-05
163,8,1-5,adjust,0.0029908407438973463,-1.852076266926175e-05,3.4419640335387304e-05
163,9,1-5,adjust,-0.0007745909063112778,-4.429962231969008e-05,2.7428775954546493e-05
164,2,1-7,adjust,-0.0005007803474769089,5.110200099415153e-05,0.00010485223966888054
164,3,1-7,adjust,0.005591021402670166,-0.00014432447873574886,6.667923311660369e-05
164,4,1-7,adjust,0.0055333522007662604,-5.794660235688529e-05,6.309824603518364e-05
164,5,1-7,adjust,0.005127820300627632,3.6878048211259164e-07,0.00012695941734538392
164,6,1-7,adjust,0.005132124183542919,3.6323352183228514e-05,0.00012153339299581143
164,9,1-8,adjust,0.0031143688756248887,4.8588716280730234e-05,5.9688580131938516e-05
165,2,1-4,adjust,0.005298336902888111,-1.369353811610416e-05,8.374662304646023e-05
165,3,1-4,adjust,-0.0015964451467552119,0.00011627010158108601,0.00014280382717726784
165,6,1-5,adjust,-0.0012749538356154097,-2.9332964859458812e-05,0.00020115613854057633
165,7,1-5,adjust,-0.005551166339705674,0.00011248738680223425,0.00010240096109590125
165,8,1-5,adjust,-0.0010057232774775414,-5.519924840116695e-05,9.703098000365554e-05
165,9,1-5,adjust,-0.0011565498190291837,-1.9620859103419482e-05,0.00013459315443182734
166,2,1-7,adjust,-0.006897486540418252,0.00013019407168140404,0.00010785172685736905
166,3,1-7,adjust,-0.003891753589728605,-7.689096859298666e-05,2.1931887205540927e-05
166,4,1-7,adjust,-0.012633019748362463,0.00012164219076962019,7.969164085976436e-05
166,5,1-7,adjust,-0.016981266758727066,5.625818564094074e-05,1.1428649521302772e-05
166,6,1-7,adjust,-0.008590701618966964,6.161583244251413e-05,0.00015014354025220331
166,9,1-8,adjust,-0.0010950017954771754,5.990361755336745e-05,4.7517850285848986e-05
167,2,1-4,adjust,-0.0009196960382812766,-8.528906722664318e-06,0.00010759696001733144
167,3,1-4,adjust,-0.007100626200070232,0.00017147301885270507,7.701129891474349e-05
167,6,1-5,adjust,-0.0056174720485111,-0.00011917218803862049,8.687193650429953e-05
167,7,1-4,adjust,-0.010308455036887838,-0.00014192476347382816,7.552033966341082e-05
167,8,1-5,adjust,0.001974498715044532,1.2135382438607709e-05,4.4345068888800436e-05
167,9,1-5,adjust,-0.002110930119100028,-8.191306999514743e-05,3.2643507100867034e-05
168,2,1-7,adjust,0.00838507341970906,-0.00023483164008836883,6.548046659630629e-05
168,3,1-7,adjust,0.008414693870211709,-0.00018753044530498648,0.000105979281569213
168,4,1-7,adjust,0.00777279519026277,2.4478572262385958e-05,8.137782091412371e-06
168,5,1-7,adjust,0.0013300614077971671,-6.89908596849355e-05,6.536473693436185e-05
168,6,1-7,adjust,-0.0006621626122610007,-2.210957931202463e-06,0.00010521618201525481
168,9,1-8,adjust,0.0032104534765076184,0.00014420838746432004,0.00021578478899551303
169,2,1-4,adjust,-0.007159131080379459,0.00016348014727114932,0.00017870482785493157
169,3,1-4,adjust,-0.002562783228728879,0.00013532628346361647,8.700884493939897e-05
169,6,1-5,adjust,0.0010088198106231324,-5.838887332327987e-08,9.118196861442432e-05
169,7,1-4,adjust,0.009892448192905204,4.262318689235633e-05,3.387954547273932e-05
169,8,1-5,adjust,-0.008844136772815177,-7.757081440182196e-05,6.605477116540557e-05
169,9,1-5,adjust,-0.004427439937405782,-0.00014406972585984356,9.622559219093788e-05
170,2,1-7,adjust,0.0016396434555788163,6.256547822735488e-06,6.496997903664781e-05
170,3,1-7,adjust,0.007448555960000802,-8.755344629294334e-05,5.6319740001577783e-05
170,4,1-7,adjust,0.010146461717620063,-5.466296931979354e-05,6.067375262802372e-05
170,5,1-7,adjust,0.010016108924659857,6.120935640988865e-05,2.6599834915308992e-05
170,6,1-7,adjust,0.01206496035552104,7.079565858162286e-05,2.5317797930914083e-05
170,9,1-8,adjust,-0.00143864078836719,-6.820838424531431e-05,9.660961070587302e-05
171,2,1-4,adjust,0.0016768628957538993,-0.00016164967499723306,3.11656628303377e-05
171,3,1-5,adjust,-0.002059308762266559,-9.689141867899348e-05,9.69745057253317e-06
171,6,1-5,adjust,-0.0007057756582911533,-4.518700815356214e-05,3.2853898481571395e-05
171,7,1-4,adjust,-0.00485578714037433,-7.042382222968938e-05,5.9036070807003885e-05
171,8,1-5,adjust,0.009179918628278015,6.887020110925122e-05,1.771914279368831e-05
171,9,1-5,adjust,0.004845744306316834,7.310594165564296e-06,1.3042653611308121e-05
172,2,1-7,adjust,0.004956361169048208,-6.139471397409854e-05,0.00020692357444195635
172,3,1-7,adjust,0.002271792574046675,8.987574230791166e-05,1.0403252126701383e-05
172,4,1-7,adjust,0.009478532278664891,-5.861164509019484e-05,3.6437983914714125e-05
172,5,1-7,adjust,0.0013805558935534193,-0.00012639739723661558,5.880394936507738e-06
172,6,1-7,adjust,-0.008009294636847467,1.2963867346186683e-05,9.547509264480211e-05
172,9,1-8,adjust,-0.00034904481493306625,0.00011342842668743984,0.00025136918371454795
173,2,1-4,adjust,-0.00015481965209086185,-8.049380090121646e-08,1.5410470866656053e-05
173,3,1-4,adjust,0.006860316094442088,-0.000169425172364182,8.883546151989084e-05
173,6,1-5,adjust,0.002002680686472422,6.628652530740351e-05,4.952558946671768e-05
173,7,1-5,adjust,-0.0013282192045795745,2.107665954517756e-05,7.42968062586448e-05
173,8,1-5,adjust,-0.012722425077193941,-5.3883940188328144e-05,8.473399273068782e-05
173,9,1-5,adjust,-0.004773842082178077,-0.00011473485514367589,1.929672441005753e-05
174,2,1-7,adjust,0.0007423830286765457,3.649467187051862e-05,9.72050141636582e-06
174,3,1-7,adjust,-0.005731733973742575,0.00021272504396488109,2.1458254968756385e-06
174,4,1-7,adjust,-0.009069774942775928,-1.0744831782879025e-05,1.758293773260508e-05
174,5,1-7,adjust,-0.007380825524556824,6.938322526317524e-05,4.180748814413479e-06
174,6,1-7,adjust,-0.001838074720235387,-8.527308153678723e-05,6.595905159702097e-06
174,9,1-8,adjust,-0.0004938482478127682,-1.2847500075353762e-05,8.15382873355564e-05
175,2,1-4,adjust,-0.003390577856888347,8.597379114721932e-05,2.491278226463058e-05
175,3,1-4,adjust,0.002014684582630089,-9.307811054948837e-05,0.00021977080183548564
175,6,1-5,adjust,0.0014977468042779607,-7.254630945471762e-05,4.909033104484221e-05
175,7,1-4,adjust,0.0030492629259473458,2.970560966564024e-05,8.190286020697332e-05
175,8,1-5,adjust,-0.0028325095223470822,8.38391401762608e-06,5.208681908858307e-06
175,9,1-5,adjust,0.0019271472812031542,2.5121813437098497e-05,2.8113370905177763e-05
176,2,1-7,adjust,-0.003342278258754066,-2.8304264558903134e-05,4.438204988404836e-06
176,3,1-7,adjust,-0.0009317171294919932,5.893142833316855e-05,7.329117943442869e-05
176,4,1-7,adjust,-0.0057542227884500455,-2.7001942878836474e-05,3.9106105009900916e-05
176,5,1-7,adjust,-0.0006788309963791029,-4.5847135406099294e-05,1.0475411744029714e-05
176,6,1-7,adjust,-0.0011161275543969873,4.326517446891393e-05,7.510361469328223e-05
176,9,1-8,adjust,-0.003201358506710134,-0.00014867271187132686,0.00016003516656322832
177,2,1-4,adjust,0.0017867990139795867,9.13567408512614e-05,3.867660648397455e-05
177,3,1-5,adjust,-0.004794914427550023,4.0982733726166745e-06,1.8142109203418752e-05
177,6,1-5,adjust,-0.003999899718562454,2.2779889602919036e-05,5.9009229298041285e-05
177,7,1-4,adjust,-0.0003516727803443137,8.236701628101144e-08,4.860075405459231e-05
177,8,1-5,adjust,0.004006315726200025,1.2569403104028591e-06,2.1236232869410256e-05
177,9,1-5,adjust,0.00036676478408040905,0.00013821639064756953,2.4865513643676647e-05
178,2,1-7,adjust,-0.00016020347465285737,-6.95546488050221e-05,6.551113041983276e-05
178,3,1-7,adjust,0.002999825547018062,-1.9067019074903802e-05,1.576452505578877e-05
178,4,1-7,adjust,-0.0005745263110020731,4.404973107193828e-05,4.8735034458634676e-05
178,5,1-7,adjust,-0.002136219847508864,-1.194812704054303e-05,4.272572479496892e-05
178,6,1-7,adjust,0.00335162607506135,-7.90690187660007e-05,2.242537493248966e-05
178,9,1-8,adjust,0.00039032664108133356,-5.565997339675294e-05,8.077084038463797e-06
179,2,1-4,adjust,-0.00029890856490106214,-1.1457294228862827e-05,3.4109582781586086e-05
179,3,1-4,adjust,-0.005259661661596404,4.121321707751347e-05,6.958407741537397e-05
179,6,1-5,adjust,-0.006535682587783677,0.0001190893872005039,5.943537378179364e-05
179,7,1-4,adjust,-0.006927740169144176,1.8979928039087268e-05,1.3377134382365857e-05
179,8,1-5,adjust,-0.0034500427244603515,-0.00011105250076633475,6.729078477017547e-05
179,9,1-5,adjust,-0.00113819767473765,5.1163221694428675e-05,6.281482785438849e-05
180,2,1-7,adjust,0.0011641830782638566,6.443108724663949e-05,0.00021718557088253488
180,3,1-7,adjust,0.00026940627294919783,2.8632084958637567e-05,0.00015460258472978425
180,4,1-7,adjust,-0.005206831548916758,1.5206468673197682e-05,0.00010415021071325529
180,5,1-7,adjust,-0.0011757891529502323,9.831362675135454e-05,0.0001561331281713813
180,6,1-7,adjust,0.001074746737508576,5.995045543992732e-06,0.0001438205837795003
180,9,1-8,adjust,-0.0009483338472320811,-0.0001389057438397191,0.0001904794035604839
181,2,1-4,adjust,-0.001217573878545235,5.027834668213889e-05,1.1484162601599915e-05
181,3,1-5,adjust,-0.006196869545193396,-3.205192254821556e-05,4.158619670021303e-05
181,6,1-5,adjust,0.007107072399138891,-7.290337958535238e-05,5.3505195669690706e-05
181,7,1-4,adjust,0.00962293283756233,-0.00010167427954160242,3.7723672398179445e-06
181,8,1-5,adjust,0.011419701517009596,0.0001816446337544137,1.549171939982797e-05
181,9,1-5,adjust,0.006016234237467404,0.00018979985318958709,4.390078198949415e-05
182,2,1-7,adjust,0.0028591263512479136,-0.00019519352657002372,9.667765555173251e-05
182,3,1-7,adjust,0.011754412729645251,-0.00012537039083088198,6.856133974204641e-05
182,4,1-7,adjust,0.016323378315338578,-6.0104978248763935e-05,7.878711406189422e-05
182,5,1-7,adjust,0.01611638159669485,2.823746323680628e-06,3.5329580627028716e-05
182,6,1-7,adjust,0.0025700467333926104,-4.126922975978266e-05,2.62105591283316e-05
182,9,1-8,adjust,0.0025115625006067103,7.240563441062319e-05,0.0001366514100437214
183,2,1-4,adjust,0.0026149962822366248,-6.090618646272408e-05,0.0001806633150771729
183,3,1-4,adjust,0.0029209294254485094,1.0445404908998113e-05,5.999336207584455e-05
183,6,1-5,adjust,0.008677122179023312,0.00011407326798379023,0.00016170807157866467
183,7,1-5,adjust,0.007300509611873955,0.00011652495369886571,6.633998443440035e-05
183,8,1-5,adjust,0.0005479382035809029,6.385346862097906e-05,0.0001985533024120791
183,9,1-5,adjust,-0.00040922403785927173,-9.822812595401886e-05,4.948517463966078e-05
184,2,1-7,adjust,-0.0059031687408854895,0.00019416136338225597,4.7448818677936604e-05
184,3,1-7,adjust,-0.010542769448157857,0.00016365519639097926,9.611941597828233e-05
184,4,1-7,adjust,-0.01262856478880706,0.00011475153718420554,5.615960603017101e-05
184,5,1-7,adjust,-1.0622272397444976e-05,4.264617617893626e-05,5.1096360597466424e-05
184,6,1-7,adjust,-0.0015890664033609391,-2.6301118327192633e-05,0.0001593173203377182
184,9,1-8,adjust,0.003330477924330182,9.933081741453089e-05,3.3037279071751e-05
185,2,1-4,adjust,-0.0033460772327488803,1.4734883870176554e-05,9.457400616391659e-05
185,3,1-4,adjust,-0.0019256441448034865,2.6413363461281515e-05,0.0001218764658373248
185,6,1-5,adjust,0.0009229577379266822,2.9375318946322748e-05,0.00016847862511069526
185,7,1-5,adjust,0.006421152049266983,5.747267432126155e-06,0.00011658919087101934
185,8,1-5,adjust,0.00014895111177097814,-4.3630578140103785e-05,9.373550382269965e-05
185,9,1-5,adjust,-0.0034536672061973033,6.285645010708655e-05,3.603460164783821e-06
186,2,1-7,adjust,0.004833699491407037,0.00011205649123401177,2.6682348557523788e-06
186,3,1-7,adjust,0.0008454837581318825,-6.350380059387017e-05,7.270050070686072e-05
186,4,1-7,adjust,0.011124905507479431,-2.447233825475044e-05,3.774002213470152e-05
186,5,1-7,adjust,-0.0036897361746322703,-0.00016196454567257146,0.00012510540264341896
186,6,1-7,adjust,0.00649223400157101,7.641523870623268e-05,0.0001490257808678319
186,9,1-8,adjust,0.0010024920397986863,-3.282351328859511e-05,3.101283970096474e-05
187,2,1-4,adjust,0.0025628729372263754,-0.00013851437838107328,3.9187080228043524e-05
187,3,1-4,adjust,0.009764668548756772,-1.0215229496547005e-05,4.879222575022857e-05
187,6,1-5,adjust,-0.01627087846918216,-5.904354757922143e-05,9.719833911119404e-05
187,7,1-4,adjust,-0.013105115054051479,-0.00015171337508891518,3.23062289145199e-05
187,8,1-5,adjust,-0.009945849364770854,-0.00019786625386728675,0.00012686295314327074
187,9,1-5,adjust,-0.004884843391095298,-0.00019948273155471634,5.868423349021276e-05
188,2,1-7,adjust,0.0044958605016568705,-0.00018473675502358428,2.3432395979168213e-05
188,3,1-7,adjust,0.0069131557959693545,-0.000209491464417758,4.964775613640555e-05
188,4,1-7,adjust,0.009250255351760037,-9.315865202733611e-05,5.95409124848375e-05
188,5,1-7,adjust,0.00589572239951384,2.5875938990804394e-05,5.573395402321997e-06
188,6,1-7,adjust,0.007148582216116486,1.9135852892959476e-05,6.554024989689849e-05
188,9,1-8,adjust,-0.0052869333092324736,-6.450510556012541e-05,0.00011560819067843391
189,2,1-4,adjust,-0.00025371313401713113,-2.2891071468566452e-05,8.067927083771146e-05
189,3,1-4,adjust,0.0013743998159326575,3.125532247967166e-05,8.178738471964076e-05
189,6,1-5,adjust,0.0017000775349086017,3.718156470861673e-05,6.596732849406859e-05
189,7,1-4,adjust,-0.00337504843743207,0.00011815466969374048,5.162727297093546e-05
189,8,1-5,adjust,0.010072455515658479,0.00018107353068623543,8.879851550879861e-05
189,9,1-5,adjust,0.006521556392762209,0.0002027898938720493,7.845802959633398e-05
190,2,1-7,adjust,-0.008335207604243442,0.0001748102265755299,9.379608373008671e-05
190,3,1-7,adjust,-0.01578632833481189,0.00022508395977709778,5.344625587554314e-05
190,4,1-7,adjust,-0.022510363354973414,8.984774979262608e-05,1.0629041424911257e-05
190,5,1-7,adjust,-0.00954056873902221,6.43284453701364e-05,2.3339719609885296e-05
190,6,1-7,adjust,-0.010165836127758477,-0.00010978304273843572,5.051112971946532e-05
190,9,1-8,adjust,0.0036386558043203557,3.068612428475989e-05,0.00010046496221030023
191,2,1-4,adjust,-0.002104190944613573,0.0001031781986231596,4.4053438882797116e-05
191,3,1-4,adjust,-0.0034308581940490266,2.6111643310967425e-05,0.00014582540872455155
191,6,1-5,adjust,0.0028310138224894687,8.137010995742912e-05,7.627612893466093e-05
191,7,1-4,adjust,-0.0015413636851074285,-4.109749665769621e-05,2.615714671743953e-05
191,8,1-5,adjust,0.002833079129865237,-6.632162246572936e-05,4.3862835722615387e-05
191,9,1-5,adjust,-0.0034782944069641805,-4.8390956068970014e-05,1.906142634060972e-05
192,2,1-7,adjust,0.002415593070002585,-9.942196117498103e-05,5.586338075060282e-05
192,3,1-7,adjust,0.012021993697816823,-2.368495345837539e-05,3.63725992144462e-05
192,4,1-7,adjust,0.010765225688231277,-4.8096007243383426e-05,3.257709567600039e-05
192,5,1-7,adjust,-0.0034003880937112318,-6.317370522545725e-05,1.8795875120530426e-05
192,6,1-7,adjust,-0.002203832778397891,-8.608282732268586e-05,0.0001566057267825348
192,9,1-8,adjust,0.0018902686845180857,-4.922082151607691e-06,0.0001207355494173523
193,2,1-4,adjust,0.0014859442477130934,-0.0001591164426801085,7.704104277071057e-05
193,3,1-5,adjust,-0.0008043201192202358,-3.0460401747031085e-06,3.175686840035774e-05
193,6,1-5,adjust,-2.3026378885819552e-06,1.3474296850633154e-05,4.690914081051636e-05
193,7,1-4,adjust,-0.0053066560378007225,-1.0316591944029547e-05,3.7996390037301725e-05
193,8,1-5,adjust,-0.015926215069748104,1.446745988166831e-05,5.121913800726653e-05
193,9,1-5,adjust,-0.003058808833725886,-6.611620220526039e-05,1.7405226763609294e-05
194,2,1-7,adjust,0.000746460623170508,0.00010795621080659045,3.8581563652294376e-05
194,3,1-7,adjust,-0.007645630009610407,-4.345614036085542e-05,3.399203167066826e-05
194,4,1-7,adjust,0.0013393891593498463,3.7941188543771804e-05,4.5422901165907216e-05
194,5,1-7,adjust,-0.003053633204884881,0.00012322785228135018,2.4432290509529453e-05
194,6,1-7,adjust,-0.00546431376919807,-3.098171454852751e-05,2.324570828859325e-05
194,9,1-8,adjust,-0.0033947895253647587,-3.1355224236088025e-05,5.560107905084593e-06
195,2,1-4,adjust,0.000798557225632238,-2.9696913392128718e-05,0.0001239284170267721
195,3,1-4,adjust,0.0064352210120891965,-0.00010269180754780621,0.0001877643845258479
195,6,1-5,adjust,0.003355921310488956,6.16997473426513e-05,6.831101052610895e-05
195,7,1-4,adjust,0.013207170541412593,3.6618005843987655e-05,2.9561063077437825e-05
195,8,1-5,adjust,0.016078928274154226,3.441514155649056e-05,0.00011394683974088784
195,9,1-5,adjust,0.0059121488494400225,9.953499297498963e-05,8.783054455986628e-05
196,2,1-7,adjust,-0.0010482195392676394,-0.00010301999446768698,0.00011818526287433801
196,3,1-7,adjust,-0.002679163241113033,-2.7174439124241612e-05,6.226363201731753e-05
196,4,1-7,adjust,-0.006579081030098134,-5.1795436958706077e-05,8.476483398417056e-05
196,5,1-7,adjust,0.012819986166766521,-6.940269875711322e-05,6.101771985472201e-05
196,6,1-7,adjust,0.010579898482675204,4.1125562446918206e-05,4.645851376253629e-05
196,9,1-8,adjust,0.003746987517702468,5.8951715345973814e-05,6.355730990362747e-05
197,2,1-4,adjust,-0.0017393503731607314,0.00024201680107687455,0.00011174509410193568
197,3,1-5,adjust,0.0034419580938894723,0.0001264547541272555,7.17089001490391e-05
197,6,1-5,adjust,0.0005917512547282451,-3.1749911936502275e-05,0.00013360948764610067
197,7,1-5,adjust,0.002961704640230603,7.014694547733481e-05,9.053589444691035e-05
197,8,1-5,adjust,-0.0049815777544824375,3.12732735073478e-05,4.5779671135499493e-05
197,9,1-5,adjust,-0.004827205021389283,-4.1101938509106074e-05,8.679446966175866e-07
198,2,1-7,adjust,-0.0021769410548159265,-2.905796131852753e-05,1.076186768033967e-06
198,3,1-7,adjust,-0.007104632692888278,-1.7649101928766212e-05,9.229818514019535e-05
198,4,1-7,adjust,-0.000570695209220651,0.00013740457620930769,5.702256099870822e-05
198,5,1-7,adjust,-0.007654926421070562,-7.09685499693971e-05,5.4408874878794625e-05
198,6,1-7,adjust,-0.003804656080786441,-5.544827076666529e-06,9.875967607774706e-05
198,9,1-8,adjust,0.0019131321140798193,-2.8254365149950406e-07,7.322576218032544e-05
199,2,1-4,adjust,0.0009394242546068118,3.0277172350544604e-05,0.00013220967048798552
199,3,1-4,adjust,-0.0013609730291313615,-3.461337373154237e-05,5.315742959506332e-05
199,6,1-5,adjust,-0.005589970113930364,-5.724661681988534e-06,7.964154836804137e-05
199,7,1-5,adjust,-0.01234860486284673,-0.0001024449461189432,0.00010788592593603825
199,8,1-5,adjust,-0.010376871369337928,-0.00014384952606459768,0.00014414418572083882
199,9,1-5,adjust,-0.0031025320406450605,-3.897892143153402e-05,0.00015436208673387785
200,2,1-7,adjust,0.002826220589368354,-0.00010055694029971722,0.00010756940594457804
200,3,1-7,adjust,0.00730236207528404,1.5312622653503076e-05,6.829833315039872e-05
200,4,1-7,adjust,0.0077621655760424044,-0.00013920391559232176,1.5162868148345972e-05
200,5,1-7,adjust,0.004111273479780405,5.2573652488611e-05,1.983205119408589e-05
200,6,1-7,adjust,0.0015604482343657862,-7.149930093231234e-05,2.9865438489468893e-05
200,9,1-8,adjust,-0.0027401051021836084,-0.0001531608855407824,6.814310409304033e-05
201,2,1-4,adjust,0.0012476295334438987,-6.385025179131345e-05,5.6715083080137186e-05
201,3,1-4,adjust,0.0060540770358873,-2.1686292614789453e-05,6.961344600337804e-05
201,6,1-5,adjust,0.0046954471723671815,8.874350998294154e-05,3.6827198271783166e-05
201,7,1-4,adjust,0.009033744552871936,6.516461201438588e-05,1.7040529764133697e-05
201,8,1-5,adjust,0.01174304893594196,5.33932209149032e-05,3.900485996532702e-05
201,9,1-5,adjust,0.005312455056364573,0.00010269217610508138,7.729837121448547e-05
202,2,1-7,adjust,-0.002168320366840367,0.0001729982029277612,9.649380623997498e-05
202,3,1-7,adjust,-0.009944067244531426,8.045961594092557e-05,2.747541213148524e-05
202,4,1-7,adjust,-0.0030208972115118755,8.614820635487508e-05,1.4679602924946297e-06
202,5,1-7,adjust,-0.003190853053925519,2.237895246819769e-05,1.6150903582975494e-05
202,6,1-7,adjust,0.002913866787112658,1.0387804466175836e-05,1.6319730759647134e-05
202,9,1-8,adjust,-0.0018967499446910945,6.172992565822087e-05,9.93018693863104e-05
203,2,1-4,adjust,0.0007575275372604989,-0.00010327195364341504,2.0336427058165642e-05
203,3,1-5,adjust,0.0017932725760476343,-1.4514669977196194e-05,4.417701735548956e-05
203,6,1-5,adjust,-0.0055172430341406025,-5.728080515533365e-05,5.788490998231545e-05
203,7,1-4,adjust,-0.002788329445782605,-4.2604783778381614e-05,1.507937372960412e-05
203,8,1-5,adjust,-0.004039918742485632,5.424152753938555e-05,4.720763384667892e-06
203,9,1-5,adjust,0.005061862781030782,-1.553843980097376e-05,5.160454184351019e-05
204,2,1-7,adjust,0.000414471032468866,3.118730780680174e-07,9.39590519068409e-05
204,3,1-7,adjust,0.010836613391861163,-0.00014246194541638619,0.00010925508436376989
204,4,1-7,adjust,-0.0022144262833936486,-5.695337609374348e-05,4.379291499059978e-05
204,5,1-7,adjust,0.0050989045584101346,-2.9793330459185096e-05,4.1709651220140886e-05
204,6,1-7,adjust,-0.0001776895487991446,-7.269528125586714e-05,4.962500142913108e-05
204,9,1-8,adjust,-0.0053530740696253725,-1.7610778201973733e-05,2.4155259906433433e-05
205,2,1-4,adjust,-0.001353761945726411,-7.453825990772942e-05,1.979368000397281e-05
205,3,1-4,adjust,-0.009254297166418173,0.00015428152721453931,8.095646919657885e-05
205,6,1-5,adjust,0.002535004612833213,0.0001259958800404501,9.828080285341758e-05
205,7,1-5,adjust,0.0031744372722915097,7.789306809134597e-06,8.530462208730168e-05
205,8,1-5,adjust,0.005099142458655842,4.128741169018413e-06,6.937252720352788e-05
205,9,1-5,adjust,-0.004016949494305243,-2.7038980318046074e-05,0.00010001423468040485
206,2,1-7,adjust,0.0018426674488891232,5.804032379935046e-05,6.206198611439771e-05
206,3,1-7,adjust,0.002207797071231525,-0.00011605344463531864,3.533695617436925e-05
206,4,1-7,adjust,0.009960343322413015,-2.480666647559493e-05,7.45991088551129e-05
206,5,1-7,adjust,0.00011859488875118043,-5.026738032476447e-05,4.658269568569389e-05
206,6,1-7,adjust,0.002708851284702974,-2.059087597799277e-05,7.387080990923332e-05
206,9,1-8,adjust,0.007750805311992049,0.00016115675741772522,0.00018182960314679276
207,2,1-4,adjust,0.00437999111820182,-6.526923573540512e-05,8.276838813193876e-05
207,3,1-5,adjust,0.0027554377638122226,5.395636132810435e-05,3.266294661319498e-05
207,6,1-5,adjust,-0.0056514609860854985,-5.143892763201532e-06,8.219109134141452e-05
207,7,1-4,adjust,-0.007751302853622613,1.7072321588301875e-05,8.140666932693989e-05
207,8,1-5,adjust,-0.006357949570316441,-0.00013626342570466506,2.0826110950253972e-05
207,9,1-5,adjust,-0.004559244697879751,-0.00022100094193217183,1.0954010548507694e-05
208,2,1-7,adjust,-0.005245036092183228,7.392881586444874e-05,0.00010688501880724231
208,3,1-7,adjust,-0.008557407029667516,-3.52525453064639e-05,0.00010687176240060983
208,4,1-7,adjust,-0.017047485497294554,5.90488515165271e-05,4.0090888826415996e-05
208,5,1-7,adjust,-0.014476331532508309,9.989117658529875e-05,0.00011038995370443719
208,6,1-7,adjust,-0.003216240219914335,-5.916583092464544e-05,0.0001224883011179896
208,9,1-8,adjust,-0.0016458591955477906,-3.871972906929694e-05,0.00014763626597583506
209,2,1-4,adjust,-0.004931761853801864,0.00010304198094502512,1.2550287891390652e-05
209,3,1-5,adjust,-0.004416565674811362,0.00015071040870908055,6.420696463737445e-06
209,6,1-5,adjust,-0.0030834485649987595,1.0450736019330503e-05,4.122496765136889e-05
209,7,1-4,adjust,0.004618039256544159,-2.6049364060716267e-05,3.8633026267895385e-05
209,8,1-5,adjust,-0.0004330052159718052,4.542044815041029e-05,8.560787493187005e-05
209,9,1-5,adjust,0.004570323504612887,0.0002046573960058677,2.5143616007606195e-05
210,2,1-7,adjust,0.006040809243491754,-3.1219214345457196e-05,3.56404174427097e-05
210,3,1-7,adjust,0.0112291751093805,-6.218846587388596e-05,1.3127464214776566e-06
210,4,1-7,adjust,0.006559289147038225,3.6285267920315794e-06,2.78651364102167e-06
210,5,1-7,adjust,0.019577584800272378,7.936020920588581e-05,1.3255352374586137e-05
210,6,1-7,adjust,0.010518753468754118,6.237510162749169e-05,3.745846613187044e-05
210,9,1-8,adjust,-0.0037503901611385653,-0.00014916499774506725,9.364214627367497e-05
211,2,1-4,adjust,-0.002815797568472139,-8.11586281786959e-06,2.9040727729117174e-05
211,3,1-5,adjust,-0.004709318335549512,-4.5548176957518475e-05,2.8959666312778002e-05
211,6,1-5,adjust,0.009944143258468784,-0.00010173913970263617,0.00024387620271512482
211,7,1-5,adjust,0.011827611354813009,6.493307323106613e-05,0.00013282704130550794
211,8,1-5,adjust,0.012543421039957967,0.00016956109074878694,0.00011898782258737116
211,9,1-5,adjust,0.00915962524201366,0.00026787124484886816,0.00016978538743556845
212,2,1-7,adjust,-0.0033170650623117774,3.07791354094829e-05,0.00010158463967675054
212,3,1-7,adjust,-0.001956226012329473,5.479645007400362e-05,7.447969958761069e-05
212,4,1-7,adjust,-0.0007656272868710834,-4.106801247211089e-05,9.384760634766808e-05
212,5,1-7,adjust,-0.0014727341066659225,-8.955519107418153e-05,0.00012943746685530028
212,6,1-7,adjust,-0.0031720874259026388,8.168324181301161e-05,8.900396282274846e-05
212,9,1-8,adjust,0.0020166830974005976,-6.166363877517668e-05,0.00010741814444781839
213,2,1-4,adjust,0.0029221286614059495,-5.3353734539851296e-05,3.3730815092217216e-05
213,3,1-4,adjust,0.0019913689842424344,-8.2252247009621e-05,0.0001059670241746589
213,6,1-5,adjust,-0.002454483476352249,-3.259982778163396e-05,0.00010409774647755779
213,7,1-5,adjust,-0.0035695507179420963,-4.439799311207971e-05,9.738006800132247e-05
213,8,1-5,adjust,-0.0036653973432569523,1.843737473192513e-05,0.0001384085135012522
213,9,1-5,adjust,-0.007903311513706657,-0.00013997622213789802,3.763890875892422e-05
214,2,1-7,adjust,0.00311883638550391,5.3736572928014155e-05,0.00013319420346739877
214,3,1-7,adjust,-0.0018268301182195702,2.682585524086636e-05,0.00013142104581751938
214,4,1-7,adjust,0.002615419100967394,-1.8912111081927048e-05,0.0001450140502605685
214,5,1-7,adjust,-0.0009018442065039379,-0.00015596641739254577,0.00019420785227041047
214,6,1-7,adjust,0.00420661749162293,8.22536914690708e-05,0.0001662856712404956
214,9,1-8,adjust,0.004282932278005666,0.0001888371692025806,8.062667861216547e-05
215,2,1-4,adjust,0.0004120638496682734,-7.047862506013132e-05,0.0001390376553713553
215,3,1-4,adjust,0.005676931586216985,-6.934547835374001e-05,0.00019574323651933543
215,6,1-5,adjust,-0.010235733845384398,-4.4124141428103644e-05,5.27025852435805e-05
215,7,1-4,adjust,-0.005851433425934007,-9.354925705640229e-06,2.0235675397582763e-05
215,8,1-5,adjust,-0.014093280655209648,-0.00019840157494378463,3.537241996962068e-05
215,9,1-5,adjust,-0.010285690160396153,-0.0003540408386601717,9.023224731401853e-05
216,2,1-7,adjust,-0.0045222696057972385,-2.1436436932841746e-06,0.00017419554333729365
216,3,1-7,adjust,0.00032161560601314405,4.088880189256742e-06,3.1597680949948924e-05
216,4,1-7,adjust,0.0025446106556210385,-6.576551109028367e-05,1.5918950086873177e-05
216,5,1-7,adjust,-0.004256804069667283,0.00015428631190353442,1.314729403864499e-05
216,6,1-7,adjust,-0.0014333448494758916,2.164254199207582e-06,3.999554474558073e-05
216,9,1-8,adjust,0.001645853428271353,8.92904961524959e-05,0.00018456316297360496
217,2,1-4,adjust,0.005700917620351688,-4.2114615653071705e-05,0.00012688341162536964
217,3,1-4,adjust,0.0005185055091233376,-0.00010019426306744746,0.00017650442697719748
217,6,1-5,adjust,0.0026408311604035283,-7.876336423284471e-05,5.785341851084136e-05
217,7,1-5,adjust,0.0014454235440425828,4.349967033709539e-05,0.00014865367936671021
217,8,1-5,adjust,0.013888052619454937,9.672457821596998e-05,0.00011696719451685116
217,9,1-5,adjust,0.005629434197351702,0.00011235147205057876,0.00012138566324639009
218,2,1-7,adjust,-0.006968797448826562,0.00017198474876398118,1.450520796974263e-05
218,3,1-7,adjust,-0.0067553822865730135,0.0001527672419303921,4.219446136661768e-05
218,4,1-7,adjust,0.001856128450662062,0.00013337265029469592,4.047309153290804e-05
218,5,1-7,adjust,-0.004356156237814384,-1.5162165166159908e-05,3.805845635441508e-05
218,6,1-7,adjust,-0.0006871601226187161,9.756215337083366e-05,5.951728979883824e-06
218,9,1-8,adjust,-0.0018618415441712865,3.8905962117531926e-05,1.2777642797378334e-05
219,2,1-4,adjust,0.0049647157204087385,-0.00015249427467755211,4.535309557693917e-05
219,3,1-4,adjust,0.006733855850050208,1.0800024273160313e-05,8.417131198033572e-05
219,6,1-5,adjust,-0.0053929376887027255,2.018341091883217e-05,0.00011468364223448509
219,7,1-4,adjust,-0.00463463838395788,-2.47532859998445e-05,2.5043627216799962e-05
219,8,1-5,adjust,-0.004550985464229584,-9.829016248336835e-05,8.899403569221319e-05
219,9,1-5,adjust,-0.0016160686525545493,-4.905637955580765e-05,8.732845722318222e-05
220,2,1-7,adjust,-0.0014801660321928953,4.955194255784642e-05,4.2731457720452945e-05
220,3,1-7,adjust,-0.009184758577199777,-2.9327798198050125e-05,2.907668179652524e-05
220,4,1-7,adjust,-0.009085879173122022,-1.4491653574360528e-05,5.130041682440861e-05
220,5,1-7,adjust,-0.00619600095658796,-3.542548201693752e-05,9.51833902683705e-05
220,6,1-7,adjust,0.004153384098879408,-1.1006683601880541e-05,5.6937967049933154e-05
220,9,1-8,adjust,0.001751121160409082,-5.492722390343824e-05,7.948966339604464e-05
221,2,1-4,adjust,-0.0008424224812031165,8.359012856236189e-05,0.0001292433379574553
221,3,1-5,adjust,0.0014502485850400903,0.00011769387532643392,5.741348847876605e-05
221,6,1-5,adjust,-0.009430553826109538,-4.1996072865025864e-05,1.7109393672168816e-05
221,7,1-4,adjust,-0.006336743799662713,-7.45575753240356e-05,6.33330903618592e-07
221,8,1-5,adjust,-0.007304785960551862,4.961189831293919e-06,4.788382473502857e-05
221,9,1-5,adjust,-0.0032404682833356087,-6.567967541673505e-05,9.425413047772027e-05
222,2,1-7,adjust,0.004827642152548866,-0.00025909506748698094,4.319445124198788e-05
222,3,1-7,adjust,-0.000388786114982483,-6.811004836708724e-05,2.674669947792302e-06
222,4,1-7,adjust,0.005736774814328563,-3.978568628370494e-05,1.742525016562533e-05
222,5,1-7,adjust,0.003435901752921546,3.7011763911190817e-05,4.60214928599151e-05
222,6,1-7,adjust,0.0046556965987560985,6.522569264508709e-05,2.415852455867741e-05
222,9,1-8,adjust,-0.0017608019270953482,-5.371698048985794e-06,2.505050279796038e-05
223,2,1-4,adjust,-0.0018569829189322448,0.0001701900018682816,7.091867424502693e-05
223,3,1-4,adjust,0.005957861300096157,2.4074760329397448e-05,5.2797288566615626e-05
223,6,1-5,adjust,0.0003735937017214279,-7.587221788503369e-05,4.6737833036881646e-05
223,7,1-4,adjust,-0.0011228882067349148,6.224145875721042e-05,4.7004216014600324e-05
223,8,1-5,adjust,0.006362925050271678,5.793586054894418e-05,7.146804869336131e-05
223,9,1-5,adjust,0.004305691269557762,5.9953872099286646e-05,1.6745333507697552e-06
224,2,1-7,adjust,-0.0004755059942479272,5.5334212749958685e-05,1.3115941882740785e-05
224,3,1-7,adjust,-0.0028306205924128096,1.1229722076753644e-05,4.7716326257067676e-05
224,4,1-7,adjust,-0.004317623751234235,8.138443642525185e-05,3.4109295578551693e-06
224,5,1-7,adjust,-0.00046741962031620303,7.463690141916577e-06,1.533752692914268e-05
224,6,1-7,adjust,-0.006501690920292205,-0.00011940803038100165,3.8923878792922756e-05
224,9,1-8,adjust,0.00030024587988170264,0.00012236954185847985,9.343150002835164e-05
225,2,1-4,adjust,-0.0028035243358616154,2.5481190836950306e-05,9.57461188358499e-06
225,3,1-5,adjust,-0.0050631379186300025,-1.5229065818947824e-05,5.9246543462447294e-05
225,6,1-5,adjust,0.0047722147213977205,6.742633878182733e-05,6.29826553679948e-05
225,7,1-5,adjust,-0.0026966007716781597,-6.088313383519979e-06,0.00010385624206438793
225,8,1-5,adjust,-0.0025773732054068968,-1.9405091003827973e-05,0.00011730615298002939
225,9,1-5,adjust,-0.000708870882229023,-7.559775563428092e-05,7.83480626813071e-05
226,2,1-7,adjust,0.006171214573481547,-0.00015550103134372978,3.864291372759826e-05
226,3,1-7,adjust,0.0008885501374976795,2.900825602358246e-05,1.99460239836694e-05
226,4,1-7,adjust,0.0009254673791216014,-3.236204819736546e-05,8.983228027630672e-05
226,5,1-7,adjust,-0.0024353949411150865,8.139726484039084e-05,9.811530176242369e-05
226,6,1-7,adjust,-0.010639089445083771,3.8612717565376105e-05,5.764288771442883e-05
226,9,1-8,adjust,-0.000921449564131992,-7.90349094099193e-05,4.141843556450638e-05
227,2,1-4,adjust,-0.00476988191464646,2.3338263429188533e-05,9.828853649998145e-05
227,3,1-4,adjust,0.0012472193049045009,-4.447747561165318e-06,0.0001319391688170919
227,6,1-5,adjust,0.014262992399407998,3.810450436744131e-06,7.639773757165029e-05
227,7,1-4,adjust,0.012748111775875788,1.395673555822359e-05,3.735141690383418e-05
227,8,1-5,adjust,0.006581065038369873,4.397992634322506e-05,9.714689078248468e-05
227,9,1-5,adjust,0.005929217008079018,0.00015615835073260446,0.00011276580732174711
228,2,1-7,adjust,-0.0025286975525044947,0.00012582192965634382,2.185401807114565e-05
228,3,1-7,adjust,0.0016890922068467714,-6.647379256897283e-05,0.00011106244028959374
228,4,1-7,adjust,0.0006929991651781854,-3.507135775319874e-05,2.575342696952247e-05
228,5,1-7,adjust,0.0081992132705022,-0.0001213249508953874,8.08350379417762e-05
228,6,1-7,adjust,-0.0005877340355415363,-6.041080819586225e-05,4.913762358974349e-05
228,9,1-8,adjust,-0.0013577515735626537,-1.789661653935914e-05,6.394013637559578e-05
229,2,1-4,adjust,-0.00024109796757598235,-1.7377329785069556e-05,7.114559400391651e-05
229,3,1-4,adjust,0.0006860438415194773,-1.1745442633146445e-05,5.976394234139953e-05
229,6,1-5,adjust,-0.00015495975672982272,9.156728168480847e-05,3.1015183205366886e-05
229,7,1-4,adjust,-0.004595141421412275,-5.6264883297084694e-05,7.035359583698336e-05
229,8,1-5,adjust,0.0004342365054486605,-2.2746310611672375e-05,7.011085950991401e-05
229,9,1-5,adjust,-0.0029460579038834782,-6.825668481958215e-05,2.4818147535949974e-05
230,2,1-7,adjust,0.004664269713091513,-0.0001328676755840496,7.808372184986759e-05
230,3,1-7,adjust,0.005312668712515388,-2.2133812516938364e-05,6.258226736617245e-05
230,4,1-7,adjust,-7.579361678931814e-05,-4.6514353364222285e-05,2.1249145463294397e-05
230,5,1-7,adjust,0.001790967729618955,2.307412083734037e-05,5.291703723092657e-05
230,6,1-7,adjust,7.323892421372135e-05,-7.503490497634728e-05,3.898773471445896e-05
230,9,1-8,adjust,0.0009985412930674017,7.663042339689055e-05,0.0001247734421528162
231,2,1-4,adjust,-0.002081631614591333,0.00010498011845352767,5.641433732991611e-06
231,3,1-4,adjust,-0.004185696224260052,-1.6494791927578603e-05,9.563586161899835e-05
231,6,1-5,adjust,0.005211959574088176,5.5575224227142146e-05,0.00010334011527960849
231,7,1-4,adjust,0.0009902281211149222,0.00010319915192677909,4.209549849906355e-05
231,8,1-5,adjust,-0.0010301407033037624,8.169533346194071e-05,8.631668711302046e-05
231,9,1-5,adjust,9.265846274449126e-05,9.496182562645084e-06,0.0001408605333149405
232,2,1-7,adjust,-0.005157023075348419,6.303484183778977e-05,2.1873406448867095e-05
232,3,1-7,adjust,-0.0022362760141653977,7.75218147744399e-05,4.835401598693549e-05
232,4,1-7,adjust,-0.004316904649923137,1.3035456052918472e-05,4.5205566966161816e-05
232,5,1-7,adjust,-0.0064264761067576595,-1.190759056794911e-05,9.446663067907624e-05
232,6,1-7,adjust,-0.007175923334919128,-3.9317173816211813e-05,1.807235427799544e-05
232,9,1-8,adjust,0.0023462590081800034,-2.0468253884306754e-06,8.33688188718394e-05
233,2,1-4,adjust,0.00505884767686496,-0.0001627532915300119,9.058620544605319e-07
233,3,1-5,adjust,-0.002205248105811288,-6.10136862837383e-05,1.845114624832571e-05
233,6,1-5,adjust,-0.001494611699317621,6.23750980539334e-05,8.902437315709868e-05
233,7,1-5,adjust,0.0010649126018215643,-7.300330775347977e-05,9.30236238023889e-05
233,8,1-5,adjust,-0.004250605806260985,-5.603207210031409e-05,2.5524645183188733e-05
233,9,1-5,adjust,-0.005488055452342779,-9.07483552323151e-05,3.789087422807409e-05
234,2,1-7,adjust,0.007981640601193852,-9.118576355584202e-05,0.0001264214206434439
234,3,1-7,adjust,0.007935727859913833,-2.002446862574902e-05,1.4579225987935693e-05
234,4,1-7,adjust,0.009814755086937393,6.569423510767845e-05,5.504569261924642e-05
234,5,1-7,adjust,-0.0012132604476774644,6.454819069524855e-06,8.152544848157047e-06
234,6,1-7,adjust,0.007967128600935555,-4.258243618280307e-05,2.1360371470638262e-05
234,9,1-8,adjust,0.002243463554292465,6.917754821582885e-06,5.4316538288204815e-05
235,2,1-4,adjust,-0.005845379229605544,8.88471660983158e-05,2.3232520725162707e-05
235,3,1-4,adjust,-0.0010071648947503672,1.2169357434555795e-05,0.00010029984709845998
235,6,1-5,adjust,-0.00654766754075199,3.3616636092610043e-06,7.50385520334663e-05
235,7,1-5,adjust,-0.0006648939695628223,-4.696061441882174e-05,6.982908186292633e-05
235,8,1-5,adjust,0.0018608938949620391,-6.988826868087282e-05,1.1472489285889331e-05
235,9,1-5,adjust,-0.00027667560508926254,-7.993440664412966e-06,1.4776734390961252e-05
236,2,1-7,adjust,-0.0007519857942849264,4.487244261462651e-05,5.144400356280475e-05
236,3,1-7,adjust,-0.0009328480483410723,-1.710607494585077e-05,3.4208422172629394e-06
236,4,1-7,adjust,-0.004883477218788949,1.9734292065751073e-06,5.475888500421312e-06
236,5,1-7,adjust,0.007175868063591978,1.866238558443685e-06,4.4421268916326057e-05
236,6,1-7,adjust,0.002678896876705431,-3.7930217806848455e-05,3.317801520929937e-05
236,9,1-8,adjust,-0.0011364802167337384,-5.6899110641413815e-05,7.012720244381135e-05
237,2,1-4,adjust,-0.0012409300231588172,1.0078784645054421e-05,1.7266699253748075e-05
237,3,1-4,adjust,-0.003785573753285453,5.961269513221698e-05,7.430536254499228e-05
237,6,1-5,adjust,0.002218370080392469,-6.6377251427191885e-06,3.4582763422714424e-05
237,7,1-4,adjust,-0.0029820517674588273,9.617829763946932e-05,9.961312670278009e-05
237,8,1-5,adjust,0.002787259149897144,8.955967109662165e-05,2.641509455084486e-06
237,9,1-5,adjust,0.0004780153155088002,6.836770151121772e-05,7.40962738464032e-06
238,2,1-7,adjust,-0.0013903848543352344,-6.580313224456391e-07,3.213532566711007e-05
238,3,1-7,adjust,-0.0033333257199789934,3.802775975323437e-05,6.622520776385474e-05
238,4,1-7,adjust,0.0008702643149758046,6.380368992521934e-05,8.255399014350018e-06
238,5,1-7,adjust,-0.00582248308070863,-1.9120213585452916e-05,2.6563710063735738e-05
238,6,1-7,adjust,-0.005589593414783402,0.00014759241071094127,4.678401726948298e-05
238,9,1-8,adjust,0.004789342242073106,0.00011692161112182899,8.156770022615295e-05
239,2,1-4,adjust,0.0009024407165482576,1.3140704864655864e-05,5.915960006399827e-07
239,3,1-5,adjust,0.005677133392217353,2.475499969970699e-05,3.1334645304899e-05
239,6,1-5,adjust,0.001626972489320888,-8.952790129103028e-05,0.00014586777957789154
239,7,1-5,adjust,-0.0023866803450226454,-7.199268515224685e-05,0.00012479164735194808
239,8,1-5,adjust,-0.008523117784063339,-0.000106992815327987,0.00012214924143620902
239,9,1-5,adjust,-0.006476685673824591,-0.00013657409326400875,0.00010322590017764109
240,2,1-7,adjust,0.003731983149276352,-6.061446034974323e-05,1.6208038965006167e-05
240,3,1-7,adjust,-0.004892330972063237,-5.1933692823623354e-05,2.183461381596999e-05
240,4,1-7,adjust,0.0015800989120442284,-0.0001595090936452715,3.0219788426016233e-05
240,5,1-7,adjust,0.003152936025432417,5.1340085689370265e-05,1.824815381437309e-05
240,6,1-7,adjust,-0.0049098137274546936,-0.00010180156853024102,1.1499080658157216e-05
240,9,1-8,adjust,0.0006128204980235535,-2.8624360003285523e-05,3.7968055217788824e-05
241,2,1-4,adjust,0.002446835248981231,-1.7169189797928433e-05,7.292961589189798e-05
241,3,1-4,adjust,0.007120137700626293,-0.00010351702428838667,0.00012691643826090123
241,6,1-5,adjust,0.006316660875430879,5.145102118203201e-05,3.256956002251417e-05
241,7,1-5,adjust,0.008808212885292713,3.680288990776226e-05,6.930327427914777e-05
241,8,1-5,adjust,0.0047659656771442335,0.0001368564074696938,0.00012970667036632603
241,9,1-5,adjust,0.001844099092399094,6.868633149199775e-05,0.00010310140047864994
242,2,1-7,adjust,-0.00633930035618531,4.5958018446354595e-05,5.90155240632573e-05
242,3,1-7,adjust,0.002039127643427923,4.230751005616021e-05,0.0001286892230519213
242,4,1-7,adjust,-0.0002303412451204055,4.65375525842407e-05,5.571253153994361e-05
242,5,1-7,adjust,0.0027587283732022003,-4.8735141268882565e-05,9.276668865657965e-05
242,6,1-7,adjust,-0.0011009673416597847,7.019337177514638e-06,0.00013618431750114413
242,9,1-8,adjust,0.001960312725908136,1.899383975406374e-05,6.245319418414884e-05
243,2,1-4,adjust,0.002019594554592581,4.4001548275232873e-05,1.66339074377195e-05
243,3,1-5,adjust,-0.0007908966268683702,8.355326407214137e-05,3.815695433445841e-05
243,6,1-5,adjust,0.002879542338221033,6.120929303496328e-05,2.5744668995509143e-05
243,7,1-4,adjust,0.0034593910489049006,8.552552152593541e-05,4.07151711703673e-05
243,8,1-5,adjust,0.00082782222279654,-0.00012713199266704112,8.935120034781365e-06
243,9,1-5,adjust,-0.004236880279699128,-6.0566640331725566e-05,1.6160404957505406e-05
244,2,1-7,adjust,-0.008599949216861708,0.00012054523096685546,0.00011400387021221179
244,3,1-7,adjust,-0.008599934222395054,3.6981988396317995e-05,5.0477752331036775e-05
244,4,1-7,adjust,-0.0058050713619909565,7.96512303729072e-05,0.0001005048653631546
244,5,1-7,adjust,-0.0068199018928566555,4.4012738480092085e-05,6.911584924035693e-05
244,6,1-7,adjust,0.00035076327895699626,1.015008662981695e-05,4.90671843462232e-05
244,9,1-8,adjust,0.0016692668189867066,-2.1665220228773257e-05,0.0001049538900002431
245,2,1-4,adjust,0.0030530896135287453,-7.84470060454232e-05,4.981846028437718e-05
245,3,1-5,adjust,0.0018341114731089381,-5.499318510615744e-05,4.620911771266901e-05
245,6,1-5,adjust,-0.004597485344917563,1.9317678453996012e-05,5.776000485516582e-05
245,7,1-4,adjust,0.0008598075322895596,-0.00014526751561511116,4.174235927975827e-05
245,8,1-5,adjust,0.0009681710849991775,7.573091699171334e-05,7.340396228168981e-05
245,9,1-5,adjust,-0.001099851233907897,1.0738956710563518e-05,6.86373211024341e-05
246,2,1-7,adjust,0.004056557730595149,-4.1730990176635674e-05,6.438392643121273e-05
246,3,1-7,adjust,0.00637323939600836,-4.52284250558644e-05,7.495249871263758e-05
246,4,1-7,adjust,0.011946693261874421,-8.430389084968315e-05,7.049153093904071e-05
246,5,1-7,adjust,0.014453144292151134,-0.00010642428268521811,8.612596296079569e-05
246,6,1-7,adjust,0.014442625537365302,1.92382489031662e-05,7.521121533468268e-05
246,9,1-8,adjust,0.003630072986745427,6.418269950669163e-05,1.716255761871875e-05
247,2,1-4,adjust,0.0019122107448344293,-5.9967219281555706e-05,1.2521439708432623e-05
247,3,1-5,adjust,0.005252121087736609,-0.0001080512678532437,5.792161174009743e-05
247,6,1-5,adjust,-0.004009954230079088,-0.00013356780282143261,1.2650811732719042e-05
247,7,1-5,adjust,-0.002831964645517507,0.00011386128837775607,7.832882270803868e-05
247,8,1-5,adjust,-0.002758054362257815,3.499561441275203e-05,4.554294410163072e-06
247,9,1-5,adjust,-0.006069178070337556,-9.770724000529742e-05,4.698908665356065e-05
248,2,1-7,adjust,-0.004485628713229754,0.00014907086118422694,3.878242491426296e-05
248,3,1-7,adjust,-0.013972065164808357,0.00020504845625132626,5.1424646197151236e-05
248,4,1-7,adjust,-0.015906209366540275,7.935902215610379e-05,2.4618709208536215e-05
248,5,1-7,adjust,-0.006979909387816693,6.497868355008897e-05,5.5285740316454824e-05
248,6,1-7,adjust,-0.006126423303714386,9.828467458589089e-05,7.688248807926619e-05
248,9,1-8,adjust,0.00528329246728842,5.965319279636962e-05,1.504559571771564e-05
249,2,1-4,adjust,0.00044119363704122494,-4.5853631287984584e-05,0.00010305037339017254
249,3,1-4,adjust,-0.001351153010687062,-6.887278160995066e-05,0.00015238004134550626
249,6,1-5,adjust,0.0033012063648111202,2.6155640705712663e-05,9.285625684313737e-05
249,7,1-4,adjust,-0.00924160688803548,-9.219607286533219e-05,8.076815307780738e-05
249,8,1-5,adjust,0.004923537693543778,-0.00010032045430233443,6.432564100988983e-05
249,9,1-5,adjust,-0.0015652913694532155,1.909867289815625e-05,6.403053867087116e-05
250,2,1-7,adjust,0.006212842414610937,-8.415161806263153e-05,3.240557948064474e-05
250,3,1-7,adjust,0.009298626182442829,-7.424650169592315e-05,8.385586056276694e-06
250,4,1-7,adjust,0.008930693431277482,-9.896865512145985e-05,6.53368773530269e-05
250,5,1-7,adjust,-0.00012623395638238638,4.312401292232458e-06,6.444005249442157e-05
250,6,1-7,adjust,-0.009373821929498405,-0.0001313783973590262,1.1711694259747605e-05
250,9,1-8,adjust,0.0018850411669760969,1.340337874184678e-05,0.00010713745099860169
251,2,1-4,adjust,-0.004553405682775558,-5.481376301141908e-05,3.0825172301507626e-05
251,3,1-5,adjust,0.0011312026526073971,6.723795686288743e-05,5.843377526852563e-05
251,6,1-5,adjust,0.009525198457013297,7.35907108364374e-05,0.00010363877645693621
251,7,1-5,adjust,0.007890134447332482,4.761241567275411e-05,7.21753815421855e-05
251,8,1-5,adjust,-0.0004021494712249406,0.00014505397076366257,0.00010089491760430997
251,9,1-5,adjust,-0.001029760450134325,-7.43371600076339e-05,8.092833489190084e-05
252,2,1-7,adjust,-0.0009238399122345392,2.7959890181484052e-05,9.412980074704534e-05
252,3,1-7,adjust,0.001467989892303791,5.1055839337400775e-05,0.00016167132041431455
252,4,1-7,adjust,0.0025691409914484703,2.3977242373934146e-05,7.461254366504126e-05
252,5,1-7,adjust,-0.0022908310272996345,1.400412870255744e-05,6.129397769664181e-05
252,6,1-7,adjust,-0.0027144698646860603,-3.0611624613432335e-05,6.032326777681669e-05
252,9,1-8,adjust,0.00471436617856717,0.00019008767366997313,9.444267756660071e-05
253,2,1-4,adjust,0.005379548147605528,-2.6633468913156477e-05,1.0758347071922977e-05
253,3,1-5,adjust,-0.004032010516325893,-8.060168192247665e-05,3.1175419411854064e-06
253,6,1-5,adjust,-0.0031632318106391564,5.85958122149987e-05,1.967771791801537e-05
253,7,1-5,adjust,-0.003428661500729341,5.819964577509758e-05,6.677420936792828e-05
253,8,1-5,adjust,-0.0060752105801318915,-5.593265534305288e-05,2.775186642758373e-05
253,9,1-5,adjust,-0.005910654298668012,-0.00016598343309262228,2.456710430323111e-07
254,2,1-7,adjust,-0.006764276600078711,0.0001889201869618932,7.209817940494503e-05
254,3,1-7,adjust,-0.001908926406412447,5.413726835747955e-05,2.6296589910082622e-05
254,4,1-7,adjust,-0.010594256505043441,4.5671466693429036e-05,2.8831174934348476e-05
254,5,1-7,adjust,-0.009278806068146427,5.505865214028956e-05,1.3475186889898833e-05
254,6,1-7,adjust,-0.0024189399385011853,-7.840719237665264e-05,5.169799923400746e-06
254,9,1-8,adjust,-0.00011226870996558532,-5.1322802114008996e-05,0.00013307982337079405
255,2,1-4,adjust,0.00039057908014414545,-8.397040518209425e-05,1.3140011054443412e-05
255,3,1-5,adjust,-0.003142745743098488,4.314824244205786e-05,5.3283809841760585e-06
255,6,1-5,adjust,-0.0035739828052868826,1.1943065113327496e-05,6.6548008007835425e-06
255,7,1-4,adjust,-0.0064316974236274405,-1.8749261768297034e-05,5.954547808420367e-06
255,8,1-5,adjust,1.2985094142760897e-05,-3.2990959032882033e-05,4.674122012247728e-05
255,9,1-5,adjust,0.0025866052403682835,5.4821724561721266e-05,2.9553168826793104e-05
256,2,1-7,adjust,0.0022371857409134916,2.1015515699959916e-05,1.5263552980831575e-05
256,3,1-7,adjust,0.003186007103157752,1.0574871204247023e-05,8.197192419762542e-05
256,4,1-7,adjust,-0.0033744254818482964,7.417513881089919e-05,5.939807808091439e-05
256,5,1-7,adjust,-0.003940861416466028,-3.865780815398672e-06,4.1213458430381147e-05
256,6,1-7,adjust,-0.003215273104766152,-4.575349602179354e-05,4.083379884220209e-05
256,9,1-8,adjust,-0.002574316850146231,3.2477347743060375e-05,2.3396152983716052e-05
257,2,1-4,adjust,-0.004036994516990274,0.00014176610511659312,7.640971859614823e-06
257,3,1-4,adjust,-0.009736361145576194,6.537723729873814e-05,7.046486938579782e-05
257,6,1-5,adjust,1.5173887234624904e-05,7.800474525832873e-05,3.656706868811643e-05
257,7,1-5,adjust,-0.0002992607301421512,-3.777869581305019e-05,6.612449784438191e-05
257,8,1-5,adjust,-0.00029881556235213834,-3.1163345664546824e-05,8.1646406948947e-05
257,9,1-5,adjust,0.0038240197132549756,4.331973910363062e-05,0.00010697620690839973
258,2,1-7,adjust,0.003750469938939857,-0.0002580977477765489,1.1296378933601204e-05
258,3,1-7,adjust,0.008029620865365463,-0.00014544159042773573,6.359756705513147e-05
258,4,1-7,adjust,0.009970648437756226,-8.747170911645393e-05,9.723714887611825e-07
258,5,1-7,adjust,0.00958010039487972,5.9747433073335896e-05,8.855933908662558e-05
258,6,1-7,adjust,0.002467435344958517,-7.540647937212942e-05,3.47790222738979e-05
258,9,1-8,adjust,-0.006721396988963801,-0.00011184998786215771,1.9369019593531052e-05
259,2,1-4,adjust,0.0018101112470037344,3.0377169038484057e-05,7.672977040648098e-05
259,3,1-4,adjust,0.003130174193821047,-1.410058556199109e-05,0.00017329167837377605
259,6,1-5,adjust,0.010742581306530708,9.19696320761112e-05,2.3198989619824297e-05
259,7,1-4,adjust,0.013653446862695887,-4.610008933923458e-05,3.144453066999485e-05
259,8,1-5,adjust,0.0054600512334688515,0.00014354236101563332,5.5104281225058174e-05
259,9,1-5,adjust,0.006854157994016524,0.00021530349248388323,2.995757789374403e-05
260,2,1-7,adjust,0.0032359443331440563,2.6317369985431217e-05,0.00010275352387906603
260,3,1-7,adjust,-0.0006164993866207066,-2.4051057145826114e-05,0.0002298611554800083
260,4,1-7,adjust,0.007554056901402745,-1.1682102140300786e-05,0.0001463766147728428
260,5,1-7,adjust,0.007940516713306929,-0.00012187531798214843,0.00019405562547481007
260,6,1-7,adjust,0.005269361868059488,-3.51361269742966e-05,0.00019368656677994482
260,9,1-8,adjust,0.0006031691486294779,6.473411017986451e-06,9.376858269703498e-05
261,2,1-4,adjust,-0.0008542474491288536,-6.495668486479308e-05,2.292498182808279e-05
261,3,1-5,adjust,0.0016188705340090383,-7.502369751943135e-05,5.4822089790328504e-05
261,6,1-5,adjust,-0.003888243877359586,5.6078414380965555e-06,4.590820406876808e-05
261,7,1-4,adjust,-0.010205595913768198,5.439991549079596e-05,4.520843407123746e-05
261,8,1-5,adjust,0.0006628938708939381,-6.823409329849706e-05,9.186784504839817e-05
261,9,1-5,adjust,-0.0011362514525404268,-0.00014387672122907327,2.4755334179930408e-05
262,2,1-7,adjust,-0.006552868895755652,0.00011811353165622791,8.038702179881931e-06
262,3,1-7,adjust,-0.0007346039917903561,0.00010282259086835062,7.44400250068347e-05
262,4,1-7,adjust,-0.016650594067177216,2.3488642924926862e-05,3.4056291155409634e-06
262,5,1-7,adjust,-0.008978100661636202,5.274931450620428e-06,1.877973144963528e-05
262,6,1-7,adjust,-0.010685252947651394,-2.680845237756403e-05,5.260907989976209e-05
262,9,1-8,adjust,0.0013959060298356961,7.300323520156042e-05,0.00017334025524446322
263,2,1-4,adjust,-0.0006634042653946064,5.255852063259564e-05,8.429949075752814e-05
263,3,1-4,adjust,-0.008766874433843495,7.006879781782257e-05,0.00014680216334146763
263,6,1-5,adjust,0.004047948082926288,0.00012090131164208845,9.059465228861389e-05
263,7,1-4,adjust,0.0003047064404447809,-2.089769832858767e-05,1.7407589925801965e-05
263,8,1-5,adjust,-0.006573264190984887,-0.00016724628569056936,4.901272241080482e-05
263,9,1-5,adjust,-0.0034619968359335565,-0.00014766928202574487,5.720621658692613e-05
264,2,1-7,adjust,0.0034006501046200226,-0.00012470511932448028,0.0001076272499895415
264,3,1-7,adjust,0.009102055673530542,-7.132993928651214e-05,4.057730835108317e-05
264,4,1-7,adjust,0.011399345409390695,4.555510213350302e-05,0.00017082777946023995
264,5,1-7,adjust,-0.0018718479167564473,3.326981314740317e-05,0.00013309892939734032
264,6,1-7,adjust,-0.0007125921814094567,-0.00013358260414442452,1.3316434866715714e-06
264,9,1-8,adjust,-0.0036394253048152034,-6.528199219927333e-05,9.960639387547889e-05
265,2,1-4,adjust,-0.0010943515773789295,1.7625421039939006e-05,1.9208063744346688e-05
265,3,1-5,adjust,-0.004100764960705575,4.8944010419376216e-05,4.528128198096193e-05
265,6,1-5,adjust,-0.0013417155600783364,1.8910360691742865e-05,0.00013401910770382086
265,7,1-4,adjust,0.007055551342083611,0.00012268929341504,6.610109685865769e-05
265,8,1-5,adjust,0.0025803909922519548,0.00011554049086930071,5.14463417136948e-05
265,9,1-5,adjust,0.0034704721273772646,0.00014245402865773282,3.3577084895063417e-06
266,2,1-7,adjust,-0.0056230512147861554,0.00023205974836810325,6.919607078133384e-05
266,3,1-7,adjust,-0.006014793551851712,3.698403062341155e-05,4.808126940222508e-05
266,4,1-7,adjust,-0.012908955680704604,-3.675804430533923e-05,4.295309862896677e-07
266,5,1-7,adjust,0.0038614158714073595,-0.00010011724084859387,7.012335804043151e-05
266,6,1-7,adjust,0.0038283890143251146,-1.0209433783363416e-05,1.5518289497959038e-05
266,9,1-8,adjust,0.0011903451593381405,2.3027020387688426e-05,0.00013370948154307793
267,2,1-4,adjust,0.0038588612280359416,-0.00012273235118216298,0.00019051820782127997
267,3,1-4,adjust,0.00021259943578770613,8.158933058867472e-05,0.0002725324996389278
267,6,1-5,adjust,-0.0038488254430357437,9.081360237871775e-05,6.247729408344913e-05
267,7,1-4,adjust,-0.0003044604772574439,-0.00012541879951858247,6.952377390036544e-05
267,8,1-5,adjust,-0.004906133940650912,2.1445533891413086e-05,7.301771754653893e-06
267,9,1-5,adjust,-0.002626119566655935,-9.061806457832354e-05,9.879150983015342e-05
268,2,1-7,adjust,0.003523189636105804,-0.00013725695646561755,5.2355114600697383e-05
268,3,1-7,adjust,0.009477615471392541,-0.0001580577048916084,3.7474654411525783e-05
268,4,1-7,adjust,0.012337888889107336,-7.475579795258095e-05,8.404078876049561e-05
268,5,1-7,adjust,0.0014550481878944656,0.00010214287191908611,7.276796095504533e-05
268,6,1-7,adjust,0.006201460945099506,1.1689686384050675e-05,0.00010136534093194929
268,9,1-8,adjust,-0.0015475947179378721,1.4022741620361527e-05,8.472614972100545e-05
269,2,1-4,adjust,-0.0003500238036643068,4.542776043698909e-05,4.110723311631562e-05
269,3,1-4,adjust,0.0007215860315149115,3.4343083073640075e-05,0.00011134698620816944
269,6,1-5,adjust,-0.001169295218731613,2.232805484753393e-05,0.0001497214997470193
269,7,1-4,adjust,-0.006527840385408739,1.6739554574040543e-05,4.9143979691732355e-05
269,8,1-5,adjust,0.004116904591651682,3.954694901206067e-05,0.00012336152741590923
269,9,1-5,adjust,0.0063375647660057245,0.00010654656336516988,0.0001834759073144023
270,2,1-7,adjust,-0.0027132558052873007,9.004762654652853e-05,3.0442464544281752e-05
270,3,1-7,adjust,-0.0042008254196059,-1.2740201824666749e-05,1.0125710690041997e-05
270,4,1-7,adjust,-0.0038687364830291755,2.101240015182357e-05,9.599665220262419e-05
270,5,1-7,adjust,0.0025890777044002026,3.1892786062043905e-05,5.52105242686634e-05
270,6,1-7,adjust,-0.002894691337229003,8.732979933797202e-06,1.4392392573613837e-05
270,9,1-8,adjust,-0.003214883279003155,-2.8008119787992636e-05,3.646088932600053e-05
271,2,1-4,adjust,0.003965034542310343,-0.00010111370705550092,0.00011693340089991216
271,3,1-5,adjust,0.0015724765621946135,2.9116373833645436e-05,4.5814725272379e-05
271,6,1-5,adjust,0.0033992008245330198,1.996169214595133e-05,0.00012093834384258719
271,7,1-5,adjust,0.004922427227042768,7.49703569602747e-05,9.042692544721608e-05
271,8,1-5,adjust,0.004408195887542513,-4.905251280270522e-05,2.1394426300553074e-05
271,9,1-5,adjust,0.002345855274110516,1.8975528303920322e-05,6.595378777658567e-05
272,2,1-7,adjust,-0.004730754578618519,0.00010260749457960252,5.7165291378570664e-05
272,3,1-7,adjust,-0.0018858236842391996,-2.6275390788926604e-05,4.10735922401746e-05
272,4,1-7,adjust,0.00010613105749977445,0.00016729185550143328,0.0001325148966827918
272,5,1-7,adjust,-0.005389715119944464,-4.796691388514909e-05,2.2006946338920125e-05
272,6,1-7,adjust,-2.535066736639967e-05,-1.1096345969604809e-05,8.949567913148563e-06
272,9,1-8,adjust,8.050412244491942e-05,1.8654959033245086e-05,1.6490224614967305e-05
273,2,1-4,adjust,0.0007412717036337758,8.980237144655463e-05,6.514514373900801e-05
273,3,1-4,adjust,-0.004075103515201567,5.4790064407701166e-05,7.856921028944674e-05
273,6,1-5,adjust,-0.0019077427704621557,-0.00015107802592731606,0.0001793806896730545
273,7,1-4,adjust,0.003305741600290663,-4.0294739172358505e-05,9.254529739544666e-05
273,8,1-5,adjust,-0.005538487037302383,-2.9023589345601583e-05,0.00015147629853894646
273,9,1-5,adjust,-0.0020521489837161903,-6.488409074085007e-05,8.54820346743759e-05
274,2,1-7,adjust,0.0010170870264885534,-0.00016018580790549118,6.772224779632061e-05
274,3,1-7,adjust,0.004831798062266283,-5.628400944628029e-05,0.0001387099656558223
274,4,1-7,adjust,-0.0005931452917706264,-0.0001330478180094466,5.233533467569156e-05
274,5,1-7,adjust,0.014432529195149217,2.103610528854616e-05,2.9169766630693286e-05
274,6,1-7,adjust,0.005747707699419948,0.0001367035667192512,3.4907059293774456e-05
274,9,1-8,adjust,-0.0029050771307955314,-4.8890344418328704e-05,9.669117068788254e-05
275,2,1-4,adjust,0.001334894712314554,8.555796527688662e-06,4.453772406546023e-06
275,3,1-4,adjust,-0.0015134653846043174,-3.9517256229772705e-05,0.0001398246753870684
275,6,1-5,adjust,0.00823836693508118,-0.0001345298911560044,0.00014160943689204124
275,7,1-5,adjust,0.004530271819876885,-3.5358098895072256e-05,9.762033126793615e-05
275,8,1-5,adjust,0.010350199654949994,0.000145850381524298,0.00012058311072794556
275,9,1-5,adjust,0.0029547197697786668,0.000189281797371959,6.955258249125242e-06
276,2,1-7,adjust,0.001249134524009789,-6.860559567293055e-05,0.00015352028787934494
276,3,1-7,adjust,0.006793093126072925,9.605300055147919e-05,0.00016242236424505533
276,4,1-7,adjust,0.008414619915709994,-7.081947540257344e-05,0.00016088252961868527
276,5,1-7,adjust,-0.0036003506030336096,-9.628050782564138e-05,0.0001716209561205282
276,6,1-7,adjust,-0.003617314937803444,3.1122889431115657e-05,0.00014264300305884752
276,9,1-8,adjust,0.005676551812510512,9.748651741770241e-06,8.550627304017793e-05
277,2,1-4,adjust,0.0031079828526694503,-8.922681684985317e-06,8.099351501965826e-05
277,3,1-5,adjust,0.0021807343077949637,-0.00015234337354873406,2.4723244937221083e-05
277,6,1-5,adjust,-0.0036372366795062194,5.1656497680895e-05,8.849645584663259e-05
277,7,1-4,adjust,-0.015025779066402036,1.2892897329897129e-05,9.143870401867006e-06
277,8,1-5,adjust,-0.008353696931995,-0.00011562109510843145,1.5179796821260654e-05
277,9,1-5,adjust,-0.008293583798152707,-9.369629428543397e-05,1.5004033289298593e-05
278,2,1-7,adjust,-0.004279061061541299,8.284852388597624e-07,1.0681643081275199e-05
278,3,1-7,adjust,-0.005601544256009877,3.263977125945818e-05,3.24370092782987e-05
278,4,1-7,adjust,-0.01256390525210892,8.991261664373534e-05,6.80960134888668e-06
278,5,1-7,adjust,-0.014097133042601049,6.326882962228564e-05,1.3814765407459682e-06
278,6,1-7,adjust,-0.014906086926466524,-9.432109695097324e-05,1.9158884643826975e-05
278,9,1-8,adjust,0.0021115480323510506,-3.86884943887152e-05,6.51713901443173e-05
279,2,1-4,adjust,-0.0024185053291444825,0.00010784553593561371,5.7832145987037825e-05
279,3,1-5,adjust,-0.0017894056468649789,9.748423361969364e-05,4.416206668391468e-05
279,6,1-5,adjust,0.0035862738816153593,8.283569393288837e-05,5.419548062918886e-05
279,7,1-4,adjust,0.001557714278727771,8.527969651381214e-06,1.7652464768906252e-05
279,8,1-5,adjust,-0.007931129252077578,-0.0001127786040671653,1.700610893620197e-05
279,9,1-5,adjust,0.00024501486390098807,5.913086934444384e-05,4.970116293892888e-06
280,2,1-7,adjust,0.0014984156842990076,-4.0539511793015444e-05,0.00022180764897948866
280,3,1-7,adjust,0.0008314324783348208,-4.661967323474917e-05,0.00011278236091582216
280,4,1-7,adjust,-0.005079414466916881,1.4588887631036169e-05,7.187636239198914e-05
280,5,1-7,adjust,-0.00026938293327329396,2.1733308033747676e-05,5.4741453353326095e-05
280,6,1-7,adjust,-0.0018983087320941221,-1.8581702871321127e-05,4.670380946160049e-05
280,9,1-8,adjust,-0.007566141075338198,-0.0002139883080219104,0.00018834312141287216
281,2,1-4,adjust,-0.002822207131772287,0.00010350675390166472,5.6302351051583525e-05
281,3,1-4,adjust,-0.0075485469082721786,0.0001182593201224489,5.67959422676247e-05
281,6,1-5,adjust,0.00032935003902162736,-2.998162713482095e-05,5.522207727535127e-06
281,7,1-4,adjust,0.0009018165406771218,-6.107823976098914e-05,1.9105945166185695e-05
281,8,1-5,adjust,0.008887832337447254,5.667637447095639e-05,1.9677458916190254e-05
281,9,1-5,adjust,0.008170580218350296,0.00014886992252614243,8.42678293098056e-05
282,2,1-7,adjust,0.005307719887182705,-0.00021782771575724088,5.391503783495339e-05
282,3,1-7,adjust,0.011825901039100832,-0.00011823374255448873,5.8743154267509286e-05
282,4,1-7,adjust,0.004132872264390574,-3.825659633646423e-05,7.024493059517335e-05
282,5,1-7,adjust,0.005118551289917822,-0.00010083727468242447,3.0733913238636316e-05
282,6,1-7,adjust,0.006016376934934692,5.397415352253191e-05,2.5833776755060295e-05
282,9,1-8,adjust,-0.0006522838842452483,-6.168910525888895e-05,7.96342396959107e-05
283,2,1-4,adjust,-0.0030646587383735273,0.00014761593735480454,0.0001303687412790725
283,3,1-4,adjust,-0.009642621334071686,2.9620735849401548e-05,0.00022765192863388674
283,6,1-5,adjust,-0.0009109281343351166,-4.721115982905812e-05,0.00010742644733171965
283,7,1-4,adjust,-0.004296417245184742,3.8984446989857906e-05,1.3949030970941374e-05
283,8,1-5,adjust,-0.008365927808088617,-8.930300918904813e-05,9.320620436177833e-05
283,9,1-5,adjust,-0.0019779636066976736,-8.040144750253414e-05,8.545639233614579e-05
284,2,1-7,adjust,-5.0303073233525136e-05,-5.497485773990064e-05,0.00014100268606160213
284,3,1-7,adjust,0.0035705345820101356,-3.792504954300499e-05,9.074029180030212e-05
284,4,1-7,adjust,-0.0019400837569709352,3.514693613056519e-05,0.00011320508799642098
284,5,1-7,adjust,-0.005516315904661299,6.605886920606891e-05,9.513750495737022e-05
284,6,1-7,adjust,-0.006900803175501881,-5.290779998811403e-05,0.00011038165010246963
284,9,1-8,adjust,-0.004666257707515552,-4.1741440666519055e-05,0.0001525918452646523
285,2,1-4,adjust,-0.001262692454978316,5.749808717994384e-05,9.34061226480191e-05
285,3,1-4,adjust,-0.0051101810644515406,0.00014454490759754197,0.00013998267199509613
285,6,1-5,adjust,0.003051430060620393,3.705996867665222e-05,5.1732182607776304e-05
285,7,1-4,adjust,0.0004119834743662181,-8.85137509753279e-05,6.606220001355405e-07
285,8,1-5,adjust,0.00434322990715748,7.648304579815103e-05,9.464687426590304e-05
285,9,1-5,adjust,0.005599666367098573,0.00016750753827417448,5.264513495525734e-05
286,2,1-7,adjust,0.007511431118619623,-0.0001555465796451305,2.794061125974896e-05
286,3,1-7,adjust,0.014582342853048552,-0.00023915239932680441,4.0764351042379645e-06
286,4,1-7,adjust,0.019408840122345977,-4.218287935162714e-05,7.968982588609541e-06
286,5,1-7,adjust,0.009010974162873674,-8.236223545263799e-05,2.4411300461188597e-05
286,6,1-7,adjust,0.0003668643192071771,-2.3095838661231927e-05,2.312721751692697e-05
286,9,1-8,adjust,-0.0020142342243274166,-6.640732685803307e-05,6.507521003157734e-06
287,2,1-4,adjust,-0.00039537475652024,7.477009004873254e-05,3.185732001036817e-05
287,3,1-5,adjust,0.0018946323457823325,6.711337962747983e-05,5.836146769170181e-05
287,6,1-5,adjust,0.006213423781512221,5.927320085541836e-05,0.00016138312459195827
287,7,1-4,adjust,0.00021613072352254145,0.00014432076741244834,3.9482643084752475e-05
287,8,1-5,adjust,-0.0034106032185789205,3.229983649423852e-05,6.061514455229489e-05
287,9,1-5,adjust,-7.710121015974062e-05,-7.014407331111418e-05,2.817408407455204e-05
288,2,1-7,adjust,-0.0057716844145582775,6.631944128060966e-05,3.5921350961767234e-05
288,3,1-7,adjust,-0.010533558187762804,0.0001039796399222326,4.8142656257186954e-05
288,4,1-7,adjust,-0.01402715315818368,-3.6778970718001185e-05,2.239272575511146e-05
288,5,1-7,adjust,-0.0074214770612868,0.00013110155461994064,8.515594463863509e-05
288,6,1-7,adjust,-0.007857408459241879,6.868946770296686e-05,2.9405073565399697e-05
288,9,1-8,adjust,-0.0013307088149897717,-4.211239180047527e-05,0.0001668096524859438
289,2,1-4,adjust,0.0003744827548514443,-9.920376228472928e-05,8.60960601864489e-05
289,3,1-4,adjust,-0.001026189536768815,-3.512771651464968e-05,7.288406884711657e-05
289,6,1-5,adjust,0.0036876010003057094,-8.52277359441035e-05,4.077993705544181e-05
289,7,1-4,adjust,0.004558175443111043,-0.00012489344273868217,6.75760463720041e-05
289,8,1-5,adjust,0.009415333694095269,6.0383327384757895e-05,2.747692616947407e-05
289,9,1-5,adjust,0.0032957104807947615,0.0001995825996665642,5.520859424025895e-05
290,2,1-7,adjust,0.0013349796161929099,3.110909949187672e-05,0.00011637674648633149
290,3,1-7,adjust,0.009154416016176324,-8.351596084907344e-05,3.8882805104686056e-05
290,4,1-7,adjust,0.013085487439616487,8.072467981582413e-05,4.393146577813263e-05
290,5,1-7,adjust,0.008030418686594676,3.2494688037719837e-06,2.168655769869347e-05
290,6,1-7,adjust,0.0034285710239058387,3.8976028389872844e-05,1.9285000860984985e-05
290,9,1-8,adjust,0.0028514480986323457,-1.4682219456771861e-05,0.000113840150006319
291,2,1-4,adjust,0.0017462640430285653,-8.000490331154637e-05,8.819411330082302e-05
291,3,1-5,adjust,-0.003493700368375011,0.00013492698254821426,4.709887324486086e-05
291,6,1-5,adjust,0.0037098703929971002,2.8249797531201165e-05,6.962650716694578e-06
291,7,1-4,adjust,0.012344761642090564,0.0001018042526818919,7.577483254507594e-05
291,8,1-5,adjust,-0.00046828926389198074,6.0554178725105824e-05,1.9186281854713108e-05
291,9,1-5,adjust,-0.002210477085825607,-5.246054705972173e-06,5.4190043609203015e-05
292,2,1-7,adjust,-0.0025486987215219904,0.0001372047998234125,3.127637681393249e-05
292,3,1-7,adjust,-0.0025842251341662006,1.9822261921524394e-05,5.425989339126685e-05
292,4,1-7,adjust,-0.006392911861795487,-8.531559790889792e-05,6.959013879171444e-05
292,5,1-7,adjust,-0.00048802358683448815,-3.2594051756977596e-05,7.687951277012178e-05
292,6,1-7,adjust,0.002064984154770475,-9.780419640305746e-05,0.0001800855236350727
292,9,1-8,adjust,0.0016026471177277958,7.173610762077337e-05,6.634369054195744e-05
293,2,1-4,adjust,0.004497841348338332,-7.116105900302148e-06,9.594594497219639e-05
293,3,1-5,adjust,-0.0005312912387250555,-0.00011143583272241868,2.3792998535326315e-05
293,6,1-5,adjust,-0.0014097331993902814,9.953043938616206e-05,8.032877689228506e-06
293,7,1-4,adjust,-0.014083346429071716,-5.5180894131850845e-05,2.855065337790098e-05
293,8,1-5,adjust,0.0013967520506511374,-2.306555841253478e-05,7.837080375117058e-05
293,9,1-5,adjust,-0.0025865104242240615,-5.329944938311475e-05,1.5657456887964195e-05
294,2,1-7,adjust,-0.0022913515254921447,-7.023282849281336e-05,5.7401508560420326e-05
294,3,1-7,adjust,0.0018454038024932045,-2.9752803872611142e-06,0.00011164897849126131
294,4,1-7,adjust,-0.016113051804893787,1.3303803354799922e-05,9.999396401240497e-05
294,5,1-7,adjust,-0.006567922153766281,-2.4939800528902915e-05,7.424959181932789e-05
294,6,1-7,adjust,-0.008836281424410402,-8.15771336840161e-05,2.5707134871117546e-05
294,9,1-8,adjust,0.0038774724205634216,0.0001949883155489559,0.00025245878662653583
295,2,1-4,adjust,-0.0061938783134841266,0.00011776931348370437,0.00015402921436369677
295,3,1-4,adjust,-0.010069398640385203,9.704150939548527e-05,8.79349560576941e-05
295,6,1-5,adjust,-0.0004668885381947558,8.604956374001558e-05,0.00014023447694932654
295,7,1-5,adjust,0.006361639589492898,-2.5635871458840428e-05,0.00010975214963866938
295,8,1-5,adjust,-0.008564632173695255,-0.00010645197189921068,3.219787258850889e-05
295,9,1-5,adjust,-0.004882464021236884,-0.0003080583320105743,6.671402352060899e-05
296,2,1-7,adjust,0.010176883402582389,-0.00014426639127415933,6.9152002798910695e-06
296,3,1-7,adjust,0.015405367504581241,-0.000122856445489365,1.7372465327226945e-05
296,4,1-7,adjust,0.016623742434157353,3.098394693181211e-05,2.547558573785238e-05
296,5,1-7,adjust,0.01016382674647836,-2.701504807077554e-05,4.742563866152125e-05
296,6,1-7,adjust,0.013120281463209467,2.1862365112872236e-05,7.28311000216354e-05
296,9,1-8,adjust,-0.0006596314088456203,2.8608312558730872e-05,7.716096863834061e-05
297,2,1-4,adjust,-0.0034625331633479192,-1.2453174686230773e-05,6.747242688944905e-05
297,3,1-4,adjust,-0.003925218501861257,7.387339679732216e-05,6.848528200582736e-05
297,6,1-5,adjust,-0.0035181530880229244,-3.738775616362198e-05,1.5879086523622056e-05
297,7,1-5,adjust,-0.003785295439196863,5.393883138806215e-05,7.198675165051577e-05
297,8,1-5,adjust,0.0038052486296488116,-9.701366884880047e-06,1.6828360875851963e-05
297,9,1-5,adjust,0.004436921205361797,0.0001266737319069257,3.480499003685012e-05
298,2,1-7,adjust,-0.0029321348543345674,0.00011198308173640457,3.290596978835186e-05
298,3,1-7,adjust,-0.011202835853325143,-2.5973499526216e-05,0.00012013971998828608
298,4,1-7,adjust,-0.0024760559206807474,7.553881002395508e-05,6.114361090046503e-05
298,5,1-7,adjust,-0.003706115902092456,2.243975540355016e-05,8.22143749451697e-07
298,6,1-7,adjust,-0.004655036309799355,1.937289517446584e-05,7.031163227979986e-05
298,9,1-8,adjust,-0.0028700914661990607,-5.1144861492327125e-05,3.939584289943026e-05
299,2,1-4,adjust,-0.0023643685649581683,9.791476969796914e-05,0.00010858388486724792
299,3,1-5,adjust,0.008687930087305168,-3.536032169887897e-05,4.632574000543144e-05
299,6,1-5,adjust,0.003089778634140452,-0.0001363770330022579,9.446735868752645e-05
299,7,1-4,adjust,0.0056670929045217954,4.0504854663239225e-05,5.333475451252196e-05
299,8,1-5,adjust,0.001839931722384796,1.3230479894304449e-05,0.00010660345169342065
299,9,1-5,adjust,0.0019191616569452607,-3.0309788419014536e-06,5.3206204199324325e-05
300,2,1-7,adjust,-0.0010646291295254699,6.345943294931284e-07,0.0001363214354298239
300,3,1-7,adjust,6.80864161208473e-05,3.176215454536026e-05,7.80591829288917e-05
300,4,1-7,adjust,-0.0007286503008949589,-5.0715121007950626e-05,5.9410151655362986e-05
300,5,1-7,adjust,-0.003884147296115172,-2.2465865738145848e-05,2.9069137105643207e-05
300,6,1-7,adjust,-0.0005957826120009861,5.656565413265404e-05,6.021876849373915e-05
300,9,1-8,adjust,-0.0010376195594188832,3.079233791512337e-05,9.379138765076358e-05
301,2,1-4,adjust,0.0037269844377286108,-7.36377634733211e-05,4.1421536652588946e-05
301,3,1-5,adjust,-0.00016806176606313911,-2.2902626675182056e-05,1.9127547497992613e-05
301,6,1-5,adjust,-0.00639284188790927,3.931159309118401e-05,1.2889816067422891e-05
301,7,1-5,adjust,-0.008167134805509967,-6.476392099943305e-05,8.956288875712298e-05
301,8,1-5,adjust,-0.0007938554220544409,4.377482029012357e-05,3.4618517505672754e-05
301,9,1-5,adjust,-0.001885594745225859,-9.378198728706349e-05,9.209754844160097e-05
302,2,1-7,adjust,0.002440502384303205,-0.0001273994057440276,9.228990078384728e-05
302,3,1-7,adjust,0.0005378737547339325,-2.226657458302244e-05,3.5065685717784386e-06
302,4,1-7,adjust,0.0017635792203566521,7.016825732721752e-06,3.25771343704004e-05
302,5,1-7,adjust,-0.003216987956430429,1.1918155259500269e-05,2.5837986285755578e-05
302,6,1-7,adjust,-0.0005461027203626144,-9.612931880501581e-05,4.291675332497702e-06
302,9,1-8,adjust,-7.101076780560317e-05,7.175357761132127e-05,5.3588613691993445e-05
303,2,1-4,adjust,-0.0013719778411484462,0.0001052054260258857,1.4382641032086522e-05
303,3,1-5,adjust,-0.0032051097918414247,-1.3924791651481844e-07,2.9746854794156223e-05
303,6,1-5,adjust,-0.002007853310792371,0.00013048866595255715,0.00012093424660759259
303,7,1-4,adjust,0.002826902220186032,-4.191270071295369e-05,8.163602752016906e-05
303,8,1-5,adjust,-0.005192174552481446,-9.90585813078592e-06,1.0944694307803327e-05
303,9,1-5,adjust,-0.00010962627524133333,-3.6671651276269136e-05,6.477708563990908e-05
304,2,1-7,adjust,0.0032234841376316257,-0.00012170021494601448,1.1357445234865701e-05
304,3,1-7,adjust,0.009988357716226155,-1.4257016672786123e-05,3.249990985123636e-05
304,4,1-7,adjust,0.004452491081858218,-1.2738588831484742e-05,4.368332557204134e-05
304,5,1-7,adjust,0.005376247990451758,2.6000822971175377e-05,4.283668070124319e-05
304,6,1-7,adjust,0.009380436050861274,-3.1110988112305565e-05,6.725731807349473e-05
304,9,1-8,adjust,-0.0009927295423431133,1.7847113145848292e-05,7.896695881055568e-05
305,2,1-4,adjust,-0.003599137466500097,5.606196820754211e-05,6.058796306373766e-05
305,3,1-4,adjust,-0.00585268917833816,-2.9240434687649287e-05,6.717218409287484e-05
305,6,1-5,adjust,-0.001526365505755982,-8.984516993999864e-05,5.219200325802512e-05
305,7,1-4,adjust,0.002125664584829087,0.00010648073959055211,4.095707547699237e-05
305,8,1-5,adjust,0.009674848850692426,3.414810881414644e-05,3.165012514262238e-05
305,9,1-5,adjust,0.001905079824862292,-3.6917944965855395e-05,4.951906805038291e-05
306,2,1-7,adjust,-0.003874730441563567,9.399566839298126e-05,3.233159810838364e-05
306,3,1-7,adjust,-0.008807119093927694,0.000128381875273983,3.867372806976305e-05
306,4,1-7,adjust,-0.01376593044962525,1.8973311418337572e-05,6.205012977270111e-05
306,5,1-7,adjust,0.00017862164622537877,5.574130851067521e-05,1.4648338466588687e-05
306,6,1-7,adjust,-0.003961664397656708,8.961065599296067e-05,6.19017783446507e-05
306,9,1-8,adjust,0.004380412552797564,9.579844009978982e-05,3.1485405919331027e-05
307,2,1-4,adjust,-0.0005968109052664851,9.322723138268395e-05,0.00013243899767264016
307,3,1-4,adjust,0.002586809678690905,-3.491692768443046e-06,8.199584150772463e-05
307,6,1-5,adjust,0.006469554345508115,2.2672849747366028e-05,9.252114016301388e-05
307,7,1-4,adjust,0.0037859988884163306,-0.00011211017270492673,1.587779550313772e-05
307,8,1-5,adjust,-0.0046446585187338695,-4.5644030786832765e-05,3.329280835812889e-05
307,9,1-5,adjust,0.00040568337004378413,1.2216010823034488e-05,3.2595362706202673e-05
308,2,1-7,adjust,0.004221368084372985,-0.00023405856148133743,2.0757566662510143e-05
308,3,1-7,adjust,0.011225183983069785,-0.00014775244164463437,6.697898636258095e-05
308,4,1-7,adjust,0.015936397801032016,-9.714997901891119e-05,1.5963291227427895e-05
308,5,1-7,adjust,0.004008553101368495,-7.873231826669996e-05,4.714308142933968e-05
308,6,1-7,adjust,0.0017750770932910365,-7.26124397179374e-05,8.101455458826242e-05
308,9,1-8,adjust,-0.0028268438529878773,-1.77839053621453e-05,1.75598903044349e-05
309,2,1-4,adjust,0.0040748764348545715,-1.4072285958614101e-05,2.3283194494036677e-05
309,3,1-4,adjust,-0.0012578846900981096,5.178663613623e-05,5.015525529915547e-05
309,6,1-5,adjust,-0.0025902121470268956,-3.6603622449476147e-06,6.480821802167381e-05
309,7,1-5,adjust,-0.006298335113533553,9.061137941586394e-05,7.442386802709877e-05
309,8,1-5,adjust,0.0004514876757376549,1.421403465660821e-06,4.446988733467323e-06
309,9,1-5,adjust,-0.001984117587635111,-5.956461512295615e-05,4.061748231325032e-05
310,2,1-7,adjust,-0.003833258151659905,9.507625166717872e-05,3.9779642005700995e-05
310,3,1-7,adjust,-0.007176160205325631,0.00010588399302485684,4.1800211203772895e-05
310,4,1-7,adjust,-0.011161625936237641,0.00014036184276996843,2.158103947249404e-05
310,5,1-7,adjust,-0.00843659243457564,1.5378379612075236e-06,1.4151955646835939e-05
310,6,1-7,adjust,-0.004985535233686558,1.260225646097588e-05,4.743155402975671e-06
310,9,1-8,adjust,0.0024414106304057664,1.934933923216392e-05,5.4505735885636255e-05
311,2,1-4,adjust,-0.0017715382912582124,9.74989285286848e-05,0.00012874566254202332
311,3,1-5,adjust,0.0001798804357886939,-4.5330247856915386e-05,4.8395066740765414e-05
311,6,1-5,adjust,-0.0022871807296796984,2.7088616216270403e-06,6.988822721285932e-05
311,7,1-5,adjust,-0.0016851734352605618,-0.0001238533518004174,0.00014819530156799006
311,8,1-5,adjust,-0.001994507628848651,1.4279891447074554e-05,6.71562800142848e-05
311,9,1-5,adjust,-0.0019109400340230531,-7.911751437408904e-05,0.0001277070791451006
312,2,1-7,adjust,0.0038708924417143616,-0.00012657346196721185,2.9123937640289503e-05
312,3,1-7,adjust,0.006098798066058412,-0.00010771906751933969,8.539055866686049e-05
312,4,1-7,adjust,0.011873058937121194,-7.876123240928431e-05,8.394197272165479e-05
312,5,1-7,adjust,0.006584429414853911,-1.1553220979312366e-05,7.486061234778536e-05
312,6,1-7,adjust,0.004849808397412834,1.2669678035462149e-05,5.46316268875838e-06
312,9,1-8,adjust,0.001551199311059779,2.6465808854512826e-05,7.415888500268797e-05
313,2,1-4,adjust,0.0009883356453504906,-4.0568386185260815e-05,2.6211636928309567e-05
313,3,1-4,adjust,0.002650814449498563,9.120208978271297e-06,8.694159831442117e-05
313,6,1-5,adjust,-0.000675592684369821,7.179968590806575e-05,3.6400318422165124e-05
313,7,1-4,adjust,0.002661867671910985,7.250337158323274e-05,1.358480727265946e-05
313,8,1-5,adjust,-0.002322103919930726,-4.10798393529655e-05,6.483185109431566e-06
313,9,1-5,adjust,-0.0033817691896771813,-1.6503100858704976e-07,4.3534938054916906e-05
314,2,1-7,adjust,-0.003183778552728671,8.240023383027728e-05,6.300295709123313e-05
314,3,1-7,adjust,-0.001747473696888162,4.864254128498521e-05,4.022889941413324e-05
314,4,1-7,adjust,-6.62867896799683e-05,-6.154717786685579e-05,3.822881286496175e-05
314,5,1-7,adjust,-0.0011867088744055877,6.651047125561609e-05,2.249056635452805e-05
314,6,1-7,adjust,-0.001370163686541176,-6.799249630837459e-05,8.776594776447428e-05
314,9,1-8,adjust,0.0018109691389472534,-3.0892356945782836e-05,3.3291458466846996e-05
315,2,1-4,adjust,0.0031332264664255074,-0.00014743048868251144,0.00017113478598977934
315,3,1-4,adjust,0.002087070119868534,-1.7109916937559476e-05,0.0001782159252330492
315,6,1-5,adjust,0.003963689449446649,3.4008392484581914e-05,4.114944201033474e-05
315,7,1-4,adjust,-0.005832814972971284,2.69962211022637e-05,7.23676611608835e-05
315,8,1-5,adjust,0.010141861377273586,0.00010516688427652969,7.757453011606503e-05
315,9,1-5,adjust,0.001298208840241432,0.0001367982422609882,2.0574819013623868e-05
316,2,1-7,adjust,0.0001293126367708341,0.00012067792688650559,7.485290668661025e-05
316,3,1-7,adjust,-0.008621990344423626,7.909561412526586e-05,5.467421413284431e-05
316,4,1-7,adjust,-0.01219445428439428,5.961550748109614e-05,7.266219701594287e-05
316,5,1-7,adjust,-0.004881975895532773,3.2446744208037995e-06,2.5223252842324933e-05
316,6,1-7,adjust,-0.008761846311612394,1.8031461546146453e-05,9.284540300741413e-05
316,9,1-8,adjust,0.004020833939082589,8.48334306449081e-06,0.00015804087312878574
317,2,1-4,adjust,-0.00382041472883356,7.987962824926496e-05,9.715482896550349e-06
317,3,1-4,adjust,-0.0008902936209025046,7.592932904606637e-05,0.00011452011433514878
317,6,1-5,adjust,0.005607788278778477,-0.00010165686973050989,9.50873856006887e-06
317,7,1-4,adjust,0.005906112373871373,4.0113815733577615e-06,2.6729641023006707e-05
317,8,1-5,adjust,-0.012554754484247888,-5.306115040011658e-05,1.9962752332587216e-05
317,9,1-5,adjust,-0.0026512287415194212,-0.0001012990694939333,5.786110363634539e-05
318,2,1-7,adjust,-0.001140912673457661,8.124333630707569e-05,6.874558682267383e-05
318,3,1-7,adjust,0.0063303388778291406,-0.0001632619044984906,9.390058523396182e-06
318,4,1-7,adjust,0.008246539927851631,3.591583260998735e-05,1.3603530036284963e-05
318,5,1-7,adjust,0.003939503202212583,-4.000500439871463e-05,4.2359914973285016e-05
318,6,1-7,adjust,-0.005295275339157254,5.190584953098093e-06,0.0001347646537755078
318,9,1-8,adjust,-0.00576570877674013,-4.999134496443989e-05,0.00013996924674677922
319,2,1-4,adjust,0.0029678761433708715,-0.00013166953599573627,8.669328216334947e-06
319,3,1-5,adjust,-0.003671299977228406,4.4282581058849616e-05,4.582547759717753e-05
319,6,1-5,adjust,0.0075056972092143424,-1.5597186640208232e-05,3.81295614282845e-05
319,7,1-4,adjust,-0.0001702015832745095,1.6352482620516097e-05,5.35264939423492e-06
319,8,1-5,adjust,0.0023399548445765805,-5.7358497958169845e-05,9.194796097066556e-05
319,9,1-5,adjust,0.004722810491124668,9.208476155672872e-05,1.2480721233180462e-05
320,2,1-7,adjust,-0.005141173380949488,0.00017631894772342588,7.747976047570355e-05
320,3,1-7,adjust,0.0026331056631545406,4.5697550549203184e-05,8.082093450753008e-05
320,4,1-7,adjust,0.0003382901250041838,-2.9145720246822947e-05,2.1849257880230527e-05
320,5,1-7,adjust,0.00124924856849793,-1.8107742566954186e-06,8.835500441750676e-05
320,6,1-7,adjust,-0.002616688115841339,6.747547273764166e-05,2.6065500045062732e-05
320,9,1-8,adjust,-0.0030747945858257304,-0.0001399668961764474,0.00016324827354257139
321,2,1-4,adjust,0.007249528002419031,-0.0002833198308147705,4.8477498876924766e-05
321,3,1-5,adjust,0.0018197268026802556,-4.5269720790826734e-05,2.261437733674123e-05
321,6,1-5,adjust,0.0008141780420684334,2.6558898996507963e-06,4.806080551825158e-06
321,7,1-4,adjust,0.0052857479961724695,-4.671567655042344e-05,6.302911694799806e-05
321,8,1-5,adjust,0.011674037052936737,0.00013308365649659286,1.9996360188446265e-05
321,9,1-5,adjust,0.003329847338567819,0.00021410003369396475,1.138805312234014e-05
322,2,1-7,adjust,-0.0008509427001823834,8.332446979744982e-05,9.947451085779796e-05
322,3,1-7,adjust,-0.007838630239507632,7.934768666663743e-05,0.00016691959114220072
322,4,1-7,adjust,-0.0008543726742580431,-1.5400057643489877e-05,7.122175227568553e-05
322,5,1-7,adjust,0.0051728044008955846,-1.093740719194799e-05,9.821334985976994e-05
322,6,1-7,adjust,0.004911545307032446,-5.7735182073461514e-05,0.00012558567986430973
322,9,1-8,adjust,0.0059301500194684255,2.6677030781446567e-05,0.00015314899493916375
323,2,1-4,adjust,-0.0009746076765262594,-8.360312054769206e-05,5.2551440434888815e-05
323,3,1-5,adjust,0.008146230363786705,-9.729089659838614e-05,5.7331172089640813e-05
323,6,1-5,adjust,0.0006380444418022293,0.00012677354405774666,2.8453571138464847e-05
323,7,1-4,adjust,-0.005702525599420183,6.557647669131588e-05,5.703439709936369e-05
323,8,1-5,adjust,-0.0011828425575170836,-5.104066851025108e-05,6.81251441247568e-05
323,9,1-5,adjust,-0.005745271802475181,-9.30142804721964e-05,2.586811519969703e-05
324,2,1-7,adjust,-0.0031565885260991396,0.00021121187969617628,1.770378818210372e-05
324,3,1-7,adjust,-0.0031597895610073045,0.00010390448435297963,9.764279015014038e-06
324,4,1-7,adjust,-0.010510475573918978,5.865524932869629e-05,3.0623935271958284e-05
324,5,1-7,adjust,-0.007332870515689271,3.986751701287793e-05,4.3670939254200614e-05
324,6,1-7,adjust,-0.006808777774181443,-6.226410345117204e-05,6.756522352742055e-05
324,9,1-8,adjust,0.0017604192397780137,0.00015083469274107045,0.0001307507948660899
325,2,1-4,adjust,-0.002569060049460093,3.9945503918204295e-05,9.04558455171215e-05
325,3,1-4,adjust,-0.008229696910892717,-5.735450467930538e-05,8.399518221434512e-05
325,6,1-5,adjust,0.0004666574657931123,5.684159394602822e-06,6.354533206253014e-05
325,7,1-4,adjust,-0.006126212242906081,-8.011967477013438e-05,9.070424772330532e-05
325,8,1-5,adjust,-0.005765919963841708,-2.076519825007411e-05,2.1063120065874843e-05
325,9,1-5,adjust,-0.0027939680159413645,-7.645637079814885e-05,8.410432942850035e-05
326,2,1-7,adjust,0.007688190074252883,-0.0002834302174496275,0.00010144304665501062
326,3,1-7,adjust,0.0023419635193000637,3.499852004595577e-05,1.5588878784809354e-05
326,4,1-7,adjust,0.006240857295793684,-9.297775124097134e-05,9.223963111963669e-05
326,5,1-7,adjust,0.0008875987468531135,-1.7870910365463938e-05,1.679026693547034e-05
326,6,1-7,adjust,-0.004297372441771885,-2.7374087130888925e-05,0.00010932037375827332
326,9,1-8,adjust,0.0007016259498302226,-7.222512061109931e-05,0.00016576649801486792
327,2,1-4,adjust,-0.0033476183985705617,0.00016594438490808268,3.625376601520571e-05
327,3,1-5,adjust,0.005187347809153996,-5.714632935868598e-05,2.2352284661265627e-05
327,6,1-5,adjust,0.0038048802511639855,8.548828846667988e-06,8.479651489049674e-05
327,7,1-4,adjust,0.0006947560275744495,-6.777805845056016e-07,5.5770998760306206e-05
327,8,1-5,adjust,0.0006170326577815383,3.1941668185759826e-05,6.783163825044885e-05
327,9,1-5,adjust,-0.00014588812590904816,1.8471937619203547e-05,5.669047441936197e-05
328,2,1-7,adjust,-0.00035620541231567895,-0.0001392769901192685,5.212453402915607e-05
328,3,1-7,adjust,0.0004092960428226927,1.72330112459991e-05,5.292629058903645e-05
328,4,1-7,adjust,0.007978326343862302,0.00011342612487875227,3.683356167865859e-05
328,5,1-7,adjust,-0.004846639012432422,-5.2283340457568456e-05,5.235512501914897e-07
328,6,1-7,adjust,-0.0024003211023504887,2.7455127520603605e-05,9.399819872513938e-06
328,9,1-8,adjust,0.0009119147729121044,9.095173348188195e-05,0.00020454341257587332
329,2,1-4,adjust,0.0012276078664609053,0.00012803096982358427,5.369240479768627e-06
329,3,1-4,adjust,0.002573075572414749,-7.868680503867759e-06,0.00010908290446148063
329,6,1-5,adjust,-0.0020363773293721934,-5.154465877659048e-05,0.0001301977574946522
329,7,1-5,adjust,0.005192713242947015,9.777466313983666e-06,0.00012667635010753852
329,8,1-5,adjust,-0.008523624360360542,-6.552473463670035e-05,0.00013696623092664874
329,9,1-5,adjust,-0.005549727055749457,-0.0002283495189818494,0.0001024525665290436
330,2,1-7,adjust,-0.004213178672674026,-7.811874333752238e-06,0.00011368464649197992
330,3,1-7,adjust,-0.00272193882902319,3.6822136167064516e-05,6.894558426025417e-06
330,4,1-7,adjust,-0.007079164648855082,-0.00010822402877492008,5.163031836322416e-05
330,5,1-7,adjust,0.012613913706317271,7.45616435379887e-05,8.510086324294943e-05
330,6,1-7,adjust,0.007082804548466981,4.60040823464577e-05,9.618748461542077e-05
330,9,1-8,adjust,0.0008245666464654449,-3.528246266279258e-05,0.00011817474177660434
331,2,1-4,adjust,0.0032461435230966423,-4.6499759190949544e-05,7.824198555955977e-06
331,3,1-5,adjust,0.0029071969879397234,-9.365795399291665e-05,6.938515544803822e-05
331,6,1-5,adjust,0.008375554927062113,-7.261030611958205e-05,8.495890455466328e-05
331,7,1-5,adjust,0.007637040743239682,5.172311050711005e-05,0.00010519425667539312
331,8,1-5,adjust,0.010077135557761754,4.842093360332777e-05,1.3450043211003392e-05
331,9,1-5,adjust,0.0037690419406202057,0.0002039845706784214,9.818899349211585e-05
332,2,1-7,adjust,-0.002367501867815694,8.737506688587814e-05,1.5090193507446777e-05
332,3,1-7,adjust,0.0027005368479892165,5.265105064518211e-05,2.8175306737542776e-05
332,4,1-7,adjust,0.0027574080318015907,3.308077288666449e-05,1.9714018415372052e-05
332,5,1-7,adjust,-0.009537017614452626,-1.3579204769166087e-05,7.870971420031013e-06
332,6,1-7,adjust,-0.0016901513186704414,0.00012587903917117538,5.27411859411811e-05
332,9,1-8,adjust,0.0019890666794619856,-1.2183248684749082e-05,2.7159493801493892e-05
333,2,1-4,adjust,0.005285696071001446,-0.00011030074482259006,8.828835997983197e-05
333,3,1-5,adjust,-0.0064813027710904116,-2.0855394782927712e-05,3.8914987187617236e-05
333,6,1-5,adjust,-0.010962563474025789,-4.260535570551599e-05,3.355858458795009e-05
333,7,1-4,adjust,-0.008518681091982139,2.1280011093506653e-05,2.0241611374433682e-05
333,8,1-5,adjust,-0.008904100289083918,-1.8370782937467583e-05,4.9007917737035475e-05
333,9,1-5,adjust,-0.004188744938284953,-9.985170873769398e-05,2.8684459401903507e-05
334,2,1-7,adjust,-0.006312774919716128,0.0001297788295811282,7.877870782958127e-05
334,3,1-7,adjust,-0.003060707416098355,6.907088225192528e-05,4.253316958716198e-05
334,4,1-7,adjust,-0.006318780459065941,3.082547207814729e-05,1.411277843668911e-05
334,5,1-7,adjust,0.0016545569864773616,1.720908736318085e-06,3.914693374913151e-05
334,6,1-7,adjust,-0.0004359098807886726,-1.0559774399625375e-06,4.67907756850397e-05
334,9,1-8,adjust,-0.0006852947640119528,-1.6187982080501055e-05,0.0001446335245374013
335,2,1-4,adjust,0.0004900797550278604,-5.8914397197293867e-05,3.46001590067056e-05
335,3,1-4,adjust,0.00034283414933582564,-2.9604380185421264e-05,7.197332707106939e-05
335,6,1-5,adjust,0.0008169556966930553,-1.559753554044936e-05,6.255687458487982e-05
335,7,1-4,adjust,0.0026304349731953525,-5.157933313709488e-05,1.850216120507189e-05
335,8,1-5,adjust,0.011333445116390794,1.7140619681720346e-06,2.01485020836416e-05
335,9,1-5,adjust,0.0018661154772988814,9.893989244965161e-05,2.2239087064380548e-05
336,2,1-7,adjust,0.0060729983650008364,-4.3737251579022885e-05,8.763938999335519e-05
336,3,1-7,adjust,0.0022821169179967358,-4.4174023529209384e-05,4.236972043194583e-05
336,4,1-7,adjust,0.006041350287297685,-4.709418325476559e-05,3.27352356115712e-05
336,5,1-7,adjust,-0.003377570949362307,-7.116221289635623e-05,9.426228138592233e-06
336,6,1-7,adjust,0.0027911598177778885,-9.992348387279051e-05,2.437857844807322e-05
336,9,1-8,adjust,0.0017901236583586938,5.392968975517405e-05,5.8182516628859775e-05
337,2,1-4,adjust,-0.0022391911887997356,-1.2980804187864082e-05,3.376017976968437e-05
337,3,1-5,adjust,0.002163240584329794,-1.6993399951984022e-05,6.422458268619464e-05
337,6,1-5,adjust,-0.007662241377406708,0.00012199449662408907,5.1463204099057017e-05
337,7,1-4,adjust,-0.010705177095271698,5.747352490934853e-05,5.664665575783265e-06
337,8,1-5,adjust,-0.008568207889789362,-4.5771912703713544e-05,0.00012014129521243172
337,9,1-5,adjust,-0.004539914398094244,-0.00018853470286281243,6.005144702627227e-05
338,2,1-7,adjust,-0.004074296958581548,0.00010052156477115575,0.00012414141635753095
338,3,1-7,adjust,-0.008193439044500955,0.00012845598491691105,3.596789423730186e-05
338,4,1-7,adjust,-0.014287155857757047,0.0001103385608703164,6.420752212412785e-05
338,5,1-7,adjust,-0.008194899724862597,0.00015878762164662656,0.00012005441855022645
338,6,1-7,adjust,-0.0070487236204053935,-0.00010830557695611364,6.484290085112426e-05
338,9,1-8,adjust,0.0005770453301692381,1.2624329603742321e-05,1.3610892299959507e-05
339,2,1-4,adjust,-0.0017559260817577708,2.383893554720619e-05,2.9719087109829947e-05
339,3,1-5,adjust,-0.005055388905445429,9.94043228508378e-06,3.548196033598096e-05
339,6,1-5,adjust,0.007035732179104141,7.745623325996147e-05,1.9429085285776803e-05
339,7,1-5,adjust,0.0072495611198354175,-6.284223943581053e-05,9.659122607717609e-05
339,8,1-5,adjust,0.002285220986509633,9.709653791640648e-05,5.483802617898631e-05
339,9,1-5,adjust,0.005133631427167815,0.00020798026649459774,6.782605345159782e-06
340,2,1-7,adjust,0.005273684939940811,-0.00012768164925687527,6.976673616551899e-05
340,3,1-7,adjust,0.012569377710012108,-4.880127147720821e-05,2.8522827665291194e-05
340,4,1-7,adjust,0.012321232683459292,-8.077514711990103e-05,0.0001127358773495449
340,5,1-7,adjust,0.0028554801825002255,-0.0001428609612271731,8.813087974529492e-05
340,6,1-7,adjust,0.0057023557117937655,-2.5688869654175376e-05,6.99855585119548e-05
340,9,1-8,adjust,-3.1185402241869623e-07,-0.00010899693261185397,7.356760316969846e-05
341,2,1-4,adjust,0.0005644744349600161,4.329674181692523e-06,2.041013772295086e-05
341,3,1-5,adjust,-0.0027233149770191914,-2.8834795705430008e-05,3.148702818065029e-05
341,6,1-5,adjust,-0.009782871895655338,1.2543320940949764e-05,0.00013136295553062985
341,7,1-5,adjust,-0.007879594839808556,1.9207919505073012e-05,9.894860300907837e-05
341,8,1-5,adjust,-0.0037820828827152017,-0.00011028875029093862,0.00010025895685597603
341,9,1-5,adjust,-0.005811738318223213,-7.651278274076469e-05,4.831578114319369e-05
342,2,1-7,adjust,-0.002041677206000277,0.00010532759787836363,1.526049643410937e-05
342,3,1-7,adjust,0.0002848921198552507,5.480529157917492e-05,0.00010550316889116127
342,4,1-7,adjust,-0.003254180476435633,1.1258391351014662e-05,5.4825246818501324e-05
342,5,1-7,adjust,-0.00131791192982559,7.378372470225497e-05,0.00011117841951954874
342,6,1-7,adjust,-0.0014558791315846188,-5.06007695060887e-05,6.344062842575923e-05
342,9,1-8,adjust,-0.00017292222305242266,-3.411879970759977e-05,1.409818020565129e-05
343,2,1-4,adjust,0.0016912325643306779,-3.508764943564625e-05,3.61773039759857e-05
343,3,1-4,adjust,-0.0017403984960249936,5.487686134534737e-05,7.470779228207656e-05
343,6,1-5,adjust,0.003326840393422396,2.137012190997463e-05,7.782212856216096e-05
343,7,1-5,adjust,0.0054581194901120855,-0.00011915810925691227,7.868701210829137e-05
343,8,1-5,adjust,0.0021136634444528465,-5.289552830073593e-07,4.4295939198967196e-05
343,9,1-5,adjust,0.004287620787492269,5.8769772050352745e-05,2.100837554360617e-06
344,2,1-7,adjust,0.0033745569589242437,-0.0001675773745189777,1.594633307658491e-05
344,3,1-7,adjust,0.01260723110398822,-0.00020581346895570833,5.7738005316939565e-05
344,4,1-7,adjust,0.011083825130074356,-3.9795458469380916e-05,1.6753400274407783e-05
344,5,1-7,adjust,0.015075084681259156,-8.842721435276357e-05,4.667894752061539e-05
344,6,1-7,adjust,0.009357109880201329,2.3359479046253672e-05,9.548434389726786e-06
344,9,1-8,adjust,-0.003053695712199606,-4.827646892833165e-05,9.848804458015849e-05
345,2,1-4,adjust,0.00016642791595016817,3.33884351476075e-05,6.075074700720576e-05
345,3,1-4,adjust,-0.001657130372309885,4.616943394937757e-05,4.570060502770914e-05
345,6,1-5,adjust,-0.0018078351562424004,0.00021736017532222163,2.4179923899915103e-05
345,7,1-4,adjust,0.0011256136546896828,6.967014957116923e-05,1.5812160541454924e-05
345,8,1-5,adjust,-0.00019931734092979117,3.0836712621245604e-05,4.692262917862519e-05
345,9,1-5,adjust,-6.391464257555932e-05,-2.4816413467288582e-06,6.112511664018798e-05
346,2,1-7,adjust,-0.003069539702749701,7.254845036248453e-05,3.950281668239718e-05
346,3,1-7,adjust,-0.00417369641740985,-1.88520588916858e-05,5.092676523538841e-05
346,4,1-7,adjust,-0.0027854870950761194,-3.294440071904335e-05,2.4350077247450866e-05
346,5,1-7,adjust,-0.002594776080600975,0.00013768809254286217,2.868682242057907e-05
346,6,1-7,adjust,-0.00040844056544107605,-0.00023916494106940932,5.273677266143601e-05
346,9,1-8,adjust,0.00016220482513053277,5.3521756017463115e-05,2.584850925901885e-05
347,2,1-4,adjust,-0.00028261756766452604,1.4748842292367876e-05,9.58773209845238e-05
347,3,1-4,adjust,0.0035872873081708822,-5.351749564164946e-05,0.00018807151290343717
347,6,1-5,adjust,0.010205615679657594,3.757876823672706e-06,2.6360238002635117e-06
347,7,1-5,adjust,0.008936620927768812,0.00010886824014672307,0.00010888193377082053
347,8,1-5,adjust,0.010827800963371383,7.505504514130337e-05,0.00015746767604471183
347,9,1-5,adjust,0.003454322815248406,0.00012925022117871572,0.00020621189651619433
348,2,1-7,adjust,-0.0027544869372037014,1.3895606799137216e-05,3.9064323502142864e-05
348,3,1-7,adjust,-0.006289142985450034,0.00010446179563652846,7.165089650190642e-05
348,4,1-7,adjust,-0.008795924151354889,0.00010650130054905437,3.0666100114780235e-06
348,5,1-7,adjust,-0.0023355513195703246,-4.075062820941941e-05,1.7347529890784244e-06
348,6,1-7,adjust,-0.00590500563456386,5.341149602172915e-05,1.9046579523185727e-05
348,9,1-8,adjust,0.004704745131025289,8.557221794059664e-05,6.32324632653187e-05
349,2,1-4,adjust,-0.0019379079705963466,-3.4176926975440505e-05,8.154503467350198e-05
349,3,1-4,adjust,-0.005708949345597132,7.489927196949708e-05,7.787389917366369e-05
349,6,1-5,adjust,-0.0018310933599836013,-4.644442615069954e-05,3.4053686168015665e-06
349,7,1-4,adjust,-0.0010180214449007643,-1.0131746733077743e-06,5.1956169484712555e-05
349,8,1-5,adjust,-0.00783005328572923,-5.281351492954747e-05,2.5946115314997076e-06
349,9,1-5,adjust,-0.006917081878692909,-0.00017291843601584484,0.00010515613875533029
350,2,1-7,adjust,-0.0003269691191586304,9.462707311935935e-05,4.1371010362261465e-06
350,3,1-7,adjust,-0.000485753315810715,-5.4705034841103166e-05,6.4483973291966666e-06
350,4,1-7,adjust,-0.003164449513288742,-2.663407877043034e-05,0.00010904014810153909
350,5,1-7,adjust,-0.0008114671041234694,2.0996913197659256e-05,2.7745227362933564e-05
350,6,1-7,adjust,0.0011340850533450174,2.440949846499445e-07,2.5994897912565277e-05
350,9,1-8,adjust,0.0005018138652410248,-4.710873421857689e-05,0.00014087665590590203
351,2,1-4,adjust,0.0017736231579279429,-4.501139173959139e-06,7.345152596618873e-05
351,3,1-4,adjust,-0.00047484477030405,-9.336644071602526e-06,9.757538548618574e-05
351,6,1-5,adjust,-0.0031039313646400173,0.00010211988468378355,9.109777506594938e-05
351,7,1-5,adjust,0.0023319336194095137,4.813794750538919e-05,8.76329192473436e-05
351,8,1-5,adjust,0.002241537906169924,4.31727352581826e-05,2.0105582044369202e-05
351,9,1-5,adjust,0.0031486972733094057,6.671333626154257e-05,2.7006087989123978e-05
352,2,1-7,adjust,-0.0010132515796128444,-1.849023967136958e-05,1.0796759314437015e-05
352,3,1-7,adjust,0.007087631818085897,4.7993120457657364e-05,1.1521847031613647e-05
352,4,1-7,adjust,0.0035227659235448185,5.8243433787517135e-05,8.503716809939401e-06
352,5,1-7,adjust,-0.00033411748945175006,-9.3540842969549e-05,3.847966166065774e-05
352,6,1-7,adjust,0.0008217717994270312,-5.590884675725159e-05,9.175227444791788e-05
352,9,1-8,adjust,-0.0013511383960354698,6.074341943281495e-06,0.00011823481408586085
353,2,1-4,adjust,0.000472338794199242,7.389348747095858e-05,0.0001763519092331121
353,3,1-4,adjust,-0.006122772301202464,-3.1985587028879783e-05,8.356990387080498e-05
353,6,1-5,adjust,-0.00021648341034166376,-4.4174268864594584e-05,7.883912536547646e-05
353,7,1-5,adjust,-0.012181969312630539,-0.00011866310871141847,9.763986066478013e-05
353,8,1-5,adjust,-0.006084132300505047,-0.00011683325255230983,0.00010825683961717943
353,9,1-5,adjust,-0.0019744141262869777,-9.33466585400747e-05,0.00018046347260251817
354,2,1-7,adjust,0.0033946792875779435,-7.79655707123907e-05,2.8130161678239735e-05
354,3,1-7,adjust,0.008720696119411602,-1.4743125740445448e-05,0.00011348980305695174
354,4,1-7,adjust,0.008006504569872095,-9.877134447190702e-05,5.1692904974636935e-05
354,5,1-7,adjust,-0.0026502852138071006,4.3167469283704095e-05,1.2441734341535151e-05
354,6,1-7,adjust,-0.007099866843538804,2.273023929086283e-05,4.056052355364377e-05
354,9,1-8,adjust,-0.003516907581081074,-3.906636871351699e-05,1.5300613967080704e-05
355,2,1-4,adjust,-0.0006540987654755787,-4.168185766968136e-05,0.00010189310142198795
355,3,1-4,adjust,0.0011265815545497655,-0.00012198541390635933,0.00016645686100203843
355,6,1-5,adjust,0.0042118917791100115,-3.598240635239834e-06,5.912734842127313e-05
355,7,1-4,adjust,0.006576096844922609,2.0923072574774372e-05,6.23398521788554e-05
355,8,1-5,adjust,0.0045772024270998345,7.44097556849235e-05,2.397527831540453e-05
355,9,1-5,adjust,0.006524789576895658,0.0001041366062941562,4.009726333622157e-05
356,2,1-7,adjust,-0.0011779985374458122,6.43717061587994e-05,4.257195815424293e-06
356,3,1-7,adjust,-0.004840188581647664,0.0001187918393095614,2.9256629370376272e-05
356,4,1-7,adjust,-0.003938542595595537,7.740035117627531e-05,8.035044741532944e-06
356,5,1-7,adjust,-0.0007919535743487762,-2.6307599110989064e-05,1.0058145999071593e-05
356,6,1-7,adjust,0.0003301551725927198,-6.216912708225858e-05,2.5203598425728465e-05
356,9,1-8,adjust,-0.0012108074730024297,-3.519390434977025e-05,6.845454146221114e-06
357,2,1-4,adjust,0.0021414904645637185,-2.6209094972685043e-05,3.45662392534939e-05
357,3,1-4,adjust,-0.000889519457227998,-6.075634191956997e-05,0.00011271890759915062
357,6,1-5,adjust,-0.0012097203292829983,7.359180374082152e-05,0.00011290964078657582
357,7,1-5,adjust,-0.0099188807813438,6.942362205565268e-08,0.00011149145300784182
357,8,1-5,adjust,-0.002818935889865925,-0.00010508014161195781,3.968680380168918e-05
357,9,1-5,adjust,-0.00218954064178029,-3.3325948843502775e-05,6.770572975064658e-05
358,2,1-7,adjust,0.0010484052949299204,-0.00010729822468572578,3.632451253114507e-05
358,3,1-7,adjust,0.0015063024269062106,-8.716979953168368e-06,7.212948262260265e-05
358,4,1-7,adjust,-0.004568497084113418,-0.00011274450922725809,6.850985621323266e-05
358,5,1-7,adjust,-0.004155294523711167,3.3506644522972123e-05,0.0001343690361348297
358,6,1-7,adjust,-0.004813968556377762,-2.8453557654529023e-05,0.00019652355395790541
358,9,1-8,adjust,-0.0026395438413888673,-2.2540034275128472e-05,1.7321664790675477e-05
359,2,1-4,adjust,0.0016512854303252457,3.3432529067580254e-05,0.0001160299089382422
359,3,1-4,adjust,-0.0006471104055970412,7.897686761260449e-05,0.00016057345081273356
359,6,1-5,adjust,0.0018026678776818183,4.964892632729236e-05,3.8787800890631605e-05
359,7,1-4,adjust,-8.39769526086659e-05,-6.508087852873543e-05,2.9727935757334875e-05
359,8,1-5,adjust,0.0015175174156173731,0.00012220551164216683,4.1037636862187336e-05
359,9,1-5,adjust,0.007285635821114945,0.00015606448381876674,0.00015196832018627527
360,2,1-7,adjust,0.004379553304623845,-0.00011747411383310941,8.930559867092517e-05
360,3,1-7,adjust,0.0005231806310930975,-0.00013942679460513815,7.201357231384173e-05
360,4,1-7,adjust,0.010602373939677903,3.4920211573896015e-05,2.680415208351236e-05
360,5,1-7,adjust,0.0013434386303981985,-3.1277315027808384e-05,2.1117270199768218e-05
360,6,1-7,adjust,-0.003106077636610173,-0.00010159993977583921,2.5345947634244623e-05
360,9,1-8,adjust,-0.00404024513793098,-5.8443990218423116e-05,0.0001237232785829028
361,2,1-4,adjust,-0.004478999688944929,4.4561652607252136e-05,2.8834458182122368e-05
361,3,1-4,adjust,0.006366761142621414,9.505120423489514e-05,0.00019801441662414254
361,6,1-5,adjust,0.0012180116792340275,0.00012915245210587962,0.00012921569125171132
361,7,1-4,adjust,0.0061315000218128335,6.910661472839911e-05,8.753698698776414e-05
361,8,1-5,adjust,-0.002229381039517301,-9.61359853525082e-05,4.420672846212011e-06
361,9,1-5,adjust,-0.001053483576560543,-5.8840971145851195e-05,5.747939870326308e-06
362,2,1-7,adjust,-0.00443831662650941,0.00014223751741427378,0.0001003013232235248
362,3,1-7,adjust,-0.015036797889684605,-2.553797060090706e-06,7.577158720609168e-05
362,4,1-7,adjust,-0.004495439409205696,0.00010333986348538623,6.836523625964581e-05
362,5,1-7,adjust,0.004938144478198819,-4.4461280968526426e-05,4.5239489629921756e-05
362,6,1-7,adjust,0.004963613301180553,7.444759121035087e-07,7.285700786285891e-05
362,9,1-8,adjust,-0.0006838676213040466,-0.00011527921493211141,0.00013294037629778854
363,2,1-4,adjust,-0.0006745663194084443,-1.0514969005519731e-05,8.684785263382267e-05
363,3,1-4,adjust,0.007479247886020792,7.433121044474299e-05,6.212083783933806e-05
363,6,1-5,adjust,0.0012770609925188184,-8.628546716284182e-05,0.00013316695487713875
363,7,1-5,adjust,0.0017790628936880794,-2.203304326723299e-06,0.00016615804211353493
363,8,1-5,adjust,-0.0024773489137379424,-4.6334494239868453e-05,0.00018244408679789925
363,9,1-5,adjust,-0.0015490588709841666,7.801562763050793e-05,6.76169760672084e-05
364,2,1-7,adjust,0.003277729176642974,-6.802122789700933e-05,0.00011615722229556423
364,3,1-7,adjust,0.005663616128637992,-5.665237010728604e-05,0.00010773941818927828
364,4,1-7,adjust,-0.0006958167595713198,-6.469799946608535e-05,0.00013962986511837123
364,5,1-7,adjust,-0.0070450324583883886,9.103114352058468e-06,3.670063854164584e-05
364,6,1-7,adjust,0.0012644834102583382,3.2937831292831406e-05,6.917825267542402e-05
364,9,1-8,adjust,-0.0004195069225115506,2.2187565834093257e-06,0.00010029873789326435
365,2,1-4,adjust,-0.0008338163905857055,4.160841666110508e-05,8.87347428963838e-06
365,3,1-4,adjust,-0.0018697346816332393,-1.3190570636927755e-05,0.0001346083440314359
365,6,1-5,adjust,-0.00982453890115343,-2.609959820488114e-05,0.00016154908316558237
365,7,1-5,adjust,-0.00733184218424402,-7.436547697062956e-05,7.124981647821396e-05
365,8,1-5,adjust,0.0019192928615978087,7.377160857465609e-05,6.584365692607329e-05
365,9,1-5,adjust,0.003797635486279786,8.710169145501964e-05,8.963396437612362e-05
366,2,1-7,adjust,0.002792163672525139,-7.636387311759801e-05,1.3787002639475957e-05
366,3,1-7,adjust,0.002393068002775733,7.290662479130143e-05,6.21708192998205e-05
366,4,1-7,adjust,-0.0015944245227753357,-4.618015554666882e-05,2.9504814613199142e-05
366,5,1-7,adjust,0.009891092576726304,-1.8164173416765696e-05,1.6804468107019198e-05
366,6,1-7,adjust,0.007264523829676845,-1.8371645513122094e-06,1.86622322991563e-05
366,9,1-8,adjust,0.0004918880393339517,-5.4483424225170495e-05,0.00011301325777264455
367,2,1-4,adjust,-0.0034104990484162506,6.747525082833186e-06,3.116625354758493e-05
367,3,1-4,adjust,-0.0036296886513831786,-7.634282787521749e-07,0.00010328480943094273
367,6,1-5,adjust,0.004848980755852746,1.7991447738726487e-05,1.9786839859361073e-05
367,7,1-4,adjust,0.00919500729325582,5.483902538588378e-05,2.8118958842319925e-05
367,8,1-5,adjust,0.0029851189131823337,-5.494698126796862e-05,2.0088792461765356e-05
367,9,1-5,adjust,-0.00031685683228192,2.0705815680816825e-05,1.780117354593611e-05
368,2,1-7,adjust,0.00043297754310410956,1.0964691605766856e-05,2.218006924552522e-05
368,3,1-7,adjust,-0.00105205841755997,-1.4790721583584194e-05,6.214482704625588e-05
368,4,1-7,adjust,-0.005831960805099094,-3.9932264125986975e-05,8.17928431233723e-05
368,5,1-7,adjust,0.0032036903808164707,0.00017877108895867432,6.503297125112854e-05
368,6,1-7,adjust,0.0018374707384808007,5.3432869690511406e-05,0.0001175998337023156
368,9,1-8,adjust,-0.0018811523462008545,-6.314381206058573e-06,0.00013488003781548448
369,2,1-4,adjust,0.00016213559865933778,2.559795098870695e-05,0.00012257944422637115
369,3,1-5,adjust,-0.004736968053907557,-1.3820219221766467e-05,5.082695489095243e-05
369,6,1-5,adjust,0.006679361700577168,3.348124369787787e-05,0.00017786480181331902
369,7,1-5,adjust,0.008135985437785254,9.078015800416128e-05,0.00022590945122074143
369,8,1-5,adjust,0.011844638010307735,0.00013070853814569293,0.00017253820703269415
369,9,1-5,adjust,0.00907270230653697,0.00020749661842212947,0.0001306044086513569
370,2,1-7,adjust,-0.004617808863045211,0.0001391224205729284,7.289797921427446e-05
370,3,1-7,adjust,0.001085006811159775,8.920689936796889e-05,1.7951867146753035e-05
370,4,1-7,adjust,0.0021306805400183267,3.154765809325913e-05,1.0745794109062195e-05
370,5,1-7,adjust,-0.0015059275477479921,-8.958522367171777e-05,1.6116623800158344e-05
370,6,1-7,adjust,-0.0026053849520297364,2.2268504343602086e-05,0.00012881927731071054
370,9,1-8,adjust,-0.0010798518302200576,1.32604469060317e-05,8.064323660485742e-05
371,2,1-4,adjust,0.003425142875934061,-0.00010239388401019796,7.72184468235001e-06
371,3,1-5,adjust,0.002290017473514107,-0.00011252150146282245,3.673417332269538e-05
371,6,1-5,adjust,-0.0004390689040456411,-6.792580811866908e-05,0.0001636756586573336
371,7,1-5,adjust,-0.005734427076906471,-9.601142303467631e-05,8.478057115307679e-05
371,8,1-5,adjust,-0.012143208139334298,5.273996887333245e-06,4.336867004010836e-05
371,9,1-5,adjust,-0.0016655245186337083,-8.399836214864368e-05,0.00011776043846604265
372,2,1-7,adjust,0.001100452516835244,-2.418153715467911e-06,1.7568469763989066e-05
372,3,1-7,adjust,-0.0005966957702589679,-4.6287429003297505e-05,9.368336771581039e-05
372,4,1-7,adjust,0.0011236944989841701,-3.054779883626769e-06,0.00010658699924583683
372,5,1-7,adjust,0.0003837853218528502,-2.6277970541617752e-05,0.00011589228798027901
372,6,1-7,adjust,-0.001426047398732143,7.591197417743176e-06,0.00010316271159016276
372,9,1-8,adjust,-0.004531670651608368,-0.00010234632025595098,5.176618102067407e-05
373,2,1-4,adjust,0.0022176353814860206,2.0659006090301776e-05,5.261210754627808e-06
373,3,1-5,adjust,0.0036206914503548824,7.743289699770586e-05,6.900721832426416e-05
373,6,1-5,adjust,-0.0030007347083029854,2.221260970894121e-06,5.365092209661623e-05
373,7,1-4,adjust,-0.006805408543246133,-3.9394251639319614e-05,9.740903135804739e-05
373,8,1-5,adjust,0.005618591807829074,-1.1758236903462664e-05,9.504455282788275e-05
373,9,1-5,adjust,-0.00035126134308177627,-3.6252633670406685e-05,4.935444770171455e-05
374,2,1-7,adjust,-0.0009230668436212858,-0.00011814110713354075,9.418358673279588e-05
374,3,1-7,adjust,0.002777155597947793,-8.066970235740869e-06,4.000681605259316e-05
374,4,1-7,adjust,0.0083064036841288,-4.495362407502409e-05,7.303489461968098e-05
374,5,1-7,adjust,-0.004008077304620411,4.5341590252904894e-05,1.7531174596042904e-05
374,6,1-7,adjust,-0.004946948097779209,-1.7238055005602216e-06,6.564764551887589e-05
374,9,1-8,adjust,0.004592408676015232,0.00011126970891298575,0.00020745486447670773
375,2,1-4,adjust,0.001512852641470381,5.0893715537480655e-05,0.00017488048693298233
375,3,1-4,adjust,0.002129474583485798,-3.0935772704046555e-05,0.0001315005445139861
375,6,1-5,adjust,0.0009238350713180636,-1.4333000276177647e-05,7.212828415629947e-05
375,7,1-5,adjust,0.007541739262728674,1.9800726042437417e-05,8.251070605309841e-05
375,8,1-5,adjust,0.0029160235038338477,3.7536904114862466e-05,0.00014069322636016916
375,9,1-5,adjust,-0.0025810461956456226,-4.2419584287596463e-05,9.486048866714188e-05
376,2,1-7,adjust,-0.0054923624978752555,8.191492098690626e-05,9.232779723741925e-05
376,3,1-7,adjust,-0.0012381684272631125,-5.818486308259763e-05,0.00012548376453508402
376,4,1-7,adjust,-0.008090364884821755,-7.451077850311117e-05,1.711451388456487e-05
376,5,1-7,adjust,0.009412906750822977,4.1360488884470305e-05,3.313103056655538e-05
376,6,1-7,adjust,0.008695942497223576,4.5827360570491576e-05,6.330956207879345e-05
376,9,1-8,adjust,0.004176756225269238,7.289849897251911e-05,0.000225657887336004
377,2,1-4,adjust,0.005832658800424112,-0.00018331225463177469,0.0001255663573622902
377,3,1-4,adjust,-0.0031110128439291495,5.9495296000525305e-05,6.057319380449466e-05
377,6,1-5,adjust,0.004761650737567489,-0.00010139919751351261,0.0002526674541313325
377,7,1-5,adjust,0.004545770523667498,0.0001141570472149104,0.00027094212844466775
377,8,1-5,adjust,-0.002562278748647831,1.4355708108351813e-05,0.00026259693718554817
377,9,1-5,adjust,-0.004051182137720056,1.0026130794539335e-05,0.00018727198937684537
378,2,1-7,adjust,-0.006234610881353758,0.00021616754034342597,1.4177078750703671e-05
378,3,1-7,adjust,0.00229726673841009,-5.0726779879968576e-05,0.00010481125698786561
378,4,1-7,adjust,-0.006256427031583566,0.00019170426477703364,5.0018537152911865e-06
378,5,1-7,adjust,-0.007789145079695699,-1.4885655861243627e-05,2.176762112135576e-05
378,6,1-7,adjust,-0.00398864623495119,2.8825144397738035e-05,9.147008985616311e-05
378,9,1-8,adjust,0.002944070958096652,-2.69407875600364e-05,1.720914220628635e-05
379,2,1-4,adjust,-0.0008852742096217828,3.2384079980594335e-06,4.659848203916221e-05
379,3,1-4,adjust,-0.01122735896446524,0.0001233528307610023,4.836319440201351e-05
379,6,1-5,adjust,-0.005356055767037239,6.735774356836206e-05,0.00011609971765832231
379,7,1-4,adjust,-0.008829422594199754,-0.0001296902034563191,6.875571794075436e-05
379,8,1-5,adjust,-0.0025507985197044795,-5.6705197277096345e-05,2.1610744703159563e-05
379,9,1-5,adjust,5.135953453876236e-05,9.220525319372551e-05,3.493210676960295e-06
380,2,1-7,adjust,0.006624725141358552,-0.00015034080140042833,8.203793637303705e-05
380,3,1-7,adjust,0.012826341187812148,-0.00011220899544595439,3.257565709094903e-05
380,4,1-7,adjust,0.013531579543584086,-0.00012439165657323546,8.45608267583879e-05
380,5,1-7,adjust,-0.0032978197079407377,-0.00015485445756516656,8.327251344702457e-05
380,6,1-7,adjust,-0.0022207157551230455,-9.148362280307916e-05,2.2194379878872602e-05
380,9,1-8,adjust,-0.0020305418406591095,-0.00010706055785549316,0.00011827826729740159
381,2,1-4,adjust,0.0026040479739952325,-9.716179531203461e-05,9.654384311232583e-05
381,3,1-4,adjust,-0.0010494720046986296,-7.761693187974482e-05,8.849707089922901e-05
381,6,1-5,adjust,-0.00899879601249997,8.177295604524418e-05,5.2947120288185154e-05
381,7,1-4,adjust,-0.0018328990642060411,8.36588980606651e-05,4.498458139498265e-05
381,8,1-5,adjust,-0.005279242824144963,-5.323243790881261e-05,8.889045616842215e-06
381,9,1-5,adjust,-0.004503532238567111,-0.00014903408110565828,1.3988298609177714e-05
382,2,1-7,adjust,-0.006699097879622151,0.0003225142176462041,9.530926293845835e-05
382,3,1-7,adjust,-0.002419532608377459,0.00024123645319549817,1.7168958766749528e-05
382,4,1-7,adjust,-0.013662034634572886,0.00010733027962137022,6.155131755754293e-05
382,5,1-7,adjust,0.00039102676660663195,0.0001214180003165179,2.1106088477017224e-05
382,6,1-7,adjust,0.005674223618308401,-6.221013899905395e-05,3.7843550118797944e-05
382,9,1-8,adjust,0.0006228054267605093,-2.828105007857942e-05,8.236888658320844e-05
383,2,1-4,adjust,-0.0013438004892295503,-4.183375101819973e-05,4.50540121158838e-05
383,3,1-5,adjust,-0.01155821933356798,-6.323010175139311e-05,4.527576249013822e-05
383,6,1-5,adjust,0.0010293886825047838,2.895863557739904e-05,1.065069759816707e-05
383,7,1-4,adjust,0.0003481367554988821,-7.894766454595796e-05,9.548788172203356e-07
383,8,1-5,adjust,0.0009977934782105591,-9.013264432995037e-07,7.4894069114431016e-06
383,9,1-5,adjust,0.0029935222155447255,0.00012936184977444277,4.967031981916277e-05
384,2,1-7,adjust,0.007328829750228918,-0.00013801909264368075,3.4870688668244108e-06
384,3,1-7,adjust,0.010986486543843078,-5.126727465891085e-05,3.775249098797563e-05
384,4,1-7,adjust,0.013107506443603485,-5.119763325841704e-05,1.696206364356873e-05
384,5,1-7,adjust,0.0024933529430237037,-7.449958305980877e-05,4.643129093789303e-05
384,6,1-7,adjust,0.0008304247350144258,-1.872888627537255e-05,3.85213941775922e-05
384,9,1-8,adjust,-0.005685705416372536,-0.00011828350201540304,0.00010645528390893175
385,2,1-4,adjust,-0.0010458018940593065,-2.8058376668078734e-05,4.918209833742516e-05
385,3,1-5,adjust,0.0012889605169646011,-7.69979486468549e-06,3.954680876628432e-05
385,6,1-5,adjust,0.00018789205376774058,-1.5501361014739112e-05,8.763447357760227e-06
385,7,1-4,adjust,-0.0017388815771087027,-1.4939104804615948e-05,3.485191661394103e-05
385,8,1-5,adjust,0.001895695950378535,7.159520231165417e-05,1.7817596634879413e-05
385,9,1-5,adjust,0.006442894179178933,0.00010245144145417131,4.4680071372150275e-05
386,2,1-7,adjust,-0.0017797456147307792,6.464957147825163e-05,5.020763494053549e-05
386,3,1-7,adjust,0.00398650898296572,-3.419804553360495e-05,0.00010341514594346102
386,4,1-7,adjust,0.0018243317811558139,-7.415907711399799e-05,9.390338469344068e-05
386,5,1-7,adjust,0.01035165132724208,7.096967360709854e-05,6.763878133420321e-05
386,6,1-7,adjust,-0.0012133517488604078,-2.7234535511417755e-05,7.255640003123944e-05
386,9,1-8,adjust,-0.0023993543726958527,3.145990022331403e-05,0.00010725801989844804
387,2,1-4,adjust,0.0021422381398436413,-0.0001631456156041251,0.00015005730971477102
387,3,1-5,adjust,-0.004773268683586633,1.7728733958233298e-05,5.711925694559589e-05
387,6,1-5,adjust,0.016237209988220886,-3.7735248834730114e-05,0.00013144109806822226
387,7,1-5,adjust,0.013164082375934154,0.00014167433871893742,0.00013253359829084715
387,8,1-5,adjust,0.007159079472636757,3.636379712740946e-05,0.00015721483064812394
387,9,1-5,adjust,0.006394514011753554,7.159396346591561e-05,0.00014960334413210917
388,2,1-7,adjust,-0.00835475790230312,0.00028995768285605786,5.5003103551498026e-05
388,3,1-7,adjust,-0.007364000521145695,0.00011796418470429398,2.910334193895452e-05
388,4,1-7,adjust,-0.004306832987929127,0.00011739856498294392,8.293837994826927e-05
388,5,1-7,adjust,-0.007447299069609273,-4.081357231264661e-05,4.0254668193345514e-05
388,6,1-7,adjust,-0.008461949475344876,6.691209083153561e-05,1.222262119070838e-06
388,9,1-8,adjust,-0.0005164129885710071,-0.0001056509252171227,4.470236723415114e-05
389,2,1-4,adjust,0.003400873377278978,-0.00017981082035286125,3.9435658791635154e-05
389,3,1-4,adjust,0.006829958752482691,2.8194530052099656e-05,6.870782768950181e-05
389,6,1-5,adjust,-0.0002025240531222333,-3.866015997613515e-05,5.958942940794814e-05
389,7,1-4,adjust,-0.006915272149827862,-5.241605103285354e-05,5.4925717147031165e-05
389,8,1-5,adjust,-0.005232013344796111,-0.00010014605624466661,3.4727081184173345e-05
389,9,1-5,adjust,-0.00509267079605748,-3.778945133066772e-06,4.794485110030015e-06
390,2,1-7,adjust,-0.001981445241400813,0.00011399145755930921,4.321873414397428e-05
390,3,1-7,adjust,0.002968459813737653,-7.99817564307041e-05,8.351439612317181e-06
390,4,1-7,adjust,0.0011606516569494239,2.5775468039216683e-05,5.025450279042608e-05
390,5,1-7,adjust,0.0024035335083615454,1.9397256372960397e-06,4.2534506480818585e-05
390,6,1-7,adjust,-0.0017015605828958414,4.634479917592226e-05,2.769451407861861e-05
390,9,1-8,adjust,-0.0009189502383924014,5.267210886765454e-06,5.8433879709308337e-05
391,2,1-4,adjust,0.0053452791184927465,-9.847274233219997e-05,7.563461533503319e-05
391,3,1-5,adjust,-0.003800389824744289,-6.640312963461457e-05,1.8987758348642017e-05
391,6,1-5,adjust,0.0018429673566463067,1.5072061813206806e-05,3.0091131023635525e-05
391,7,1-5,adjust,-0.004698010709404702,-7.53253006719985e-05,0.00011056708032489395
391,8,1-5,adjust,0.0028186170189944747,7.561344224095148e-06,4.2556773629284844e-05
391,9,1-5,adjust,0.001024100220123186,2.9633989471935395e-05,1.7900763309421564e-05
392,2,1-7,adjust,-0.00011288409808239508,6.322452012977528e-06,4.4411975349515094e-05
392,3,1-7,adjust,-0.001894798325437188,-9.25461895615262e-05,5.4555098055296476e-05
392,4,1-7,adjust,-0.00404266665281194,-1.760261179353994e-06,4.53496953444002e-05
392,5,1-7,adjust,-0.004693935364475005,-3.988609580353798e-05,1.1989916852384132e-06
392,6,1-7,adjust,-0.007521854118139887,-7.523756041120709e-05,5.737448916064741e-05
392,9,1-8,adjust,-0.00016161944343758564,4.042024487827759e-05,0.00010865929006572561
393,2,1-4,adjust,-0.002859077798873621,0.00013112777704714945,6.138239132287779e-05
393,3,1-4,adjust,-0.0018196801480793773,0.00011137948153882988,9.234205208779846e-05
393,6,1-5,adjust,0.002763192774838883,5.1259972355695166e-05,3.3723181823600496e-05
393,7,1-4,adjust,0.009370229152750192,8.390855797211855e-05,9.107382053817332e-05
393,8,1-5,adjust,-0.004398742833125463,-8.688876155872164e-05,7.645098594884152e-05
393,9,1-5,adjust,0.0005335005230735941,-7.121539779684424e-05,1.4305374913679005e-05
394,2,1-7,adjust,0.0028180483748102545,-9.929858680410166e-05,9.039428121339037e-05
394,3,1-7,adjust,-0.004516464522948174,5.626640855613334e-05,0.00012381074833634886
394,4,1-7,adjust,-0.0023761701142848515,-1.1983798982076379e-05,0.0001288158820614973
394,5,1-7,adjust,0.0038826400981398167,4.060774242289919e-05,5.203466801025951e-05
394,6,1-7,adjust,0.008828718554233596,1.109945884250684e-05,8.328947506788578e-05
394,9,1-8,adjust,-0.002354809010463208,-1.740546891427821e-05,0.00011373000665888876
395,2,1-4,adjust,-0.0056284320557060934,3.7854293517505264e-05,0.00010567906145180433
395,3,1-4,adjust,0.004175421243534208,-1.2695352686898168e-05,8.602659763099662e-05
395,6,1-5,adjust,-0.0035915736804003834,-4.493344545450695e-05,9.31986805009409e-05
395,7,1-4,adjust,-0.013009960238741491,-2.2007355774180032e-05,8.400018284817186e-05
395,8,1-5,adjust,0.0033974753644274154,0.00010861388938903193,4.608626507285088e-06
395,9,1-5,adjust,0.0036268501056292662,-3.156716079437201e-05,4.554029428422367e-05
396,2,1-7,adjust,0.005234868374385607,-0.00012136560622974022,8.174173642183598e-05
396,3,1-7,adjust,-0.001530720382630629,5.518782043943191e-05,8.840718342689538e-06
396,4,1-7,adjust,0.0057441052685524106,-0.00010516317772007091,4.9407727370684676e-05
396,5,1-7,adjust,-0.006945847836582206,7.88652976601494e-05,1.810366155579647e-05
396,6,1-7,adjust,-0.01251018346254688,-2.0867903919264243e-05,4.781590829955348e-05
396,9,1-8,adjust,-0.0021534459925008883,0.00010948695088371037,0.00011560576597340691
397,2,1-4,adjust,0.0023093006347203082,5.988383083772576e-06,0.00015463834402752895
397,3,1-4,adjust,0.006574663895435476,-0.00015791183255679702,0.00013907220133666074
397,6,1-5,adjust,0.00711774155262387,5.2819262218836526e-05,7.641913992427959e-05
397,7,1-5,adjust,0.008723059779817454,5.1077969678427444e-05,0.00011312263703553057
397,8,1-5,adjust,-0.0005424170898535119,1.6837754182877355e-05,0.00011608997302521473
397,9,1-5,adjust,0.0017975151603209227,-2.6140004853994956e-05,5.1699869722535514e-05
398,2,1-7,adjust,-0.007541648448067596,0.00026888775206945043,5.3022729572743915e-05
398,3,1-7,adjust,-0.011673740521812536,0.0001535141175596043,4.263558964382341e-05
398,4,1-7,adjust,-0.00020599452441565774,6.232375734818073e-05,8.844325504650276e-06
398,5,1-7,adjust,0.002333883273581522,-0.00011560535099097485,4.185250979724334e-05
398,6,1-7,adjust,0.0013182152213291718,4.8959813748287466e-05,2.0595789540512246e-05
398,9,1-8,adjust,0.000556171644996653,-1.2545785012982635e-05,0.00010355187935541632
399,2,1-4,adjust,0.005006728345433962,-0.00012918144550252942,3.621305726940761e-05
399,3,1-5,adjust,0.010287755643842296,-0.00010172954138387973,4.5027739176990525e-05
399,6,1-5,adjust,-0.00325255920671259,-3.390445388623804e-05,8.663513259666423e-05
399,7,1-4,adjust,0.002983849331957416,-5.273817219938595e-05,7.063535365659121e-05
399,8,1-5,adjust,-0.006275226813239714,-1.5236087209627069e-05,1.974518989644864e-05
399,9,1-5,adjust,-0.006091679788723843,-0.00015744284115598014,2.039645099106525e-05
400,2,1-7,adjust,-0.003479148163736304,-7.353311020163883e-05,2.9205203388336174e-05
400,3,1-7,adjust,-0.0005457574233657747,4.489109725974785e-05,1.0708648032803872e-05
400,4,1-7,adjust,0.0051861053047223575,-1.388870768086069e-05,2.4599802061921974e-05
400,5,1-7,adjust,0.0076033076686118735,1.576858549133642e-05,7.262885834808266e-05
400,6,1-7,adjust,0.0065218661052712625,8.27393957656482e-05,7.322925042556856e-05
400,9,1-8,adjust,0.002117493742433145,2.6640334642206912e-05,0.00013481787343474163
401,2,1-4,adjust,0.004545769572791757,-1.0722749009644485e-05,7.513506277906449e-06
401,3,1-4,adjust,0.004961995919043601,-0.0001491678910970847,8.146325272230709e-05
401,6,1-5,adjust,0.0007083539704821929,-9.624415090208354e-05,9.194317992062102e-06
401,7,1-4,adjust,-0.000500558121622195,-2.560799089627285e-05,3.615740804642901e-05
401,8,1-5,adjust,0.0030147784398038523,3.26913568724002e-05,4.2836676679703246e-05
401,9,1-5,adjust,0.0005390596259111367,0.0001122099523067731,4.3143511986401595e-05
402,2,1-7,adjust,-0.003792990017732818,8.34514234005971e-05,2.7353212586426663e-05
402,3,1-7,adjust,-0.006999072593536126,0.00014272148628742814,1.2574453347629755e-05
402,4,1-7,adjust,-0.004797571116179684,8.014507694965013e-05,6.52114159345176e-05
402,5,1-7,adjust,-0.0009242263182782149,5.937499831818843e-05,0.0001454103055668907
402,6,1-7,adjust,0.004274374454039253,3.1932039647897865e-05,8.22409141000108e-05
402,9,1-8,adjust,0.0005245147709159327,4.916635681875173e-05,2.420760782165333e-05
403,2,1-4,adjust,-0.001062571120141697,-4.4182703661238675e-06,7.997760692650593e-05
403,3,1-5,adjust,0.005093489661611683,-6.481375185765016e-05,6.368832211836035e-05
403,6,1-5,adjust,0.0006635769606792068,-3.8686031219361665e-05,5.328996088448902e-05
403,7,1-4,adjust,-0.000721288873705891,1.2514764281469174e-05,7.856846655952665e-05
403,8,1-5,adjust,0.0022983799945089775,1.1472264214083078e-05,3.7288800861637734e-05
403,9,1-5,adjust,0.0015908802896464102,-6.122563748644467e-05,2.1928661241687708e-05
404,2,1-7,adjust,0.0016828213605748464,1.786869242310935e-05,8.194083453470112e-06
404,3,1-7,adjust,0.003483937947506897,-3.896354150131599e-05,0.0001000379136136556
404,4,1-7,adjust,-0.006678903627724346,-3.7357476703958434e-05,1.2035238130561555e-05
404,5,1-7,adjust,0.002060328780687809,-4.3010457858085975e-05,7.947217749424586e-05
404,6,1-7,adjust,-0.007012460910518879,2.1962934966839993e-05,0.00014015151706471123
404,9,1-8,adjust,0.0021220950737066,0.00014109911239463797,0.00010211076370371748
405,2,1-4,adjust,-0.002402478026750858,-4.297595225333463e-05,7.917026489376007e-05
405,3,1-4,adjust,-0.009567898649046128,0.00013094196112074528,0.00015924658801750604
405,6,1-5,adjust,0.0012541855405179027,1.7895974603440568e-05,0.00014973127639375392
405,7,1-4,adjust,-0.00010050270431007828,-2.8211617324813505e-07,4.8142894666773866e-05
405,8,1-5,adjust,0.004016030742054894,-3.835421580089756e-06,0.000118056325659189
405,9,1-5,adjust,-0.005577754068290769,-0.0001233892567231912,1.947481508777816e-05
406,2,1-7,adjust,0.005655425039641043,-7.423018871700353e-05,0.00011548809222676163
406,3,1-7,adjust,0.003084948433313354,-3.089083952231768e-05,5.3987868697229056e-05
406,4,1-7,adjust,0.0013305351633170939,-1.9649428085696182e-05,4.7958640983926456e-05
406,5,1-7,adjust,-0.0016245370752420317,7.599507678092415e-05,5.4163767114847884e-05
406,6,1-7,adjust,-0.0006513527719873828,-4.683352082266306e-06,6.850117843365397e-06
406,9,1-8,adjust,0.0063942906168921445,0.00014403624820972084,8.804446168015686e-05
407,2,1-4,adjust,-0.002680545281947972,7.930193010839157e-06,1.3978207886870493e-05
407,3,1-4,adjust,-0.0009497252847467391,8.873800691156789e-05,5.0020107250983816e-05
407,6,1-5,adjust,0.003912666306667036,-8.789803214084557e-06,0.0001420520324241977
407,7,1-5,adjust,0.004194985689178823,2.454720886140507e-05,8.779257777337317e-05
407,8,1-5,adjust,0.0027562954993275916,1.6118884441865625e-05,9.340740780407617e-05
407,9,1-5,adjust,-0.0008283537015409247,-0.000103018516553505,2.3154558836518027e-06
408,2,1-7,adjust,-0.002439762531404041,0.0001570401623949512,0.0001288700798718693
408,3,1-7,adjust,-0.002513200174736039,-7.662010026173074e-05,7.281912050289736e-05
408,4,1-7,adjust,0.002126586111831336,-1.1781749275843994e-05,9.50828226913871e-05
408,5,1-7,adjust,-0.0013482441495256505,-1.3821130778367823e-05,8.104384693066777e-06
408,6,1-7,adjust,0.0002536554000016904,-5.059985543268672e-06,2.8480419039547712e-05
408,9,1-8,adjust,0.002605836258024085,6.14951394847006e-05,0.00012837436453076517
409,2,1-4,adjust,0.005132890026890909,-0.00013184853654945905,3.910652759122308e-05
409,3,1-4,adjust,0.0034020043045256358,-3.884875217946651e-06,5.689326846141449e-05
409,6,1-5,adjust,0.0023028243724466367,5.0513238226326567e-05,0.00010522682830401285
409,7,1-5,adjust,-0.0016246720082086757,-5.5800987091865976e-06,9.930584593693598e-05
409,8,1-5,adjust,-0.00717750342561175,-5.7020099396717277e-05,2.1347482068789822e-05
409,9,1-5,adjust,-0.005088274382862714,-6.433091936773585e-05,5.66721701278316e-05
410,2,1-7,adjust,-0.0054298976609655865,8.399415874691536e-05,1.9260213988456988e-05
410,3,1-7,adjust,-0.0031118043915456385,-2.0270598360426214e-05,7.528026415296689e-05
410,4,1-7,adjust,0.005428319490663773,1.1309492655446286e-06,6.475239331737317e-05
410,5,1-7,adjust,-0.00025845781984764005,-4.054039259851118e-05,3.254457699327379e-05
410,6,1-7,adjust,-0.004352823659214308,-0.00012421890790814222,5.856080938576969e-05
410,9,1-8,adjust,0.0011045246413054855,-0.0001240348368387971,0.0001248064761250594
411,2,1-4,adjust,0.00804527870127924,-0.00010493710708162798,5.465953722894812e-05
411,3,1-4,adjust,0.0059288523990187894,-6.614931261184871e-05,9.025012165155577e-05
411,6,1-5,adjust,-0.00034274894006577173,0.00014069709679203593,4.1146360629414774e-05
411,7,1-4,adjust,-0.0035619660960030607,1.9174633265306316e-05,1.1070920090968417e-05
411,8,1-5,adjust,-0.00027228445133611385,4.624868191279453e-05,6.064746139306993e-05
411,9,1-5,adjust,-0.003859366645186745,4.621531216346982e-05,5.732706984691486e-05
412,2,1-7,adjust,-0.006694334544204071,0.00011897472162393634,3.073449587613918e-05
412,3,1-7,adjust,-0.006501438261335212,0.00019208060007793576,9.273807482505217e-05
412,4,1-7,adjust,0.00045307073821920286,7.076095107100894e-05,1.6852213153147887e-05
412,5,1-7,adjust,-0.005153320285834766,6.164542926359929e-05,3.7161104568010174e-05
412,6,1-7,adjust,-0.004868430817403926,-0.00016694993186346893,8.112272312429157e-05
412,9,1-8,adjust,0.0032656704221495627,7.239229713882344e-05,1.077778785746054e-05
413,2,1-4,adjust,0.0025635210493034455,-6.899678243652229e-05,7.595774020181246e-05
413,3,1-4,adjust,0.005986143968121346,-0.00019160544287629786,0.00011140104207740635
413,6,1-5,adjust,0.002751416253913178,6.369110254361045e-05,2.103132386554853e-05
413,7,1-4,adjust,0.0023236326012141457,-3.3906356005541037e-06,4.6715478152762084e-05
413,8,1-5,adjust,0.0023284438176112525,-4.332886802825821e-05,1.8916807646178844e-05
413,9,1-5,adjust,-0.00113147811806189,-1.7601485579707638e-05,2.9947265059551595e-05
414,2,1-7,adjust,-0.006514575248143936,9.548148496566884e-05,5.767645061310287e-05
414,3,1-7,adjust,-0.0011036905395183946,4.3747216720783626e-05,3.353591875135764e-05
414,4,1-7,adjust,-0.012792171933667518,2.1050869419249176e-05,3.184377655742276e-05
414,5,1-7,adjust,0.0037834744816080883,-8.740532316316797e-05,2.166930549612038e-05
414,6,1-7,adjust,0.000804804178158675,2.219541359020561e-05,1.0149485010590862e-05
414,9,1-8,adjust,0.0025501722034521825,-1.8200192392094327e-05,2.749886719649679e-05
415,2,1-4,adjust,0.00045921908423383423,5.0619203380706256e-05,0.00016661542761104407
415,3,1-4,adjust,-0.010693276718354678,7.808026781599482e-05,0.00023475080170413083
415,6,1-5,adjust,-0.0022515107844927064,2.789035082586794e-05,5.50479290164217e-05
415,7,1-4,adjust,-0.008089720110382078,-2.4984135679089532e-05,1.381352598676254e-05
415,8,1-5,adjust,-0.007775328569826034,-6.591926397824054e-06,4.458586093198208e-05
415,9,1-5,adjust,-0.001176712429635972,-3.418488011330684e-05,5.7371276700911834e-05
416,2,1-7,adjust,0.004548877042936772,-0.000238601347831195,6.450932976937433e-05
416,3,1-7,adjust,0.01259353389585283,-1.666838275499871e-05,1.746158661637499e-05
416,4,1-7,adjust,0.010140838735058747,-2.7805134357893032e-05,6.631695235278644e-05
416,5,1-7,adjust,-0.010125821606005976,6.008770269773877e-05,1.0626081281372323e-05
416,6,1-7,adjust,-0.003728354813517019,3.554093308632403e-05,5.240152730132876e-06
416,9,1-8,adjust,-0.004512718051718936,-9.135868678018107e-05,7.50409524841329e-05
417,2,1-4,adjust,-0.00017539263268689974,0.0001248638333441493,7.667130302146469e-05
417,3,1-4,adjust,-0.0041154788663886445,-3.986096663411656e-07,0.00012554528845232015
417,6,1-5,adjust,-0.002576833659951264,4.027466748843235e-05,7.088238530512468e-05
417,7,1-5,adjust,-0.0014190261329702337,-3.896830237518975e-06,8.609783934354367e-05
417,8,1-5,adjust,0.0009379826460551362,0.0001346892971819244,1.0764424073489045e-05
417,9,1-5,adjust,0.005834585583993742,0.0002585061186769426,9.833047613650266e-05
418,2,1-7,adjust,-0.002441783485757205,-3.851057843999232e-05,0.00013306285373547306
418,3,1-7,adjust,0.006711099279570826,-9.562139595264075e-05,0.00012466871041159308
418,4,1-7,adjust,-0.007584494983103762,-2.3399847204779184e-05,0.00012551539737593227
418,5,1-7,adjust,0.006469175942072813,-2.1108002421133554e-05,7.47836109729452e-05
418,6,1-7,adjust,0.003349382374010643,2.1264819465870583e-05,0.0001450811361145523
418,9,1-8,adjust,-0.00036319164451671486,-4.867748202703545e-05,7.34996947229475e-05
419,2,1-4,adjust,-0.0025683643432442256,9.45379354185946e-05,7.385152549463065e-05
419,3,1-5,adjust,-0.008496842807933065,0.00010492598540753814,1.4020370461333617e-05
419,6,1-5,adjust,0.002415949698817147,-0.00018253003810181744,1.1118787987138746e-05
419,7,1-4,adjust,0.0011838174305617687,4.867085990271008e-05,5.252546209724428e-05
419,8,1-5,adjust,0.004305064031309561,-0.00010556640251835097,3.981416833329483e-05
419,9,1-5,adjust,0.0003085181360141568,-6.491725901913362e-05,4.835606850299926e-06
420,2,1-7,adjust,0.003934060619341119,-3.7331870499916574e-05,3.670281109319089e-05
420,3,1-7,adjust,-0.0004086677450795492,1.854897477670613e-05,1.5524260441034013e-05
420,4,1-7,adjust,0.0005270809819688389,-1.520854418280795e-05,3.8000581920679993e-05
420,5,1-7,adjust,-0.0036050756483062183,4.3749452478050813e-05,5.547677066795728e-06
420,6,1-7,adjust,-0.005545291787832677,3.447548612478461e-05,2.9519165285193606e-05
420,9,1-8,adjust,-0.0016492393765175722,1.1924778114768466e-06,2.5045499784339126e-05
421,2,1-4,adjust,0.0007874306720308009,-3.282724825572626e-05,4.1699195196618304e-05
421,3,1-5,adjust,-0.0008802743922489145,-9.851750583271203e-06,2.2793548363951832e-05
421,6,1-5,adjust,0.003051996401452653,1.0176135344497781e-05,4.246359410181593e-05
421,7,1-4,adjust,0.007214148449414971,-4.602183848685072e-05,3.458101069090879e-05
421,8,1-5,adjust,0.0017928453085801585,2.2148592576467718e-05,3.6906968920555675e-05
421,9,1-5,adjust,0.0033081499452602696,0.00012185473428079042,0.00012200238984186306
422,2,1-7,adjust,-1.8513695022850514e-05,3.2964182734184648e-06,4.170273324226834e-06
422,3,1-7,adjust,-0.002464101592751329,-0.00010422771138093483,9.934003679447499e-05
422,4,1-7,adjust,0.00786982405841841,2.1199874655730958e-05,4.657315470547195e-05
422,5,1-7,adjust,0.007213132017159681,-6.829582770621827e-05,0.00011858589136269118
422,6,1-7,adjust,0.0058236454051336,1.222809931070565e-05,2.3715525504018483e-05
422,9,1-8,adjust,-0.0024426044924967007,-0.00011108634310011925,5.6414718072073156e-05
423,2,1-4,adjust,0.00223470940261564,-7.306426624005254e-05,4.436738710309523e-05
423,3,1-4,adjust,0.005946744120295237,-2.2415000905573124e-05,7.906175052968565e-05
423,6,1-5,adjust,-0.0029110982172425083,5.803355778021557e-07,1.523106112154354e-05
423,7,1-4,adjust,-0.002408886137525437,7.457528382215001e-05,6.099323442992705e-05
423,8,1-5,adjust,-0.0035848191979976265,-1.7556086443967747e-05,1.8208484633452576e-05
423,9,1-5,adjust,-0.0024320610194906865,-4.490444990394665e-05,4.413116169216712e-05
424,2,1-7,adjust,-0.0064366213302672155,0.0001584731654865752,6.9467515876919e-05
424,3,1-7,adjust,0.0030337312603857373,9.027206895229779e-05,6.712665153450848e-06
424,4,1-7,adjust,-0.009405272980351057,-1.7519070161172217e-05,3.113069624053296e-05
424,5,1-7,adjust,-0.004427616231036626,8.823080969801812e-05,2.4754662395367697e-05
424,6,1-7,adjust,-0.002356304727472325,1.0257094821857863e-05,9.578790140404174e-05
424,9,1-8,adjust,0.0023589786652252662,2.4741323361518533e-05,6.746268734035034e-06
425,2,1-4,adjust,0.001328911184389037,-6.664341020185369e-05,4.601704088141128e-05
425,3,1-4,adjust,-0.009106431109814336,-3.777663206736394e-07,4.5321997222079295e-05
425,6,1-5,adjust,0.001510099915925496,8.481626028205307e-05,6.185571759698918e-05
425,7,1-4,adjust,-0.00018886110692588657,-7.249021319967308e-05,3.675906247661513e-05
425,8,1-5,adjust,0.0018922535945165501,3.188484749591572e-05,6.755652875349887e-05
425,9,1-5,adjust,9.318147153840771e-05,8.243518107108822e-05,6.119147732311711e-05
426,2,1-7,adjust,0.003718718113789808,-8.875999666058652e-05,6.287204484389485e-05
426,3,1-7,adjust,-0.003877719078745428,1.4304043978985378e-05,6.219369588717821e-05
426,4,1-7,adjust,0.0014707877352014484,-1.0288896038237095e-05,2.1857033492875053e-05
426,5,1-7,adjust,0.0057434829367820645,-7.578681034804093e-05,1.6820167848325155e-05
426,6,1-7,adjust,0.002126225445201074,-3.6461132623136765e-05,0.00013376349906629156
426,9,1-8,adjust,0.0016681143897760526,-1.713838840775649e-05,7.062632811263997e-06
427,2,1-4,adjust,-0.00037909556990567476,0.00019704010370840796,8.260186976368556e-05
427,3,1-4,adjust,0.006216598972480654,-5.2212406520397715e-05,0.0001321169680457323
427,6,1-5,adjust,-0.0014799365372936855,2.1067621198964328e-05,0.00011890002515818286
427,7,1-5,adjust,0.00036959655001867094,7.677288974297985e-06,9.338480024339676e-05
427,8,1-5,adjust,0.0009115838312922472,-6.381296003365734e-05,2.606951801120873e-05
427,9,1-5,adjust,-9.631238811076924e-05,-3.294361107830451e-05,9.064035001925127e-06
428,2,1-7,adjust,-0.0024314368777687023,-0.00010710460259598015,3.4571838845488566e-05
428,3,1-7,adjust,-0.002779691511425474,3.6379944916983944e-05,2.9445730324670753e-06
428,4,1-7,adjust,0.002199761626529838,-9.91862507746131e-06,6.787442082489078e-06
428,5,1-7,adjust,-0.005997342803742186,-4.9380506036580354e-05,1.0904282573928062e-05
428,6,1-7,adjust,0.00041253718599028994,-6.534763027131052e-05,3.63127065000334e-05
428,9,1-8,adjust,-0.0021491778622273355,2.8018004678964818e-05,2.3527315215851007e-05
429,2,1-4,adjust,0.002445930948581502,-4.588621206585754e-05,2.8176472287436027e-05
429,3,1-4,adjust,0.00624762833712275,4.699912846116607e-05,9.683215922982745e-05
429,6,1-5,adjust,-0.002541027994516304,-4.581302573908811e-05,2.390020294581038e-05
429,7,1-4,adjust,-0.00010264770555797325,3.4354474246347844e-05,9.354531106917872e-05
429,8,1-5,adjust,-0.009342775204119013,-0.00013978584041887703,5.890493749518613e-05
429,9,1-5,adjust,-0.0034327398818110324,-9.380257162087796e-05,1.9704578789577705e-06
430,2,1-7,adjust,-0.0005999439508918004,1.1054471678098753e-05,0.00010354169735327532
430,3,1-7,adjust,1.6634176358259685e-05,-5.641258127458278e-05,0.00015635771153762576
430,4,1-7,adjust,-0.009019957881706796,-8.052536003227261e-05,8.624481611059777e-05
430,5,1-7,adjust,0.0041753693843686514,6.643499428560812e-05,7.330106021811791e-05
430,6,1-7,adjust,-0.00014504277844674759,7.779506777113457e-05,7.258308783100004e-06
430,9,1-8,adjust,-0.003401420049837849,-0.0001306913642234159,0.0002841340391489418
431,2,1-4,adjust,0.0015339523558512151,1.796235961837912e-05,2.6584493696101888e-05
431,3,1-4,adjust,-0.007654314806935093,9.723011067474122e-05,0.00013583386241619762
431,6,1-5,adjust,0.0035581579121365947,-1.8565043893002852e-05,0.0002539956379719594
431,7,1-5,adjust,0.0029091981804981216,-1.6549065391000242e-05,0.00018903645493315667
431,8,1-5,adjust,0.011844892060277643,0.0002511129642437944,0.00013247647751254827
431,9,1-5,adjust,0.008292811312981799,0.00016827468269096018,6.603380771000414e-05
432,2,1-7,adjust,-0.00244693334736184,5.13321007621596e-05,2.837099270208643e-05
432,3,1-7,adjust,0.006446263208373146,-0.00014864650804936817,9.596901574197672e-05
432,4,1-7,adjust,0.01816239643469108,8.875872136318752e-05,0.00011360431552745542
432,5,1-7,adjust,-0.0013982842630216575,-1.6305093858040356e-05,3.375301999691322e-05
432,6,1-7,adjust,0.005327982602246954,3.9458350733077056e-05,4.8059367644055426e-05
432,9,1-8,adjust,0.002537924012247464,0.00010858306541974864,2.04005190493316e-06
433,2,1-4,adjust,0.004226096155672685,-0.000191993017537816,6.355247705294229e-05
433,3,1-4,adjust,0.004546081062748618,-1.3266315228337082e-06,5.7103949271639564e-05
433,6,1-5,adjust,-0.005954804281774907,-1.2407475929433e-05,6.668486666727007e-07
433,7,1-4,adjust,-0.00017854625014138338,9.132765278032523e-06,1.533443026576521e-05
433,8,1-5,adjust,-0.005133884052670952,-7.889668895833178e-05,5.838542484198234e-07
433,9,1-5,adjust,-0.0016398270144399514,-6.387226354002917e-05,0.00012392974310544618
434,2,1-7,adjust,-0.0051075177484932385,0.00013287944548567062,3.9260126976821026e-05
434,3,1-7,adjust,0.0022517168291070516,4.0354750147440164e-05,4.8856010422776284e-05
434,4,1-7,adjust,-0.004719903448759288,5.54882038474045e-05,2.604466220638154e-05
434,5,1-7,adjust,-0.005581350423451407,1.9275466679139326e-06,9.110292977293084e-06
434,6,1-7,adjust,-0.001763626937685142,-4.846041789296259e-05,8.779919880433506e-05
434,9,1-8,adjust,-0.0039103261251229,-2.8837699880702453e-05,0.00012127695526554856
435,2,1-4,adjust,0.0007732108936135824,-1.3071564604338438e-05,1.5224538850612106e-05
435,3,1-4,adjust,-0.006113065953774662,7.07819475974506e-07,4.492967150273035e-05
435,6,1-5,adjust,-0.004720171779285266,2.76870670008929e-05,0.00012263030439817795
435,7,1-4,adjust,0.005185020212853499,-3.1751683321070525e-05,9.714454455893317e-05
435,8,1-5,adjust,0.0011082956721182365,-6.418386079495381e-05,2.039051949523018e-05
435,9,1-5,adjust,-0.0014685921942714673,-6.323566411393141e-05,5.901219540534453e-05
436,2,1-7,adjust,-0.002017582748888768,2.0436431527376175e-05,7.310483178801182e-05
436,3,1-7,adjust,-0.0009145782663174816,-2.6169216433002765e-05,3.8951784058162356e-05
436,4,1-7,adjust,0.0038771049959920524,-0.00015512162791521517,5.613399773942146e-05
436,5,1-7,adjust,0.011210180139214123,-0.00010130465678073535,4.453148290641864e-05
436,6,1-7,adjust,0.014495644614851186,2.48651000811554e-05,6.589612303164368e-05
436,9,1-8,adjust,0.0012419201760718592,0.00012799975500597845,0.000131113993362423
437,2,1-4,adjust,0.008951854610537612,-0.00023476528735187608,5.6919543938906945e-05
437,3,1-5,adjust,0.006124996106666923,-8.457565208415539e-05,3.706238704889354e-05
437,6,1-5,adjust,-0.006740046395175914,-1.9004031056411836e-05,6.185863711326216e-05
437,7,1-5,adjust,-0.011783871465093262,5.158643328097848e-05,9.329738659769124e-05
437,8,1-5,adjust,-0.001994609330417425,4.646561559123395e-05,7.393382922104659e-05
437,9,1-5,adjust,-0.001192692636932098,-0.00021553622146642723,6.754974262734474e-06
438,2,1-7,adjust,-0.01162450353959969,0.00022966829792507516,5.400049332820407e-05
438,3,1-7,adjust,-0.010918914579714762,0.00011781864771785277,3.504189702251255e-05
438,4,1-7,adjust,-0.01270043087404947,0.00019836446310270338,4.0950605859182985e-05
438,5,1-7,adjust,-0.012235290190416739,1.3231389115232883e-05,2.752173247513529e-05
438,6,1-7,adjust,-0.004172841874735931,2.5155878525337895e-05,5.0315294404050504e-05
438,9,1-8,adjust,0.001093382642774947,9.689384090890971e-05,4.6214996072814535e-06
439,2,1-4,adjust,7.766569252391877e-05,0.00012460943615633417,0.00019102631359432334
439,3,1-4,adjust,-0.002555101181936023,9.060957020173583e-05,0.00019926657278580327
439,6,1-5,adjust,-0.006553260124133157,-2.3938427756270124e-06,7.0500067553095316e-06
439,7,1-5,adjust,-0.006134396127724955,-0.00013663277519343473,8.476190350545587e-05
439,8,1-5,adjust,-0.005906748183358722,-5.896839192645658e-05,0.00011064451937390964
439,9,1-5,adjust,-0.005319774898459918,-0.00012922522433748108,0.00019940006700522005
440,2,1-7,adjust,0.008686656330853046,-0.00025932634566881935,2.1330452995301135e-05
440,3,1-7,adjust,0.013961988065338955,-0.00011833845201615262,3.326843518286749e-05
440,4,1-7,adjust,0.009865681154439117,-4.712975029623521e-05,2.7923730948592683e-05
440,5,1-7,adjust,0.0025148326159549197,-3.0499780660103768e-05,5.0117718949639644e-05
440,6,1-7,adjust,0.0005584762194352163,1.0313975932262728e-06,1.1940046593949408e-05
440,9,1-8,adjust,0.0010500554906947982,-3.862830671021581e-05,2.2538421098787384e-05
441,2,1-4,adjust,-0.003978507248147824,0.00011548809723333315,9.26330985129415e-05
441,3,1-5,adjust,-0.005786252222932257,5.861854786494719e-07,4.234874859760307e-05
441,6,1-5,adjust,0.00014514750417797756,-4.9767633420399255e-05,0.00016710120063974238
441,7,1-5,adjust,0.0011793210178563018,0.00011545251806269821,0.00014439061302484168
441,8,1-5,adjust,-0.0018738785663402115,-3.543016965513596e-05,0.00012719125070644356
441,9,1-5,adjust,0.0003651999571793921,3.396842106392742e-05,0.00011713933094912667
442,2,1-7,adjust,-0.0011432767823310217,7.016303527903387e-05,0.0001072082370911002
442,3,1-7,adjust,-0.008736770777150049,0.00012139361624708852,0.00017953324637780615
442,4,1-7,adjust,-0.01007257520731591,2.6128762323658705e-05,0.00017104795246956244
442,5,1-7,adjust,-0.004328352079768587,0.00010743508147060713,1.4559842661324432e-05
442,6,1-7,adjust,-0.003520086602638628,2.8450686779603335e-05,5.2992323761710316e-05
442,9,1-8,adjust,-0.001771611154089397,-5.095653614818309e-05,0.0001931378638439297
443,2,1-4,adjust,-0.0008808480138563106,0.00011220862559369915,0.00016692767554738234
443,3,1-4,adjust,0.002085831098393891,-4.1431670003984304e-05,5.8136341619588724e-05
443,6,1-5,adjust,0.006164107787119275,-0.00011232957961103746,5.264423492449434e-05
443,7,1-5,adjust,0.003956218937075089,-2.8256520181869945e-05,8.415602432778615e-05
443,8,1-5,adjust,0.0029628761437844493,1.6029200736780988e-06,7.36882306751017e-05
443,9,1-5,adjust,0.004939938345114018,0.0001505465694711206,9.842030187364159e-05
444,2,1-7,adjust,0.005214657216438077,-0.0002618012568125802,9.139432598364046e-05
444,3,1-7,adjust,0.008002525694619641,-0.0001804187138491068,4.102368438660148e-05
444,4,1-7,adjust,-0.0009346876247942884,3.7021660197932412e-06,6.625008667663608e-05
444,5,1-7,adjust,-0.005320782038939987,6.910384756151218e-05,0.00013185282742871282
444,6,1-7,adjust,0.0001159562331116407,0.00013571834286818136,7.141541719290493e-06
444,9,1-8,adjust,-0.0028699405058999973,-0.0001605283385391265,0.00015147338734806032
445,2,1-4,adjust,-0.0053922292509910414,8.021938762329444e-05,1.4245313061653837e-05
445,3,1-5,adjust,-0.010337653021067237,0.0002253438802196587,5.6226276481749116e-05
445,6,1-5,adjust,-0.00927415307560248,-4.561756507121839e-05,5.8628090213715616e-05
445,7,1-4,adjust,0.00505891927242048,-3.313868518873054e-05,8.084063339029905e-05
445,8,1-5,adjust,0.00805284326444997,7.991792322500758e-05,4.9796441320029324e-05
445,9,1-5,adjust,0.0047885600539183245,0.00022168732996888474,1.71122493656788e-05
446,2,1-7,adjust,0.006570124916390125,-1.3807761117158545e-05,3.3815012284353914e-05
446,3,1-7,adjust,0.01213000256403105,-9.177892618094874e-05,1.81829392101702e-05
446,4,1-7,adjust,0.015772061232621374,-0.00015646126666651376,0.00010906184253830706
446,5,1-7,adjust,0.01248815880080682,-1.938208818847726e-05,6.746748887328063e-05
446,6,1-7,adjust,0.014333206341320778,2.2914169607628883e-05,1.3342774998380106e-05
446,9,1-8,adjust,0.0004053985227653028,2.972891671265689e-05,5.9986331728301354e-05
447,2,1-4,adjust,0.0018110431734039332,-0.00017121953873899413,0.00016104877159371064
447,3,1-4,adjust,0.00551882789150768,-3.8452499315412215e-05,0.00023360849898279584
447,6,1-5,adjust,0.0031332069320212535,-5.3331537606591915e-05,1.814717681051042e-06
447,7,1-5,adjust,-0.0006060981592468007,0.00012118844320157886,8.228000232146978e-05
447,8,1-5,adjust,0.00495556525036958,9.365492468754688e-05,0.00011100576542368293
447,9,1-5,adjust,-0.0014062386075711078,3.917026058485194e-05,9.067606445767372e-05
448,2,1-7,adjust,-0.00790564802956332,0.0002429132074456805,0.00012329405697147138
448,3,1-7,adjust,-0.01494933809831847,0.00018900388296936918,1.6797856672586587e-05
448,4,1-7,adjust,-0.0116037074863567,0.00019370883647738476,3.638686184000454e-06
448,5,1-7,adjust,-0.00543929829335643,1.4787049036264912e-06,6.14041177084369e-05
448,6,1-7,adjust,-0.005147990070448754,7.377267648832228e-05,1.963706191635956e-05
448,9,1-8,adjust,0.007292426888223812,8.823203418647931e-05,0.0001309274814029469
449,2,1-4,adjust,-0.0024539845139777716,9.563521079594507e-06,2.848607624751063e-05
449,3,1-5,adjust,0.0008191436272805493,-0.0001321790460668563,2.408163039012874e-05
449,6,1-5,adjust,0.0012127407776493986,-1.9795604596403096e-05,6.404553312346695e-05
449,7,1-4,adjust,0.001892375457084694,6.810313499249417e-05,8.310015080217798e-05
449,8,1-5,adjust,-0.003265951347921326,-3.519736479503532e-05,4.708183705381423e-06
449,9,1-5,adjust,-0.0064746735399637085,-0.00013193824924148846,7.749366942770513e-05
450,2,1-7,adjust,0.0011512416461026,5.4749713233464334e-05,9.817287727702554e-05
450,3,1-7,adjust,-0.005285347534087044,0.0001324010037855455,4.9745591312378306e-05
450,4,1-7,adjust,-0.006914698224731509,-4.0721679112070126e-05,1.902669719464797e-05
450,5,1-7,adjust,-0.003166641399921259,-4.8951356388854525e-06,1.59767144604158e-05
450,6,1-7,adjust,-0.001552163932457347,2.511535316248675e-05,4.334739183906196e-05
450,9,1-8,adjust,0.002334357856456758,9.459725938911295e-07,7.752889971227734e-05
451,2,1-4,adjust,0.0009815111362392935,-9.269634125244865e-06,1.6324967548387016e-05
451,3,1-5,adjust,0.005148929192360967,-4.483628674741018e-05,7.039837781525965e-05
451,6,1-5,adjust,-0.0032705075199297427,-0.00010418652046552809,4.524557343052303e-05
451,7,1-5,adjust,-0.009685134171152774,-0.00019562895086171466,7.652025295993287e-05
451,8,1-5,adjust,-0.0047893144020246525,-4.641349802763741e-05,7.570699773141863e-05
451,9,1-5,adjust,-0.00470906844091255,-6.71815566948721e-05,0.00011286582684646472
452,2,1-7,adjust,0.008389978972793576,-0.00025980043515591556,7.219356150749593e-05
452,3,1-7,adjust,0.013694666774314707,-0.00019788870082664077,8.68591009489157e-05
452,4,1-7,adjust,0.00829546309478068,-8.685074165604675e-05,4.633110216435171e-05
452,5,1-7,adjust,0.004631213920061798,-2.9287091775155203e-05,9.498110162872965e-05
452,6,1-7,adjust,-0.0008049783002149754,-2.9663512738843487e-05,3.823106142290498e-06
452,9,1-8,adjust,0.0004213464615355829,-3.290159045083451e-05,7.075739149968544e-06
453,2,1-4,adjust,-0.003176483853995469,5.302231925475272e-05,1.4850443874710865e-05
453,3,1-4,adjust,-0.0069788358634581115,0.00012423489884057042,7.193564817941254e-05
453,6,1-5,adjust,0.003191675139254235,8.91627825611641e-05,2.8891254564067527e-05
453,7,1-4,adjust,0.006965113234199582,-2.810937064174166e-05,1.21183019606845e-05
453,8,1-5,adjust,-0.004035010010994617,4.764770535290439e-06,1.8694922455221886e-05
453,9,1-5,adjust,-0.0022452195697533505,4.42487245662042e-05,2.526307630738123e-05
454,2,1-7,adjust,0.00011375964598425362,6.845619357460866e-05,6.366322087524523e-06
454,3,1-7,adjust,0.0022834365847992817,-7.910570292040733e-05,7.136836417858164e-05
454,4,1-7,adjust,0.004202893745211186,-3.188755715190901e-05,7.333792406888267e-05
454,5,1-7,adjust,0.009776290282488952,-3.55960186601867e-05,7.89995220931648e-05
454,6,1-7,adjust,0.00592009338603265,5.7935623753709186e-05,0.00010092920753093156
454,9,1-8,adjust,0.0016905592576225317,-0.00010625335069911524,4.605505492277342e-08
455,2,1-4,adjust,9.671376184499434e-05,-4.048995486306297e-05,7.025716444756832e-06
455,3,1-5,adjust,-0.0016986633788660854,1.3098670421198854e-05,6.876714121489278e-05
455,6,1-5,adjust,-0.0008050852900787855,7.547891621747732e-06,5.961588698955831e-05
455,7,1-5,adjust,0.0028783347979451056,6.367212640867977e-05,0.00011445299262425667
455,8,1-5,adjust,0.005139249037018408,5.135828156949123e-05,8.079455288506127e-05
455,9,1-5,adjust,-4.8394817168627176e-05,0.00010713409821117931,4.8835003035850064e-05
456,2,1-7,adjust,-0.0059559869378192415,0.00017375557158033755,7.662871204482329e-06
456,3,1-7,adjust,-0.005990222406136683,4.870532120573928e-05,1.969914059607183e-05
456,4,1-7,adjust,0.005409564035587426,-2.973578413474841e-05,7.61495210569512e-05
456,5,1-7,adjust,-0.0034300485652628268,1.1978178997644651e-05,3.416758959521335e-05
456,6,1-7,adjust,0.003031832932984452,-6.778436398547494e-05,8.905576260767836e-05
456,9,1-8,adjust,0.0036665324357665193,5.621712338175159e-05,4.382224769384461e-06
457,2,1-4,adjust,0.007542584179476744,-0.0002931756754254945,0.00011108339676965634
457,3,1-4,adjust,0.012185858562791954,-0.0001714731706388003,0.00016630108387030018
457,6,1-5,adjust,0.0002007816807800406,-4.8532431321629247e-05,2.1050013359916472e-05
457,7,1-4,adjust,-0.00499001897029455,3.277864502140125e-05,8.887251090846357e-05
457,8,1-5,adjust,-0.001736239381042793,-2.2113699838032025e-05,4.0411092391691814e-05
457,9,1-5,adjust,-0.0017125135734721861,-4.309069700972671e-05,0.00011117136398478387
458,2,1-7,adjust,-0.004707032877659019,0.00024019555467877658,7.868838713295197e-05
458,3,1-7,adjust,-0.007504440671472662,9.40621587251722e-05,1.4097275836828699e-05
458,4,1-7,adjust,-0.01204353133714388,7.520904516663933e-05,3.27196098921499e-05
458,5,1-7,adjust,-0.002037049855013228,-2.458127327124721e-05,9.78079083350673e-05
458,6,1-7,adjust,-0.009069320343693352,-1.3286867704239967e-06,1.8163693700067243e-05
458,9,1-8,adjust,2.1507530770815834e-05,-4.084569379644255e-05,6.84163982771428e-05
459,2,1-4,adjust,-0.0011077696290598133,-2.726186886805927e-06,0.00011463781654747481
459,3,1-4,adjust,-0.0014892955491047281,0.00011562042880837942,0.00012002824347481432
459,6,1-5,adjust,0.004325071471054328,6.959195589711925e-05,4.319780710092896e-05
459,7,1-4,adjust,0.0027428378402822007,-7.075166481231245e-05,9.33538724174448e-06
459,8,1-5,adjust,0.0027300486749688713,-6.865430929829972e-05,1.369018131048553e-05
459,9,1-5,adjust,0.0011441039864245029,6.211970412027819e-05,1.3116052479600087e-05
460,2,1-7,adjust,0.004549119721433331,-6.224904537480907e-05,6.923682179433253e-05
460,3,1-7,adjust,0.008053237359361188,-0.00015326764336715763,4.866403739366934e-06
460,4,1-7,adjust,0.003575958143900181,-2.2595219412323884e-05,2.7377986476296424e-05
460,5,1-7,adjust,0.003230117804471476,5.1440045681142214e-05,4.103846964526259e-06
460,6,1-7,adjust,0.005521324668956639,3.013441370944606e-05,4.561331617939751e-06
460,9,1-8,adjust,-0.001399599463869913,-3.8685698885440615e-05,6.973906209486221e-06
461,2,1-4,adjust,-0.002865168558764631,9.386818340468456e-06,4.408213746236693e-06
461,3,1-5,adjust,-0.006084856277207398,0.00011863601932454578,6.409491668879522e-05
461,6,1-5,adjust,0.0003206590125041581,-4.1602420863075055e-05,0.00010961882357716353
461,7,1-5,adjust,0.0069922677035349455,0.00011362849618647808,8.226394737312444e-05
461,8,1-5,adjust,0.0010295238749343197,4.9940451132216076e-05,7.422901854866359e-05
461,9,1-5,adjust,0.0032434271952663184,7.57797536138534e-05,2.2119516329066758e-05
462,2,1-7,adjust,7.688032389100234e-05,7.271566726537402e-05,2.9236021792359024e-05
462,3,1-7,adjust,-0.008172945706951944,1.7627863453891424e-05,1.2625743880376695e-06
462,4,1-7,adjust,-0.007827921399696762,7.185061889386004e-05,4.2260420804168704e-05
462,5,1-7,adjust,0.00611069971689847,6.83430819587626e-05,3.104547940095724e-05
462,6,1-7,adjust,-7.712451484879325e-05,-7.397907824437548e-06,0.00010603889393149852
462,9,1-8,adjust,-0.00043367211512624043,-2.5298534169390043e-05,3.0311288437330025e-05
463,2,1-4,adjust,-0.0029090794563441436,-1.088567532236306e-05,6.683139542829448e-05
463,3,1-4,adjust,0.0007579992080136391,-2.208815729363545e-06,0.0001596343308675372
463,6,1-5,adjust,0.00642887912982696,1.920719184488977e-05,0.00021478598808710652
463,7,1-5,adjust,0.0036380468200194844,-7.361504556202737e-05,8.303630379940682e-05
463,8,1-5,adjust,0.0063184438361790895,0.00012049126445783342,4.135207129252765e-05
463,9,1-5,adjust,0.003832274918730172,0.00013574764175817115,2.7703695036478263e-05
464,2,1-7,adjust,0.003144556936851766,-0.00011558353117200709,0.00019742058100158296
464,3,1-7,adjust,0.009191616408108987,-2.674759977378954e-05,0.00014573896392180315
464,4,1-7,adjust,0.016178230672739127,-6.495868411047855e-05,0.00012043022967768656
464,5,1-7,adjust,0.0008645059823779742,-9.41942070489551e-05,0.00020343500748835894
464,6,1-7,adjust,-0.004001016632900127,-9.188252029318866e-05,0.00021863074669937923
464,9,1-8,adjust,0.0006633234659283,-4.739882664033749e-06,5.914277971355878e-05
465,2,1-4,adjust,0.003837369501857675,-3.841582958148614e-05,1.6029208884464157e-05
465,3,1-4,adjust,0.002424834293024944,-6.911570398596699e-05,7.805003444826934e-05
465,6,1-5,adjust,0.0026408298820791406,0.00016724414101376974,4.898013798764069e-05
465,7,1-4,adjust,-0.01026114780336019,9.622911856864072e-05,8.584485251071057e-05
465,8,1-5,adjust,-0.005703511207631377,-0.00016069201438747064,2.5543052637821316e-05
465,9,1-5,adjust,-0.004747944435574444,-0.00014993118701244512,6.758197702870633e-05
466,2,1-7,adjust,-0.006187568814246646,0.0001697375393565203,8.00221888675632e-05
466,3,1-7,adjust,-0.008998774845873499,0.00021671449167917048,0.00020674707023279348
466,4,1-7,adjust,-0.016097969408008613,6.116177588054377e-05,4.909098014030408e-05
466,5,1-7,adjust,-0.014980848165159011,5.5073062560416116e-05,8.392437772553564e-05
466,6,1-7,adjust,-0.015190518782571138,-6.235221924653502e-05,6.668959588920766e-05
466,9,1-8,adjust,-0.0007806871235006308,-9.327704794906927e-06,0.0001483677738705851
467,2,1-4,adjust,0.0004058770323459079,3.600995604270501e-05,5.462607849879733e-05
467,3,1-5,adjust,-0.0019159044558134063,-5.033028730257827e-05,1.5132986456160221e-05
467,6,1-5,adjust,-0.0015431735032631717,-3.211284363618801e-05,1.6180698643432743e-05
467,7,1-4,adjust,-0.010583887383102494,-3.9916337181934604e-05,9.735816698931041e-05
467,8,1-5,adjust,0.005187552012744306,6.069785851103617e-06,4.1141667269337154e-05
467,9,1-5,adjust,-0.00019007866363771538,2.061406078833996e-05,6.79139293249241e-05
468,2,1-7,adjust,-0.000642431985981758,-7.727396896848184e-06,3.360316934255816e-05
468,3,1-7,adjust,-0.003145666892551467,-8.212940071570308e-05,9.307949529709898e-05
468,4,1-7,adjust,0.002266686358550853,5.317018785243036e-05,8.78497574232388e-05
468,5,1-7,adjust,-0.011273104337900457,-8.652138508861503e-05,7.814362123510206e-05
468,6,1-7,adjust,-0.007411465505433001,9.91239606311831e-05,0.0001928217692023932
468,9,1-8,adjust,0.0026303340865830803,9.121568963874978e-05,0.0001620455654201011
469,2,1-4,adjust,-0.001556845427590846,2.8853871220264415e-05,0.00010101778127707843
469,3,1-5,adjust,0.0008425483338855718,7.422978561264759e-05,3.590226998652123e-05
469,6,1-5,adjust,-0.0054052968400615,-0.00012723932220836122,0.00025780600652569043
469,7,1-5,adjust,0.003215568575218377,-7.046926650757535e-05,0.00018119900688898734
469,8,1-5,adjust,-0.01924968172165089,2.7270281035914482e-05,0.00014020968803006115
469,9,1-5,adjust,-0.004297179400584957,-0.00010150983427008712,1.8775978605671964e-05
470,2,1-7,adjust,0.004877084245988934,-0.00017885692682491512,1.617716506873505e-05
470,3,1-7,adjust,0.013513335130036509,-0.00016756643174606044,5.574287638676235e-06
470,4,1-7,adjust,0.012463339273570028,-5.2475453150571505e-05,1.7314500078085608e-05
470,5,1-7,adjust,0.011170501365589267,9.607416804519942e-05,3.375864948584975e-05
470,6,1-7,adjust,0.009422053131998592,-5.545877534165411e-05,0.00010810634293290153
470,9,1-8,adjust,-0.005139274324416077,-0.00012614132189378113,0.00017317405535950155
471,2,1-4,adjust,0.0007972619674801394,2.8603017594774965e-05,2.7905455716329576e-05
471,3,1-4,adjust,-0.0028440609341610183,-6.143866119608523e-06,0.00011124948018060783
471,6,1-5,adjust,0.007084253973446256,4.909914318394452e-05,0.00011781886259808357
471,7,1-4,adjust,0.008436518174430738,5.1920511635497096e-05,6.338612911200048e-05
471,8,1-5,adjust,0.015354884435330958,-1.551693595788006e-05,3.3482741920925665e-05
471,9,1-5,adjust,0.0058632896265342046,9.882310699712672e-05,9.186205613446139e-07
472,2,1-7,adjust,-0.006045061385237225,9.690994306338853e-05,3.2960232375821164e-05
472,3,1-7,adjust,-0.0047544552551100705,0.00017626039723173535,1.3309281498996755e-05
472,4,1-7,adjust,-0.0037663348504737306,-2.3797552489493858e-05,6.777644648944463e-06
472,5,1-7,adjust,0.004086359630821334,-2.7368113810623123e-05,4.52658074544498e-05
472,6,1-7,adjust,0.0013509508866989552,0.00010735020524960568,6.0203940018783183e-05
472,9,1-8,adjust,0.0018937233039530057,0.00012984042064557037,2.4395432599677783e-05
473,2,1-4,adjust,0.0050206212347954915,-5.766951418775159e-05,5.4624054708222575e-05
473,3,1-4,adjust,0.004776271205289758,-0.0001282492665138328,6.276618501007252e-05
473,6,1-5,adjust,-0.0010998763701645096,-1.4387114786250622e-05,2.0409349722423557e-05
473,7,1-4,adjust,0.006202778330601859,-7.358004406476682e-05,6.951251159429265e-05
473,8,1-5,adjust,0.0010946548578445949,5.887324599103678e-05,5.3940962069738276e-05
473,9,1-5,adjust,-0.0033448850709492588,-9.561323462996247e-05,3.2288440933807626e-06
474,2,1-7,adjust,0.001902964723347136,-4.709240334737399e-05,7.014455371139676e-05
474,3,1-7,adjust,-0.0024168684107438716,4.237808151964291e-05,5.3717611612302186e-05
474,4,1-7,adjust,0.003788781867915772,-0.00010245750804437945,4.135562903328971e-05
474,5,1-7,adjust,0.011081750853772861,-3.511276441662278e-05,0.00014281603397223172
474,6,1-7,adjust,0.010393041926230326,-6.193097413158564e-05,0.0001659490831728143
474,9,1-8,adjust,0.006274327834362612,8.33524748019463e-05,0.00011087936393366433
475,2,1-4,adjust,0.0008027182602838225,-0.00015868802434786225,9.593811361268732e-05
475,3,1-4,adjust,0.0071318266144070755,-2.9327780618585626e-05,5.859581906721322e-05
475,6,1-5,adjust,4.2979714312632796e-05,1.7408591525935557e-05,0.00014576543849615384
475,7,1-5,adjust,-0.0025883845547558814,2.6691796206082652e-05,0.00012401129392215082
475,8,1-5,adjust,0.0010404054207288694,-1.1472918993394344e-05,8.891820350868457e-05
475,9,1-5,adjust,-0.003817759991073112,-5.777615055075406e-05,0.0001024265475083832
476,2,1-7,adjust,-0.004895293965940043,0.0002502452602280622,8.460871834444897e-06
476,3,1-7,adjust,-0.004627528689290348,2.2909653436208266e-05,3.4899304793898133e-07
476,4,1-7,adjust,-0.0016095443507041897,-7.03600723514259e-05,9.960120138510099e-05
476,5,1-7,adjust,-0.005463238388284534,-4.0937658725423476e-05,5.9733502955469474e-05
476,6,1-7,adjust,-0.0013665965242007265,-8.55221756198089e-06,3.3771712708814375e-05
476,9,1-8,adjust,0.003090556178009744,7.045339750771999e-05,4.864840460287325e-05
477,2,1-4,adjust,0.007532204569112008,-0.00024023927471062832,0.00013037819677597527
477,3,1-4,adjust,0.006035547019077132,-0.00012113494915775106,9.854964100018683e-05
477,6,1-5,adjust,-0.0038762772296742766,-6.704513924945004e-05,8.780825647282018e-05
477,7,1-5,adjust,-0.005070910657482688,2.969230897801226e-05,0.00015912343036468592
477,8,1-5,adjust,-0.005603440259120743,-6.223465204742402e-05,0.00011177481132751363
477,9,1-5,adjust,-0.008923613191323686,-0.00016500025933345323,0.00011560501066183509
478,2,1-7,adjust,-0.006028589922288977,0.0001394886336734032,1.5187441587543701e-05
478,3,1-7,adjust,-0.009143137839334722,0.00016326842107080414,6.868172705910625e-05
478,4,1-7,adjust,-0.008416836413633893,0.00016978628260932874,1.95513884824983e-05
478,5,1-7,adjust,-0.01210428327327638,7.256665211024635e-05,5.050755868074324e-05
478,6,1-7,adjust,0.0005545637409738979,0.00012725742833321534,1.4525698832578149e-05
478,9,1-8,adjust,0.004738723121833171,6.984207602911576e-05,1.5129356891299593e-05
479,2,1-4,adjust,-0.0031993391791108636,0.0001672496581269334,3.0468835680867066e-06
479,3,1-4,adjust,-0.004195077744056592,3.0309645583609775e-05,7.386941359590151e-05
479,6,1-5,adjust,-0.009832838565966987,-7.750949211322215e-05,9.022469267390384e-06
479,7,1-4,adjust,-0.005575897658688877,-1.7445750287658313e-05,4.377428652577935e-05
479,8,1-5,adjust,0.0012947572330310898,-3.856994468834013e-06,4.9245786722263514e-05
479,9,1-5,adjust,7.423493653818227e-05,8.592336159396636e-06,5.014637176558198e-06
480,2,1-7,adjust,0.003983462144462861,-0.0001581789251478856,7.408104309480025e-06
480,3,1-7,adjust,0.0047459409731384836,-0.00018973226199370502,4.2298551723907995e-05
480,4,1-7,adjust,0.01012026644811959,-1.7707327484664527e-05,3.1063199000795894e-05
480,5,1-7,adjust,-0.0011433384956978038,-1.4670926491762242e-05,5.0062299246776036e-05
480,6,1-7,adjust,-4.182834456326544e-05,-9.350737556699743e-07,0.00012639754842170778
480,9,1-8,adjust,0.0019189276193527706,1.938739802763651e-05,0.00010300724793585956
481,2,1-4,adjust,0.0005471828103023649,-2.8730210339896648e-05,0.0001084854622210626
481,3,1-4,adjust,0.004286218507375407,3.671404620981126e-05,0.0001634326758564449
481,6,1-5,adjust,-0.003371797822982632,-4.800609725227424e-05,0.00015513712613439561
481,7,1-4,adjust,0.0051870776537715985,3.91246057727699e-05,8.469532801461468e-05
481,8,1-5,adjust,-0.0041994434805060704,-1.7075188146119657e-05,2.965852305565173e-05
481,9,1-5,adjust,-0.0026725112257156704,-0.00011990554459844894,3.164563131521043e-05
482,2,1-7,adjust,-0.0019670015799198378,2.9951698522184947e-05,4.1924660973294286e-05
482,3,1-7,adjust,-0.003349092670485418,7.457344570763128e-05,5.176062657348149e-05
482,4,1-7,adjust,-0.01419641069919652,5.532512259206913e-05,0.00010200570967748958
482,5,1-7,adjust,-0.0006159846992022155,-8.46193434110765e-05,3.536753027961981e-05
482,6,1-7,adjust,0.006037899671432039,7.614601611501221e-05,7.283551146293202e-06
482,9,1-8,adjust,-0.0006262877298946924,-5.0691110276042576e-05,0.00016073775334101974
483,2,1-4,adjust,-0.005034807610722434,0.0001857107159410744,0.00017738105984947488
483,3,1-4,adjust,-0.006459505294129358,3.668933235021615e-05,0.0001191420957109895
483,6,1-5,adjust,-0.00729256483146121,2.0600923908904233e-05,7.075402257152076e-05
483,7,1-4,adjust,-0.011805946000534258,7.841325955424024e-06,3.936735617781955e-07
483,8,1-5,adjust,0.0001986204594438039,-6.310332544770655e-05,9.87508664303932e-05
483,9,1-5,adjust,-0.0002658205069876787,1.6315730841856985e-05,0.00011873023677095322
484,2,1-7,adjust,0.004650544191016393,-0.00015232174034879499,4.468537298785631e-05
484,3,1-7,adjust,-0.003756186305318643,3.413075870621761e-06,0.00013487627192455584
484,4,1-7,adjust,-0.0037081904234372927,-2.0539303726965996e-05,6.876227787033003e-05
484,5,1-7,adjust,-0.008639971209618614,7.761369960585102e-05,9.636227970701395e-05
484,6,1-7,adjust,-0.004744893617212299,-5.34422600971e-05,0.00024428860641972157
484,9,1-8,adjust,-0.00046917899539469034,1.0461759640942763e-05,3.836570547380586e-05
485,2,1-4,adjust,-0.002763698713666225,3.031925143159986e-05,2.834113233236796e-05
485,3,1-5,adjust,-0.0005423926216483046,4.3609928157766934e-05,2.1796729788775187e-05
485,6,1-5,adjust,-0.000628538585636061,-2.346954617107864e-05,7.841505428371058e-05
485,7,1-5,adjust,0.0006002209868722374,-0.00012174851245402667,6.645520334627007e-05
485,8,1-5,adjust,-0.007570813068683545,-4.2479637711340675e-05,9.242091949728063e-05
485,9,1-5,adjust,0.0006079564571622377,9.006933096087914e-05,0.00011657244051924197
486,2,1-7,adjust,0.008763984144346143,-0.00020855024922365005,9.549338863139317e-05
486,3,1-7,adjust,0.011385102304458081,-9.922367170013613e-05,5.5797883237565566e-05
486,4,1-7,adjust,0.0053307967012725405,-6.47567512055539e-05,0.00013601704917875725
486,5,1-7,adjust,0.013511052657256542,-1.7931478241290375e-05,6.239526821546244e-05
486,6,1-7,adjust,0.007077255185848897,6.234583122494779e-05,0.00011548908983970836
486,9,1-8,adjust,-0.005499893120626793,-0.0001793320385691044,0.00011591115178067024
487,2,1-4,adjust,-0.005613506433669422,8.380368867183479e-05,1.0833424482822137e-05
487,3,1-4,adjust,-0.005535963478163756,2.707426392017191e-05,5.368629578883895e-05
487,6,1-5,adjust,0.004127349011691069,-6.382716366219187e-05,6.659146964089512e-05
487,7,1-4,adjust,0.008340272678526979,2.1126997023968388e-05,4.205596158105497e-05
487,8,1-5,adjust,0.006975936417882465,0.00011387226319767456,2.4641879684893316e-05
487,9,1-5,adjust,0.006586605005733929,0.0001309676777026877,2.5260010358365016e-05
488,2,1-7,adjust,0.0026325296122825127,-6.557840870301276e-05,5.292829397611176e-05
488,3,1-7,adjust,0.0019324351895392345,-8.025038178375012e-05,3.363871030635026e-05
488,4,1-7,adjust,0.008921744118572113,5.47068063603455e-05,3.053873309479677e-05
488,5,1-7,adjust,-0.003266636191969919,3.745855782511633e-05,6.639120484525531e-05
488,6,1-7,adjust,0.004634792230029858,4.26189505224122e-05,2.2209114780925877e-05
488,9,1-8,adjust,-4.472840747437593e-05,8.551467476248985e-06,3.393648150164494e-05
489,2,1-4,adjust,-0.0028851237774033243,0.00010817460382554222,4.778516472739922e-05
489,3,1-4,adjust,0.0024156768858958366,5.092478992869106e-05,6.225916919801542e-05
489,6,1-5,adjust,-0.008504413953196668,1.1761700115628484e-05,0.0001373173603133161
489,7,1-4,adjust,0.0035065246538981956,6.508087122753443e-05,6.214577271733637e-05
489,8,1-5,adjust,0.003290085942960657,7.977420252534345e-05,2.7140038590258824e-05
489,9,1-5,adjust,0.0034039067134776935,4.46395194868185e-05,6.933634269187702e-05
490,2,1-7,adjust,0.0013500616598390361,0.00016243371935899674,2.5108458481804575e-05
490,3,1-7,adjust,-0.0033810383529113853,1.194320624017937e-06,0.00011582947571324923
490,4,1-7,adjust,-0.00023600314720183022,1.627370081535127e-05,4.327619436592206e-05
490,5,1-7,adjust,0.005312854937403554,-3.621638331636314e-05,3.3498292957363755e-05
490,6,1-7,adjust,0.006899050296691548,-1.728698776921961e-05,5.726071472928011e-05
490,9,1-8,adjust,-0.002834186921735971,3.5586436446509055e-05,2.050767245890315e-05
491,2,1-4,adjust,-0.003204818461871854,-0.00016715121712430593,4.246903135637117e-05
491,3,1-4,adjust,0.0034758843683870633,8.258454590250147e-05,5.566829018344503e-05
491,6,1-5,adjust,-3.5313333196983645e-06,-3.7273556478425054e-05,0.00011888209522910838
491,7,1-4,adjust,-0.0021942296714439493,6.888586751105446e-05,4.49542469213137e-05
491,8,1-5,adjust,-0.007696933226475751,-1.9489981873745723e-05,1.1558354652627355e-05
491,9,1-5,adjust,-0.0011455467946976427,-4.934812503941309e-05,4.9918428925146484e-05
492,2,1-7,adjust,0.0019342085991416766,0.00012023342629715739,4.7443679428338155e-05
492,3,1-7,adjust,-0.009988906328368694,1.7403476413988293e-05,5.8530351852824746e-05
492,4,1-7,adjust,-0.011610721786899083,5.670421839760403e-07,1.695757642045995e-05
492,5,1-7,adjust,-0.0024073472270596326,-2.546550259377804e-05,7.558600738628842e-05
492,6,1-7,adjust,0.0002092473676155235,5.9986019391844844e-05,8.616588767002971e-05
492,9,1-8,adjust,-0.0012652852416616168,4.125693072823383e-06,0.0001305000407847512
493,2,1-4,adjust,-0.004333175330872602,0.0001275238655216019,0.00017753635237583522
493,3,1-4,adjust,0.001431454908875411,-3.305927630328984e-05,0.0001236625695416006
493,6,1-5,adjust,-0.004659263393341628,-8.338761979844664e-05,1.7109094200151743e-05
493,7,1-4,adjust,-0.0007029745033122292,-0.00016573662529010045,1.1187139490998675e-05
493,8,1-5,adjust,0.003530343872327524,-5.990568453410723e-05,0.0001129499704950515
493,9,1-5,adjust,0.004623014127561333,4.791515752095696e-05,6.591666124211515e-05
494,2,1-7,adjust,0.00824099937447799,-0.0003392499445085493,9.617055649506941e-05
494,3,1-7,adjust,0.015067397482682415,-0.00015684290537331885,5.570086997757326e-05
494,4,1-7,adjust,0.017466854075228178,-7.476952293495104e-05,1.1015159153921244e-05
494,5,1-7,adjust,0.00782178311551366,5.063652238092021e-06,3.6934509482236716e-06
494,6,1-7,adjust,0.008245466939192335,0.0001527558535116843,1.0069455992599892e-05
494,9,1-8,adjust,-0.0056471511220071375,-7.829001491376902e-05,2.619806065547093e-05
495,2,1-4,adjust,0.0007654195483242899,9.271134783876811e-05,4.451768129167835e-05
495,3,1-5,adjust,-0.0018718883035450191,1.4773603604525712e-05,3.837158468021522e-05
495,6,1-5,adjust,-0.0001860513651248145,-0.0001637105685369465,4.299445282193386e-05
495,7,1-4,adjust,0.0002245330843251267,0.00010030134297187748,5.2327340163663285e-05
495,8,1-5,adjust,0.0025135729213338264,-3.0572982830300744e-05,2.0704851646838826e-05
495,9,1-5,adjust,0.004767970636365508,5.081233734681367e-05,7.897374586659046e-05
496,2,1-7,adjust,-0.006692414763579284,0.00014781803939526987,7.707523056219774e-05
496,3,1-7,adjust,-0.0034343182115345824,0.00010557120003211596,3.663218755085955e-05
496,4,1-7,adjust,-0.007027805197365935,-9.91602557379405e-06,2.725462124311563e-05
496,5,1-7,adjust,-0.004053756278403543,5.9552427037085836e-05,5.080558319900168e-05
496,6,1-7,adjust,-0.006651322731803313,3.985289265206471e-05,1.788631756788255e-05
496,9,1-8,adjust,-0.0024352557339777287,-4.3128820084729576e-06,1.0506624408733439e-05
497,2,1-4,adjust,0.003359717739231886,-0.00017433082609023029,8.558066956909008e-05
497,3,1-4,adjust,-0.0017941985403613044,-2.748936206768806e-05,6.362191209079851e-05
497,6,1-5,adjust,0.004488113392336735,8.825595999564486e-05,9.631893874745853e-05
497,7,1-5,adjust,0.006477189646313964,2.633980034958786e-05,0.00015508530201341144
497,8,1-5,adjust,-0.000854704311894875,-2.3972528743404146e-05,2.358490585410568e-05
497,9,1-5,adjust,0.003073355679319581,6.736276828597992e-05,8.153783402344768e-05
498,2,1-7,adjust,-0.0038003761996529,0.00016373467717175575,0.00014504888915863206
498,3,1-7,adjust,-0.004777702203618535,-3.530466978898585e-05,1.9385126872004816e-05
498,4,1-7,adjust,0.0052538875335502895,7.030325297665561e-05,7.747872319996883e-05
498,5,1-7,adjust,0.00015352392146225746,-1.5723017285634934e-05,4.3045940794746434e-05
498,6,1-7,adjust,0.002460253385562208,-0.00014133365711350152,2.576785569271351e-05
498,9,1-8,adjust,-0.0027083556298394,-9.057285833489628e-05,0.00019557227876808016
499,2,1-4,adjust,0.003632069540089199,-8.30349001171119e-05,3.150082171663975e-05
499,3,1-5,adjust,0.008532333283573407,7.515434121787471e-05,6.195296091551e-05
499,6,1-5,adjust,-0.001773598157828263,6.867671012355857e-05,8.332720060824574e-05
499,7,1-4,adjust,-0.001538549888418043,1.787535574564054e-05,6.631670316009014e-05
499,8,1-5,adjust,0.0021829768879807654,7.956590595940128e-05,4.0182045788974536e-05
499,9,1-5,adjust,0.002263603363288116,3.730028236208348e-05,4.375531713343984e-05
500,2,1-7,adjust,-0.007660075433958641,9.811876910057579e-05,2.2472168214390203e-05
500,3,1-7,adjust,-0.008278880916925722,1.7844857265689683e-05,5.833051052167579e-05
500,4,1-7,adjust,-0.00975691138618701,-7.783109048232643e-06,6.896162760460937e-06
500,5,1-7,adjust,0.0002715447893321612,5.851854042679306e-05,4.018636552635999e-05
500,6,1-7,adjust,0.0020866500941790437,6.794916706618243e-05,3.210954917164145e-05
500,9,1-8,adjust,-0.0010046986900327745,1.0302202291231816e-05,5.9348483631239035e-05
501,2,1-4,adjust,0.00844369235020506,-7.724631282115445e-05,3.382925091826059e-07
501,3,1-5,adjust,0.0017273230477777345,-6.263105087463461e-05,4.419638903272877e-05
501,6,1-5,adjust,0.0015837570816944235,-5.404356824389109e-05,0.00011972948484721811
501,7,1-5,adjust,0.0005052298876849879,-3.0093160788138947e-06,9.974478637286393e-05
501,8,1-5,adjust,0.002999397769080325,8.49870454901766e-05,4.086517703944388e-05
501,9,1-5,adjust,0.0037988711220927804,2.0840961131771336e-05,0.00014018618206797706
502,2,1-7,adjust,-0.005333837394549104,2.946722618606027e-05,9.565146630851512e-07
502,3,1-7,adjust,-0.0013706744033357748,6.107833276858122e-05,0.00010317229203246347
502,4,1-7,adjust,0.0033195903914346103,5.731888819658762e-05,6.429632716103773e-05
502,5,1-7,adjust,-0.0029238111366751396,-2.1399100729644372e-05,7.678806776432235e-05
502,6,1-7,adjust,-0.0061623626632702575,-6.752244521209139e-05,9.647437273147306e-05
502,9,1-8,adjust,-0.001656743431537343,2.7557552348266216e-05,1.7336191387667553e-05
503,2,1-4,adjust,0.00034576898584085983,1.3750903667744233e-05,3.6309657421393184e-05
503,3,1-5,adjust,0.0008199081509254598,-1.6786052907776665e-05,4.951118377510713e-06
503,6,1-5,adjust,0.0011995183741237696,4.287199603487096e-05,7.478401021115089e-05
503,7,1-4,adjust,0.004284061477191998,-9.571334847218013e-05,8.343150323681996e-06
503,8,1-5,adjust,-0.0027264355244342735,-3.871261145008181e-05,2.1751727646655002e-05
503,9,1-5,adjust,0.0005062894147253794,-9.481193642636644e-06,1.0495654274101814e-05
504,2,1-7,adjust,0.0029085093717110323,-4.996095757027488e-05,7.519608889204336e-05
504,3,1-7,adjust,-0.0007647233937762488,-7.815612782797183e-05,3.909191633599103e-05
504,4,1-7,adjust,0.0022104217256130967,-0.00012249656982160167,0.0001287536848084605
504,5,1-7,adjust,0.017427592894499792,-4.6799276479444384e-05,0.00012137446592334791
504,6,1-7,adjust,0.011385959024497754,7.860363547495009e-05,0.0001194153844450952
504,9,1-8,adjust,-0.0007415121325781035,2.3821616327894717e-05,2.9260293242012955e-05
505,2,1-4,adjust,0.0016623628834453762,-4.40955324359644e-05,1.552322742095993e-05
505,3,1-4,adjust,0.006651169271162819,3.8109856750107576e-05,0.00011906217345303448
505,6,1-5,adjust,0.0023190763320135865,-3.630492362354313e-05,0.00018234770044479916
505,7,1-5,adjust,0.0022322912158504096,0.00016482444414549221,0.00016553097421753178
505,8,1-5,adjust,0.004290221321305581,4.255017952073352e-05,0.0001331246797129379
505,9,1-5,adjust,-0.0015363398415195904,-9.407930658351035e-05,1.1214349419436901e-05
506,2,1-7,adjust,-0.007441225561245964,0.00016548775710550234,4.2378363813007125e-05
506,3,1-7,adjust,-0.0070508267550104435,9.540952522389532e-05,6.10976153946008e-05
506,4,1-7,adjust,-0.0012161385057422613,4.9164747869289845e-05,1.69575151606697e-05
506,5,1-7,adjust,-0.015486161461762741,-8.189326727793818e-05,0.00013604134832247112
506,6,1-7,adjust,-0.006768692011165193,-6.84748438642866e-08,3.5460192636465925e-05
506,9,1-8,adjust,0.0019795747006370328,0.00015654260390710276,9.457762238229444e-05
507,2,1-4,adjust,0.0030621964870296307,-0.00010373035715463861,9.554665017172872e-05
507,3,1-4,adjust,0.003971835053093109,-8.913651729262267e-05,7.296425031185248e-05
507,6,1-5,adjust,-0.010048192734953642,2.7019653535887235e-05,4.4829131779332645e-05
507,7,1-4,adjust,-0.008356603938604388,-0.0001221525470180832,1.1180837654536078e-05
507,8,1-5,adjust,-0.005067886609435299,-0.00016794543889507452,2.4980163703650822e-05
507,9,1-5,adjust,-0.0065939181919811235,-0.000199725412023608,4.7471423319334325e-05
508,2,1-7,adjust,0.005663949029682099,-0.00010165972346332851,2.2565551394600546e-06
508,3,1-7,adjust,-0.0037135761980304775,2.9831099169798756e-05,0.0001248993734339895
508,4,1-7,adjust,0.002997662884233768,-7.169010948753978e-05,4.013739325674226e-05
508,5,1-7,adjust,0.0070440194468528875,0.00011091699532854241,4.8585263980029476e-05
508,6,1-7,adjust,0.006466435921733831,-9.629908501859928e-05,1.929742882668809e-05
508,9,1-8,adjust,0.0023023462977274367,-2.9644464014515606e-05,0.00012603377651081748
509,2,1-4,adjust,-0.0001511408103034154,-3.143475564314705e-05,5.791691422813505e-05
509,3,1-5,adjust,0.006929374312041788,-0.00012590293339408506,5.1242419623415424e-05
509,6,1-5,adjust,0.00476533085643399,1.883562412630296e-05,9.023549708730668e-05
509,7,1-5,adjust,0.0024884271320933845,2.606148083443303e-05,0.0001410562605335398
509,8,1-5,adjust,0.008701525550547878,0.0001773644881563345,0.0001271009270288215
509,9,1-5,adjust,0.004089826843961303,0.00025444621697370015,0.00017249371750946394
510,2,1-7,adjust,0.00014625094751445305,9.98897176974941e-05,0.00014810676997539668
510,3,1-7,adjust,-0.004523758934414604,3.8950714225870075e-05,0.0001329382621509149
510,4,1-7,adjust,-0.0006064140008544142,8.243445115041532e-05,0.00014202017461150592
510,5,1-7,adjust,-0.006440603377750694,-9.975472062386265e-06,7.51596341280178e-06
510,6,1-7,adjust,-0.005112162886765335,5.918800685610492e-05,4.631708149512469e-05
510,9,1-8,adjust,0.0024326873946961232,-3.477857773741081e-05,0.00010814346722907554
511,2,1-4,adjust,-0.0010675934320237997,-3.235321599335073e-05,6.287636523072892e-05
511,3,1-5,adjust,0.0024182019262042813,8.529272738262841e-05,7.303336274098917e-05
511,6,1-5,adjust,0.003121029038992256,-9.465176969437262e-05,3.580624754191474e-05
511,7,1-4,adjust,-0.0021785400871026494,-3.621982505102932e-06,7.902840743577427e-06
511,8,1-5,adjust,-0.008103401999084539,-3.060414450285942e-05,4.997532501309152e-05
511,9,1-5,adjust,-0.003554798251323527,-0.00012379614745600806,4.9335453693449564e-05
512,2,1-7,adjust,-0.0006442422369315604,-1.173766953314287e-05,0.0001162539130879985
512,3,1-7,adjust,-0.004022925676309773,-6.588787308041123e-05,0.00010461092775389041
512,4,1-7,adjust,-0.0024908029774622113,-6.283130793693243e-05,0.00013139550768106374
512,5,1-7,adjust,0.001899010481382564,-1.80782676817664e-05,9.313513863491439e-05
512,6,1-7,adjust,-0.005054673764993356,0.00014651584760491638,5.3756247388924645e-05
512,9,1-8,adjust,0.0006126864495350109,8.347667125492407e-05,6.0890617384134736e-05
513,2,1-4,adjust,0.0009306342754932951,-2.627115089178407e-05,4.951144666160532e-05
513,3,1-5,adjust,0.0032973712904395577,7.378121598472636e-05,2.9350821118193383e-05
513,6,1-5,adjust,0.0030851389814609024,-8.544649712737053e-05,8.53216585083026e-05
513,7,1-5,adjust,-0.0012880140873521584,-1.2122918499319507e-05,8.502905746426421e-05
513,8,1-5,adjust,0.00021692775253461292,-2.489052587661375e-05,2.82604868374421e-05
513,9,1-5,adjust,-0.0030392457398967353,-0.0001456229924637386,2.3425140335105275e-06
514,2,1-7,adjust,-0.0007436396327483752,6.928186179673235e-05,4.4518089741099646e-05
514,3,1-7,adjust,-0.0045659788706260175,-3.176485639002957e-05,1.1735646895007884e-05
514,4,1-7,adjust,-4.2803680230349096e-05,-1.7146019312147877e-05,8.981924950168688e-05
514,5,1-7,adjust,-0.003665079694349951,8.5005824092752e-06,8.0262994365875e-05
514,6,1-7,adjust,-0.0005848900603618321,2.076374407495578e-05,6.999165167767278e-05
514,9,1-8,adjust,0.0028393563220383967,0.0001473283247340181,4.1563118283531205e-05
515,2,1-4,adjust,0.0009727415700437274,-2.5117195521398144e-06,3.832002211151363e-05
515,3,1-5,adjust,0.0036169328671855224,-0.00012448825091088974,3.110683472341736e-05
515,6,1-5,adjust,-0.0048985560703426485,1.3860270765521482e-05,1.4036869935899363e-05
515,7,1-5,adjust,-0.00022774927970520807,1.1091856028120038e-05,0.00011159504488786997
515,8,1-5,adjust,0.004474649849507148,3.2395400902546096e-05,7.663223211812754e-05
515,9,1-5,adjust,-0.0016399320246089813,-0.00019864049236771364,9.954882565225478e-05
516,2,1-7,adjust,-0.002534884882912122,-4.544004854592239e-05,0.00011389859377421265
516,3,1-7,adjust,-0.0008207986637644816,5.105191297667879e-05,0.00013309876843930612
516,4,1-7,adjust,-0.0010892793705409999,5.942047125983558e-05,0.000165940101709113
516,5,1-7,adjust,-0.008311125061355902,-2.178121074785945e-05,6.374257001673434e-05
516,6,1-7,adjust,0.004958624168728977,8.963483558622412e-05,2.200078705652093e-05
516,9,1-8,adjust,0.0031003003443985057,0.0002570919427660658,0.00010861653628077533
517,2,1-4,adjust,0.001889958138893982,1.620022613433515e-05,4.794047796390746e-05
517,3,1-4,adjust,3.2384630818172045e-05,5.755735354168224e-05,0.00012806136302768734
517,6,1-5,adjust,-0.01194685276323437,-0.00017250891067968084,0.00014172344782679457
517,7,1-4,adjust,-0.0137016108270353,-7.665213599599112e-05,9.21692410161619e-05
517,8,1-5,adjust,-0.012088860062355506,-0.00014423046913493743,2.3219947682485186e-05
517,9,1-5,adjust,-0.004154239094966324,-0.00019646018465648222,8.173143981501287e-05
518,2,1-7,adjust,0.0010735032119609845,-9.260021907581829e-06,6.708590308549209e-05
518,3,1-7,adjust,0.001960976146409784,-5.23348443311502e-06,5.2761084093682666e-05
518,4,1-7,adjust,0.004462570085351141,1.9792044315643883e-05,7.098352177470635e-07
518,5,1-7,adjust,0.0018103378691464698,8.577083892216398e-05,0.00010374978083254261
518,6,1-7,adjust,-0.002441946482967919,5.6818951691062806e-05,0.0001298895230270348
518,9,1-8,adjust,-0.005014695384152841,-0.0001083934824464943,1.9587262475576773e-05
519,2,1-4,adjust,-0.00060932778454165,-1.772217828894873e-05,0.00012690768415082502
519,3,1-4,adjust,0.0012963659852572992,-2.6233293596070395e-06,0.0001289075669012061
519,6,1-5,adjust,0.00566682978582538,-9.064708236649218e-05,0.00013398467532968402
519,7,1-5,adjust,0.0070897838539892835,0.0001386878098451279,7.971696997814027e-05
519,8,1-5,adjust,0.004968922230335486,0.00011289367814352144,1.4466869547009875e-06
519,9,1-5,adjust,0.0080225844627684,0.00023637981909363853,5.4987500001384724e-05
520,2,1-7,adjust,-0.0005357400109066016,1.5042963800638036e-05,1.1870139565927383e-05
520,3,1-7,adjust,-0.007134261582103153,4.018755351536009e-05,5.091288028298674e-05
520,4,1-7,adjust,-0.018609040411310545,4.470488988946648e-05,5.521557864057979e-07
520,5,1-7,adjust,-0.004676189608404191,-6.0565468495443815e-05,3.073581068706919e-05
520,6,1-7,adjust,-0.0022485455819593273,7.724393278445956e-05,3.1114341349140835e-05
520,9,1-8,adjust,-0.0008664086263292329,-0.000122573069673917,2.4084321476510422e-05
521,2,1-4,adjust,-0.007248202691372857,0.00022041869437298349,7.340320139951945e-05
521,3,1-4,adjust,-0.008511950022276131,3.0985055241803755e-05,0.00012645866334101355
521,6,1-5,adjust,-0.002086823295563647,3.8023382064013075e-05,1.6533343008642037e-05
521,7,1-5,adjust,-0.005900810114073015,-0.0001366399689254034,0.0001344595940445785
521,8,1-5,adjust,-0.0018984278122889796,-0.00020971003407964522,0.00011893472319495102
521,9,1-5,adjust,-0.0007069646705152848,5.415570039196617e-05,3.595590305696492e-05
522,2,1-7,adjust,0.012433333960487838,-0.00034726739851672543,0.00012005510862586601
522,3,1-7,adjust,0.022543157409809157,-0.000150607417683251,5.852283112202573e-05
522,4,1-7,adjust,0.01319390999587661,-6.406283592510641e-05,0.00015502086379100302
522,5,1-7,adjust,0.010609402783470504,-3.635619581207306e-07,0.00016686834797298623
522,6,1-7,adjust,-0.000832738000054703,-4.958331823924704e-05,0.00017796674060716042
522,9,1-8,adjust,-0.00719484207588783,-0.00016090443113056708,2.087013806008919e-05
523,2,1-4,adjust,-0.0071419967398368795,0.00016226795345964767,5.961838911431299e-05
523,3,1-5,adjust,-0.009852993926955662,4.031538358765007e-05,2.6639854400066576e-05
523,6,1-5,adjust,0.013249996995333925,-6.18700315469965e-05,1.6897249660406048e-05
523,7,1-4,adjust,0.008906523078352302,8.42897726144377e-06,8.110237603105621e-05
523,8,1-5,adjust,0.003995959121192304,0.00022770598970923598,1.7589746188874956e-06
523,9,1-5,adjust,0.008482404781094473,0.00018886301224706328,1.1399716094674805e-05
524,2,1-7,adjust,0.004266043467099302,-9.61756113206573e-05,0.00013710190064432657
524,3,1-7,adjust,-0.003125879207641373,0.0001469826846698364,1.8936736183654178e-05
524,4,1-7,adjust,0.009303625338252571,3.782710858141656e-05,9.421956236951553e-05
524,5,1-7,adjust,7.900402936716693e-06,-7.007826074795017e-05,9.151986400582015e-05
524,6,1-7,adjust,-0.0010927633547323633,0.00017773793375285395,1.8877475074332042e-05
524,9,1-8,adjust,-0.0018551781256594547,2.061378982502113e-05,0.00011708251748470273
525,2,1-4,adjust,-0.001992168638812081,7.7856161027018e-05,5.488325590130468e-05
525,3,1-4,adjust,0.00831171590121449,-0.0002035778343835076,0.00010776336823914728
525,6,1-5,adjust,-0.00035918001713427275,-0.00011876640809184468,0.00015658101493785733
525,7,1-5,adjust,-0.004498911898309545,5.149953639000839e-05,0.0001000832027929226
525,8,1-5,adjust,-0.0046835092550975834,-9.094288531326425e-05,0.00014235470574586984
525,9,1-5,adjust,-0.0032041002657041576,-0.000153130043380767,0.00013704456011682264
526,2,1-7,adjust,-0.0031948451435263275,3.5884223468192136e-05,6.178534390595285e-05
526,3,1-7,adjust,-0.010085601262296946,0.00011915825579984012,5.039154404986244e-05
526,4,1-7,adjust,-0.005812018132732565,7.334198078665353e-05,1.83604825194466e-05
526,5,1-7,adjust,-0.008515036706298378,3.495181187487685e-05,1.2983438905735702e-05
526,6,1-7,adjust,-0.009722874384136378,-5.550879320555732e-05,7.4054555041442624e-06
526,9,1-8,adjust,0.00153179306582703,-4.4900503135445125e-05,4.349130152833679e-05
527,2,1-4,adjust,0.0006099239136915346,2.187177435093689e-05,3.2224146161451034e-05
527,3,1-4,adjust,0.003566527173134687,2.2415489049636628e-05,7.501505564831328e-05
527,6,1-5,adjust,-0.002622885941159909,7.252196502124583e-05,0.0001948838553123874
527,7,1-5,adjust,-0.003788816327905256,-7.885994019893125e-05,9.141447157528865e-05
527,8,1-5,adjust,0.0007400116119281743,5.377547353890553e-05,7.980177003976701e-05
527,9,1-5,adjust,1.6623537958844067e-05,1.7681549672244362e-05,0.00015078175339764346
528,2,1-7,adjust,0.006820715704502494,-0.00012414098899087833,0.00010389426139716649
528,3,1-7,adjust,0.005479143550861246,-0.0001368749173965189,3.961564216946496e-05
528,4,1-7,adjust,0.0021083327319371824,-8.538209843293726e-05,3.532820102422663e-05
528,5,1-7,adjust,0.005364664248535532,6.07603272676702e-05,2.863813638028755e-05
528,6,1-7,adjust,0.0023551084444736405,-2.6342811787661394e-05,2.394585241322517e-05
528,9,1-8,adjust,-0.0009357090529282854,2.8097748226249424e-05,0.00010922447991429633
529,2,1-4,adjust,-0.004292060169323592,4.2513167492147204e-05,0.0001677201767213887
529,3,1-4,adjust,-0.0027279125376767142,4.556047534459248e-05,0.00011040165700943994
529,6,1-5,adjust,0.008694425275303253,-2.9837887668899966e-05,8.280657007980048e-05
529,7,1-4,adjust,0.015520444696379317,5.6590046076530244e-05,5.073898895010817e-05
529,8,1-5,adjust,0.004611349274926238,-1.4085000477772734e-05,9.504064282847987e-06
529,9,1-5,adjust,0.00355938493294089,8.539406770221175e-05,1.7157211015444886e-05
530,2,1-7,adjust,0.0009828247352988647,-3.43395660578069e-06,2.0143722618454833e-05
530,3,1-7,adjust,0.0058860167911682195,-4.3639539896538385e-05,1.285075780822241e-05
530,4,1-7,adjust,0.0025188124327687124,-6.668560230455965e-05,7.590785778674415e-05
530,5,1-7,adjust,0.014955714631737102,-6.397369671197086e-06,0.00011526200887856834
530,6,1-7,adjust,0.008299785067154328,6.16336225753939e-05,6.602644209607991e-05
530,9,1-8,adjust,-0.00019574950784925513,3.506898061128934e-05,2.3306310625625418e-05
531,2,1-4,adjust,0.0018345545384502553,-4.623118294471245e-05,7.649462670765419e-05
531,3,1-5,adjust,-0.002276446966917691,5.873433755215712e-05,4.5318327900029234e-05
531,6,1-5,adjust,0.002560847061362189,-3.630950990792671e-05,5.513448750892257e-05
531,7,1-5,adjust,0.0023733910467535397,6.961241237325053e-05,9.79609775149194e-05
531,8,1-5,adjust,0.0023449267693916105,6.991678117674071e-05,8.004137726418407e-05
531,9,1-5,adjust,0.0016598452748516064,-5.279950639218351e-06,9.170543738695144e-05
532,2,1-7,adjust,-0.004739000006049166,0.00013907788177430734,5.3937037359702885e-05
532,3,1-7,adjust,-0.009766314612694635,0.00017554889516411003,6.746361892229987e-05
532,4,1-7,adjust,-0.009016232690469491,3.87088666396502e-05,6.424954485952654e-05
532,5,1-7,adjust,-0.009816765614085048,2.4092815347162973e-06,0.00011244829297897332
532,6,1-7,adjust,-0.004128857888710408,9.851164723789286e-05,0.00010778274177374409
532,9,1-8,adjust,0.0012955084245651735,5.54259579837082e-05,4.799142510468235e-05
533,2,1-4,adjust,-4.6973504055853154e-05,-7.79709390572932e-05,8.438681485493163e-05
533,3,1-4,adjust,0.0046982975865317,-0.00011423059590099928,4.61286350941249e-05
533,6,1-5,adjust,-0.0040753529617359435,-8.357418391218696e-05,8.016426162484214e-05
533,7,1-5,adjust,-0.0008035274213693455,-0.00010463018853551417,9.902306490657514e-05
533,8,1-5,adjust,-0.0011908983745055962,-3.73793890212665e-05,1.1751929947542711e-05
533,9,1-5,adjust,-0.0009857200388409652,-8.919680067615319e-06,2.693894719013505e-05
534,2,1-7,adjust,0.0006603935753859393,-4.293227301924795e-05,5.0659140402614005e-05
534,3,1-7,adjust,0.008929746190276273,-7.786278931868452e-05,0.00011165753009657276
534,4,1-7,adjust,0.00669241757647108,-1.642064284209769e-05,5.342142692806275e-05
534,5,1-7,adjust,0.00828214562726422,-6.159579268508204e-05,9.368696904462407e-05
534,6,1-7,adjust,0.009006256277968843,3.4454626386608685e-05,9.463377561260732e-05
534,9,1-8,adjust,-0.0014577926707961967,-4.290086791100248e-05,7.342404905881915e-05
535,2,1-4,adjust,0.0024980631267132103,-1.8895085858521567e-05,2.5787012748888526e-05
535,3,1-5,adjust,-0.0028940783933349683,4.442169549879451e-07,6.575751535521476e-05
535,6,1-5,adjust,-0.0021424785235370863,1.9051822244443164e-05,0.0001233695274364885
535,7,1-5,adjust,-0.004426125588637056,0.00010448990591311841,9.938851370236663e-05
535,8,1-5,adjust,0.002373430934011569,-1.9744780245461146e-05,2.8987392011072887e-05
535,9,1-5,adjust,-0.001635829554097305,-0.00012135176082872543,3.098143503983033e-05
536,2,1-7,adjust,-0.00036860503102888767,0.00010501404528206402,6.006395240003709e-05
536,3,1-7,adjust,-0.004389788142828172,0.000144149132322705,1.791071480567281e-06
536,4,1-7,adjust,-0.008935785337589378,7.543023162209817e-05,6.156927054923772e-05
536,5,1-7,adjust,-0.005511091274039755,-7.051991303029959e-06,1.3781785855701496e-05
536,6,1-7,adjust,-0.008273154985288264,-4.114241042763767e-06,1.7590271166149376e-05
536,9,1-8,adjust,0.0030167478899610386,0.00014027762743993018,5.9249939027907754e-05
537,2,1-4,adjust,-0.004186747666985434,5.033138791717566e-05,0.00019553470818418783
537,3,1-4,adjust,-0.0068352416929037705,-1.6519410784945524e-05,0.0001310641403492138
537,6,1-5,adjust,0.0016412774075364727,-2.683823215472005e-05,9.219769978892014e-05
537,7,1-4,adjust,-0.0012483192948515125,1.186260207637303e-05,2.510119287519245e-05
537,8,1-5,adjust,-0.003349643710105774,1.92530672811624e-05,9.455828852133434e-06
537,9,1-5,adjust,-0.005635981616984584,-0.00012725923698883804,8.71537776410892e-05
538,2,1-7,adjust,0.003022062965242975,-0.0001109844318474169,1.641101886178691e-05
538,3,1-7,adjust,0.002014076453195977,-1.9202780654293684e-05,1.653559327053853e-05
538,4,1-7,adjust,0.003836165262320966,-2.0724708788611598e-05,3.23968182696923e-05
538,5,1-7,adjust,-0.005320680279157988,5.887392177573932e-05,1.2713755856338736e-05
538,6,1-7,adjust,-0.0034907768876717366,3.894041759712119e-05,1.7554575975077086e-05
538,9,1-8,adjust,0.0023123896583965545,5.161938634395685e-05,1.5769395107260783e-05
539,2,1-4,adjust,0.00026858482640398766,9.360572254221959e-05,2.649413888746062e-06
539,3,1-5,adjust,0.0056040980839577445,-3.217080213763238e-05,3.0381363708434222e-05
539,6,1-5,adjust,0.0014724044886227064,-0.00013744542159053533,1.5641573868059018e-05
539,7,1-4,adjust,0.0023724729179365896,-0.00011018405659531216,1.08193150685787e-05
539,8,1-5,adjust,0.0005953906807064793,-2.6296311096409515e-05,3.7778795670127372e-06
539,9,1-5,adjust,0.003301695302242923,8.462713332689239e-05,3.3610975357066486e-06
540,2,1-7,adjust,3.850687218396661e-05,-6.954381074387855e-05,7.213389774316787e-05
540,3,1-7,adjust,0.010031236371878296,-7.24246184999101e-05,8.161283520807389e-05
540,4,1-7,adjust,0.011361222547003799,-0.00011147231111742427,0.00010685626684818333
540,5,1-7,adjust,0.011450699676466218,-4.736645439485341e-05,3.167122705741058e-05
540,6,1-7,adjust,0.005935315048215172,0.00010382832720842863,1.0613226727902376e-05
540,9,1-8,adjust,-0.0007077829194711731,-3.3953948641685515e-05,4.8536916402996385e-05
541,2,1-4,adjust,0.003065574121854745,-9.192369204128195e-05,4.679597545998486e-05
541,3,1-4,adjust,-0.0006214613461617445,-5.986976128419835e-05,0.00010519981088537224
541,6,1-5,adjust,0.00184465976733486,8.921614484860857e-05,0.00013054641975081613
541,7,1-5,adjust,0.004316196984924753,9.84847831461165e-05,7.873799341652369e-05
541,8,1-5,adjust,0.0010185095708628966,-1.539016129521858e-05,4.9711868710146846e-05
541,9,1-5,adjust,-0.002065113078758528,-9.738011551033698e-05,5.642123986784051e-05
542,2,1-7,adjust,-0.007344907936111768,0.00018262140010853324,8.786900353247282e-07
542,3,1-7,adjust,-0.01666360117084582,0.00020726153848799032,6.394238749365936e-05
542,4,1-7,adjust,-0.016196244681409584,8.352510867102924e-05,4.0059478304107344e-05
542,5,1-7,adjust,-0.0028641409937777253,6.729752132127088e-05,7.285238435755774e-05
542,6,1-7,adjust,-0.0027482292756045895,-0.00013317527803487954,5.775249433970546e-05
542,9,1-8,adjust,0.002703062081559649,0.00017595785638545368,3.60535060694701e-05
543,2,1-4,adjust,0.0021267833730005343,-0.00017790606157814962,4.850769199620264e-05
543,3,1-4,adjust,-0.0012030459485896905,-9.357866041368223e-05,0.0001428633267779829
543,6,1-5,adjust,0.00550322704242643,5.1166635213003655e-05,0.00017124873662298677
543,7,1-5,adjust,0.002294115820470862,3.8765829203236116e-05,0.000172127126742699
543,8,1-5,adjust,0.0012418405114674462,0.00010836321730292257,3.098792876889965e-05
543,9,1-5,adjust,0.00010640427380097829,-1.5237859035547555e-05,0.00016189276367921713
544,2,1-7,adjust,-0.003927921454321219,0.0002219692636377688,4.086856616980586e-05
544,3,1-7,adjust,0.006455676023931787,7.427926889201914e-05,8.777277307195462e-05
544,4,1-7,adjust,0.011919548055939104,1.2743494901810218e-05,6.038057410979751e-05
544,5,1-7,adjust,-0.003958096865719279,-4.0663810523703804e-05,6.7474763170979e-05
544,6,1-7,adjust,-0.0010779317382577798,8.202093968696526e-05,0.0001083747011193054
544,9,1-8,adjust,0.0027665132397969123,-4.3411866236281545e-05,6.639212231623224e-06
545,2,1-4,adjust,0.007932556771309895,-0.000179842307395433,4.5468252683089526e-05
545,3,1-5,adjust,0.004169183399671884,-7.493001864762804e-05,3.482498091871474e-05
545,6,1-5,adjust,-0.007155838563920552,-3.641409027767692e-05,8.17359555972103e-07
545,7,1-4,adjust,-0.010225238051743758,-0.00010943121199919384,2.1142151147572902e-06
545,8,1-5,adjust,0.000799290994842684,-7.204001651844789e-05,8.885419623500185e-06
545,9,1-5,adjust,-0.005996263287140834,5.0979306510096303e-05,6.821430860595433e-05
546,2,1-7,adjust,-0.0021166148005017774,5.973149664734416e-05,5.110570586979548e-05
546,3,1-7,adjust,-0.00887881268567876,1.3469098305155368e-05,4.9624648811937845e-06
546,4,1-7,adjust,-0.009207966328983101,9.650089756375107e-06,3.450751472469918e-05
546,5,1-7,adjust,-0.0028352975506978116,-6.0122425238616744e-05,8.83408938365698e-06
546,6,1-7,adjust,-0.0034853059698784833,-3.803589396560775e-05,3.0198415862706983e-05
546,9,1-8,adjust,0.005285315303831638,-3.554688522100793e-05,0.00014728702514426673
547,2,1-4,adjust,-0.0015868456537992434,7.816222934123902e-05,0.00012040005167384086
547,3,1-4,adjust,0.0023431598261325977,6.82474248228185e-05,0.00011931828949385014
547,6,1-5,adjust,-0.0015080205631346592,4.059685045781762e-06,1.1919901230717133e-05
547,7,1-4,adjust,-0.0013456621720525706,1.6447994854258663e-05,3.464391401086275e-05
547,8,1-5,adjust,-0.0024547020703171315,-3.9163754718037554e-05,2.2533795716947047e-05
547,9,1-5,adjust,-0.008529367562398455,-0.0001631528952490924,7.736901370062731e-06
548,2,1-7,adjust,0.0014734677794593517,-5.305285751853333e-05,5.4919451538031805e-05
548,3,1-7,adjust,0.004056235589554146,-9.400587501014369e-05,2.3895541570082678e-05
548,4,1-7,adjust,0.0047248703335403186,4.635020437991776e-05,2.6042304886758442e-06
548,5,1-7,adjust,-0.005829711307432847,5.248029512653167e-05,1.3112246056784452e-05
548,6,1-7,adjust,-0.0024580240699205733,-0.00010373910546173231,7.776694388174571e-05
548,9,1-8,adjust,0.0056594028122169985,0.00015168724527965364,2.9093031645572682e-05
549,2,1-4,adjust,-0.0012982055818331068,2.2978781077664345e-05,1.0260051227803697e-05
549,3,1-4,adjust,-0.004065770732508557,1.1883747066855023e-05,7.286971801493932e-05
549,6,1-5,adjust,-0.00028023091099997686,3.0349136476984736e-05,0.00014827677632868412
549,7,1-5,adjust,0.0015538845848060202,-3.565299220325955e-05,7.404990152016819e-05
549,8,1-5,adjust,-0.002165268622732953,-2.677314301838334e-05,5.796391201067537e-05
549,9,1-5,adjust,-0.003617437933313031,-5.61076082402303e-05,8.811212644720131e-05
550,2,1-7,adjust,0.0013574617940744088,-0.00012985434270871654,6.338575632863345e-05
550,3,1-7,adjust,0.008976278065466354,-8.436102692953288e-05,5.503986788381587e-05
550,4,1-7,adjust,-0.0011697015619678923,-0.000140098944336768,1.5834671243112767e-05
550,5,1-7,adjust,-0.003185874454975207,-8.970455119382408e-05,3.201006508950603e-05
550,6,1-7,adjust,0.005064256590000301,5.6942509094758244e-05,3.457274983697863e-05
550,9,1-8,adjust,0.0021501886493492522,-9.748976561772182e-05,6.0835752309027706e-05
551,2,1-4,adjust,0.0007718675806554582,6.6644101079255635e-06,2.547912357659163e-05
551,3,1-5,adjust,-0.0021173710399128767,0.00012764347010313202,2.0511057879389361e-07
551,6,1-5,adjust,-0.01310567283596391,-6.550050006701657e-05,5.770546451304313e-05
551,7,1-4,adjust,-0.009446141595627257,4.827816678639694e-05,2.390179348340527e-05
551,8,1-5,adjust,-0.005378325265773372,-4.938172357741082e-05,1.577063344502546e-05
551,9,1-5,adjust,-0.005903090265440506,-8.175921412296402e-05,9.54904813277761e-05
552,2,1-7,adjust,-0.00031750874373515157,8.28411143536564e-05,0.00010899583655094128
552,3,1-7,adjust,-0.0025580433076852,-6.209342991281981e-05,2.894808903137837e-05
552,4,1-7,adjust,-0.00081244825958635,0.00013587142400529425,6.932663839025168e-05
552,5,1-7,adjust,-0.004653539501846843,7.905570664245715e-05,4.743104465867057e-05
552,6,1-7,adjust,0.006139161815983533,5.551447042382471e-05,7.965253181731472e-05
552,9,1-8,adjust,0.0014931578812334117,8.19181221761622e-05,6.7561840944842664e-06
553,2,1-4,adjust,-0.004275466799314895,8.97226502110551e-05,3.25574077729317e-05
553,3,1-4,adjust,-0.006242679117625655,2.7508792591116282e-05,7.50312197519369e-05
553,6,1-5,adjust,-0.003779651119571465,-5.626584028385712e-05,0.0002618590065766607
553,7,1-5,adjust,-0.0011848082873380256,-0.00012449413834855007,7.924004193879882e-05
553,8,1-5,adjust,0.002056460032091705,7.850641690731161e-08,0.0001348023858811989
553,9,1-5,adjust,0.0008835356611556744,6.094763863210101e-05,6.492573659564634e-05
554,2,1-7,adjust,0.010617713083048689,-0.00020105906862288216,7.579174124876025e-05
554,3,1-7,adjust,0.012525493714740144,-0.00015555247277440498,3.484225139964108e-05
554,4,1-7,adjust,0.006995712953422807,-0.00012024069015312307,2.7498439900582913e-05
554,5,1-7,adjust,0.0121410563614752,6.134945887953917e-06,3.900744738618443e-05
554,6,1-7,adjust,0.0023612861196418635,0.00010043840613853717,5.4425016966194097e-05
554,9,1-8,adjust,0.0011580821350222015,5.463706975912054e-06,0.0001295871882161824
555,2,1-4,adjust,-0.0037891654293579634,-3.6064015537323915e-05,0.0001030077295396209
555,3,1-4,adjust,-0.0045074550521592835,0.0001275900776274454,4.587401002973539e-05
555,6,1-5,adjust,0.004376467302461158,3.536488387413345e-05,2.483000108529644e-05
555,7,1-4,adjust,0.011257264546312784,4.237339718895565e-05,9.059757554495314e-06
555,8,1-5,adjust,0.0004356450658865491,8.273724144898683e-05,2.921269823395819e-05
555,9,1-5,adjust,4.17544227028963e-05,-4.306416083379975e-05,5.398531058903733e-05
556,2,1-7,adjust,-0.0015680910862100462,6.375457973523588e-05,4.4747939397696753e-05
556,3,1-7,adjust,0.0017548382609369082,-1.524818223980943e-05,0.00013144853709228866
556,4,1-7,adjust,0.003769787591264818,-1.4645847844779263e-05,5.838968614046766e-05
556,5,1-7,adjust,0.009163328662201977,-1.3643840644528363e-06,2.9566507797190613e-05
556,6,1-7,adjust,0.010286377829715745,-6.699691536277702e-05,0.00011464946102866439
556,9,1-8,adjust,0.0008145651060539127,2.700861183745001e-05,1.744025150273201e-05
557,2,1-4,adjust,0.004291663172279225,-6.029605317361755e-05,0.00011866463753887862
557,3,1-4,adjust,0.003501335413530587,-6.588011924850723e-05,0.00011536217584654609
557,6,1-5,adjust,0.00019030849067877133,2.0086180522105938e-05,6.052073249617132e-05
557,7,1-4,adjust,0.00293002458938478,0.00013767664494658373,6.229829301710326e-05
557,8,1-5,adjust,0.011527370811526971,0.00011270398266704175,8.419874930845401e-05
557,9,1-5,adjust,0.002787892578664141,7.501597683855979e-05,0.00011215706036652565
558,2,1-7,adjust,-0.009300288208349725,0.0003114566921164917,0.00011827484719660382
558,3,1-7,adjust,-0.015155880994379091,0.00019194252526713424,2.7246835002721057e-05
558,4,1-7,adjust,-0.010559072598640891,4.751873820463537e-05,9.331206380031967e-05
558,5,1-7,adjust,-0.008346068654511232,2.9302440923652612e-05,4.2787173998678796e-05
558,6,1-7,adjust,-0.0026136983521681005,5.510300788567397e-05,1.4329168789877032e-05
558,9,1-8,adjust,0.004724312699098696,4.9054339758464515e-05,9.18529052429566e-05
559,2,1-4,adjust,0.006543205995902286,-0.00030367062567656733,9.50151531543055e-05
559,3,1-5,adjust,0.008147394891256812,-7.07884668593183e-05,1.955205822960192e-05
559,6,1-5,adjust,-0.006707022738846329,-4.5676920923497835e-05,3.836719208231842e-06
559,7,1-5,adjust,0.0004927036001761821,-8.910557695368401e-06,0.00013463575240428712
559,8,1-5,adjust,-0.00901567720155284,-0.00017026652082366908,5.308126194875506e-05
559,9,1-5,adjust,-0.007094740478863703,-0.00010386424504151438,3.104097987474922e-05
560,2,1-7,adjust,-0.005750424500252309,0.0001702994120606849,9.275993899954107e-05
560,3,1-7,adjust,-0.0066039473263163175,7.300892285543664e-05,8.668176428071283e-05
560,4,1-7,adjust,-0.0023295496652813792,4.2018396283471834e-05,1.1140164524634977e-06
560,5,1-7,adjust,-0.0014612066984757922,-8.639114370463648e-07,8.131675714363836e-05
560,6,1-7,adjust,-0.0008447227019869386,-9.602070632703553e-05,0.00010321246733937445
560,9,1-8,adjust,-0.0006990769452616599,-6.080381011183735e-06,0.00010392594416294952
