slot,receiver_id,selected_pair,status,radial_command_m,angular_command_rad,consistency_rad
1,2,1-4,adjust,-1.2411140113022623,0.03490337888239766,0.07741370979689502
1,3,1-4,adjust,-3.243640656297339,0.03490658503988659,0.13383910398142765
1,6,1-5,adjust,5.0,-0.0002592796169558911,0.09787193459746618
1,7,1-5,adjust,-3.483293610513494,0.006151707785363334,0.050504035846234044
1,8,1-5,adjust,-0.24132421802148402,0.004772893375584488,0.019280903788591305
1,9,1-5,adjust,-2.787659377865438,0.00018384170784221368,0.01022252871430732
2,2,1-7,adjust,0.32516420731386236,-0.0121827845167327,0.0007381052339621155
2,3,1-7,adjust,1.6100597615638406,-0.020858890824800424,0.009378499201630927
2,4,1-7,adjust,4.703717963869402,-0.007130988085876441,0.01598834083830043
2,5,1-7,adjust,1.0920821143961235,-0.004733218417764859,0.02463051457114981
2,6,1-7,adjust,4.392917277345945,0.002723600884486862,0.038098120436895914
2,9,1-8,adjust,-1.1774566304939131,0.006157668475188177,0.03061315438372055
3,2,1-4,adjust,-0.013286416798369258,-0.0012423585402054813,0.03781544183830168
3,3,1-4,adjust,-0.3877788054766042,0.0037952834560170457,0.06935032564216852
3,6,1-5,adjust,1.0465035115751986,-0.0007652880044487284,0.061722811183929006
3,7,1-5,adjust,-1.5430442394113884,0.004345978024512903,0.03509120485903296
3,8,1-5,adjust,-0.10659142524127219,0.002917038352951223,0.01706355112520293
3,9,1-5,adjust,-0.8315329525936844,-0.0037877861320947913,0.0014153382197356075
4,2,1-7,adjust,0.126071844703809,-0.003954424471054827,0.0011907129952919292
4,3,1-7,adjust,0.7156154364104506,-0.008662317159631203,0.0069127994296670735
4,4,1-7,adjust,1.8564874002935006,-0.00039462660033153803,0.011488481443720819
4,5,1-7,adjust,-0.23272126464879606,-0.0013904959844982952,0.017130908021752458
4,6,1-7,adjust,0.9207064506326349,0.0009301023090317198,0.025335987270575868
4,9,1-8,adjust,-0.17967623397665108,0.004154961596254088,0.020888517319883174
5,2,1-4,adjust,0.22060666412987978,-0.006347125279627441,0.020973719017512434
5,3,1-4,adjust,0.13307207013909425,-0.0020808887356339816,0.039441422868711835
5,6,1-5,adjust,-0.024462616481934017,-0.0003668942677918389,0.04045310887594773
5,7,1-5,adjust,-0.8982910203891897,0.001051074279491899,0.023631375634267992
5,8,1-5,adjust,-0.14406615561829578,0.000527036746278077,0.012937385642981959
5,9,1-5,adjust,-0.3635151772811998,-0.004885049354706906,0.004252002430656283
6,2,1-7,adjust,-0.032063805942963014,0.0007629145554764916,0.0014136989754785125
6,3,1-7,adjust,0.21373725354046189,-0.001649237435202216,0.004804602471229757
6,4,1-7,adjust,0.7375915496855874,0.000707664604260819,0.00908980481357323
6,5,1-7,adjust,-0.541458526314147,0.0002518597126072505,0.012248540701821502
6,6,1-7,adjust,0.014821945894540887,-0.00016531730064730745,0.018932950081955214
6,9,1-8,adjust,0.049240055678114555,0.0037680652481878133,0.014663315212770207
7,2,1-4,adjust,0.23845655110779113,-0.0063284414725295855,0.01132480704075868
7,3,1-4,adjust,0.20359762450553343,-0.0029208981454553894,0.02401177998279458
7,6,1-5,adjust,-0.24896625739312864,-0.00045357966491937587,0.025959370853106012
7,7,1-5,adjust,-0.5956454925742151,-0.00037026639882041567,0.016437337448772675
7,8,1-5,adjust,-0.11001654328152602,-0.0006869925340261843,0.010136482697548186
7,9,1-5,adjust,-0.21307958508919037,-0.005161130415780207,0.0037294113469867507
8,2,1-7,adjust,-0.11490566318611564,0.0030267113834456503,0.0009742310286351081
8,3,1-7,adjust,-0.07189031573813694,0.0004922696274321927,0.0044360342886131734
8,4,1-7,adjust,0.2119822302537477,0.0012954363544127167,0.0065963863139315935
8,5,1-7,adjust,-0.49444849772942207,0.0007163369541749926,0.009665156878028575
8,6,1-7,adjust,-0.2075099324904947,-0.0009688518144014383,0.014072057253655118
8,9,1-8,adjust,0.11150095513265726,0.003642413238731298,0.010185385280916785
9,2,1-4,adjust,0.1901788211993288,-0.00549282957433343,0.0071017843207904635
9,3,1-4,adjust,0.20410333865601046,-0.002297887097255427,0.01579228521238558
9,6,1-5,adjust,-0.24958439817683753,-0.0003874849349058977,0.018147976572429596
9,7,1-5,adjust,-0.4750004871790391,-0.0011838980553596841,0.010850517871935146
9,8,1-5,adjust,-0.1225127528088799,-0.001249643322100181,0.006922764356083955
9,9,1-5,adjust,-0.15849337260624594,-0.004169775288190391,0.003113223350867686
10,2,1-7,adjust,-0.1392737260124102,0.0034379770036707057,0.0013249983802914457
10,3,1-7,adjust,-0.07560324044449787,0.0013656080345456384,0.0035943752677951137
10,4,1-7,adjust,-0.01081735563537314,0.0010771977975059129,0.004760420858110316
10,5,1-7,adjust,-0.41190116150763223,0.0007768121007230297,0.007008774104334154
10,6,1-7,adjust,-0.18984400767780832,-0.0007716919044677684,0.010310735776901996
10,9,1-8,adjust,0.08564501078620308,0.0027665360946694294,0.007880322506713569
11,2,1-4,adjust,0.16147386112410766,-0.0034224466825864956,0.0050149573764006975
11,3,1-4,adjust,0.12767482728164398,-0.002134028489677679,0.01145947942269789
11,6,1-5,adjust,-0.20278193004109837,-0.00039597097406310783,0.013457579312034085
11,7,1-5,adjust,-0.3533778108272932,-0.0009479675715464474,0.007949462530538052
11,8,1-5,adjust,-0.11442214585970205,-0.0008793303261604833,0.004759410458177458
11,9,1-5,adjust,-0.1279460598485699,-0.0036581742886837533,0.0016636117944450312
12,2,1-7,adjust,-0.10815570163244242,0.0024822170879119656,0.0005911719496196213
12,3,1-7,adjust,-0.13939295312043662,0.0012262438572779159,0.0030364338468638623
12,4,1-7,adjust,-0.007069668290456536,0.000364177393998196,0.0034710933412173276
12,5,1-7,adjust,-0.2872738170883692,0.0005059169384876767,0.005717341161004671
12,6,1-7,adjust,-0.1762641331928587,-4.585345639810151e-05,0.008351988067780527
12,9,1-8,adjust,0.06788571568346624,0.002176613970796553,0.006064661276167719
13,2,1-4,adjust,0.1191487525509396,-0.002979115693179043,0.004240735711171259
13,3,1-4,adjust,0.12260206762965199,-0.0012083055978152765,0.00817280192252201
13,6,1-5,adjust,-0.13256528440963256,-0.000744939244084145,0.009752600626193547
13,7,1-5,adjust,-0.2580201800105291,-0.0008857209644342335,0.006546452097721479
13,8,1-5,adjust,-0.11477137268891437,-0.0005140138670881869,0.004009342918203686
13,9,1-5,adjust,-0.09069253389173887,-0.002564976501398321,0.0016113364404432226
14,2,1-7,adjust,-0.0848701170697795,0.0021057182018918556,0.001055721808710634
14,3,1-7,adjust,-0.09318102457101374,0.0014227917863130187,0.0016128747203332523
14,4,1-7,adjust,-0.024401476320285782,0.0006026136704540199,0.002305301376729066
14,5,1-7,adjust,-0.2843109170383394,-0.00020609437973481993,0.004721919571347056
14,6,1-7,adjust,-0.1291467466035077,5.014094731493723e-05,0.005783296929298409
14,9,1-8,adjust,0.04353498943876737,0.0015442264183599891,0.004646300878965005
15,2,1-4,adjust,0.10552222151249646,-0.002677214352820583,0.002395521546169244
15,3,1-4,adjust,0.09709249691537611,-0.0008631399775631444,0.00659100033773421
15,6,1-5,adjust,-0.14699557559857196,-0.00030116353999072023,0.006521864155950202
15,7,1-5,adjust,-0.24551746158283017,-0.0012928804886761039,0.003429957715045808
15,8,1-5,adjust,-0.08343118967510539,-0.0007453178097595213,0.0021513214660891424
15,9,1-5,adjust,-0.0785852215379557,-0.002435686708319621,0.001367198993077404
16,2,1-7,adjust,-0.07241146739446906,0.0016076519308445242,0.0005577080905152808
16,3,1-7,adjust,-0.05426741069164875,0.000500713098294013,0.0023297401985174853
16,4,1-7,adjust,-0.06525121709516904,0.0003940046634193127,0.0018618597032405834
16,5,1-7,adjust,-0.16984174330167803,0.0002570181393943698,0.0039034204428182555
16,6,1-7,adjust,-0.08399280490102985,0.00016039377894361016,0.004816573334459069
16,9,1-8,adjust,0.034740702101931725,0.0009335305869496698,0.003153367446572925
17,2,1-4,adjust,0.06155456759257041,-0.0016589039782150278,0.0028068296374056676
17,3,1-4,adjust,0.05212888209847678,-0.0004953456724666131,0.005709775881224216
17,6,1-5,adjust,-0.09945456583102447,-0.000462267414505661,0.005333586400987587
17,7,1-5,adjust,-0.14412968155202655,-0.0007055681836884097,0.002782746718917509
17,8,1-5,adjust,-0.05442280787438988,-0.0010501380667757771,0.0012346829476868756
17,9,1-5,adjust,-0.07145926239907968,-0.0018017310210196947,5.209555753431741e-05
18,2,1-7,adjust,-0.034179409307931403,0.0009641618588290963,2.9890230540311058e-05
18,3,1-7,adjust,-0.03885176232619299,0.0007921555386985141,0.0008057112548895708
18,4,1-7,adjust,-0.03657962552926019,0.000140963775625177,0.0008605135667734754
18,5,1-7,adjust,-0.09818993582723315,0.00037493993331787207,0.0019394641747595496
18,6,1-7,adjust,-0.07232793006356306,-4.36202162082353e-05,0.003081737400004911
18,9,1-8,adjust,0.032334107258125216,0.000878934159870158,0.0024171900019293695
19,2,1-4,adjust,0.0419380415940761,-0.0010550294264615448,0.002879465484318231
19,3,1-4,adjust,0.01483712184061527,-0.0003677766197788571,0.004832599517019053
19,6,1-5,adjust,-0.06935357753781954,-0.00023556004412410276,0.003625697326326212
19,7,1-5,adjust,-0.08217207571369299,-0.0011685302725579273,0.0025338305263621825
19,8,1-5,adjust,-0.05295446006672335,-0.0005365840802242509,0.0014563501623926461
19,9,1-5,adjust,-0.05171899687350835,-0.0018249056085806194,0.0002810987164056522
20,2,1-7,adjust,0.0022094229084650206,-0.00013615040624112475,0.0014276423359239488
20,3,1-7,adjust,0.0022611915137626627,-3.370754677086911e-05,0.0006441406421844277
20,4,1-7,adjust,0.056052733878406986,-9.479357399580336e-05,0.0015953210364091077
20,5,1-7,adjust,-0.06123347315605882,0.0002390572653342486,0.0025292074209444953
20,6,1-7,adjust,-0.029868981150278334,7.508319826941994e-05,0.0033845861838430733
20,9,1-8,adjust,0.02583393111710253,0.0011281213481607137,0.001184095565168933
21,2,1-4,adjust,0.028151630966687328,-0.0005891426747597527,0.0012113581930503757
21,3,1-4,adjust,0.04268162866004741,-0.0005698179031065762,0.0027120071157934163
21,6,1-5,adjust,-0.03605063536175397,0.00016910374835081587,0.0027983131201416087
21,7,1-5,adjust,-0.0814882470984418,-5.658016805909433e-05,0.002085402204573504
21,8,1-5,adjust,0.009387493343979246,-0.0002737495631328619,0.0017759837686751663
21,9,1-5,adjust,-0.025881341055114238,-0.000638809721030031,3.2309473930718846e-05
22,2,1-7,adjust,-0.02450799924319563,0.00046227199409977,0.0010567462834325642
22,3,1-7,adjust,-0.01852528833371454,6.530422985556336e-05,0.001124166562468899
22,4,1-7,adjust,0.016344690574428136,0.00018360222597386394,0.0007436814626534292
22,5,1-7,adjust,-0.055015154928779904,0.000221068753065278,0.0014485119260119438
22,6,1-7,adjust,-0.039739953275836105,-0.00017742949065354576,0.002088939832623894
22,9,1-8,adjust,0.025487974165368302,0.0008993717890414165,0.000886716887205295
23,2,1-4,adjust,0.018576044930378153,-0.0006904911442176974,0.001231234516085191
23,3,1-4,adjust,0.031535118982004104,-1.7083465401021312e-05,0.0024963182681761076
23,6,1-5,adjust,-0.021958728263808725,-7.97138875184553e-05,0.002339995586132114
23,7,1-5,adjust,-0.05531726073658587,-0.0005923099920149171,0.0010719097988217067
23,8,1-5,adjust,-0.037897949544830244,-0.0005064972700500292,0.00027117369429955176
23,9,1-5,adjust,-0.027777411455690112,-0.0007818628275048,3.977459969348485e-05
24,2,1-7,adjust,-0.002563932052366889,0.0005299512681093855,5.1874489849618894e-05
24,3,1-7,adjust,-0.016097083369001328,0.00017454982817676596,0.0001471290411798629
24,4,1-7,adjust,0.012778389446463189,-1.4007268555735276e-05,0.0006615833801391916
24,5,1-7,adjust,-0.0658080988592124,-7.074221824089422e-05,0.0008896874526991349
24,6,1-7,adjust,-0.01563211089107281,-1.1204455291568313e-05,0.0017821463363025653
24,9,1-8,adjust,0.007166409488528252,0.00031364813770353003,0.001047199577029126
25,2,1-4,adjust,0.015079537867642184,-0.0007987367728560156,4.267095245810262e-05
25,3,1-4,adjust,0.020531518121591416,-0.0003785692796362429,0.0013282844419855145
25,6,1-5,adjust,-0.04426004839696375,-4.064940135054746e-05,0.0008468411730585809
25,7,1-5,adjust,-0.0734556682444169,-0.0003157102933073559,0.0009982760594882414
25,8,1-5,adjust,-0.017029884613966446,-1.6206034774772506e-05,0.0013849552187680592
25,9,1-5,adjust,0.0075813070500756015,-0.0004907811060338183,0.0004596933509159474
26,2,1-7,adjust,-0.008472381985560565,0.0004827910324901343,0.00032241342252623537
26,3,1-7,adjust,0.0042815389984916675,-9.77235246699866e-05,0.0005087429862777091
26,4,1-7,adjust,-9.992543528798326e-05,-0.0003908305116652089,0.001035245675226649
26,5,1-7,adjust,-0.0108720732531431,0.00011926900834749548,0.0011952042308200977
26,6,1-7,adjust,-0.03995339631156553,-0.00024573041176049635,0.0016782309212504951
26,9,1-8,adjust,-0.002615601790922436,3.290002074340257e-05,0.0007181810780847848
27,2,1-4,adjust,0.01616350789695467,-0.00035754924141908717,0.0005488851706841364
27,3,1-4,adjust,0.01799178205613246,-0.00038873274901289135,0.0015632960371145166
27,6,1-5,adjust,0.00726527481043519,0.0001905410424973259,0.0014660444350208292
27,7,1-5,adjust,-0.014755524985016758,2.546143129017252e-06,0.0004963097052013339
27,8,1-5,adjust,-0.013789610177454075,-0.00038009178691723254,0.00028777829674643464
27,9,1-5,adjust,-0.01893197689594791,-0.0005439303728514615,0.0006359070832034206
28,2,1-7,adjust,0.006473738650819774,-0.000169367451656336,0.0010043291191050821
28,3,1-7,adjust,-0.011669065783096028,0.00016927543468007206,0.00044046743894091004
28,4,1-7,adjust,0.007258501446335926,0.00015282524665977715,0.00047076547028019033
28,5,1-7,adjust,-0.040174049498551585,-0.0002688832075595174,0.0005822218856350773
28,6,1-7,adjust,-0.01663541745163086,-0.00038283308857380905,0.0007836700367642654
28,9,1-8,adjust,0.010037644874302422,-0.00010311436690425385,0.00019419602767065832
29,2,1-4,adjust,0.015214368586288211,-0.00035413177283423247,0.0003153121612946907
29,3,1-4,adjust,0.01641421254209521,-0.00019275518695314423,0.0007290859571813845
29,6,1-5,adjust,-0.004380230823522709,0.0004181680000642807,0.0018023460161757958
29,7,1-5,adjust,-0.010298336279804884,0.00017709958976602186,0.0006772738448297838
29,8,1-5,adjust,-0.021652825148054968,4.241672996252703e-05,4.2788762842832615e-05
29,9,1-5,adjust,-0.007348105898113054,7.43015523990521e-05,0.00031507613568323935
30,2,1-7,adjust,-0.03085823485764641,0.0004867538996981708,0.00012280514965111816
30,3,1-7,adjust,-0.024030145648697012,-4.64985631100195e-05,0.0007664745997425506
30,4,1-7,adjust,-0.040702079201428404,0.0005269515411619393,0.00021031514073314636
30,5,1-7,adjust,-0.01513939284286422,0.00020521243387919855,0.00037662766559267037
30,6,1-7,adjust,-0.020310984363614896,-0.00028217542117891343,0.0010301680217607262
30,9,1-8,adjust,-0.004763677960639051,-1.2262129692556557e-05,0.00034861189614441716
31,2,1-4,adjust,0.005408416440260686,0.00027113522634338125,0.0004136276638420376
31,3,1-4,adjust,-0.002265116338277599,0.0004046561119919245,0.001277465816191906
31,6,1-5,adjust,-0.0115764230048885,-0.00024978076008466617,0.0005581533562327851
31,7,1-5,adjust,-0.03662583471191442,-0.00018188995534870197,0.00039333137047934476
31,8,1-5,adjust,-0.016149399045517834,-9.1010199956568e-05,0.0003441424324215935
31,9,1-5,adjust,-0.009389971299110626,-0.0001382514804280403,0.00022888973129234295
32,2,1-7,adjust,0.015072305783774602,-0.00014732353246113187,0.0006924226371208831
32,3,1-7,adjust,-0.0025756685019384484,0.0004685088994311046,0.00017029043551415333
32,4,1-7,adjust,-0.00732203542449149,6.261758867659942e-05,0.00031800931315421654
32,5,1-7,adjust,-0.016063091148475428,0.00022800434556611006,0.00024258809236508565
32,6,1-7,adjust,-0.0073958870349953056,0.0006319722222654527,0.000890733092294533
32,9,1-8,adjust,-0.0017142525967642648,-6.635146287801245e-05,0.0004514027619498695
33,2,1-4,adjust,-0.007313469357352801,-3.953859238381994e-05,0.0004872727398713554
33,3,1-4,adjust,-0.0068751307875730226,-0.00030810026616747256,0.0011941409793386221
33,6,1-5,adjust,-0.007078234547387505,0.0003966685696918235,0.000940004634420906
33,7,1-5,adjust,-0.009093033166899953,3.3188310411983045e-05,0.0002729211901204198
33,8,1-5,adjust,-0.001228697937298411,-0.0007381883270968032,0.0005291469568799284
33,9,1-5,adjust,-0.014905234674485918,0.0001699981686737909,2.3375337264506076e-05
34,2,1-7,adjust,-0.003966958236942692,-6.822584358756262e-05,0.0005978895514619476
34,3,1-7,adjust,0.016820793612607313,-0.0001809561220352102,5.9709189198745535e-06
34,4,1-7,adjust,-0.0004991940378566991,-0.00023197664123332146,9.702002410649542e-05
34,5,1-7,adjust,-0.05547794666101189,6.455527115902798e-05,0.00024190915927457682
34,6,1-7,adjust,-0.020717420352511052,-0.0003257891808088839,9.760059697868082e-05
34,9,1-8,adjust,-0.0008069688912038792,-0.0003622897981007582,0.0009439742663059387
35,2,1-4,adjust,-0.0032992040229702477,-4.6087787915840226e-05,0.00035247990228104995
35,3,1-4,adjust,-0.012564264361147496,-0.0003289372376252141,0.00048540662970813315
35,6,1-5,adjust,-0.008617688277507096,-0.00034967447053492945,0.00015489065648279632
35,7,1-5,adjust,-0.01566126590434072,-0.0004081223932475301,0.0003974627908995434
35,8,1-5,adjust,0.00853338099718111,0.0004649849490585668,0.00016547858663107888
35,9,1-5,adjust,-0.004727509654035688,0.0003614907909546435,0.0002455932805118066
36,2,1-7,adjust,-0.00849389755630361,-4.521117138267918e-06,1.8530809221203203e-05
36,3,1-7,adjust,-0.010383975439564331,-0.0004338243618129208,1.650730076407287e-05
36,4,1-7,adjust,0.01619984836082405,-0.00024643893902009115,0.0005206133828672939
36,5,1-7,adjust,-0.01791879969893548,-0.00036852063757738336,0.0001887026526791463
36,6,1-7,adjust,0.009841333668622526,-0.0001758718155937529,0.00012487343836186765
36,9,1-8,adjust,0.006579388501385467,-4.0018135277460575e-05,0.0001856750719891167
37,2,1-4,adjust,0.006364658891560784,-0.00010204443533892211,0.00029200574896795956
37,3,1-4,adjust,0.009430876724783323,0.00046821478867243774,0.00043831754666519523
37,6,1-5,adjust,-0.01872207007839327,0.00029884881154724515,0.000476428890591489
37,7,1-5,adjust,-0.03600880645782935,-8.58421716212841e-05,0.0005800742428308251
37,8,1-5,adjust,-0.02229528653974399,-5.896946802489716e-05,0.0003152369324008355
37,9,1-5,adjust,-0.012998765885187334,-0.000606270660544967,0.00020412101740199936
38,2,1-7,adjust,-0.010480787344951364,0.000265948465124178,0.0005218919982914425
38,3,1-7,adjust,-0.0021568837225216376,8.646956268944557e-06,0.00047899233418969813
38,4,1-7,adjust,-0.016333593017690384,0.00010406572131520361,0.0003177124529308138
38,5,1-7,adjust,-0.007106896788561394,0.0004807473306466932,2.1401371446795635e-05
38,6,1-7,adjust,-0.0035259327096174996,0.00015735580180618013,0.00022380140841023796
38,9,1-8,adjust,0.011831764776665263,0.00026965521402162425,0.00012195875583978041
39,2,1-4,adjust,0.0230866871736341,-0.0003929300610842869,0.001008792506029661
39,3,1-4,adjust,-0.001706567171737081,0.0002801988099368468,0.00014911143858227442
39,6,1-5,adjust,-0.0062693816460633435,-0.00042000523764296015,0.000441811984520471
39,7,1-5,adjust,0.019835255102468766,0.00012440197319253896,0.0005068598829069123
39,8,1-5,adjust,0.00496856669013904,-0.00011717542279466702,0.0007147268302483986
39,9,1-5,adjust,-0.0014828873244827436,0.0002874943388807701,8.339277012250245e-05
40,2,1-7,adjust,0.011439827124268371,0.0002479919815825297,5.934716810413363e-05
40,3,1-7,adjust,-0.032600589022370036,0.00014034157875499384,0.0002451789598322447
40,4,1-7,adjust,0.013332871344082342,0.0001192851252692622,0.00017297177236465355
40,5,1-7,adjust,0.014596112634081296,0.000356586457702531,2.6156359961037033e-05
40,6,1-7,adjust,0.0023443733022075223,-0.00033697148874627754,0.0006530063995792153
40,9,1-8,adjust,0.006030170409899042,-0.0005882966632233949,0.00014806379476071618
41,2,1-4,adjust,-0.015014965022559402,-6.80771705682073e-05,0.0002828787284825641
41,3,1-4,adjust,0.028511034211066738,-7.594040866372215e-05,0.0007490552409730432
41,6,1-5,adjust,0.011335621321711991,-0.0001249026404841549,2.287870536955003e-05
41,7,1-5,adjust,0.040492972401134565,-1.73450954497019e-05,0.000473756024005924
41,8,1-5,adjust,0.010265171505544032,0.00018543591493198292,0.0005077326067329675
41,9,1-5,adjust,0.010779705493980352,0.0004856592522663652,0.0002777385786997202
42,2,1-7,adjust,0.01709973168967286,-0.000879940993688542,0.0005502225905537424
42,3,1-7,adjust,0.00820554583845974,-0.00021010606391450712,0.0001349498731412757
42,4,1-7,adjust,0.061883954203107064,-0.00022064650250037994,0.00011786596429201497
42,5,1-7,adjust,0.061987140288036084,7.424756450015838e-05,0.0003345072332774685
42,6,1-7,adjust,0.024603433278318487,5.579775102591764e-05,0.0009618798672512419
42,9,1-8,adjust,0.0015566399256964367,0.00024256245835074325,0.0011201443914754371
43,2,1-4,adjust,0.009072648637291897,0.0001529603829787536,0.001251733531799708
43,3,1-4,adjust,0.027549847501286494,-0.00015052220433862961,0.0013190076753039496
43,6,1-5,adjust,0.02098017917761672,5.330556039171166e-05,0.000878236944987603
43,7,1-5,adjust,0.007318441296920675,0.0002183815408725861,0.0006681314204375911
43,8,1-5,adjust,0.022936955939800923,6.347163645207045e-06,0.0016369840073372222
43,9,1-5,adjust,0.0176244046616876,0.00015579532892218807,0.000746838498895235
44,2,1-7,adjust,-0.014868515399395025,0.0005695080396539363,0.0006645921825329652
44,3,1-7,adjust,-0.00845983211073868,-5.66081792848065e-05,0.0008783660459360861
44,4,1-7,adjust,-0.04007912276350687,9.33598502904065e-05,0.00022525642374745362
44,5,1-7,adjust,-0.0055984441909120415,-0.0001514398394637001,0.0003921746342541091
44,6,1-7,adjust,-0.01359012172236415,0.00043993218288328146,0.0005627047691909523
44,9,1-8,adjust,-0.00047753574945740576,-7.957969651017791e-05,0.00022859624789235694
45,2,1-4,adjust,-0.0021996004790706875,-0.000274549807544971,0.0005279883973151426
45,3,1-4,adjust,-0.0004418689191819185,0.0001355783015524313,0.0004065253776870533
45,6,1-5,adjust,-0.002708424505707141,0.0005370956944614978,0.0004567095447386916
45,7,1-5,adjust,7.550106066803797e-05,0.00034025529835137787,0.001306908990879296
45,8,1-5,adjust,0.02069491337062636,0.00027517332502112116,0.0006024033296194445
45,9,1-5,adjust,-0.006389793706200181,2.0980733943026802e-05,0.0003292059935945576
46,2,1-7,adjust,-0.022733651909134876,0.00038042432116283767,0.00013756335775527546
46,3,1-7,adjust,-0.01848624791869044,0.0003232088153011356,0.00016283878650212542
46,4,1-7,adjust,0.007269077005779079,0.0002714976669482601,0.0009530342842069707
46,5,1-7,adjust,-0.0009703652268735269,-0.00017300169050005562,0.00013214618270140658
46,6,1-7,adjust,-0.018337722107531894,-0.00019160001635644435,9.155910553804327e-05
46,9,1-8,adjust,0.010882315991331867,3.825225914660796e-05,0.0003874461024973922
47,2,1-4,adjust,0.02191729468589338,-0.0002343850681665405,0.0004371096297665196
47,3,1-4,adjust,0.011854786543722825,-0.00028493621440807166,0.00019742363878057172
47,6,1-5,adjust,0.007084622448503549,0.00017778439216475266,0.00036100995434419354
47,7,1-5,adjust,-0.005902598462710858,-7.298870594738994e-05,0.0003438883572572767
47,8,1-5,adjust,0.011965136504822619,0.0004829749728080126,0.0009358027408400833
47,9,1-5,adjust,-0.020594065577341367,-0.00020137172794200704,0.0002837724650255333
48,2,1-7,adjust,-0.013200013918750596,7.016491754519744e-05,0.0009441749305391633
48,3,1-7,adjust,-0.009389117192144893,0.00023659955553523778,0.0005514040439459193
48,4,1-7,adjust,-0.02188965004662225,-0.0005212487866218785,0.0011218140895491435
48,5,1-7,adjust,-0.013527206497574126,-0.0003324328380347066,0.000420428487290098
48,6,1-7,adjust,-0.0018463040338617133,-0.0002201535402297675,0.000394088052305616
48,9,1-8,adjust,0.01160601605500078,0.0003257177139091844,0.00038326804338110955
49,2,1-4,adjust,0.018136648881493567,-0.0005228490128004607,0.00017441275723300003
49,3,1-4,adjust,0.009109913371164423,-6.55873915165001e-05,0.0006614375597920923
49,6,1-5,adjust,0.010174777302122524,-0.00031202621191903974,0.0005378011049383695
49,7,1-4,adjust,-0.02939715254932049,0.00013106987627024488,3.59231048593049e-05
49,8,1-5,adjust,-0.03705485028314191,-0.00038660737927162666,0.001008756291792356
49,9,1-5,adjust,-0.007524112647195447,-0.00037244257631396526,0.0007374270452209611
50,2,1-7,adjust,0.004778145852963591,6.121837017928133e-05,0.0008676543128869533
50,3,1-7,adjust,-0.03357477062000712,0.00029663267501120705,0.0002517255713532314
50,4,1-7,adjust,-0.026506514529161137,0.00024150422383162784,0.00038633306940322545
50,5,1-7,adjust,-0.03796330751224001,-0.00020556568810362858,0.0001103244631935
50,6,1-7,adjust,-0.021815902860084845,0.00020746107466458952,0.0002693315406700921
50,9,1-8,adjust,-0.008241185045127154,0.00022921073014888445,3.916215718927778e-05
51,2,1-4,adjust,-0.0129656935770061,0.0003339365304717358,0.00011494453312606614
51,3,1-4,adjust,0.00913364847889572,-0.00013108584332868168,0.00033122279318818754
51,6,1-5,adjust,-0.01491541885054572,-2.921152201204548e-05,0.00014134022140659865
51,7,1-4,adjust,-0.018305342694444678,-1.0039777674658128e-05,3.127585958481957e-05
51,8,1-5,adjust,-0.015035522839967766,-0.0004956435552111678,0.00034766062557364444
51,9,1-5,adjust,-0.016277517234811176,-0.00041820453855372856,0.00038573534344491856
52,2,1-7,adjust,-0.0050073312454279525,0.00020925322238180306,0.0002812745751455801
52,3,1-7,adjust,0.009543651735123632,0.00014309323761733665,0.00031175609271453353
52,4,1-7,adjust,0.010712578126648314,-0.0002620254142165464,0.0005442460440382322
52,5,1-7,adjust,-0.031219516758445046,3.701585679667867e-05,6.86150999966653e-05
52,6,1-7,adjust,-0.027159425119707932,3.987330357028794e-05,8.356376282507882e-05
52,9,1-8,adjust,0.00370845296498145,-0.00037343905022773147,0.0005588746755485731
53,2,1-4,adjust,-0.0016469102469207559,5.52349839457773e-05,0.0003201229356709409
53,3,1-4,adjust,0.0056832176647913825,-0.00011007017061003796,0.00034565895429582784
53,6,1-5,adjust,-0.008961705058890206,-0.0004343102693150189,0.00029420262860026356
53,7,1-5,adjust,-0.04012246835178234,-8.675311233785106e-05,8.398986579687419e-05
53,8,1-5,adjust,-0.022883639444023867,-0.00020857656646046507,0.00018484391066331737
53,9,1-5,adjust,0.006393017374054952,-8.028457789312038e-05,0.000670479983996175
54,2,1-7,adjust,-0.0017139196555808064,-6.667468115127657e-05,0.0005011528307035339
54,3,1-7,adjust,-0.04570513743438954,-1.638630257073806e-05,0.000520950593650626
54,4,1-7,adjust,-0.024445602715198356,0.0003737708918171163,0.00038407465218134054
54,5,1-7,adjust,-0.02583342661063622,0.00016771512032450356,0.00046210205155705527
54,6,1-7,adjust,-0.015605566956478802,-0.00011068664722261116,7.349078974430183e-05
54,9,1-8,adjust,-0.007931528921506788,-0.00022720672295053015,0.001354068606160999
55,2,1-4,adjust,-0.009266061979060247,0.0004698987602817927,0.0009559567871778211
55,3,1-5,adjust,0.011697770049096237,0.00046180874940930845,4.99136619838311e-05
55,6,1-5,adjust,-0.019526967397807835,0.0004098946989044404,0.0003802471713975384
55,7,1-5,adjust,-0.02392717520859206,-0.0004444426323714412,0.0006531883928128708
55,8,1-5,adjust,-0.0037639874147797348,-0.0004924314490503115,0.0006213401076494108
55,9,1-5,adjust,-0.0007113361650607935,0.00012983219082538642,9.206336438625402e-05
56,2,1-7,adjust,0.019796314271975802,-0.0007209865396811047,0.0004947946139128024
56,3,1-7,adjust,0.04999845675081441,-0.0005498741883905201,8.436005987642151e-05
56,4,1-7,adjust,-0.015034174614886238,0.00014531428636531396,0.000826101455272989
56,5,1-7,adjust,-0.01117872794642864,-0.0001535493208126856,0.00011448006510715815
56,6,1-7,adjust,-0.021239819633568958,-0.00035841964947874445,0.0009411998006343962
56,9,1-8,adjust,-0.007801976088147549,0.00013975009428647938,0.0003342538926047584
57,2,1-4,adjust,-0.010814583775616974,-0.00016359024799478015,7.554377903227152e-06
57,3,1-4,adjust,-0.01987567316885575,0.0007253774465415322,0.0008750954063743824
57,6,1-5,adjust,0.003125855214081222,0.0002961394999127647,4.9273076588709307e-05
57,7,1-5,adjust,0.0033148261343146834,-0.0001708801340178692,0.00021564870829348436
57,8,1-5,adjust,-0.017334680424221437,-1.8392017555572657e-05,0.00031036499778739485
57,9,1-5,adjust,-0.007520745504298585,-1.4374510413259918e-06,0.000663139895983289
58,2,1-7,adjust,0.0005876866271786454,-3.4423483114658574e-05,0.0006425822632890527
58,3,1-7,adjust,0.02961079698260914,-0.00039562347544255257,0.0008635802810766905
58,4,1-7,adjust,-0.029896959591005464,0.00024197765685365973,0.0010557989981372035
58,5,1-7,adjust,0.027379591240975564,0.00021208093033363434,0.0003078693815543592
58,6,1-7,adjust,0.01922838817601551,3.624937274643833e-05,0.0003015029216524577
58,9,1-8,adjust,-0.005633804553928674,-0.00023686154353330275,0.0005426399611407005
59,2,1-4,adjust,-0.02453235450842451,0.0005435881094555351,0.0011464125440724642
59,3,1-4,adjust,-0.052184701884507315,-0.0001694092985954209,0.0002767187531633764
59,6,1-5,adjust,0.004927796178289602,-3.893447647144396e-05,0.000546947464651137
59,7,1-4,adjust,0.0215752900810118,-0.00014766792059870185,3.5301722662296464e-06
59,8,1-5,adjust,0.015443297804445328,0.0001213061908509659,0.0003044199819316077
59,9,1-5,adjust,0.01643893577922613,0.00038462130278981316,0.0004471897059791538
60,2,1-7,adjust,0.02435392451528073,-0.0004297224096831861,0.0005972638734805858
60,3,1-7,adjust,0.046930215777602584,-0.0003780498599542771,0.00034100030016017796
60,4,1-7,adjust,0.044401771213234874,-0.00037748554064381053,0.00029729285343380095
60,5,1-7,adjust,0.03273157924125782,0.0002771031030840741,0.0009580900828263122
60,6,1-7,adjust,0.026461701696801093,0.0004436108050740808,0.0003277478249979837
60,9,1-8,adjust,-0.003823869355739014,0.00039862918350620747,0.00041170649439800183
61,2,1-4,adjust,-0.0009155722281090182,0.00027278727723707626,0.00036411422155635737
61,3,1-4,adjust,-0.028984270559848445,0.0003401326798753376,0.0008762865641367063
61,6,1-5,adjust,0.0073600767891008915,-8.760469938746424e-05,0.00033049930976503214
61,7,1-5,adjust,0.03504280457780873,-4.9020636593220746e-06,0.00025071331669703113
61,8,1-5,adjust,0.01161916288383452,0.0004870245090674092,4.3479911595807394e-05
61,9,1-5,adjust,0.02761301566099678,-0.0001236443070206798,0.00033490452262902823
62,2,1-7,adjust,-0.0013027444646439596,2.7920027539169347e-05,8.348743827762679e-05
62,3,1-7,adjust,0.017544302317051636,-0.0004563797674911262,8.871346832574673e-05
62,4,1-7,adjust,0.021186269230716245,-0.00026289796611528543,1.5471646263282514e-05
62,5,1-7,adjust,0.04775539918091852,-0.00027480437688454323,0.00016813694474072268
62,6,1-7,adjust,0.00644275013522655,-0.0005914373589103392,9.005725921510922e-06
62,9,1-8,adjust,-0.01067859504130369,-2.7025656106714965e-05,0.000649733875587424
63,2,1-4,adjust,0.004869402419379576,-4.9517585617184e-05,0.0006931429735633939
63,3,1-4,adjust,-0.004499723057558431,0.0002970192897576478,0.0006737695426949024
63,6,1-5,adjust,0.03086836850831011,0.0007475041683088071,0.0013795593966719013
63,7,1-5,adjust,0.016081218374368805,0.00010254910355643851,0.0005224461137961075
63,8,1-5,adjust,0.024329827652445072,-7.047204545821818e-05,0.000702680162803769
63,9,1-5,adjust,-0.011354689532378046,-0.0001328504612366198,0.0002894639582187486
64,2,1-7,adjust,0.00853423659491142,-0.00015864761592640427,1.0983716139087736e-05
64,3,1-7,adjust,0.02826648463504247,1.198551546233231e-05,0.0007464063481140497
64,4,1-7,adjust,0.04882509204649151,-1.5271916877006708e-05,0.00017340650960401315
64,5,1-7,adjust,-0.0007066457899096996,3.0102974906216415e-06,0.0005364399258554422
64,6,1-7,adjust,-0.007032202339521423,-0.0004875462375997931,4.5754417619282976e-05
64,9,1-8,adjust,0.005623009873735943,-1.894731257633253e-05,0.000483623056564551
65,2,1-4,adjust,-0.0018355510015912655,-0.00047440110651500043,0.00018779200302945315
65,3,1-4,adjust,0.009182415060545738,-8.184014004452108e-05,0.0002280474878228449
65,6,1-5,adjust,0.015049311234728203,0.00011772159615401987,0.00011359535699268042
65,7,1-5,adjust,-0.002913306274204073,-6.860795870081801e-05,0.00025400143686480655
65,8,1-5,adjust,0.006409097284206529,0.00025609251277680444,0.00027816809458649025
65,9,1-5,adjust,0.005469647640582497,0.0001535533979989893,0.0004109141425816611
66,2,1-7,adjust,0.00991578909456946,0.00014931866285026974,0.0003072867137703113
66,3,1-7,adjust,-0.04009759549127628,0.00012823597264993567,6.816560939352868e-05
66,4,1-7,adjust,-0.03829905444980424,-7.144008487058997e-05,0.00010759852922261989
66,5,1-7,adjust,0.010065409542592683,-6.314156380488872e-05,5.998409066489687e-05
66,6,1-7,adjust,-0.007208137194120515,-9.77049661483916e-05,7.52165159966473e-05
66,9,1-8,adjust,0.008200448367556037,0.00026071934938159697,0.00033833837889966076
67,2,1-4,adjust,-0.009189772782847286,0.00011828619143972524,0.0004427039777599846
67,3,1-4,adjust,0.016960821049815077,-0.000105234224257184,0.0004698409305382566
67,6,1-5,adjust,0.011807035582987287,-0.00010573304886997358,0.0007129750574115975
67,7,1-5,adjust,0.0012262948442671978,-0.00022217027316042822,0.0005427550499208137
67,8,1-5,adjust,8.08308813779308e-05,-6.37039871858753e-05,0.0013911374979580827
67,9,1-5,adjust,-0.0073643539230717,-0.0005854676713668278,0.0007270129410241849
68,2,1-7,adjust,0.008401792900725982,-5.0912411217512966e-05,0.0003177530826022869
68,3,1-7,adjust,0.020337129889324953,-0.00032257594298353053,0.0005679034730373011
68,4,1-7,adjust,0.0012967746839045282,0.00026003646698126843,0.00010060974925920089
68,5,1-7,adjust,0.007718633627055269,-0.00014201222284118784,0.0003550657358432017
68,6,1-7,adjust,-0.006212209705739432,0.00019759063552491813,0.00039019625020040953
68,9,1-8,adjust,0.002395377979268613,0.00023605545111364401,0.0011493700654576847
69,2,1-4,adjust,0.0035946755469267785,9.366751818129842e-05,0.0005665616227535512
69,3,1-4,adjust,-0.01564606368519726,9.923504470933521e-05,0.00019142406920212666
69,6,1-5,adjust,0.016354138776766027,0.00041864972666523953,0.0008207422289179466
69,7,1-5,adjust,0.01739073140570061,0.0005679755774220415,0.0009961864851563572
69,8,1-5,adjust,0.002566604822564264,3.926216579061138e-06,0.0006575832303578769
69,9,1-5,adjust,-0.005307693238019002,3.610507787156916e-05,0.0008888270167308403
70,2,1-7,adjust,-0.007408323263169737,0.000297275894773174,0.00023642113603513536
70,3,1-7,adjust,-0.02178523764087368,0.00022264974692211986,0.00018556530453816983
70,4,1-7,adjust,0.031105880120731833,-2.433494524583046e-05,0.00011551538704571771
70,5,1-7,adjust,-0.019141066580260862,0.00015286056542247847,0.0002649559755994365
70,6,1-7,adjust,0.0029405326698024544,-0.00011365800043173154,5.400384882966639e-05
70,9,1-8,adjust,0.010221161878244614,-0.0001721174450222072,1.2480242510658205e-06
71,2,1-4,adjust,-0.007226247957690309,4.000708658522571e-05,8.118147323507616e-05
71,3,1-4,adjust,0.008422577860433008,-0.00016252100483103555,0.00014696521025239063
71,6,1-5,adjust,0.013964052694257814,-0.0003295107474808076,0.0006333646083464046
71,7,1-5,adjust,-0.0312821603034462,-0.00023181593767132596,0.0005027755747240251
71,8,1-5,adjust,-0.002994335720864614,0.00016980338232260166,3.174862246768859e-05
71,9,1-5,adjust,-0.006664277608778448,-0.0003140727762804678,0.00017020875172856905
72,2,1-7,adjust,-0.0017248941896741109,0.00011415805402758347,0.00023095170853716985
72,3,1-7,adjust,-0.016910743798396143,0.0003671330705055254,0.0005815398257206429
72,4,1-7,adjust,-0.022927130352551926,-3.2838891306301544e-05,3.114423195278437e-05
72,5,1-7,adjust,-0.01608225828850484,-9.411038243574303e-05,0.0003802128955795498
72,6,1-7,adjust,-0.03132492764313746,-0.00016528599713872965,2.351700971239295e-06
72,9,1-8,adjust,-0.0007587807814431085,0.0004123104243551122,0.0005919786133356444
73,2,1-4,adjust,0.007418683277930477,-0.0002580719558077708,0.000329784772753029
73,3,1-4,adjust,-0.0010318063520214432,-0.0002709397499540647,0.00029565726249206265
73,6,1-5,adjust,-0.004235117595933335,5.639879580167524e-06,0.0002768312967246284
73,7,1-4,adjust,-0.015644921252300183,0.0001521213341293837,4.003335340763733e-05
73,8,1-5,adjust,-0.0174690794334891,0.0002111733370986463,0.0007378239720983972
73,9,1-5,adjust,0.004438456974627312,-0.0001291945926089804,0.00015484615789433542
74,2,1-7,adjust,-0.002018758229824622,-0.00023740108132335895,0.000638209383856769
74,3,1-7,adjust,0.013421199967883391,-0.0002003966659374897,0.0005820095751930733
74,4,1-7,adjust,0.013887661588064908,0.00011549498106157366,0.0005866798218380163
74,5,1-7,adjust,-0.025609158157728237,-6.2672666151947e-05,0.00024906619809945474
74,6,1-7,adjust,-0.032443639795680095,-0.0005996787347352819,0.00021905396833875502
74,9,1-8,adjust,-0.004092432366670391,-5.080092398127973e-06,0.00021738187120615846
75,2,1-4,adjust,0.004932124999477744,-0.0002611965866067791,0.00047435548140172467
75,3,1-4,adjust,0.003123709961251531,-5.040806861090095e-05,0.00017245426430369387
75,6,1-5,adjust,0.014082382163927825,0.00010627525359422706,0.00018491083473255325
75,7,1-5,adjust,0.011432993549798875,8.010610580065854e-05,0.0002891501934709004
75,8,1-5,adjust,-0.02711431842633552,0.00022255941834607593,0.0001523632492203932
75,9,1-5,adjust,-0.004379878019744479,-2.864834567988171e-07,0.0005029253420024358
76,2,1-7,adjust,-0.008170140804601047,0.0002786816618657494,0.0008642396646533133
76,3,1-7,adjust,-0.0195379498169164,0.0005380739908506376,0.00021343640911619368
76,4,1-7,adjust,-0.03178347953710845,-5.757261286213619e-05,0.0001323922029097058
76,5,1-7,adjust,-0.032906133824010836,0.00011242527130767692,0.0006929565913579403
76,6,1-7,adjust,-0.013723801870464555,7.106189161603319e-05,0.001049736169263333
76,9,1-8,adjust,0.0028158115416821146,-0.0002929539525274474,0.0004112591759720575
77,2,1-4,adjust,0.006158806699682167,0.00024574942841543656,7.684871666628055e-05
77,3,1-4,adjust,0.0026461919562144067,-3.499676466491186e-05,0.0005012785809946098
77,6,1-5,adjust,-0.016046174565667724,9.958247390982644e-05,0.0003805493238483588
77,7,1-4,adjust,-0.028800312419254695,-3.5476868526487374e-05,4.2410163179106914e-05
77,8,1-5,adjust,-0.019687683170743445,-0.0004232294065039674,0.0003133678767708466
77,9,1-5,adjust,0.002202611638022726,0.0001931857976954889,4.137363831495781e-05
78,2,1-7,adjust,-0.00328852048216495,3.617683953619169e-05,0.0003229317349352448
78,3,1-7,adjust,0.0041341397889754754,-3.068583906258976e-05,0.00013022734484228872
78,4,1-7,adjust,-0.03052325997233159,0.0001935323901490777,6.597596322625266e-05
78,5,1-7,adjust,-0.05776171921409955,-0.0005100736562330191,0.0004781621124172978
78,6,1-7,adjust,0.0019913140314103384,0.00030189391757152117,0.0005727415509508997
78,9,1-8,adjust,-0.017390323326105447,-0.00017977518526436813,8.164244278281007e-05
79,2,1-4,adjust,-0.01784264325159198,0.00014827036920540932,0.0003472544108993912
79,3,1-4,adjust,-0.016204625907090642,3.161573233870529e-05,0.00046203125162925683
79,6,1-5,adjust,-0.04588076215909312,-0.00019197703011006277,0.0007307278473060731
79,7,1-5,adjust,0.007234588436347042,-0.0007679147499438782,0.00024208192063746768
79,8,1-5,adjust,-0.0019157209136109285,-0.00033710569751107676,0.0007459474254550535
79,9,1-5,adjust,-0.012940627283738725,-0.0002946781751651138,0.00019971121692899908
80,2,1-7,adjust,0.006940080939753191,-0.0008930725926534601,7.234459097810356e-05
80,3,1-7,adjust,0.019518119254505154,-0.0001640966627633646,0.0001308564739794623
80,4,1-7,adjust,0.046498568179112944,-0.00011587557779627367,0.0005806438699550711
80,5,1-7,adjust,0.05037386021085793,-6.308850144399287e-06,0.00045420928416149665
80,6,1-7,adjust,0.03898587423520143,0.0003405186391829788,0.0003770478290728236
80,9,1-8,adjust,0.003145754288022793,-1.3510680647027299e-05,7.901894364718458e-05
81,2,1-4,adjust,0.004650130058460416,0.0002513921537693876,6.722751378909827e-06
81,3,1-4,adjust,-0.0020438429826766164,0.00027782585786675505,0.0006589271144645542
81,6,1-5,adjust,-0.013169735809427006,0.00014233806574801182,0.0007136458706433578
81,7,1-5,adjust,-0.02372847981770161,-0.0001219657249021733,0.0009573477780267196
81,8,1-5,adjust,-0.0011419710681548941,-0.00024428356290118127,4.4913404917919156e-05
81,9,1-5,adjust,0.0027878489883171632,-8.10288570150425e-05,0.0014307926252693855
82,2,1-7,adjust,0.03051591588291041,-0.0005868598059774463,1.4100388985396713e-05
82,3,1-7,adjust,0.035122484910758096,-0.0007450188079659324,0.0004424826775353345
82,4,1-7,adjust,-0.002990121868336936,-0.0003446267433726329,0.00043785417328888644
82,5,1-7,adjust,0.025829556826398613,0.00027969662764238063,0.00045416311649605217
82,6,1-7,adjust,-0.0035121597376968315,-0.0005437270375950341,0.00042556050966558736
82,9,1-8,adjust,-0.0011465916084157071,0.0001079964616977251,0.0004199921122290134
83,2,1-4,adjust,-0.0054294653187083285,0.0008033219037306387,0.00040759901915026956
83,3,1-4,adjust,-0.0170623599585287,-5.968916197741932e-06,0.00023839291069141272
83,6,1-5,adjust,0.00236977027892893,0.00019822205268509437,0.00020375175078238684
83,7,1-4,adjust,0.010439426771285152,0.00019006561528191302,8.52244323502367e-05
83,8,1-5,adjust,-0.005962001731072583,-0.00025615746065407984,0.0005980030683751195
83,9,1-5,adjust,0.006803863427924246,-0.00014816274725030056,0.0002763813983619814
84,2,1-7,adjust,-0.012977264148746268,2.711801031277515e-05,0.00033388262043029874
84,3,1-7,adjust,-0.0026619454556987164,-0.00016509447125194812,0.00013756322293113747
84,4,1-7,adjust,0.022842075864761658,0.00017494402010803274,0.0006363330481990696
84,5,1-7,adjust,0.0063409518763857965,9.989388347299923e-05,0.000315392455084773
84,6,1-7,adjust,0.010418471244225444,0.0001892823661182967,0.0006587465516661778
84,9,1-8,adjust,-0.01595178934819997,0.00025155142172689546,0.00012140189492285842
85,2,1-4,adjust,0.0009139612487446285,-0.00024101641361992933,0.0007863071558323795
85,3,1-4,adjust,0.010688865749251703,1.7383123827407566e-05,0.0006114398651742654
85,6,1-5,adjust,0.02157843762673858,-0.0001676921868702849,8.091260327038943e-05
85,7,1-5,adjust,0.01857159344352881,0.00019892409687498873,0.0003155893745547883
85,8,1-5,adjust,0.004215478331155508,0.0003136599197616148,0.0005007367701082639
85,9,1-5,adjust,0.021522590104377345,0.0004174374641175449,0.0009201569408039038
86,2,1-7,adjust,0.0019503874868968592,4.644726860296439e-05,0.0005519959738839168
86,3,1-7,adjust,-0.0075961708745475144,0.00023338710731326553,0.0005143009074044656
86,4,1-7,adjust,0.0017320997887626268,0.00011756514279261549,1.9780117121123977e-05
86,5,1-7,adjust,0.012837148971702603,-0.0001202679819759209,6.944579463765674e-05
86,6,1-7,adjust,0.008727320683236367,0.00027416263668811124,0.00034023872997868224
86,9,1-8,adjust,-0.013304438302521869,-0.0004493827438181783,0.0004672044933764277
87,2,1-4,adjust,-0.005059693750428417,0.00015705250134534287,0.0001366864420694465
87,3,1-4,adjust,-0.009558014905999805,-7.892742991385241e-05,6.0340862669480435e-05
87,6,1-5,adjust,-0.006318631039116585,-0.0004247275887481226,0.000451914435402123
87,7,1-5,adjust,-0.008009780680835256,-8.062042118200583e-06,0.00015998915642499617
87,8,1-5,adjust,-0.004607180833006617,3.6534820170948378e-06,0.00012155044739071253
87,9,1-5,adjust,-0.004699352749808061,-0.0002926459681818984,0.0007823774493819544
88,2,1-7,adjust,0.01262729849878481,-0.00037270491978769004,0.0001482006473083024
88,3,1-7,adjust,-0.004940572407987679,-2.432092222930212e-06,0.0002831714109872921
88,4,1-7,adjust,-0.005391946239882937,0.00021923801040699812,2.7230656400776048e-05
88,5,1-7,adjust,-0.030854264332461977,5.289056715418455e-05,9.754376947416147e-05
88,6,1-7,adjust,-0.00010077656021953295,0.00031449435803923814,0.0001801820818333006
88,9,1-8,adjust,-0.0021468911043156687,0.0005007825613648688,0.0001575357852002445
89,2,1-4,adjust,-0.013245291901006337,0.0006086536620557944,0.00043680412381306045
89,3,1-4,adjust,-0.0015137301368415724,-9.287780857667967e-06,0.0006034939252653901
89,6,1-5,adjust,-0.027928246177181336,-2.5956071611124807e-06,0.0014522301210735688
89,7,1-5,adjust,-0.03034531649434482,-7.208555800946153e-05,0.0011107724884816877
89,8,1-5,adjust,0.017068064181124866,0.0001611309344419815,0.0001160659306350461
89,9,1-5,adjust,-0.0007889538641503845,-0.0003041009848511425,0.0005816702688161565
90,2,1-7,adjust,0.006485258660497921,-0.00015758723811503238,7.688289754067865e-05
90,3,1-7,adjust,0.015113580898129579,-1.2979353718493639e-05,5.411322854492939e-05
90,4,1-7,adjust,-0.02539538079429445,-0.0002652001199567708,0.0003229552071440135
90,5,1-7,adjust,-0.0097425830397678,0.000108980358369221,9.521664681944233e-05
90,6,1-7,adjust,0.004578588895925084,9.064667978207495e-05,0.00033889775661306203
90,9,1-8,adjust,0.00951980023416224,-0.0001615330302388235,0.00020892568051269337
91,2,1-4,adjust,-0.008641990512528307,0.00010251465082151281,0.0003644410834523183
91,3,1-4,adjust,-0.006059310601421632,3.0344958320453723e-05,0.0003653093443720412
91,6,1-5,adjust,0.005489057609589102,2.5937489662397946e-05,0.00012265724734983216
91,7,1-5,adjust,-0.0018118732150010598,0.00047032968471645787,0.0002498292466228227
91,8,1-5,adjust,0.0026916288008777575,7.701090863976056e-05,5.9284360399717425e-05
91,9,1-5,adjust,0.0029657073365608275,0.00011285341586485029,2.914462847348905e-06
92,2,1-7,adjust,0.0018902208701767759,-0.00026543450623307834,0.00018937581964713682
92,3,1-7,adjust,0.00042746797664301245,0.00030686321946714877,0.000555154620478855
92,4,1-7,adjust,0.007369496645035263,0.0002325381668057899,8.882421356054589e-05
92,5,1-7,adjust,-0.017583097204280335,0.0003024153877475354,6.760739431309459e-05
92,6,1-7,adjust,-0.02953247275574348,-0.0005767929435257206,2.3014182471795496e-05
92,9,1-8,adjust,-0.008449047621846503,-0.0002235012664429258,0.0005958579568219047
93,2,1-4,adjust,-0.008364131983079904,0.000325202737691433,0.0008673129048263486
93,3,1-4,adjust,-0.00835723071039268,-0.00025408192677377087,0.0011367752549212014
93,6,1-5,adjust,-0.0020863005592896785,0.000558792573612464,0.0007100435079741768
93,7,1-5,adjust,0.03216063417474167,-0.0005945562301563755,0.00019636465987127078
93,8,1-5,adjust,0.03262537646475206,0.00010362148289862449,0.00022722505696038553
93,9,1-5,adjust,0.0018576254132679974,0.00031124975388020635,0.0008932430250858846
94,2,1-7,adjust,0.00445431617229654,-0.00010414702834849181,0.000398022436501197
94,3,1-7,adjust,0.014927232187827938,-8.28698564284001e-05,0.00015049472967692263
94,4,1-7,adjust,0.04869025736520833,0.00013555148563611848,0.0003126350290713469
94,5,1-7,adjust,0.021183052475600293,-0.00017328181402683475,0.00036857942298631563
94,6,1-7,adjust,0.02772114137646122,-1.2219080332327293e-05,2.5296675864133942e-05
94,9,1-8,adjust,0.007487622505096858,0.0005841336254631322,0.0008673965150880964
95,2,1-4,adjust,0.0027199259030717344,-6.702613313831936e-05,0.0009328844274518186
95,3,1-4,adjust,0.024811985964328813,-7.323553413969794e-05,0.0017757685844574092
95,6,1-5,adjust,0.008764801451465716,-0.00014346068336981954,0.0012867841324490298
95,7,1-5,adjust,0.03368891588594385,0.00039691777184737057,6.733606111406716e-05
95,8,1-5,adjust,-0.013359430963495345,-0.00016562531512099392,0.000604507453797356
95,9,1-5,adjust,-0.008299238174278448,-0.0003145278199132497,0.0007558865436718129
96,2,1-7,adjust,0.006952566053578734,-0.00024099143408555393,0.00016424269277490026
96,3,1-7,adjust,0.012640440891180207,-0.00020469532173448093,4.088050329187985e-05
96,4,1-7,adjust,-0.002606424039218567,-0.00047968890465685906,0.00016856134410505374
96,5,1-7,adjust,0.034170308111228696,-0.00012902307946345662,2.37692426966122e-05
96,6,1-7,adjust,0.028929165323655262,0.00024801150527079696,0.00017841736618436248
96,9,1-8,adjust,0.005642577404248805,0.00018549576928920372,0.00010046416010253406
97,2,1-4,adjust,0.00882890280796284,-0.00031510152609367625,0.00039532674850765656
97,3,1-4,adjust,-0.011297295170591266,-1.1812416848802254e-05,0.00021102596255257122
97,6,1-5,adjust,-0.0002789466289792041,-0.0003248943651521106,7.697792662817532e-05
97,7,1-5,adjust,-0.006399852900557059,0.00032299809826049426,9.478143285107988e-05
97,8,1-5,adjust,-0.0032729510998703846,-0.0001380166559642781,1.553084662461092e-05
97,9,1-5,adjust,0.0026335544589986596,0.00017977091856358953,2.411961938416474e-05
98,2,1-7,adjust,-0.004891618520304214,0.0002585547977143284,0.0006378375167944445
98,3,1-7,adjust,-0.03311896282659968,0.0005034846760604726,0.0003087027666620736
98,4,1-7,adjust,-0.000974192084415141,0.00031509511122895036,0.0003802181918357826
98,5,1-7,adjust,0.014387772081368511,0.00014363190406055905,0.00025284052195111395
98,6,1-7,adjust,0.001724096641934075,9.4405550524858e-05,7.413375153558973e-05
98,9,1-8,adjust,-2.2738964886220166e-05,0.00028943908815989177,8.225998628683659e-06
99,2,1-4,adjust,0.01030605155880213,-0.00042718782454818834,0.0011589076123501945
99,3,1-4,adjust,0.008860622269903607,-0.0004701056281282594,0.0008536168314643033
99,6,1-5,adjust,0.006286174337308675,0.00023391047206795966,3.06461652759645e-05
99,7,1-5,adjust,0.016863735435487963,0.000149791650901109,0.0007309380179385612
99,8,1-5,adjust,0.02450346976971246,0.00020938537647901588,0.0002277636715356198
99,9,1-5,adjust,-0.0023821807898543493,-0.0006580178857786927,0.0006688350382299667
100,2,1-7,adjust,-0.024033297803163184,0.00044052884979301946,0.00025058180515635255
100,3,1-7,adjust,-0.03679872611414874,0.0004957669596619828,3.933099645375696e-05
100,4,1-7,adjust,-0.03819876531468329,-2.245112954996081e-05,0.0005342760615221317
100,5,1-7,adjust,-0.012681904424441094,-5.330475650142644e-05,2.727992725163044e-05
100,6,1-7,adjust,-0.011180669289078878,-7.594662577171406e-05,0.0006057557473869566
100,9,1-8,adjust,0.012801287236594641,-0.00011892902332903646,0.0005861521680674389
101,2,1-4,adjust,-0.005526747690955934,0.0005589792693723141,0.0006475930135510225
101,3,1-4,adjust,0.0022002340092592615,-0.0003997536888164227,0.0006150656483230125
101,6,1-5,adjust,0.0008304603590883422,-0.00010415676007171952,0.0002590067447287126
101,7,1-5,adjust,0.003348623066718826,-0.00014818541354212554,0.00029043569738404837
101,8,1-5,adjust,-0.006596356876518142,-0.00030665126401905403,0.0008184781375869714
101,9,1-5,adjust,-0.016747596194481743,-2.6716239821403977e-05,0.00034876768468802556
102,2,1-7,adjust,-0.009011804424197134,0.00014968970899389674,4.4631583854183804e-05
102,3,1-7,adjust,-0.022825328638121006,0.0005849502279920977,0.0005335425184531083
102,4,1-7,adjust,0.011967271635483931,-0.0003932359838217663,0.00023944063903219679
102,5,1-7,adjust,0.012075438323273143,-0.00041953563258853826,0.0005229908191961411
102,6,1-7,adjust,0.017505087068022115,-0.00018766269762701524,0.0002848055714421197
102,9,1-8,adjust,0.010674920558943314,0.00025285521842974317,0.00021710365226138215
103,2,1-4,adjust,0.013368350610161167,-0.0003963337902974847,0.0006439462782965843
103,3,1-4,adjust,0.028249546750288283,-0.00023905012585288043,0.00030631557830563817
103,6,1-5,adjust,-0.014758174587039563,0.00034446334018367055,0.00012055460507497551
103,7,1-4,adjust,-0.03509830509007796,0.000115967827572396,7.822150232681584e-05
103,8,1-5,adjust,-0.023839075067950244,7.585433062537793e-05,0.0004376636101202873
103,9,1-5,adjust,0.0003882556392423908,1.8497952396001506e-05,0.00016222209082414267
104,2,1-7,adjust,0.014305464120842408,8.07311779664124e-05,0.0006261420210295467
104,3,1-7,adjust,0.026570385725588144,-0.0004727049161652086,0.0001948831602198664
104,4,1-7,adjust,-0.06857178549777795,8.503530542116109e-05,0.0006874118753546929
104,5,1-7,adjust,-0.03554717862079525,0.0005101431918044568,0.00047096357415064567
104,6,1-7,adjust,-0.01329182572489594,1.2229605149909601e-05,0.0003077326284179827
104,9,1-8,adjust,-0.002401729947259009,-8.273244902430437e-05,0.00010885345813582685
105,2,1-4,adjust,-0.02202288968427388,0.0004694841250172716,0.00015597537643861407
105,3,1-4,adjust,-0.001664892436727125,0.0007396285263909088,0.0003534420681074571
105,6,1-5,adjust,-0.005848108926213086,-0.00014956357749390696,0.00028854024015439604
105,7,1-4,adjust,-0.004925346077815402,-0.0002466439459778557,6.357259120059308e-06
105,8,1-5,adjust,0.0013645664560344916,-0.00011327384769821388,0.0002736731678874735
105,9,1-5,adjust,0.0038180289285330788,-0.00026943832961051433,0.0004105236236899266
106,2,1-7,adjust,0.00012201589021731596,-4.329500160272826e-05,0.0012005158892772218
106,3,1-7,adjust,0.011841984120262853,-0.00015350816632457467,0.00090393794704156
106,4,1-7,adjust,0.0037803776358886552,-0.00011408918472026075,0.00016139621195928984
106,5,1-7,adjust,0.013820076705516786,0.00041314845661469805,0.00048076429048485623
106,6,1-7,adjust,-0.0043443603023708074,0.00024189130111557634,0.0001256994968809677
106,9,1-8,adjust,-0.017755453775353012,8.204599890878874e-05,0.001203694338315155
107,2,1-4,adjust,-0.001549685799952061,8.996801363460655e-05,0.00022321894997391368
107,3,1-4,adjust,-0.012803904588607204,0.0004765931406462194,0.000675830866038319
107,6,1-5,adjust,0.00316614844862864,0.00016412713871320997,0.0012647195029662607
107,7,1-5,adjust,0.009800642984867736,0.0004818013205105287,0.0018010686100131265
107,8,1-5,adjust,0.04078874168393314,0.00018847487176285803,0.0009931328072527645
107,9,1-5,adjust,0.014439449232289082,0.00021003646722149116,0.0003089336609675412
108,2,1-7,adjust,0.0006569935721220162,0.00023521933334088294,0.00036583911052741726
108,3,1-7,adjust,-0.028856472279345166,-0.00020086654918754498,0.0004943800178737974
108,4,1-7,adjust,0.009226365917390083,-1.2223555487074138e-05,0.0008698350825177561
108,5,1-7,adjust,-0.034048394113011686,-0.0005147615459212269,0.0003855310833557762
108,6,1-7,adjust,-0.0026416144206657752,-0.00023145727429775589,0.0003225246734760718
108,9,1-8,adjust,0.007233539241656833,0.0002535002048160047,6.251181453645605e-05
109,2,1-4,adjust,0.012087841373192966,-0.00032451051672821156,8.015863005006797e-05
109,3,1-4,adjust,-0.0025096556087089166,-0.0004714644235592115,0.0003154641683593382
109,6,1-5,adjust,-0.00762337366554746,-0.00035096119182884936,0.0003943696913843292
109,7,1-4,adjust,-0.03688731309259609,-3.330415754550607e-05,5.241728747971746e-05
109,8,1-5,adjust,-0.00976497129746423,-2.098483779778783e-05,0.00020821598233302326
109,9,1-5,adjust,0.014700644286208299,-4.8331281697237506e-05,4.782622057834621e-06
110,2,1-7,adjust,-0.0007122322230404939,-0.0002725534107029094,0.0002803627704831882
110,3,1-7,adjust,0.012421675701843408,3.202251396824974e-05,0.0006251352728843003
110,4,1-7,adjust,-0.020135621330578796,0.00015808178049615162,0.00010624495528815287
110,5,1-7,adjust,0.016489606131489712,7.054983242976178e-05,0.0010627646745281754
110,6,1-7,adjust,-0.02580278544289526,-5.3843503257461365e-05,0.0014650639281732945
110,9,1-8,adjust,-0.004086172085768662,0.0003098069354642659,0.0004528931381073162
111,2,1-4,adjust,-0.0020606379000578734,0.00019296357643425362,0.0002959532246017521
111,3,1-4,adjust,-0.000736188688975103,0.0008437921154340583,0.0008515161345316049
111,6,1-5,adjust,0.014535180691263808,-0.00010554989800129948,0.00018076287284249514
111,7,1-5,adjust,-0.006764948764638765,9.240371633779244e-05,0.00017412724277505488
111,8,1-5,adjust,-0.003221168668713067,-2.174512134690601e-05,0.0001681079459940008
111,9,1-5,adjust,0.0011975001821222754,-0.00018222994825425052,0.0003666379195183643
112,2,1-7,adjust,-0.018048428845882567,0.00025779175831005955,0.0008407356503842256
112,3,1-7,adjust,-0.03160499859872296,8.964050753814383e-05,0.001146197355258666
112,4,1-7,adjust,0.006484034826228846,0.00032837311333224877,0.0008327031979353279
112,5,1-7,adjust,-0.04010419637984567,-8.322569903357063e-05,0.0005091852364678491
112,6,1-7,adjust,-0.014314222993295352,0.0003902973387449074,0.0016345951823797744
112,9,1-8,adjust,0.0016550531055555,2.454395385079886e-05,0.0007520915583153399
113,2,1-4,adjust,0.004083918411745644,-0.0001917657570234089,0.00026170082105969513
113,3,1-4,adjust,0.011144152288650212,-0.00044527388679018386,0.0002446025256717085
113,6,1-5,adjust,-0.004868755078200964,4.735272591841494e-05,0.0006960710879338867
113,7,1-5,adjust,0.0020287434882693776,-0.00010466160075334763,0.00048461770820522066
113,8,1-5,adjust,0.009281013727714114,-5.186849706175512e-05,0.0008145593797351657
113,9,1-5,adjust,-0.013572306872467237,1.5388981440551275e-06,0.0002137092876145259
114,2,1-7,adjust,0.01572099895325268,-0.0005087668891444883,0.00022555875729097746
114,3,1-7,adjust,-0.02069909653793267,-9.10104433566302e-05,0.00023332876625791602
114,4,1-7,adjust,0.018898822656329802,0.0002482170844795569,0.0008835434598122639
114,5,1-7,adjust,0.021696345731024844,0.00015007829707325377,0.0005082054382917086
114,6,1-7,adjust,-0.0027203127787063137,-7.586164777110116e-05,0.001180201262199602
114,9,1-8,adjust,0.00046619353811762544,1.1794332666225749e-05,0.001170298731093285
115,2,1-4,adjust,-0.02565932941132511,0.0005864802169884803,0.0008149258019634655
115,3,1-4,adjust,0.006555913910645598,-0.00031929510587667747,0.0002714849961194193
115,6,1-5,adjust,0.015720617963310743,-0.00021280612094508187,0.0008792600229190182
115,7,1-5,adjust,0.00229006131750692,-0.0005678015626077371,0.00037194016856062343
115,8,1-5,adjust,0.0027188910778256988,6.193847159658365e-05,0.00010677738793948044
115,9,1-5,adjust,0.0025833324610272496,0.00021087914714347378,0.00044618269363580433
116,2,1-7,adjust,0.011648125542891023,-0.00048328549367761953,0.0005141636769485924
116,3,1-7,adjust,0.010002685139875362,-4.111695874534102e-06,0.00028673692676697637
116,4,1-7,adjust,0.021013430899350108,-6.782852864837048e-05,0.0006302612347490547
116,5,1-7,adjust,0.01275816861807671,-0.00026690112437963376,0.0006403783245954626
116,6,1-7,adjust,-0.0067790555021664855,0.00027388989346917606,0.0006691633557441019
116,9,1-8,adjust,0.005174032437107709,-0.00044222363538627837,0.00016570571354496976
117,2,1-4,adjust,-0.0032908764119776615,0.00041855856673581716,0.0009298682436115676
117,3,1-4,adjust,0.016984291983108434,-0.00018543167672578856,0.0004830970581462118
117,6,1-5,adjust,0.0001826419561238869,-0.00010255270111533646,0.0009128920238721216
117,7,1-5,adjust,0.02613820694206647,-2.234880929058357e-05,0.0005413198451453737
117,8,1-5,adjust,-0.03444648766776081,7.767345057269459e-05,0.00035482137814676337
117,9,1-5,adjust,-0.007445387745388198,0.0001334917969222237,0.00108937046485096
118,2,1-7,adjust,0.025490468810893223,-0.0004460870816039168,0.0007273297445971478
118,3,1-7,adjust,-0.005929454885295,0.0005587741290586029,0.0010143230502696924
118,4,1-7,adjust,0.024204472904945373,-0.00030291948166330003,0.0002165542729327768
118,5,1-7,adjust,0.020716473380980812,-0.00021484217015389323,0.0004401068060488617
118,6,1-7,adjust,0.011263134253995945,-0.00027281452331547913,0.0005580833762980365
118,9,1-8,adjust,-0.002497441886153183,4.816975331947454e-05,0.00042801232278988767
119,2,1-4,adjust,-0.0127579818250304,0.0002570899943255022,0.001287826690530375
119,3,1-4,adjust,0.018847531025972995,-0.00040642269058023555,0.00021648947140518826
119,6,1-5,adjust,0.011421998383629159,0.00036624852517464336,0.00010533955466600779
119,7,1-4,adjust,0.0023729060600780802,0.00022246796139481755,9.07579531033636e-06
119,8,1-5,adjust,-0.023720431627453617,-9.680164490379787e-06,0.00044928433462550557
119,9,1-5,adjust,-0.005519151252507236,-0.00020033329586660804,0.000912379688054826
120,2,1-7,adjust,0.008136204875492293,-1.4923716534824094e-05,0.00036204242352511036
120,3,1-7,adjust,-0.0200977297289596,0.000499056005431323,1.9654505492323454e-05
120,4,1-7,adjust,-0.02587144839402951,-0.0002635544311325454,0.0006685622306500978
120,5,1-7,adjust,0.006210014984982669,-9.684760271304979e-05,0.00022874771308422728
120,6,1-7,adjust,0.022296557636265618,8.061812579257962e-05,0.00011278340005745568
120,9,1-8,adjust,-0.007137851215129913,-0.00018905099795768433,0.0010099232569627614
121,2,1-4,adjust,-0.008569079911273978,0.00011282960360538436,0.0006156369822778969
121,3,1-4,adjust,0.003057732359679394,-8.178690521017355e-05,0.0007286994446489374
121,6,1-5,adjust,-0.005906656107271446,-0.00046245460348216105,4.3502219759529406e-05
121,7,1-5,adjust,0.016433247497935944,0.0003636120669296276,0.0006556373491007643
121,8,1-5,adjust,0.008370863899306278,-0.0002995259631675807,0.000862447770142008
121,9,1-5,adjust,0.003433458510845579,-0.0003522907202010357,0.00013683792655898452
122,2,1-7,adjust,-0.009162213320886346,-0.00018972289796190234,0.0007413027336594997
122,3,1-7,adjust,0.03372929934825297,-2.8075424984399786e-06,0.00027068778869279996
122,4,1-7,adjust,-0.008701844335530241,-8.64162386332218e-05,0.0008170243413298183
122,5,1-7,adjust,-0.008589094574902086,0.0007028753678942046,0.0003014211410130438
122,6,1-7,adjust,-0.016233559001466266,7.161462049339554e-05,7.652561579653723e-05
122,9,1-8,adjust,-0.009394559154460554,-7.675715812112546e-05,0.0013271229439732247
123,2,1-4,adjust,0.0011838655249842996,-0.00013366151403177134,0.0003970539662300848
123,3,1-4,adjust,-0.014890250227017406,-0.0003575101136339047,0.00014934990366269945
123,6,1-5,adjust,0.00958920884949365,0.0001198008691398374,4.829574736240319e-05
123,7,1-5,adjust,-0.0163745750379516,-0.0004645239387684401,0.00028743926060607606
123,8,1-5,adjust,0.017131591226175275,7.200791450461759e-05,0.00012623341510026065
123,9,1-5,adjust,0.01615964928945693,0.0006725998870725523,0.00057356791643561
124,2,1-7,adjust,0.008450676164121575,0.000375907123726161,0.0008120190150555637
124,3,1-7,adjust,-0.005424213290702084,9.130389953300172e-05,0.000581688669148648
124,4,1-7,adjust,-0.0001239835332303602,0.00018960833496878604,0.0005534164787249378
124,5,1-7,adjust,-0.01658814974317035,-0.00028057368536834286,0.0005245552460738125
124,6,1-7,adjust,0.0015727053080938553,0.0003762604311737289,0.00040755391578720747
124,9,1-8,adjust,0.00019249186182544349,-0.0002606013669503141,3.507367400633622e-05
125,2,1-4,adjust,0.001426678317912666,-0.0002854841265801339,0.0002507517546092702
125,3,1-4,adjust,0.0019425488427794787,-3.7553313055181105e-07,0.00026232589750961236
125,6,1-5,adjust,-0.009057978699778115,7.393558819756054e-05,0.00022380905151801373
125,7,1-5,adjust,0.0001163964183507265,-0.0004023978167410225,0.00019066647683408215
125,8,1-5,adjust,0.01057621653576915,0.00020838032407680528,0.00012355103370747017
125,9,1-5,adjust,0.01701208728398466,0.0002458399957477684,6.016988032159342e-05
126,2,1-7,adjust,0.02164865097075843,-0.0004338811633274162,0.0007588782489997426
126,3,1-7,adjust,-0.009361757949228873,0.00030915225345798966,0.0007251489118200002
126,4,1-7,adjust,0.03687332473926743,-0.00016518091711242592,0.00015458026504334936
126,5,1-7,adjust,0.0509033398730602,-0.00014445967826740456,0.00027465121159090224
126,6,1-7,adjust,0.015946240466152676,-0.000328792104745118,0.0008770492139223196
126,9,1-8,adjust,-0.008348560480019635,0.00028582761536940046,0.00041346985318687333
127,2,1-4,adjust,-0.00011076874077988152,5.564283406321213e-05,0.0004696009640401026
127,3,1-4,adjust,0.024312981066397617,-0.0003463636999129752,7.451020731960875e-05
127,6,1-5,adjust,0.0063076052432818825,-0.00047864592068596446,0.00015232883713125323
127,7,1-5,adjust,0.005573381566292757,0.0004526090960876724,0.0005746815397739271
127,8,1-5,adjust,-0.015010171105458034,1.956542769027491e-05,0.00028872804091431206
127,9,1-5,adjust,-0.020414211810998468,-0.0009653465561155334,1.1602731426081267e-05
128,2,1-7,adjust,-0.010745828089141833,0.00011823095736833577,0.0005851265026417573
128,3,1-7,adjust,0.017318359611508453,-0.0001486692427451179,0.00015583677446759942
128,4,1-7,adjust,0.014574459839583786,0.0001785610987651288,9.056101212803933e-05
128,5,1-7,adjust,-0.015813251984194115,9.674706298335749e-05,0.00019646554631913487
128,6,1-7,adjust,-0.013354565634574453,-0.0003883487888221959,0.00030163387365221003
128,9,1-8,adjust,0.010083372777145843,0.0002701847534684465,0.0006259935850922699
129,2,1-4,adjust,0.002805204503781534,-3.217209161047487e-05,0.0008127039597417966
129,3,1-4,adjust,-0.0017202569818334592,-0.00013080030170810908,0.00028620890848282926
129,6,1-5,adjust,-0.0005209329191865882,0.0005743667469591053,0.0002092781793524773
129,7,1-5,adjust,-0.015525163322525324,-0.00015583064476200648,0.0008285776822280201
129,8,1-5,adjust,0.039594803348142256,0.0002666750751715755,0.000421760450502311
129,9,1-5,adjust,-0.013123242212979565,0.00041280326379311555,0.0003461327236511012
130,2,1-7,adjust,-0.006530199540862345,3.682055840509615e-05,0.000576012943318699
130,3,1-7,adjust,-0.010273216297691696,-5.048184225646675e-05,0.0003616652704146486
130,4,1-7,adjust,0.011283440953328356,-0.00027073276291323317,1.6347741895792817e-05
130,5,1-7,adjust,-0.009129295152485025,0.00011280939709821006,0.0003040903657965264
130,6,1-7,adjust,-0.005547449650330842,6.7574923938166e-06,0.00023943852870668265
130,9,1-8,adjust,0.015364935679372424,0.0003276783138630428,0.001200351199255
131,2,1-4,adjust,-0.001704095997919717,0.00017877544704707698,0.0006262887464753931
131,3,1-4,adjust,0.006794693962017834,1.8418884153721657e-05,0.001370775875192478
131,6,1-5,adjust,0.022694590641872067,-0.00020320842902029728,0.0008938952356680858
131,7,1-4,adjust,0.026112623588611546,3.9100014039281424e-05,6.477649462561219e-05
131,8,1-5,adjust,-0.0347909503542405,-0.000512836122583901,0.0004582328734008975
131,9,1-5,adjust,3.9690507281697146e-05,-2.006211496352653e-06,2.6750634288864755e-05
132,2,1-7,adjust,0.007821749000628958,-0.00011568223102756045,0.0003618901830791671
132,3,1-7,adjust,-0.009219966423887237,0.00012762502932938896,0.00011404517279906195
132,4,1-7,adjust,-0.0022924898557047974,0.00029215661625670464,0.000618389600787257
132,5,1-7,adjust,-0.003619659222634729,-8.096185686644252e-05,0.00040128939307962694
132,6,1-7,adjust,0.007356126992250893,9.129752488050804e-05,0.00036096821881807887
132,9,1-8,adjust,0.0018020679878725224,-0.00024141458010064272,0.0006344176212874311
133,2,1-4,adjust,-0.00023522627652208266,-0.0001990281848649216,0.00022178379294768822
133,3,1-4,adjust,-0.008243775900229374,-0.00010128470152627169,0.0003383483366706354
133,6,1-5,adjust,-0.020631195610706452,0.00027882770112095886,0.00024371849257725836
133,7,1-5,adjust,-0.012184856076952983,0.00034788297203835057,0.00016498865467649954
133,8,1-5,adjust,-0.007691189325389246,0.00015529669629993627,5.3114360739904e-05
133,9,1-5,adjust,-0.010263950501353158,-0.0003889366590863184,0.0005863682479280146
134,2,1-7,adjust,-0.0011483018105459487,-3.4811814277957687e-06,6.116923582030683e-05
134,3,1-7,adjust,-0.018958898403947683,0.00022524923526085394,8.194629702411942e-05
134,4,1-7,adjust,-0.012981405012605177,0.00012231377713484644,0.00023053803412046564
134,5,1-7,adjust,-0.003812203998897955,-0.0001251891528739109,0.0006620473417381682
134,6,1-7,adjust,-0.006824721462136995,-0.0004039305558715185,0.0001484888595639933
134,9,1-8,adjust,0.006962198506399024,-9.056789022076724e-05,0.0011620012220793293
135,2,1-4,adjust,0.010849651730474077,2.0856387949802886e-05,0.00025525842183873854
135,3,1-4,adjust,0.008762064858843238,-0.00010518588141172655,9.343987892610255e-05
135,6,1-5,adjust,-0.0007871509647259688,0.0004996074748311645,0.0001741754963303658
135,7,1-5,adjust,0.025674254009309432,-0.0005577776386743535,0.0005148143043245581
135,8,1-5,adjust,-0.011182369318621675,-0.0004225447701855482,0.0008198846781906695
135,9,1-5,adjust,-0.0073617675987165,-3.66336359382767e-05,0.00047602591226782767
136,2,1-7,adjust,-0.018858645644272167,0.0001320798975098318,0.00011945811480352052
136,3,1-7,adjust,0.03330539175027401,-0.0001291529954013423,0.00015277292729139777
136,4,1-7,adjust,0.007567327810464211,-0.0001376206895982936,0.0006739590931373661
136,5,1-7,adjust,0.053140815681223856,-7.6311726086404e-05,0.00010407051179740087
136,6,1-7,adjust,0.02553558641100171,7.012674896154323e-05,0.00014018301049622913
136,9,1-8,adjust,-0.0031463781542747315,-5.3759739687674005e-05,0.0008661197812747798
137,2,1-4,adjust,0.01309295079458567,-0.00014847520561977803,0.00016215395635548236
137,3,1-4,adjust,-0.0024907273203791766,0.0001788816729844811,0.0005261691451305543
137,6,1-5,adjust,0.01791527293121467,-0.00011052770769123436,5.915901935984209e-05
137,7,1-5,adjust,0.005294230263221484,6.830928527217639e-05,0.0007954585388849967
137,8,1-5,adjust,0.017700122986273537,0.0005875296223908498,0.00044217840390562227
137,9,1-5,adjust,8.714080904447446e-05,0.0005810068686960379,0.0007553995094761612
138,2,1-7,adjust,-0.01013684821755474,0.0002564117819181708,3.109059904600082e-05
138,3,1-7,adjust,0.03056700314069025,-0.0004041977460790359,0.00021555587049161212
138,4,1-7,adjust,0.039165285948451097,-0.00023989832826804984,0.0007425633503367389
138,5,1-7,adjust,-0.018724017158572925,2.0201105751992838e-05,0.00027582331850349817
138,6,1-7,adjust,0.017838962260593373,0.000315147066054033,0.0003970754198253109
138,9,1-8,adjust,0.0006400927149168089,-3.326300912831931e-05,0.0002038535975248377
139,2,1-4,adjust,0.018518288057145955,-0.0006822647480186751,0.0011450771032175352
139,3,1-4,adjust,1.2349217332521249e-05,0.00021847604900328027,0.00023753675420260664
139,6,1-5,adjust,-0.012271012812960799,4.054912409314645e-05,8.303982474828406e-05
139,7,1-4,adjust,-0.016840384402083273,0.0001982684900220024,7.930921224186922e-05
139,8,1-5,adjust,-0.010946938901107343,0.00013282830937143755,0.00013061255464485094
139,9,1-5,adjust,0.013234293488112824,1.0827306673692307e-05,0.00033043971629849906
140,2,1-7,adjust,0.0073921636170772255,0.00035294428962384075,0.00021189130259581347
140,3,1-7,adjust,-0.02765028472080101,-5.822953806385758e-05,0.0002392485866382854
140,4,1-7,adjust,-0.02769321373585752,6.868519631890376e-05,0.0002497286288819604
140,5,1-7,adjust,-0.040009041078058805,0.0001292875647031763,0.00040041019935634
140,6,1-7,adjust,-0.02727044493385978,-0.0002197721288301533,8.146466016491364e-05
140,9,1-8,adjust,-0.0009239492480691113,-0.00030739251166797603,0.000636331216671288
141,2,1-4,adjust,-0.012560821675348603,-0.00010695209464569538,0.0002947887056729951
141,3,1-4,adjust,0.0020945395331110456,0.0001764315598948808,0.00012185792005361822
141,6,1-5,adjust,-0.01172057386136926,-0.00047825485692069104,0.0004384392349804319
141,7,1-5,adjust,-0.008177801532479219,1.1697717641474022e-05,0.0004154461930112124
141,8,1-5,adjust,0.0021621199418033407,-0.0005897870681920455,0.0002864284586274073
141,9,1-5,adjust,0.019188555671560928,0.0002543869039907467,0.0010639797766625807
142,2,1-7,adjust,-0.011921292941376865,-0.00024345798277842498,0.00010331263804895683
142,3,1-7,adjust,-0.011567331190508021,0.00047201270802423425,0.0006450767326399482
142,4,1-7,adjust,-0.00024055545937465132,0.00043258644031606784,0.00020961115438588646
142,5,1-7,adjust,-0.002029991113639271,0.00030451681296358416,5.299237761040237e-05
142,6,1-7,adjust,0.0020038170583038884,-7.165938362979177e-05,0.0002852622405250732
142,9,1-8,adjust,-0.013367419095763219,-0.00018275683647312534,0.00037568294650426685
143,2,1-4,adjust,-0.009446399055619538,-0.00010464229941226833,0.0002899560346288658
143,3,1-4,adjust,0.02045496481634144,-0.000380178380296476,0.0015457099456631094
143,6,1-5,adjust,-0.008797100772951875,5.886876020012544e-05,0.001196313609121175
143,7,1-5,adjust,0.00975381426547365,-9.656950183687306e-05,0.0006416516544959299
143,8,1-5,adjust,-0.019599183168173065,-8.935651641800344e-05,0.0006153569365932275
143,9,1-5,adjust,0.0010712088953005686,0.00014029271533935102,0.00020601355953412263
144,2,1-7,adjust,0.013494210046237373,1.2723297112018262e-05,0.0005896175080755179
144,3,1-7,adjust,0.006304495677760226,-0.0001822080843660253,0.00012045331048554044
144,4,1-7,adjust,-0.021234258678568117,-0.00020289777101445332,0.0005881097154833957
144,5,1-7,adjust,0.010798632991415475,0.0002040033781326566,0.0002674959286784423
144,6,1-7,adjust,0.001713121541908619,-2.052837903751946e-06,0.000448927196464469
144,9,1-8,adjust,-0.008685224107869562,-0.00015778099519313623,0.000736595216426112
145,2,1-4,adjust,0.009111824065786084,0.0001818272087068878,0.0011771759466249775
145,3,1-4,adjust,-0.01573413293217169,0.00019326180101884838,0.00029972956076864207
145,6,1-5,adjust,0.015710717488129706,0.00012950836792241917,0.0002299127645359963
145,7,1-5,adjust,0.010212914468629054,0.00014600416056946837,0.00048344301570052087
145,8,1-5,adjust,0.008543338274292997,0.0005078922172321739,9.520320771875924e-05
145,9,1-5,adjust,0.003040613742396276,0.000268825174765012,0.0003356128862921922
146,2,1-7,adjust,0.0004374384266172421,0.00012371469086460402,0.00028610081921500775
146,3,1-7,adjust,-0.026776581553780612,0.000493332426063126,0.0003243657346987129
146,4,1-7,adjust,0.00041384604559660776,0.00019064862241013108,9.117445763216478e-05
146,5,1-7,adjust,0.03140351067598514,-8.472038088386593e-05,0.0002660365910961055
146,6,1-7,adjust,0.012652163756912383,0.0001035511071994483,0.0005258011668327564
146,9,1-8,adjust,-0.0035629684863897316,-0.00029050347735193907,0.00010719634569973897
147,2,1-4,adjust,-0.013887199137588355,0.00026999707444907983,0.0008455475178698328
147,3,1-5,adjust,0.013874706479559176,7.592216439846497e-05,1.0226695921829334e-05
147,6,1-5,adjust,0.002165192391180218,5.0204583838238676e-05,0.0005855921990857977
147,7,1-5,adjust,0.03330098654837278,1.4955974104300999e-05,0.00039299345102303235
147,8,1-5,adjust,0.030145844417984093,0.00013365677534738055,0.0001725055818589861
147,9,1-5,adjust,0.001176482251292808,0.00048584125564681414,0.00018274596917034104
148,2,1-7,adjust,-0.018408900749290046,0.0003187342273775977,0.0004656010296060109
148,3,1-7,adjust,0.0117060271626975,-0.0002996636753941057,0.00028252479660544413
148,4,1-7,adjust,-0.03288702232873302,-0.00013765730790143746,0.00025915976653458414
148,5,1-7,adjust,0.010397800905364905,-0.0002665479268813499,0.00012890238402554546
148,6,1-7,adjust,0.021237454027222984,0.00010295715251344291,0.0007295352682211339
148,9,1-8,adjust,0.0017768280573320632,-0.00011243581610557312,0.0003800536579699253
149,2,1-4,adjust,0.0063576717960154095,-0.00020139051092127276,0.0002981580300001683
149,3,1-4,adjust,-0.02055540996512248,-0.00013389041949464346,0.00039232220058445656
149,6,1-5,adjust,-0.007400676582787166,-5.49432857475465e-05,0.0003918989636878461
149,7,1-5,adjust,-0.03232854082733394,0.00017689548904461784,0.00036577838556609926
149,8,1-5,adjust,-0.013446778387740105,0.00011713151588207165,0.00027391371999016556
149,9,1-5,adjust,0.005455230997963734,-6.11625850824493e-05,0.00014720330381267485
150,2,1-7,adjust,0.009187142636220273,2.729733935507742e-06,0.0004963786094628692
150,3,1-7,adjust,-0.04853998143204489,-9.21912235398222e-05,0.0008782420708657523
150,4,1-7,adjust,0.048162646152999936,0.0001853180523355634,0.00013033412029628448
150,5,1-7,adjust,-0.0466332214014346,0.0002661700027854966,0.00038020298204639587
150,6,1-7,adjust,-0.023960502281556603,-0.000277025608184733,0.00023260545632285172
150,9,1-8,adjust,-0.0047193868891131745,-0.0002503822832434289,0.001208201955648822
151,2,1-4,adjust,0.0009367872488967616,-6.743607318277151e-05,0.00046290293480275854
151,3,1-4,adjust,0.03795480180403606,-0.00011689291656310257,0.00046408087990618764
151,6,1-5,adjust,-0.011105059428718384,0.00020864280119674744,0.0005420062488280735
151,7,1-5,adjust,0.024029523503076265,-0.00027308028001434286,0.0004523208455197656
151,8,1-5,adjust,0.02023764919000045,1.685089569342875e-05,0.0003757780103216234
151,9,1-5,adjust,-0.0037285756331369574,9.467525145670235e-05,0.0004639447896085752
152,2,1-7,adjust,0.013917645254059747,-0.0004010672898687248,0.0005351399872428877
152,3,1-7,adjust,0.005502906969899739,-0.00025237386263727424,0.0006800079299680332
152,4,1-7,adjust,-0.016747674645453587,-0.0003322108530731082,0.0004482328675185277
152,5,1-7,adjust,0.022732027443187527,-0.00031197156079235404,0.000134280427366789
152,6,1-7,adjust,0.044965991078113554,0.0004274764363763254,8.631680366311584e-05
152,9,1-8,adjust,0.012839497739845898,-0.0001836900984461355,0.00024474360971807595
153,2,1-4,adjust,0.0017191728848481684,-0.00028617022200752714,0.0006736794147553798
153,3,1-4,adjust,0.01108243836265936,-0.0002446726774203551,0.0005180422246396283
153,6,1-5,adjust,-0.027463087376503395,-0.00011800186490204806,0.0002068336459759362
153,7,1-5,adjust,-0.0011806356802448604,1.1194665153044621e-07,0.0002567577147635536
153,8,1-5,adjust,-0.013914408543041473,-0.0004591594927364591,0.00015939718608520018
153,9,1-5,adjust,0.007252489646013156,0.0005814020425693056,0.0002881582036743271
154,2,1-7,adjust,-0.00775143759581544,0.00020164142759749028,0.0004276612842363338
154,3,1-7,adjust,-0.008897455023482251,0.00028931808274236157,4.364528358573676e-05
154,4,1-7,adjust,0.005485280521810517,0.00020082233419876892,0.0006225849793740235
154,5,1-7,adjust,-0.004905603427692993,-0.00040833548406154574,0.0003302606884820597
154,6,1-7,adjust,0.012447871936842287,0.0003997979741674006,0.0003925706565521902
154,9,1-8,adjust,-0.009545211351314647,-5.217909646061146e-05,0.0004223206552755378
155,2,1-4,adjust,-0.004769041613715504,0.0002846236725844085,0.00021450540998183888
155,3,1-4,adjust,0.004357347678039724,0.0002158174680994764,0.0004749235278795991
155,6,1-5,adjust,-0.018394458376060626,-0.0005093821712901992,0.0002032017336836404
155,7,1-4,adjust,-0.024903412605113744,0.0001937703402682729,3.726353103031672e-05
155,8,1-5,adjust,-0.01565791894227875,-0.0003353709775221287,0.00029377611389515545
155,9,1-5,adjust,-0.0009704620451880756,0.00022099760854246635,0.0001057433527778913
156,2,1-7,adjust,-0.01845382269162321,0.0004178605021729136,0.0005670037897395315
156,3,1-7,adjust,-0.005524441754976914,0.0005428716121715169,0.0006539211273904369
156,4,1-7,adjust,-0.02933598333047349,0.00022346231974634549,0.0008996861206828918
156,5,1-7,adjust,0.01445744497368287,-0.00015142382891307772,5.071805978526581e-05
156,6,1-7,adjust,0.01447372536192076,0.00043398479810686873,0.0002994046018860719
156,9,1-8,adjust,-0.01947095971133682,-0.00018391916107201353,0.0006592620211636263
157,2,1-4,adjust,0.02199411270934989,-0.0002830096652009357,6.947505764840716e-05
157,3,1-4,adjust,-0.006051656377020617,-8.881295011542818e-06,0.0013418912135722588
157,6,1-5,adjust,-0.0223055332761093,-0.000420285466596241,0.0005871689427944922
157,7,1-5,adjust,-0.010632427984929057,4.199302286603e-05,6.607410521540893e-05
157,8,1-5,adjust,0.006031335861421203,9.731049920913825e-05,0.000234955160886553
157,9,1-5,adjust,0.004476015406537082,-0.00023721900764535998,0.0008235294885236595
158,2,1-7,adjust,-0.0011612635447770456,0.00030360319449111717,0.0004986165819703309
158,3,1-7,adjust,0.003991896108601574,-0.00020113770471869152,0.00017986186652138288
158,4,1-7,adjust,-0.008665541689626202,0.00016151616614546263,0.0004324660301972021
158,5,1-7,adjust,0.02044035724972965,0.0004751066497089985,0.0002627625194506781
158,6,1-7,adjust,-0.0045325229077248135,-0.00018808813427112183,0.0010142361747745654
158,9,1-8,adjust,0.001697497076922375,-0.00031814169577151584,0.0006757801243123924
159,2,1-4,adjust,-0.018170117992394423,-1.2471229270940547e-05,0.0011699212218361761
159,3,1-4,adjust,-0.014741795018144519,-0.0005167588240510231,0.0008342276449915426
159,6,1-5,adjust,0.011537062170789895,0.0002482836988891314,0.0005254503741108164
159,7,1-5,adjust,-0.005602965415098844,-0.00022922389248918498,0.0005288099460270589
159,8,1-5,adjust,-0.005916414926459464,0.0003005309330408036,0.0005420480538072897
159,9,1-5,adjust,0.01612912220641306,0.000383278502034741,4.737356882782681e-06
160,2,1-7,adjust,-0.0011618571123401906,-7.924154784903949e-05,6.915521993465054e-05
160,3,1-7,adjust,-0.00787714058434473,0.00037533570029545517,0.0001521169364540412
160,4,1-7,adjust,-0.017002741778741087,-6.501266302316693e-05,0.0001876996411735694
160,5,1-7,adjust,0.004089310156662547,0.00013350182605870338,0.00023689195903641924
160,6,1-7,adjust,-0.017528146084803523,-2.602976191589316e-05,0.00046392986380190134
160,9,1-8,adjust,-0.0033978634258511166,-0.0006360255951261153,0.0004949476846388448
161,2,1-4,adjust,-0.0073591892094035235,0.00021274432708595127,0.000628042426843746
161,3,1-4,adjust,-0.0004007029698258417,0.0004638037345682532,0.0013225033111997845
161,6,1-5,adjust,0.015302095368509957,-0.00012113444833560647,0.00013923506238340094
161,7,1-5,adjust,0.025183611898975045,6.058635756179835e-05,0.00013707314302044386
161,8,1-5,adjust,0.0072108838079368055,7.691889991938208e-05,0.0003354121274682086
161,9,1-5,adjust,-0.001536927090256515,1.0531894678808438e-05,5.854861302972091e-05
162,2,1-7,adjust,0.0014183996817714272,0.00016974126269462747,0.00033033826179186543
162,3,1-7,adjust,0.023266496574819627,-0.00016407334141188144,5.4717974344416453e-05
162,4,1-7,adjust,0.022334642188940452,-0.0003805690405327269,0.00011462653490219834
162,5,1-7,adjust,-0.0062050736337518194,7.71854220923383e-05,8.627543758768157e-05
162,6,1-7,adjust,0.013534393589470317,0.0002704689377746371,0.0002909862961590406
162,9,1-8,adjust,-0.000992980362189681,-0.00011929811676154555,0.0013456384111961324
163,2,1-4,adjust,0.014622803712657565,9.984488499197485e-05,0.0001221476171370621
163,3,1-4,adjust,-0.008651241292729091,-0.00013140316333806198,0.00013975030842111158
163,6,1-5,adjust,0.01910971951320592,-0.0003218085522032537,0.000625523871831951
163,7,1-4,adjust,-0.0039201247844063885,-0.0003363572244564954,2.7911406249335e-05
163,8,1-5,adjust,0.02806832400405061,0.00018291082537605713,0.0004561627540733699
163,9,1-5,adjust,-0.0050966187992229454,0.0009157683216173525,0.00035989231826759295
164,2,1-7,adjust,-0.010451707697296966,-0.0006152021271423519,0.0004632274324112571
164,3,1-7,adjust,0.020987929606473662,-0.00022288522202372374,0.00034063799318913556
164,4,1-7,adjust,0.024336359963691646,0.00014252316392248816,0.0003999097890791942
164,5,1-7,adjust,-0.0034986243492046588,-9.314815195916187e-05,0.00016361436272432613
164,6,1-7,adjust,-0.009457390222111025,0.00012291614404657132,0.00016794358472406007
164,9,1-8,adjust,0.0076443084625634735,-0.0002431848423950286,0.0007560644079637034
165,2,1-4,adjust,0.01610102211866233,-4.7706077057514605e-05,4.841184787298986e-06
165,3,1-4,adjust,-0.002788045031880549,-0.0003775357875042424,0.0002965498215230928
165,6,1-5,adjust,0.009127268562288834,0.0002810224140136473,0.00034578160287392236
165,7,1-5,adjust,0.012592171110038778,0.00037540380806284614,0.00034954513254093004
165,8,1-5,adjust,-0.02232885261923608,-0.00012749901233126404,0.00038865665572996493
165,9,1-5,adjust,0.0011300516785426112,0.00019070424277497637,0.0007428797870559346
166,2,1-7,adjust,-0.006870783172254217,0.0004001391057340084,0.00043059585474393045
166,3,1-7,adjust,0.010256844731051562,-0.00031296182298965527,1.5325502407933851e-06
166,4,1-7,adjust,-0.013345856254925872,0.00011547985890844293,7.979761605123691e-06
166,5,1-7,adjust,0.01675086606117282,-0.00013329867917794724,0.0007373308584133785
166,6,1-7,adjust,0.0006077403533369465,-0.00011133160272903611,0.0005433258915997822
166,9,1-8,adjust,-0.007612427036213204,-2.8607567377742068e-05,0.001305323131127411
167,2,1-4,adjust,-0.0034584173038067724,0.00019444781199412907,0.00023164213193902056
167,3,1-4,adjust,-0.016633013308530273,8.867969489941564e-06,0.0007824190229344543
167,6,1-5,adjust,-0.009608911059301643,7.01237047651176e-05,0.00021805237901099904
167,7,1-5,adjust,-0.011794308514489042,0.0002672690282155894,0.0006389587755460586
167,8,1-5,adjust,0.011568131207879388,-0.0003862250793576263,0.0012074602179636
167,9,1-5,adjust,-0.004113204556944661,5.650898252154071e-06,0.00012987959846405534
168,2,1-7,adjust,-0.01137704245576026,0.00016410805861526354,0.0007442266117813652
168,3,1-7,adjust,-0.04846624248279144,0.00047152727960926116,0.0007039031025655161
168,4,1-7,adjust,0.0054198327474581365,-0.00017474971655549894,0.0005840888979546574
168,5,1-7,adjust,-0.02943613798863509,-0.00021118954636623773,0.00040691526126077673
168,6,1-7,adjust,-0.016967802930780356,-0.0005393339275114472,0.0008371379660618955
168,9,1-8,adjust,0.0038577422579430206,0.00018923116676684569,0.0006743684795132635
169,2,1-4,adjust,-0.0027791809793312485,-0.0004925094251703991,0.00013959370996508849
169,3,1-4,adjust,0.02333656616085311,-9.859178205466862e-05,0.0005381833543530483
169,6,1-5,adjust,-0.01700149013702134,0.0003362573287610527,0.0004418232094390533
169,7,1-4,adjust,-0.004583731279989205,-0.00023121691825630567,7.90476832972312e-05
169,8,1-5,adjust,0.005846751928797755,-0.00010789911572999313,0.001172993561217436
169,9,1-5,adjust,-0.007406458842428477,-0.00043387019703064185,0.0008717077164872673
170,2,1-7,adjust,0.011192474580923801,0.00015482807545061605,0.00033942889480882086
170,3,1-7,adjust,0.01746915673001202,0.00016117028343584468,0.0006438835782817962
170,4,1-7,adjust,-0.01998920015406031,-5.035946738478312e-05,0.0006253035343661164
170,5,1-7,adjust,8.685798832099419e-05,0.00011023554943358563,0.0003820927177628029
170,6,1-7,adjust,0.01166770126655923,-0.00016801487210582334,0.00013989495725605957
170,9,1-8,adjust,0.0023087037729808105,-0.00022148818016696735,0.0006412817249195316
171,2,1-4,adjust,0.0003773578158787774,0.00014001417659038413,0.00035410937649278104
171,3,1-4,adjust,-0.0033639716048175735,-0.000156250994801022,0.0002101731123285371
171,6,1-5,adjust,0.01587694315451014,-0.00024058501438233067,0.0001319193544564074
171,7,1-5,adjust,0.02294914648926428,-0.0004167389531509242,0.00020045296074997832
171,8,1-5,adjust,-0.006251750724647458,0.00013544504305483657,0.0002877765278252221
171,9,1-5,adjust,-0.011574014581521639,0.00018870546159874128,8.955431330942985e-05
172,2,1-7,adjust,0.013527711016092734,-0.00046080914461637564,0.00028766272327665363
172,3,1-7,adjust,0.01307075614575296,6.802119529376277e-05,0.0002991322149795775
172,4,1-7,adjust,0.04961408536221414,-0.0005521838057661384,0.0005686701706533279
172,5,1-7,adjust,0.05002467890295416,0.00023752928476957077,0.00021612287508205466
172,6,1-7,adjust,0.004755729870656308,5.923616840092157e-06,0.00017955909014149012
172,9,1-8,adjust,0.004902630685678018,-5.3941437360528704e-05,0.0009107380533228179
173,2,1-4,adjust,-0.00834133547517908,-3.688292914149119e-05,0.00017699782593113466
173,3,1-4,adjust,0.01744464998244931,9.305709015326632e-05,0.00047944743394394103
173,6,1-5,adjust,0.01723310087056384,0.000436092669660267,0.001038146251381315
173,7,1-5,adjust,0.01812655200359626,0.00023931132430546356,0.0011802780391073605
173,8,1-5,adjust,-0.008852326128170582,0.0007606515883644991,0.000489776075445715
173,9,1-5,adjust,0.01547173634870135,0.0004406499324207773,0.0003354463694981243
174,2,1-7,adjust,0.014142040788763426,3.7317272675860585e-05,0.00017433024730479534
174,3,1-7,adjust,-0.007933856463170455,2.582138856734926e-05,0.0009296347175094173
174,4,1-7,adjust,-0.004304046549239255,-2.4496125956217563e-05,0.0012830850301251571
174,5,1-7,adjust,-0.02037153148978069,-0.00010397657978660353,0.0006736330395997936
174,6,1-7,adjust,0.0207061600031942,1.908408889368788e-05,0.0011911462562848691
174,9,1-8,adjust,0.00047000920114091227,-7.841828444181788e-05,0.00013220089346199505
175,2,1-4,adjust,0.004703435570746568,-0.00011725503893697601,0.0003719524102389958
175,3,1-4,adjust,0.01768465243444565,-0.00038349481761026043,0.0005770809096210765
175,6,1-5,adjust,-0.014776165077231581,4.577548680082918e-05,0.00048258242434895697
175,7,1-5,adjust,-0.02379948235799745,2.213098691961316e-05,0.0003739966528126679
175,8,1-5,adjust,0.022955957369748415,-0.00033829780461104125,0.0012065179267257416
175,9,1-5,adjust,0.0017433722661920887,-0.0001904601285319088,0.00026233828634435484
176,2,1-7,adjust,-0.002894758794004425,0.000250295182912805,0.0004774421734490592
176,3,1-7,adjust,0.0047594073012946405,0.00017802091787557273,3.698739971480668e-05
176,4,1-7,adjust,0.022873694861037186,0.0003206175559957906,0.0005579842240853043
176,5,1-7,adjust,-0.03247786033257709,0.00033058609226826715,0.00045756917462294995
176,6,1-7,adjust,-0.010382941300914456,5.194979240403505e-06,4.788726154355174e-05
176,9,1-8,adjust,-0.003977627924085731,0.0001836816428125129,0.0005078469341433912
177,2,1-4,adjust,0.006588271635389706,-0.00025296793412258976,0.000740297473191981
177,3,1-4,adjust,-0.004413064496269204,-0.00031868126906550465,0.0005900341871607121
177,6,1-5,adjust,0.01502408573099158,-0.00043357278990747067,1.059301580077657e-05
177,7,1-5,adjust,-0.01603672434028086,2.5791539536358642e-05,0.0003205172491411787
177,8,1-5,adjust,0.011112590013732467,7.972694842058578e-05,0.00040159103117507394
177,9,1-5,adjust,0.009774237875931858,0.00013055511520713246,4.078187916673423e-05
178,2,1-7,adjust,0.0001240455118218758,-0.00029235789290442675,0.00071532506713709
178,3,1-7,adjust,0.006561943274643211,0.0001318162532961812,0.0004593260278663708
178,4,1-7,adjust,-0.04363969629573485,7.303878029895453e-05,2.410014145684326e-05
178,5,1-7,adjust,0.011487090183836868,-0.00013313497045845782,0.0007220755448208613
178,6,1-7,adjust,-0.030406413276660927,3.537371367799405e-05,0.00014788697824549097
178,9,1-8,adjust,-0.007133133460456927,-0.00038335101948089767,0.0006166265263516693
179,2,1-4,adjust,-0.003953184454501648,0.00035752625563148293,0.00045020476228117953
179,3,1-4,adjust,-0.017639845513995972,-1.135319402171527e-05,0.0004526945649087805
179,6,1-5,adjust,0.0033047876131539573,1.3177199092771184e-05,4.568486437777573e-05
179,7,1-5,adjust,0.033262592252383344,7.257659005711347e-06,0.0005465283732601472
179,8,1-5,adjust,-0.004532808382897959,1.754736302053141e-05,0.00021690137185841543
179,9,1-5,adjust,-0.008626299262570403,-0.00010955741664148162,0.00032754469532450775
180,2,1-7,adjust,-0.0020407840091177716,-0.0003890163158719362,0.00045779289460798497
180,3,1-7,adjust,-0.0064330726586053,0.00010916875323708725,0.0005272236452482968
180,4,1-7,adjust,0.0031249896773708785,-1.4604578655263286e-05,5.219741075369119e-05
180,5,1-7,adjust,-0.012754335050767599,0.0004195180436081923,0.00020028391655075055
180,6,1-7,adjust,0.022946542009164905,-0.00017421736019563203,0.0005010371277584317
180,9,1-8,adjust,0.0136440846555068,0.00014998818354311616,8.453660943787411e-05
181,2,1-4,adjust,-0.003969939476120718,0.0001556538576352749,0.0010470632262559619
181,3,1-4,adjust,-0.0053017709798496146,-0.000338282398254514,0.0005201491610072079
181,6,1-5,adjust,-0.016596586152516222,0.00018070753705682645,0.0001243022024993291
181,7,1-5,adjust,-0.024794433824659318,-9.235383619460718e-05,7.188041128908609e-05
181,8,1-5,adjust,0.005304704544922576,0.00025296866734376907,0.0003197050604944787
181,9,1-5,adjust,-0.003996079946398645,0.00013521315055282048,0.0005750964165077153
182,2,1-7,adjust,-0.006554124305185399,-5.80713657601754e-05,0.0010100270938377864
182,3,1-7,adjust,0.018666163172826912,0.00043165106543887146,0.00020185544047485532
182,4,1-7,adjust,0.006567991661693097,-7.81959573524275e-05,0.00028112273097000596
182,5,1-7,adjust,-0.004414809258870988,-0.0005069351344191395,0.0007356751221120456
182,6,1-7,adjust,-0.004158673918966071,-6.888530188958435e-05,0.00039881291105223275
182,9,1-8,adjust,0.012462881513052169,0.0004390823865072333,0.0008288220727625559
183,2,1-4,adjust,0.00488247622206521,-5.704532787386649e-05,0.0010364393927783308
183,3,1-4,adjust,-0.008379554876974463,0.00014198821631564114,7.783639485714875e-05
183,6,1-5,adjust,-0.014033389352945574,3.9547211035439055e-05,0.00031114279409048053
183,7,1-5,adjust,-0.011402171672108434,0.0003388489218044223,0.0004281635047594807
183,8,1-5,adjust,-0.037266585703630534,-0.0003467378506629107,0.0008168076143392411
183,9,1-5,adjust,-0.0033355783972009658,-0.00022846064270091765,0.0005423436217239545
184,2,1-7,adjust,0.004955009341159514,-0.00014698436039048757,0.000475442682575366
184,3,1-7,adjust,0.04834195297160704,0.00015332296284733407,2.7268924187304428e-05
184,4,1-7,adjust,0.00675114760980315,2.182802139570536e-05,9.242304850476185e-05
184,5,1-7,adjust,-0.011311958332155463,0.00014452165900418805,0.00014801073245207058
184,6,1-7,adjust,-0.00523623961101715,0.0003285478957488874,0.0001012673423384891
184,9,1-8,adjust,-0.008955331038879098,-9.285297641181843e-05,0.0009032703546042486
185,2,1-4,adjust,-0.008906813264121268,0.0005258330205926399,0.00020482329963036699
185,3,1-4,adjust,-0.014989547174655312,5.529413859354224e-06,0.0005043744219501054
185,6,1-5,adjust,-0.002989276225870858,-0.00016004914637655795,0.00039846579191606395
185,7,1-4,adjust,0.015191955224507005,-0.00043409694528622194,1.164123283536552e-05
185,8,1-5,adjust,0.02929325148049367,-0.00010250669565796711,0.00023272369531027694
185,9,1-5,adjust,0.008332374764393758,-0.0001318749747298343,6.913558309550346e-06
186,2,1-7,adjust,-0.018282487528188347,0.0005303137773323683,0.0002848604949507105
186,3,1-7,adjust,-0.02070671251849171,0.0003898304274150374,0.00010527703643764799
186,4,1-7,adjust,0.0035041344496592216,-0.00014949174674921977,0.00021721301431663656
186,5,1-7,adjust,-0.004221990630774061,-0.0005088761175985625,0.0002026087683557898
186,6,1-7,adjust,0.006510440108482007,-6.973093855885102e-05,0.00016520688121868262
186,9,1-8,adjust,0.005528626339392524,0.000148958717293432,0.0008018793615284818
187,2,1-4,adjust,0.009555916460397012,-0.0007404934405492402,0.00032946814470991085
187,3,1-4,adjust,0.0016632675948833992,-0.00033930655662599453,0.00018078974280963896
187,6,1-5,adjust,-0.013607093621610784,1.0089920560959761e-05,0.0006898529947725072
187,7,1-5,adjust,-0.023658757928474213,0.00010502426303176582,0.00038097691836308517
187,8,1-5,adjust,-0.012697426905172848,-0.00010033268886130501,0.00018802765344248863
187,9,1-5,adjust,-0.006109161851987467,-0.000180597558596146,0.00042519777076515633
188,2,1-7,adjust,-0.011476305797054638,0.00034097250749208426,3.928733410012141e-05
188,3,1-7,adjust,-0.03560623254763108,-0.00010136963820993364,0.0002639578763185634
188,4,1-7,adjust,-0.0378920446628247,-5.424325935432785e-05,0.0008503780711399802
188,5,1-7,adjust,0.004820928899008629,-6.831344346841316e-05,0.0004950136252291661
188,6,1-7,adjust,0.005198576229887913,0.00011976182852802435,0.0002167783267745009
188,9,1-8,adjust,-0.006741293067159963,2.319088368110634e-05,0.00017520443015912643
189,2,1-4,adjust,0.012028912281648476,-3.7972382784985385e-05,0.00017741086667756638
189,3,1-4,adjust,0.01810024143411406,0.0001805383378732619,0.0009633883654245249
189,6,1-5,adjust,-0.01016780150174561,8.053677525693072e-05,0.00039840691051109194
189,7,1-5,adjust,-0.025757596321318278,-7.301965476695862e-05,0.00013244723779071884
189,8,1-5,adjust,-0.018005202501357186,0.00014544807106251645,0.0003781117897939124
189,9,1-5,adjust,-0.01555432317279876,-0.0002478261203361981,0.0006103959214125464
190,2,1-7,adjust,-0.001650793244953057,1.6910163320815445e-05,0.00028117932849043147
190,3,1-7,adjust,-0.024159985371329823,-0.00024158968222491126,7.657556512729377e-05
190,4,1-7,adjust,0.0021838760340201005,0.00023929150967679045,0.00034761457848975447
190,5,1-7,adjust,-0.016418214291795727,-0.00011027809747173926,0.0003398342443573849
190,6,1-7,adjust,-0.007069656694137694,-0.00030975158355904737,1.7137535518626367e-05
190,9,1-8,adjust,-0.007728182099866669,4.5187248776903266e-05,0.00035659305494253196
191,2,1-4,adjust,0.002586916901889782,-6.590884083577791e-05,0.0004005765685870106
191,3,1-4,adjust,0.011085414633467862,7.324668549540097e-05,0.0002435741361202296
191,6,1-5,adjust,-0.00861608217648809,2.841815159428154e-05,0.0004123393696730147
191,7,1-5,adjust,-0.007424953987623895,-0.00038385737625654765,0.0006079702556423884
191,8,1-5,adjust,0.001285792800774679,0.00016167662178955135,0.00019006961166080882
191,9,1-5,adjust,0.01566556834822931,-0.00010901794564330783,4.171979694222563e-05
192,2,1-7,adjust,0.023872570498453302,-0.000556421869555656,0.0003293891383663265
192,3,1-7,adjust,0.03254781647768231,-0.00034986640692283717,0.0004880624703032314
192,4,1-7,adjust,0.0063372626930472305,1.4797281390506293e-05,0.000692828688854095
192,5,1-7,adjust,0.046850684257160484,0.0005337141689037937,6.538375437889482e-05
192,6,1-7,adjust,-0.007596768441303223,0.00010506770929077474,8.382797009897176e-05
192,9,1-8,adjust,0.010397942970736483,-0.00010423541217955302,0.0005603409149810226
193,2,1-4,adjust,-0.016445386518610085,0.00032502500724969173,2.985434172067749e-05
193,3,1-4,adjust,-0.009096336277346786,0.0003335194681551184,7.719111081154246e-05
193,6,1-5,adjust,0.036410652875678864,-0.0003277108726646926,6.831282971896635e-05
193,7,1-5,adjust,0.03294999457175828,0.00013964534471259425,0.0009009898083553395
193,8,1-5,adjust,0.01933641836807874,-5.8471807910275765e-05,2.5594963456812106e-05
193,9,1-5,adjust,-0.011390661482033684,-8.334666384862849e-05,0.00017463335638974692
194,2,1-7,adjust,0.007420979755066246,-0.00028579576231105004,0.0005314104753353208
194,3,1-7,adjust,0.015607842992834449,-8.51857356874634e-05,0.00035243596493942357
194,4,1-7,adjust,0.004239720871933483,-0.0004477819415896652,0.0004472700416313646
194,5,1-7,adjust,0.00035389370484575786,-9.907162014184683e-06,6.760989040160531e-06
194,6,1-7,adjust,0.0123539190074031,0.00030548237286715354,0.0001529837085188465
194,9,1-8,adjust,0.008247706510686648,0.0001761331139382576,0.00037474143505543644
195,2,1-4,adjust,0.002683961386813187,0.00037304720819629706,0.0005710569132371426
195,3,1-5,adjust,-0.014580769197110825,-0.0002709225734602773,7.112769431926327e-05
195,6,1-5,adjust,0.015801435285748944,-4.8789068039834966e-05,0.00030568349230559614
195,7,1-5,adjust,0.008945319392933753,-5.15049364546665e-05,0.00036367460981639907
195,8,1-5,adjust,0.011786430704058867,-0.0003059407524749488,0.0002378272094779961
195,9,1-5,adjust,0.002251494851590844,0.00029365294166426695,0.0011452554468458541
196,2,1-7,adjust,-0.015113209645308883,0.0003103043154564062,0.00020800549338798667
196,3,1-7,adjust,0.02263550196963935,8.089051395410565e-05,0.0002669997008146123
196,4,1-7,adjust,-0.0005191708696753192,0.00010506831735966722,8.295442014676969e-05
196,5,1-7,adjust,0.01625624679810031,4.465319849603457e-06,9.444652799997492e-05
196,6,1-7,adjust,0.0019272326317569663,0.000343896766928048,0.0003209417905874697
196,9,1-8,adjust,0.0001288048025953345,-9.940988214766707e-05,0.0004320917467629613
197,2,1-4,adjust,0.005781383511227222,2.0324670902015506e-05,0.00016309272360474016
197,3,1-4,adjust,-0.012273700039530223,0.0002649732921147616,0.000152327174217349
197,6,1-5,adjust,0.00995523929593678,-0.00022688495156015568,0.0006807063446637219
197,7,1-5,adjust,-0.008970505003635863,0.0006642365949822252,0.0003921789314251749
197,8,1-5,adjust,0.007659782237199545,0.00041487145599403553,0.00022371130572910262
197,9,1-5,adjust,0.0004772517764890768,6.075653035272119e-05,0.0001927867032287329
198,2,1-7,adjust,-0.01234640590168333,0.0001235390827700664,0.0005045750511771084
198,3,1-7,adjust,0.013951490105626189,5.836508125490811e-05,4.1031852579129285e-05
198,4,1-7,adjust,-0.022354649457683957,0.0005571466393451931,0.00031832202768235544
198,5,1-7,adjust,-0.035937546736728804,-9.543205719443714e-05,3.754988138655269e-05
198,6,1-7,adjust,-0.03776629966693242,-0.0003061959178737496,4.459687966808543e-05
198,9,1-8,adjust,0.0035348230689467718,-0.00011903706450551648,0.0003763180967446125
199,2,1-4,adjust,0.008213123740127268,7.306147434282543e-05,0.000262609006911908
199,3,1-5,adjust,-0.029892244827373213,0.00021036639380248771,3.312705933147941e-05
199,6,1-5,adjust,0.01218290112244522,0.00011332242182724659,0.0004433028876161012
199,7,1-5,adjust,-0.010995959999333496,0.00017308101633940978,0.0001463465246839026
199,8,1-5,adjust,-0.004242201735634219,0.0002830436472355185,0.00040510640587699534
199,9,1-5,adjust,-0.01015251850313595,-0.00011118396323378867,0.0006263133010464489
200,2,1-7,adjust,-0.001975343303669643,0.00011612093655009252,0.0002955198961080787
200,3,1-7,adjust,-0.04154527196973295,3.986966589343747e-05,0.00014000443210344354
200,4,1-7,adjust,0.029892720756506102,0.0002678241914463216,0.00041685504681346873
200,5,1-7,adjust,0.008130775144907837,0.0003649380862156712,5.323296232317645e-05
200,6,1-7,adjust,-0.027599396735158637,-0.00016560673805240015,0.0001526190047382513
200,9,1-8,adjust,0.010557609393063628,0.00037995468285460603,8.346346842387016e-05
201,2,1-4,adjust,-0.007300976483860662,-0.00016328217868387038,0.0004964705741354892
201,3,1-4,adjust,0.02601199197981911,2.8850006153306468e-05,0.00029464634283019275
201,6,1-5,adjust,0.018983242015221665,-0.00017831621327928082,0.0006976031385826444
201,7,1-5,adjust,0.014013517987523953,7.209518596294295e-05,0.0005387943718473591
201,8,1-5,adjust,0.00653929187643094,-0.0003125857222004608,0.0002654803679114262
201,9,1-5,adjust,-0.010189932243741269,-0.00015622067493634636,3.543093527313643e-05
202,2,1-7,adjust,-0.01938165105456317,0.0006211980688398399,0.0005030656095110931
202,3,1-7,adjust,0.009027638745294058,0.00026817217349085174,0.00013991442438373417
202,4,1-7,adjust,0.037571622109174134,0.0001950993636809327,4.8739105797443325e-05
202,5,1-7,adjust,-0.02698829117538999,-0.0002507276887469041,0.00019668921342990708
202,6,1-7,adjust,-0.0066675950879821555,0.0005151375993248941,0.00016743562653420439
202,9,1-8,adjust,0.006608029234401793,0.00030314285298440615,2.6290378098896932e-05
203,2,1-4,adjust,0.011525871825535081,-0.0009520944831271267,7.478469741205738e-05
203,3,1-4,adjust,0.0039007141161386738,-0.0004276999259188543,0.0008910995034774152
203,6,1-5,adjust,-0.0031709451596649376,0.0003444302458681926,0.0006918118296199628
203,7,1-5,adjust,0.0018259865666228816,-9.987505187795769e-05,0.000485216853220348
203,8,1-5,adjust,-0.01051209277803512,-6.150941679347266e-05,0.0002516164035763875
203,9,1-5,adjust,-0.00791432556070981,-0.00047644952819606386,0.0007152728650272148
204,2,1-7,adjust,0.008848778916185044,-0.00018060546177762265,0.0004505627791914229
204,3,1-7,adjust,-0.022983380692874936,6.189544609278489e-05,0.0007814569594455893
204,4,1-7,adjust,-0.04894081132806866,0.00017996394078526962,0.00031230273666363534
204,5,1-7,adjust,0.026099928832092206,0.0003889779173470936,0.00014185797584625516
204,6,1-7,adjust,-0.010189014274460438,-0.0001758903439353119,3.33692651637175e-05
204,9,1-8,adjust,0.0023592399775053427,0.00046328838804881033,0.0006607042310683321
205,2,1-4,adjust,-0.0018964282644392458,0.0003615810813748624,0.00020755082754061107
205,3,1-4,adjust,-0.00195548803147385,-0.00010599369635894948,0.0004907230668009899
205,6,1-5,adjust,0.018083514087166984,-4.5412744952367566e-05,0.0001493887306665034
205,7,1-5,adjust,-0.003606617381639968,-6.655040325654863e-05,0.000851841704941981
205,8,1-5,adjust,0.007073201138868933,3.201443013761068e-05,0.0008640587792788757
205,9,1-5,adjust,0.011457734209506363,-5.333671517047648e-06,7.596775735206408e-05
206,2,1-7,adjust,0.005739170518609887,0.00012882146017125526,0.000909684157436712
206,3,1-7,adjust,0.0022974905495603834,0.0003180091947489772,0.0003302677580438598
206,4,1-7,adjust,-0.0021996314961968797,-0.00038407637443178615,0.00015352579101804713
206,5,1-7,adjust,-0.0161949162973942,6.302449626576204e-05,0.0003433742083306083
206,6,1-7,adjust,-0.0032489992516008225,0.00011592485060254979,0.00029430298764202315
206,9,1-8,adjust,0.005828467897344392,-0.00021402291118674326,0.00011027407372264069
207,2,1-4,adjust,0.004350817448270627,-0.00016079714411881992,0.00011700194147507206
207,3,1-4,adjust,0.010503618429873997,0.0001850462899150419,0.000680068097285636
207,6,1-5,adjust,0.0006310967509603343,0.0004966733204925712,0.00017845780302753133
207,7,1-5,adjust,0.006510123896416914,-8.930306956058873e-05,0.00019489905983135
207,8,1-5,adjust,0.003486554231582256,-6.13483484538036e-05,0.0001190731396875292
207,9,1-5,adjust,0.003737688858728364,0.00034242614453281107,0.0006392386232853078
208,2,1-7,adjust,-0.018892763815889727,0.00029518345555431944,0.0003503029616263223
208,3,1-7,adjust,-0.052655490122762674,-0.000423623694476112,0.00024323727968437257
208,4,1-7,adjust,0.03628410862828436,-0.0003708021792942228,0.0006194564612383101
208,5,1-7,adjust,-0.02029963180258882,-2.2913540649935326e-05,0.0005075505098249741
208,6,1-7,adjust,-0.010514863000826343,3.2766630055482855e-05,0.0009178283804435683
208,9,1-8,adjust,-0.0013685031901713776,0.00014686404221923329,0.0008446908293372811
209,2,1-4,adjust,0.012476606617395691,-0.00043742749107029093,0.0007856315696536189
209,3,1-4,adjust,0.03982827710786215,-0.00019115640424084056,0.0013453982548031376
209,6,1-5,adjust,0.0027917069635227942,-0.00026706395571408274,0.000722807488678366
209,7,1-4,adjust,0.003663973127042887,0.00015311076812570516,5.900910253489878e-05
209,8,1-5,adjust,-0.012835215730537206,0.0005899088260011531,0.00037291753079665127
209,9,1-5,adjust,-0.017416560131326492,-0.0004543859073760484,0.00028529477569364735
210,2,1-7,adjust,-0.01146378004713508,0.00038992115521689993,0.0011510294449600554
210,3,1-7,adjust,-0.0028162322711109437,0.00044499641883452123,0.0002241729612888072
210,4,1-7,adjust,-0.051210850694341996,0.00010229947187917979,0.0005509379674634942
210,5,1-7,adjust,0.011824971559964518,-0.00012394558478159243,0.0005661457602653906
210,6,1-7,adjust,-0.007477555908712245,-0.0004809409397247582,0.0005095355033902558
210,9,1-8,adjust,0.011409094910336376,0.0006064963183951193,0.0008012178832482854
211,2,1-4,adjust,0.01264764559521579,-0.00026171549390001744,9.862718486154971e-05
211,3,1-4,adjust,-0.0007301860519727832,-4.258139303827326e-05,0.0003517473156927853
211,6,1-5,adjust,-0.012575206984479531,0.0001730618065240221,0.0003026095044454078
211,7,1-5,adjust,0.0012305800502796869,-9.146679755949986e-05,0.00024560626468201556
211,8,1-5,adjust,-0.011038740003295371,-0.0006935690161071856,3.430130411836958e-05
211,9,1-5,adjust,-0.008104899448230979,-0.0006681031582884095,0.00036188086353429997
212,2,1-7,adjust,-0.012408059906555535,4.623614702290646e-05,0.00028450348875036025
212,3,1-7,adjust,0.016794391430266092,-0.00021291421138504911,0.0001179680183152289
212,4,1-7,adjust,-0.02352896937103467,-0.00042998343403025585,0.00027716602309476576
212,5,1-7,adjust,-0.006719520617888103,-0.00013201845911614028,0.0013183094607577969
212,6,1-7,adjust,0.024348800581733422,0.00021302082984740747,0.00028290725254061065
212,9,1-8,adjust,-0.0006387302628856982,-0.00020597351934943884,0.00034432920759788467
213,2,1-4,adjust,0.00019359433290601455,0.00023658525080430805,1.8795815602111085e-05
213,3,1-5,adjust,-0.022970485136455627,-0.0004752869308157968,2.3856335827960967e-05
213,6,1-5,adjust,-0.005102722374423952,-0.00038090665302554084,0.0005762770842775892
213,7,1-5,adjust,8.400962844958659e-05,-0.0002261074977115849,0.0005764006755848396
213,8,1-5,adjust,-0.014169065430736776,0.00018242540916678482,4.664843085365134e-05
213,9,1-5,adjust,0.0026028581545245737,0.00039009997461478984,0.00031167357894530706
214,2,1-7,adjust,-4.4175299904713385e-05,-9.9643737424999e-05,8.257224384388537e-05
214,3,1-7,adjust,0.04828928467907688,-0.00021651745967836558,0.00019638509456521553
214,4,1-7,adjust,0.01642045576953374,0.00024977426066090575,0.0005170520354119868
214,5,1-7,adjust,0.031760088121968275,-0.00038700147826106193,0.0006923500214715596
214,6,1-7,adjust,-0.010097166462649696,-0.00030769374820319265,0.0006680518741841259
214,9,1-8,adjust,-0.002240452096676722,0.00024764129609023734,0.0005308263410511812
215,2,1-4,adjust,0.006719307107755538,-5.707921707419567e-05,0.0004654209443058385
215,3,1-4,adjust,-0.01496535801863118,-7.777086901253975e-05,0.00012421978265638175
215,6,1-5,adjust,0.021644186698961714,0.0001387982703348443,0.0004377278193101479
215,7,1-5,adjust,-0.0030378935204770515,-8.238172447562426e-06,0.0002456343082337676
215,8,1-5,adjust,-0.02281565360015574,-0.00011240679693219753,0.0002386373408133723
215,9,1-5,adjust,-0.014164975671028536,-0.0006753140906096472,0.0001530058577187107
216,2,1-7,adjust,0.010115955819802158,-0.0002996916871044861,0.0002083973566750956
216,3,1-7,adjust,-0.015137430677106798,0.000576216323180688,5.6583931678352425e-05
216,4,1-7,adjust,0.01530473799897762,0.00023474511213760938,0.0005105290790074285
216,5,1-7,adjust,0.02186237060289993,-2.3104695353452055e-05,0.0005720591732675865
216,6,1-7,adjust,0.0007073434910651863,-0.00030453308469479036,0.0009721510371668554
216,9,1-8,adjust,0.0007217688058401559,-7.483662720114459e-05,0.0005946048424496681
217,2,1-4,adjust,-0.001770986404069544,8.182832947657759e-05,0.00047597664039596024
217,3,1-4,adjust,0.005817985924850227,-0.0002903610571874891,0.0009078104628572913
217,6,1-5,adjust,0.01093102736085829,0.0003941636831357384,0.0006030729720161608
217,7,1-5,adjust,0.006197125319769586,0.00019335084299696163,8.346291000399912e-05
217,8,1-5,adjust,0.02998477373121518,0.00016748397230475145,0.0005343260406093737
217,9,1-5,adjust,-0.007797174455268631,-0.00034049476377940544,0.00024394770149398695
218,2,1-7,adjust,-0.0013735955613082165,-7.978183052040129e-05,0.00026050645881264264
218,3,1-7,adjust,-0.01632963699829923,0.000528358914187146,0.00027087430474084724
218,4,1-7,adjust,0.035402168666805206,0.0005100791111550869,0.0002578997259576079
218,5,1-7,adjust,-0.01440707180846689,0.00031958065369427295,0.0001358337178815788
218,6,1-7,adjust,-0.006090091666586174,5.0750125586239894e-05,0.0004003608237063748
218,9,1-8,adjust,0.009143006655516843,-0.00012166275913101352,0.000617270063472689
219,2,1-4,adjust,-0.004140374536494683,0.00019269254497744629,0.0004189257953556681
219,3,1-4,adjust,0.0030221411872164176,-0.0005100211984483834,0.0003023064082106224
219,6,1-5,adjust,0.0030318610615089926,0.00011225528990707898,0.0006661609313359369
219,7,1-5,adjust,0.01807590013481289,7.0744181156103585e-06,0.0006291183779695608
219,8,1-5,adjust,-0.007917723508310421,0.0003741817751035659,0.00017282303039315336
219,9,1-5,adjust,0.011086205056646627,0.00044105038536684674,0.00013509734543639218
220,2,1-7,adjust,-0.00983316377084256,-0.00010689093636266919,0.00022863533130826807
220,3,1-7,adjust,0.03851530436613828,0.0002204034177934993,0.00011310569667566595
220,4,1-7,adjust,-0.019689004977597815,-0.0008591073641540248,0.0004889092277829488
220,5,1-7,adjust,-0.03448867898500107,-7.564729468232564e-05,0.00038217640638707495
220,6,1-7,adjust,0.001209686565082527,-0.00010927004553197095,0.0002979267891268917
220,9,1-8,adjust,-0.0029256682791346557,0.0005022625838998335,0.0001300099024278502
221,2,1-4,adjust,0.0073591415872876625,-0.00023286471757780888,0.00018088136161187654
221,3,1-4,adjust,-0.008943772114036137,-0.00020456407589928075,0.0010810523585749606
221,6,1-5,adjust,-0.01718662037703248,2.2631123546942344e-05,0.00013128596941010783
221,7,1-5,adjust,-0.01768373848445296,6.0660149146607396e-05,0.0004891045479988518
221,8,1-5,adjust,0.0048144203484429314,-5.795390169979009e-05,0.0008475217906237643
221,9,1-5,adjust,0.010486951171298423,-0.00022622974285504757,0.0004445133829562958
222,2,1-7,adjust,0.0016438731471973545,0.00023239389259178253,0.0007898250231683534
222,3,1-7,adjust,-0.028321564827991037,0.000295231905502214,0.00039098727976400274
222,4,1-7,adjust,-0.04908928834020257,0.0002488705950624099,0.0008306173991016866
222,5,1-7,adjust,0.011278846478196828,0.0004758739750016775,0.0002383708571696787
222,6,1-7,adjust,-0.00940079329853637,-0.00042604443418803073,0.0005779895085214118
222,9,1-8,adjust,0.008456535899317042,0.0002893804484066513,0.00016236664699945106
223,2,1-4,adjust,-0.011761538768444317,0.0006822457873384793,0.0004012823521063047
223,3,1-4,adjust,-0.009633474277425459,3.2075692377041057e-05,0.00021046660170297586
223,6,1-5,adjust,0.014166308539291761,0.00019777455223100377,0.000939769623424292
223,7,1-5,adjust,0.014826053706652673,0.0004038640421386778,0.0013069772064436035
223,8,1-5,adjust,0.013298891117239657,-8.341146654222595e-05,8.807622818058088e-05
223,9,1-5,adjust,-0.01304286763431126,0.00013939307022524974,0.00023487165816767923
224,2,1-7,adjust,-0.00867604536939241,-3.077695523012618e-05,0.00042348631304279404
224,3,1-7,adjust,0.00357807331658494,0.0005238117934374898,0.0002402137985436712
224,4,1-7,adjust,-0.0027236047954654137,0.0002492424008828997,0.0005891327185015209
224,5,1-7,adjust,-0.01061093174505303,-0.0005905764146344417,5.1626903018490004e-05
224,6,1-7,adjust,-0.011992929909223028,0.00010754802037767864,0.0001374218279551323
224,9,1-8,adjust,0.0013702391277359022,3.136368673847399e-05,0.0005955374999032663
225,2,1-4,adjust,-0.0065742074088910255,0.00029919526471992354,0.0003408957609908001
225,3,1-4,adjust,-0.011648078740807486,-0.0001819464487489935,0.0008124328331590525
225,6,1-5,adjust,0.004060230959340756,-0.00030453717125180686,6.212283672353986e-05
225,7,1-5,adjust,-0.025952853475114317,-0.0005212800908367484,0.0007070309838759682
225,8,1-5,adjust,-0.0072672345987863235,0.00023840452323141206,0.00017931654748932547
225,9,1-5,adjust,0.00783278572653418,4.191294445415033e-05,2.95829909073439e-05
226,2,1-7,adjust,0.015962270741660674,-0.0004363122865517859,0.0001900741575321162
226,3,1-7,adjust,0.03340434185326701,8.359249407533428e-05,0.00012953137275351222
226,4,1-7,adjust,0.03058568430162152,-0.00020496705729884359,0.0002813288427246439
226,5,1-7,adjust,0.0168538354502779,0.0003232291454827122,0.0002960294890945666
226,6,1-7,adjust,-0.0016814936025033214,1.1809396984786283e-05,0.0005476698641394545
226,9,1-8,adjust,-0.004499859802811103,9.850794253663882e-05,8.459059060090804e-05
227,2,1-4,adjust,0.02590485159495751,-0.00010136893675630986,0.00023598962296861358
227,3,1-4,adjust,-0.0017286519650102617,-0.0003717512701550957,0.0001875084815715081
227,6,1-5,adjust,-0.00042786570295230746,0.00022107883490851874,0.00038863485678124866
227,7,1-5,adjust,-3.769468546991438e-05,-0.00012266203567057782,0.000749081291257247
227,8,1-5,adjust,0.018713148519922375,-0.00022807558619188467,0.0003227696576108726
227,9,1-5,adjust,0.0024600097940174065,-0.0001659808136619243,8.348688721130928e-05
228,2,1-7,adjust,-0.0195270411530898,-0.00021511420807176332,0.0004896957767061512
228,3,1-7,adjust,0.009504923511131124,8.08050019411206e-05,0.00016127101335726687
228,4,1-7,adjust,0.014552133758275673,-0.00039547020381163226,0.0007050703931860745
228,5,1-7,adjust,0.05938185768038136,0.00038160123547490864,0.0002472989741546221
228,6,1-7,adjust,-0.005225036308827023,0.0005365518216706683,0.0005457339539077856
228,9,1-8,adjust,0.007239914555800723,0.00010321434466468269,0.0006824375833726616
229,2,1-4,adjust,0.01969557523452887,-0.00013174880405852609,0.00041783020254355837
229,3,1-4,adjust,-0.008006620197079041,0.0001356179450282033,0.00014341140351260877
229,6,1-5,adjust,0.03446910808267062,0.000173378962217316,0.002367343190742044
229,7,1-5,adjust,0.027810750314519926,0.0004682569896593213,0.0008857994467198236
229,8,1-5,adjust,0.00039484183022517083,0.00028302239258504673,0.0011202264221280595
229,9,1-5,adjust,0.006910898649466922,-0.00013158036143116214,0.000797662720094356
230,2,1-7,adjust,-0.019931760814968728,0.000145195108262185,0.0002342582059760024
230,3,1-7,adjust,-0.01261310028465658,7.659131409646154e-05,0.0001319859991841451
230,4,1-7,adjust,-0.01480892792181497,0.0005634550088878362,0.0006477117717639965
230,5,1-7,adjust,-0.03863092648509737,-0.0001525750782555511,6.172509900307135e-05
230,6,1-7,adjust,-0.008100294272058814,0.0001641520013260588,0.0008091574560975535
230,9,1-8,adjust,0.002220641733279276,0.0002853035966526309,0.0005952466428566165
231,2,1-4,adjust,-0.004849944650623798,-0.0001691518000313854,0.0005326742864337999
231,3,1-4,adjust,-0.007327806239802106,-0.00016936270413341642,0.0002126797246886506
231,6,1-5,adjust,0.0008652865303334901,3.0935467298918014e-05,4.04560911054099e-05
231,7,1-5,adjust,0.016876327931910427,8.15601051799692e-05,0.0001695928059948007
231,8,1-5,adjust,-0.005798482803310845,-0.0003172169803261465,0.0001287987748351835
231,9,1-5,adjust,-0.002021196853678132,1.024820826771362e-05,0.00018178021475131874
232,2,1-7,adjust,0.004115726288561324,0.0003476025506353022,0.0006667383916271007
232,3,1-7,adjust,-0.013126451707749419,6.006345431589243e-05,0.0002054821916912371
232,4,1-7,adjust,0.0008367580490392942,-0.00025765737569460824,0.0006540445556269741
232,5,1-7,adjust,-0.014089382431925385,-0.0005371624445831824,0.00025264842837299854
232,6,1-7,adjust,0.014856847645860006,-0.0002410655168828472,0.00010036923276918483
232,9,1-8,adjust,-0.009512648538261545,-0.00027330771065712937,0.0015193259951521668
233,2,1-4,adjust,0.010203591248314395,-0.00019187037461941138,0.0002993149134366906
233,3,1-4,adjust,0.0047338867330251255,-3.1309714160610824e-05,0.0011228318126575488
233,6,1-5,adjust,-0.019410736164074842,-0.0003186643135943143,0.0006187127693410402
233,7,1-4,adjust,0.011625941143552986,-0.00043968655881991905,9.675024022533212e-05
233,8,1-5,adjust,-0.0013554596957940995,6.009771157469384e-05,0.00045346232052035284
233,9,1-5,adjust,-0.00487791843459459,-9.054147431066282e-05,0.00010975893962432179
234,2,1-7,adjust,-0.013413108133841885,0.0002340496563865337,9.243379970853724e-06
234,3,1-7,adjust,0.0375391172165699,-0.000411898894535057,0.0006866490197858718
234,4,1-7,adjust,0.004004260484492875,0.00024477633403847157,7.964524418403035e-05
234,5,1-7,adjust,0.02038164954976068,-0.00015412448840014032,3.302646860938059e-05
234,6,1-7,adjust,0.029448645224562593,0.00011672117374340322,0.0014991986261771654
234,9,1-8,adjust,-0.0028197677099809147,-1.830555725235167e-05,0.0010389485804971176
235,2,1-4,adjust,0.011208170487998314,2.3851000848479164e-05,0.00023043940060863408
235,3,1-4,adjust,-0.01764842369689388,0.000496074278098837,0.00033953488739260954
235,6,1-5,adjust,-0.002874484539479191,-0.0003847662801119485,0.0002316599181106095
235,7,1-5,adjust,0.002648462729390985,0.00024290774014674763,0.00014313026758285143
235,8,1-5,adjust,-0.00032710144576133626,-0.00044968127993497484,6.108644954502542e-05
235,9,1-5,adjust,-0.01819838618856219,-0.0005041300671073191,0.0012605523595393988
236,2,1-7,adjust,-0.008700956614013107,-6.785366085149802e-05,7.577095307669585e-06
236,3,1-7,adjust,-0.0029995555112466744,-0.00025762316139112644,0.0004187973160780421
236,4,1-7,adjust,0.0011926238625350031,0.00011959222037668611,0.0001250870183935457
236,5,1-7,adjust,0.03506767949102275,-3.180077687754854e-05,0.0002480408546184935
236,6,1-7,adjust,0.0008854534277567804,0.0001843741960900027,0.00024867589568577345
236,9,1-8,adjust,0.011905861693455715,0.0001531236682782541,0.0005888723997131166
237,2,1-4,adjust,-0.007291193391858989,-0.00012541053758908144,0.0006183735061941353
237,3,1-4,adjust,-0.010814360567413956,3.1599042757975966e-05,0.0005051176871479003
237,6,1-5,adjust,0.0027363943903557586,-0.00030601699383987513,0.0007563073274189321
237,7,1-4,adjust,-0.0009067550101514558,-0.0004298186634886357,7.06682028273449e-05
237,8,1-5,adjust,0.016416028511793863,5.582323994786445e-05,0.00016613377440683171
237,9,1-5,adjust,0.003647709446047507,7.476070194647635e-05,8.336568171463355e-05
238,2,1-7,adjust,0.00017039710833406714,0.00017377740750405352,0.0005829916082549084
238,3,1-7,adjust,0.019660295811932987,-0.0005628545624692335,3.617134089888574e-05
238,4,1-7,adjust,0.04833675330294472,-0.0004391294021916324,0.0007811934253985773
238,5,1-7,adjust,-0.011782734728135548,0.00011127470827816877,9.203595352034575e-05
238,6,1-7,adjust,0.012932580474089937,0.0003246813329865587,0.0003106922187329874
238,9,1-8,adjust,0.003748114096117003,0.00026746255065701765,0.00048422228119549346
239,2,1-4,adjust,0.01135047484101812,-0.00016843564756881718,0.00017888217510321106
239,3,1-4,adjust,0.01918146779713956,-4.289981770824126e-05,0.0005947480832720754
239,6,1-5,adjust,-0.012462115410548081,0.0003710395347179464,0.00024171157395354057
239,7,1-5,adjust,-0.027849877988033688,0.00041285564082782045,0.0001223333978266471
239,8,1-5,adjust,-0.007081632450344303,0.0002532256476609596,0.0003204403382304355
239,9,1-5,adjust,-0.01493144701484927,-0.0003419721224532138,0.0005639875487328369
240,2,1-7,adjust,-0.017249242308993277,-5.1046391800681375e-05,7.68025194326567e-05
240,3,1-7,adjust,-0.02873025203931296,0.0001965649360291251,0.0002286491889270371
240,4,1-7,adjust,-0.05298881777479629,6.952737905399577e-05,0.0005068576830932368
240,5,1-7,adjust,-0.03574659171449058,-0.00028128759707345667,0.0002804378153457645
240,6,1-7,adjust,-0.011767293387715148,-0.00020994275594748263,5.795416181031838e-05
240,9,1-8,adjust,0.011250291238592582,0.0006391998494386488,0.000690031039383237
241,2,1-4,adjust,-0.0030376819054941475,1.3171986146285311e-05,0.0010632637067487093
241,3,1-4,adjust,-0.0024425412749835055,0.0003278915055566427,0.00027201747440293983
241,6,1-5,adjust,0.0006238406639476629,-0.0003803389333011029,0.0003662319902786287
241,7,1-5,adjust,-0.028617268623802015,2.1741660376073738e-05,9.048033924555778e-05
241,8,1-5,adjust,-0.0065316231097122986,-0.00016392240619566586,0.0005712805223292301
241,9,1-5,adjust,-0.010633033579028544,-0.0003854155678642971,8.600687991311259e-05
242,2,1-7,adjust,0.004855746563569919,2.0758435699753278e-05,0.0001263381971025364
242,3,1-7,adjust,-0.020104238413496706,0.00033879595899238683,3.905665650891101e-05
242,4,1-7,adjust,-0.002392261679341689,0.00014245080678357966,5.077317122661848e-05
242,5,1-7,adjust,0.0044197785885504316,0.0004974806244537507,1.3590168038168929e-05
242,6,1-7,adjust,-0.01970049875893706,-0.00021755048625894145,0.0003473980938251821
242,9,1-8,adjust,0.012819263167799117,-0.0003849539410088706,0.0001682403137527727
243,2,1-4,adjust,0.004140084500389865,0.00017688873281892007,0.0001393194299851257
243,3,1-4,adjust,0.010763145326199382,-0.0003297133151166587,0.0004734969497252063
243,6,1-5,adjust,0.006914738166199457,0.0003974404725384348,0.0002463240107815828
243,7,1-4,adjust,-0.006265521457392567,-0.00012982017405325513,9.839682321088126e-05
243,8,1-5,adjust,-0.00634738104001213,-0.00023717365305497986,0.00048278431714291495
243,9,1-5,adjust,-0.000657329209373526,4.327809010967436e-05,0.00048823637428732956
244,2,1-7,adjust,-0.00023359269317905124,-3.151467071037204e-05,0.00018349073007891225
244,3,1-7,adjust,-0.01029428250330273,0.0002539311901821288,0.0003248735589299561
244,4,1-7,adjust,-0.03450077703780872,0.0004540740577152498,0.0007049153590488994
244,5,1-7,adjust,-0.01703443181830919,0.0003663552716995212,0.0005044214929671733
244,6,1-7,adjust,-0.008328046512117751,0.00019923382321278003,0.00039706874359964723
244,9,1-8,adjust,0.0006738873460981142,0.0003603037180622463,0.00020488976131973158
245,2,1-4,adjust,-0.0016619013336083809,0.0007226012839823088,0.0006554472069191269
245,3,1-4,adjust,-0.019322332763039247,0.00010846075667151661,0.0006170037244557562
245,6,1-5,adjust,0.008460913330759464,-0.0001392094478057972,0.00029825905434769273
245,7,1-5,adjust,0.041452923449078784,0.00017234277221658435,0.0003241991144768951
245,8,1-5,adjust,0.006047270152371848,7.581755992621714e-05,0.0001063644733928593
245,9,1-5,adjust,0.006099512554904666,7.9342744999732e-05,0.00015330996309119096
246,2,1-7,adjust,0.0042683700265518385,-0.00036758492463258535,0.00025522432349587984
246,3,1-7,adjust,-0.020447397700553482,0.00016079124609428587,0.0008043834824633012
246,4,1-7,adjust,0.006490356087340142,-0.0005011533047226303,9.980404661715734e-05
246,5,1-7,adjust,-0.01735702971096831,-0.000214359790155768,3.130131979660959e-05
246,6,1-7,adjust,0.011159856511859578,0.0002100762632836071,0.0006729044838549228
246,9,1-8,adjust,-0.002886709364805123,-2.2325926571911686e-05,0.0007690617205522057
247,2,1-4,adjust,4.945278973758897e-05,-0.0007871613444202834,0.0002566387348108838
247,3,1-4,adjust,0.017673926686317072,-5.238241686771805e-05,0.00019523483065011336
247,6,1-5,adjust,-0.01808858883169384,0.00015418171255916367,0.0003496345604631281
247,7,1-5,adjust,-0.013770748736596729,-0.00019527209797798342,0.00020032328114886783
247,8,1-5,adjust,-0.00907679538873942,0.000493763526255279,0.00028207208297268695
247,9,1-5,adjust,-0.01686746770459118,-0.00018207284245347645,0.0002877524258534328
248,2,1-7,adjust,-0.0013716650386807975,0.0004696659780778495,0.0005900650029508198
248,3,1-7,adjust,0.04348362986909739,-0.000301103426958277,0.0009993703397468189
248,4,1-7,adjust,0.002085754889414725,-0.00023008561817381993,0.0005774488863722676
248,5,1-7,adjust,0.007729086823430014,0.00013361639006149675,0.0004004824212752717
248,6,1-7,adjust,-0.0003868927563618794,-0.0003589699369088373,3.127625722680599e-05
248,9,1-8,adjust,0.009832053495140094,0.00020979552224120537,0.00011865943530494493
249,2,1-4,adjust,0.007982369119024486,0.0001409619495606695,0.00010613783972990644
249,3,1-4,adjust,-0.005563035401188303,0.00012758380259421235,0.000434522025343511
249,6,1-5,adjust,0.0012278244821576452,7.393754568739832e-05,0.0005121577059228118
249,7,1-5,adjust,-0.0024740672411412566,9.47276719993108e-05,0.00103512725735304
249,8,1-5,adjust,0.009106520614169958,-0.00010616690152543983,0.0002626180773913629
249,9,1-5,adjust,0.01850533578884444,0.00014189240658617157,0.0003739685506221718
250,2,1-7,adjust,-0.01321145541153686,0.0004319422260199202,6.131707683196461e-05
250,3,1-7,adjust,-0.016483364914902973,-1.727170057497815e-05,0.0006092637313084841
250,4,1-7,adjust,-0.02273636935362819,0.000505185430615522,0.00020208900374952486
250,5,1-7,adjust,-0.02346547832702244,0.00018965893349426381,0.0002724460859086925
250,6,1-7,adjust,0.009513976944107294,-0.00010556728109403362,0.0011663509776134984
250,9,1-8,adjust,0.00476604174551728,-0.0001330311976090705,0.00037190025556220013
251,2,1-4,adjust,-0.013374571341953119,0.0002665294072103443,0.0005906398386374537
251,3,1-4,adjust,-0.025308772045560694,-0.00026973138650468193,5.3802115865957024e-05
251,6,1-5,adjust,-0.01897540880973914,-9.821188458227603e-06,4.054101190045724e-05
251,7,1-4,adjust,-0.011994199477416423,-0.0005560154360560792,1.8243095584512874e-05
251,8,1-5,adjust,-0.012212430754454976,0.00010695871297513949,0.00014152202219006832
251,9,1-5,adjust,-0.009359297861761779,1.276018375805246e-05,0.00023026864880871763
252,2,1-7,adjust,0.025996754963238354,-0.0011436029487436822,0.001206131574357065
252,3,1-7,adjust,0.03659267706776843,-4.054559046651245e-05,0.0009930032868775633
252,4,1-7,adjust,0.06404339404602642,-0.0002887790365026905,0.0008609615261578811
252,5,1-7,adjust,0.006506942573471859,-0.00032410595893071103,0.0009567948396313893
252,6,1-7,adjust,0.013472790745237351,-9.816894146754783e-05,0.0002224860566518518
252,9,1-8,adjust,-0.009068139354986135,0.00012827735151632477,0.000585630830842803
253,2,1-4,adjust,0.010964308477784736,-0.0002480352689772263,0.00013103021842026597
253,3,1-4,adjust,0.019853471762819493,0.00015361508403448302,0.00033657753797342315
253,6,1-5,adjust,-0.015249838134950495,0.0001944431386894178,0.0002822190785042033
253,7,1-5,adjust,-0.017023208676415,0.0004500755372217206,0.0006330767036734989
253,8,1-5,adjust,-0.0049870189540564686,6.476088101945826e-05,7.150697999819668e-05
253,9,1-5,adjust,-0.009307263215444367,-0.00046334439474105313,0.0004715933321819011
254,2,1-7,adjust,-0.012594109608536913,7.608093565232899e-05,0.0007694262708988711
254,3,1-7,adjust,-0.03647469481038239,2.4657498608997804e-05,9.121295260657491e-05
254,4,1-7,adjust,-0.051638717113116815,-0.00021471549188112996,0.00018039643278153688
254,5,1-7,adjust,0.002252505246098432,0.00023394629856019446,3.3753826174341464e-05
254,6,1-7,adjust,-0.0005523223835338982,-0.00016392641486233248,0.00018787893102670172
254,9,1-8,adjust,-0.003036673850048544,7.26258554894635e-05,0.0003987660692569642
255,2,1-4,adjust,0.011841470229949781,0.00027860571738892384,0.0003357508837371165
255,3,1-4,adjust,-0.0036435023739957344,0.00024090305101178507,7.044533685561433e-05
255,6,1-5,adjust,0.0030352993969636768,0.0003381843726610541,0.00041186426642770435
255,7,1-5,adjust,0.03606928812230429,-0.0001403220910653655,0.0007029665886614972
255,8,1-5,adjust,0.019108083872353167,2.480877870363777e-06,0.000634725486391286
255,9,1-5,adjust,0.013519663669666773,0.00020604833719418118,0.0010449904207107859
256,2,1-7,adjust,-0.005393511784197594,-0.00019990459269437949,0.0001965176325794501
256,3,1-7,adjust,0.024251120092587532,-0.00048556068550444824,0.0004912032306347544
256,4,1-7,adjust,-0.000595030952686053,-0.00013773437472320205,0.0006136601715950074
256,5,1-7,adjust,-0.0007298396797901372,-1.0633737411545734e-05,0.0004409524634177311
256,6,1-7,adjust,0.01828895374733933,-0.00010358105561456234,0.0005024473155706858
256,9,1-8,adjust,0.00015023973279077395,-5.9058907390916246e-05,2.3158414214502322e-05
257,2,1-4,adjust,0.0023937427540394528,0.000362647997661352,3.868670983245477e-05
257,3,1-4,adjust,-0.0034257690347123436,0.0001756089982129402,0.00031029937501848127
257,6,1-5,adjust,-0.006238190821518571,-0.00025709900905717157,0.000678122604721426
257,7,1-5,adjust,-0.009154774832458206,-0.00013562153398986274,0.0004696845303585956
257,8,1-5,adjust,-0.013955688032875935,0.00017296720676152042,0.0004666004278565275
257,9,1-5,adjust,-0.006198386029233563,-0.00012518306385711793,0.0006146864134103261
258,2,1-7,adjust,-0.0027256556861437386,-0.0004712472812749231,0.0015192186831285565
258,3,1-7,adjust,-0.0035827455197379675,-0.00017440818015934347,0.0004164169661840747
258,4,1-7,adjust,-0.009089201504241053,-0.00015281635260310932,2.797408855283546e-05
258,5,1-7,adjust,0.007679717708688923,-0.00023413679270948892,0.00046871764695917417
258,6,1-7,adjust,0.013539079276222056,-0.00010756098811581067,0.0007264864095540348
258,9,1-8,adjust,0.0024217829506879784,0.0003191464814317811,0.000586440648827788
259,2,1-4,adjust,-0.001318146550566634,5.6388207221589256e-05,0.00011851072405873483
259,3,1-4,adjust,-0.00016546322943779637,0.0004696926761207244,0.0007572617760736941
259,6,1-5,adjust,-0.027430123268130553,0.00013522513145677013,0.0009968701346354956
259,7,1-5,adjust,0.0009029922663734177,-0.0002058152475868511,0.000809874201268121
259,8,1-5,adjust,-0.02222014947250571,-0.000764249657557793,4.353351512098705e-06
259,9,1-5,adjust,0.00022347949632761118,0.00029370549112545867,0.00033804712197985906
260,2,1-7,adjust,0.016531023602891784,-0.0006083175862681878,0.0003570070715292615
260,3,1-7,adjust,0.052898246326803906,-0.0004314133245578438,0.000360593189447158
260,4,1-7,adjust,0.0537687026512593,-0.0001562100015397741,0.0007312258018787835
260,5,1-7,adjust,0.018165940741516826,-6.108568888446221e-05,0.0002774519667608028
260,6,1-7,adjust,0.015889114776920493,-5.663130034306633e-05,0.0001746360308160927
260,9,1-8,adjust,-0.003397700406128103,-0.0005253553863963033,0.0010362739162705881
261,2,1-4,adjust,0.01350594676412393,6.0658835803977577e-05,0.0003442944029919827
261,3,1-4,adjust,-0.007360952842193173,3.958819451195813e-05,0.0005024591409939147
261,6,1-5,adjust,-0.00728741480520538,-0.00012898077287307405,0.000578357261926352
261,7,1-5,adjust,0.00699488777724341,0.00018519888330483972,0.0010338131841968695
261,8,1-5,adjust,0.009926182953255314,-6.00287237912907e-05,0.0005212512251653417
261,9,1-5,adjust,0.01294996904347306,0.000296261972488325,0.0008397466006059285
262,2,1-7,adjust,-0.03032835877220942,0.0007281961078553187,5.655223092456749e-05
262,3,1-7,adjust,-0.003187688179115484,-0.00012110500759496318,1.1597775304449958e-05
262,4,1-7,adjust,0.033496132474405055,0.00013478162493866044,0.0004738434336677316
262,5,1-7,adjust,0.003864368735929312,-0.00035430976551630527,0.0008954082387462155
262,6,1-7,adjust,0.0026420781319761257,0.0001457478539649549,1.0298044773716722e-05
262,9,1-8,adjust,-0.014778269970476007,-0.0008074140800822892,0.0010478173930985309
263,2,1-4,adjust,0.0037669377839300946,-0.00022659905337451747,0.0001874722349106006
263,3,1-4,adjust,-0.0013582941842889542,8.917729151538258e-05,0.0004805358312492166
263,6,1-5,adjust,-0.002548561195927235,4.143751139232483e-05,4.871224449154781e-05
263,7,1-5,adjust,-0.0056749980714438635,-0.00020623851619238476,0.0005119212712502608
263,8,1-5,adjust,-0.004958225970812587,0.00016063770751192328,0.00024658447210498114
263,9,1-5,adjust,-0.009567362867481657,-0.00011008571906363543,0.00021446223284370526
264,2,1-7,adjust,-0.00841134355556821,0.0003929650400003495,0.00038312839846463287
264,3,1-7,adjust,0.014523129491739511,-0.0001546897925183821,0.00013431688634280795
264,4,1-7,adjust,0.0006551327078431209,-4.931917828751424e-05,0.00025973446058705197
264,5,1-7,adjust,0.0014511716645383922,0.000244170861962951,0.0002142225828422621
264,6,1-7,adjust,-0.00640246601684334,-0.0003366957069881394,0.0007214162008183619
264,9,1-8,adjust,-0.0014142518785650853,0.00032520725384640103,0.00020177138770388262
265,2,1-4,adjust,0.015625969943684332,-0.0005756272927991233,0.0008433371204156729
265,3,1-4,adjust,0.010384002590635228,-3.645503807801303e-05,0.0006299396865228594
265,6,1-5,adjust,0.010751062121650688,4.791958574938563e-05,0.00011001956711374619
265,7,1-5,adjust,-0.021115543399392256,0.0003585325347179507,0.00012142132565415352
265,8,1-5,adjust,0.020901204347289832,0.0002541085859623162,0.0008030343491586371
265,9,1-5,adjust,0.006521382515156011,-1.4789630912084008e-06,0.0001879349046051871
266,2,1-7,adjust,-0.006197357969654283,0.0001297361020721455,0.0005068775030183984
266,3,1-7,adjust,-0.020564543065904477,-0.00019738065166442976,0.00022840897606803788
266,4,1-7,adjust,-0.042632061867438106,0.00048112366380506644,0.0004581529803530822
266,5,1-7,adjust,-0.0020891635907860375,0.00017961250621756364,0.0006134440800009463
266,6,1-7,adjust,-0.014602282161088323,-0.000139652001138251,0.00036631368732464317
266,9,1-8,adjust,0.0039044086915982455,-0.00016064604304801287,0.0002757154477593295
267,2,1-4,adjust,0.0006151311494119084,0.00019470194641026692,0.0005501594511894776
267,3,1-4,adjust,-0.016564607592917207,0.00021040036595982244,0.00018420143367627376
267,6,1-5,adjust,0.01122836618699899,-0.0001256196785376581,0.00043992182410557595
267,7,1-5,adjust,0.01564616802277547,-0.00014193319970258242,0.00019098134883934107
267,8,1-5,adjust,0.015960196573370746,-5.2409965647077734e-05,0.0003151937490224957
267,9,1-5,adjust,0.010088573736204197,-5.796898811339263e-06,5.421668486990143e-05
268,2,1-7,adjust,0.004760635537929877,0.00014756758758087608,0.0008211620458103241
268,3,1-7,adjust,-0.01856979802643036,-0.00013169590606006436,3.493474519848783e-05
268,4,1-7,adjust,-0.020510429875904266,-0.0001864324034295052,0.0006387445767108692
268,5,1-7,adjust,-0.036683107158326955,-0.00010711556991135642,0.00011932164487996675
268,6,1-7,adjust,-0.007324961806091937,-0.0001565549574543758,0.0004087501658804107
268,9,1-8,adjust,0.008676405785327582,0.00031967744694094225,0.0009278733165695732
269,2,1-4,adjust,-0.006929693266559083,0.00022605079979907958,0.000102106419696652
269,3,1-4,adjust,-0.005022413026745538,0.0002310748947328894,0.0002098281626059267
269,6,1-5,adjust,-0.028369832931360722,0.0006493354283394078,3.52355381305374e-05
269,7,1-5,adjust,-0.007439217975792252,0.00032234069567846227,0.0002706276075606653
269,8,1-5,adjust,-0.010807150429832952,-0.0002553581589139349,0.0006194900381404151
269,9,1-5,adjust,-0.013466410183032762,-0.00018837971656198482,0.0005131298099712749
270,2,1-7,adjust,0.012559152779807896,-0.00012430124477283018,0.0004691298466866257
270,3,1-7,adjust,-0.03470561545124093,0.00046891229979402835,0.0005358547185297278
270,4,1-7,adjust,-0.0026450998037083873,0.00017603417681993788,0.0004214294991956823
270,5,1-7,adjust,0.023348791085497794,-0.00011505763552661554,5.497831713852606e-05
270,6,1-7,adjust,0.008973377914886668,3.1856083632939564e-05,1.5284578763812376e-05
270,9,1-8,adjust,-0.0044253042704196595,0.0001314129953208701,0.0002849609456437883
271,2,1-4,adjust,-0.005141323938281678,-0.0003015602547752658,0.00012006366414222718
271,3,1-4,adjust,0.016891066179881807,-3.707517784643575e-05,0.0004181210460389939
271,6,1-5,adjust,0.01142840869585292,-8.47212902634201e-05,0.0008787423608170494
271,7,1-5,adjust,-0.001172360568496595,0.00017468779935334423,0.0008782468237505469
271,8,1-5,adjust,-0.00772910547663757,0.0003251317904293843,0.0005845870933524041
271,9,1-5,adjust,-0.014132714941776925,-1.2284104328561924e-05,0.00010639348673379431
272,2,1-7,adjust,-0.016364344270129002,0.00025812341272171544,0.00020947718382792436
272,3,1-7,adjust,0.010405529189697322,6.804712301608057e-05,0.00020806597479037625
272,4,1-7,adjust,-0.02457250450711082,0.00029582383719544016,3.4662621219691154e-05
272,5,1-7,adjust,-0.01151058446436969,7.765169526432623e-05,0.0002205477440138312
272,6,1-7,adjust,-0.00019107351804820266,0.00010862306061673222,0.0005292998787888338
272,9,1-8,adjust,0.009224900488090855,0.00013203866394930118,7.942729032725052e-05
273,2,1-4,adjust,-0.0061745821598081264,-4.2777952158559626e-05,0.0004640983450511746
273,3,1-4,adjust,-0.015116953916810807,3.679201213170853e-05,0.0011770622156841357
273,6,1-5,adjust,-0.0020175800151113724,-0.00027041625206071523,0.00017529875245457275
273,7,1-5,adjust,0.0004153449987278242,-0.00028572835384672467,0.0005795838621233533
273,8,1-5,adjust,0.0005492365767916988,7.165438585020547e-05,0.000454824043450956
273,9,1-5,adjust,-0.011423474816017827,-0.0003588020727570778,0.0008327760249007197
274,2,1-7,adjust,0.0006080007533503733,5.081738603299926e-05,0.00040380312268766607
274,3,1-7,adjust,0.012713844057262395,-0.0002910303691725685,0.0007440374799979406
274,4,1-7,adjust,0.009535927352229185,-8.646188682143257e-05,0.0004661816938856827
274,5,1-7,adjust,-0.012528317864775452,-0.0003564889251963407,0.0009983204271911603
274,6,1-7,adjust,0.004148533430502272,0.000283447096882531,0.0003113369232702639
274,9,1-8,adjust,0.011282825114551337,0.0006655669227719392,8.735692956946103e-05
275,2,1-4,adjust,0.0025030463682660133,0.00030977666233127045,0.0012363523077258236
275,3,1-4,adjust,-0.0058665628331402405,7.151196495007866e-05,0.00021420479850088492
275,6,1-5,adjust,-0.008163584143885854,-0.0002554207654023732,0.00029724196856258003
275,7,1-4,adjust,0.005847707751070582,-0.0005134716380973065,6.108686618165267e-05
275,8,1-5,adjust,-0.013369419712090004,-0.00023665456514603052,9.421966386481617e-05
275,9,1-5,adjust,-0.02146459685757182,-0.0009392176328518167,0.0012942169216004645
276,2,1-7,adjust,0.001633514785643874,0.0002916686307294562,1.2736430832820908e-05
276,3,1-7,adjust,0.028356162802621206,-9.455276547994627e-05,0.000171063355134975
276,4,1-7,adjust,0.0307494313121069,-9.59093105984236e-05,0.0003973029027579558
276,5,1-7,adjust,0.02587114574625897,-4.7874525694242175e-05,0.0011478855836433764
276,6,1-7,adjust,0.008250107619320966,-7.047867876736462e-05,0.0007493180386592967
276,9,1-8,adjust,0.003099584596100889,0.0001904014845611278,0.00034014059227303753
277,2,1-4,adjust,-0.009650233898892894,-8.085982442762254e-05,0.0010979673238789979
277,3,1-4,adjust,0.005845097930206454,0.00015964134627162823,0.0003394584114578368
277,6,1-5,adjust,-0.005410862575491583,-0.00013529493471702743,0.0006754684466661494
277,7,1-5,adjust,0.0005116442803460683,4.9404641488699654e-05,0.000190544189157272
277,8,1-5,adjust,-0.010208041304478582,-0.0002494333202238601,0.0007006751459403273
277,9,1-5,adjust,0.00211776699239392,1.6546759013460644e-05,0.00022750836676742648
278,2,1-7,adjust,0.00947643044314509,-0.0001723281286664688,0.00010656837503848784
278,3,1-7,adjust,0.028153925406718253,-1.583803599387586e-05,0.0002022528595316584
278,4,1-7,adjust,-0.005938741919189815,-0.00011653449535278323,4.175143926499457e-06
278,5,1-7,adjust,0.006832228602883973,-0.00025927142677457487,0.0006311013216144738
278,6,1-7,adjust,0.018485184008603314,0.00020067867301738274,0.0004950453887338065
278,9,1-8,adjust,0.004294034810257875,-1.595582233189574e-05,0.00028892738510029916
279,2,1-4,adjust,-0.001366018394978027,-0.00015201776640344793,0.001026622314343477
279,3,1-4,adjust,-0.016077180576319725,0.0002478739222040211,0.0008056379920688698
279,6,1-5,adjust,-0.0045673894595130715,-0.0003913174416205229,0.0004541308336792815
279,7,1-5,adjust,-0.03267905986394384,-4.266711378722358e-05,0.0005158375235759754
279,8,1-5,adjust,0.01159788939475898,-0.00013793134329457535,0.00020696882548664584
279,9,1-5,adjust,-0.008770022987352034,-0.00013056661662976774,6.818645694305924e-05
280,2,1-7,adjust,0.007578708092342236,-0.0001994843123734654,0.000485047239569693
280,3,1-7,adjust,0.003221519376557723,-0.0005904912767235271,0.00010402342881870383
280,4,1-7,adjust,0.009816424868083465,-0.0003214613455019641,0.000520258858669961
280,5,1-7,adjust,0.0017046758629846834,-0.00016881705372575803,0.0004243332427537381
280,6,1-7,adjust,-0.000900655790579665,0.00020859057224313524,0.0004300740657019047
280,9,1-8,adjust,0.006547568494843251,-4.762804736875097e-05,0.0002608333972214621
281,2,1-4,adjust,-0.006086654902656551,-3.272313116480505e-05,0.0006003320538741413
281,3,1-4,adjust,-0.017824919426441835,0.00011688546519581388,0.0004277880621445356
281,6,1-5,adjust,-0.01968712973597589,0.00022486528266548234,0.0010112530731588834
281,7,1-5,adjust,-0.016016980557234682,8.649204611444619e-05,0.0005136632971183718
281,8,1-5,adjust,-0.0103598797283393,0.00021314039068450014,0.00048178606579040285
281,9,1-5,adjust,-0.013411289898683676,-0.00010361822064361332,3.272851248479949e-05
282,2,1-7,adjust,0.009223319664349012,-0.0001603512831562684,0.00018744197163850308
282,3,1-7,adjust,-0.022143740371040718,0.00017534465790358688,0.000389711125562199
282,4,1-7,adjust,0.03492836670914255,0.00024640752302905206,4.931860250814315e-05
282,5,1-7,adjust,-0.007238439428803771,0.0003648068080757551,3.485449799732056e-05
282,6,1-7,adjust,-0.011337759124226415,0.00010030931548610669,0.0004501947748701067
282,9,1-8,adjust,0.013633772519501108,0.0003725619240745623,0.00042055718468491055
283,2,1-4,adjust,0.013706079977397647,-0.00017016881642960556,0.00037961198804361505
283,3,1-4,adjust,0.018497893286279116,-0.0001569521266204553,0.0006846839859784864
283,6,1-5,adjust,0.0016389279015886799,-4.3371355052805396e-05,0.000625090868415857
283,7,1-5,adjust,0.022163719509723047,-8.391437674418668e-05,0.0006888355777402459
283,8,1-5,adjust,-0.02290789107737544,-0.00016235124305678163,0.00023690659661069674
283,9,1-5,adjust,-0.0012131588305800106,1.8879590061353822e-05,0.0005387119698504509
284,2,1-7,adjust,-0.007050624929505998,0.00018336251628064702,0.000166315810904135
284,3,1-7,adjust,-0.018268470860117056,-0.00017885227004634373,0.0003219655988100682
284,4,1-7,adjust,-0.0016856522826113579,-0.0001045084967094802,0.00037605268490391335
284,5,1-7,adjust,-0.010033207401715807,0.00022393421805209435,0.0007722789191854647
284,6,1-7,adjust,0.002130287045198631,-0.00028242946283809955,0.0004471242607043594
284,9,1-8,adjust,-0.002763483289868316,-0.00026930191100455126,0.0003710815865879264
285,2,1-4,adjust,0.007303076982544007,-0.00026145389961022673,0.001065499680887932
285,3,1-4,adjust,0.022741790629747894,-0.0002371418434847801,0.00033160924691807015
285,6,1-5,adjust,-0.0035135949379597577,-0.0001638598484281606,0.00026198414467888036
285,7,1-5,adjust,0.018139496288019544,-0.00012241671698563707,0.0004571691198085937
285,8,1-5,adjust,0.017663216301626393,0.0003548004754633046,5.524036396810342e-05
285,9,1-5,adjust,-0.016908905902306995,7.894753224605343e-05,0.0002928178906135415
286,2,1-7,adjust,0.003218832022063469,0.00016856857722280576,6.634893756646745e-05
286,3,1-7,adjust,0.0006481804520348034,0.0005658070863708837,1.7296155181884078e-06
286,4,1-7,adjust,0.019192091374258792,9.407059750333057e-05,0.00040528727709613596
286,5,1-7,adjust,0.025109734359255544,-0.00022705748523645208,0.0008934268066202582
286,6,1-7,adjust,0.019179559880553067,0.0002768375294795846,0.0003504438578362202
286,9,1-8,adjust,0.015168433377491939,0.00040565206520552755,0.0004553836544247628
287,2,1-4,adjust,0.008992950631921319,-7.235243187090095e-05,0.0005278705014209571
287,3,1-4,adjust,0.018492219918842617,-0.00032895895818994006,0.0005739717971236457
287,6,1-5,adjust,-0.003920378562388653,0.000520630302761546,0.00046929856050935827
287,7,1-5,adjust,-0.006800823070649651,0.00042359962964246483,0.0004076893186783487
287,8,1-5,adjust,-0.012014575818746865,-0.0003298289279768817,0.0008586034289890541
287,9,1-5,adjust,0.00030052621890007766,-0.000264229298451113,0.0006667635401613648
288,2,1-7,adjust,-0.014791104306744218,-0.00015171208434633967,4.654393057154661e-05
288,3,1-7,adjust,-0.00257615627048657,-0.0001845346781274509,0.000374738191952361
288,4,1-7,adjust,-0.03728499019062544,5.6241181104984666e-05,0.0002824755846955594
288,5,1-7,adjust,-0.028589596659102188,0.00032055749531777764,0.0004048764855847707
288,6,1-7,adjust,0.009544621986733231,-0.00018791442065712355,0.00032642768337212816
288,9,1-8,adjust,-0.005374603008747532,-8.437189400561885e-05,0.0009926606282869377
289,2,1-4,adjust,-0.003972417836516131,0.00019898445708338753,6.267310340245959e-06
289,3,1-4,adjust,0.00022028136523955663,0.00014044882909496707,0.0004518524620311547
289,6,1-5,adjust,-0.007866157803679217,6.092217203158655e-07,0.0005356126602390774
289,7,1-5,adjust,-0.012630678042556773,-0.00034605556992392143,0.0004941493656812865
289,8,1-5,adjust,0.015226635034143593,0.00011815578152948708,0.00022476473461490647
289,9,1-5,adjust,0.009514802140310289,-0.00011320864458122987,0.0001702561565350384
290,2,1-7,adjust,0.011967418254949966,-0.00046179991744580074,0.00027314323137476586
290,3,1-7,adjust,0.02286453127427974,0.0001069511413590953,0.0005885264695238806
290,4,1-7,adjust,0.03860848329733228,-0.0002558728048129896,0.0003721805065301711
290,5,1-7,adjust,0.033327960197675977,0.0003451616728854111,1.4813177779877312e-05
290,6,1-7,adjust,-0.009829860567388403,-0.00029748528157189617,0.00020046155154267333
290,9,1-8,adjust,0.0003251947368205428,6.390962607496161e-05,0.00020506835560376864
291,2,1-4,adjust,-0.005642134424041343,0.0005213760598181162,0.00037844629478196094
291,3,1-4,adjust,-0.0005092790806076251,-0.00016568082267738593,0.0006433466374899487
291,6,1-5,adjust,0.034332318799436594,-1.3367836617207744e-07,0.0005347727769488561
291,7,1-5,adjust,0.04398751077890302,0.00019218751874889805,0.00011632032105013816
291,8,1-5,adjust,0.04167683607005312,-1.764024133650851e-05,0.0004973652266923584
291,9,1-5,adjust,0.0020481178675790363,-8.406940320947157e-05,0.00036543000023249076
292,2,1-7,adjust,9.154871513770043e-05,1.7116392463830708e-05,0.0006753089254811276
292,3,1-7,adjust,0.007953802483035117,4.057105297194125e-05,0.0004549422381243791
292,4,1-7,adjust,-0.000853597246002074,-4.0785381091887766e-05,0.0003142479241960783
292,5,1-7,adjust,0.0015216298736862172,-0.00028142744849930047,0.00029079993178675843
292,6,1-7,adjust,0.0073708604045425695,-0.0001455710511124608,0.0006516579269627861
292,9,1-8,adjust,0.020938523189206384,0.0003726448847639117,0.00030462650844114173
293,2,1-4,adjust,0.006279273898527933,-0.0002704664293245516,0.0010697505423009758
293,3,1-4,adjust,-0.00398896496340978,-0.00015594452722596738,0.0012337398080265345
293,6,1-5,adjust,0.0024328052727938575,1.6985867959017146e-05,7.432673341561362e-05
293,7,1-5,adjust,-0.023272440832546894,-0.000328702598979001,0.00011974087896273619
293,8,1-5,adjust,-0.01630933624379134,9.018062069345287e-05,0.00015088511636920297
293,9,1-5,adjust,-0.0037122928681953696,-6.949759659321961e-05,9.490316572100948e-05
294,2,1-7,adjust,0.0035014184605474258,0.0001899631291346333,0.0005743211678943217
294,3,1-7,adjust,0.00019579209288947313,-4.46713192146821e-05,0.0001416235378362109
294,4,1-7,adjust,0.03331628315321568,-2.34719473255879e-05,0.0007933273741973964
294,5,1-7,adjust,0.01812084481536696,0.0001256779627094245,0.0005575706142795535
294,6,1-7,adjust,0.005059556904233805,0.00013956748009834463,0.00026915175663083695
294,9,1-8,adjust,-0.0006080386772845109,1.4942181188741621e-05,0.0002071179889104327
295,2,1-4,adjust,0.0038572323361719995,-0.00024154058497276545,0.0013877544051289778
295,3,1-4,adjust,0.00995080554300298,-0.00034341075389820487,0.0014587248937047053
295,6,1-5,adjust,0.005168537370743698,0.0003685538972567864,0.00020038123335628394
295,7,1-4,adjust,0.005233536502073398,0.0005474258868150783,6.554879827160059e-05
295,8,1-5,adjust,-0.0034706660331362224,9.270834996775749e-05,0.0010437790184835687
295,9,1-5,adjust,-0.0009857815100725402,0.0002463068208451588,0.0002538828670107069
296,2,1-7,adjust,-0.009825181369794113,-7.847205828111097e-05,0.00035201158469153705
296,3,1-7,adjust,-0.026455274546899082,0.0001937563335205424,0.0003125235308524018
296,4,1-7,adjust,0.0005487359663192367,6.907826218594535e-05,0.0005488101586863063
296,5,1-7,adjust,0.018576385104290632,-1.7701816518284323e-05,0.0006101660906534486
296,6,1-7,adjust,-0.004791980512828582,-4.507620593650744e-05,7.184121157691065e-05
296,9,1-8,adjust,0.0028841646252769715,3.919272895840997e-05,9.117886577054864e-05
297,2,1-4,adjust,0.013202878314475064,-0.00029749960287985764,0.0013041617199314381
297,3,1-4,adjust,0.01904717813127565,-0.00030290822333751055,0.0006386597297148511
297,6,1-5,adjust,0.014390959953698282,-0.0005327714261195764,0.00046806711613837004
297,7,1-5,adjust,0.00541898529755205,-0.00022354112785239337,0.0004026755930171116
297,8,1-5,adjust,0.04058047384388945,-1.7281712336431092e-05,0.0003297744780040282
297,9,1-5,adjust,0.00019658059814251796,-4.7094490785347685e-05,0.0009755692204815138
298,2,1-7,adjust,-0.004240223575059915,0.0002985362408448638,0.0003970619563719239
298,3,1-7,adjust,-0.024979876014275926,0.0005768420718723807,0.00019386394361449553
298,4,1-7,adjust,-0.007094027550503596,-0.00017058345737471853,0.0007193556910913228
298,5,1-7,adjust,8.088646007863258e-05,0.00017109757290844466,0.00010391839814716222
298,6,1-7,adjust,-0.010705948141619381,0.00041348410168499895,0.0007594519116294934
298,9,1-8,adjust,0.0143990801942863,-7.214024755970139e-05,0.0006379637643132575
299,2,1-4,adjust,0.00862612659011643,-0.00047998045237718836,0.0013214764029028734
299,3,1-4,adjust,0.022109452429771023,9.826059602376518e-05,0.00040963608715788264
299,6,1-5,adjust,0.007258701511580511,-0.0001695811583515831,0.00042167702794728074
299,7,1-5,adjust,0.016579230720588065,0.00018918141642858312,0.0010522390618670529
299,8,1-5,adjust,-0.015876045097515765,-1.8490666194023372e-05,8.419121503214558e-05
299,9,1-5,adjust,-0.013754874300871066,-0.00015607860092623938,0.00023114705615793514
300,2,1-7,adjust,-0.018703795560556336,0.0006945900084120482,0.00042203960151785395
300,3,1-7,adjust,-0.01862048220125941,-0.0001563019372967848,0.0009720425768488651
300,4,1-7,adjust,-0.020037035592207802,0.0002659803158395288,0.0003136693056376976
300,5,1-7,adjust,-0.00011650862303933135,0.00014358980655342497,9.71268428220077e-05
300,6,1-7,adjust,-0.00583185807887909,-5.199569898641827e-06,0.00010118465122396477
300,9,1-8,adjust,-0.0051192631845312,0.0004853996064968677,0.00031393680806665386
301,2,1-4,adjust,0.006839723240872242,-0.0003762859321475,0.00019437708827930119
301,3,1-4,adjust,0.0012664814819206658,-3.911258740272532e-06,0.0006478401349640311
301,6,1-5,adjust,-0.007211212503880745,0.00034021088142790297,0.0006030099151339833
301,7,1-5,adjust,0.014179263133237745,0.00010753650612446956,0.0004213928788787994
301,8,1-5,adjust,0.025167352796522262,0.0003798729207158951,0.0014893843890572045
301,9,1-5,adjust,0.002971294933758778,-0.00029980435716587384,0.0008069174130091718
302,2,1-7,adjust,-0.011663639051503246,0.0004992342159941685,0.00023825329035655267
302,3,1-7,adjust,-0.013391353770607923,0.0003725261699668928,0.0008909902003734984
302,4,1-7,adjust,0.015878869389325104,0.0006380608319729183,0.0007116628372287937
302,5,1-7,adjust,-0.020371202911752703,-0.00045375109110939316,0.0006935624325268422
302,6,1-7,adjust,0.010154556837033117,0.00029548649255040543,0.00017646678282886126
302,9,1-8,adjust,0.014370335769462114,0.0005033007809732866,0.0010073925296726059
303,2,1-4,adjust,-0.0011499467094227601,0.00022610545109355128,0.00016567400581884263
303,3,1-4,adjust,0.004270089145836651,-0.00035028925363599106,8.669561060630662e-05
303,6,1-5,adjust,-0.003745698673837644,-0.00020658452737255993,0.000510297085272098
303,7,1-5,adjust,-0.029144632074185228,-8.626386811128643e-05,0.00033174063339569756
303,8,1-5,adjust,-0.018117320796669494,1.4361522924461152e-05,0.0006094401271100806
303,9,1-5,adjust,-0.00755668038345957,-0.00019044297662760434,4.7670044765708904e-05
304,2,1-7,adjust,-0.0018077039812497368,-0.00017901555429760722,0.0004704925641913337
304,3,1-7,adjust,-0.004800060950304507,-0.0001396728894583003,0.00044565690039644604
304,4,1-7,adjust,-0.04174688067814299,6.329093534282317e-05,0.00026785114934119544
304,5,1-7,adjust,-0.01884075478891701,2.7467578514123892e-06,0.0002675373768403783
304,6,1-7,adjust,0.005420275819387161,0.00023517488489506585,0.0002510535306853024
304,9,1-8,adjust,-0.002711986605631114,-0.0002855882247249482,0.00033834211436323036
305,2,1-4,adjust,-0.01386626910590589,0.00012899458368355112,0.0005254487769930355
305,3,1-4,adjust,-0.006227711764930388,7.379597500397137e-05,0.00029131163182778496
305,6,1-5,adjust,-0.017923431084823544,0.00023992810343775108,0.00019582095370908738
305,7,1-5,adjust,-0.020656729274373495,-3.849344522290311e-05,0.00011416446517062392
305,8,1-5,adjust,0.0011573407990946045,-6.835476368573474e-05,0.0004794825870680971
305,9,1-5,adjust,0.00308021315000527,-9.471244868286019e-05,0.000448898576651518
306,2,1-7,adjust,0.00994641104724563,-0.00026181631300375264,0.0005598051250315125
306,3,1-7,adjust,-0.0008433328947747824,5.873475044057921e-05,0.0003888444619488516
306,4,1-7,adjust,0.018112518156202514,0.00014610726075884396,0.00015453445040114767
306,5,1-7,adjust,-0.04157999690496177,-0.00013365812902182392,0.00027250147623028874
306,6,1-7,adjust,-0.014108119894091315,5.2012595758117036e-05,0.00027538655040589075
306,9,1-8,adjust,0.007261048498614729,0.00011182479974126341,0.0006385752869492582
307,2,1-4,adjust,-0.002315300004532143,0.00012628951734599742,0.00047418085397930545
307,3,1-4,adjust,0.004780219068833972,0.00018845490648325118,0.0002061175979119688
307,6,1-5,adjust,-0.011658557554701125,-0.000853924251197919,0.001873393392207682
307,7,1-5,adjust,-0.02100263332406081,-0.0002071020798003598,0.0008919864933209585
307,8,1-5,adjust,-0.00875650910156865,-0.0002806959501300946,0.0008700001303682396
307,9,1-5,adjust,-0.013846262903830776,-0.00012481783647991782,0.0012105703510830593
308,2,1-7,adjust,0.0009453527844571147,-0.0004912552984590023,0.00014626651954750572
308,3,1-7,adjust,-0.00870888357017871,-0.00026762119338782556,0.00044105477983961966
308,4,1-7,adjust,-0.03497892629364083,-0.0002821873738381434,8.252253071541097e-05
308,5,1-7,adjust,-0.004736668772621214,0.0003452166396077504,0.00020877340010825844
308,6,1-7,adjust,-0.013524198722286907,0.00010353999521895519,0.0004388495302209905
308,9,1-8,adjust,0.0052987663003578244,0.0006138175285926047,0.00129510489795771
309,2,1-4,adjust,0.0057384700998226856,0.0007480219418451923,0.00011339699723829167
309,3,1-4,adjust,-0.0016334045270188315,0.0005118700535106595,0.0004711542426655987
309,6,1-5,adjust,-0.0079018737552325,-0.00020456065410129652,0.0002851092694628859
309,7,1-5,adjust,-0.010307040438961825,9.671880410099551e-05,0.0009427512422035129
309,8,1-5,adjust,-0.019506169342079282,-0.00045815246766000477,0.0008177923424576868
309,9,1-5,adjust,0.003618249815945917,-0.0004964633510861389,0.0008872075721980074
310,2,1-7,adjust,-0.0014779934644245573,-0.0001204950681732508,0.00030097389501061755
310,3,1-7,adjust,-0.04167487754209183,2.283645272590676e-05,0.0012044504950522515
310,4,1-7,adjust,-0.0322329668708167,0.00016149958936699654,0.00014625309622729544
310,5,1-7,adjust,0.008717815787738855,0.00018297249798133178,0.00039888477940534166
310,6,1-7,adjust,0.00521350888049474,0.00024533398529678294,0.00042328011512942834
310,9,1-8,adjust,-0.003688257404817585,-0.0004555647930681371,0.00038870946147875576
311,2,1-4,adjust,-0.011218810596929868,0.0002746557558663288,0.0002703647997863572
311,3,1-4,adjust,0.010718396708885827,1.1434051915638686e-05,0.0005407859274199937
311,6,1-5,adjust,0.003776515615916676,0.0001395994033831987,0.00010829974580214666
311,7,1-5,adjust,0.021536512105150472,0.00021596432799190452,0.0002600815790572827
311,8,1-5,adjust,-0.0032473530091576396,0.0006790302829782376,8.935699410752025e-05
311,9,1-5,adjust,-0.00045501232408164073,-7.773868035265284e-06,0.00035133095020692596
312,2,1-7,adjust,0.006073585113385406,-6.52268280047466e-05,4.070278437471842e-05
312,3,1-7,adjust,0.029404837857559124,-0.00019362275022167925,0.00021904630237331468
312,4,1-7,adjust,-0.019928788244702744,-4.456071369866353e-05,0.00027337082332620674
312,5,1-7,adjust,0.029941469638938845,-0.0005036107251623463,0.0010412115097971732
312,6,1-7,adjust,0.002411808353793356,3.630923530704639e-05,0.0002960312190535584
312,9,1-8,adjust,0.005987363927855539,0.0002182936709815724,0.00029233242909798785
313,2,1-4,adjust,-0.018225847908797527,0.0006886058986385681,0.000993327980596447
313,3,1-4,adjust,-0.024139011946333767,9.292212234484303e-05,0.0015810690110263383
313,6,1-5,adjust,-0.013108905605610269,0.00010545354242607852,0.00068755365760298
313,7,1-5,adjust,-0.00033572998398621504,0.00025498533421315335,0.00039614118514880755
313,8,1-5,adjust,0.01785337986472519,5.78829004208376e-05,3.1804961543275126e-05
313,9,1-5,adjust,-0.008653978017821405,-0.0001270057110734043,0.0011392389177341642
314,2,1-7,adjust,-0.009077276437061462,-0.0001358018607217293,0.0003185123311513344
314,3,1-7,adjust,0.011586141694813664,0.00023378847962982866,0.0004500583679201837
314,4,1-7,adjust,0.012390017104329647,-0.00012072547543675684,0.00011860611067037683
314,5,1-7,adjust,-0.019074921939548312,7.570692488597295e-05,6.417132063806873e-05
314,6,1-7,adjust,-0.002777612793074155,-0.00039551676732136866,5.172696178196633e-05
314,9,1-8,adjust,0.021477190200142406,0.0004676929380732138,0.0006210965561603668
315,2,1-4,adjust,0.011562173079555827,-5.014982466765109e-05,0.000129038533168957
315,3,1-4,adjust,-0.01664945311010652,-6.6432858639518e-05,0.0011014138507430033
315,6,1-5,adjust,0.013926160325893092,1.6078358402402755e-05,0.00047046772685645097
315,7,1-5,adjust,-0.016533978286252582,-0.00011601629405334407,0.00026272509913394867
315,8,1-5,adjust,-0.008717607028489885,-0.0006265415400447129,0.0006502588042214629
315,9,1-5,adjust,-0.013380830576629548,-0.00039070869884786307,0.0006990229809016935
316,2,1-7,adjust,0.005206566822741781,-9.339646111565354e-05,0.0003547279852427877
316,3,1-7,adjust,-0.0018293774171865838,-0.00011890325378088214,0.00030204871581763517
316,4,1-7,adjust,-0.02700469240832137,-8.753991871748367e-05,0.0003636443103053486
316,5,1-7,adjust,-0.0263419978033038,-0.00013246061985379702,0.00015334224388329021
316,6,1-7,adjust,0.001268341110339095,-8.505750120766928e-05,0.0011529414041857903
316,9,1-8,adjust,-0.0006768446014253121,4.895710097087488e-05,0.0002318282427704032
317,2,1-4,adjust,0.007099423939005995,-0.00033183986584670456,0.00015996152937898173
317,3,1-4,adjust,-0.015366747775401361,0.0007397596910576105,0.0007548722663998879
317,6,1-5,adjust,-0.013548125498663912,0.00046017431466932726,0.00032939727884417067
317,7,1-5,adjust,-0.009815250897091078,-0.0004029792889428568,0.0009998414665540291
317,8,1-5,adjust,-0.00355535545451187,-7.86565246949992e-05,0.0006189460845992417
317,9,1-5,adjust,-0.017742998838308387,-0.0005904681211162021,0.0005547927084465622
318,2,1-7,adjust,0.017377218002148358,-0.0007436765710368061,0.0008113503497047627
318,3,1-7,adjust,0.009419029645077117,-0.0003076017718177252,0.0002902041575314177
318,4,1-7,adjust,0.023969481310657723,-0.0004291383814125918,0.00040180916601260876
318,5,1-7,adjust,-0.014634101756776638,0.0002515850960247612,0.0005478962877850601
318,6,1-7,adjust,0.0005344820528169885,-0.00023960559913287484,0.0010225198243444598
318,9,1-8,adjust,0.005060263427920029,0.00034665237026770655,8.567615364686502e-05
319,2,1-4,adjust,-0.0026958615239932567,-0.00023522596042603263,0.0008632737431702413
319,3,1-4,adjust,0.00875226448239368,-0.00016849997601810684,0.00027383137736828786
319,6,1-5,adjust,-0.006049021578507279,-0.0001598058102109054,0.00018379633062633527
319,7,1-5,adjust,-0.015502038005069881,0.000294849508262321,0.0004468311305451834
319,8,1-5,adjust,-0.035146484833444534,4.848509714993273e-05,0.0003747419201113004
319,9,1-5,adjust,-0.004924565645883299,6.155298826099406e-05,0.0001565820932835561
320,2,1-7,adjust,-0.006962763814517146,0.0002554048382334499,6.647665788512609e-05
320,3,1-7,adjust,0.004797907432382398,-0.000132480742878857,0.00017156667833231128
320,4,1-7,adjust,-0.00040541223373070055,0.0003708969006641759,0.0005775849437076396
320,5,1-7,adjust,0.017340645714914747,0.00012758522383978318,0.00019543706575363972
320,6,1-7,adjust,-0.017774597930978228,0.0002454847791282089,0.0007002291226532124
320,9,1-8,adjust,-0.013034857349009506,0.0001502921995264101,0.00041893919840773947
321,2,1-4,adjust,-0.012325144958921102,0.0001922449721217023,0.00018099657410278156
321,3,1-4,adjust,-0.004868300182410466,0.000380670149643363,0.0006796228113814784
321,6,1-5,adjust,0.011728116086142697,-0.00010050661313094732,2.6980949122650982e-05
321,7,1-5,adjust,0.04591481631368325,-0.00028158142161184476,8.787510811613431e-05
321,8,1-5,adjust,0.0059035511671837885,0.0003759316434084949,0.00026221151361494803
321,9,1-5,adjust,-0.0013467464585389323,-0.0001267643291356771,0.000646368163568941
322,2,1-7,adjust,0.010032074109588144,0.00011766786181226383,0.00021935797810875766
322,3,1-7,adjust,0.01784735405530065,-0.00016888331509780236,0.00014117744197853537
322,4,1-7,adjust,0.019990283326412037,-0.00010132907874214023,0.0002708252897410116
322,5,1-7,adjust,-0.001377428695209795,-0.0004186801628334661,0.00023990015449241886
322,6,1-7,adjust,0.020231987054079754,0.0002900641438789788,0.0002647510641815355
322,9,1-8,adjust,0.00018156318536339026,0.00013063016468818642,0.00029810485959515584
323,2,1-4,adjust,-0.005132914811214886,-6.830987449013018e-05,0.0005982878973742662
323,3,1-4,adjust,-0.00919892638767649,-0.0003465164901098821,0.00020777922357035809
323,6,1-5,adjust,-0.01907282555176223,-0.0001779517942159828,0.0007407571641712153
323,7,1-4,adjust,-0.007845806306349205,-0.00027953458650932696,6.738140276287738e-05
323,8,1-5,adjust,0.009405682306233934,-2.7507159582756927e-05,0.0003554581828789014
323,9,1-5,adjust,-0.004411779350133453,-0.00043009136687021624,0.0004651575506091426
324,2,1-7,adjust,0.01298514908842209,-0.00011452264585106094,0.0004370750897223368
324,3,1-7,adjust,0.030656460369737248,-0.0003611602457746926,0.00012194123701545027
324,4,1-7,adjust,0.010963126407898567,-0.0005478816478634403,0.00048785534056642406
324,5,1-7,adjust,0.02033383803539337,0.00014248252550591857,0.000146315926474459
324,6,1-7,adjust,0.023932691326849907,0.00015543060562263076,0.00042302917393340425
324,9,1-8,adjust,0.01042163702346917,0.0003256168567188537,0.0006067077396944367
325,2,1-4,adjust,0.006409362532541424,3.6918321279690157e-05,0.00047403910841124314
325,3,1-4,adjust,0.0009532483037460828,3.992929773814291e-06,0.00014227241949428115
325,6,1-5,adjust,0.007887322669855834,-4.1356635607958025e-05,0.0013184110714984665
325,7,1-5,adjust,0.0011313396698858058,-2.0343134362995815e-05,0.00048646757542725926
325,8,1-5,adjust,0.0055489914405519114,-0.00015026401114781184,0.00030160289955344604
325,9,1-5,adjust,0.01558701390008008,2.960611475165942e-05,0.0009040242173491938
326,2,1-7,adjust,0.006470182959126107,-0.0002039643522446826,0.00047562059301111797
326,3,1-7,adjust,0.008544985280706213,7.673918005149387e-05,9.434588499348212e-05
326,4,1-7,adjust,0.00982813327854648,0.0002901892272688134,5.2561466912663223e-05
326,5,1-7,adjust,-0.006999192589726998,9.419966867437757e-05,0.00011755366662638736
326,6,1-7,adjust,-0.026817257869253368,-0.0001350686256384552,0.00034796555208027656
326,9,1-8,adjust,-0.004328250742220489,0.0002175660895957427,0.00020930810593640324
327,2,1-4,adjust,-0.008748600169453545,-8.43273168903414e-05,5.1274278724620394e-05
327,3,1-4,adjust,-0.0011054429612556952,0.00011733160132298406,0.0009939437851033328
327,6,1-5,adjust,0.0034228126549224035,0.00022603964933509888,6.209185429297921e-05
327,7,1-5,adjust,-0.00032966971239707584,0.0002618842316381692,0.0004794850345690936
327,8,1-5,adjust,0.0028785305695179634,-0.00010067892917854487,0.00018837345556072712
327,9,1-5,adjust,-0.003410253108008712,-0.00013254698897256645,6.30489841497742e-05
328,2,1-7,adjust,0.010166348839474782,-0.0002442550529431309,0.00032186150920773305
328,3,1-7,adjust,0.008185296551736106,-3.080415584916292e-05,1.5090527883207647e-05
328,4,1-7,adjust,-0.0025454655474384286,0.0001652159018515402,0.0002330124249210829
328,5,1-7,adjust,0.015017245596934311,-5.563005870004021e-05,0.0001587844910815862
328,6,1-7,adjust,0.0005508837706549083,-0.0003245007322688991,0.0010229588743699031
328,9,1-8,adjust,0.00813771233058511,5.9442911589489486e-05,0.00048058471081160136
329,2,1-4,adjust,-0.008800125872448567,0.00015838907700318987,0.00038601401737675217
329,3,1-4,adjust,-0.006412958703258227,0.00022664172353440193,0.0002132714933241952
329,6,1-5,adjust,-0.002289456648860672,-4.7280148619008465e-05,0.00014068907512065844
329,7,1-5,adjust,0.016946991904612872,6.939492471714669e-06,0.00030678161403961863
329,8,1-5,adjust,-0.019680299833366742,-2.84512924818328e-05,0.00031284589033638065
329,9,1-5,adjust,-0.0037820612640527326,-0.0003169935602808651,0.0005941211727290161
330,2,1-7,adjust,0.003565200467960111,0.00013845959228782676,0.0005602265078928163
330,3,1-7,adjust,-0.02255088532941411,-0.0003133470155195621,0.0006138915549694019
330,4,1-7,adjust,0.000961236439795264,-6.631444119442416e-05,9.513314120146194e-05
330,5,1-7,adjust,0.009500622396224415,0.00034062502056231915,0.0002987020987384725
330,6,1-7,adjust,0.03122961611488287,-0.0001880678582134078,0.00024049577461153165
330,9,1-8,adjust,-0.011787727540275496,-0.0002505307137976866,0.0006362983475094142
331,2,1-4,adjust,-0.0012865420422190914,-0.0001096369502956694,0.00018061482231479043
331,3,1-4,adjust,-0.011610145410657994,-0.0002966892757948593,0.0002678439989315699
331,6,1-5,adjust,0.018266396986146256,0.00020526034255436654,0.0007827989763336726
331,7,1-5,adjust,0.00959839062332975,0.00022444705024448675,0.000376591877835751
331,8,1-5,adjust,0.02233944368915787,0.00013052624864402904,0.00039828407741786904
331,9,1-5,adjust,0.02523457649845418,0.0006420758800663718,0.00034670023148807385
332,2,1-7,adjust,0.012546116032099017,0.00011059582060415133,0.0006266785850019529
332,3,1-7,adjust,0.02178795483705703,5.045002120002745e-05,0.00014236762801498047
332,4,1-7,adjust,0.039155995802743024,-3.817462874373793e-05,0.0001574478930602243
332,5,1-7,adjust,-0.012842179705931555,-0.0003457460634758245,0.0008838312276453341
332,6,1-7,adjust,-0.00873362925810184,1.5588099127941763e-05,0.0004296415274661886
332,9,1-8,adjust,-0.0027461678444713417,8.667229389469332e-05,9.008454004489633e-05
333,2,1-4,adjust,0.006853446153060709,0.00014837582325364214,2.403514668156826e-05
333,3,1-4,adjust,0.011998553589510701,0.0005121919554691546,0.0006481979733948132
333,6,1-5,adjust,0.008605578244527224,-0.00026914939638492146,0.00016218885198943824
333,7,1-5,adjust,0.009340764273421726,0.0004469824540261729,0.0004365922953082917
333,8,1-5,adjust,0.004449181427900596,-0.00015289383865858344,3.9621382624870256e-05
333,9,1-5,adjust,0.014435083262073883,0.00015458309866185263,0.0001567647998312302
334,2,1-7,adjust,-0.027524085263496454,0.0004349551951336198,0.0005014592542221311
334,3,1-7,adjust,-0.044586893253108835,0.00011666241819916691,0.00010821864880058174
334,4,1-7,adjust,-0.08034394154442565,0.0003398731637930035,0.0008265295972733161
334,5,1-7,adjust,-0.022659920696601284,-0.0002872554705075304,5.3167341202626524e-05
334,6,1-7,adjust,-0.01875618344744136,0.0003475940077387336,0.00048004206752810287
334,9,1-8,adjust,-0.00587984659457319,-9.353288630900606e-05,0.00011615693097453728
335,2,1-4,adjust,-0.01142152549887253,0.0001655936056241517,0.0005198472103786928
335,3,1-4,adjust,0.0007843251370452642,0.0001466419754086248,0.0006517022233426024
335,6,1-5,adjust,-0.0320106110105223,-0.00017698335598970765,0.0004323732270152764
335,7,1-5,adjust,-0.03559974874003683,-0.0002936689066366568,0.0007843752125207865
335,8,1-5,adjust,0.015123956525299513,2.4306754595115354e-05,0.000953894721493825
335,9,1-5,adjust,-0.015163854778177636,1.191966322029128e-05,0.00016521990088227983
336,2,1-7,adjust,0.009564471968861404,-0.0003892562029575623,0.00011349646404132538
336,3,1-7,adjust,-0.013403392386720144,4.3257946009406494e-05,2.858012942243809e-05
336,4,1-7,adjust,0.01841666577573435,0.00014605317815185234,0.0004946412260506643
336,5,1-7,adjust,0.009724573539979872,0.0005493550809023698,0.00040479627142069535
336,6,1-7,adjust,-0.015721258724137946,-0.00030841245361651706,0.0002789870350392998
336,9,1-8,adjust,0.0019333628650205195,-0.00020054495057989085,0.0007007394711591764
337,2,1-4,adjust,-0.0234540625806195,0.0002601460098628722,6.580522356266697e-06
337,3,1-4,adjust,0.0062233456043772105,-4.992849815929784e-06,0.0003076396571071507
337,6,1-5,adjust,0.01000252992185294,0.00035942576796381924,0.0005174240726820043
337,7,1-5,adjust,-0.0027591056771996887,-0.00021454396540341615,0.00012369650999034565
337,8,1-5,adjust,-0.027379376965784616,0.00020338111188394247,0.0004294136937686924
337,9,1-5,adjust,-0.006905159983078184,-2.3467455784776566e-05,0.0007038258808397437
338,2,1-7,adjust,0.0039396260778801736,0.00016142247730482185,1.2756446983120308e-05
338,3,1-7,adjust,0.02786286202039762,-0.00010593017824331653,0.0003569923423061978
338,4,1-7,adjust,-0.0005061566766229723,0.0002620804552196487,1.847654329330735e-05
338,5,1-7,adjust,0.02717024894340978,-0.000262444966091045,0.0009030370054453847
338,6,1-7,adjust,0.003785401244415149,-0.0002759826157588121,0.00012307246478051215
338,9,1-8,adjust,-0.0041885241585093705,-7.276917057000444e-05,0.00038974410658326085
339,2,1-4,adjust,-0.012931950350166341,0.0003519408595446448,0.0007114083832250594
339,3,1-4,adjust,-0.01769037288602154,0.00019431582447652178,0.0010590969284422719
339,6,1-5,adjust,0.024356781741122543,-0.00020939975310523283,0.0001972069585634498
339,7,1-5,adjust,0.0029028186073487747,0.00037463159927811617,0.0007766756115531666
339,8,1-5,adjust,0.010161966133106434,0.0001112144645120448,3.700473395599972e-05
339,9,1-5,adjust,-6.107774387825906e-05,-0.00014831197219926416,0.0008769869721292846
340,2,1-7,adjust,0.0018882199212545178,-3.6071664427223857e-09,0.00047050113245078397
340,3,1-7,adjust,-0.018954017784285383,6.549693047949164e-05,2.799022288308358e-05
340,4,1-7,adjust,-0.008611475687933483,-8.475575443679136e-05,1.4228174675364183e-05
340,5,1-7,adjust,-0.024375721983688658,-0.0002055261110519262,0.0005071226125266006
340,6,1-7,adjust,-0.030519732321623555,-7.069278319796661e-05,0.0001515317996142677
340,9,1-8,adjust,0.004793871522520062,0.00032924813114724777,0.000419136357808982
341,2,1-4,adjust,-0.002309870426551779,-0.0002082229991629822,0.0008147695645156755
341,3,1-4,adjust,0.0012191719764341926,-0.0001722905894463276,0.0002520242012836814
341,6,1-5,adjust,0.009510798505226034,0.0003186515825144042,0.00044430864722973647
341,7,1-5,adjust,-0.032261683660023494,-0.0003834129619785295,0.0007204341819420944
341,8,1-5,adjust,-0.005784515695694941,-0.00028596324340479927,0.0007992300786433315
341,9,1-5,adjust,-0.006932684932933609,-0.0002427963074738995,0.0005683499034321542
342,2,1-7,adjust,0.01328365251942511,-2.5726159879901856e-05,0.00016726551614735364
342,3,1-7,adjust,0.02721186812655612,-5.5616376171945106e-05,0.0003121255493636103
342,4,1-7,adjust,0.04715002374861634,-0.00042330641065942436,0.00037856259383472725
342,5,1-7,adjust,-0.021349861233447252,8.553398528602465e-05,0.00021088840173504172
342,6,1-7,adjust,-0.00801031192591482,-9.552755124906154e-05,0.0005741128293521299
342,9,1-8,adjust,0.0030599946525538247,0.00015017676700566603,2.620031350996982e-05
343,2,1-4,adjust,0.0034973865691407206,0.00022747780893403512,0.00011266746592182496
343,3,1-4,adjust,0.009811059078010479,-0.0001631660792451154,0.00022107329249976471
343,6,1-5,adjust,-0.002171611722469101,0.000169288727631588,0.0003943056674166863
343,7,1-5,adjust,0.004295783760064028,-7.331353308159267e-05,0.00044683930803396984
343,8,1-5,adjust,-0.010387771016950278,9.920295727653215e-06,0.0002640032003522342
343,9,1-5,adjust,0.0067952814150329536,0.00013001684081126937,0.00018474125665334277
344,2,1-7,adjust,0.0008328291318375327,-0.0005596271505624302,0.0003624999317258109
344,3,1-7,adjust,-0.012340137791737515,0.000174235960543268,0.0005227010138505711
344,4,1-7,adjust,-0.02178634309684057,-0.0004572437199408782,6.109530896987088e-05
344,5,1-7,adjust,0.00579565492189975,5.754332201475696e-05,0.0005312515247982897
344,6,1-7,adjust,-0.011961700900822742,0.00018241253929442172,0.00023872257010836194
344,9,1-8,adjust,-0.003444534151952684,-0.0005116700968245313,9.871277882340137e-05
345,2,1-4,adjust,0.0092664952500844,-2.62111131854874e-05,1.0061672331603364e-05
345,3,1-4,adjust,0.002775709473017099,-0.0004394964158619167,0.0004520778782401343
345,6,1-5,adjust,0.006603683761479801,8.926232515786255e-05,0.0004983642927727524
345,7,1-5,adjust,-0.0018226167143658694,8.764585112870136e-05,0.00013786655189225772
345,8,1-5,adjust,0.011303181090216491,0.00029445260822595555,0.00048558538000412
345,9,1-5,adjust,-0.006897057592058382,0.0002092473371354232,0.00048486920556610556
346,2,1-7,adjust,0.0016796793056718744,0.00026917431231550897,0.00011800787156374022
346,3,1-7,adjust,0.052505410486912804,-1.0420906888506322e-06,0.00028433362946731026
346,4,1-7,adjust,0.0026180262706931596,5.14370861699714e-05,0.0003432928720226669
346,5,1-7,adjust,0.018691853931480592,0.00024162791336127537,0.00023522440446274668
346,6,1-7,adjust,-0.012401557380014258,-0.0004305166436526981,0.00042052898176669646
346,9,1-8,adjust,0.014541410846437137,0.00015571404603035072,0.0006386577720005433
347,2,1-4,adjust,0.0025569252698788734,-0.000274041052726957,0.00043692834593921434
347,3,1-4,adjust,-0.02037570584658226,0.0002056936360248586,8.846297554391718e-05
347,6,1-5,adjust,0.02286239565814172,0.00029617035604177165,0.0005446028444222356
347,7,1-5,adjust,0.01614008644366366,9.2627437981592e-05,0.0004258219751947619
347,8,1-5,adjust,-0.016609112292169204,-0.0004306697630283861,0.0005812272450706245
347,9,1-5,adjust,-0.011617787164679934,-0.00011040668126838635,1.9896403129200483e-05
348,2,1-7,adjust,-0.012011047690358921,-3.388933402819367e-05,0.0007697503358123694
348,3,1-7,adjust,-0.013067324761466348,-0.00010926540242584561,0.0003665891548609162
348,4,1-7,adjust,-0.010648588080914958,0.0001383068419912999,0.0006036097075961127
348,5,1-7,adjust,-0.005592998299346324,-4.8360598439992484e-05,0.00018464025533207855
348,6,1-7,adjust,-0.016430742363768274,-0.00010879721739481848,6.997140547802703e-06
348,9,1-8,adjust,-0.0011875221932360575,-0.00017651344797722083,0.00012011739299355136
349,2,1-4,adjust,-0.008133315110385786,0.0005307418654114826,0.0002905022346984716
349,3,1-4,adjust,-0.019082358405272296,0.0005620593364148306,0.0007064798585197904
349,6,1-5,adjust,0.0007530613310355647,-2.0359415529735176e-05,0.00011396380234609761
349,7,1-4,adjust,0.016819576289180373,-4.3761479423115936e-05,2.5185089870226943e-05
349,8,1-5,adjust,-0.016456840913704102,5.5244875665596315e-06,0.0004556734267467018
349,9,1-5,adjust,-0.0008428232590336569,1.9993485452054996e-05,0.00033048056726764304
350,2,1-7,adjust,0.002266835183342322,-0.0001711235307343231,0.0006402002329961461
350,3,1-7,adjust,-0.010524113045837708,-0.0004753721438108872,4.339465276806897e-07
350,4,1-7,adjust,-0.01654002633903283,2.758865667494434e-05,0.0005951990563350126
350,5,1-7,adjust,0.017201052098746377,0.00034482919447591834,0.00025459854390699657
350,6,1-7,adjust,0.006964756830769904,-0.00013826748899320598,0.0007370150924874423
350,9,1-8,adjust,-0.011056088237150333,-0.0003329884156243415,0.000452185048892047
351,2,1-4,adjust,0.012868985731363605,-0.0005020544279328688,0.0002818362776580203
351,3,1-4,adjust,0.000568805875415232,0.00019811276172873013,0.0005063271819192821
351,6,1-5,adjust,0.028602863254481126,0.0002722002301025002,0.0002932113854559848
351,7,1-5,adjust,0.01007732068567292,0.00028702179167815726,0.0005545873070364077
351,8,1-5,adjust,0.03236246849546758,-0.00013514421234961713,0.0002170560629517549
351,9,1-5,adjust,0.018520258569091813,0.0005813593128714994,0.0007390507486147157
352,2,1-7,adjust,-0.005783509440090114,0.0001529903128244341,0.0004457241749002805
352,3,1-7,adjust,-0.03635520125624181,-0.00033026619871579074,0.00017241384496041487
352,4,1-7,adjust,0.027676670562426373,4.808652484344419e-05,0.001038226631798831
352,5,1-7,adjust,-0.012199448510540337,-7.156848327007275e-05,0.0004367788139030787
352,6,1-7,adjust,0.012012686195343144,7.155264634943148e-05,0.00038192796002005304
352,9,1-8,adjust,-0.009390888044744939,-0.0002335286233970417,0.00105671054654836
353,2,1-4,adjust,-0.0019464361576524002,0.00038870220453732907,6.518817663189668e-05
353,3,1-4,adjust,0.0292153323548838,2.4748359141089532e-05,0.0002446468737374608
353,6,1-5,adjust,0.006104286880587655,1.0280344108753527e-05,0.0001766349395878922
353,7,1-5,adjust,0.01416256339162024,-0.00014818083479516657,0.0004730259006128037
353,8,1-5,adjust,0.02711180168652737,0.00047757361087987415,0.0003546228553055566
353,9,1-5,adjust,0.014708119191021225,0.0002915465396527562,0.0005933171392810165
354,2,1-7,adjust,-0.016425966831656393,4.310791585170907e-06,0.00012754315537171772
354,3,1-7,adjust,-0.003253058121335305,0.0005983798782204642,8.660122353716018e-05
354,4,1-7,adjust,0.0098895219190042,0.00011042151119220972,0.00032298743236359686
354,5,1-7,adjust,0.0350379098656058,0.00012805430865860774,3.4972068989076574e-05
354,6,1-7,adjust,-0.013892420415999494,-0.00033250613389329683,0.0001918422011231282
354,9,1-8,adjust,0.00028692111047851505,2.949843164470923e-05,3.676516504908199e-05
355,2,1-4,adjust,0.0012260108773497304,-0.00011333426449342023,0.00049556484500044
355,3,1-4,adjust,0.012205751449059185,-0.0004144256025573374,0.00016262472514380096
355,6,1-5,adjust,0.024006518140645597,0.00011585468052672649,0.0002984483708173573
355,7,1-5,adjust,0.017856859238110593,0.00021505021451352478,6.636330030296956e-05
355,8,1-5,adjust,0.03394044905695518,0.0003785091902207651,0.00013336741620278603
355,9,1-5,adjust,0.0014383453464550582,0.00019130495644637015,0.0003845904412178992
356,2,1-7,adjust,0.02010021285127887,-6.391819235554651e-05,0.0008464255416245467
356,3,1-7,adjust,-0.04767763975894823,0.00036691326974280255,0.00013266960068140625
356,4,1-7,adjust,-0.036913864677595075,-0.0003234489258586241,0.00019248509193985042
356,5,1-7,adjust,-0.016412431304488852,-0.0004583006137922779,0.0007905466023587674
356,6,1-7,adjust,0.010460533097322033,0.0002502021099493981,0.00025824869802355615
356,9,1-8,adjust,0.010050122881330776,-9.953201841945321e-06,0.0004945960010978061
357,2,1-4,adjust,-0.003958279995803037,-0.00015655540048147235,0.00013524701590632318
357,3,1-4,adjust,0.033594895135490535,-3.0126163988388584e-06,0.00047753000368498444
357,6,1-5,adjust,-0.02122868950424969,7.362278593615742e-05,0.0002984826026535035
357,7,1-5,adjust,-0.003989509866891823,-0.00032367356734514554,0.0007084223834140815
357,8,1-5,adjust,-0.009569502026124978,-3.058995954543707e-05,0.00028289686511136247
357,9,1-5,adjust,-0.013288352510943116,-6.414929429769469e-05,0.0007703131818944702
358,2,1-7,adjust,0.0031324751406661623,-0.00031069324432337925,0.0011006437343907291
358,3,1-7,adjust,0.033884784627125956,-0.0004267216726686626,0.0010630575599869362
358,4,1-7,adjust,0.01956085166030144,-0.0001804521052789817,0.0007618191484682001
358,5,1-7,adjust,0.009311842436332984,0.00044537945023936086,0.00015990025395257653
358,6,1-7,adjust,0.021486532728783567,0.00017512147019857884,0.00036564407547827547
358,9,1-8,adjust,0.013815345731882056,0.0005777183035867406,0.0005651382848062841
359,2,1-4,adjust,0.004434688689137627,5.078983124407407e-07,6.481800950650131e-05
359,3,1-4,adjust,0.0007069117226431188,0.0002186334289733664,0.0003985141660219698
359,6,1-5,adjust,-0.011177990094587727,-0.00024186946439673268,0.0004192940733097991
359,7,1-5,adjust,0.007648341719599737,2.1607874286423675e-05,0.0008232913386732097
359,8,1-5,adjust,0.012702217289812055,0.00010778109005961618,0.0009028911633924756
359,9,1-5,adjust,-0.03648066620943569,-0.0006222011635669497,5.154697224780352e-05
360,2,1-7,adjust,-0.005218995437479219,0.0003650673646471046,0.0009227302780367536
360,3,1-7,adjust,-0.027223520268477644,-4.691546466093878e-05,0.0006702370215300558
360,4,1-7,adjust,-0.02750109057051939,0.00024060411770736203,0.0007521693793228347
360,5,1-7,adjust,0.021410748503565044,-0.0005049477078575434,0.0011264023382004053
360,6,1-7,adjust,0.02824430360768768,0.0008503837725029121,9.500858225639105e-05
360,9,1-8,adjust,0.03502611352200183,0.0006168561872379725,0.0008055543921908961
361,2,1-4,adjust,-0.006268499480880116,-0.00023002626180876213,0.0001373382807399596
361,3,1-4,adjust,0.0019722237376870334,3.15059820417919e-05,0.0010272500614675268
361,6,1-5,adjust,-0.01354375083736563,-0.00043109973774929373,0.0014129850281586573
361,7,1-5,adjust,-0.02141027688228122,6.755147513806538e-06,0.0005954884891665907
361,8,1-5,adjust,-0.029594536173757683,0.0004188735405584995,0.0003288058002044593
361,9,1-5,adjust,-0.00896226637272322,-0.0005105803890999145,0.00039853443709887167
362,2,1-7,adjust,-0.00027862212653750353,3.346328471971519e-05,0.0009176531148021405
362,3,1-7,adjust,-0.026531339623910282,4.348101051643164e-05,0.0006293333712758387
362,4,1-7,adjust,0.015319359993546125,0.00045528892714055626,0.0003282221557908816
362,5,1-7,adjust,-0.015702352692512665,-7.827242378284237e-05,0.0005250966739460209
362,6,1-7,adjust,-0.004594082457410304,-0.0001188037362396429,9.29862733085628e-05
362,9,1-8,adjust,0.01581453647136577,0.0003312291714145162,0.0008265140996575025
363,2,1-4,adjust,-0.006690888232178291,0.0002171952001599957,0.0010465207233716228
363,3,1-4,adjust,0.01199523454245064,5.6046488155818595e-05,0.0013684149358947678
363,6,1-5,adjust,-0.017332184727120458,0.00014789792903629974,0.0004603456027315965
363,7,1-5,adjust,0.006586564574502557,-0.00014485536906515766,0.00023914997346104707
363,8,1-5,adjust,-0.005381980389153715,0.00010086524573175664,4.41565609329478e-06
363,9,1-5,adjust,-0.015010013571041328,-0.00020472363713070824,0.0003919625190187458
364,2,1-7,adjust,0.019417485796775158,-0.00028380317854209106,0.00026401864605502597
364,3,1-7,adjust,0.0041773805202248845,0.00033354790098315284,0.0005427267800471702
364,4,1-7,adjust,0.04275152135873262,-0.00029002788296569345,0.0013279295357153664
364,5,1-7,adjust,0.04241669259296556,0.0005250696804894489,0.0005525751632312414
364,6,1-7,adjust,0.000529349635498564,-0.00043911083061548935,0.0011607393742493152
364,9,1-8,adjust,0.013868381372111098,0.0004746140820383798,0.0007422128028383881
365,2,1-4,adjust,-0.0029296328719847237,-0.00030129388820383427,0.00031571454986332326
365,3,1-4,adjust,0.03004922849330879,-0.0005138443613473073,0.0003138500251565554
365,6,1-5,adjust,0.043036553272633664,0.00018408859557251937,0.0009637634679977476
365,7,1-5,adjust,0.04821717332207586,-3.15294385214125e-05,0.0006055735111343407
365,8,1-5,adjust,-0.005661708621284688,-0.00023563881796973116,0.0004075798451875188
365,9,1-5,adjust,-0.0012663642169791216,-0.0001651186708911154,0.0014466817838223065
366,2,1-7,adjust,-0.004339193832625045,0.0006949296673321308,0.00043101418814148857
366,3,1-7,adjust,0.021247339384238034,-2.9309385419052386e-05,0.00036245096253068997
366,4,1-7,adjust,-0.0037667393961546246,6.440247440979485e-07,0.0002871646776287768
366,5,1-7,adjust,-0.00027158500429264883,-0.0001410855914563557,0.0001693402583364226
366,6,1-7,adjust,0.005805277410982401,-0.0001261000117537894,0.0007588839070079465
366,9,1-8,adjust,0.0008642934757866623,2.925345297307887e-05,0.0004323486600144943
367,2,1-4,adjust,0.008833748248138382,-0.00016781833108637758,0.0002063675349918748
367,3,1-5,adjust,-0.004173700879955527,-0.00010224708676530861,5.51608311946066e-05
367,6,1-5,adjust,-0.004826136025082658,0.00015954158563898603,0.00034702725418893707
367,7,1-5,adjust,0.009902826336502081,-6.80109819395882e-05,0.0005631847385650351
367,8,1-5,adjust,-0.02376714111111891,-0.00016055163896933194,0.0006226826472928811
367,9,1-5,adjust,-0.0027000605764889423,-8.076375407035818e-05,0.00011664274449369879
368,2,1-7,adjust,0.0036043566612629016,-6.632894301749221e-05,0.00112255822425804
368,3,1-7,adjust,0.02589230938985298,-0.000535640409693344,0.0015122217741721398
368,4,1-7,adjust,0.02746859403577688,-0.00020708419144856654,0.0010398907048555148
368,5,1-7,adjust,-0.006385980450528539,-6.941085656108199e-05,0.0012572328539654828
368,6,1-7,adjust,0.029687962208972407,-1.4378588954745203e-05,0.00153402985041505
368,9,1-8,adjust,-0.010469088023779098,-0.00030829161149373594,0.0004734706974704048
369,2,1-4,adjust,-0.008119390639642704,-0.0005036206188245755,0.00014294184847545458
369,3,1-5,adjust,-0.0042589905655741524,0.00020386520167784517,3.277682941639351e-05
369,6,1-5,adjust,-0.017472836977824355,-5.5900743854091885e-05,0.0009075346889430013
369,7,1-5,adjust,-0.039172607761471495,0.0001563570418227687,0.0002685382433624519
369,8,1-5,adjust,-0.014183415766697917,-0.0002059433861012365,0.00018114463168860865
369,9,1-5,adjust,0.009006815110215099,1.707067741915847e-05,0.0004666916205008926
370,2,1-7,adjust,-7.330197327559434e-05,0.0003259267444120409,0.000648909308878739
370,3,1-7,adjust,-0.04288892299399981,0.00023631999193756643,0.0004514106669080993
370,4,1-7,adjust,0.020774775179069692,-0.00023766310887894177,0.0006588182814331126
370,5,1-7,adjust,-0.04707788311535745,-0.00041700634423341964,0.0008109986012450807
370,6,1-7,adjust,-0.019231389004282805,-0.0003123534096148451,0.0008831868752313378
370,9,1-8,adjust,-0.007202387886387625,7.063896000552861e-05,0.00030055485933554854
371,2,1-4,adjust,0.0159359563646342,-0.000276959806403198,0.0003700627091964585
371,3,1-4,adjust,0.033592091381973964,-0.00022248031267323179,0.001132916016708087
371,6,1-5,adjust,-0.03689579018055213,0.00020538197504788147,0.0002503788057384559
371,7,1-5,adjust,-0.05365100975206756,-4.512322312423699e-05,0.00014026436895537073
371,8,1-5,adjust,0.0048062990269604165,0.0001432563267203638,5.5485776855718665e-05
371,9,1-5,adjust,-0.01212004879443497,-0.00016354049512619584,0.0005293778034083143
372,2,1-7,adjust,0.0039245574598432455,0.0001397929373838176,0.00038558937104307033
372,3,1-7,adjust,-0.02258963287021582,0.0005060512175325796,0.0001355785472644545
372,4,1-7,adjust,0.012934866897333447,0.0004131035337429716,0.0003772297355522418
372,5,1-7,adjust,-0.01018083739424844,0.00020598995693790715,0.00029582502538314583
372,6,1-7,adjust,-0.015509503075993894,-4.3848552836795166e-05,0.0011020700990817451
372,9,1-8,adjust,0.006366482638840487,-8.105002960239797e-05,0.0007864593039547049
373,2,1-4,adjust,0.010893511917922361,-0.0004323863833455338,0.0015011955198591233
373,3,1-4,adjust,0.03291385093870677,-0.0003448079020038073,0.001392989672477636
373,6,1-5,adjust,0.0002563537562435851,0.00014179929801416707,0.0008418127127881256
373,7,1-5,adjust,-0.011197463616122706,-0.0003003952065546672,0.0003759421205453081
373,8,1-5,adjust,0.004277696980415382,-0.0004909837338638564,0.0005452923196860049
373,9,1-5,adjust,0.017362831634805433,-3.2725435606122865e-05,0.00024833334424035307
374,2,1-7,adjust,-0.01764107124328525,0.0003844354250725418,0.00048678935850169855
374,3,1-7,adjust,0.0006584513583995143,-0.00013165342200230956,0.0005814001043085824
374,4,1-7,adjust,-0.027235215169448955,0.00024278598300118485,5.3931823935248095e-05
374,5,1-7,adjust,7.523814277464583e-05,-0.00012125015653923637,0.00047725647565182545
374,6,1-7,adjust,-0.004349557798215579,0.000146625811836231,0.00024891585104346747
374,9,1-8,adjust,-0.004672277976255959,-0.00027690081460423705,0.0007180206455343208
375,2,1-4,adjust,0.0002122496724028076,0.0003535340021640408,0.0003513711880250753
375,3,1-4,adjust,-0.002349079447048908,3.672822048197988e-05,0.0008569707616679763
375,6,1-5,adjust,-0.014018727708746412,-0.00021527988211420972,0.0007382407006863879
375,7,1-5,adjust,0.025470800496823126,-0.00010095224490377528,0.0009042055734569007
375,8,1-5,adjust,0.004114349735536763,0.00019974520093707867,0.00010000998306168102
375,9,1-5,adjust,-0.0077928599806509355,0.0005318903180956465,0.000751648069469922
376,2,1-7,adjust,-0.005023830895073311,-9.413337893623732e-05,0.0006589459964220398
376,3,1-7,adjust,0.03470595602657576,-0.0003256960885789533,0.0006118831678182449
376,4,1-7,adjust,-0.004333458369870592,-0.0003426330966250068,0.00039200133574870494
376,5,1-7,adjust,-0.002339949774999016,-0.0006312759874232887,0.0001095757576326486
376,6,1-7,adjust,0.006805513449769824,-0.0003940560730951711,0.0003118911369904725
376,9,1-8,adjust,-0.009118143961768795,-0.00032784784736591364,8.337041833198117e-05
377,2,1-4,adjust,-0.0018533130434867783,6.41694460980184e-05,0.0011389399786715017
377,3,1-5,adjust,-0.006866169140115315,0.00025067107737010425,5.4323828988005725e-05
377,6,1-5,adjust,0.0058323108890867,-0.0003945815596110695,0.0008222089957255729
377,7,1-5,adjust,-0.03065235091108212,9.385997715378699e-05,0.0001446802750215238
377,8,1-5,adjust,0.014978805899598558,-0.0004928057842236193,0.0006734440193850456
377,9,1-5,adjust,-0.009455467356172878,-0.0001780796593762033,4.262307944294152e-06
378,2,1-7,adjust,0.0011994848461250643,-0.0006414814457484119,0.00039867967218384833
378,3,1-7,adjust,-0.01864579857125499,0.00018769207965410524,0.00020363604430739826
378,4,1-7,adjust,-0.020396369135987778,0.00029489095226943574,0.00018213010481874127
378,5,1-7,adjust,0.023854158896188683,0.0005065612995719897,0.0007616615385956112
378,6,1-7,adjust,0.01781123314990339,0.0005325569238588769,0.00033267042610964054
378,9,1-8,adjust,0.011235131195241025,0.0002289627915143198,0.0007835963835152681
379,2,1-4,adjust,0.009418916105413028,0.00042312480060860804,0.0009156712908710296
379,3,1-4,adjust,-0.01924136078560499,-7.589474204934076e-05,0.00046569328850621603
379,6,1-5,adjust,0.00855732656329874,-0.00018558904042418947,0.0005352138919770734
379,7,1-5,adjust,-0.005878401813804872,0.0004147097648749306,0.0008389491656281317
379,8,1-5,adjust,-0.010078432392024283,-2.3813666808047398e-05,0.00025958054396590886
379,9,1-5,adjust,-0.005597825316788365,-7.266429002625721e-05,0.0003273494743323577
380,2,1-7,adjust,-0.0006937316154275699,-0.00019556213138434655,0.0006876364745111532
380,3,1-7,adjust,-0.021402407513814045,0.00024699546914412043,0.00031683415455074774
380,4,1-7,adjust,0.03316572083414585,1.9249224407310603e-05,6.218407595776816e-05
380,5,1-7,adjust,-0.05427997714962014,-0.0002908039342764018,7.169344710919924e-05
380,6,1-7,adjust,-0.03628493703082017,0.00011117795094648486,0.0010864019067665044
380,9,1-8,adjust,-0.005536347593687323,-1.7892493016805445e-05,0.000881407345279871
381,2,1-4,adjust,0.005491212082651127,-0.00014769918562212422,0.0006844828118205867
381,3,1-4,adjust,0.020696806065439232,-0.00013030553474471432,0.0006286617707794689
381,6,1-5,adjust,-0.020324188881847283,-3.7435351683750335e-05,0.000852751660431149
381,7,1-5,adjust,-0.008421312912567485,-0.00039805543984902143,0.0013558252808295796
381,8,1-5,adjust,-0.033622036600285225,8.047636891371713e-05,0.0005049889985675961
381,9,1-5,adjust,-0.01021188775097405,-0.0005264197948227031,0.0003238281016444326
382,2,1-7,adjust,0.003757814993120402,-0.00016639299217880807,0.0006872560733932438
382,3,1-7,adjust,0.025263171163450768,-9.725825951705041e-05,0.00040099308747007127
382,4,1-7,adjust,-0.003655393249385784,-0.0002897708034378969,0.00034710022715055957
382,5,1-7,adjust,0.0073216205057763,0.00030581593562866767,0.0005051149101835434
382,6,1-7,adjust,0.005766202370881907,-7.750690649047162e-05,0.0005730576366892471
382,9,1-8,adjust,0.004686212227648792,-6.306898811785495e-05,0.00044559298834084067
383,2,1-4,adjust,0.00696469638652913,9.012970853060812e-05,0.0005490262526943747
383,3,1-4,adjust,-0.012916763897319616,-0.0006470343560362876,0.0009910638654532166
383,6,1-5,adjust,0.011861400798553693,-2.048393058211121e-05,0.0008061336559978678
383,7,1-5,adjust,0.002283027147712024,-0.00013648688004283356,0.0007287057677770838
383,8,1-5,adjust,-0.002281834378647717,-0.00030878361899341265,7.049429685538406e-05
383,9,1-5,adjust,0.0022557768832257804,-0.00016704912951474963,0.00044621176297991884
384,2,1-7,adjust,-0.011549517893142958,0.00026242012393285755,0.00045656468144869523
384,3,1-7,adjust,-0.035994988654155624,0.0004134600309377773,9.99113971087549e-05
384,4,1-7,adjust,-0.030951626166838133,0.00011881780658144862,0.00015267847042333695
384,5,1-7,adjust,0.003131037345780661,0.00047414747877347216,0.0005692861066311373
384,6,1-7,adjust,-0.007249978484480517,-0.0002131113936919534,0.0005581714123144934
384,9,1-8,adjust,-0.006886520009769089,0.0003650934050148739,0.0003768700302634532
385,2,1-4,adjust,0.0007274138570769397,0.00030740874121137413,0.0005828557950726924
385,3,1-4,adjust,0.01214412641232336,0.0003088455094585287,0.0006676923025917216
385,6,1-5,adjust,0.008842810656697,0.0003627227222044254,9.611570593313867e-05
385,7,1-4,adjust,0.010280511412806857,0.0002996384128686551,1.574464805329679e-05
385,8,1-5,adjust,-0.0014903502375872481,0.000255483182287411,0.00039718165093475334
385,9,1-5,adjust,0.015298452021915565,0.0006007127382783657,0.0006087055559604493
386,2,1-7,adjust,-0.013418405608629905,5.354941203639529e-05,0.0009491095304570181
386,3,1-7,adjust,-0.012771650421878836,-9.411715294044443e-05,0.0002297341252584783
386,4,1-7,adjust,0.027548298940384415,0.0003013033202813309,0.000270052470392278
386,5,1-7,adjust,-0.00692290995626434,-0.00019720319593251472,0.0008855199988935638
386,6,1-7,adjust,0.013916023158872947,0.0001867271349093434,0.0007179682916974013
386,9,1-8,adjust,-0.01801300192009787,-0.0005059056053198362,0.0006746471563634654
387,2,1-4,adjust,-0.0037818273786096052,-0.0001982998217755251,0.00017569240096780694
387,3,1-4,adjust,0.009442327299042241,-0.0003833187942579482,0.0008768934723137916
387,6,1-5,adjust,-0.018079809824349945,0.00016636624948003308,0.0007522488677855984
387,7,1-4,adjust,0.017546150783740704,0.00017216659432957364,7.039667044963717e-05
387,8,1-5,adjust,-0.005573060503230437,8.670762629291555e-05,0.00042163410698250244
387,9,1-5,adjust,0.02164393228967513,0.00010462769955138144,0.0005108539974742106
388,2,1-7,adjust,-0.020603516408802265,0.0002005181093758655,0.00035006383406131086
388,3,1-7,adjust,0.00994201502929528,-0.0002495980117307948,0.00031192194987690646
388,4,1-7,adjust,-0.023269793158371414,-0.0003246286147147981,0.0004199521986247126
388,5,1-7,adjust,-7.598853805177572e-05,-0.00011835757749503184,4.167621274478041e-05
388,6,1-7,adjust,0.010640009971118108,-3.352975198651144e-05,2.441856196833272e-06
388,9,1-8,adjust,0.0025447593058417943,0.0003459345050256442,0.0001549433088933567
389,2,1-4,adjust,0.004337587500395928,-0.00033266142571859383,0.0007325134697700596
389,3,1-4,adjust,-0.0006887961835173264,-0.00019409451676574512,0.00022057484035694985
389,6,1-5,adjust,-0.007693087236127262,1.4870013427193192e-05,0.001598635861371756
389,7,1-5,adjust,-0.0016692681135194601,0.00038258996936047423,0.00028265399453391915
389,8,1-5,adjust,-0.0038334681796951854,0.00014147942707776578,0.00018918840851982725
389,9,1-5,adjust,-0.017294673062512762,-0.0004679031963957086,0.0002547670621271344
390,2,1-7,adjust,0.015513717780208127,0.00016555100327630252,0.0005031285945897156
390,3,1-7,adjust,-0.0023933863034465075,0.0008439530006887973,0.00031474906896840436
390,4,1-7,adjust,-0.0177514504097574,-6.654429371176413e-05,2.379163490109482e-05
390,5,1-7,adjust,0.006956405009987369,0.0004478591686647227,0.00025104572090957523
390,6,1-7,adjust,0.004151394803376998,0.0002747107561679678,0.0004396367198251546
390,9,1-8,adjust,0.007519299144508475,-0.0001131056551301724,0.0007980008041808081
391,2,1-4,adjust,0.0004334075319462547,0.00020266841375780556,0.00042289234353184215
391,3,1-4,adjust,-0.017316803042478447,-0.00012409742758993824,0.0009726152705608233
391,6,1-5,adjust,0.00921796190066817,-0.0005851702992092165,1.0443467122200106e-05
391,7,1-5,adjust,0.016732157127053733,-0.0003012418864872534,0.0005355093878746512
391,8,1-5,adjust,0.01638389357384788,-0.00018845693963303372,0.0004734345488718769
391,9,1-5,adjust,0.009497224429016193,0.00018353057294282548,0.0004716061072567432
392,2,1-7,adjust,0.005810775894823134,-9.96905095704811e-05,0.0002375520722211087
392,3,1-7,adjust,-0.023190607566263212,0.00039944319108736303,0.00010901592836251513
392,4,1-7,adjust,0.01897883779741853,-8.599468941983549e-06,0.00035763345364183807
392,5,1-7,adjust,0.022817547340301225,-0.00032096037031875495,1.6340785075227785e-05
392,6,1-7,adjust,0.00404154381606494,0.00020679416386244613,0.00026186764881559434
392,9,1-8,adjust,-0.001613536579885137,-9.952860203318805e-06,3.9741252258869796e-05
393,2,1-4,adjust,-0.0017465334142278202,-0.0004203321786345952,0.000986659791942016
393,3,1-4,adjust,0.021658449903857967,-0.00036734150291739044,0.0010532897964449035
393,6,1-5,adjust,-0.006947733436693616,6.313413116449106e-05,3.412283386980053e-06
393,7,1-5,adjust,0.0038055419272979003,-5.07579848736911e-05,0.000115949948816575
393,8,1-5,adjust,0.004945591380756992,0.0002971124716669334,5.35224737691388e-05
393,9,1-5,adjust,-0.0008956664268347741,0.00031562137636916986,4.1133561961535114e-05
394,2,1-7,adjust,-0.013246209106221334,0.0007996891915652443,0.0005800260035582234
394,3,1-7,adjust,0.03499892770068806,-0.00016609281633333275,0.0005703419752551457
394,4,1-7,adjust,-0.016561868126302937,9.961491054420388e-05,0.00021257146795463985
394,5,1-7,adjust,0.00446497862653499,0.00025281515517175065,0.0004364735784592225
394,6,1-7,adjust,-0.010296958931639809,-0.00029711126571962634,0.0005390745652036885
394,9,1-8,adjust,-0.010283635741292018,-0.00018906530224719478,0.0013306220523919034
395,2,1-4,adjust,0.021561913629421756,-0.0002736569538284608,0.0002958069499365301
395,3,1-4,adjust,-0.010885892110121437,0.00019627737759365767,0.0001619983439965196
395,6,1-5,adjust,0.021320242481338205,0.0003429086763678956,0.00011162344443142246
395,7,1-5,adjust,0.020414186774915025,7.627045916004713e-06,0.00043843044051813755
395,8,1-5,adjust,0.015288804167834976,-9.267621526290615e-05,0.0006035616545072422
395,9,1-5,adjust,0.017815839408893763,-6.760821735288499e-05,0.0005245477520618909
396,2,1-7,adjust,-0.01451057637736394,-0.00014259092839896906,0.0004871234952110644
396,3,1-7,adjust,0.0046709783516960205,0.0002177543113640563,0.00012523648849744706
396,4,1-7,adjust,-0.004097977959521363,0.00016867027242597687,0.00042431546228889345
396,5,1-7,adjust,0.008400938473456073,-0.0003136802410758899,0.0008147950629219593
396,6,1-7,adjust,-0.0029573880881109513,-0.00016995348824875263,0.0007839926283378861
396,9,1-8,adjust,-0.005047015085704438,0.00034003501626182043,0.0003654211174702817
397,2,1-4,adjust,-0.0017297584636933204,-0.00010926323103878789,0.00020642342874622406
397,3,1-4,adjust,-0.00883774284664784,-0.0002734506553502629,0.0005444118563633809
397,6,1-5,adjust,0.0034110265859612124,-0.00034207880404177993,3.8748030362815175e-06
397,7,1-5,adjust,-0.021888767072340654,-0.00025504806733294436,0.00016923728773314035
397,8,1-5,adjust,-0.00023061172702764152,-0.00019517368675297186,0.0008204188982407977
397,9,1-5,adjust,-0.0017313410219743505,3.642076937922487e-05,0.0002626433815386421
398,2,1-7,adjust,-0.006200978051307002,9.96639476071098e-05,0.0005188438471190124
398,3,1-7,adjust,0.02601326020643759,-3.143279697355174e-05,0.000779555195600159
398,4,1-7,adjust,0.012796973597197838,-3.9517441081974006e-05,0.0006015319849167008
398,5,1-7,adjust,-0.0035212452519368916,0.0003296926860334487,0.00010040774619799543
398,6,1-7,adjust,-0.0037174998246103565,-0.00014167876231893696,0.00029231090497448353
398,9,1-8,adjust,-0.003542046626479586,-6.42940539170469e-05,0.0005343175597708038
399,2,1-4,adjust,0.0010478260052212427,0.00030229193489297716,0.0004869322648657378
399,3,1-4,adjust,-0.01567127895031777,0.0003215694107338376,8.957855675605183e-05
399,6,1-5,adjust,-0.002734501565344337,0.00013392778143715375,0.0001439312300768597
399,7,1-5,adjust,-0.0003107509965784403,-0.00033540476535268214,0.000229694905453426
399,8,1-5,adjust,-0.01900362850349823,0.00020660821020791368,0.0005470252335752034
399,9,1-5,adjust,0.009620417384209776,0.0002517534478388545,0.00023772112299746178
400,2,1-7,adjust,-0.004760362430714097,-1.4934048280931617e-05,0.0004053784748379707
400,3,1-7,adjust,-0.014039734743087992,-6.67425115191616e-06,0.00012163362913219613
400,4,1-7,adjust,0.007777807617715118,-0.00037605451091446337,0.00023720165237711352
400,5,1-7,adjust,0.020491867269296218,-0.000576102669655297,0.0008975847331149236
400,6,1-7,adjust,0.02617597984260887,0.0004925812321269508,0.0008054186880515291
400,9,1-8,adjust,-0.009170728985373376,-0.0007003636465854946,6.38258037457866e-05
401,2,1-4,adjust,0.010994945202492893,-0.00038307097365860985,3.2056666540879497e-05
401,3,1-4,adjust,0.010675209947361614,2.4044984458454154e-05,0.0005013446421995927
401,6,1-5,adjust,0.0013416689738844016,-4.580190312708967e-05,0.0007152570443639578
401,7,1-5,adjust,-0.015541783263938899,0.00030184501237233733,0.0005025877707595077
401,8,1-5,adjust,0.04964011289061897,0.0003163542914538385,0.0013439188955008004
401,9,1-5,adjust,0.0033646709161981076,0.0002615557208155197,0.00034487156406363045
402,2,1-7,adjust,-0.012131966025807423,0.0004865065144895575,0.00025177105769564137
402,3,1-7,adjust,-0.018191537472223258,5.455990103654781e-05,0.000382937500397884
402,4,1-7,adjust,0.0013710729389320453,-0.00012654973055432054,0.0006864916643038595
402,5,1-7,adjust,-0.009186202097115069,-0.00011309877131507562,0.0008786602605414638
402,6,1-7,adjust,-0.0011897147383820056,-3.4930105409631333e-05,0.00016074057994588917
402,9,1-8,adjust,0.010154566298677153,0.0005626404905213726,0.0011051655722539935
403,2,1-4,adjust,0.015535086854588053,-0.0001807116083418378,0.0002068998186064792
403,3,1-4,adjust,-0.005117317276154904,-0.0006484944089208243,0.0005797869131378644
403,6,1-5,adjust,-0.008161592259260064,0.00015041753561038668,0.00019385033280337215
403,7,1-5,adjust,-0.006085417194646741,-1.4736116198706335e-05,0.00017453452383195154
403,8,1-5,adjust,-0.02340369976415996,-0.0001096383836377837,2.8925370619287462e-05
403,9,1-5,adjust,0.0007520507646224862,-0.0002241118166540419,0.0004933108702298045
404,2,1-7,adjust,0.011130733204746843,-0.0005235626907286922,0.0004200957505047469
404,3,1-7,adjust,-0.01850910693108211,0.0004980712147147581,0.00011042485567538841
404,4,1-7,adjust,0.017332857803724948,5.782402453046477e-05,0.0003165470778765381
404,5,1-7,adjust,-0.03539208326592636,-0.0004623805977012668,0.00028767031710594666
404,6,1-7,adjust,-0.005797427709981662,-0.00041220143155356324,1.864749412729728e-05
404,9,1-8,adjust,-0.00506745703247662,7.671417065086835e-05,0.0007413050203730449
405,2,1-4,adjust,-0.004762051046717522,0.00035628201751610285,0.00042810362445609343
405,3,1-4,adjust,0.035998270930377406,-0.00014399445259062718,0.0003234630977337825
405,6,1-5,adjust,-0.01898493106682248,0.00034791062550907346,0.00026674883104636413
405,7,1-5,adjust,-0.01283598272233045,9.163527270327367e-05,0.00040383604117497497
405,8,1-5,adjust,-0.009877666177798809,-0.0004552389937910573,0.000253478965090439
405,9,1-5,adjust,-0.031535243157348916,-0.0007329726785106006,0.0005876272114122945
406,2,1-7,adjust,0.012853031357338745,-9.59304987305493e-05,0.0002444116810701648
406,3,1-7,adjust,-0.02982137624831691,0.00033047756778831704,0.0009230580959390625
406,4,1-7,adjust,-0.042895973939214946,0.00032794590843203305,0.00025512596956458675
406,5,1-7,adjust,-0.01005671241526128,-1.376995962061488e-06,0.00015560174023315115
406,6,1-7,adjust,-0.03192851836349411,-0.00016341764643488212,0.0009250230652797167
406,9,1-8,adjust,0.007879868628233101,-9.181856659176345e-07,0.00012992741383498064
407,2,1-4,adjust,-0.006522290693367777,0.0004631157110749256,0.00034889929389823844
407,3,1-4,adjust,0.0009953485865984108,-0.0004777475494832909,0.00036014202003045276
407,6,1-5,adjust,-0.001346384398502263,-0.00017013124745081363,3.250489019884836e-05
407,7,1-4,adjust,-0.021366340953925346,-3.490057805239791e-05,3.225882667917983e-05
407,8,1-5,adjust,-0.022908586784019126,-0.0004313900630143469,0.0003658177137011103
407,9,1-5,adjust,-0.01291345100553856,-0.0001244412661158248,0.0006715785199240692
408,2,1-7,adjust,0.00721140935812556,-0.0001984555262907452,0.0010236754875944628
408,3,1-7,adjust,-0.0023646683144109447,0.00033085690280214454,0.00034164590846926126
408,4,1-7,adjust,0.03129610277392942,-8.77784574835638e-05,0.0004760404950741729
408,5,1-7,adjust,-0.018870952649737743,0.0003989068865427357,0.0007651901096665137
408,6,1-7,adjust,0.00022788902851502937,0.0004742645996631463,0.0004195731654049802
408,9,1-8,adjust,0.002019854666515014,7.420509545899966e-05,0.00011784121320905955
409,2,1-4,adjust,-0.013010990180628823,-0.0003122989811522484,0.0001918057115336715
409,3,1-4,adjust,0.013111776833395938,-0.00013410455815592262,8.553413655675985e-05
409,6,1-5,adjust,0.0011844586465357717,-0.00035940954296365547,0.0014650735292822202
409,7,1-5,adjust,-0.007419286918486938,-0.0002105352762126671,0.0007689961959933233
409,8,1-5,adjust,0.019179159913914272,9.650595264218683e-05,0.00032459177817711123
409,9,1-5,adjust,0.0004948567722372277,-0.0002668103097067814,0.0003212047063956003
410,2,1-7,adjust,0.0008766605891513274,-0.00040307444541231354,0.0005697618055316388
410,3,1-7,adjust,-0.018607186201293577,-0.00019731696405002154,0.0009720525338429468
410,4,1-7,adjust,-0.018269508563056636,-4.1075363428235466e-05,6.418159459183054e-05
410,5,1-7,adjust,0.008415360540717245,0.0005764275170832907,0.000783529993845279
410,6,1-7,adjust,-0.006131340063880532,0.00017905633100821539,0.0009612861919918159
410,9,1-8,adjust,0.006145752982703745,0.0004349417045615559,0.0005701433401685237
411,2,1-4,adjust,0.0009959734527659617,-9.151801726101297e-06,0.0012919707693722978
411,3,1-4,adjust,0.008110142468683156,-0.00025394429545661147,0.0015084740694907767
411,6,1-5,adjust,0.02465368177679556,-0.00036162172996663804,0.0008603998088616716
411,7,1-4,adjust,0.020482710203138167,0.0002379310398395153,5.248525423348535e-06
411,8,1-5,adjust,0.007029799492092462,0.00019578570194739582,4.128416854151203e-05
411,9,1-5,adjust,-0.009519856647536764,-0.00014282871861255662,0.0003074578092292192
412,2,1-7,adjust,0.024982208679160633,-0.00038649401776655047,0.0006180116038855437
412,3,1-7,adjust,-0.020053982732759587,0.0005030342299998212,0.0003101959381931361
412,4,1-7,adjust,0.031447100388322075,-0.0001506131733234714,9.74357436534842e-05
412,5,1-7,adjust,-0.007839465182142435,-0.00015394608267104684,0.00030740130530913063
412,6,1-7,adjust,-0.006138142438578604,-2.2141686743122395e-05,0.00015469977774337684
412,9,1-8,adjust,0.006722922032784922,0.0004290794733591167,6.193155161470372e-05
413,2,1-4,adjust,-0.012781744667663736,-0.00010248345085643269,0.0006985967096780184
413,3,1-4,adjust,0.03281517797829827,-0.0001429534226078515,0.0010914520897377055
413,6,1-5,adjust,-0.007946079923010588,0.00015107150302175965,0.0008906638792395473
413,7,1-5,adjust,0.007308133897896567,-0.00016851364002048663,0.0006592314630168027
413,8,1-5,adjust,-0.024235235982126607,0.00011462740805470161,2.6991669951980814e-05
413,9,1-5,adjust,0.006184074479111144,0.00034776428094036074,0.00013307367647908506
414,2,1-7,adjust,0.007139637255887215,0.0001111037805247276,0.0002295508834275555
414,3,1-7,adjust,0.04209097490396985,-0.00015015195294617743,6.071933048417988e-05
414,4,1-7,adjust,-0.04370439354283302,0.0003511655825486837,0.00014612674046159574
414,5,1-7,adjust,0.028388827888928627,2.477207113953278e-05,1.7731309687144422e-05
414,6,1-7,adjust,-0.005150233435333508,-5.355497365239085e-05,0.0006950965320326344
414,9,1-8,adjust,-0.0016685165516011466,-0.0005976644971804496,0.00026584532315624944
415,2,1-4,adjust,-0.01667881109225551,0.0006612651625115951,0.00010288510896066426
415,3,1-4,adjust,-0.011337805211573779,0.00010364834437112749,0.00026662279250039327
415,6,1-5,adjust,0.027345709710332834,-0.0005190001283654249,0.0006091168977324106
415,7,1-5,adjust,0.018024981096881117,0.0002902568041222198,0.00023453445221322694
415,8,1-5,adjust,0.02850041760977153,0.0005178404169998177,0.000402617808840723
415,9,1-5,adjust,0.009467840658918349,-5.837991341890623e-05,0.00034992039983560124
416,2,1-7,adjust,-9.797590175511972e-05,-0.0003330876455202175,0.0005104913356088186
416,3,1-7,adjust,-0.0028416638408305306,0.0001720183327235856,0.0005144077888554658
416,4,1-7,adjust,-0.030171946008904545,3.7284982225315626e-05,0.0004687908995331442
416,5,1-7,adjust,0.017076765037603334,0.00023007172843351263,0.0003172630173686381
416,6,1-7,adjust,0.0010506425428185118,0.00027890463686933446,0.00028974802253446035
416,9,1-8,adjust,0.003804933092476122,0.00013301411372540307,7.914596329070515e-05
417,2,1-4,adjust,-0.014005301696963244,0.000800519636341357,0.00041961141613648006
417,3,1-4,adjust,-0.020275093110510126,0.0006316366685820511,0.0004090789370597745
417,6,1-5,adjust,0.014887828301009,-3.031078080205143e-05,7.456240258601237e-05
417,7,1-4,adjust,-0.004955404181167881,0.0003446588447582328,8.8777091724654e-05
417,8,1-5,adjust,0.008990712656298533,-5.417157812023816e-05,0.0006839835484470219
417,9,1-5,adjust,0.007723860811358452,-0.00010513282496712275,0.0007084782829798965
418,2,1-7,adjust,-0.013798463931023646,0.00035819150910117127,8.215929754117002e-06
418,3,1-7,adjust,0.004045639760939627,-0.000568961298924544,0.00037316229939133986
418,4,1-7,adjust,0.025493722847015787,0.0003741180088952104,5.614563538587283e-05
418,5,1-7,adjust,-0.03589279686361572,0.00013838170525792823,0.0003276083206307536
418,6,1-7,adjust,-0.022089122187866978,0.00018935814247827534,0.00026893304985134984
418,9,1-8,adjust,0.0045652487564066925,0.0005589998518030965,0.0014032250230940051
419,2,1-4,adjust,-0.00361634914146565,0.00016036802058677855,2.1501292846701464e-05
419,3,1-4,adjust,-0.021720468817204176,0.00015317676307293618,0.00012076658290465548
419,6,1-5,adjust,0.015559509299599908,-1.3377976355345011e-05,0.0005076240978735499
419,7,1-5,adjust,0.0029176753052951466,3.0161010628839505e-05,0.00012180808718994917
419,8,1-5,adjust,0.0060788813165934845,-5.335692684034326e-05,5.681113543862364e-05
419,9,1-5,adjust,0.0059513421831348876,-0.00033147835504230595,3.651255058847047e-05
420,2,1-7,adjust,0.013060595698119098,-0.00031068177644228627,4.748750087290727e-05
420,3,1-7,adjust,-0.011342141676890759,0.0004486767247675323,0.0005316769284484722
420,4,1-7,adjust,-0.03347649351262566,0.0001797163164342365,0.00039227635844674087
420,5,1-7,adjust,0.018467879092502006,-0.00023617325857447767,0.0003071185443942735
420,6,1-7,adjust,0.004693868950648866,0.000533218422576379,0.0001151635935340967
420,9,1-8,adjust,0.0008959557368636593,0.0002191155491695018,0.000248102876789864
421,2,1-4,adjust,-0.01880857710463356,0.0001363357754906794,0.000751466837428691
421,3,1-4,adjust,-0.004855439847073048,0.00022823335414896346,9.181279930964874e-05
421,6,1-5,adjust,-0.00890639558330377,3.882044596749478e-05,0.00032721169246539584
421,7,1-5,adjust,-0.00830565837847902,-0.00015679169372413183,0.0006484106332597129
421,8,1-5,adjust,0.0010799917921212895,-0.00034374741618161357,1.691673334179275e-05
421,9,1-5,adjust,-0.02085816310268921,-0.00012162027844845973,0.0010363725860295771
422,2,1-7,adjust,0.03369788283589337,-0.0006403230047480002,4.8492360480105004e-05
422,3,1-7,adjust,-0.028054830708197035,-0.00021081048565722068,0.00024795531052183655
422,4,1-7,adjust,-0.006099791342578364,8.85117406648196e-05,0.0006105377378577765
422,5,1-7,adjust,0.0034525593618648757,2.768039207851345e-05,0.00033949624408821313
422,6,1-7,adjust,-0.00727898512111699,-0.00040737893572157104,0.0005533651672371537
422,9,1-8,adjust,0.0009529840959292538,-0.00010084075018906357,0.00015023731777142322
423,2,1-4,adjust,-0.019248672079153182,0.00024931604172476684,0.001171926209847566
423,3,1-4,adjust,-0.003759098188520739,0.00011594364754087026,0.001002418888837533
423,6,1-5,adjust,0.029499743461070004,0.0002097110257358157,0.00030688030398303367
423,7,1-5,adjust,-0.002238016922198386,-0.00039217333207288964,0.0006632127257714617
423,8,1-5,adjust,-0.002880822372591625,0.0001805438794971718,7.91539115200983e-05
423,9,1-5,adjust,0.014098392611161673,-9.405212360994772e-05,0.0004821824534902863
424,2,1-7,adjust,0.015020649629729167,5.025642025706106e-05,0.0003473786716903956
424,3,1-7,adjust,0.04803095680528324,-0.0008955441490561697,0.00010580228285886589
424,4,1-7,adjust,0.010335047319075781,-4.036297218571865e-05,0.00021543776945858766
424,5,1-7,adjust,-0.005646125453983544,-3.82402366906637e-06,0.00020898638023063916
424,6,1-7,adjust,0.0024431065488185627,0.0003029881461761142,6.954365113542375e-05
424,9,1-8,adjust,-0.0009338198333156229,-0.00011474046640223587,0.00022191500946432268
425,2,1-4,adjust,-0.019424290214863214,0.00041216844010475226,0.0007805524555316643
425,3,1-4,adjust,-0.025437688741594307,0.0003078505948058449,0.0009733573888979352
425,6,1-5,adjust,-0.025002184258802497,-0.00023888863546317514,0.0009656024265423209
425,7,1-5,adjust,0.01640078156123514,-5.006708979840727e-05,0.0011231561173521871
425,8,1-5,adjust,-0.0006084909641734864,-0.00010182783558865244,0.0014551896487770527
425,9,1-5,adjust,0.0025170072498139646,1.6802320225653638e-05,0.0007608550665415835
426,2,1-7,adjust,-0.004832370311242963,-0.00012543699077336137,0.00034446519421559875
426,3,1-7,adjust,0.025198778723184607,-7.129304264441119e-05,0.00033365371195270924
426,4,1-7,adjust,0.01577336269700679,-0.00019834703689118987,3.2705837798700714e-05
426,5,1-7,adjust,0.03556943578771503,-4.148588073568363e-05,0.00011430184679158736
426,6,1-7,adjust,-0.007620883049511956,-0.0002093999917830491,0.0005827614230989153
426,9,1-8,adjust,-0.011723395090690992,0.000524253968538104,0.0009282225405293555
427,2,1-4,adjust,0.0014542263815617378,2.367433922243148e-05,0.00010923917319814893
427,3,1-4,adjust,-0.01082696121802365,0.0002517695672870872,0.0006834834085096335
427,6,1-5,adjust,0.005705928902299126,0.0006075496615496474,3.8022335861397006e-05
427,7,1-5,adjust,0.0051329470400303225,0.0006570659493961891,0.00033497406139578644
427,8,1-5,adjust,-0.0170261088319355,-7.074542916985565e-05,0.0008698925431826584
427,9,1-5,adjust,-0.005691529148806566,-0.00037248747443858555,0.0004981795578878826
428,2,1-7,adjust,-0.014375435846194412,0.0003590695287571658,0.0008584635672483429
428,3,1-7,adjust,0.02850497185660975,-0.0002543226487086295,9.936496086184948e-05
428,4,1-7,adjust,0.0319733556589247,-0.00029672820107384145,8.624096472457184e-05
428,5,1-7,adjust,-0.027651330932336328,-0.0005664395841053828,6.179671522144719e-05
428,6,1-7,adjust,-0.0019708509197810522,-0.00021727673740878632,0.0005957885249800444
428,9,1-8,adjust,-0.002540014325476601,-0.00011399253772138691,0.000580945062232788
429,2,1-4,adjust,0.018282355777500786,0.00021281190035620306,0.000611970132023775
429,3,1-4,adjust,-0.0019374617550111319,0.00027736441769922275,0.00036914907798546025
429,6,1-5,adjust,-0.003760654758899834,-0.00010689285391335563,4.714789651300342e-05
429,7,1-5,adjust,-0.009240102371030246,-0.00026311004705690443,0.000725423557851342
429,8,1-5,adjust,-0.01791090804142231,-0.000342362209390499,0.0009834640916901209
429,9,1-5,adjust,0.020667698399080524,0.0002552857786375957,0.0002536730786110084
430,2,1-7,adjust,0.0004539983330799057,-0.0005779055119848941,0.00033219074496907585
430,3,1-7,adjust,-0.02258022246883932,-1.0548108975787447e-05,0.0004814503472175582
430,4,1-7,adjust,0.0022525008653610564,-0.00014634536113477007,0.00024567595079774457
430,5,1-7,adjust,-0.02629497445825385,6.228077912337076e-06,5.899285819713135e-05
430,6,1-7,adjust,0.003185085101340704,-0.00031777251860416256,0.0003358127797301815
430,9,1-8,adjust,-0.01325645263906091,-0.000222544963133446,0.000490667033245106
431,2,1-4,adjust,0.015874415561310064,0.0003157091759130359,5.3436598015678076e-05
431,3,1-4,adjust,0.024180095183265565,-0.0003101216960435423,0.0010678108596549197
431,6,1-5,adjust,-0.02475643832054182,2.7065092023786448e-05,0.0006834013284622373
431,7,1-5,adjust,-0.03161701510844672,-6.0370104757187774e-05,0.0016136155069231485
431,8,1-5,adjust,-0.012560553663885764,0.00018106713877144839,0.0005760137292559193
431,9,1-5,adjust,-0.010118207319977564,-0.0003119184871383265,0.0002652427614359559
432,2,1-7,adjust,0.005677741091613389,-0.0008542763461478784,0.00016412934634692082
432,3,1-7,adjust,-0.03774448958765285,3.223758141521441e-05,0.000593016423967545
432,4,1-7,adjust,-0.035000740320773396,0.00034423793152078087,0.0010032184059583997
432,5,1-7,adjust,0.013744214087236346,0.0003541107813084644,0.0002940426105469384
432,6,1-7,adjust,-0.001850609364120505,-0.00018335198789577397,0.0003276972730287651
432,9,1-8,adjust,-0.003007259719790244,8.310695469236981e-05,0.0005318685803903078
433,2,1-4,adjust,-0.0073723627195267875,1.938391237524727e-05,9.814032882084332e-05
433,3,1-4,adjust,0.008053608240270736,0.00010196945122926035,0.000494755695047789
433,6,1-5,adjust,0.024062720779816693,0.00022367671494308693,0.0005735930162802505
433,7,1-5,adjust,0.013304016168132147,0.00016253584937994008,0.0008006778505116584
433,8,1-5,adjust,0.014616327088854056,-0.00024221642295867184,0.0004921946759026506
433,9,1-5,adjust,0.010699078252266833,0.00010503895326169901,0.001111249728996248
434,2,1-7,adjust,0.0003056228842750241,-7.422367448207749e-05,0.0001333905526292749
434,3,1-7,adjust,-0.007260878406433287,0.0003107383574813339,0.0007696838979788312
434,4,1-7,adjust,-0.026295747259711285,-1.374079056246025e-05,0.001106242395150952
434,5,1-7,adjust,-0.05350844857136873,-0.00012907392621347392,0.0012490822014363195
434,6,1-7,adjust,-0.012206076903458823,-0.00038783358520389817,0.0008388807053492593
434,9,1-8,adjust,-0.0028406306744627637,-9.254257530365105e-05,0.0004911039117304826
435,2,1-4,adjust,-0.012734294319576896,0.000550635642293858,0.0014949105100902443
435,3,1-4,adjust,0.0032086221675624617,-0.00023821518289625587,0.00026663840357247956
435,6,1-5,adjust,-0.026473186513256797,0.00039441858187715074,0.00038283095053208936
435,7,1-5,adjust,-0.016720940330365447,-0.00038759140811645313,0.0009968521856833846
435,8,1-5,adjust,-0.026628872207209053,4.8942596426530254e-05,0.0012472427936281952
435,9,1-5,adjust,0.012279864820397526,-7.011438239144452e-05,9.105650949573033e-05
436,2,1-7,adjust,0.014515120666603718,-0.00012699907689598883,0.00017202757869436359
436,3,1-7,adjust,-0.007465447292723143,0.00011252815086363179,0.0007703067913772022
436,4,1-7,adjust,-0.0028074796280737535,-0.00023016889784834862,2.0325845105104877e-05
436,5,1-7,adjust,0.05475392448218465,0.0004426022705840469,0.0005400384322794789
436,6,1-7,adjust,-0.002579959167013706,-0.000525227418690045,0.000628019694319721
436,9,1-8,adjust,-0.01305221738328908,-0.00042567530207401774,0.0004253445219713955
437,2,1-4,adjust,-0.005363590804750021,3.525677648992621e-05,0.00026448380845178586
437,3,1-4,adjust,-0.0013798449002001664,-0.00025549078450761364,0.00023807992848664356
437,6,1-5,adjust,0.01679615077097905,0.0003744809397050131,0.0006747503347896579
437,7,1-5,adjust,0.019186114296569568,0.00015578184522942442,0.0004244796819987342
437,8,1-5,adjust,0.037065801225912215,0.00045159953740157236,0.0004449478820521425
437,9,1-5,adjust,0.011888884582702776,0.00034707997316536906,0.0006816795019586215
438,2,1-7,adjust,0.014346933771654743,-0.00020792202781509466,0.0005898201862909577
438,3,1-7,adjust,0.04342994056406242,-1.94398474839365e-05,0.00035875863707706285
438,4,1-7,adjust,0.00510197731774084,-0.00018315910225923524,0.0003384117573703183
438,5,1-7,adjust,0.0013312006289386046,6.918011817750816e-05,0.0003869444481484313
438,6,1-7,adjust,-0.002246574270968545,-7.109987263623738e-05,0.0005704972987956891
438,9,1-8,adjust,-0.011918771720369549,0.0005906786583603401,0.0004405942387429393
439,2,1-4,adjust,-0.02612409290010568,-0.00011830118484264865,0.0004357349052910346
439,3,1-4,adjust,-0.02245047217214132,0.00042386026567778844,0.000642750873303497
439,6,1-5,adjust,0.028214387668041678,1.5621028265519315e-05,0.00022440605745912648
439,7,1-5,adjust,0.00831147987010377,0.00040087949472587147,0.0005793291817600695
439,8,1-5,adjust,0.04504621856532794,0.0001371973817481811,0.0009245391200275806
439,9,1-5,adjust,0.0016795675068661726,0.0002624037535325944,0.00042294571646078483
440,2,1-7,adjust,0.0006175708030972892,3.200644138874958e-05,0.00015169443630033
440,3,1-7,adjust,-0.026831994290741495,-6.632597740885777e-05,0.0006882059522806661
440,4,1-7,adjust,-0.020952704910960428,0.00023560194612597539,0.0003852308914915289
440,5,1-7,adjust,-0.030943974700261202,-0.0006180939960816703,1.0960935214636757e-05
440,6,1-7,adjust,-0.006234800411082258,0.00017299955472094853,0.0011671001758586708
440,9,1-8,adjust,0.011004420888998685,5.075891119546914e-06,0.00017596428173664486
441,2,1-4,adjust,-0.010097278056283288,0.00036283745781910145,0.000517459195690818
441,3,1-4,adjust,-0.007748083930392917,4.058068160874647e-05,0.0010412815929055363
441,6,1-5,adjust,-0.02429253718857764,-3.911227956632941e-05,0.0006012845989956077
441,7,1-5,adjust,-0.014418793416125687,-8.512396298676661e-05,0.00017738553737857622
441,8,1-5,adjust,-0.02607479155900319,9.692700702325978e-05,0.00012907535603975237
441,9,1-5,adjust,-0.004148949439670026,-0.00027819245602806624,0.0004979655105766242
442,2,1-7,adjust,0.004355850078715708,-0.00020637947204492018,0.0001604666544003835
442,3,1-7,adjust,0.010870928562762566,-4.9023915076931636e-05,0.0003981055881229475
442,4,1-7,adjust,-0.006751227048046712,0.00018365523472155536,0.0008324482432959501
442,5,1-7,adjust,-0.010622812366953003,0.00020061099605459567,0.00016689689075636267
442,6,1-7,adjust,-0.0015399293967914482,-0.00022793942451124156,0.00025575494783107563
442,9,1-8,adjust,0.0036506583434108035,3.139498255222922e-05,7.182674293083488e-05
443,2,1-4,adjust,0.003424053628620551,0.0003592828476278977,0.0005910959393786897
443,3,1-4,adjust,-0.01666027962778125,8.265077560606361e-06,0.000431264207171366
443,6,1-5,adjust,-0.003383867984118379,1.5852211963702432e-05,0.0006210268963865985
443,7,1-5,adjust,2.1360309794155866e-05,-4.248723896666398e-05,0.000463352394001623
443,8,1-5,adjust,-0.010787827765383727,-0.00034500854844638634,0.0005299950309931919
443,9,1-5,adjust,-0.006273741856950785,-0.00010877848688040457,0.00035788387793352165
444,2,1-7,adjust,0.01237109352090997,-0.00044318202734276545,0.00011748492316828005
444,3,1-7,adjust,0.012295518804914468,-0.00035204952681900064,0.0006208771235202346
444,4,1-7,adjust,-0.009773158670147853,2.257551977950538e-06,0.00019608635305493578
444,5,1-7,adjust,-0.012480157445260645,7.579575301316276e-05,0.0005945839673075138
444,6,1-7,adjust,0.019003016407290886,0.0002145826132178273,0.0005577718440550146
444,9,1-8,adjust,0.0002809968036529803,-1.1109812196184422e-05,0.00035516545982640596
445,2,1-4,adjust,-0.020221778213351606,0.0004915459542843191,0.0002852543143893355
445,3,1-4,adjust,-0.011151125774324836,0.00017968233168534457,0.0002695810983264807
445,6,1-5,adjust,-0.01873156830880331,-0.00027214182638941864,0.0004744836221258892
445,7,1-5,adjust,-0.026920618634888267,-0.00027652841226394277,0.000500060476590883
445,8,1-5,adjust,-0.0018969195356158956,-6.782105765936327e-05,0.0006852466215446638
445,9,1-5,adjust,-0.005272076128120587,1.8481114555536225e-05,0.00019829542688008372
446,2,1-7,adjust,0.01721768554602428,-0.000659240954339181,0.0004373414563030488
446,3,1-7,adjust,0.0476026430798194,-0.0002431184766237949,6.31516909189543e-05
446,4,1-7,adjust,0.042185586275628316,-0.00013182668781258606,0.00039655958296718613
446,5,1-7,adjust,-0.009445426290837288,0.00023776522650797007,0.0002435200073408689
446,6,1-7,adjust,0.022257175536391845,0.000282253338907303,0.0010105938546798566
446,9,1-8,adjust,-0.009036126379201126,-0.00016136111582603014,0.0003319397474286426
447,2,1-4,adjust,-0.0015106152738971624,0.0002805456393530645,0.00014724719702733933
447,3,1-4,adjust,-0.01585384766580668,0.00010295252840798752,0.0005710149378000238
447,6,1-5,adjust,-0.022879453004119102,8.353217735095177e-05,0.00046252339284371335
447,7,1-5,adjust,0.023682602308769136,-9.870966711047769e-05,0.0005954028378887851
447,8,1-5,adjust,-0.00047943309136335837,2.2355919276102762e-05,0.0012992433305252832
447,9,1-5,adjust,0.01295249558032633,-1.3163366665047809e-05,6.084972578924716e-05
448,2,1-7,adjust,0.025088420883529805,-0.00013610594996194648,0.0001430877663448533
448,3,1-7,adjust,0.004258386543926266,-2.3673626470517388e-05,0.0004942088251584237
448,4,1-7,adjust,0.04244263518131807,-5.4915478514040056e-05,0.00016412693736094397
448,5,1-7,adjust,0.0056118992896939095,-0.0001794239874814883,0.00024218007208707157
448,6,1-7,adjust,0.02459414860554967,0.0001763046694151715,0.00028270608993490926
448,9,1-8,adjust,-0.0018698014985929878,-0.00015245597183667788,0.0001217020459748508
449,2,1-4,adjust,-0.008132672583078614,-5.907573852498741e-05,0.0007179324734605939
449,3,1-4,adjust,0.008527229552179962,-0.00030674385509522683,0.0007725329663060148
449,6,1-5,adjust,-0.025577836681080917,0.00017877534112335666,0.00024352809163064073
449,7,1-5,adjust,0.023443068447007515,-8.801807652638439e-05,0.0014716971783724033
449,8,1-5,adjust,-0.01951841739050506,-2.0158798010518156e-05,0.0011401640507631443
449,9,1-5,adjust,0.007632363657398637,0.0004237388727160496,0.00045612724350828474
450,2,1-7,adjust,0.002638299911350806,-7.239742903557362e-05,0.0005727262710950664
450,3,1-7,adjust,0.009811366122083907,-1.1889357947452685e-05,0.0001649072122106658
450,4,1-7,adjust,-0.028086896779402404,-0.00019158380018649437,6.648431431345673e-05
450,5,1-7,adjust,0.05730345362694484,0.0006273151082633119,0.0008721071765478373
450,6,1-7,adjust,0.02056344414774815,-0.0003597468277909308,0.0002757749474674421
450,9,1-8,adjust,-0.014448898849577991,-0.00022435434656370199,0.0002625676579932109
451,2,1-4,adjust,-0.006580429797806634,0.0001618361584061376,0.00047663398951645593
451,3,1-5,adjust,-0.009001384602635,0.0003926116808056081,4.9131287867505476e-05
451,6,1-5,adjust,0.00691864433406619,0.00011376151410405656,0.0006324176601742054
451,7,1-5,adjust,0.01611433971334133,0.000349162870099285,0.00016284672809930038
451,8,1-5,adjust,-0.00013770586791030437,0.0004478601677164433,0.0006013489597997146
451,9,1-5,adjust,0.02929118928715094,0.0005421509845802002,0.0006711293014358569
452,2,1-7,adjust,-0.017633676110459403,0.0004464571231055374,0.00014822286877961036
452,3,1-7,adjust,0.006220922743039067,-0.0003252540062279438,0.0007171110101495178
452,4,1-7,adjust,-0.021585938708164564,6.689820748981353e-05,0.0006864181838271464
452,5,1-7,adjust,0.03428660250476978,-0.0001403272521621246,0.00013534758351886535
452,6,1-7,adjust,0.03627684547131991,0.00023946651724140243,0.00028712683976023413
452,9,1-8,adjust,-0.013239924788951894,-0.00011466700763581711,0.000535397036433813
453,2,1-4,adjust,0.0029435637542546056,-0.00023800605069390597,0.0009641145121768968
453,3,1-4,adjust,-0.015208134882988162,0.0003928882956317986,0.0007640385864351175
453,6,1-5,adjust,0.025057573580912408,-0.00044856769312529433,0.0007359645099227405
453,7,1-5,adjust,0.026972118416208606,-4.232457283267748e-05,0.0003247473716395203
453,8,1-5,adjust,0.03612272639231109,-3.4818229183164936e-05,0.0011235672187139914
453,9,1-5,adjust,0.012975062070273564,1.8907946184251748e-05,0.000716505609515711
454,2,1-7,adjust,0.001979901820953017,-0.00018290819632198912,4.582672437253391e-05
454,3,1-7,adjust,0.0023890830861696428,-0.00018413858334090426,0.00055787741940758
454,4,1-7,adjust,0.005062098884504535,0.00011804775847808018,0.00025482361614596156
454,5,1-7,adjust,0.03747930055279592,0.0002000872781481776,0.0002557908300969639
454,6,1-7,adjust,0.0031846215030450764,0.0003596546468965997,0.0003287141210037424
454,9,1-8,adjust,-0.0007402210618454461,-0.00045556485521069506,0.0007476342963788514
455,2,1-4,adjust,-0.005986476835391434,-0.00020031809515207546,4.246466605839103e-05
455,3,1-4,adjust,-0.00949379152707431,0.00046119447948053346,0.0012052000811996523
455,6,1-5,adjust,0.01814437959097517,-0.00024043781595448727,0.0010732458101124916
455,7,1-5,adjust,0.027863808468122888,0.00039980668033221174,0.0006519144746116152
455,8,1-5,adjust,0.02721133460122813,0.00044922723308276355,0.0007394302205192206
455,9,1-5,adjust,-0.004772411302797796,0.0001444124909153704,0.0005849100811340899
456,2,1-7,adjust,-0.006873952138257003,0.000519802970074539,2.019470970624769e-05
456,3,1-7,adjust,0.00045802966894482216,7.26988244594341e-05,0.0005366063286916645
456,4,1-7,adjust,0.04054701382772401,-0.00013568156907798118,0.0006561545918034015
456,5,1-7,adjust,-0.03058298964303713,7.935351032320968e-06,0.000734453514264299
456,6,1-7,adjust,-0.010696519128279227,-0.00026078984025990797,0.0005651985932280204
456,9,1-8,adjust,0.011376008614053173,0.0010579539429095824,0.00020198019755422945
457,2,1-4,adjust,0.012313884213913218,-0.0003697896568467663,0.0004250289266607723
457,3,1-4,adjust,0.009672829631609578,-4.510879834584279e-05,0.0004983501742518384
457,6,1-5,adjust,0.009617950755049488,0.00017691441530910142,0.001013141404399014
457,7,1-5,adjust,-0.006158169779635788,-0.00012267591842751174,0.0001248519013096763
457,8,1-5,adjust,-0.020489235996686134,-8.724914299811539e-05,0.00011637494739106219
457,9,1-5,adjust,-0.002832058428168712,3.3627058864377796e-07,0.0005855892389853491
458,2,1-7,adjust,0.012659626938387337,0.00019847850883760373,0.0001256823599886598
458,3,1-7,adjust,0.00794374031294694,-9.676174294764621e-05,0.00019121293767979867
458,4,1-7,adjust,0.021960617918507952,-0.00035614107756084667,0.0008856016154372613
458,5,1-7,adjust,0.010272498854005717,-0.00030597099800895133,0.0007782529565463973
458,6,1-7,adjust,-0.002108123657351535,-1.9680712788341322e-05,0.00019583314440443076
458,9,1-8,adjust,-0.010233014545046222,-0.0005202809949563656,0.00029101258632915385
459,2,1-4,adjust,0.0003989719625033844,-0.0001271380014984201,0.00016873469955888565
459,3,1-4,adjust,0.015521321794955701,-0.00023399722226553308,0.0005291742181364711
459,6,1-5,adjust,-0.006144871931431032,0.0001972933424592029,0.0005639398702366329
459,7,1-5,adjust,0.007948712121220142,5.066070140009528e-05,0.0004362998363761314
459,8,1-5,adjust,0.011420671440881075,-8.575004290301874e-05,0.00012489498555246314
459,9,1-5,adjust,0.01052420111554334,-0.0003293793301641935,0.00028840695895788516
460,2,1-7,adjust,-0.02867704314016706,0.00034052606347806445,7.837658650702769e-05
460,3,1-7,adjust,-0.007939767801958222,0.00021759241581554195,0.0003039832901482808
460,4,1-7,adjust,-0.00013060955904133212,0.0006014705980717891,0.00016527712649563287
460,5,1-7,adjust,-0.00393004638304424,-0.0005135984564825118,0.0004418743969889437
460,6,1-7,adjust,-0.020048171791454173,-0.00037353845098800185,0.0007747631031343522
460,9,1-8,adjust,0.004775495220086235,0.0003915226670141105,0.0003044838790505843
461,2,1-4,adjust,0.00680405826702752,-0.0006196423302731431,0.0003795704898493628
461,3,1-4,adjust,-0.006419999558654427,1.9261001330705163e-05,0.00014400950091029204
461,6,1-5,adjust,0.0020915444240688884,-9.190713141344513e-05,0.0006345252337154071
461,7,1-4,adjust,-0.01254916613607187,1.3696668007076008e-05,1.5789780894030822e-05
461,8,1-5,adjust,0.0008551627847439609,-0.00027417629391842605,8.443344783481671e-05
461,9,1-5,adjust,-0.009888641816409903,-0.00020290266851782338,0.0004408898297574467
462,2,1-7,adjust,-0.011321848323197832,0.0002427928439761126,0.00061421029316532
462,3,1-7,adjust,-0.01754482682296897,-0.00037003638946652714,0.000457537493885524
462,4,1-7,adjust,-0.03094051972179147,-0.00022047027688061645,6.921904339374024e-05
462,5,1-7,adjust,-0.03738176405205016,0.00045808259742949136,3.744573060722683e-05
462,6,1-7,adjust,0.021113748330072644,0.0009823732121232809,0.00012477517873327363
462,9,1-8,adjust,0.007626646279086245,0.00016486381627785204,4.154321877136684e-06
463,2,1-4,adjust,0.029469239525746344,-0.00027656100330949107,0.0013816491349721855
463,3,1-4,adjust,0.00770866046160703,0.00026487960163695606,0.0007027484462990889
463,6,1-5,adjust,-0.025806353642916276,-0.0002564253882246641,0.0001281199146667048
463,7,1-5,adjust,-0.0004779068668315398,-0.00019552112714333453,0.00016921972939753564
463,8,1-5,adjust,0.005054994493819585,0.00042714166041750846,0.0005556447156292042
463,9,1-5,adjust,0.011850579685575806,4.0662985637062945e-05,0.00031938775439148154
464,2,1-7,adjust,-0.01964183894857725,0.0004883047443891368,0.00046360766663728606
464,3,1-7,adjust,0.004495636281793384,-0.00014504457772346178,0.0008691564785268152
464,4,1-7,adjust,-0.011185843573702831,0.00025301652781907686,0.00029823827657028326
464,5,1-7,adjust,0.026268253224802807,-4.179172206715096e-05,0.00040651471079804474
464,6,1-7,adjust,-0.006302239541412818,-0.0003882145714725039,0.0003223609040879085
464,9,1-8,adjust,0.003612076865596722,-2.4043974811509183e-05,0.00041484772728204506
465,2,1-4,adjust,0.010819573995986279,7.956365977487105e-05,0.0003808078236850613
465,3,1-5,adjust,-0.013773029658405475,-0.0002528620139873263,4.530016483326621e-05
465,6,1-5,adjust,0.00798125560305189,-0.00020787016783508497,0.00011081667239773156
465,7,1-5,adjust,-0.017360711427293916,6.294588330993277e-05,0.0002251160523340395
465,8,1-5,adjust,-0.007294996798822637,-0.00027107357115354664,2.8278847453527074e-05
465,9,1-5,adjust,-0.025669478302478555,-0.000350277807053552,0.0007619618272507112
466,2,1-7,adjust,0.013625279201876844,-0.00012890648850382246,2.2991495315876612e-05
466,3,1-7,adjust,-0.006464843451592249,0.00016511702241111062,0.00044509956718921586
466,4,1-7,adjust,-0.006533912136215935,-0.00017257919238910114,0.00042598819527563917
466,5,1-7,adjust,-0.001227441049822057,-0.0002817220323344984,0.0001587108073698793
466,6,1-7,adjust,0.004682026486927898,9.36869163420576e-05,0.0006638956210272327
466,9,1-8,adjust,0.010017490984940407,9.892529405613547e-05,0.00010307622084812423
467,2,1-4,adjust,-0.006728095028047142,6.771227024590952e-05,0.00013929101968394308
467,3,1-4,adjust,0.0029625851780288597,-0.00012354706050566596,0.0007103766506532998
467,6,1-5,adjust,-0.011193575693030046,0.00024719402403875043,0.00029393524580681235
467,7,1-5,adjust,0.008363404397482023,-0.00019814216531209697,0.00020439740862315903
467,8,1-5,adjust,-0.013386920983711786,-0.00021863770868891405,0.0003093881028301621
467,9,1-5,adjust,-0.0068323704626826005,0.00025387805691243285,0.00011652917908864792
468,2,1-7,adjust,-0.0039455368886730504,4.993853932609965e-05,0.00023634283307922028
468,3,1-7,adjust,-0.0010722980270212897,0.00035439466849966384,0.0008244108331580623
468,4,1-7,adjust,-0.01338442102513522,-0.0002017656034776452,0.00038418656143027484
468,5,1-7,adjust,0.027498317380150676,0.00012815286926612328,0.0005648081694946232
468,6,1-7,adjust,-0.007213763728789546,-0.0002984876555951056,0.0007770429416705606
468,9,1-8,adjust,0.007230140774631063,-9.904415517679574e-05,0.0002963174814705314
469,2,1-4,adjust,0.000693671756581154,-0.00023072511597742911,0.00042503902401028204
469,3,1-4,adjust,-0.002950172462426551,-0.00026233083548409794,0.00036917416545356036
469,6,1-5,adjust,0.02436591652176385,8.316436772512486e-05,0.0006862654221013052
469,7,1-5,adjust,0.007943688267440192,-7.340364518260474e-05,0.0001344711944328747
469,8,1-5,adjust,0.004178064179400439,-3.992317819654131e-05,0.0005833852431341289
469,9,1-5,adjust,-0.001105085832846616,0.00011522498968993723,0.00023469479424470947
470,2,1-7,adjust,-0.006059774638481529,0.0001121430699738367,0.0003474685425816309
470,3,1-7,adjust,0.039248735057134984,-0.0003508758842341795,0.0001283271974161529
470,4,1-7,adjust,0.033078479042823926,-4.441766700001047e-05,0.000429306395507742
470,5,1-7,adjust,-0.010583753646774554,4.693415874372085e-05,3.091948405892614e-05
470,6,1-7,adjust,0.00328318296309514,0.0002635372703047107,1.1921877629940642e-06
470,9,1-8,adjust,-0.004877154261239926,-0.0002418794334580126,0.00044491278806231
471,2,1-4,adjust,0.015211515934777167,-0.0003871860216229124,0.0008766339805617526
471,3,1-4,adjust,-0.010181017023877083,-0.00018716057905736523,0.0005139610209631462
471,6,1-5,adjust,-0.010466759945475813,0.00021408619559983868,0.0002757842287712636
471,7,1-4,adjust,-0.008174553285836446,-4.269644251199634e-06,7.478037164323536e-05
471,8,1-5,adjust,-0.005943367222365198,0.00022564883326823388,0.0005708266027042387
471,9,1-5,adjust,0.008432913944050416,0.0003064125239062996,9.748350865844323e-05
472,2,1-7,adjust,-0.005780137328088523,0.00021263213247835772,0.00026083443715157437
472,3,1-7,adjust,-0.0021304183571565372,-9.308044181472918e-05,0.0007524372314514811
472,4,1-7,adjust,0.03516445657934847,-0.00021428597905979237,0.0003314587799155226
472,5,1-7,adjust,0.003713577211212649,-0.00012597975259598872,0.00028910856319978287
472,6,1-7,adjust,-0.0013779595201692735,-8.554945505411504e-05,0.001115832151406736
472,9,1-8,adjust,-0.0034867769379098657,-0.00010803443013098164,0.0002587802418467565
473,2,1-4,adjust,0.006725085153928042,1.6866294713152673e-05,6.750390209051151e-05
473,3,1-4,adjust,0.008181842387570866,0.00034141283604891584,0.00032935494836199003
473,6,1-5,adjust,-0.0015239928607534003,0.00013130025745583824,0.000506727515750877
473,7,1-5,adjust,0.00835728564515826,-0.00011663189497040947,0.0008656531734900073
473,8,1-5,adjust,-0.0070711829799500366,-0.00010639943833432547,0.0007055418138904246
473,9,1-5,adjust,-0.006939822744852577,-9.301739408224438e-05,0.0009576751202162633
474,2,1-7,adjust,-0.0004130072684426203,-0.0005389288693637081,0.000594803521950895
474,3,1-7,adjust,0.03370919473387515,-9.454500469580964e-05,0.00044684412053435757
474,4,1-7,adjust,0.01510752943891457,5.633432898727921e-05,0.0008708622105333292
474,5,1-7,adjust,-0.006626513072524532,4.289810904893269e-05,0.0005303557471189813
474,6,1-7,adjust,0.011753000681189613,-0.0005127748968664953,0.0007245949581611851
474,9,1-8,adjust,-0.008752543394626508,-0.00010652356842984639,0.0005761070274293848
475,2,1-4,adjust,0.008660119124903347,-2.321320483684205e-05,0.0008959060572764789
475,3,1-4,adjust,0.004741417969193672,0.00010167427647707913,0.0003728019387136972
475,6,1-5,adjust,-0.0021038071132709656,0.00014248797959730283,0.00015648640458737595
475,7,1-5,adjust,0.009944574693857705,0.00011958646576149376,0.00016159353819161513
475,8,1-5,adjust,0.0038292626705548004,5.422271841745999e-05,0.0006581349109659088
475,9,1-5,adjust,-0.004493205017632517,-0.00014854392430099447,0.000557001074290724
476,2,1-7,adjust,-0.007618360521823524,0.00030126279921964007,0.0006214983254585766
476,3,1-7,adjust,-0.038100557994149194,8.962285873064958e-05,0.0008382481760509849
476,4,1-7,adjust,0.010413989553541033,-5.336111404510725e-05,0.0011702504654085824
476,5,1-7,adjust,-0.01473881580965873,-0.00014745182195389454,0.0003036029872034656
476,6,1-7,adjust,0.0010145353601303895,-0.0002932177181688364,0.000757112463504104
476,9,1-8,adjust,0.003782750544585431,0.00020154214545620234,0.00010854081430794306
477,2,1-4,adjust,0.013678246910151896,-0.0003661329925236298,0.0013826430570437927
477,3,1-4,adjust,0.019215987051023974,3.5025541878993255e-06,0.00037088714053552503
477,6,1-5,adjust,-0.012208658546614687,-1.1719636011523872e-05,0.00047784559692714076
477,7,1-5,adjust,-0.003050713652528566,-0.0002642889749229391,0.00011114857866764513
477,8,1-5,adjust,-0.007587964449169141,-0.00011003536168577367,9.735938962608476e-05
477,9,1-5,adjust,-0.004073200519817328,-0.0006821528690775353,0.00030836790198175533
478,2,1-7,adjust,-0.010145200022752715,0.00029185085105088175,4.421625010124746e-05
478,3,1-7,adjust,0.023668684879046397,-1.8931654873971578e-05,0.00024382328212224305
478,4,1-7,adjust,-0.01910747318097317,-0.0004871494209033853,0.0009247081511624723
478,5,1-7,adjust,0.008396791962936048,0.00030058537629540317,0.00017599490728225297
478,6,1-7,adjust,0.025929381297907717,0.00043736551495626643,0.0005078705370930789
478,9,1-8,adjust,0.00022822852871152736,4.90328149738846e-05,7.409902224114321e-06
479,2,1-4,adjust,0.02027279685190839,-9.136704081741711e-05,0.0011725231447452067
479,3,1-4,adjust,-0.006816043673724706,0.00015566770315836697,0.0011740378581508984
479,6,1-5,adjust,-0.007554249418350115,-9.902010548064279e-05,0.0007283749744183637
479,7,1-5,adjust,-0.015256401344414904,0.00014239077388352947,0.0004561698910844484
479,8,1-5,adjust,0.016594467914446222,0.00027986844461371977,0.0012812932472709526
479,9,1-5,adjust,0.018919018177945775,0.0007873279500880087,0.0009699254724255756
480,2,1-7,adjust,-0.011266336620101269,-9.82651763992086e-05,0.0005166204263308324
480,3,1-7,adjust,-0.018630203528977415,0.00018031619564022678,0.0004052202809140527
480,4,1-7,adjust,-0.023257309079469542,0.00043179678830186185,2.490545273290766e-06
480,5,1-7,adjust,-0.0071490301701561875,0.0002739213065349888,4.072784919942012e-05
480,6,1-7,adjust,0.008650149270010798,0.0004991110058585966,7.043180599466126e-05
480,9,1-8,adjust,-0.0058787547254928255,-2.7649328623011187e-05,3.1843329927369e-05
481,2,1-4,adjust,-0.006037996985795384,3.573039472107859e-05,0.0003482042826222391
481,3,1-4,adjust,0.0040259768066043715,-0.0004332754092047531,0.0008907722338166076
481,6,1-5,adjust,0.001552732144755446,-0.00033230537865720354,0.0006511682721600433
481,7,1-5,adjust,0.023389438569391605,0.0003546054706234819,0.0007545369515078215
481,8,1-5,adjust,0.003311327092758422,-6.030676320530722e-05,0.0004875548116031802
481,9,1-5,adjust,-0.0009335740544091717,-0.00016994387683687073,0.0002312602259416488
482,2,1-7,adjust,-0.034183179774083666,4.529035608273858e-06,0.0005743382617507247
482,3,1-7,adjust,0.0007381672507999157,0.00045334982933976497,4.46292210136387e-05
482,4,1-7,adjust,-0.032454419354342054,0.0006637337807574622,0.0003818730621819084
482,5,1-7,adjust,-0.019903799955277857,-0.00033401045570854646,1.1724407347294643e-05
482,6,1-7,adjust,-0.00460323824316418,-0.00013101045123423399,0.0008781102542835798
482,9,1-8,adjust,0.00782867484459042,-0.00013889358540758394,7.608200091859049e-06
483,2,1-4,adjust,-0.002508463156964068,0.00022301237875133203,0.0003744689486586666
483,3,1-4,adjust,-0.02715851942300781,-0.0003218078948060598,0.00063319183486058
483,6,1-5,adjust,-0.034210583741318794,0.00018025099762169754,0.00036882492342805653
483,7,1-5,adjust,-0.011056388922368095,-0.00031239684281266227,0.00023883744652561012
483,8,1-5,adjust,0.030734791567710827,8.368784844887362e-05,0.0005794748009690215
483,9,1-5,adjust,-0.005962703388995193,-0.00016388493894951383,3.3892599529309397e-05
484,2,1-7,adjust,0.03233829985642903,3.0799945049811195e-05,0.000140069345577042
484,3,1-7,adjust,0.003672035721475096,-0.00021825229409115114,0.0007428667729977416
484,4,1-7,adjust,0.03268616749270553,-0.0006108977647476224,0.0005897466175768742
484,5,1-7,adjust,0.019178586211054695,-0.00013557423268180168,0.0004509914168383469
484,6,1-7,adjust,0.01487964817299312,-9.289054902160215e-05,0.0004494844247278054
484,9,1-8,adjust,-0.0010124635640756461,0.00016725689827340077,0.0008547080946576275
485,2,1-4,adjust,-0.008522676423938788,-9.420927340198012e-05,0.0005440612765311658
485,3,1-4,adjust,0.022383870705862372,2.903746812345142e-05,0.0003862047995401781
485,6,1-5,adjust,0.008355112093971988,-0.0002111208797484285,0.00043890204995728513
485,7,1-5,adjust,-0.02297465442009785,0.00023269286814283654,0.0006914031145422628
485,8,1-5,adjust,-0.013794035070591801,-0.00026436151420046466,0.00033763202786438537
485,9,1-5,adjust,-0.009077070586003294,-8.963919997024268e-05,0.0005624227222958572
486,2,1-7,adjust,-0.0074749001501727835,0.00041222909493723577,7.965510893271061e-05
486,3,1-7,adjust,-0.05205971257775407,0.0007636649995213141,0.0007974708873064371
486,4,1-7,adjust,0.019996346009430434,0.00038773534485317943,0.0003099115607025194
486,5,1-7,adjust,0.011648276294722086,-1.4066356577420183e-05,0.0002703795454125811
486,6,1-7,adjust,0.00969246371481497,0.00037944750820378606,0.00034891411718520135
486,9,1-8,adjust,0.017459825491407514,8.014811954959054e-05,0.00021065577194635923
487,2,1-4,adjust,0.011799219325915038,-9.261582651980408e-05,0.00011804965476048447
487,3,1-4,adjust,0.021879898266482605,-0.0004472926018015218,0.0003879433772558886
487,6,1-5,adjust,-0.02297551060991923,7.425484335273511e-05,9.837940625373671e-05
487,7,1-4,adjust,0.02404568823122068,-0.00027437732213247973,1.6264645263820443e-05
487,8,1-5,adjust,-0.010535954986909414,-7.982646602016131e-05,8.910099266789333e-07
487,9,1-5,adjust,-0.015002649494218076,-0.00026625328913921543,0.00018869458906655963
488,2,1-7,adjust,-0.011863006138047952,6.719374466418666e-05,0.0005147411828443227
488,3,1-7,adjust,-0.014882369369783573,-0.00014799830235822422,0.0006121542713174084
488,4,1-7,adjust,-0.0007021149733511016,0.0005511011097185776,0.0006137331184485976
488,5,1-7,adjust,0.029635165460237936,-0.00019035292560619965,6.014264460747549e-05
488,6,1-7,adjust,0.0211084170732411,-0.0004686368473704017,0.0003835558473869186
488,9,1-8,adjust,0.0059549147069935925,6.296001807521063e-05,9.760849432561595e-05
489,2,1-4,adjust,0.010862695599205415,-7.472209532879194e-06,0.000378643317024076
489,3,1-4,adjust,0.006358121787656468,-5.995501983854955e-05,0.0006760094228107383
489,6,1-5,adjust,-0.0046802497095716575,2.9038633222843703e-05,0.0003195896135192825
489,7,1-5,adjust,-0.009642007941812273,0.00025631607251494514,0.0005339570922866536
489,8,1-5,adjust,-0.012907113404085907,6.226972445906787e-05,0.0010731078182634848
489,9,1-5,adjust,-0.019885665820787737,-0.0004271443784134116,0.0007773970019383225
490,2,1-7,adjust,-0.022430557548468323,0.0004757938902060755,0.0008831605656762224
490,3,1-7,adjust,0.002672201801868662,0.00041901059998220144,0.0006047825814879688
490,4,1-7,adjust,-0.030776157837525676,-0.0004916737919458255,0.000196957736603625
490,5,1-7,adjust,-0.034858682505493,-0.0001182268427470452,0.00011911876813644904
490,6,1-7,adjust,-0.0029602397655858893,0.00016999746723619049,0.00022588017586008366
490,9,1-8,adjust,0.006735720453736306,0.00020121858000944244,0.00016493597939476584
491,2,1-4,adjust,0.01638568203693258,-0.0006308833743684649,0.0001271336259064042
491,3,1-4,adjust,0.005152704813239598,-0.00014455622175186741,0.0003368723500477463
491,6,1-5,adjust,-0.012348844784524587,-0.0004380524917550642,0.0007753556376527958
491,7,1-5,adjust,-0.010610248974899162,7.0974367479659695e-06,0.0002834223583244417
491,8,1-5,adjust,-0.0020463875971831794,-0.00015387774070993514,0.0003002483427841769
491,9,1-5,adjust,-0.007153043899222284,9.705594046812896e-05,0.0003414883725255978
492,2,1-7,adjust,0.0026162546600814085,-4.756115406451292e-05,0.0010930137398966143
492,3,1-7,adjust,-0.016842705254069685,0.000120194363858682,5.935143277116884e-05
492,4,1-7,adjust,-0.004619976962362731,0.00015556809501908426,3.0408413213806485e-05
492,5,1-7,adjust,-0.01798109546552518,0.00015707870633488568,0.000769427792566038
492,6,1-7,adjust,-0.0304710502830569,1.2866007643364122e-05,0.001417679879941604
492,9,1-8,adjust,0.011671892267253148,0.0003123879299196067,0.00015155970507236443
493,2,1-4,adjust,0.0007564252851884952,0.00019891484014297555,0.000443613273512448
493,3,1-4,adjust,-0.002697326212740919,-4.1115699673034464e-05,0.00036378457126594934
493,6,1-5,adjust,-0.0014517636852687363,-8.505607066628782e-05,0.0003658216737871531
493,7,1-5,adjust,-0.0018512190569814518,-0.000575095532978317,0.00029324738236772267
493,8,1-5,adjust,-0.026107964286301175,8.946923946885739e-05,0.0003635739474135746
493,9,1-5,adjust,-0.003910875552715729,-0.0005022086576198504,0.00022850167746421544
494,2,1-7,adjust,0.012311179390177743,-0.00048165120617792856,3.0368378379207576e-05
494,3,1-7,adjust,0.009607026010538554,-0.00015878178094473562,0.00041859408289420896
494,4,1-7,adjust,0.05170615572970803,-0.00017001270434497808,0.00042404159020298436
494,5,1-7,adjust,0.049618847074410354,4.880158030142796e-05,0.00034376117492883736
494,6,1-7,adjust,0.04029459214705893,0.0005960095691133026,9.549748665621264e-05
494,9,1-8,adjust,-0.0031958149640144806,3.595937257201749e-05,0.0002158077285826538
495,2,1-4,adjust,-0.0015673252546127164,-7.898272355645993e-05,0.00012460788136761213
495,3,1-4,adjust,0.02159153826974083,-0.00015578944952441604,0.0010868673196786063
495,6,1-5,adjust,0.008047042862948182,-0.0003210804008335658,5.2452447638567766e-05
495,7,1-5,adjust,0.011914790175385307,0.0003104253194285595,0.00025308283919718203
495,8,1-5,adjust,0.017127894377474043,0.0002944481489733661,0.00018747433587351387
495,9,1-5,adjust,0.00014642971800522757,8.791890116632192e-05,0.00023521074196889235
496,2,1-7,adjust,-0.02047294716967308,0.00048369472461295526,0.0001713667190673831
496,3,1-7,adjust,0.01638306499968467,-0.00019033302945493404,0.0005877711405319375
496,4,1-7,adjust,0.0106138575275442,-0.00015090562998053977,0.000422335758524571
496,5,1-7,adjust,-0.027693705679307987,5.5019847829161745e-05,0.0014865360670487295
496,6,1-7,adjust,-0.015572633426176064,-8.21956346296962e-06,0.0006348738895425939
496,9,1-8,adjust,0.003694912852408498,0.00013037860057756812,6.323496334830366e-05
497,2,1-4,adjust,0.0067399175682366485,-0.0005940522052147286,0.0010053124045771953
497,3,1-4,adjust,0.0054135200717040895,-0.0001956432341042014,0.000968672145513321
497,6,1-5,adjust,-0.014101036245870205,6.364969134301287e-05,0.00027227143036848855
497,7,1-4,adjust,-0.04231039595976164,0.00021146082877668453,1.808471091787167e-06
497,8,1-5,adjust,0.00578642008383023,-0.00031535177403956704,0.00027756095423694753
497,9,1-5,adjust,-0.0183518771123813,0.00040090381199878384,8.3391585105849e-05
498,2,1-7,adjust,0.00904127938212677,0.00021716727509614678,0.00028670439326080346
498,3,1-7,adjust,-0.008434183985011634,0.00014342997932621462,0.0006392401793359129
498,4,1-7,adjust,-0.05831150288166716,0.0002530736768682117,0.00026254610963313363
498,5,1-7,adjust,-0.022300008552261955,8.853704164385493e-05,0.0002747443776134683
498,6,1-7,adjust,0.0024401909246083045,0.00022376992851256636,0.000415908998010325
498,9,1-8,adjust,0.0045090958877170234,4.177545793960816e-05,0.0002610829085702811
499,2,1-4,adjust,-0.006865431853352372,-2.3940451760048916e-05,0.00044747530111062365
499,3,1-4,adjust,-0.008334918783528846,0.000360307628125577,0.0001228396419181072
499,6,1-5,adjust,-0.01989198107013402,-4.783126322349559e-05,0.00021809038425660163
499,7,1-5,adjust,-0.0024109837015722107,0.00013290696734047562,0.00038234837833548405
499,8,1-5,adjust,-0.012461035372140324,-0.00029782940149222716,7.068788572452506e-05
499,9,1-5,adjust,-0.004243478560321667,-0.00020599930823378258,0.00019521896368399807
500,2,1-7,adjust,-0.013857851384376209,0.0006246781827592983,0.0007340056406987695
500,3,1-7,adjust,-0.03394416522890869,0.0003094530753260687,0.0006878476809001554
500,4,1-7,adjust,-0.03279019107949625,-7.247635669586729e-05,0.00037800835283982484
500,5,1-7,adjust,-0.031005818310568922,-0.00026567179357121047,0.00010882866965192021
500,6,1-7,adjust,0.008949632152453786,0.00026277149457014235,0.00023905522483397252
500,9,1-8,adjust,0.01088436470765646,-0.00045652261608584397,0.0003497438802431055
501,2,1-4,adjust,0.008130450872014023,0.00011999918797002991,0.0003536548631615052
501,3,1-4,adjust,0.000759667479528731,0.00020269565686930485,0.0002865285675007272
501,6,1-5,adjust,-0.006260559816975521,-0.0003431297917724503,0.0003382350731834018
501,7,1-4,adjust,-0.01632874186414733,-0.0005242384974646409,2.8763088660629594e-05
501,8,1-5,adjust,-0.009008323124449968,-0.0001792674856294684,0.00026161110908039763
501,9,1-5,adjust,0.0063073009348475345,0.00018624020572714298,0.00012757448355630557
502,2,1-7,adjust,0.017749574606858554,-0.0003854442288633969,0.0006846581531621969
502,3,1-7,adjust,0.022318528308953523,-0.0007363054232124884,5.248090089210263e-05
502,4,1-7,adjust,-0.0007015137687426034,7.466198583455007e-05,2.138922581896721e-05
502,5,1-7,adjust,0.006831364487487819,-1.1456359516185148e-06,0.00034357211255016786
502,6,1-7,adjust,-0.010616538295640804,2.8369822818689992e-05,0.0007859418642634016
502,9,1-8,adjust,-0.0011242423733530981,-5.2874041775021216e-05,0.0006538993810918139
503,2,1-4,adjust,-0.000852876038261515,7.228449277674408e-05,0.0003010698527876875
503,3,1-4,adjust,-0.010607454120952592,0.00030454241656268114,0.0004983911041900411
503,6,1-5,adjust,-0.010600389173936062,-0.0003065581215564665,0.0009469049148831905
503,7,1-5,adjust,0.008079211157169293,6.5012035214088e-05,0.00043368100315184554
503,8,1-5,adjust,-0.019376033985534946,-0.00010433000733039314,0.0006578457353691615
503,9,1-5,adjust,-0.017141833930140543,-0.00013831725124064395,0.00046193841272370017
504,2,1-7,adjust,-0.0029128062549191873,-7.607353018383618e-05,3.7776893072160676e-05
504,3,1-7,adjust,-0.009945593881049004,0.0002990241580622445,0.0005896462049239726
504,4,1-7,adjust,0.02813896713603979,0.00018421014393365666,0.000693432708648939
504,5,1-7,adjust,0.021924594865672744,0.00042709768556645726,9.142148963689505e-05
504,6,1-7,adjust,-0.006818422441703641,0.00022480271727147243,0.0008146240240677657
504,9,1-8,adjust,-0.015241891816622808,-0.0002955115383737005,0.0009605175885968095
505,2,1-4,adjust,-0.01979282123618772,0.00021012207890353,0.00017006073998928118
505,3,1-5,adjust,0.0011337735906982653,-2.334453506194202e-05,3.117138530000056e-05
505,6,1-5,adjust,0.01586609905505996,0.00029307042122248163,0.00047923995495594246
505,7,1-5,adjust,0.014444773153882758,-5.968328365679984e-07,0.0003901115277923908
505,8,1-5,adjust,0.011067079750571251,1.6122817962683957e-05,7.430884553598024e-05
505,9,1-5,adjust,0.01200958331033537,0.0006060904454742197,7.344060716664849e-05
506,2,1-7,adjust,0.004184267851994703,4.762333359687408e-05,0.0007946327867065762
506,3,1-7,adjust,0.017219393370305692,-0.0005447810722017249,0.00014300502960485034
506,4,1-7,adjust,0.027353253010784336,-0.00014684502677119962,5.691525745694974e-05
506,5,1-7,adjust,0.012256304725010062,-2.0936280782318925e-05,7.407314710009248e-06
506,6,1-7,adjust,0.009207513732251876,-9.530872400449091e-05,0.0001195663872050781
506,9,1-8,adjust,0.0011633633816236935,-0.00025459687424848437,0.0007355656483753488
507,2,1-4,adjust,0.001421773080171008,-0.00040855509941294907,0.00019236792873582426
507,3,1-4,adjust,-0.010391049669102256,-3.7708070834569024e-05,0.0004808667450440833
507,6,1-5,adjust,0.0022403184715092837,-9.830619694706402e-05,0.0005201588502372126
507,7,1-5,adjust,0.005601373138101945,0.0003506367365789944,0.00024565333450107774
507,8,1-5,adjust,0.001630790074759465,0.00018684457777253365,0.0012124656229118346
507,9,1-5,adjust,0.01068353347154976,0.0003563257627227011,0.00015151931731647176
508,2,1-7,adjust,0.006103285913838763,-0.00018168438650695783,7.764040797452007e-05
508,3,1-7,adjust,0.00841652288644733,0.00023359717065122052,0.0008270876786970108
508,4,1-7,adjust,0.0018932953086760065,-0.00024268523489342386,0.00047381416157486045
508,5,1-7,adjust,-0.006965420118696761,3.8133490985110454e-05,0.0008415563063804251
508,6,1-7,adjust,0.027511583351760537,-0.00015114933528960646,0.00045430616094291397
508,9,1-8,adjust,-0.009644744100056559,-0.00029652796013952283,0.0009982971456077977
509,2,1-4,adjust,0.006179394349555923,-6.198605625490063e-05,0.0006946354484716095
509,3,1-5,adjust,0.0003750931727880514,0.00015394310139660487,5.997129634996374e-05
509,6,1-5,adjust,-0.001999695316682612,-0.00013676159007360632,0.00035688165140712906
509,7,1-5,adjust,0.0009974717346528331,-0.00031888254574227113,0.00017075491581177097
509,8,1-5,adjust,0.012479888428410095,-1.082929822962828e-05,0.00041891237425165627
509,9,1-5,adjust,0.01935836187533388,0.00026842026640925664,2.9727725357398428e-06
510,2,1-7,adjust,-0.0035382737567135583,0.0003194308545934174,1.7138925898079918e-05
510,3,1-7,adjust,-0.005758461573919864,-9.05709381860928e-05,0.0002383340555298977
510,4,1-7,adjust,-0.013326762412460042,0.00018705404476865913,0.0003479660801765644
510,5,1-7,adjust,0.020052983842505787,-0.00011696391586157434,0.00013171288015875564
510,6,1-7,adjust,-0.018866636889423503,-7.713872364487333e-06,0.0004433180002975388
510,9,1-8,adjust,-0.0024374820933395604,-0.0003333039104760951,0.00020095674186631308
511,2,1-4,adjust,-0.016802379664792307,0.00034241511226063026,0.0009327748584540822
511,3,1-4,adjust,-6.62164007876624e-05,-0.0001543062143370196,6.593565599658581e-05
511,6,1-5,adjust,0.0021772963426278324,0.0002751058462516487,0.00043838887479324967
511,7,1-5,adjust,0.0005127435054907119,-0.00016302416067472722,0.00025574065734306996
511,8,1-5,adjust,-0.009852057746977257,0.00010539931996053761,0.0002889587674091237
511,9,1-5,adjust,-0.01162687063985458,-0.0002728147552640441,0.00015800140583398082
512,2,1-7,adjust,0.008917729015556673,-8.957906205101456e-05,0.00015987350322693876
512,3,1-7,adjust,0.021264619724873313,-0.00014343181377110672,0.0005904109464658826
512,4,1-7,adjust,0.004887133626437842,-0.00038598312006964185,0.00010794463101428975
512,5,1-7,adjust,-0.017071434978528692,-0.0003194169640547782,0.0007525781271124053
512,6,1-7,adjust,0.005189676859398851,0.00016169821620405368,0.00084684260275916
512,9,1-8,adjust,0.005342993208843305,0.00037427265404210664,0.0002104527435983863
513,2,1-4,adjust,0.013445003547757205,-0.00030902673237624456,1.1383447310394916e-05
513,3,1-4,adjust,-0.0014294188996470671,5.19115933407332e-05,8.734887590498527e-05
513,6,1-5,adjust,0.0026409222151593126,-0.0004399869291718564,0.0004062269618948917
513,7,1-5,adjust,-0.0010631199072067472,-0.00013665035463172344,0.0001897917589969813
513,8,1-5,adjust,0.026033614524170016,-6.990930773959548e-05,0.00023623373674433416
513,9,1-5,adjust,0.003619630978324872,0.0002557025127306836,7.113312751196046e-05
514,2,1-7,adjust,-0.00481267285045241,-0.00026768539054326026,6.84763674587437e-05
514,3,1-7,adjust,-0.02587266932347213,-0.00012969525107247787,4.1271206275290304e-05
514,4,1-7,adjust,-0.026606589531954494,-0.0005385307097191424,6.88114144727494e-05
514,5,1-7,adjust,0.018702310830136012,-5.705090764827972e-05,0.0002097622646095494
514,6,1-7,adjust,0.0009080340074045307,8.72299442659808e-05,1.2298174442185618e-05
514,9,1-8,adjust,-0.0008040960386483288,0.00037983881617617365,0.0005260283807108399
515,2,1-4,adjust,-0.00186554018714537,-0.00026563929784124865,0.0004894363326432663
515,3,1-4,adjust,0.019299855107719508,-9.984522137048403e-05,0.00022116819348416643
515,6,1-5,adjust,-0.002950067698527484,2.2780487768463524e-05,0.0007754938643051293
515,7,1-5,adjust,-0.005814504514140456,0.00030205264864915595,0.0002657234444369073
515,8,1-5,adjust,0.008315623165003422,-2.009581495280025e-05,4.785791571123109e-05
515,9,1-5,adjust,-0.006945923891454691,-0.0004964184626180761,0.0003961383661272056
516,2,1-7,adjust,0.0041897300762161705,0.0003385993559033584,2.5081219540009808e-05
516,3,1-7,adjust,-0.009847037901880452,7.051160955277515e-05,0.0002486138772773685
516,4,1-7,adjust,0.028823482273892836,0.0003860705278654554,0.0002135232419589508
516,5,1-7,adjust,-0.02139967644243663,-7.821196346529076e-05,0.00025871288698734314
516,6,1-7,adjust,-0.0016529128872024728,0.00033830090627213236,0.0003731243270235597
516,9,1-8,adjust,0.010301266527380485,0.00020247416835447745,0.0001686230935476742
517,2,1-4,adjust,-0.006302823754444442,5.811736976657085e-05,0.0003019109596284588
517,3,1-4,adjust,0.0033544966658097795,-8.916171259334145e-05,0.00015139716940225622
517,6,1-5,adjust,-0.00477525551003978,-0.000158030533231723,0.0003365297602673436
517,7,1-5,adjust,0.0028315060773908022,0.00012834652198821653,8.3513565887942e-05
517,8,1-5,adjust,-0.02790794950803727,0.0003604273611325262,0.0007081129746574426
517,9,1-5,adjust,-0.00403881664315684,-0.00045764670523795785,9.23523480572556e-05
518,2,1-7,adjust,0.00237550204526537,0.0002968719254792735,0.00015510471032318597
518,3,1-7,adjust,0.0023675740882650974,6.371869301780715e-05,0.00012849521751961618
518,4,1-7,adjust,-0.018116595758225024,-9.146077110879598e-05,0.00014040305712222632
518,5,1-7,adjust,0.01858273535606136,0.0001446922692673646,0.0005072413195396514
518,6,1-7,adjust,0.003988355087514722,0.0003155816556178594,0.00048065630989057873
518,9,1-8,adjust,0.0007528270086438334,-0.00013477397869904494,6.297332326994721e-05
519,2,1-4,adjust,0.00324945545305651,-0.0004300272696761314,0.0010777642905776756
519,3,1-4,adjust,0.00886555959281708,-7.974889084865894e-05,0.0005088651151595617
519,6,1-5,adjust,0.0036806306133243985,-0.00048098164396209145,3.604099368977534e-05
519,7,1-5,adjust,0.012963198900838049,-6.603659465201958e-05,6.797287025679254e-05
519,8,1-5,adjust,0.02132646220244232,-0.0002838318296883741,2.047275454224857e-05
519,9,1-5,adjust,0.004147321481812663,0.0003139560815894778,0.00020325527758526272
520,2,1-7,adjust,-0.01282887930416465,0.00015438298176475546,5.437530038193139e-05
520,3,1-7,adjust,-0.009437745346627486,0.0003841928836515158,0.0004294011727843005
520,4,1-7,adjust,-0.0063136381166658505,4.631989617510532e-05,0.0002372689307469683
520,5,1-7,adjust,0.017805796306370237,4.898793726451402e-05,0.0003898911435814003
520,6,1-7,adjust,0.008767801580322193,4.262120803050971e-05,0.00022162035045462437
520,9,1-8,adjust,0.003700677036559147,-0.00013907717121230395,0.00014707792276722742
521,2,1-4,adjust,0.006947040906494353,-5.8495552126162676e-05,5.58397797548695e-05
521,3,1-4,adjust,0.0020525539916227335,7.248140500175373e-05,0.0004536715117170355
521,6,1-5,adjust,0.01407363062053717,-0.0002006262369146055,0.0008791126694430772
521,7,1-5,adjust,0.023732905518906215,-3.2531504533078077e-06,0.0003431179693045988
521,8,1-5,adjust,0.006480527096607129,-9.169083637067043e-05,0.0003451155237813396
521,9,1-5,adjust,-0.004565329476508575,0.0004219564840542606,7.273570223793276e-05
522,2,1-7,adjust,0.0067211523243343,0.00015383903845577794,0.0002548903738660092
522,3,1-7,adjust,-0.017272036356739996,0.00019811455111930283,0.00016564600539315042
522,4,1-7,adjust,0.05359367018337548,-1.1321230546640564e-05,0.000218578055129126
522,5,1-7,adjust,0.018796892081107446,8.02927056786312e-05,3.18557799814394e-05
522,6,1-7,adjust,-0.01181962639798718,-9.871288903510594e-05,1.1589945195459545e-05
522,9,1-8,adjust,0.006078876802735573,7.281070535671472e-05,0.0004695533692608163
523,2,1-4,adjust,0.01598773827256872,-0.0005878952819891209,0.0007216318951682496
523,3,1-4,adjust,0.026001739438495118,-0.00035869462646722874,4.91288366378042e-05
523,6,1-5,adjust,0.012639322586842852,0.000587331420102088,0.0007277641919873642
523,7,1-5,adjust,-0.009605656404044838,0.00016372313910196937,0.0007228615344065388
523,8,1-5,adjust,-0.029667959009845226,-8.358024859604057e-05,0.0001564945217306127
523,9,1-5,adjust,-0.013771640281560107,-0.0005625704892575481,5.926969598780352e-05
524,2,1-7,adjust,-0.017994434906672886,0.00033929588466752135,0.0003151858388435985
524,3,1-7,adjust,0.009109344207633619,-0.00023238639779915297,0.0011382737892865929
524,4,1-7,adjust,-0.04049970251139339,0.00012304438671350865,7.941962494567195e-06
524,5,1-7,adjust,-0.012567071188751328,-0.00015299079127364468,0.00024515597462058676
524,6,1-7,adjust,-0.0006168253591484587,-0.00016907566660224576,0.00020721773055348524
524,9,1-8,adjust,-0.005906612990967316,-4.559976853628408e-05,0.0007694747587844599
525,2,1-4,adjust,-0.0013502414721576646,0.00015406279723999416,0.00010203226672346333
525,3,1-4,adjust,-0.010439678491756664,-0.00036979024552902967,0.0006776443487061354
525,6,1-5,adjust,-0.00602172939653119,0.0002195695453643705,0.00011154752407473446
525,7,1-5,adjust,0.01423010440139077,-0.00039475729178136396,9.374702035874962e-05
525,8,1-5,adjust,-0.001094375802527291,0.000359154146521683,0.0009176058229885418
525,9,1-5,adjust,0.012769463384493177,0.0003572256524475154,0.0004216735765680366
526,2,1-7,adjust,0.004321570806719993,7.246723096964807e-05,0.000344187011599081
526,3,1-7,adjust,-0.01417222665517723,4.607398522894526e-05,0.0003273809793689073
526,4,1-7,adjust,0.002223781003254422,2.3245799093734913e-05,0.00013921171836727312
526,5,1-7,adjust,0.0052039627779509505,-0.0002134195044433377,0.0011777488921649243
526,6,1-7,adjust,0.021092644433299144,0.00013466902313240465,0.0008038739490732087
526,9,1-8,adjust,0.0014832957433663133,-7.17853426866778e-05,8.328314211057966e-05
527,2,1-4,adjust,7.520397681619837e-05,-8.156467753002376e-07,1.5429097241536533e-05
527,3,1-4,adjust,0.01194425395487963,0.00017778418534895955,0.0007169157935076861
527,6,1-5,adjust,0.004573651286642743,-3.874442944032025e-05,0.0008146848723479436
527,7,1-5,adjust,-0.0055441555947545965,-0.00015954420000118495,0.0002733513227652298
527,8,1-5,adjust,-0.00023088211567355455,-0.00018828282091351074,0.0002661514032033921
527,9,1-5,adjust,-0.017559828473410522,-0.0004750725816529891,0.0004425341127480602
528,2,1-7,adjust,-0.003352576253069726,-0.00013213939976675958,0.0005624825527487764
528,3,1-7,adjust,-0.0030365082587523644,9.922098373780475e-05,2.9787350777850212e-05
528,4,1-7,adjust,0.019926390098320906,-0.00011476022776205271,0.0005216233795072185
528,5,1-7,adjust,0.021262232683155358,0.000300285656010402,0.00048018827239397775
528,6,1-7,adjust,0.0009362307090855697,-0.00024578933093523126,0.0005356680369389187
528,9,1-8,adjust,0.009174076988905464,0.00026338141150941365,0.00018066421159904179
529,2,1-4,adjust,-0.0005920129070630625,-7.10204148197655e-05,0.00010476889864097818
529,3,1-4,adjust,0.006839651476418679,4.492222777122033e-05,0.0001958094171907469
529,6,1-5,adjust,0.018747302055903334,-0.0005881928948666976,0.00011841316159991023
529,7,1-5,adjust,0.0010159050280230614,0.00032935337283099893,0.000718355897467499
529,8,1-5,adjust,-0.00862421435979341,0.000225600156696947,6.399463020240485e-05
529,9,1-5,adjust,0.012466974107210909,0.0004022744281977118,1.4768214624575673e-05
530,2,1-7,adjust,0.006610100520873278,2.596252396622986e-05,3.269560859205628e-05
530,3,1-7,adjust,0.01848883797804572,-7.430004340286814e-05,0.0005235066726675258
530,4,1-7,adjust,-0.03979897274480166,0.0002684943346015749,0.00019705659381282455
530,5,1-7,adjust,-0.010715793269574867,-0.0004887677453113131,0.00029452373389230737
530,6,1-7,adjust,-0.02853467637281445,-1.3755172325442603e-05,0.0009286720828859078
530,9,1-8,adjust,-0.006880127685028971,-2.9075583515548047e-05,0.00022801028936665342
531,2,1-4,adjust,0.0034140200135381444,1.9124997545552965e-05,0.001140328352588139
531,3,1-4,adjust,-0.016318443008691015,-4.114753786891128e-05,0.00033371808929062567
531,6,1-5,adjust,-0.018809933845111027,0.0003952219157450813,0.0006146722996040519
531,7,1-5,adjust,-0.03957892916459704,0.0003279962819483724,0.0003674349301294161
531,8,1-5,adjust,0.007346988832742668,-0.00010340420931001661,0.0003033151199138199
531,9,1-5,adjust,-0.0037125302042218394,-0.00017719684075733811,6.960166890207018e-05
532,2,1-7,adjust,-0.012939569236245702,0.0003226622674684505,9.050296447634133e-05
532,3,1-7,adjust,0.0076275381708674666,0.0004502404131306567,0.0007190402633803584
532,4,1-7,adjust,0.01984728949443501,-0.0002273978014505666,0.00019541811971972027
532,5,1-7,adjust,-0.01895242969380532,0.0005063494112454925,0.0001238249241547404
532,6,1-7,adjust,-0.027407719991196035,-0.00011287776241373357,5.20901733809826e-05
532,9,1-8,adjust,-0.007991168343720783,-0.00011560027117933463,2.072657217843479e-05
533,2,1-4,adjust,0.01374723405769191,-0.00015756687054596104,0.0005104761895469601
533,3,1-4,adjust,-0.007377868191911662,-0.00038011529106304843,0.00043300648870714126
533,6,1-5,adjust,0.02121403105472689,-1.1811944149526706e-05,0.0005816258801473835
533,7,1-5,adjust,0.006759898843127229,0.00038845673852975446,0.00024578315726342707
533,8,1-5,adjust,0.014941637016598133,4.385906576415168e-05,0.0007203012691093093
533,9,1-5,adjust,0.009156164789675696,-0.00019032865725095066,0.00013269423132353586
534,2,1-7,adjust,-0.01128203083536612,5.623904669712124e-05,4.97659781712321e-05
534,3,1-7,adjust,-0.05070243838983398,0.0003866496758920112,0.000811818441834272
534,4,1-7,adjust,-0.012644650342495187,0.0001515650869377753,3.1295725761079704e-05
534,5,1-7,adjust,-0.022988612412468655,0.00011797010549726226,0.00017745529975022383
534,6,1-7,adjust,0.005927449168799958,0.0007095969754365127,0.0005925822333916234
534,9,1-8,adjust,0.0021925632301852634,0.0002077715307485282,0.0005823073949029859
535,2,1-4,adjust,0.0019036165046731781,-0.00017323636904337982,0.00035622513384559867
535,3,1-4,adjust,0.007464417482187126,3.740850441594966e-05,0.0004084372103505633
535,6,1-5,adjust,-0.005993515580868597,-0.00034664899053940865,0.0003216856427564203
535,7,1-5,adjust,0.011043245110796672,-3.211039989741576e-05,0.0010533681639690342
535,8,1-5,adjust,0.010819793666893382,-0.00032623157068969994,0.0007546333932594895
535,9,1-5,adjust,0.00038519036551506444,0.0005512454151126565,0.00028169815642306215
536,2,1-7,adjust,0.001251586856536204,-3.076386022218258e-05,0.00014000193376896046
536,3,1-7,adjust,-0.008192985063271424,-9.728352319620076e-05,0.0003241401102030524
536,4,1-7,adjust,-0.02203200588337858,0.00023144334684866458,0.00044099408651241594
536,5,1-7,adjust,-0.0266899706797373,-0.0001267626236838919,0.0011581381662881325
536,6,1-7,adjust,-0.014840884214572463,0.0001426327079527699,8.393550913432058e-06
536,9,1-8,adjust,0.005130204431872339,-7.891839058047663e-05,0.00014977046639775608
537,2,1-4,adjust,-0.003820286839522804,0.00028584992267957393,0.0002229758631367695
537,3,1-4,adjust,0.006524917261843302,0.00037365703516665106,0.000756824990786563
537,6,1-5,adjust,-0.0021687391143751385,-0.00011071060135478506,0.00012300482526377853
537,7,1-5,adjust,-0.0068129753479799,-0.0001033745092533256,0.00016665145705245198
537,8,1-5,adjust,-0.010856227349430118,0.00017412804616537183,0.0006671235072268297
537,9,1-5,adjust,0.008955044398731116,-0.00010271353373214727,0.0002825280508883842
538,2,1-7,adjust,-0.015032081680989592,7.220804747901343e-05,9.366416331158278e-05
538,3,1-7,adjust,0.01457018737693811,-0.00013172164765197722,0.00022515883786558137
538,4,1-7,adjust,0.004920913483810234,0.0001411838883147803,0.0004901961001209732
538,5,1-7,adjust,0.04069736107020791,0.0002486160850408286,0.00045300232995107973
538,6,1-7,adjust,-0.028912454792919765,-0.00036168630720428795,6.99667645071288e-05
538,9,1-8,adjust,-0.008847408895953899,-0.00027633348208567376,0.0006326564768614349
539,2,1-4,adjust,-0.0066684697838441725,0.00032145259121013457,0.0008039209569857882
539,3,1-4,adjust,-0.0008715185968678354,-5.491325916707061e-06,0.0002386374446817531
539,6,1-5,adjust,0.031225968428715813,1.9155414660979783e-05,0.0005860861433829468
539,7,1-4,adjust,0.00936139910894176,-0.00010905923865688953,4.647868810757249e-05
539,8,1-5,adjust,0.011470380095217012,-0.00011240638962435556,0.0001324106157992078
539,9,1-5,adjust,-0.0072626987171144535,0.0002188644404799507,0.0001809754893308692
540,2,1-7,adjust,-0.008577579285568564,0.00020569646611903796,0.0009475302333571273
540,3,1-7,adjust,0.03390348965688903,-0.0001490745054130727,0.00016043784822172502
540,4,1-7,adjust,-0.009697573687609037,0.00045932103152241256,0.0003721313799890771
540,5,1-7,adjust,-0.008483932744464191,-2.4129945696890542e-06,0.0005523663632965234
540,6,1-7,adjust,0.011481554269269806,0.00021500992785469192,0.000583955215488475
540,9,1-8,adjust,0.0059089996212973875,-1.705070633451877e-05,0.0006740189889970088
541,2,1-4,adjust,-0.0006511011222524385,0.00016179726509057903,0.0006538597132456859
541,3,1-4,adjust,-0.03354579802875561,0.00035571043659797123,0.0010868073767807004
541,6,1-5,adjust,0.006160507236296644,0.00016835332588540603,0.00026264125293926164
541,7,1-5,adjust,0.015341550959842012,8.18264341595516e-06,0.00029424505633403856
541,8,1-5,adjust,0.018598811016275415,0.000253886665838922,0.00017923135821872095
541,9,1-5,adjust,0.015546406591588598,0.00034873571441829197,0.0002866634115328088
542,2,1-7,adjust,0.006834269378777264,-0.00024382079188371223,9.280383981106193e-05
542,3,1-7,adjust,0.044251198795523874,-0.0007267634403759102,0.0005963017690067358
542,4,1-7,adjust,-0.012963703879899159,-0.00022228965022516828,0.00016619805969955918
542,5,1-7,adjust,0.0011445749330396928,0.00012778540630646666,0.0004752893845275717
542,6,1-7,adjust,0.013845214450746844,0.000252687468266349,0.0005297492330491566
542,9,1-8,adjust,0.011498517218859302,-0.00027594573104178043,0.00021764224723255665
543,2,1-4,adjust,-0.0037161113943041057,-1.8038663362436605e-05,0.0005529312435816573
543,3,1-4,adjust,-0.029966571020731293,0.00041345869992470864,0.0005163721940793598
543,6,1-5,adjust,0.0023943751073951802,3.2048016959972606e-05,0.0007964289746632871
543,7,1-4,adjust,0.024251487288690733,3.019501778008198e-05,1.5753534039320744e-05
543,8,1-5,adjust,0.011036699271164475,0.000984213280492883,0.00048479714391770076
543,9,1-5,adjust,-0.01102966496875303,0.00014881719464460405,0.0001004196601351487
544,2,1-7,adjust,0.00198708353648365,5.345974470876405e-05,0.0008866826384473655
544,3,1-7,adjust,-0.028772747079774674,0.00019289946771312093,0.0006732225104688188
544,4,1-7,adjust,0.04853745634140033,-0.00024523743426098756,0.0012607332229543555
544,5,1-7,adjust,0.033592591623760486,0.00012816037115139054,8.478331595017796e-05
544,6,1-7,adjust,0.01712642880323812,-2.429768935964655e-05,0.0011750693069726558
544,9,1-8,adjust,0.01766471888818939,-0.0001616656146285082,0.00012855063626085423
545,2,1-4,adjust,0.0046134614018803295,-3.684597736105109e-05,0.0001689451791358089
545,3,1-5,adjust,0.019427901443561792,-0.00018817086396122958,6.370602258029746e-06
545,6,1-5,adjust,-0.0008253513030199692,3.85391128960752e-05,0.000525980749609705
545,7,1-5,adjust,-0.0021299476019659017,5.8441833466087974e-05,0.0001306191026187426
545,8,1-5,adjust,0.005698246251341986,-0.0002347340259043954,0.00021198672153734574
545,9,1-5,adjust,-0.019153354783477104,0.0005637925766339407,0.0001107600955818613
546,2,1-7,adjust,-0.00932062204800806,0.00031280963306642214,0.0003370317521370869
546,3,1-7,adjust,-0.014276264000846426,0.00029610759927536635,0.00030737782118539665
546,4,1-7,adjust,-0.005123544900585801,-0.00032318777262309724,0.0009842863922498242
546,5,1-7,adjust,-0.0014046784190571689,-0.00030767359825449706,0.0012558752693350788
546,6,1-7,adjust,0.00514209854355045,-0.00034054419420341314,0.00011990540346514332
546,9,1-8,adjust,0.016990498300846504,0.00013229096130012346,0.00025699930103843083
547,2,1-4,adjust,0.011205800876770193,-0.0006508772093947028,0.00043700688437213416
547,3,1-4,adjust,0.014458010950595316,-0.00023105135516741538,0.0005876944319959988
547,6,1-5,adjust,0.0001686602990340422,-0.0002992949363278535,0.0005709985677076437
547,7,1-5,adjust,0.0013212738877734253,-0.00026988788372109344,0.00045008881597656026
547,8,1-5,adjust,-0.010856983386804095,-0.00013850640081641548,0.00037633500628443304
547,9,1-5,adjust,-0.03248100578689884,-0.00021921836877460588,5.5471891045291043e-05
548,2,1-7,adjust,0.007378723854899619,-1.5665393043269826e-05,2.6835572844379438e-05
548,3,1-7,adjust,0.003047798359417416,-0.00023641761576662473,0.0008087531617175074
548,4,1-7,adjust,0.01986606205981018,1.4034539357997981e-05,0.0007486661603517312
548,5,1-7,adjust,-0.04872536711178822,-0.0002951984257885151,0.0008347241092781544
548,6,1-7,adjust,-0.010409943371487236,4.681224335121842e-05,0.0005352282268993946
548,9,1-8,adjust,0.006175709097939779,5.199476772883068e-05,0.0002124830422574062
549,2,1-4,adjust,0.009063153575693723,-0.0006697681255759928,0.0003468826623967221
549,3,1-4,adjust,0.011908997582250237,-0.00015931668048097114,0.00026284960553827865
549,6,1-5,adjust,-0.02599182440111286,0.00029922909342696807,0.0002340674191688779
549,7,1-5,adjust,-0.020927329280755885,1.3798765685322285e-06,0.00011883931921041482
549,8,1-5,adjust,-0.0032987990221003687,0.0001930950846600606,0.0006358103888945445
549,9,1-5,adjust,-0.010036776966202244,-0.00027121703330606545,0.0001663847335963542
550,2,1-7,adjust,-0.015188009616196383,0.0002835603017889466,0.0004455882791467518
550,3,1-7,adjust,-0.007063521727547764,0.00010063820500233552,0.00044202445783347237
550,4,1-7,adjust,0.003352450022750049,-0.00013792951947949077,0.0008643420573954275
550,5,1-7,adjust,-0.016543255077453668,0.0001613692912537153,5.007011898960342e-05
550,6,1-7,adjust,0.00204434068477386,-0.000560708556845771,0.0004438289684470445
550,9,1-8,adjust,0.012170934032485807,0.00019332350247708047,0.0006733023256672845
551,2,1-4,adjust,0.01631729566212658,-9.872889334391217e-05,5.482808431931002e-05
551,3,1-4,adjust,0.01569405087070511,-0.0001460894467804802,0.0005416632706368988
551,6,1-5,adjust,-0.005248508123717161,6.030209974979496e-05,5.838814966014218e-05
551,7,1-5,adjust,-0.012853772442826402,3.436006190850966e-05,0.00015130662506561134
551,8,1-5,adjust,-0.009173425691451383,-0.0006900333823766632,0.00033950614727571566
551,9,1-5,adjust,-0.0014230415735340504,-0.00023568427605517154,5.888274844853844e-05
552,2,1-7,adjust,-0.008277477927003417,0.0002223552820290396,0.0002669265795473771
552,3,1-7,adjust,0.010943330739372665,0.00019877527203350872,0.0001637012941704243
552,4,1-7,adjust,-0.03029929706286089,0.000508021422600497,0.001122111105286737
552,5,1-7,adjust,0.00417980042203596,0.00047516633651426823,0.00010435339209763365
552,6,1-7,adjust,-0.025996627462031446,2.17915811389693e-05,0.0011930119013104992
552,9,1-8,adjust,-0.001081678939589831,-2.4431142367794464e-05,9.400946690669645e-06
553,2,1-4,adjust,-0.003971794353675046,0.00065722302908638,0.0009246224532157083
553,3,1-4,adjust,-0.01737298934445086,7.387511775149073e-05,0.00033612382406071427
553,6,1-5,adjust,0.015862172448933076,-5.979835884188418e-05,6.458886383910822e-05
553,7,1-5,adjust,0.0009642937805809555,0.0001883754677244515,0.0004592458627808221
553,8,1-5,adjust,-0.013874325803148643,0.0002488386634793982,0.00013608898995011212
553,9,1-5,adjust,0.008285008118884846,6.696251362389023e-05,0.00012337608804751404
554,2,1-7,adjust,-0.004439372270044728,-0.0002971913810025442,0.0011797626752084464
554,3,1-7,adjust,-0.027630069162043084,-0.0001703514267951127,0.0006709371247857214
554,4,1-7,adjust,0.03502996894326613,0.0001862541923368038,0.0007021899275124662
554,5,1-7,adjust,-0.00926987382682279,-0.0003091010693092508,0.00035116715144449805
554,6,1-7,adjust,0.006494114940019467,0.00042287969058459935,0.0005645111814648866
554,9,1-8,adjust,-0.005460546551449702,-0.0005591572799702987,0.0008382325495161793
555,2,1-4,adjust,0.00857455625058503,-0.00017254280675917794,0.00024521671257420985
555,3,1-4,adjust,0.013240033653119048,5.76125438436603e-05,0.00029214871106605965
555,6,1-5,adjust,-0.014585996103373331,-0.0002372394514968961,0.0007944098326432519
555,7,1-5,adjust,-0.013101412771164464,-3.0356425992980825e-05,0.00038116225694794057
555,8,1-5,adjust,0.013827332384922696,-0.0001342059843744492,0.00011456653461473697
555,9,1-5,adjust,0.004969082611573232,0.0004597662548229988,3.0041841316867e-06
556,2,1-7,adjust,-0.003691907637910582,0.00011305370852692276,0.0004923866718391949
556,3,1-7,adjust,0.01339686657363417,4.710038345267658e-06,0.00030268160096254244
556,4,1-7,adjust,-0.050644451700545934,-0.00046221719448410884,0.00045491645128297066
556,5,1-7,adjust,0.020437971951957682,0.0003945585731586926,0.00034587135133025166
556,6,1-7,adjust,0.0007511119788142595,7.118773249729288e-05,0.00035581295226819073
556,9,1-8,adjust,-0.0006002605302638172,1.3847309969129967e-05,0.0004708328251973246
557,2,1-4,adjust,0.00802345129500653,-0.0002738137475229807,5.847358522390372e-05
557,3,1-4,adjust,-0.014576872824286234,5.599295143393798e-05,0.0011069889728358895
557,6,1-5,adjust,0.014297934328507416,-0.00027719820333331995,0.00030232377213373804
557,7,1-5,adjust,0.00795536022830735,9.243453382509293e-06,0.0002799846944721201
557,8,1-5,adjust,-0.0037561828040640842,-0.00016419888687410855,0.00026678848299926966
557,9,1-5,adjust,-0.007526992110384001,-0.0003856380965460164,0.0001848221890701819
558,2,1-7,adjust,0.000953113010270992,0.0001830772273124832,0.0001584442220346948
558,3,1-7,adjust,-0.035052460755658925,0.00027165224243950477,3.4366910457810424e-05
558,4,1-7,adjust,-0.023122054952375647,0.0001590102535088315,0.00037835034209814615
558,5,1-7,adjust,-0.020987447149148734,-0.0005451375117167778,4.891746085896101e-05
558,6,1-7,adjust,-0.0019649504443541486,-0.00015603479297135572,0.00012337237623616121
558,9,1-8,adjust,0.0059023097265371175,-0.00030037911384732683,1.4673569693616525e-05
559,2,1-4,adjust,-0.012594465888742176,0.000395939084947783,1.1914254244743136e-05
559,3,1-4,adjust,-0.004336894428576471,-1.633137446276008e-05,0.0005288365024379581
559,6,1-5,adjust,0.00738896418472324,-0.0002471994345342528,0.00028274217865939793
559,7,1-5,adjust,-0.01830224205815159,-0.00021488131293315792,6.862528147050435e-05
559,8,1-5,adjust,-0.0360099825455737,0.00014792109257953995,0.00019071781703900646
559,9,1-5,adjust,-0.008316822961832218,0.0003613548270846912,3.408732279360792e-05
560,2,1-7,adjust,0.013078398495547521,-0.00030657603084937863,0.0005583190108821245
560,3,1-7,adjust,0.01081646780071179,0.00014874461099115591,0.0001762156994671962
560,4,1-7,adjust,0.0034732951181736123,-9.978461439375089e-05,0.00016997941830901238
560,5,1-7,adjust,-0.0028424762970693323,0.00023150754310881822,0.00018131233163604324
560,6,1-7,adjust,-0.02424560166377539,0.00021764156616188717,0.0004425450396347482
560,9,1-8,adjust,-0.00143974455092678,9.554443768263733e-05,0.000411664914563215
