slot,receiver_id,selected_pair,status,radial_command_m,angular_command_rad,consistency_rad
1,2,1-4,adjust,-1.9956483915615721,-0.03490658503988659,0.048046982093878296
1,3,1-4,adjust,5.0,-0.03490658503988659,0.07505054112066066
1,6,1-5,adjust,5.0,0.005883483443981319,0.06392960605958455
1,7,1-5,adjust,-5.0,0.002112862253563509,0.03167739957724018
1,8,1-5,adjust,4.877415263743389,0.0027903080340369022,0.01253283540870479
1,9,1-5,adjust,0.480822669148625,-0.004886616406086424,0.005381992283764591
2,2,1-7,adjust,-2.444671233115284,0.03490658503988659,0.01092659741428133
2,3,1-7,adjust,-3.2118702246374653,0.032266401622299476,0.005597523702858553
2,4,1-7,adjust,-3.7054736684066834,-0.021565250104051862,0.020701333333856153
2,5,1-7,adjust,4.418004047036331,-0.005443498905571066,0.03638149872402484
2,6,1-7,adjust,5.0,0.010723030300228203,0.061625722589675073
2,9,1-8,adjust,0.1412776294861989,0.0037989706446118114,0.06959216177855947
3,2,1-4,adjust,2.0112891851298573,-0.03428215356406374,0.0060134951323006156
3,3,1-4,adjust,2.1211291054899823,-0.024594744257452894,0.007681454210363827
3,6,1-5,adjust,1.2406664527657187,-0.0036700732014799974,0.036987645820486637
3,7,1-5,adjust,-3.6695486916888553,0.015048982935584503,0.029748484269120475
3,8,1-5,adjust,1.0795666039799587,0.012815354104057777,0.024713018226274922
3,9,1-5,adjust,-0.07637158950185076,-0.0020883396471779747,0.020335337561369002
4,2,1-7,adjust,-2.2833508868050525,0.03490658503988659,0.00035239291691974123
4,3,1-7,adjust,-3.5910405803314487,0.03490658503988659,0.005233163924017646
4,4,1-7,adjust,-3.2622825577222856,0.018276748427109368,0.009895372628891896
4,5,1-7,adjust,-3.9131319028065854,0.006974504159702901,0.015156062769163871
4,6,1-7,adjust,-1.8330929355717578,-0.003403574388189309,0.023260304391802444
4,9,1-8,adjust,0.8552144849013587,0.022791891522437897,0.020612913871660875
5,2,1-4,adjust,0.7990068524631417,0.0035245735126373306,0.01014922041733288
5,3,1-4,adjust,0.9219389202186961,-0.003430949689249569,0.01827830389748423
5,6,1-5,adjust,-1.4303769725309685,-0.0025239327848750005,0.015593251128462311
5,7,1-5,adjust,-2.3132022268094787,-0.012951871864553844,0.008409317521623364
5,8,1-5,adjust,-0.8270138762586228,-0.00960920267623788,0.003747015958116845
5,9,1-5,adjust,-0.8390176990406102,-0.02244524778153304,0.00037067621091514506
6,2,1-7,adjust,-0.24581162980720453,0.006736695945303798,0.0003253178320576446
6,3,1-7,adjust,-0.2410406415641164,0.002858696025574661,0.0017021034533405538
6,4,1-7,adjust,0.014706500789020294,-0.0001861115733807492,0.003015688512698507
6,5,1-7,adjust,-1.097851739160183,0.0019631915444404645,0.004437779407552888
6,6,1-7,adjust,-0.5984273015274434,-0.0010201754358963805,0.006640850591291491
6,9,1-8,adjust,0.24547107062591117,0.006782398708910778,0.0052455864101824895
7,2,1-4,adjust,0.25468756239418966,-0.007055626345801675,0.0028038591243883257
7,3,1-4,adjust,0.25341435220012476,-0.0030107824157297536,0.005008539371123945
7,6,1-5,adjust,-0.38943072987762906,-0.0007487374110511588,0.00428829163372969
7,7,1-5,adjust,-0.6454106541278272,-0.0037103469121757752,0.0023620485773469782
7,8,1-5,adjust,-0.23730616735818197,-0.0029213147063509915,0.001091572827916566
7,9,1-5,adjust,-0.23766649773426898,-0.006499748227425064,1.5711150709702706e-05
8,2,1-7,adjust,-0.06802889294301943,0.0018348795571037188,0.00013650688916444118
8,3,1-7,adjust,-0.05930984053192442,0.0007418007881505116,0.00047532354252654993
8,4,1-7,adjust,0.010369515394330675,-1.3352009689245873e-05,0.0008569041390341505
8,5,1-7,adjust,-0.3060509095105924,0.0004797312833247214,0.001133747458456394
8,6,1-7,adjust,-0.16654779861424623,-0.00024289773766264717,0.0017793347616711494
8,9,1-8,adjust,0.06628163095364789,0.0018431741543258617,0.0012683645598700515
9,2,1-4,adjust,0.07093499441630531,-0.0018449145056677893,0.0006383508880163201
9,3,1-4,adjust,0.0647653878984203,-0.0008384544730137953,0.0011920909435952246
9,6,1-5,adjust,-0.10524812533275757,-0.00021997463990281604,0.0010192480730993583
9,7,1-5,adjust,-0.179104867979454,-0.0009869212406592028,0.0005633842750667928
9,8,1-5,adjust,-0.06766740160227848,-0.000840932742669937,0.0002742149497794521
9,9,1-5,adjust,-0.06810534684132709,-0.0019094074633701419,1.7785134960977656e-05
10,2,1-7,adjust,-0.01752973252680576,0.0004933911818336354,8.729636745500731e-06
10,3,1-7,adjust,-0.015404884359465774,0.00032270755018301843,9.133759894153439e-05
10,4,1-7,adjust,-0.010763810910756693,8.184704519893985e-05,0.00019326116082717462
10,5,1-7,adjust,-0.08639522228107079,0.00021287942907624762,0.00020197232298882554
10,6,1-7,adjust,-0.04304107578562594,7.517421622456348e-05,0.00039957665438144005
10,9,1-8,adjust,0.018301329661874855,0.0005073363507525045,0.00028249643663079096
11,2,1-4,adjust,0.009386711484576718,-0.0004523022631784747,0.0001854007142947002
11,3,1-4,adjust,0.00919280746131977,-0.00020386230228178827,0.0003149785174532568
11,6,1-5,adjust,-0.03470747040293552,-0.0001463236989757479,0.00023557084134787518
11,7,1-5,adjust,-0.0459694487518254,-0.0002743510780857258,7.562523269575731e-05
11,8,1-5,adjust,-0.022732988236683266,-0.00021159769596329158,1.791397773476595e-05
11,9,1-5,adjust,-0.018178911316654653,-0.0004275342888044075,2.3770092159449774e-05
12,2,1-7,adjust,0.0031772725114121727,6.642661174884099e-05,3.645248983738952e-05
12,3,1-7,adjust,0.009755448648564022,-0.00011451693821561367,3.0105463106061255e-05
12,4,1-7,adjust,0.0039053995450479976,-3.451455657745421e-05,0.00011214282691072483
12,5,1-7,adjust,-0.014416643189841963,3.217830958852389e-05,7.463528531658493e-06
12,6,1-7,adjust,-0.009475434933680051,-0.0001244453566158045,0.00014242385093658593
12,9,1-8,adjust,0.002622285957267909,2.1832592591793233e-05,6.923117784429996e-05
13,2,1-4,adjust,0.0005649853646150748,-1.4775676079394047e-05,3.8692034459662366e-05
13,3,1-5,adjust,-0.0033763923564834957,3.6413377834320585e-05,1.3693182790110494e-05
13,6,1-5,adjust,-5.71550360421937e-05,5.5194532080121316e-05,5.715968114945151e-05
13,7,1-4,adjust,-0.012246300767516196,-8.881244221336611e-05,8.9180278850238e-05
13,8,1-5,adjust,0.0018488334463784184,-6.054809748998228e-05,4.049305050061088e-05
13,9,1-5,adjust,-0.0011670742008028255,-5.1987016916732354e-05,9.299321104309821e-05
14,2,1-7,adjust,0.003818077005862378,-0.0001219061500436059,4.3657455810815245e-05
14,3,1-7,adjust,-0.00211259479172805,1.9881032274827476e-05,1.4804844876413261e-06
14,4,1-7,adjust,0.0021971722691091033,-7.549185201295414e-05,6.119448190755764e-05
14,5,1-7,adjust,-0.0009730981378385262,-1.8726328812622112e-05,5.5645816125059053e-05
14,6,1-7,adjust,-0.006904709650715208,5.263062046640007e-05,4.6128986347040213e-05
14,9,1-8,adjust,0.0019361869160655618,-2.5668082828258794e-05,6.050189946981731e-05
15,2,1-4,adjust,0.0015619589117308276,3.734366635349721e-05,4.932283552161007e-05
15,3,1-5,adjust,0.0014403096727296663,-4.595040663351085e-05,1.2427176530916604e-05
15,6,1-5,adjust,0.0038129507881915943,-5.4205170296101744e-05,9.666556494621234e-05
15,7,1-5,adjust,0.00811439330394502,4.425652681167788e-05,6.985750952262905e-05
15,8,1-5,adjust,-0.0046678559128259306,-8.348544471739365e-05,6.193044281451608e-06
15,9,1-5,adjust,-0.0035878634075061514,-3.530417124839972e-05,2.421526278085649e-05
16,2,1-7,adjust,-0.0066076486836853035,1.58184651434061e-05,9.633041368894425e-05
16,3,1-7,adjust,-0.001114606757196645,4.626596997589329e-05,1.8184424511917434e-05
16,4,1-7,adjust,0.0015173430262754614,0.00012737913417111213,9.370115931589098e-05
16,5,1-7,adjust,0.0026540086953663546,4.496161481549166e-05,1.8972436938450433e-06
16,6,1-7,adjust,0.005254064461253008,4.752156706005098e-05,2.490277275374886e-05
16,9,1-8,adjust,-0.0007799855760748494,2.101958262998254e-05,0.0001732787124722414
17,2,1-4,adjust,0.00020317340852509322,9.814105833496402e-05,2.2039600355754415e-05
17,3,1-4,adjust,-0.00026729789911913244,5.806887544663463e-05,5.763091275719864e-05
17,6,1-5,adjust,0.0012714447216661134,-8.393218536899191e-05,3.543499775029203e-05
17,7,1-4,adjust,-0.003993573849040634,2.8427118568979593e-05,9.830935877143039e-06
17,8,1-5,adjust,-0.002080707908875921,6.669647250442441e-05,6.952962264517095e-05
17,9,1-5,adjust,0.005878571631156865,7.556976569536163e-05,2.5750688845230025e-05
18,2,1-7,adjust,-0.0027037109956648516,-1.9638295029175745e-06,0.00013734054803388917
18,3,1-7,adjust,-0.0005813891078823147,-8.227168681351327e-05,3.852044879686303e-05
18,4,1-7,adjust,-0.006620145654122007,-6.103810883772146e-05,5.187049290857002e-05
18,5,1-7,adjust,-0.008126068034464428,-2.330525747207973e-05,2.974880571864303e-05
18,6,1-7,adjust,-0.007833740888438467,2.8868264232418022e-05,6.765755459798572e-05
18,9,1-8,adjust,-0.005477298306826971,-0.00012615397635809943,0.00011570889371007876
19,2,1-4,adjust,0.002863413347631621,-8.822636529800249e-05,1.8448937012998378e-05
19,3,1-4,adjust,-0.003369654353082735,7.009328816957947e-05,5.026055304928597e-05
19,6,1-5,adjust,-0.0020210064246390814,-3.2599038979162445e-05,4.232498472641742e-06
19,7,1-4,adjust,-0.0007710436154039882,-8.892493629920946e-05,3.3069848865191285e-05
19,8,1-5,adjust,-0.001367963673502571,3.335036850243606e-05,8.47133838524273e-06
19,9,1-5,adjust,0.0013131142310495692,0.00011194473309439568,1.6682109152712633e-05
20,2,1-7,adjust,0.003403644490901021,-1.3685618716044958e-05,2.9068034044377465e-05
20,3,1-7,adjust,0.006488544138303382,-8.697342407348086e-05,8.212403551579107e-05
20,4,1-7,adjust,0.007517088506863503,-1.0396645248691953e-05,2.581296130718035e-05
20,5,1-7,adjust,0.011611683072019867,-5.352026106527506e-06,5.7915522261948833e-05
20,6,1-7,adjust,0.0030755854254149364,6.0473555317818634e-05,0.000106968045322066
20,9,1-8,adjust,-0.0018056148573888584,4.30604105072643e-05,3.553018884297221e-05
21,2,1-4,adjust,0.000128936814608829,-6.405259320678602e-05,9.714302275533196e-06
21,3,1-5,adjust,-0.0005064840123867924,4.483482054344875e-05,5.2037072434536196e-05
21,6,1-5,adjust,0.008677783183111245,-1.8824899263992347e-05,8.447152022399464e-05
21,7,1-5,adjust,0.007194525212521779,7.77720862898408e-05,0.00012123583540859625
21,8,1-5,adjust,0.004588664975883966,-1.3572714852896643e-05,4.5860709149398795e-05
21,9,1-5,adjust,0.0037010987153390257,5.625067976653259e-05,2.201824943425245e-05
22,2,1-7,adjust,0.00043469052584795134,6.592643451647675e-05,6.847638000556245e-06
22,3,1-7,adjust,-0.00141108023142147,2.4470823412137873e-05,1.7890544434358873e-05
22,4,1-7,adjust,-0.0017041426256557207,-7.499737816827652e-05,1.7327471588998533e-05
22,5,1-7,adjust,-0.004924860009027328,1.3070273848953998e-05,2.0907718461603414e-05
22,6,1-7,adjust,-0.0001000432523899169,8.192028171429534e-05,7.726009986243173e-05
22,9,1-8,adjust,-0.001418724000135214,-0.00011546001091631686,0.00011745840705482654
23,2,1-4,adjust,-6.221336274737873e-05,-4.855485434175526e-05,0.00011818028424567838
23,3,1-5,adjust,0.0024071580598218766,-3.562104398843748e-06,4.4189290225502525e-05
23,6,1-5,adjust,-0.006908956798263186,-6.778886811406846e-05,0.0001227396065844249
23,7,1-5,adjust,-0.001469481889581237,-3.368012296530404e-05,7.321565651810447e-05
23,8,1-5,adjust,0.004578101738967522,-1.373572985481656e-05,9.589219493839661e-05
23,9,1-5,adjust,0.0016281261428964908,5.1762412275578135e-05,2.1127192068596836e-05
24,2,1-7,adjust,0.0008078130198139255,-1.8829801332109777e-06,3.338405229558465e-05
24,3,1-7,adjust,-0.007318593921369793,4.062783373614629e-05,1.3442826269304736e-05
24,4,1-7,adjust,0.0011536237108664758,-1.01885841671459e-05,3.0151615171951705e-05
24,5,1-7,adjust,0.0036338851041833055,-6.541068664561394e-06,8.328105258977511e-05
24,6,1-7,adjust,-0.0010029048607251045,-7.173395661340901e-05,4.265635434535906e-06
24,9,1-8,adjust,0.00027245432391741366,-2.999893876417102e-05,2.2563174241844776e-05
25,2,1-4,adjust,-0.0020224199132425113,6.314561806144905e-05,4.591589168841882e-05
25,3,1-5,adjust,0.005491639671117277,-4.3872610479022595e-05,4.504563911300705e-05
25,6,1-5,adjust,0.0037237915526984054,0.0001443070585789453,0.00015962716037261454
25,7,1-5,adjust,-0.000939002671054676,6.18981304039751e-05,0.00010723260906317986
25,8,1-5,adjust,-0.004787454988602351,-2.792149059549125e-05,0.00010407465056382245
25,9,1-5,adjust,-0.0008499610776761391,-2.6761464996190665e-05,3.671777418680026e-05
26,2,1-7,adjust,-0.0007800565735230038,-4.4426409189809855e-07,2.6860930114977148e-05
26,3,1-7,adjust,-0.001546076404566769,-5.541018072019952e-06,0.00016052179364683117
26,4,1-7,adjust,-0.005529362480939008,0.00011852921554048013,2.892241096825132e-05
26,5,1-7,adjust,-0.006341566704323863,3.906158024055427e-05,4.6427434114161286e-05
26,6,1-7,adjust,-0.003364686509199612,-0.00014095123846916027,2.7272960357176686e-05
26,9,1-8,adjust,1.5202568181537475e-05,-8.348173874912063e-05,0.00015011879948837847
27,2,1-4,adjust,-0.003145046682904198,-9.350527355699835e-06,2.2912084725666174e-05
27,3,1-4,adjust,-0.0013218523449691883,2.3914619589141144e-05,8.145151550428694e-05
27,6,1-5,adjust,0.0014448688414374377,2.54079079927134e-05,6.184809761758298e-05
27,7,1-4,adjust,-0.0025124684231811103,-4.3117928052007585e-05,4.1437505571718065e-05
27,8,1-5,adjust,0.0017650641790607864,3.81466333664618e-05,1.6698438657568014e-05
27,9,1-5,adjust,-2.7376868855360634e-05,0.0001926971700230518,8.355358669339035e-05
28,2,1-7,adjust,0.00338256446063009,4.378971181766814e-05,1.9236077111834174e-05
28,3,1-7,adjust,0.004243295610890084,1.384412013699136e-05,4.314728427723849e-05
28,4,1-7,adjust,-0.0013836015465382276,2.2711497432424393e-05,3.7924655249142785e-05
28,5,1-7,adjust,-0.0024054176291463266,-3.971302151444726e-05,3.7292285285521336e-05
28,6,1-7,adjust,-0.0012253421476014468,6.287511005305819e-05,3.758238967752481e-05
28,9,1-8,adjust,-0.0005105994025507654,-2.264186975216746e-05,5.605455591673951e-05
29,2,1-4,adjust,-0.0025332152299206894,-3.3380919514616266e-05,4.8453162970394875e-05
29,3,1-4,adjust,-0.006550849185951015,-9.639149798267668e-05,5.7897997384676996e-05
29,6,1-5,adjust,-0.0023642916148185022,-0.0001269042816586685,4.990578152771946e-05
29,7,1-5,adjust,-0.005689696648260787,-4.1726158239543505e-05,7.681031883492963e-05
29,8,1-5,adjust,-0.0061725994227590135,-0.00011197313849298163,0.00012738823849715975
29,9,1-5,adjust,-0.004281448216024235,-7.472650361938266e-05,0.0001126561524135856
30,2,1-7,adjust,0.0019574399732314542,-2.187688718861607e-06,0.0001635733638800246
30,3,1-7,adjust,0.009287453542193765,-4.195689024744512e-05,0.00012342774582860426
30,4,1-7,adjust,0.000590141744282807,-2.016345551079813e-06,0.00012649692571719024
30,5,1-7,adjust,0.0018484387876976116,-6.6086983850406655e-06,5.353647684657435e-05
30,6,1-7,adjust,-0.001073178020331404,7.881854792654004e-05,0.00012042562785076102
30,9,1-8,adjust,-0.000980838018054317,-8.316586833412634e-05,9.161010638745444e-05
31,2,1-4,adjust,-0.0027151266953895224,9.853108962072947e-05,0.00010962744799683523
31,3,1-5,adjust,-0.0072067567473224296,6.474537959955798e-05,6.188143440356782e-05
31,6,1-5,adjust,4.8882444541358305e-05,8.982483169069655e-07,9.366899998075907e-06
31,7,1-4,adjust,0.0048465667390175885,4.113369403679205e-05,1.2744389615240985e-05
31,8,1-5,adjust,0.0030059322631486507,0.00011044116003981573,5.1765287608011507e-05
31,9,1-5,adjust,0.007193551818056593,9.744198209329967e-05,7.37269901688457e-05
32,2,1-7,adjust,0.0002639425026660425,-5.637597406750848e-05,5.594095419591335e-06
32,3,1-7,adjust,0.0030019349281372545,-6.701956232697138e-05,2.4138250493363328e-05
32,4,1-7,adjust,0.008057965010818059,-7.46156776094229e-05,6.09699326912396e-05
32,5,1-7,adjust,-0.0035221177069367036,-5.8149048679103834e-05,3.339127069262954e-05
32,6,1-7,adjust,0.004582747422515398,9.503762342016618e-05,3.853931794863506e-05
32,9,1-8,adjust,-0.002454983167066229,-6.128265357509291e-06,1.2391417308103353e-05
33,2,1-4,adjust,0.008276243359816075,-8.649005895468684e-05,6.877114761191837e-05
33,3,1-5,adjust,0.0006332658142412869,9.36810241005898e-05,6.633590595374035e-05
33,6,1-5,adjust,-0.0068857786140305455,-0.00010995235685068018,0.00011472213250018455
33,7,1-5,adjust,-0.006547943604982567,-9.176126226103574e-05,0.00010369599753365168
33,8,1-5,adjust,-0.0030018327645505018,-1.6991199597995915e-06,4.435029996944993e-05
33,9,1-5,adjust,-0.0002301381285994023,-5.376108239102044e-06,6.947563335202707e-05
34,2,1-7,adjust,-0.0009844954300288302,-6.757893914180334e-05,0.00010001161300701496
34,3,1-7,adjust,0.0033375631384689494,-0.0001284433408438702,0.00010642729222760788
34,4,1-7,adjust,-0.000887752891747609,2.0047722917876626e-05,3.0934161446399366e-05
34,5,1-7,adjust,0.0024701144611289083,8.651065639716703e-05,2.312990286900187e-05
34,6,1-7,adjust,0.0018253790768851703,2.574053011031893e-06,8.48400413452825e-06
34,9,1-8,adjust,-0.0010735307102833329,-0.00011131424835678543,5.502122686315481e-05
35,2,1-4,adjust,-0.004523424940630138,7.912935587185588e-05,4.142679203685874e-05
35,3,1-4,adjust,-0.001646662131485242,2.0859377520901345e-05,7.968300226075872e-05
35,6,1-5,adjust,0.004392663224614463,5.5730708368348744e-05,3.716086614069997e-05
35,7,1-4,adjust,0.004363127848781856,6.265770203523827e-05,4.950876469077186e-05
35,8,1-5,adjust,0.004356277822818954,-3.0041954753513854e-05,3.0472580222887676e-05
35,9,1-5,adjust,0.0022032803977078356,0.00010233106700855821,5.703807726987185e-06
36,2,1-7,adjust,-0.0014357290611529431,2.1944927458919006e-05,7.549830563285864e-05
36,3,1-7,adjust,-0.01008777613180797,8.036174735617933e-05,1.3808455214971053e-05
36,4,1-7,adjust,0.0003736560736396171,1.8107214702624082e-05,3.5152650052073014e-05
36,5,1-7,adjust,0.0004960000405644443,-3.177057069965052e-05,5.145951503830776e-05
36,6,1-7,adjust,-0.0034047104326634316,-7.206073263556616e-05,1.3854294829022566e-05
36,9,1-8,adjust,-0.001794979113736962,-2.4905862417815387e-05,3.114125303588954e-05
37,2,1-4,adjust,0.001773875096376136,-6.49385388283444e-05,4.508855996915399e-05
37,3,1-5,adjust,0.006211316008728281,-2.6259239337321673e-06,5.226183165478887e-05
37,6,1-5,adjust,-0.0017003418488577343,5.323909875411574e-05,7.421203052497986e-05
37,7,1-4,adjust,0.0034749266702203577,-3.354231381530472e-05,3.256376085894589e-05
37,8,1-5,adjust,0.0022694352552541843,-4.678769222600678e-05,3.63505795450601e-05
37,9,1-5,adjust,2.8626995254851413e-05,6.31437282516789e-05,6.96908254839934e-06
38,2,1-7,adjust,-0.0003890230600421383,7.663584966240017e-05,8.550344916604369e-05
38,3,1-7,adjust,0.003917881670287054,-5.198915607172532e-05,4.7502627968264235e-05
38,4,1-7,adjust,-0.005885207350917637,-3.65841682135767e-05,2.0672740989568333e-05
38,5,1-7,adjust,0.006267652357139771,5.7067659950170495e-05,2.352683354254251e-05
38,6,1-7,adjust,0.00584597356980083,1.7048106375409847e-05,5.608922082010744e-05
38,9,1-8,adjust,5.8783940513047396e-05,-2.821157181331098e-05,3.137099214354117e-06
39,2,1-4,adjust,-0.0020010512065107033,7.35843504152745e-06,7.692601099804407e-06
39,3,1-5,adjust,-0.0032375888800003,4.955639562160762e-05,2.6891357915858254e-05
39,6,1-5,adjust,0.003874206351365641,-3.8143469309484555e-05,0.0001272146747581693
39,7,1-5,adjust,0.0023638120750460053,0.00013643948382603138,8.4682600968602e-05
39,8,1-5,adjust,0.002134300431527611,0.00016440780903534725,9.753124194265848e-05
39,9,1-5,adjust,0.0009228504959989605,-6.529724282095773e-05,4.079031562074541e-05
40,2,1-7,adjust,-0.0024110471834249327,0.00010823401852354048,4.284193772592835e-06
40,3,1-7,adjust,-0.005758099420987318,6.479723928547182e-05,2.21634117201404e-05
40,4,1-7,adjust,-0.0049292197661831225,2.4894153448070476e-05,5.776326188903225e-05
40,5,1-7,adjust,-0.002267290283494081,-4.972398452644626e-05,4.841508062228934e-05
40,6,1-7,adjust,-0.0069801467473595445,-4.856885952761031e-06,2.4085583610345435e-05
40,9,1-8,adjust,0.0039492785300306,0.00016814439403241624,2.1692965668242085e-05
41,2,1-4,adjust,0.002941377931152733,-8.696889000637375e-05,7.085426005569399e-05
41,3,1-4,adjust,0.0012608340662187871,9.523117744022033e-06,9.093926149920935e-05
41,6,1-5,adjust,0.003689607065641709,-7.030972282843819e-07,0.00017714903301679975
41,7,1-5,adjust,0.00022792908109964136,-0.00016497537173932312,6.621527617952957e-05
41,8,1-5,adjust,-0.0038289797140733444,-0.00014034670522123865,5.96263478179557e-05
41,9,1-5,adjust,-0.005380153520766019,-9.860942646680298e-05,3.1871348715431904e-05
42,2,1-7,adjust,0.005185478660092088,-9.712480238685161e-05,5.581474734135134e-05
42,3,1-7,adjust,0.01061906841783572,-9.216037618304997e-05,4.291543567650726e-05
42,4,1-7,adjust,0.011721938802164624,-1.1166869648425422e-05,5.238103426253277e-05
42,5,1-7,adjust,0.005065444979174341,-8.21279917553548e-05,1.0770008394547952e-05
42,6,1-7,adjust,0.0054735275708362036,3.8046760088554965e-06,9.29632064063572e-07
42,9,1-8,adjust,0.0002963150502001203,-5.846084953842242e-05,9.138607936787087e-05
43,2,1-4,adjust,-0.001918066515736692,0.00010646369127434126,0.00013822947849644176
43,3,1-4,adjust,-0.003795952848092901,-3.9415342254923866e-05,0.00014412183377890026
43,6,1-5,adjust,-0.00675769642332523,-6.722007517192388e-06,1.6770962920717948e-05
43,7,1-4,adjust,0.00016537487354680662,4.15216921513421e-05,1.3761296261893152e-05
43,8,1-5,adjust,0.00043007825125229726,4.712456269667389e-05,3.5559643452564745e-05
43,9,1-5,adjust,-0.001106107528101635,3.766052421654741e-05,6.13528680211e-05
44,2,1-7,adjust,0.0015200028502148019,-0.00012405750118122741,6.492168940056367e-05
44,3,1-7,adjust,-0.006853547590105607,2.4321832799554673e-05,1.2111006533552243e-05
44,4,1-7,adjust,0.005200938076641609,-2.1476693090837654e-05,2.3900945660117733e-05
44,5,1-7,adjust,-0.002834505727282011,0.0001222934577171741,3.9953191629616514e-05
44,6,1-7,adjust,0.006129701313366136,7.638596142792194e-05,5.5575651444362534e-05
44,9,1-8,adjust,0.0021360964585214613,1.32249266562105e-05,8.803450661716237e-05
45,2,1-4,adjust,0.00105666072854158,-0.0001076163231074876,0.00015961649540714552
45,3,1-4,adjust,0.014168112906733732,-1.9321495408099604e-05,0.00011026142012639923
45,6,1-5,adjust,-0.004352792372031671,-7.630435565569491e-05,1.999269444728924e-05
45,7,1-4,adjust,-0.0002750560797214964,1.263159962455831e-05,6.955005975297873e-06
45,8,1-5,adjust,0.0013048187697192674,4.970816267365948e-05,6.743462911176188e-05
45,9,1-5,adjust,0.002589476719017403,0.00013962933307419203,9.890596724778977e-05
46,2,1-7,adjust,-0.005516648958228335,0.00021383072593405457,7.87184020797696e-05
46,3,1-7,adjust,-0.004881783162422439,1.8591284892627917e-05,4.671891260672961e-05
46,4,1-7,adjust,-0.0046628040051722285,4.602958630784451e-05,4.802472461789746e-05
46,5,1-7,adjust,-0.00021009029076831244,-6.578479067177072e-05,7.596904337135512e-05
46,6,1-7,adjust,-0.0015570192024552513,-6.711146139939982e-06,5.168350426209177e-05
46,9,1-8,adjust,-0.002091142311779687,-6.096373876336203e-05,3.344016516765404e-05
47,2,1-4,adjust,0.0022165068200883913,-5.0009438963434024e-05,4.9035059993404125e-05
47,3,1-5,adjust,-0.004900887682130792,-3.413387181450111e-05,3.7180368294290586e-05
47,6,1-5,adjust,0.0025919847361877296,5.9483439443029464e-05,2.5254768111808342e-05
47,7,1-4,adjust,-0.005795000760030458,8.278448919991102e-05,5.8481831310954726e-06
47,8,1-5,adjust,0.0005202036489613329,-4.74841637695897e-05,0.00012523529537968834
47,9,1-5,adjust,-0.0005908407724977249,-8.903896333101358e-05,6.315963104197005e-06
48,2,1-7,adjust,-0.0006478990540590235,6.59180898295779e-05,1.0666587882993228e-05
48,3,1-7,adjust,-0.007371276178687186,0.0002795363420115645,5.044533108096754e-05
48,4,1-7,adjust,-0.012029159280773862,4.7223941789387286e-05,2.246763241809328e-05
48,5,1-7,adjust,-0.013919316913178202,1.6064318537295886e-05,6.343987365758463e-05
48,6,1-7,adjust,-0.007353855052766994,-1.60261454953272e-05,0.00012602481216643572
48,9,1-8,adjust,0.004431639925658099,0.00010748571023844541,3.316295674037836e-05
49,2,1-4,adjust,-0.0033533665225337723,2.083608811996625e-05,0.00010343433693064915
49,3,1-5,adjust,7.992765945067619e-05,-0.00011188113556929507,1.7013603455369023e-05
49,6,1-5,adjust,-0.005947076718469782,-7.304761726655641e-05,7.159405061404006e-05
49,7,1-4,adjust,-0.0044063420735996,-1.2492376428974822e-05,8.81667341701128e-05
49,8,1-5,adjust,-0.0022676631716616667,-2.7998544926044655e-05,3.778481699044999e-05
49,9,1-5,adjust,-0.0031062880498870624,-0.00013885771748858977,6.475564975489682e-05
50,2,1-7,adjust,0.0011763795470961552,4.306031127410402e-05,2.886176685105694e-06
50,3,1-7,adjust,0.00430441762251818,-9.07952508245561e-05,0.00011263652741690806
50,4,1-7,adjust,0.007440781330239992,-7.071998509524607e-05,0.0001162508635045966
50,5,1-7,adjust,-0.0010882170847923572,1.515430270900631e-05,0.00010043713591871843
50,6,1-7,adjust,0.0022693767794748827,0.00012766764304594512,6.778572673515593e-05
50,9,1-8,adjust,-0.0013335709810593135,4.839885027267769e-05,4.20575731660854e-05
51,2,1-4,adjust,0.003812622630718887,-0.00011789506679101496,3.0867691860052e-05
51,3,1-4,adjust,0.006196652809318883,-7.082400079633138e-05,0.00013874294634937164
51,6,1-5,adjust,-0.0024587862743337937,-1.904300608021332e-05,5.270671875180484e-05
51,7,1-4,adjust,0.0055795089940858635,-8.32668926784112e-05,8.084092379929684e-05
51,8,1-5,adjust,-0.001855850183612778,3.82115822237768e-05,5.069112896098413e-05
51,9,1-5,adjust,0.00017552860144727153,1.2561032435024031e-05,6.198509283012344e-06
52,2,1-7,adjust,-0.000946764444576606,-4.006435524488298e-05,7.383293981544155e-05
52,3,1-7,adjust,0.002930820429302415,6.0681085280460825e-05,3.5747667296359535e-05
52,4,1-7,adjust,0.003280296600817946,-2.2178970064462433e-05,9.864153047688945e-05
52,5,1-7,adjust,0.010800435473391993,-3.2492520425719826e-05,6.9980868053067e-06
52,6,1-7,adjust,0.007974954227335573,-0.0001302796265620915,4.3332684254488415e-05
52,9,1-8,adjust,-0.0007536458257205972,1.3872717606437213e-05,3.4668083658295177e-05
53,2,1-4,adjust,0.0023909931303515144,-3.788288395785967e-05,5.127518813341602e-05
53,3,1-5,adjust,-0.003069025427870174,-7.891866847803785e-05,7.57786875566397e-06
53,6,1-5,adjust,0.0025171226014885917,9.311797992443731e-05,5.972517442616865e-05
53,7,1-4,adjust,-0.002411029025691125,5.5644264599547715e-05,2.222507016925625e-05
53,8,1-5,adjust,-0.00279590710485927,-4.558186804739713e-05,2.638753563770594e-05
53,9,1-5,adjust,-0.0038880072989630745,-0.00010684356996969569,5.800340750882084e-05
54,2,1-7,adjust,-0.002559848203105943,8.96447774984359e-05,1.0187969894879241e-05
54,3,1-7,adjust,-0.008159497553295963,8.268502858381282e-05,3.520891497552621e-05
54,4,1-7,adjust,-0.016546534498535374,0.00011646924138154721,9.095394988037243e-06
54,5,1-7,adjust,-0.007877681722303029,-2.77891101971003e-05,5.93129530821167e-05
54,6,1-7,adjust,-0.004571447319564425,7.921339296450238e-05,1.1683121647630386e-05
54,9,1-8,adjust,0.0026457808244409542,-4.260252798838042e-05,7.926468491875319e-05
55,2,1-4,adjust,-0.006039255253004113,8.071048005549316e-05,0.00015845761226675856
55,3,1-4,adjust,-0.00815918388383609,0.00010501734107584228,0.00020873378134443897
55,6,1-5,adjust,-0.00547687630337005,-0.00012478635336179595,4.5525929650510546e-05
55,7,1-5,adjust,-0.003454711698068999,-0.00013063861639690244,0.00011153479165468205
55,8,1-5,adjust,0.0009101988067700085,1.5505968445817295e-05,5.6241728127104514e-05
55,9,1-5,adjust,0.0014309377996097536,4.2678004706153605e-05,0.00017143602011350382
56,2,1-7,adjust,0.010254464540753426,-0.0002942324695709775,0.0001194059945025032
56,3,1-7,adjust,0.014499325839581741,-0.00017186339808028119,2.5218145031964548e-05
56,4,1-7,adjust,0.01896890294444004,-0.00012623074643926033,3.239530957669043e-05
56,5,1-7,adjust,0.006735377251576518,4.3063744534035624e-06,2.0423441481177385e-05
56,6,1-7,adjust,0.006949826289596825,2.5124011146385503e-05,7.403253693407911e-06
56,9,1-8,adjust,0.00013306029301309575,-2.5589307322860416e-05,4.055577210075122e-05
57,2,1-4,adjust,-0.0022307790084726367,0.00016537823055656322,3.813463898430436e-05
57,3,1-4,adjust,0.005852506339106522,1.7180149262089215e-05,6.961792222521729e-05
57,6,1-5,adjust,-0.0009485424078241104,-5.299070610753333e-05,4.6180980695828394e-05
57,7,1-4,adjust,0.0046669107619269476,8.509297852963943e-05,1.7652693180978092e-06
57,8,1-5,adjust,0.001979352198387697,6.493028674487793e-05,1.5256337946679856e-05
57,9,1-5,adjust,-0.0021807486533671123,7.57382551007046e-05,1.539633467983642e-06
58,2,1-7,adjust,0.0010777414062217473,-8.402848075739287e-06,4.0468461565170266e-05
58,3,1-7,adjust,-0.003908576103393549,7.991366827985981e-05,1.2878139144394553e-05
58,4,1-7,adjust,0.003955382110729876,9.241007385671454e-05,5.3351052084146184e-05
58,5,1-7,adjust,0.000964296532334206,7.612115462922648e-06,4.4899062346981905e-05
58,6,1-7,adjust,0.002786336972857403,0.00010082780275693821,6.223540676895564e-06
58,9,1-8,adjust,0.0017829117916883424,0.00012478262540580338,2.5543526030852485e-05
59,2,1-4,adjust,-0.0023809569792196832,-3.379287242154564e-05,1.2958305140994885e-05
59,3,1-4,adjust,0.0013532427005386565,-2.6621788350743804e-05,0.00015085997097568182
59,6,1-5,adjust,-0.0022150086027795373,-5.700807903189439e-05,0.000122234775506875
59,7,1-4,adjust,0.007230898689801998,-8.558889203395593e-06,8.546260811631044e-05
59,8,1-5,adjust,0.000266093181299182,-4.666078184914515e-05,6.411383353133988e-05
59,9,1-5,adjust,-0.001588176958498856,-0.00017424343030882832,7.255163813321419e-05
60,2,1-7,adjust,-0.00043579365962566856,6.929854382847842e-05,4.986528365945794e-05
60,3,1-7,adjust,-0.003043093818012422,-1.4893205117614545e-05,2.7143472427516196e-05
60,4,1-7,adjust,-0.00039949475754192515,-0.0001088562672867976,8.624384301792514e-05
60,5,1-7,adjust,0.00601393269549799,-2.55051189681017e-05,9.072719023100975e-05
60,6,1-7,adjust,0.008218357885823256,0.00011226543834681116,6.671069070786292e-05
60,9,1-8,adjust,0.001068219966123901,3.959314925174582e-05,8.413990517360762e-05
61,2,1-4,adjust,0.004454424519662531,-0.00012678398895907953,4.422034421463263e-05
61,3,1-5,adjust,0.006074806896049472,-0.00011930448473640918,6.323174546565305e-05
61,6,1-5,adjust,-0.0024843853698046942,-0.00011144966375408606,1.4905907201168842e-06
61,7,1-4,adjust,-0.011565061551525988,2.0534609247865923e-05,1.7001350927961673e-05
61,8,1-5,adjust,-0.003189196532035858,-3.728574346070452e-05,5.852339465785887e-05
61,9,1-5,adjust,0.001465863614616247,-9.697094177380803e-06,4.459472839168674e-05
62,2,1-7,adjust,-0.0040951620985317586,9.202244955395422e-05,1.4808470909977262e-05
62,3,1-7,adjust,-0.004427844054865492,0.0001037598756935519,7.670666056336481e-06
62,4,1-7,adjust,-0.01323148240999398,9.779343331250686e-05,0.00012090190463141973
62,5,1-7,adjust,-0.008302922250738202,8.416865382350395e-05,8.898793952332425e-05
62,6,1-7,adjust,-0.013106934050255889,-5.1987395344306814e-05,4.607234042340042e-05
62,9,1-8,adjust,-0.0024840934702509143,9.984784017981435e-06,4.9610214571029714e-05
63,2,1-4,adjust,-0.0041956269408900074,0.00019123496267381055,8.875494041366522e-05
63,3,1-4,adjust,-0.007521680102193246,8.279175967604902e-05,9.82843285907924e-05
63,6,1-5,adjust,0.0063269501618193474,0.00012137492324658153,3.835077405890752e-05
63,7,1-5,adjust,0.004920782015657234,-1.5588255684792156e-05,7.758384411033234e-05
63,8,1-5,adjust,0.007232800759853959,4.2522358108986045e-05,6.001165501008489e-06
63,9,1-5,adjust,0.0005463687547879587,3.829650429922227e-05,1.2584673215630253e-05
64,2,1-7,adjust,0.005291684497239365,-0.00016884418701924482,3.449182887886582e-06
64,3,1-7,adjust,0.00761828064315949,-7.921049611216244e-05,4.617330859977468e-05
64,4,1-7,adjust,0.01255660060048576,-5.48584969117845e-05,4.962442035802554e-05
64,5,1-7,adjust,-0.003056374009747759,-5.821614265158769e-05,9.354112587187761e-06
64,6,1-7,adjust,0.0009781895177342686,1.1264645828245313e-05,3.294482300934835e-05
64,9,1-8,adjust,0.0031920994240360705,5.394612379043181e-05,5.6760146734404424e-05
65,2,1-4,adjust,0.00023899949077285047,-2.5971678193995614e-05,8.375931146287675e-05
65,3,1-4,adjust,0.004308628919622714,-1.7539122084469788e-05,0.0001301496977859986
65,6,1-5,adjust,-0.0059211919363797196,-3.651238611527911e-05,7.741551571297222e-05
65,7,1-4,adjust,0.00028982370170666855,8.037853030063027e-05,8.286599649470302e-05
65,8,1-5,adjust,-0.006343118760253212,-6.799600584548927e-05,6.52383120880705e-05
65,9,1-5,adjust,-0.0017168753105660196,-0.00013741717062280517,5.821985296702041e-05
66,2,1-7,adjust,-0.002868590381472664,4.297242584618577e-05,0.00011289414118863643
66,3,1-7,adjust,-0.00822685664566609,5.417614142326602e-05,0.00015539137991749233
66,4,1-7,adjust,-0.02483246566621921,3.7251963685448274e-05,8.309780474328016e-05
66,5,1-7,adjust,0.004283595274985529,-2.1040350767877287e-05,8.250022228125632e-05
66,6,1-7,adjust,0.0024111090692414245,-4.669263453775322e-05,3.167375180072542e-05
66,9,1-8,adjust,-0.0015724299222052093,-1.2170983595762696e-05,0.00011583358501842422
67,2,1-4,adjust,-0.005348181610693254,0.00017377010536800096,0.00023006754312599685
67,3,1-4,adjust,-0.009511015162641377,0.00010394509633448211,0.0002328991381304741
67,6,1-5,adjust,0.002373551645999429,-1.5007119139678495e-05,9.72519748373133e-05
67,7,1-4,adjust,0.0004191394051714173,-0.0001154328206330164,2.0209419689909435e-05
67,8,1-5,adjust,0.00047177924057193414,-1.587040750756346e-05,4.5405838693633406e-05
67,9,1-5,adjust,-0.0002608538451193452,3.8487931637620435e-05,1.4638155204153963e-05
68,2,1-7,adjust,0.009039511032579979,-0.00027541877329527345,8.036769323776873e-06
68,3,1-7,adjust,0.015002796981345254,-0.0001616799258170737,3.5378917904481806e-05
68,4,1-7,adjust,0.014075925619193174,-8.039549504995474e-05,8.530599127046637e-05
68,5,1-7,adjust,0.004156610868555199,1.676850351004855e-05,7.462586386814021e-05
68,6,1-7,adjust,0.005060981728259118,2.988913612588418e-05,0.00010968585853263256
68,9,1-8,adjust,-0.00253552176055698,2.8114003873634732e-05,4.6577827762893506e-05
69,2,1-4,adjust,-0.0008045187843770505,7.378778429319758e-05,3.249420886191601e-05
69,3,1-4,adjust,-0.006962634737845063,2.1935440784892238e-05,0.0001285214111480447
69,6,1-5,adjust,0.0010894996574780107,-1.0627775086046769e-05,0.0001012987737917338
69,7,1-4,adjust,-0.005827279289360652,2.5710592286378593e-05,8.967590445199373e-05
69,8,1-5,adjust,-0.0005235678784376148,9.771487021655795e-05,2.3502350331590394e-05
69,9,1-5,adjust,0.0039667191968618095,3.185402264531947e-05,9.95474713504817e-05
70,2,1-7,adjust,0.0016811518570824702,-7.658142535567878e-05,5.7868401648628563e-05
70,3,1-7,adjust,0.00356671246868652,8.627013221066093e-05,2.037409216567341e-05
70,4,1-7,adjust,0.0001740657944605388,-1.7617350916558985e-05,3.6494985329495004e-05
70,5,1-7,adjust,-0.010306722393395926,1.0789964477340516e-05,2.1454623428147747e-05
70,6,1-7,adjust,-0.0058101637537256055,-3.8796582452360884e-05,3.4798162307077786e-05
70,9,1-8,adjust,-0.002419154171499195,-3.4744866687723865e-05,6.12095184058127e-06
71,2,1-4,adjust,-0.003343152169082026,0.000104894157871286,8.438409486068393e-06
71,3,1-4,adjust,0.0026715784975839575,-0.00010082478368125313,5.5322824458796274e-05
71,6,1-5,adjust,-0.006006287852510978,9.203698872916364e-05,2.7598335930505526e-05
71,7,1-5,adjust,-0.0017403927503898292,5.6778407130218784e-05,7.078017393600173e-05
71,8,1-5,adjust,0.0001597175484714854,-2.4021618799509476e-05,3.639630062703461e-06
71,9,1-5,adjust,0.0003680099791499457,-6.014410454418253e-05,1.4153456983447902e-05
72,2,1-7,adjust,0.0002970520782948561,1.5439654592292503e-05,4.0020543381778564e-05
72,3,1-7,adjust,-0.005562541742104239,2.689956974977642e-05,4.832021778485221e-06
72,4,1-7,adjust,-0.01681283757215576,0.00010300886815911906,5.84438442032009e-05
72,5,1-7,adjust,-0.0036563541267085574,3.8701004440530545e-05,7.721858759395151e-05
72,6,1-7,adjust,-0.00037716245315910855,-4.914759815856881e-05,1.799559726671539e-05
72,9,1-8,adjust,0.0017433057425950374,5.6243922256983046e-05,5.244824965247512e-05
73,2,1-4,adjust,-0.004870947371886275,0.00017787115889523065,0.00013230203346476424
73,3,1-4,adjust,-0.011522536607710635,0.00017059791806648493,0.00022505158064100726
73,6,1-5,adjust,4.3756489166904105e-05,3.842556496587305e-06,5.7599375980948004e-05
73,7,1-4,adjust,-0.00044562428747411357,-1.8849127668010768e-05,6.138485931087838e-06
73,8,1-5,adjust,-0.0019532845015094225,-3.676888914970172e-05,3.378510510651872e-06
73,9,1-5,adjust,0.001455766075908574,-2.334365151566041e-06,9.948643412511811e-05
74,2,1-7,adjust,0.0027444130025588973,-0.00011570855067261268,6.575860533975735e-05
74,3,1-7,adjust,0.013441674330232741,-0.0002032475150830007,3.3338553369579267e-06
74,4,1-7,adjust,0.010724837498218526,5.347774635325435e-05,0.00012233564369750638
74,5,1-7,adjust,0.0005687031994337383,-5.194992605396157e-06,8.907218762653905e-05
74,6,1-7,adjust,-0.001375805200881633,-5.8873287432488696e-05,6.750642233883697e-05
74,9,1-8,adjust,-0.003595845626582956,-3.10995512508956e-05,1.75699151426753e-05
75,2,1-4,adjust,-0.0030619277590394965,0.00010532267743174374,2.524117756042692e-05
75,3,1-4,adjust,-0.0066030670376595844,0.00010598675629738261,4.7948317857909524e-05
75,6,1-5,adjust,-0.0005818423916635227,8.888691884024914e-05,0.00011145151539145789
75,7,1-5,adjust,0.002185139890055687,-9.700109777698426e-05,0.00014090268671581397
75,8,1-5,adjust,0.0020335764483806642,5.847509553441648e-05,3.0051606251251573e-05
75,9,1-5,adjust,0.002128437842527819,2.7938223324366055e-05,0.00012755128570985971
76,2,1-7,adjust,0.006890752030105016,-0.00026465246280628016,9.18444306036498e-06
76,3,1-7,adjust,0.008613071058237751,-6.173480327727274e-05,3.124138493571018e-05
76,4,1-7,adjust,0.012064550630513544,-0.00016074297747407636,2.5137290651098536e-05
76,5,1-7,adjust,0.011645734448584907,-1.2300506735131201e-05,0.00012338028133523197
76,6,1-7,adjust,0.00853622810479401,-2.32158631463085e-05,1.7982050689836976e-05
76,9,1-8,adjust,-0.0022821909724284844,7.602339496597755e-05,7.147179858443916e-05
77,2,1-4,adjust,0.0017885374742535106,-1.597009896717684e-05,0.00010535987881528564
77,3,1-4,adjust,0.002940911240802903,-2.621796578421967e-05,9.31256927234037e-05
77,6,1-5,adjust,0.0014381520987614982,3.9002518164048436e-05,4.7989663267904796e-05
77,7,1-5,adjust,0.003824897385878394,0.00012766316030826598,7.88286104926935e-05
77,8,1-5,adjust,0.0014682824339845807,-9.872926195179146e-05,4.931972649653106e-06
77,9,1-5,adjust,0.002230227433021418,2.5576578781089472e-05,9.684613395394737e-05
78,2,1-7,adjust,-0.0040090798994693415,0.00014465293419940804,9.510324868203479e-05
78,3,1-7,adjust,-0.0030824351388881043,0.00012177142516942482,0.00010078421683762231
78,4,1-7,adjust,-0.008318780125149645,3.4446930552591426e-05,0.00010332628055151483
78,5,1-7,adjust,-0.00906137537592013,-4.085981183831152e-05,0.00013426938466340756
78,6,1-7,adjust,-0.0009307897052569569,-5.266596075698955e-05,8.643561760731431e-05
78,9,1-8,adjust,-0.0016337289547037265,-0.0001431469275672548,0.00010232187931574065
79,2,1-4,adjust,-0.0003322074118371666,-3.341985316803304e-05,2.9287069580968882e-05
79,3,1-5,adjust,-0.0018298821392048953,1.7827499816022409e-06,2.146787665206865e-05
79,6,1-5,adjust,-0.0058972942288647075,-5.76160505266022e-05,4.937711168445879e-05
79,7,1-4,adjust,-0.004076340340357897,-0.00010483400353935024,2.4582819747867005e-05
79,8,1-5,adjust,-0.0002371412832098292,6.953568457051953e-06,2.4829669503103587e-05
79,9,1-5,adjust,0.001960954091886824,-3.176552423143186e-05,4.75578593758555e-05
80,2,1-7,adjust,0.003704807240703391,-7.725625273393063e-05,8.188632507356441e-06
80,3,1-7,adjust,0.0008694979879975387,-0.00015132282229896537,4.3161774933913726e-05
80,4,1-7,adjust,0.006426549236833477,0.00011686238117594968,5.7582812232572337e-05
80,5,1-7,adjust,0.013782613321860577,0.00015351333175613133,3.3607706991389266e-05
80,6,1-7,adjust,0.0034155993333815147,0.00014859057102849346,0.00010303406471750908
80,9,1-8,adjust,-0.003577381236236007,5.02449221500762e-05,8.487780246372121e-05
81,2,1-4,adjust,-0.004622008874558081,6.544291467095814e-05,7.75056360179484e-05
81,3,1-5,adjust,-0.003419676756939691,2.3842148990481197e-05,1.0562196692340438e-05
81,6,1-5,adjust,0.015784154296580373,-7.605742004987574e-05,2.9147789274017888e-05
81,7,1-4,adjust,0.013923484759530654,9.26866792677585e-05,4.274123884076796e-05
81,8,1-5,adjust,0.007738328060846801,0.0001531144278459324,1.5969058621329015e-05
81,9,1-5,adjust,0.005742904259948454,0.00013169270371233795,2.222586213219239e-05
82,2,1-7,adjust,0.00014563178202006195,3.4216528554848265e-05,9.562072064619656e-05
82,3,1-7,adjust,-0.0003382148560297832,9.978938277900502e-05,6.504815772641947e-05
82,4,1-7,adjust,0.001728992999087536,-0.00014610331792601122,0.00013394431437819258
82,5,1-7,adjust,0.0014103618859071553,-0.0001308213581658009,8.80314210829635e-05
82,6,1-7,adjust,-0.0027559845630712584,3.6328834286336245e-05,7.322308770552101e-05
82,9,1-8,adjust,0.004635077585077596,-6.914183639790006e-05,4.4877535298683415e-05
83,2,1-4,adjust,0.0019172844635249615,-0.00014367502741570638,1.3959977018205871e-05
83,3,1-5,adjust,0.00811265944261985,-7.429354326261389e-05,9.179289882555493e-06
83,6,1-5,adjust,-0.0013672292393313121,-9.769479002191265e-06,7.277095923179967e-05
83,7,1-5,adjust,-0.0077651785948432694,-5.127150911229377e-05,7.069347918326229e-05
83,8,1-5,adjust,0.0012910856242346544,-4.0765084245177735e-05,0.00011058267555659116
83,9,1-5,adjust,-0.010616363005410932,2.9301246233478075e-05,8.017542670367804e-05
84,2,1-7,adjust,-0.001376708326510833,5.946476734817395e-05,8.495121196168619e-05
84,3,1-7,adjust,-0.002995209413117282,-4.547403958993508e-05,0.00010287227966580598
84,4,1-7,adjust,0.003254854567726205,6.646778915664021e-05,3.6041444508137976e-05
84,5,1-7,adjust,-0.008944062353984296,8.000445226677535e-06,2.9445141374273687e-05
84,6,1-7,adjust,-0.003741280255418054,-1.5426422020749165e-06,3.7204167320663426e-05
84,9,1-8,adjust,0.007374274545905564,8.3855575505517e-05,0.00011368063050167807
85,2,1-4,adjust,0.001034850165526263,2.2265205849073777e-05,2.457689286416179e-05
85,3,1-4,adjust,0.0045664136616083316,1.4428679857582304e-05,0.00010712959823921007
85,6,1-5,adjust,-0.0026731516961688434,-0.00012971936561756087,0.00013227771448405578
85,7,1-5,adjust,-0.004464943972831215,-2.647740480696935e-06,6.788254111146644e-05
85,8,1-5,adjust,-0.008086344367887683,-4.504435937080167e-05,2.1612620690719918e-06
85,9,1-5,adjust,-0.002803897816437881,-8.710286967012578e-05,2.1140553827800793e-05
86,2,1-7,adjust,0.0024630479250577243,-6.760182134336407e-05,4.992026753811623e-05
86,3,1-7,adjust,-0.004864047576164432,7.62020415411663e-05,4.4268986357884486e-05
86,4,1-7,adjust,-0.00398904637866858,-3.8052911109031133e-06,1.4548437134529134e-05
86,5,1-7,adjust,-0.005458023886239037,2.5105272078188603e-05,6.461899516686462e-05
86,6,1-7,adjust,-0.0020397853183911833,0.00018084940547180296,6.235048935405227e-05
86,9,1-8,adjust,-5.9146685464821134e-05,-0.00010794256588299022,5.1623914075444e-05
87,2,1-4,adjust,0.0009753558618581329,7.646222803949587e-07,0.0001174540254611478
87,3,1-4,adjust,0.0012050507632947913,-0.00010678599978335474,0.0001464796399606548
87,6,1-5,adjust,-0.0026390458828479324,-0.00011726827872107404,6.788434979244832e-05
87,7,1-5,adjust,-0.002606458741932783,-2.6839990832616487e-05,7.461124663557094e-05
87,8,1-5,adjust,-0.0029584547936797427,-1.2952822852974529e-05,2.745696337361724e-05
87,9,1-5,adjust,0.0004725578573132249,5.745580740197789e-05,5.224074884610923e-05
88,2,1-7,adjust,-0.0016433360369487767,1.3851730653477457e-06,8.159571270138575e-05
88,3,1-7,adjust,0.0017034186899552194,-6.0098917320890265e-06,3.4041556069360874e-05
88,4,1-7,adjust,-0.0013995884771663691,7.465976804155198e-05,8.664015060458703e-05
88,5,1-7,adjust,0.006192956576768824,2.835934107821157e-05,2.1826348893307176e-05
88,6,1-7,adjust,0.0002218422334957392,7.143366162468208e-05,9.24617431563002e-05
88,9,1-8,adjust,-0.0008995542163156814,-0.00014762265752639575,0.00012110835652867147
89,2,1-4,adjust,-0.0029053819852063465,0.00017771925807272615,4.554607493647177e-05
89,3,1-5,adjust,-0.0038013573489002763,6.357032117829283e-05,1.4437555759596444e-05
89,6,1-5,adjust,0.003665611172919497,-3.450716358598184e-05,4.7924970671617476e-05
89,7,1-4,adjust,0.009377123674269551,7.314125085261967e-05,2.026824438616701e-06
89,8,1-5,adjust,0.006808887502914294,2.356147493978087e-05,3.8603654494199156e-05
89,9,1-5,adjust,0.0031276344659730802,0.00026109733268138213,2.0816774988541676e-05
90,2,1-7,adjust,-0.0041827851716358345,2.48494858663554e-06,6.929295030467162e-05
90,3,1-7,adjust,-0.005438639604884466,-2.8285083163999346e-05,8.481130792675671e-06
90,4,1-7,adjust,0.0076999252618058485,-7.837165188393365e-05,4.4066160745031206e-05
90,5,1-7,adjust,0.002049404782545176,-1.688240591149051e-05,2.308703676864053e-05
90,6,1-7,adjust,-0.0003068550020083957,-4.318289191198806e-06,1.727758246279045e-07
90,9,1-8,adjust,-0.0012188707441304423,-8.535814082689353e-05,6.1271944957198836e-06
91,2,1-4,adjust,0.008874573507567375,-0.0001848356660182284,0.00017517903514529013
91,3,1-4,adjust,0.012190351437103212,-3.311730719377706e-05,0.00014653056308070928
91,6,1-5,adjust,0.0035348534278062584,1.1883321790035845e-05,7.472666676051933e-05
91,7,1-4,adjust,0.0027634989429470053,5.0464014287822156e-05,7.303386986865091e-05
91,8,1-5,adjust,0.0010543237413290264,3.2209764010525677e-06,9.123120863068422e-06
91,9,1-5,adjust,-0.0015196921601275863,-4.1274350411170033e-07,8.614125034257608e-05
92,2,1-7,adjust,-0.005257652574334006,0.00015591666451766353,1.9494544746603457e-05
92,3,1-7,adjust,-0.015006333839211402,0.00020095017616988373,1.4074014604468877e-05
92,4,1-7,adjust,-0.0182656803271029,4.5212709516659265e-05,0.00010010868991744075
92,5,1-7,adjust,-0.003818341322574881,4.9921681875829447e-05,6.0001613659299804e-05
92,6,1-7,adjust,0.0006201913319627232,-3.3797966735944947e-05,2.3494315436448326e-05
92,9,1-8,adjust,0.0021739676514725944,4.860652437515013e-05,4.3563179104102946e-07
93,2,1-4,adjust,-0.003723061280155864,7.611745320820877e-05,4.647867028667605e-05
93,3,1-4,adjust,9.035044341470272e-05,-9.353364088313866e-05,5.217554263249763e-05
93,6,1-5,adjust,-0.005093687540232463,5.8744428066334446e-05,0.00012522792956374084
93,7,1-4,adjust,-0.0040712240171197275,-0.00015749496123435705,6.0459603584716027e-05
93,8,1-5,adjust,-0.001945429935253496,-5.114583054939634e-05,6.680540906622281e-05
93,9,1-5,adjust,0.002810878939211071,7.584618150985389e-05,1.3461402671128304e-05
94,2,1-7,adjust,0.008111543962562496,-0.0002450918539524736,0.00011173270626855999
94,3,1-7,adjust,0.010301478391189061,-5.7658982700724854e-05,3.994669680498728e-05
94,4,1-7,adjust,0.018660243644745406,-9.357339796496104e-05,7.295214030860645e-06
94,5,1-7,adjust,0.007647357955590737,-0.00016331664997329686,2.275073358746459e-06
94,6,1-7,adjust,0.003936794915904949,-4.616735967001724e-05,2.805427244688218e-05
94,9,1-8,adjust,-0.005977325749917398,-9.969410689444522e-05,2.01425177490705e-05
95,2,1-4,adjust,0.0006012929432367388,-3.767637334959095e-05,4.101938364736625e-05
95,3,1-5,adjust,0.004333375696911336,2.797134677293552e-05,6.31135716440681e-05
95,6,1-5,adjust,-0.000888053853265964,4.646151626914803e-05,2.4214644275788883e-05
95,7,1-4,adjust,0.0006775705823735804,8.817429838485715e-05,7.692666873198313e-05
95,8,1-5,adjust,-0.0004979013390649486,3.786321119634176e-05,2.4813774289740086e-05
95,9,1-5,adjust,-0.0026996034243938934,-0.00016542798096048022,4.734917895304419e-05
96,2,1-7,adjust,-0.00767712997875241,0.0001565913924752628,6.286263285927895e-05
96,3,1-7,adjust,-0.008302695501703813,7.523204592784443e-05,4.337114216079613e-05
96,4,1-7,adjust,-0.014504034989650447,8.906087291093954e-05,9.383419712496966e-05
96,5,1-7,adjust,-0.004139268246718909,9.570572269532708e-05,3.860645045004e-05
96,6,1-7,adjust,-0.0016543275612834613,-0.00011644542444195303,1.2704293590863693e-05
96,9,1-8,adjust,0.004166691133456482,0.00014855572507338095,3.146580463255907e-05
97,2,1-4,adjust,0.00117236049889295,8.548844362048038e-05,6.79756878655618e-05
97,3,1-4,adjust,-0.0030058324111222837,-8.818833886105006e-05,0.00015136659086651565
97,6,1-5,adjust,0.0015922985087608913,6.88483920026657e-05,9.911668846904365e-06
97,7,1-4,adjust,0.005668886433219631,-2.7341856121362243e-05,4.467212897784317e-05
97,8,1-5,adjust,-0.0017980530251257816,6.17005631495778e-05,6.654407343716788e-05
97,9,1-5,adjust,0.0022754707041729425,8.984299505216553e-05,1.8344546222466047e-05
98,2,1-7,adjust,0.0036819388903031455,-0.00011402706286552783,6.333752276783986e-05
98,3,1-7,adjust,0.006190948612325901,2.0776672024940835e-05,6.695071873498986e-05
98,4,1-7,adjust,0.009881165575704643,-3.197523875653445e-05,9.177522094782104e-05
98,5,1-7,adjust,0.007537075229897083,3.9729357423759316e-05,7.303987302276105e-05
98,6,1-7,adjust,0.009676899580870124,-1.6319985082020873e-06,0.00013368277595950201
98,9,1-8,adjust,-0.0022906755398445743,-3.708426026940944e-05,1.7656183275758778e-05
99,2,1-4,adjust,-1.643922566860204e-05,1.5483466183752443e-05,9.752172529687232e-05
99,3,1-5,adjust,0.00018757967101452555,-3.610683926510219e-06,6.716702805161367e-05
99,6,1-5,adjust,-0.0018974731933826899,3.815375024565219e-05,0.0001347731659110166
99,7,1-4,adjust,0.004066595946695158,-5.3185912659254635e-05,1.3463133497905111e-05
99,8,1-5,adjust,-0.00013768179941608857,-2.3325560452804457e-05,3.0865947288883366e-05
99,9,1-5,adjust,0.0011630120538132947,5.054139696580451e-06,5.595930163512086e-06
100,2,1-7,adjust,0.0005045548310787015,3.0273638138521227e-06,7.129562123486509e-05
100,3,1-7,adjust,0.0050236265321653185,-0.00013367868172871808,0.00010240098362459494
100,4,1-7,adjust,0.006519380106587925,-7.361157728438178e-05,0.0001435764582614164
100,5,1-7,adjust,0.006422406222713649,-2.4481536052990606e-05,8.821850237679044e-05
100,6,1-7,adjust,0.0030234815906596377,-8.154356746880296e-06,0.00013661053142480976
100,9,1-8,adjust,-0.002813585614445642,-7.417821910219499e-05,3.112443408754624e-05
101,2,1-4,adjust,0.006083877462717377,-9.724209094403006e-05,0.00014034864423982335
101,3,1-4,adjust,0.0009679554744431223,-3.1774829960685455e-05,8.586299057479225e-05
101,6,1-5,adjust,0.0009698402099862196,1.9751056611037172e-05,0.00015084766338189836
101,7,1-5,adjust,-0.0005786152838275664,0.00014217942079368826,0.0001159811000343201
101,8,1-5,adjust,-0.0012005802171980798,4.1191277043075566e-05,9.028562370150577e-05
101,9,1-5,adjust,0.003280115678471971,5.490782078615259e-05,9.09836243829916e-05
102,2,1-7,adjust,-0.012270085951497145,0.0002654743184674895,9.287375110809316e-06
102,3,1-7,adjust,-0.011059084798440972,0.00020919105415034934,6.811460508363396e-05
102,4,1-7,adjust,-0.010162739493036576,0.00014129631733014817,9.600491312432276e-05
102,5,1-7,adjust,-0.013104201369924287,-1.4870309260372765e-05,7.50522443089008e-05
102,6,1-7,adjust,-6.995260033006483e-05,5.8036659622796323e-05,0.00011480057536657007
102,9,1-8,adjust,-0.0015340564920524116,-5.695782925756282e-05,0.00011876761016659189
103,2,1-4,adjust,0.0024429530590707287,-0.00010191839220378881,8.637434122721579e-05
103,3,1-5,adjust,0.001019861131361862,-6.912683571067124e-05,1.1186953896639591e-06
103,6,1-5,adjust,-0.011590094996572979,-9.699184258406688e-05,2.812350543815157e-06
103,7,1-4,adjust,-0.0038864926401750953,-0.00011843311895822425,8.77414278585226e-05
103,8,1-5,adjust,0.0054045635201927025,-4.737015406737221e-05,1.548220725779669e-05
103,9,1-5,adjust,-0.0035312303236059695,-6.605736178896582e-05,8.33493165822793e-05
104,2,1-7,adjust,0.006632154373515045,-0.0001825243689609667,6.948232600440724e-05
104,3,1-7,adjust,-0.003483794202515362,8.879858762581971e-05,2.8979896347118072e-05
104,4,1-7,adjust,0.003954883843792647,-0.00011098427234812134,1.7937112497731837e-06
104,5,1-7,adjust,0.004093570168703618,-0.00011941048177084469,8.409604670883389e-05
104,6,1-7,adjust,0.0066930316425128375,3.884289292969456e-05,9.085063175776718e-05
104,9,1-8,adjust,0.0053514521143418715,0.00016055872215529885,9.309319308297536e-05
105,2,1-4,adjust,-0.0011232012876105722,3.482971449022018e-05,3.071600828182832e-05
105,3,1-4,adjust,0.010181704987408216,-8.367990443078814e-05,0.00015687709518043272
105,6,1-5,adjust,-0.004621123188575997,-3.197830237363474e-05,2.644708221444443e-05
105,7,1-4,adjust,-0.005250962852478217,5.390628349392821e-05,2.9560244937002313e-05
105,8,1-5,adjust,-0.00544947726113436,-8.288052579966122e-05,5.5826444877225645e-05
105,9,1-5,adjust,-0.006294872013786142,-0.00016561997685952943,4.673668453523845e-06
106,2,1-7,adjust,-0.0009313022256757664,7.880866425300947e-05,7.739135222017416e-05
106,3,1-7,adjust,-0.009524087789188255,5.998703802999241e-05,6.775598769199588e-05
106,4,1-7,adjust,-0.0010790329055566463,0.00011214920902696246,7.048720729220802e-05
106,5,1-7,adjust,-0.0059532976159735965,0.00013739575735989098,4.3279112528124836e-05
106,6,1-7,adjust,-0.003148610650865812,-0.00010063429874630786,6.342033144512377e-05
106,9,1-8,adjust,0.00042591091725247877,3.0416693953328247e-06,9.995300192178543e-05
107,2,1-4,adjust,-0.005800678709387841,4.492307201012946e-05,7.953005738922703e-05
107,3,1-4,adjust,0.007272720190847684,-9.796402561830614e-05,4.918290219566426e-05
107,6,1-5,adjust,-0.0014152179803132727,8.452229307958015e-05,7.011731619204955e-05
107,7,1-4,adjust,-0.0026187745914523788,9.731259793993481e-05,1.1615949307085748e-05
107,8,1-5,adjust,0.003922497022170307,1.2936567969852735e-05,7.100008508581633e-05
107,9,1-5,adjust,0.003452835154809362,8.214290496782618e-05,7.085138731880546e-05
108,2,1-7,adjust,-0.00014601353664650386,0.0001881109965289806,0.00010536596255024978
108,3,1-7,adjust,-0.01362908720633721,0.00020444133409448488,6.211572041453282e-05
108,4,1-7,adjust,-0.009904662466191597,8.968370571742423e-06,0.00012177378217204462
108,5,1-7,adjust,-0.010600987443650014,-9.699991774405215e-05,0.00010404511281738995
108,6,1-7,adjust,-0.007561275410662893,-1.553963013112864e-05,0.0001405654978311329
108,9,1-8,adjust,0.0005545162485050119,-7.45479859486794e-05,3.65052756554733e-05
109,2,1-4,adjust,0.0006275671204283549,-8.541019146605915e-05,0.00013662574864029375
109,3,1-4,adjust,0.0063058358325881626,-0.00016208374117504095,8.03837331336429e-05
109,6,1-5,adjust,-0.0035752398678556394,-4.400294510764063e-05,0.000157826291844922
109,7,1-5,adjust,-0.011241541886996857,-0.00012931535898097645,0.00014444255545248354
109,8,1-5,adjust,-0.012263132734342031,-8.185546976172288e-05,0.00014240219483931918
109,9,1-5,adjust,-0.007232260871108655,-3.222829656655552e-05,0.00014154516283846984
110,2,1-7,adjust,0.005855667250246213,-0.0002249139619344322,8.79008317355454e-05
110,3,1-7,adjust,0.00602110389398275,-3.661589127588203e-05,4.963455818418512e-05
110,4,1-7,adjust,0.0059129202867444705,-6.698100489396116e-06,0.0001609598687858622
110,5,1-7,adjust,0.004901126251304596,9.096498717166453e-05,8.084532021680648e-05
110,6,1-7,adjust,-0.001330958378476603,6.933874773739839e-05,4.009533308698088e-05
110,9,1-8,adjust,-0.0011637107425108298,-8.769363699583873e-05,9.928822342956657e-05
111,2,1-4,adjust,-0.005621172762432843,7.827931807207221e-05,1.4132194696183684e-05
111,3,1-4,adjust,-0.00040994352496066984,0.00010965886521146687,7.60959851013953e-05
111,6,1-5,adjust,0.007282007225601771,7.101923757023466e-05,6.589109190062227e-05
111,7,1-4,adjust,0.01687463605333704,6.891923701919693e-05,8.936878132175297e-05
111,8,1-5,adjust,0.006856760686616471,0.00013537099848046148,5.877807654627652e-05
111,9,1-5,adjust,0.007090743179743744,0.0001345956054348418,8.595824368183324e-05
112,2,1-7,adjust,0.0025043024382085193,-6.250243599269151e-06,1.4479946927050143e-05
112,3,1-7,adjust,-0.008263975245353382,-1.1092496359643777e-05,1.5452457778285479e-07
112,4,1-7,adjust,-0.005688594713865255,-8.067908138359884e-06,9.097607191120963e-06
112,5,1-7,adjust,0.008861213496863148,0.0001186691676321924,9.623236855796023e-05
112,6,1-7,adjust,0.010259581846517802,-8.89988514549624e-05,0.00014307938497644789
112,9,1-8,adjust,-0.0007082041164730801,9.064743759599334e-07,0.00010315105952057783
113,2,1-4,adjust,-0.004599032915651581,0.00010776320873660244,4.165432602371425e-05
113,3,1-4,adjust,0.0020307713986535444,0.00011133525212463862,7.687926699276743e-05
113,6,1-5,adjust,0.003966963458627445,4.4337549119122513e-05,9.972354202507888e-05
113,7,1-5,adjust,0.005494530178169099,5.236647471584878e-05,0.00012223085391295258
113,8,1-5,adjust,0.011852058895713002,0.0001546992095783189,1.558059820187494e-05
113,9,1-5,adjust,0.006825340487790201,0.00022568880360730265,7.814460499851898e-05
114,2,1-7,adjust,-0.0029845031211685503,1.904495839001597e-05,0.00011978700146490214
114,3,1-7,adjust,-0.0029752103508850175,-9.137082121457368e-05,5.2552415198792286e-05
114,4,1-7,adjust,0.004458975000614671,-2.5210912051324253e-05,0.000147963073737544
114,5,1-7,adjust,-0.008374312924298475,-0.00013021410120467626,7.297968485102858e-05
114,6,1-7,adjust,0.00332718950456581,4.6384104742270475e-05,8.531014690277703e-05
114,9,1-8,adjust,0.001245301492230452,-1.1186963640048798e-05,0.00010932329266432613
115,2,1-4,adjust,0.008062360713381551,-9.885199492794005e-05,5.464186970652854e-05
115,3,1-5,adjust,0.005522148701962487,-9.86826654512865e-06,2.339446475006598e-05
115,6,1-5,adjust,-0.01883120057069757,-6.999833958635753e-05,9.068080864186348e-05
115,7,1-4,adjust,-0.008959254823627786,-5.744205998769147e-05,8.865330420149592e-05
115,8,1-5,adjust,-0.007760381603204664,-0.00015878946780491606,4.0365344189902115e-05
115,9,1-5,adjust,-0.003808335441149034,-0.00012071553682841082,8.194492732713912e-06
116,2,1-7,adjust,-0.0017261797004279604,3.416154233147089e-05,5.6901626463611864e-05
116,3,1-7,adjust,-0.00034513375887924673,6.177786093663756e-05,5.06044609609022e-05
116,4,1-7,adjust,0.010229502963472796,1.5953919188068855e-05,4.104374728654351e-05
116,5,1-7,adjust,0.00785566711457538,-2.9393756080730245e-05,4.9531089276691336e-05
116,6,1-7,adjust,0.010567652524005227,9.456468738294277e-05,3.27494097271953e-05
116,9,1-8,adjust,-0.002286884173633068,-1.7316912983980885e-05,2.4784696636167333e-05
117,2,1-4,adjust,0.0013563786349386198,-0.00011806649997244295,9.257154718885594e-05
117,3,1-4,adjust,0.007974661283261986,-0.00026484103891265975,6.301096693395323e-05
117,6,1-5,adjust,-0.002052412629932588,-7.823866977336159e-05,0.00012160566548907842
117,7,1-5,adjust,-0.004860419737813772,-2.4418349915786012e-05,0.0001364183273828079
117,8,1-5,adjust,-0.0016141650336108143,7.029911860950129e-05,4.6804823089633595e-05
117,9,1-5,adjust,-0.0010150043118397824,-7.364898362118886e-05,8.347396626776091e-07
118,2,1-7,adjust,0.0009949736976383944,6.590932944314069e-05,4.9649237517552364e-05
118,3,1-7,adjust,-0.009258886603029755,0.0001613843191456524,1.2971117545302103e-05
118,4,1-7,adjust,-0.013921870937918137,-6.668069852807339e-05,3.954864591086374e-05
118,5,1-7,adjust,-0.008260485769514991,6.708884408928781e-05,4.314217384443774e-05
118,6,1-7,adjust,-0.006193390427506691,-4.799678460627346e-05,6.0439264315470995e-05
118,9,1-8,adjust,0.0014391376168830764,5.304401279350097e-05,1.726964252886603e-05
119,2,1-4,adjust,-0.0012847012392512285,-5.355714370408816e-06,3.3714274635310454e-05
119,3,1-5,adjust,0.0015274962259947322,-1.9215841960333472e-05,3.815117206789916e-06
119,6,1-5,adjust,-0.000510754423062633,3.8267405999992606e-06,4.548115312338477e-06
119,7,1-4,adjust,-0.00040404825941753715,-5.553025857208958e-05,7.4049978743112685e-06
119,8,1-5,adjust,-0.0022990961758817753,-0.00014792383032985717,7.956077675406935e-06
119,9,1-5,adjust,0.00010844063577873876,7.221381376334392e-05,3.6336649589097965e-05
120,2,1-7,adjust,0.0034173760088732955,-7.428529969631636e-05,3.251504006594327e-05
120,3,1-7,adjust,0.006152842744733202,-0.00010450096153216665,5.842928352699938e-05
120,4,1-7,adjust,0.00703008729875054,3.3493602190643216e-05,7.127246453767339e-05
120,5,1-7,adjust,0.005858129086748679,-9.46980994420526e-05,5.085565335347793e-05
120,6,1-7,adjust,-0.0012376605328262623,-4.6474258527886906e-05,0.00014192578874945124
120,9,1-8,adjust,-0.003060627160735568,-0.00010537461063787907,8.60040289332649e-06
121,2,1-4,adjust,-0.0019384700044764252,9.886835046500751e-05,3.948187742267375e-05
121,3,1-5,adjust,-7.121543192457575e-05,8.596852033911565e-05,1.9834362956463463e-06
121,6,1-5,adjust,0.005704068262969344,8.226033457560531e-05,8.997949350429746e-05
121,7,1-5,adjust,0.0015852500767304697,9.867504054365605e-05,9.632075148707752e-05
121,8,1-5,adjust,0.00036101188461986575,7.915859413794437e-05,5.616187691577822e-05
121,9,1-5,adjust,-0.002615973428484626,-9.152640494288739e-05,4.67873378287743e-05
122,2,1-7,adjust,-0.0046995320150533945,2.069835440176603e-05,0.00010050998366367705
122,3,1-7,adjust,-0.0063857494300315785,2.973162589988996e-05,5.5972044420486975e-05
122,4,1-7,adjust,-0.0027393735277891746,5.5532053344124615e-06,4.330427401746863e-05
122,5,1-7,adjust,-0.0022921584026953704,0.00015983384380182777,2.4216039008509462e-05
122,6,1-7,adjust,-0.005693142189144788,-6.014809823827889e-05,1.5929816488228142e-05
122,9,1-8,adjust,0.004472422516590835,7.68712574406761e-05,4.900721545588703e-05
123,2,1-4,adjust,0.001614736888324001,-2.0334411164347316e-05,8.021002399327421e-05
123,3,1-4,adjust,0.0011633401082855918,-3.605657430630263e-05,8.851461452416918e-05
123,6,1-5,adjust,0.005479189499833399,9.907946781096796e-05,7.328026113352869e-06
123,7,1-4,adjust,0.0021685471491584983,-4.162081046112319e-05,2.8066813206782002e-05
123,8,1-5,adjust,0.0070819425557083785,9.137195975581614e-05,4.295314969061286e-05
123,9,1-5,adjust,0.0020736998370058037,9.435489363147243e-05,3.5028354165028567e-05
124,2,1-7,adjust,0.00030746374494555116,1.774603545236419e-05,0.00011296973435771024
124,3,1-7,adjust,0.0023255566772414733,8.446213113069387e-06,0.00010504192954818898
124,4,1-7,adjust,-0.005994653107783728,3.7527106324210234e-05,3.2123326615109345e-05
124,5,1-7,adjust,0.004439600891682281,3.2287365302023298e-06,2.5428697608669722e-05
124,6,1-7,adjust,0.0016888528826772837,3.0643853956448135e-05,7.1350808808954584e-06
124,9,1-8,adjust,0.0012285965200833275,-7.5465737043353405e-06,3.6479238203648234e-05
125,2,1-4,adjust,-0.002807202328795524,0.00010189631246564054,1.7572986505632707e-05
125,3,1-4,adjust,-0.0062439575192233835,-2.0480699349375628e-05,5.998761436684774e-05
125,6,1-5,adjust,0.0036512616334666696,-5.32375002715279e-05,0.00012402430505010126
125,7,1-4,adjust,0.008609900696191379,1.8784819436702773e-05,6.3749804015608784e-06
125,8,1-5,adjust,-0.0016101195915376508,3.205447044993322e-07,8.86223533589626e-06
125,9,1-5,adjust,-0.00046630094991700183,-2.141461370702153e-05,2.0384588812648077e-05
126,2,1-7,adjust,-0.00324760427668649,-1.8798975383857316e-05,2.1809629116924968e-05
126,3,1-7,adjust,0.006811675486594118,1.0915939861157147e-06,0.00018173748639987354
126,4,1-7,adjust,0.006817589084053132,-8.703046882022227e-05,8.917457729606338e-05
126,5,1-7,adjust,0.005118796504440597,-0.00011933126449206405,0.00011437657947402336
126,6,1-7,adjust,0.0035039651089005712,-3.4986587219156716e-05,0.00010543426322969312
126,9,1-8,adjust,0.00022179505858610304,-3.344397332291159e-06,6.670014166848789e-06
127,2,1-4,adjust,0.009046646339261943,-0.00015716697491756075,5.089376096258279e-05
127,3,1-4,adjust,0.00157729857171293,7.152808732815757e-05,6.959947628198977e-05
127,6,1-5,adjust,-0.0024677718259683472,5.703232067122685e-05,9.526892777790272e-05
127,7,1-5,adjust,-0.003125064753048036,-7.068211772821219e-05,7.609240059796028e-05
127,8,1-5,adjust,0.00020352518602409413,-4.3178345475788526e-05,0.00011726820357167059
127,9,1-5,adjust,-0.0013454981977315842,-1.6745423634443053e-05,4.698074726165193e-05
128,2,1-7,adjust,0.0011367996239028803,2.5715337485386347e-05,9.852381817038744e-05
128,3,1-7,adjust,0.001542676434132675,-8.641624071435224e-05,0.00010309382947532462
128,4,1-7,adjust,0.011282426905021693,-1.166541037979118e-05,3.8719652488904785e-05
128,5,1-7,adjust,0.0008957839133072837,-2.905458655413584e-05,8.775576082775463e-05
128,6,1-7,adjust,0.0033125170161123615,-2.562197490480123e-05,2.6438849382214973e-05
128,9,1-8,adjust,0.0017527483612583294,0.00010342595683944125,0.00015531029259174684
129,2,1-4,adjust,0.001367545902811227,-0.00011069949873917968,2.672767459271028e-05
129,3,1-4,adjust,0.0057411072962791085,-4.718603596193649e-05,9.840999536247095e-05
129,6,1-5,adjust,-0.0021418029566383566,-1.0651048807643947e-05,7.486539132022897e-05
129,7,1-4,adjust,0.0017725621658756159,0.00011348355150349295,2.2366265868349775e-05
129,8,1-5,adjust,-0.0007728712702943577,-3.7494922683906774e-05,5.194134658173327e-05
129,9,1-5,adjust,-0.0057355073266383266,-7.798873457083916e-05,1.954782771768511e-05
130,2,1-7,adjust,-0.00855802795541933,0.00021858623590429094,2.647057006673896e-05
130,3,1-7,adjust,-0.001679524926629385,4.7875197353222175e-05,2.2419985025987013e-05
130,4,1-7,adjust,-0.011581369709551426,7.885643656440024e-05,8.445274987715424e-06
130,5,1-7,adjust,-0.0024180555098417683,6.345879878735217e-05,2.736678928847057e-05
130,6,1-7,adjust,-0.0039061572527128133,7.756739631824462e-06,7.332692226334405e-05
130,9,1-8,adjust,0.005917711331448451,5.8029589909802514e-05,7.290759290975997e-05
131,2,1-4,adjust,0.003055202337142313,-6.899809902286327e-05,1.1294179064576427e-06
131,3,1-4,adjust,-0.006883002964133841,7.685579000736335e-06,0.00010307898948445022
131,6,1-5,adjust,0.004107372495187015,-4.343292946213172e-05,8.763358069442747e-05
131,7,1-4,adjust,-0.007353789629516222,-5.655587055924106e-05,4.431218564396522e-05
131,8,1-5,adjust,-0.0013664721057211882,-2.5655586796220183e-05,3.9534213343878606e-05
131,9,1-5,adjust,-0.0004490927634027743,-5.843920151968945e-05,3.4699945435559116e-06
132,2,1-7,adjust,0.0006465258237656931,-4.204560874477348e-05,2.320365061594314e-05
132,3,1-7,adjust,0.00028725655042237044,-1.2596971114980115e-05,8.490516306187854e-05
132,4,1-7,adjust,-0.00015660195257368687,-2.5359111550505966e-05,3.1052223783197e-05
132,5,1-7,adjust,-0.010520880314650063,2.7381275757801184e-05,3.577418735336081e-05
132,6,1-7,adjust,-0.00850116234472893,-3.1754588537648176e-05,3.0538453867971226e-05
132,9,1-8,adjust,-0.003166810815472874,-0.00012650348931444506,3.4301676527255646e-05
133,2,1-4,adjust,0.00043715146206758514,3.2785443630047335e-05,7.056043865194149e-05
133,3,1-4,adjust,-0.000947178243361252,0.0001228738054720155,4.9699090437818373e-05
133,6,1-5,adjust,-0.001497702594446221,0.00011640143914488475,3.3040707754731234e-05
133,7,1-4,adjust,-0.000862781065523317,-3.428470734334044e-05,5.756000352124644e-05
133,8,1-5,adjust,0.0010951020799455566,-1.1768027789153118e-05,2.3145444741513202e-05
133,9,1-5,adjust,0.0024045492060365396,0.00015805968865406576,4.818167491455735e-05
134,2,1-7,adjust,0.003844625877959745,-9.912838740413181e-05,5.538458869282972e-05
134,3,1-7,adjust,0.0033686946351222085,-0.00011560276190816089,8.079618376264752e-05
134,4,1-7,adjust,0.009842893355542885,2.1718018767970672e-05,2.7039649316945822e-05
134,5,1-7,adjust,0.0015347208157371313,-4.0159520387166667e-05,3.448081247139016e-05
134,6,1-7,adjust,0.00544362213924726,-3.727802235993072e-05,6.378460805539058e-06
134,9,1-8,adjust,-0.0006009653118323928,-3.343219646974851e-05,0.00012568328378852357
135,2,1-4,adjust,-0.0014910055287167476,-3.133032788076873e-05,9.585865777029335e-05
135,3,1-4,adjust,0.003007916243689258,2.9948602158723016e-05,0.00010875099552461011
135,6,1-5,adjust,-0.0035062244309155,-4.429351340571895e-05,0.00018742418116611192
135,7,1-5,adjust,-0.0001978032838753821,3.7492551432736705e-05,9.682189600927418e-05
135,8,1-5,adjust,-3.994921373807542e-05,-2.2338409910017664e-05,0.00011246601228450253
135,9,1-5,adjust,-0.0030814717446625488,-5.950163485565968e-05,2.3856797409241912e-05
136,2,1-7,adjust,-0.0014309212646106163,0.00012004008292087124,4.072664993342085e-05
136,3,1-7,adjust,-0.012007819775602216,2.2504647019497025e-05,5.281822905863763e-05
136,4,1-7,adjust,-0.012500390770125649,-5.1792950573023095e-05,0.0001006465358572473
136,5,1-7,adjust,-0.0023381541050794276,1.648019804024627e-05,0.00012288617663844495
136,6,1-7,adjust,-0.004941691188422878,-2.162730040822232e-05,6.294237328483088e-05
136,9,1-8,adjust,0.0014526245429690508,1.921862905253112e-05,2.646300640949968e-05
137,2,1-4,adjust,-0.0006158281078536175,-1.919675794789358e-05,1.3578395346583068e-05
137,3,1-5,adjust,0.005045248112558397,8.592790225137228e-05,2.4982993410900072e-05
137,6,1-5,adjust,0.004417682460506431,3.129516198751323e-05,5.62988746644821e-06
137,7,1-5,adjust,-0.004877385728284309,-1.6573520418787422e-05,0.00010094358449879977
137,8,1-5,adjust,-0.005899654986014923,3.844008929452525e-05,6.898953520403723e-05
137,9,1-5,adjust,0.0008673396215676478,1.965016936790389e-05,1.0447864741962043e-05
138,2,1-7,adjust,0.004194380220409668,-3.199179824639256e-05,4.008244154759916e-05
138,3,1-7,adjust,-0.003280346376077911,-9.965919466771706e-05,2.4187630898815223e-05
138,4,1-7,adjust,0.001974832090857256,8.543247591649623e-05,1.0496634585448175e-05
138,5,1-7,adjust,-0.0010176003038216519,-6.722490510932326e-05,2.1847019626258507e-05
138,6,1-7,adjust,-0.006406851090602522,-7.32833915807583e-05,2.6012875256611448e-05
138,9,1-8,adjust,-0.002339957279916392,-0.0001311947893127968,1.0039286252285718e-06
139,2,1-4,adjust,-0.006148455823573656,0.0001301659154958806,0.00011139242689910873
139,3,1-5,adjust,0.0032567019451807335,-4.890605155404307e-06,6.391934874561455e-05
139,6,1-5,adjust,0.0008303459763048378,9.024278115832885e-05,8.813427549064853e-05
139,7,1-5,adjust,-0.00319767828858853,2.2451598649924467e-06,0.00010847100194176543
139,8,1-5,adjust,0.0012503338140327058,-7.429329018919894e-05,5.525986692831278e-05
139,9,1-5,adjust,-0.0015990650583321457,6.648991329528615e-05,0.00011001197798755518
140,2,1-7,adjust,0.00481313563100289,-0.00011895030540696662,5.9747233217076824e-05
140,3,1-7,adjust,0.0014686111221002382,1.1841485199318986e-05,7.788618842467467e-05
140,4,1-7,adjust,0.0035374519783663927,-2.2322414483500328e-05,0.00010788141567058039
140,5,1-7,adjust,0.0009027863352736887,0.00011919969180307938,0.0001118294754741565
140,6,1-7,adjust,-0.0029388669811825354,-5.0249426170125705e-05,9.068078238175683e-05
140,9,1-8,adjust,-0.0008542129255836619,5.270562922777283e-06,1.1981253498134379e-05
141,2,1-4,adjust,-0.002096237399633603,-2.979753908603097e-05,8.459465332019667e-05
141,3,1-4,adjust,0.00012937531294849905,3.703432794462075e-05,7.166052102429682e-05
141,6,1-5,adjust,0.009062109845893113,1.683785359278478e-05,0.00010509655013987124
141,7,1-4,adjust,0.019331500746136685,5.419047028455163e-05,7.649285434172649e-05
141,8,1-5,adjust,0.004402787281134324,0.00019054024010940244,1.5768876898686823e-06
141,9,1-5,adjust,0.0033801596254488305,0.00010931789295427417,9.497241453714005e-06
142,2,1-7,adjust,-0.0036447679530082987,0.00012204659520651902,5.473155170949789e-05
142,3,1-7,adjust,-0.0047707155251012255,6.185876960620798e-05,7.10614114567111e-05
142,4,1-7,adjust,-0.003150222639338696,-5.0206128318226447e-05,5.913307065607814e-05
142,5,1-7,adjust,0.01220988196865748,-0.00011144756789921918,0.0001052015934834485
142,6,1-7,adjust,0.008171273101363345,1.820611808981954e-05,0.0002194802566330346
142,9,1-8,adjust,0.0019191581876047907,5.468454986025863e-05,1.3984102968907247e-05
143,2,1-4,adjust,0.002158785796306477,5.549119133770628e-05,9.715259991308421e-05
143,3,1-4,adjust,0.002229983526745857,-0.0001786764612889304,7.637276337787862e-05
143,6,1-5,adjust,-0.002882868744538343,0.00010673422152071461,7.013714834565135e-05
143,7,1-4,adjust,-0.011623583659064537,-6.145068145881915e-05,4.902574448850541e-05
143,8,1-5,adjust,-0.0030941346276081748,-0.00010639746680055996,3.200241916611224e-05
143,9,1-5,adjust,-0.0033369353424433437,-0.00010674081977654169,3.1606668762744213e-05
144,2,1-7,adjust,-0.0013611031367310575,-7.283503008240913e-05,1.1610618234555921e-05
144,3,1-7,adjust,0.004628367789101439,0.0001191135636507513,3.755486044241448e-05
144,4,1-7,adjust,-0.0035787775160953206,-1.8933627981735636e-05,4.425062906065684e-05
144,5,1-7,adjust,-0.0075822855991607,0.00011499013740038738,1.3899087352633943e-05
144,6,1-7,adjust,-0.0060002581527336535,-0.00019301635948393284,1.424364251015846e-05
144,9,1-8,adjust,0.000540336856221254,-3.0296824234572154e-05,7.543630660536963e-05
145,2,1-4,adjust,0.0031106988439150193,-3.574163881053575e-05,6.483213042393958e-05
145,3,1-5,adjust,-0.007099102597802757,0.00010130700393926436,5.347001806405631e-06
145,6,1-5,adjust,0.0020517533151248103,0.00013276846686055563,0.00010064828015525907
145,7,1-4,adjust,0.0014197601221550213,-5.509863017298427e-05,8.284341449718448e-05
145,8,1-5,adjust,0.004738155845712308,5.29593965398227e-05,4.318332612457607e-05
145,9,1-5,adjust,0.0025334318551538436,0.00013329762962936174,0.00011000916031050472
146,2,1-7,adjust,0.00022959976754495794,-6.62359787280868e-05,0.0001621433235994781
146,3,1-7,adjust,0.006886643578621165,-0.00020087831416583097,6.1572470053525e-05
146,4,1-7,adjust,0.003274186262522026,-1.4308359672988757e-05,7.35399571130185e-05
146,5,1-7,adjust,0.0026199842883037248,-0.00012155908736656573,8.331928025504913e-05
146,6,1-7,adjust,-0.004574427164642803,-7.552396926577414e-05,4.917795066786261e-05
146,9,1-8,adjust,0.0009565159072605298,-1.8475544929913627e-05,0.00010197206669403784
147,2,1-4,adjust,-0.0002714256654014988,7.427068779262985e-05,3.9244313326512785e-05
147,3,1-5,adjust,5.019515250442952e-05,4.163509993502916e-05,6.798318879976443e-05
147,6,1-5,adjust,0.005737488303169352,5.347874963446323e-05,5.520322200861975e-05
147,7,1-4,adjust,-0.0006586666124763278,4.9563753702495455e-05,9.460875079918254e-06
147,8,1-5,adjust,-0.0091619085946882,-0.00017422273419025932,3.594813846328118e-05
147,9,1-5,adjust,-0.005723752671826727,-0.00014831049866171126,6.887998032885937e-05
148,2,1-7,adjust,-0.002350175647113884,8.423573665077563e-05,0.00015066182999393755
148,3,1-7,adjust,-0.005518334801420384,-2.942472654069211e-07,8.958235672987558e-05
148,4,1-7,adjust,0.005260178411040209,4.0487617446309556e-05,0.0001437451034432427
148,5,1-7,adjust,8.240002419757311e-05,1.0434333134708576e-05,1.609346126382635e-06
148,6,1-7,adjust,0.0007321847805009786,5.913173073217571e-05,2.6764297113436647e-05
148,9,1-8,adjust,0.0007659420692636461,-4.3358009444349024e-05,8.746035362868961e-05
149,2,1-4,adjust,0.003447330651782169,-0.00014538798213642513,3.022276627593919e-05
149,3,1-4,adjust,0.004755273051853082,-3.54889500716462e-05,5.228024316105576e-05
149,6,1-5,adjust,-0.002418051337257745,-5.6552309409813265e-05,6.403214338957872e-06
149,7,1-4,adjust,0.005821478898676812,4.678015058481707e-05,8.747836159322442e-05
149,8,1-5,adjust,0.0075749429738050135,0.00010248597268163498,2.2148228618014455e-05
149,9,1-5,adjust,6.130911452977257e-05,8.54071842605175e-05,8.000569805677764e-06
150,2,1-7,adjust,-0.004098039756227866,8.376319920829751e-05,3.763885516412734e-05
150,3,1-7,adjust,0.00036625387874299333,7.675870540824043e-05,1.3174599875760606e-05
150,4,1-7,adjust,-0.0029231678719919296,3.695600672517864e-05,8.461365515341348e-05
150,5,1-7,adjust,-0.00181525551810782,-3.932405798637287e-05,8.772597694009518e-06
150,6,1-7,adjust,0.000590809016869382,-6.861318090450415e-05,1.5790526496371728e-06
150,9,1-8,adjust,0.0020294824641678135,5.0604758878037916e-05,5.890985169022162e-05
151,2,1-4,adjust,0.002310522437780684,-4.526617762169698e-05,4.439990534241868e-05
151,3,1-5,adjust,-0.0008008219775671037,-3.3833378569257254e-05,1.6411815372000991e-06
151,6,1-5,adjust,-0.0020358673152359296,9.383280119718781e-05,2.89509226821113e-05
151,7,1-5,adjust,-0.012906323979706888,-3.812586261274706e-05,0.00011741066308796067
151,8,1-5,adjust,-0.006556554756221167,-2.2883002942560235e-05,0.00013022328181965271
151,9,1-5,adjust,-0.0031589359359413243,-0.0001206089347007718,7.582905163216471e-05
152,2,1-7,adjust,0.0010439538036500248,2.31434793865028e-05,0.00011439865987595539
152,3,1-7,adjust,-0.004214966671221854,2.359238595844954e-06,4.827420421841026e-05
152,4,1-7,adjust,-0.007599931139053794,-3.6511428991983995e-05,9.472691602731966e-05
152,5,1-7,adjust,-0.0019001122856083159,0.00010087940877350607,6.058329014134013e-05
152,6,1-7,adjust,-0.004547617909344982,8.155786241032796e-06,1.729666363632596e-05
152,9,1-8,adjust,-0.00041767537755420784,-1.8566325703269844e-05,7.903437514439397e-06
153,2,1-4,adjust,-0.0019446382863484147,-3.0865573185856367e-05,4.1394257878288694e-05
153,3,1-4,adjust,-0.0002643294284070099,7.201300293490815e-05,6.329308022949474e-05
153,6,1-5,adjust,0.006575983938153417,-6.559562407587057e-05,2.2983436392963232e-05
153,7,1-4,adjust,0.004442635875774891,-4.086388296263302e-05,5.4019305846673826e-05
153,8,1-5,adjust,0.0058644110146433,1.8297585249389605e-05,1.889538373662503e-05
153,9,1-5,adjust,0.007661914375265649,0.00019706243455295755,5.729559877422895e-05
154,2,1-7,adjust,0.0008353591813738379,2.7354117260884517e-05,1.1523802188477226e-05
154,3,1-7,adjust,0.000273322462948184,-1.0451945668220772e-05,1.5454450994186178e-05
154,4,1-7,adjust,0.009094979105534891,-1.0974146528193313e-05,2.8116184626245288e-05
154,5,1-7,adjust,-0.0012266973189863368,-6.8307520448809e-05,1.7953787976136664e-05
154,6,1-7,adjust,-0.004738303526900479,8.113606898986871e-05,0.00010143161448483016
154,9,1-8,adjust,-0.0034348939521804903,-8.153796666050066e-05,3.522234596904668e-05
155,2,1-4,adjust,-0.0013689281943268898,-7.166694313609198e-05,1.9009643812827713e-05
155,3,1-5,adjust,0.0030098482435751417,-4.826202808598911e-05,4.743425934686351e-05
155,6,1-5,adjust,-0.001376305147029276,-3.711107524920709e-05,9.82002196190238e-05
155,7,1-4,adjust,-0.0012008526946823265,9.507264546594254e-05,2.0633984096374977e-05
155,8,1-5,adjust,-0.008149467327204707,-5.7068355060159344e-05,3.880748815111026e-05
155,9,1-5,adjust,-0.0033248380731752867,-8.068251877437584e-05,1.6270001513780846e-05
156,2,1-7,adjust,0.0020423957036267942,0.0001645740178103653,0.00014057524773903929
156,3,1-7,adjust,-0.01017174634379365,4.491789852666535e-05,0.0001118706825245347
156,4,1-7,adjust,-0.007474638539262487,8.985137439764191e-05,9.36890921660447e-05
156,5,1-7,adjust,-0.004114560497306436,2.3512276418728213e-05,9.205392198828462e-06
156,6,1-7,adjust,-0.00024103623479539894,-9.890063585124224e-05,2.851049993914602e-06
156,9,1-8,adjust,-0.0019046738580627493,1.3759128644477315e-05,0.00011564044113876137
157,2,1-4,adjust,-0.005171007864828521,-4.7548187851618314e-05,6.522647369231099e-05
157,3,1-5,adjust,0.001674028657978805,5.647046122562394e-06,2.6200190571439847e-05
157,6,1-5,adjust,-0.0010357208304941994,0.00010097796258513148,8.498340681640673e-05
157,7,1-4,adjust,0.004033778002714035,-8.934636015342996e-05,8.646271824819044e-05
157,8,1-5,adjust,0.0022748581208253,-1.101445970856798e-05,0.00014546554294310172
157,9,1-5,adjust,0.005597102915241171,9.620069228273971e-05,6.759938371043567e-05
158,2,1-7,adjust,0.0067260470037128085,-9.265574686049397e-05,4.0327823835365577e-05
158,3,1-7,adjust,0.007694135478608748,-8.68721568918787e-05,5.291139345718159e-05
158,4,1-7,adjust,0.00911390285719263,-9.364389670725777e-05,0.000104230371820723
158,5,1-7,adjust,0.011240299755900874,-1.3849019752554048e-05,0.00010402451738358715
158,6,1-7,adjust,0.009511124248989502,0.00011309902139609718,8.110902661507013e-05
158,9,1-8,adjust,-0.0038719599060490517,-0.00018147366254493154,0.0001292895078484727
159,2,1-4,adjust,-0.0021964872176979218,6.148895296427023e-06,6.529216664484362e-06
159,3,1-5,adjust,0.002888514844816131,-8.143722694693065e-06,3.1752417554094345e-05
159,6,1-5,adjust,-0.00010120421821027315,-0.00010000249274766375,2.521961419874082e-05
159,7,1-4,adjust,0.007343003657432822,1.5301632975136024e-06,7.371905516517327e-05
159,8,1-5,adjust,0.005763568392804362,0.00012648961412327976,5.5566825323099525e-05
159,9,1-5,adjust,-0.0007511579317478009,0.00014832323019197373,5.450631552737158e-05
160,2,1-7,adjust,-0.0017212804538585733,8.17053326569969e-05,7.482653413302579e-07
160,3,1-7,adjust,-0.005480242174401673,4.622570087184505e-05,0.00010028249739129468
160,4,1-7,adjust,-0.006888714284011929,-1.5636359093716162e-05,5.7204511717004744e-05
160,5,1-7,adjust,0.0008957887626270985,3.900400529368112e-05,7.405729424583116e-05
160,6,1-7,adjust,0.005115285172975345,-0.00011711836176686969,0.00014771628177547667
160,9,1-8,adjust,0.006375063618003714,-2.8134985204026452e-05,2.8378508502136694e-05
161,2,1-4,adjust,0.0013157745612874079,-3.7582791287277835e-05,6.857991593497212e-07
161,3,1-4,adjust,0.0006581171611089178,-2.5729336607268924e-05,5.90103080903962e-05
161,6,1-5,adjust,-0.0038395404777943148,7.406848572732503e-05,9.6516803192554e-05
161,7,1-5,adjust,-0.004721326036527478,0.00011699418644017318,9.347178745392254e-05
161,8,1-5,adjust,0.0025797346153176716,-0.00013817997414144827,2.200840012758752e-05
161,9,1-5,adjust,-0.003282068643624007,4.487596025340472e-05,6.895968998008567e-05
162,2,1-7,adjust,-0.006650879527354956,0.00013502439247198923,0.0001534127353754053
162,3,1-7,adjust,-0.005456529179922813,0.00010653966965595365,0.00015098670180693666
162,4,1-7,adjust,0.005663957687820809,0.0001247042117784253,0.00014108813059260342
162,5,1-7,adjust,-0.013181822293736982,-3.0600167878214285e-05,0.00012782384989240922
162,6,1-7,adjust,-0.006112159494065079,-6.786415072852641e-05,0.00013223563352032135
162,9,1-8,adjust,0.0005704037238502111,-4.757246434937635e-05,0.00012944280389128995
163,2,1-4,adjust,0.003515929427603837,-0.00010115448775873507,5.158611601509733e-05
163,3,1-4,adjust,0.004749327124003858,-6.62833381924206e-05,4.657330019381616e-05
163,6,1-5,adjust,-0.004880495527085416,2.6718253138977164e-05,0.00019312984428637006
163,7,1-5,adjust,-0.006781102456942832,-0.00012860473830659483,0.00017110527094807174
163,8,1-5,adjust,-0.008099998515900151,0.00016668986199938767,9.731678054947694e-05
163,9,1-5,adjust,-0.0007898493564106269,3.0438511936512193e-05,4.942423830743809e-05
164,2,1-7,adjust,0.004249345680935827,-3.4894559930898544e-05,6.198312635909225e-05
164,3,1-7,adjust,0.011500196699240538,-8.919343567136407e-05,5.839181995832016e-05
164,4,1-7,adjust,0.0006076213296712501,-5.861776606229569e-05,2.529718058812436e-05
164,5,1-7,adjust,0.008526549963050715,4.007599234093927e-05,6.530952289373567e-05
164,6,1-7,adjust,0.0007537294941319356,-1.3174235300148363e-05,0.00012438132325919327
164,9,1-8,adjust,-5.669706748488878e-07,-4.9333116027070076e-05,6.142033975656693e-05
165,2,1-4,adjust,-0.0005468870312770569,-1.2649935861950112e-05,4.497368133988976e-05
165,3,1-4,adjust,-0.0065037777140589375,4.808696374971176e-05,9.45630303775534e-05
165,6,1-5,adjust,0.007492086392811612,0.00012527064618730055,3.96908388955196e-05
165,7,1-5,adjust,0.005949735630491,9.497304045645112e-05,8.091210225476844e-05
165,8,1-5,adjust,0.006091825162041693,-0.0001594144561186574,2.9406832790088838e-06
165,9,1-5,adjust,0.0017579880555095065,-1.96225548161502e-05,1.0533418720868432e-05
166,2,1-7,adjust,-0.0023167656792856227,8.267831468056188e-05,8.406615949897913e-05
166,3,1-7,adjust,-0.003668803440447534,3.714374002662465e-05,1.784756595868619e-05
166,4,1-7,adjust,-0.011317454060869312,3.075040711589446e-06,0.00011717745829979913
166,5,1-7,adjust,-0.0006139040611383617,-7.426641263262872e-06,8.8607770551047e-05
166,6,1-7,adjust,-0.000749426499879935,-0.0001334551589497659,0.0001343171664485396
166,9,1-8,adjust,-0.0009246371281333814,2.142993295377212e-05,6.673403591831082e-05
167,2,1-4,adjust,-0.0019953948507280624,2.8044472703154503e-05,9.419794976934426e-05
167,3,1-4,adjust,-0.004475690043580819,0.00010444691164636702,7.659374567830657e-05
167,6,1-5,adjust,-0.00043301201810570333,6.565570073618321e-05,7.544341173052182e-05
167,7,1-4,adjust,0.0006965760204796463,-2.31184478311623e-05,7.921998732870085e-06
167,8,1-5,adjust,-0.005416203553650628,6.589824390874853e-05,8.528392242610095e-05
167,9,1-5,adjust,0.002947419062852356,5.2638919816455146e-05,4.822163676828347e-05
168,2,1-7,adjust,0.00421158244165748,-0.00012511573246305695,3.574622943610486e-05
168,3,1-7,adjust,0.004918702501177682,-0.0001082062203470341,1.6901964279509204e-05
168,4,1-7,adjust,0.004762840856793805,3.6959324447477216e-05,5.639364494600741e-05
168,5,1-7,adjust,-0.008144894315177925,-3.6288652274628586e-05,3.0021101845145686e-05
168,6,1-7,adjust,1.7934212014240272e-05,-3.421008613345843e-05,4.210849730710484e-05
168,9,1-8,adjust,-0.004241338679693406,-8.440679647869314e-05,0.00015648824149908457
169,2,1-4,adjust,-0.003194349041096705,8.447983011728527e-05,0.00010128519445891669
169,3,1-4,adjust,-0.0061979518903910015,9.61663787615439e-05,0.0001167983785720924
169,6,1-5,adjust,-0.006369814822826267,-5.0103487554544634e-05,0.00013515228767848548
169,7,1-4,adjust,-0.006717355168330608,1.1169671196579864e-05,9.10458526780465e-05
169,8,1-5,adjust,0.0038554476348182623,-7.821114965116152e-06,4.1802365083462435e-05
169,9,1-5,adjust,0.0021580027799421547,2.502511852433204e-05,2.837959582501048e-05
170,2,1-7,adjust,0.0009887222623724725,4.518995171736877e-05,4.394085337647289e-05
170,3,1-7,adjust,0.007583965630011193,-0.00012379529673497977,3.0172132102485423e-05
170,4,1-7,adjust,-0.000578512537802908,-4.9648603543921346e-05,9.468733015502379e-05
170,5,1-7,adjust,0.0017751833412819834,3.879131993879279e-05,4.448920007925958e-05
170,6,1-7,adjust,0.0029961815144409908,0.00012654878639898617,0.00013341447925604822
170,9,1-8,adjust,0.00023504173836071463,-3.476740871617974e-05,2.848753961926257e-05
171,2,1-4,adjust,-0.00040863574279603705,-4.9084719791972966e-05,1.851196204065799e-05
171,3,1-5,adjust,-0.004380212487707305,0.00010877172691959806,1.5332857533939462e-05
171,6,1-5,adjust,-0.0025976370063576196,-2.963412718089599e-05,5.3352345275399e-05
171,7,1-4,adjust,-0.001318398426974787,-4.5152772589651384e-05,3.4639958351464035e-05
171,8,1-5,adjust,-0.00023421798749682143,-5.077954138501867e-06,6.890280221193483e-05
171,9,1-5,adjust,-0.0006932964580094659,0.00018258479974122684,2.4811572101061447e-05
172,2,1-7,adjust,0.005043912275116103,-4.079331119619737e-05,2.5026894656946407e-05
172,3,1-7,adjust,0.010815022322233428,-9.670425157969653e-05,5.187525701846707e-05
172,4,1-7,adjust,-0.004130760308605509,-5.658655558424301e-05,4.15481361099816e-05
172,5,1-7,adjust,0.006849341796443087,2.2884886266663844e-05,3.783815166136097e-05
172,6,1-7,adjust,-0.0008680416544322604,-2.4059364752025856e-05,0.00013005675847028517
172,9,1-8,adjust,-0.0003698674548491208,-9.844665248522701e-05,1.8285648114303598e-05
173,2,1-4,adjust,-0.0031468137202362535,-4.3803770048305896e-05,4.286760753837568e-05
173,3,1-4,adjust,-0.010214027188216731,6.436564795066929e-05,0.00012084303767709565
173,6,1-5,adjust,0.007792570720693632,2.41483356136255e-05,8.615857643949334e-05
173,7,1-4,adjust,-0.00040947823813384154,-1.9058398405132888e-06,9.830589533259821e-05
173,8,1-5,adjust,0.006854650615837574,0.00010338001641440833,8.691883669286192e-05
173,9,1-5,adjust,-0.00033336853458187086,3.081716543336954e-05,4.367487486745046e-05
174,2,1-7,adjust,0.0004607506229379995,-3.9461784974636975e-05,6.791714028934787e-05
174,3,1-7,adjust,0.0031740829540577785,-1.9318214604889967e-05,4.9348429482441685e-05
174,4,1-7,adjust,0.00838401063863803,-2.1481603176331934e-05,0.00010019684565140108
174,5,1-7,adjust,-0.006613377070582814,-3.485757681957287e-05,5.178553146542463e-05
174,6,1-7,adjust,-0.004223178022143317,5.048391214357834e-05,8.763298366941394e-05
174,9,1-8,adjust,0.005436045486369721,0.00011062061136490051,0.000233557058014755
175,2,1-4,adjust,0.0033394999298731374,2.9589171142842564e-05,1.16926253128255e-05
175,3,1-5,adjust,-0.00012777126100134464,-2.2995796299650983e-05,5.1823987635040646e-05
175,6,1-5,adjust,0.0002769401888734083,-0.00011059169926637443,2.7632669198510688e-05
175,7,1-4,adjust,-0.0015272612933192435,-2.2518842069010705e-05,4.983762178150632e-05
175,8,1-5,adjust,-0.010755335849754596,-0.0001076448948768903,5.974242316673586e-05
175,9,1-5,adjust,-0.0012041194582224166,-8.355562856060607e-05,1.966836154538421e-05
176,2,1-7,adjust,-0.001351066887738843,1.451490634894553e-06,7.123521170278929e-06
176,3,1-7,adjust,-0.002694038032966462,-4.2905897827951765e-05,2.5631538800341107e-05
176,4,1-7,adjust,-0.0006883235734090449,6.281404258429068e-05,3.3240987827620524e-05
176,5,1-7,adjust,0.007745018938410032,2.9754153274120145e-05,7.690813964574616e-05
176,6,1-7,adjust,-0.004919817012579465,0.00012197735296352519,8.305242079630965e-05
176,9,1-8,adjust,-0.005800466342776325,-0.0001024208683593365,7.521687370664697e-05
177,2,1-4,adjust,-0.001427108500775158,7.453452033182982e-05,1.1288719763766772e-05
177,3,1-5,adjust,0.0021855126645742773,-4.605313182065441e-05,2.1046088513591105e-05
177,6,1-5,adjust,0.011134717715907131,-3.681169168704126e-05,8.111127721364534e-07
177,7,1-4,adjust,0.006186328421657272,1.4486787961771598e-05,1.436664388229475e-05
177,8,1-5,adjust,0.00681047239658087,9.610372479427276e-05,3.737598486303694e-05
177,9,1-5,adjust,0.0036266604491803954,0.00010666975697089733,1.588050843660295e-05
178,2,1-7,adjust,0.003270948559197336,-0.00010498301986574317,0.0001511298308547342
178,3,1-7,adjust,0.0038228358310317956,0.00015538502908549968,3.090430027581501e-06
178,4,1-7,adjust,-0.0005161777487644193,1.0388819331099406e-05,2.1572748068551826e-06
178,5,1-7,adjust,-0.0017311973245276117,-7.70351126689346e-05,2.3749679116895063e-06
178,6,1-7,adjust,-0.005255051758703608,-3.575328024795076e-05,8.357306942236567e-06
178,9,1-8,adjust,0.0020575146319365303,3.306844314803515e-05,0.00013146734337167392
179,2,1-4,adjust,-0.0051212435024331525,0.00019869869052147767,0.00010220944122815878
179,3,1-5,adjust,-0.0017598023782760088,-7.101527151951322e-05,3.090660652778276e-05
179,6,1-5,adjust,0.0024721755226147423,-8.446945431443593e-05,1.9675661459830015e-05
179,7,1-5,adjust,-0.00041834063555269533,-1.8848146649718224e-05,7.16980972183687e-05
179,8,1-5,adjust,-0.00737220996145549,-0.00010993461466940983,5.592705508475345e-06
179,9,1-5,adjust,-0.0014528116053806007,-3.944662681194857e-05,4.080016679733131e-05
180,2,1-7,adjust,0.001376374483328691,-0.00016371333113034253,3.2050801508307607e-05
180,3,1-7,adjust,0.0016966840826583135,-5.889987987996385e-05,7.044741569069152e-05
180,4,1-7,adjust,0.002102685132048316,-6.345703965147353e-06,6.487349175124247e-05
180,5,1-7,adjust,0.004419266146942852,3.2362350972739295e-05,2.011912398109058e-05
180,6,1-7,adjust,0.00037250153171150205,8.948934059951061e-05,3.6921720962408034e-05
180,9,1-8,adjust,-0.0055893451019218025,-0.00014538907147130037,5.434297828025094e-05
181,2,1-4,adjust,-3.731321176894576e-05,5.875051094503413e-05,8.41457627538017e-06
181,3,1-4,adjust,-0.003853344325289665,-1.6953573911965317e-05,5.3168422983041106e-05
181,6,1-5,adjust,0.002134142415906851,3.4373690377498615e-05,6.315079246905892e-05
181,7,1-4,adjust,0.0007116069414226804,-4.383439701249286e-06,2.958213508981973e-05
181,8,1-5,adjust,0.008096839391767117,8.834936620004294e-05,3.921341656475708e-05
181,9,1-5,adjust,0.0034105643232106527,6.0634913581535796e-05,2.5221308062425017e-05
182,2,1-7,adjust,0.0013595374847644901,-4.891802230441384e-05,5.096281636754301e-05
182,3,1-7,adjust,0.0040916965867569466,1.8493385191089488e-05,4.758760949383839e-05
182,4,1-7,adjust,-0.007106781486247456,-4.2964314496982016e-05,2.770498168786318e-05
182,5,1-7,adjust,-0.005773411965635226,3.0137851009889836e-05,4.256456195080579e-05
182,6,1-7,adjust,-0.0022229860884373596,-4.639035898898642e-05,2.3889263781662624e-05
182,9,1-8,adjust,0.0018572318721773605,0.00020987845053005091,0.00016205516489184826
183,2,1-4,adjust,-0.0016592409783422796,1.3066573858381372e-05,1.1024506666694126e-05
183,3,1-5,adjust,-0.005175328678479877,1.5823184533650134e-05,2.3225990607069242e-05
183,6,1-5,adjust,0.00031380369724885455,-3.679966244280083e-05,7.383077660353397e-05
183,7,1-4,adjust,-0.00041185604849501366,7.023509174408773e-05,5.900818730529511e-05
183,8,1-5,adjust,-0.0008106634239867901,-0.00011764201491875427,1.7288792557814277e-05
183,9,1-5,adjust,-0.000342896203397717,-0.0002268027242635429,5.112801555336308e-05
184,2,1-7,adjust,-0.00034286178402859283,2.8824850082401265e-05,0.0001593344006544127
184,3,1-7,adjust,0.006663502852149217,2.2034977642496983e-05,0.00013132832407591584
184,4,1-7,adjust,0.0021159474188429898,4.1411254650969155e-05,5.725446415228839e-05
184,5,1-7,adjust,-0.0016058695911793227,-1.4474127386192646e-05,0.00010844576947743931
184,6,1-7,adjust,-0.0011577351192790981,9.032619236899403e-05,0.00014165205024405212
184,9,1-8,adjust,-0.003236001190973505,5.497987229094682e-05,2.0714540217764062e-05
185,2,1-4,adjust,-0.0006276008966306372,-2.8713728294933036e-05,6.0086623190742277e-05
185,3,1-5,adjust,-0.008558777639423958,-1.5249717521263128e-05,3.785377395076168e-05
185,6,1-5,adjust,-0.0008333987562613973,-6.034225809015896e-05,3.3331078703399487e-05
185,7,1-4,adjust,0.0007073754969344291,-6.727314404819789e-06,2.0250903107283083e-05
185,8,1-5,adjust,-0.0009294214344911589,5.89705451926328e-05,2.6528711312844788e-05
185,9,1-5,adjust,-0.00042479592441595795,-1.1125644303968172e-05,1.0400083777854939e-05
186,2,1-7,adjust,-0.001247422443737779,2.1435162478638305e-05,1.014974386502089e-05
186,3,1-7,adjust,0.005156920817550697,2.8596570533088555e-05,5.619802217594676e-05
186,4,1-7,adjust,-0.0051105496859731965,-5.391154904270645e-05,4.889517260040268e-05
186,5,1-7,adjust,-0.0005085800409554428,-5.9949928831173174e-05,5.13846147124655e-05
186,6,1-7,adjust,-0.001290224608466226,-1.1833013326438623e-06,0.00013575928816816367
186,9,1-8,adjust,0.0031800109643926088,8.913483309656913e-06,8.310467844051402e-06
187,2,1-4,adjust,0.0009204881038822581,5.0107828827716196e-05,0.00013514255869978448
187,3,1-4,adjust,-0.006001651673136085,-2.5232926011123834e-05,6.53472861953139e-05
187,6,1-5,adjust,-0.002947888274737344,9.356904866437077e-06,1.2883390604650668e-05
187,7,1-4,adjust,-0.0042383820029075255,-2.497698005623038e-05,2.6259280960086614e-05
187,8,1-5,adjust,-0.010737077118138762,-0.00011798069179199612,7.890265134103671e-05
187,9,1-5,adjust,-0.0012693931876509128,-0.00011193456177953309,6.721129149473286e-05
188,2,1-7,adjust,0.0024086449947279213,-9.014866676202086e-05,0.00019332809317558212
188,3,1-7,adjust,0.01169013891067799,-8.180424191028555e-05,0.00010431983673287102
188,4,1-7,adjust,0.012116698997629106,5.440968922981449e-05,3.158702171723229e-05
188,5,1-7,adjust,0.0021236288323188603,7.96735980938993e-05,0.00013563598650992404
188,6,1-7,adjust,0.0003613061924612731,4.640053198752764e-05,8.021442099478762e-05
188,9,1-8,adjust,-0.00663458116463118,-3.951458809364696e-05,0.00019249759548183303
189,2,1-4,adjust,0.000756548856345438,-1.1782368751035227e-05,5.110752920256721e-05
189,3,1-4,adjust,-0.006722014105464162,2.016504336887125e-06,7.069769319663999e-05
189,6,1-5,adjust,0.0010879243591938974,-8.210750298436619e-06,1.8336751804977114e-05
189,7,1-5,adjust,0.007404387828189452,-9.442693443888999e-05,8.976314597401429e-05
189,8,1-5,adjust,0.005159634543599008,0.0001277010998838082,6.16433384078193e-05
189,9,1-5,adjust,0.009642926482711865,0.0001894122849191778,0.00010338255832390024
190,2,1-7,adjust,0.000852078847807952,-0.00010679518899475546,2.0336493147380533e-05
190,3,1-7,adjust,0.012936592361738063,-3.006860398793307e-05,9.677226390624273e-05
190,4,1-7,adjust,0.007159398950652495,-5.029560885175397e-05,1.8185165187099127e-05
190,5,1-7,adjust,0.009050880295772034,-0.0001037672319367652,6.386940708581256e-05
190,6,1-7,adjust,0.008524311112250724,-7.652953680826833e-05,4.79329778480857e-05
190,9,1-8,adjust,-0.0049451189638940185,-8.851882714372444e-05,2.9046840899383944e-05
191,2,1-4,adjust,0.0024737612523556317,9.52485440728799e-06,2.836252320715349e-05
191,3,1-5,adjust,-0.002282344611523281,7.467339337704004e-06,1.4870014237422481e-05
191,6,1-5,adjust,0.0005924463198674662,7.761781009846203e-05,1.5658499723609018e-06
191,7,1-4,adjust,-0.0023564716439850165,0.00011122701054835005,6.518722969481767e-06
191,8,1-5,adjust,0.004970114605223348,3.3835720706877285e-05,6.860140352657614e-06
191,9,1-5,adjust,-0.001908629950442713,3.0624978513770405e-06,2.8453537142087018e-05
192,2,1-7,adjust,-0.0011161658586655947,-9.357260803046394e-07,0.00012322426256166293
192,3,1-7,adjust,-0.009838967675604542,0.00010835771072362483,5.528614726995538e-05
192,4,1-7,adjust,-0.012769404895129144,-3.431411477422745e-05,6.035952716999664e-05
192,5,1-7,adjust,-0.015859851924682897,9.83069567476474e-05,3.4840556818852045e-05
192,6,1-7,adjust,-0.008676914570251229,-5.366540611012732e-05,6.964730585774428e-05
192,9,1-8,adjust,0.005723626006548092,0.00011631866313247834,3.987538431300718e-05
193,2,1-4,adjust,-0.004987001268757853,0.0001377073465700496,4.254591000773269e-05
193,3,1-4,adjust,0.000761762143479525,2.2894599006259404e-05,0.00011892082804815498
193,6,1-5,adjust,-0.006023776384872356,8.144441073244361e-05,7.188909499558833e-05
193,7,1-4,adjust,-0.004583138805270533,-4.793945670375867e-05,2.304348423639752e-05
193,8,1-5,adjust,-0.0025246271492841213,-3.292881658372689e-06,0.00012569111411203648
193,9,1-5,adjust,-0.0002468096325428796,-0.00011590792005120205,0.00012204657728403244
194,2,1-7,adjust,0.002692112677223128,-2.2196364656153888e-05,6.689556996330678e-05
194,3,1-7,adjust,0.0012218443426863601,-0.00010725950876317819,1.3451330646780813e-05
194,4,1-7,adjust,-0.006425187386327603,2.2453850924292644e-05,3.652548462511924e-05
194,5,1-7,adjust,0.000708962621069972,-6.273153535658896e-07,4.54031747120037e-05
194,6,1-7,adjust,0.00534069186306524,-7.324671460135202e-05,3.4673429664136584e-05
194,9,1-8,adjust,-0.001377007330290756,4.520997010855189e-05,1.375820654393641e-05
195,2,1-4,adjust,-0.003903222782074894,2.871182977948371e-05,2.8565702611344994e-06
195,3,1-5,adjust,-0.007875940246207254,0.00018388297536108756,2.256020471415178e-06
195,6,1-5,adjust,-0.0005928881978641695,5.5717692125992324e-05,5.783226730736264e-06
195,7,1-5,adjust,0.0018546077382627305,4.646203633131043e-05,0.00012155348162661272
195,8,1-5,adjust,0.002459625075015809,2.526334985957473e-05,4.7623399199055534e-05
195,9,1-5,adjust,0.00042852971446138483,-6.469274248844785e-05,2.7125762878987482e-05
196,2,1-7,adjust,-0.0006710587009953903,9.720574976430154e-05,5.094638117745962e-05
196,3,1-7,adjust,0.008475937713095462,-0.00014701386041883783,2.7526817581251507e-05
196,4,1-7,adjust,-0.00192972443631884,7.308392324429603e-05,1.0522458785582823e-05
196,5,1-7,adjust,0.00272221288938186,4.668780803425222e-05,3.7394433323566836e-05
196,6,1-7,adjust,0.0002149594775477452,-9.281783266637951e-05,1.0401641179950345e-05
196,9,1-8,adjust,0.0005337094321559491,9.139565338229787e-05,5.315403824627544e-05
197,2,1-4,adjust,0.0007471749542410376,-0.00010061178075558394,2.156865594318958e-05
197,3,1-5,adjust,-0.01022004332368515,5.0537558167904184e-05,4.784828725292066e-05
197,6,1-5,adjust,0.0017485383183379103,6.267060380804978e-05,0.00010685113069711875
197,7,1-4,adjust,-0.0024243370338860237,-4.912743617984094e-05,9.812987515807793e-05
197,8,1-5,adjust,6.129589176875822e-05,-3.165501818980945e-05,5.197815404336395e-05
197,9,1-5,adjust,-0.0012167634820460876,-1.9362089706385138e-05,5.518277085879362e-05
198,2,1-7,adjust,0.007132814709417168,-8.460136942937389e-05,7.681861882842567e-05
198,3,1-7,adjust,0.008905930418487449,-3.608063419866677e-05,6.827940560002865e-05
198,4,1-7,adjust,0.0145012381322734,-5.050300701851312e-05,1.8103530251353235e-05
198,5,1-7,adjust,1.9651781454021828e-06,-0.00010392405164200922,2.0156106915630342e-05
198,6,1-7,adjust,-0.0016952456218515633,-8.842001162956402e-05,1.877615191266805e-05
198,9,1-8,adjust,0.0015569749485255797,7.900995941339736e-05,0.00010755109665637334
199,2,1-4,adjust,-0.0035273637660541515,-5.6869208606159934e-05,0.00012539466898338136
199,3,1-4,adjust,0.0018134607756985358,2.4132937230870883e-05,0.00010624547408145172
199,6,1-5,adjust,-0.002103381508287261,-1.7151614563716312e-05,0.00012542284568389014
199,7,1-4,adjust,0.00205344553969194,0.00010183213526960851,8.890703986022843e-05
199,8,1-5,adjust,-0.0012041826576238068,-1.6363824525395923e-05,1.1579008700319896e-05
199,9,1-5,adjust,-0.002333841941255838,-8.631652004601118e-05,4.584330243544381e-06
200,2,1-7,adjust,-0.0021813136785817757,0.00013791436906770255,3.210658760934064e-05
200,3,1-7,adjust,-0.005416932239766456,2.8034378758444563e-05,4.1905137025133034e-05
200,4,1-7,adjust,-0.008388900439697256,6.573039628288522e-05,0.0001008579528800666
200,5,1-7,adjust,0.0006635258200222324,7.285040009013044e-05,0.00010688055777587885
200,6,1-7,adjust,0.004272277010432451,0.00015855956984240675,6.387374256376933e-05
200,9,1-8,adjust,0.0017209374674377368,5.4262527767330365e-06,1.552534755712521e-06
201,2,1-4,adjust,-0.002988655080119696,7.085124334553218e-05,1.8501426985612457e-05
201,3,1-4,adjust,-8.291264689605775e-05,4.616292554191079e-05,5.622587929281271e-05
201,6,1-5,adjust,0.00025034945733580304,-5.644306200456378e-05,5.9455873759824834e-05
201,7,1-4,adjust,0.003950066608450851,-8.659194986424462e-05,5.1627826535998754e-05
201,8,1-5,adjust,0.0036096248331348255,-3.66017614778309e-05,6.93718906977668e-05
201,9,1-5,adjust,-0.0005172194432601373,-4.5237254119741106e-05,2.0530500983122542e-05
202,2,1-7,adjust,0.006336999221864558,-0.00013312425910823325,2.95998332089473e-05
202,3,1-7,adjust,0.0025032978956548452,-0.00012233770084549734,4.3680439499871306e-05
202,4,1-7,adjust,0.0030559507063467966,-2.5420127764637744e-05,7.901690928533079e-05
202,5,1-7,adjust,0.009896975100696892,-8.606092521987171e-06,9.309606220583178e-06
202,6,1-7,adjust,0.004612880121213981,2.7380017732767185e-05,3.972098619723088e-05
202,9,1-8,adjust,-0.0001850726606079399,0.0001227085336052138,6.982787618750014e-05
203,2,1-4,adjust,-0.0038520225730790986,0.0001116565318781089,2.959153486032149e-05
203,3,1-4,adjust,-0.0016628289319504152,4.119114403489355e-05,8.102616080227019e-05
203,6,1-5,adjust,0.0048727912142986106,-9.010724144964174e-05,1.0935179240545186e-05
203,7,1-5,adjust,0.006777496424650673,9.487537526341363e-05,6.904490823802264e-05
203,8,1-5,adjust,-0.00422072032975012,8.916738192984128e-05,1.2174420432901976e-05
203,9,1-5,adjust,0.0026755899951605377,-3.799360624529203e-08,1.54843166462511e-05
204,2,1-7,adjust,-0.0008090316839510372,2.7199587716021088e-05,5.683222595569151e-05
204,3,1-7,adjust,-0.0041249669508591005,6.765015633593669e-06,2.488139196980618e-06
204,4,1-7,adjust,-0.005232477153863156,-5.050292832822838e-06,9.165282002200145e-06
204,5,1-7,adjust,-0.013723308824228925,-4.1948544013572714e-05,3.5073732125351515e-05
204,6,1-7,adjust,-0.004472709130205482,4.747883269264409e-05,0.00010593407826673538
204,9,1-8,adjust,-0.0012248381834670742,-8.994557934449304e-05,0.00014447430030230273
205,2,1-4,adjust,0.0018106842583340559,-1.663402088722804e-05,3.2195390865603097e-06
205,3,1-5,adjust,0.0002932009408855699,-2.5656805179404324e-05,2.957156953914994e-05
205,6,1-5,adjust,-0.012112786501050415,-2.2714215036310782e-05,8.500799795431266e-05
205,7,1-4,adjust,-0.009718105536213911,-6.246397339898341e-05,7.880088515415289e-05
205,8,1-5,adjust,-0.00177925432512896,-5.026505592849609e-05,9.556755710228297e-05
205,9,1-5,adjust,-0.0007766730560178994,-3.045078398826112e-05,2.4973548852417985e-05
206,2,1-7,adjust,-0.002947755349491646,-4.501515144886086e-06,8.843301891757725e-05
206,3,1-7,adjust,0.0012985270439766067,1.2104171419144204e-05,2.4355333408661687e-06
206,4,1-7,adjust,-0.0027190347176558305,-2.506313349940133e-05,0.00011698252268574381
206,5,1-7,adjust,0.006757252270059155,6.220921470024432e-05,9.071824225991811e-05
206,6,1-7,adjust,0.005688032982774371,3.5818161393100826e-06,3.241467295648987e-05
206,9,1-8,adjust,-0.003871036807750733,-1.0011690962555409e-05,2.0777990345907076e-05
207,2,1-4,adjust,-0.00047764285785888307,-2.8837226831952715e-05,1.3342859964358207e-05
207,3,1-5,adjust,-0.005570073913120636,6.355629939024347e-05,4.583891540651104e-05
207,6,1-5,adjust,0.0057291155732956765,-8.437790105091407e-05,9.429590901270622e-05
207,7,1-4,adjust,0.001585226178643132,-6.395392300401568e-05,6.627576602074473e-05
207,8,1-5,adjust,0.003894328261965838,9.617143627096937e-05,0.0001261737357700464
207,9,1-5,adjust,0.0029294327498564656,3.1774437104913724e-05,4.5408817667544075e-05
208,2,1-7,adjust,0.0053699530723415115,-0.00011078458897098143,8.375731711164286e-05
208,3,1-7,adjust,0.01214698360304932,-0.00013890717655963417,0.00017139888309431964
208,4,1-7,adjust,0.014461643376085132,-9.175982752862044e-05,7.864932702384537e-05
208,5,1-7,adjust,0.013733659530491198,-4.695615215511056e-05,0.00011369783708641629
208,6,1-7,adjust,-0.002788320819393777,0.0001277610401278431,0.00010340045142841554
208,9,1-8,adjust,0.0036645338699440614,0.00010931932451182505,8.601417840015922e-05
209,2,1-4,adjust,0.002763651865917257,-5.718809862839129e-05,9.734458232645738e-05
209,3,1-4,adjust,0.003813209073182777,2.6812241136310298e-05,6.251627703574513e-05
209,6,1-5,adjust,0.012217954483896194,-8.085340086955799e-06,0.0001386971952334762
209,7,1-5,adjust,0.011735435934118334,7.249060788027714e-05,0.00013286492694632483
209,8,1-5,adjust,0.0029502523402908337,-2.0509076496165366e-05,0.00011755878250910473
209,9,1-5,adjust,-0.002812107259874439,-8.375203119366768e-05,0.0001610187731800134
210,2,1-7,adjust,-0.0071121325597058496,0.00015028824212943808,4.152829840574799e-05
210,3,1-7,adjust,-0.011603195942523476,7.52522287132959e-05,9.060264670268324e-05
210,4,1-7,adjust,0.003415967558635187,7.26744020493241e-05,0.0001277655689453237
210,5,1-7,adjust,-0.0018591738785605205,-6.0926398880149504e-05,9.094711100574935e-05
210,6,1-7,adjust,-0.0014089851010605037,5.242204128672789e-05,7.762365894365782e-05
210,9,1-8,adjust,0.006364654946178091,-4.572728459725868e-06,1.5245408339993167e-05
211,2,1-4,adjust,0.005754467474737108,-0.00012798159594122968,1.4759630066734623e-05
211,3,1-5,adjust,0.012016793060130483,-9.93404964421188e-05,5.2556435729193e-06
211,6,1-5,adjust,-0.0005889801410029267,-0.0001565139330332671,2.599330633189133e-05
211,7,1-4,adjust,-0.009829215954086154,3.78401897236686e-05,8.745876172088766e-05
211,8,1-5,adjust,-0.0029149598983365687,-0.00011081906477531797,2.7716016339447324e-06
211,9,1-5,adjust,-0.010870988369710552,-1.6957547007625224e-05,1.6581745996117353e-05
212,2,1-7,adjust,-0.003671673011980697,0.00017121827552670827,0.00012878282633120374
212,3,1-7,adjust,-0.012902376313567838,0.0001788511554622113,8.699068376042445e-05
212,4,1-7,adjust,-0.010079087864292742,7.659539412938376e-05,3.21651746885604e-05
212,5,1-7,adjust,-0.013394781384410743,6.243089723664542e-05,1.4494897283387343e-05
212,6,1-7,adjust,-0.010116785177151004,2.0756244520087598e-05,5.001649026896542e-05
212,9,1-8,adjust,0.0029055320576765755,6.946542351707297e-05,4.1256991191683295e-05
213,2,1-4,adjust,-0.0009689110546359616,1.922057117255692e-06,2.067546239789869e-05
213,3,1-4,adjust,0.00510776097297734,-8.80285270359219e-06,6.889670493295158e-05
213,6,1-5,adjust,-0.002283304637557738,5.7821609176414235e-05,5.282771762460154e-05
213,7,1-5,adjust,-0.0033001164583215613,-5.844933070234476e-05,0.00012787160794536137
213,8,1-5,adjust,0.0006893208959599662,-2.9497038810206035e-05,5.11603726025828e-05
213,9,1-5,adjust,0.0018995018488763805,-8.375570385286972e-05,4.824475670935744e-05
214,2,1-7,adjust,0.002750079308066827,-9.470125761162404e-05,8.117469503531014e-06
214,3,1-7,adjust,-0.00021967145771482755,-7.886450492326032e-05,5.72577939241414e-06
214,4,1-7,adjust,-0.002367476031787212,-3.1540601929098244e-06,0.00015605917923677652
214,5,1-7,adjust,0.0033741341593022636,-4.768710777086808e-05,4.3017629914997244e-05
214,6,1-7,adjust,0.0008777332317551933,-0.00013120777401908628,6.952069653061744e-05
214,9,1-8,adjust,-0.0010265905067128843,6.139298704002474e-05,4.0589105858326215e-05
215,2,1-4,adjust,-0.005585951519828395,0.00010166626515283033,0.00011831449729080565
215,3,1-4,adjust,-0.00326915504034484,4.411033318109845e-05,7.521988681377028e-05
215,6,1-5,adjust,-0.0012948977079552016,0.0001428264936898791,5.130830816660432e-06
215,7,1-4,adjust,0.0028556554227574475,2.5213456128349278e-05,1.7160734311137834e-05
215,8,1-5,adjust,-0.002267352430427761,2.882763934758409e-05,5.3867564769446105e-05
215,9,1-5,adjust,5.542184668788357e-05,-8.105702805407514e-05,4.416781773697565e-05
216,2,1-7,adjust,0.00027772917186121,2.1635535426599723e-05,7.978794138700154e-05
216,3,1-7,adjust,0.0009354814791733548,3.78729673039135e-07,0.000102166350015161
216,4,1-7,adjust,0.002165034705236732,-7.44579202266246e-05,8.193232998499168e-05
216,5,1-7,adjust,-0.00017369314500890627,3.22697688895761e-05,5.1602941687688614e-05
216,6,1-7,adjust,0.0038832067670276273,2.3426378964175957e-05,1.3318733175597643e-05
216,9,1-8,adjust,-8.469545458383795e-05,6.0029595542233845e-05,3.100657602047261e-05
217,2,1-4,adjust,0.004013144224482521,-6.096965691354997e-05,3.756912621555827e-05
217,3,1-5,adjust,0.0036592966946481674,-9.03738358921388e-05,6.260236532223704e-05
217,6,1-5,adjust,0.0012012033656558139,-3.932336466318515e-05,2.979546568503391e-05
217,7,1-4,adjust,0.004122546667403404,-9.47402817340136e-05,4.1673204352377006e-05
217,8,1-5,adjust,-0.0005021272822171341,-3.139742329317516e-05,3.503604143024523e-05
217,9,1-5,adjust,-0.00021321462047165738,-3.57341577467451e-05,7.89653354236943e-06
218,2,1-7,adjust,0.003254201766777907,-0.00018374138805256777,1.0563149032047215e-05
218,3,1-7,adjust,0.0007071892482600615,-1.589243808574269e-05,4.662736985784253e-05
218,4,1-7,adjust,0.01950120317707271,1.5376310432152264e-05,2.8088466319979216e-05
218,5,1-7,adjust,0.014509361489528385,9.220644380259333e-05,5.23430765954178e-05
218,6,1-7,adjust,0.003883716278477975,-6.78290133939523e-05,4.7952657245634034e-05
218,9,1-8,adjust,-0.0024522658676503647,1.0095434505738158e-05,3.635452892088979e-05
219,2,1-4,adjust,0.0033124133665384152,4.5860553353633215e-07,0.0002363435317841549
219,3,1-4,adjust,0.012053362085495734,-0.00013153685366333606,0.0002180521829497938
219,6,1-5,adjust,0.011049267106066839,9.651772769452253e-05,4.0607448509068195e-05
219,7,1-5,adjust,0.010270792575133246,0.00015955994896642138,8.596621563875912e-05
219,8,1-5,adjust,0.00904613815410689,0.00018951230298773432,6.514078774012289e-05
219,9,1-5,adjust,0.007140046999808188,7.653849553822557e-05,0.00013044148955333778
220,2,1-7,adjust,-0.009726159594577118,0.00029998340729438656,0.00010362740188266109
220,3,1-7,adjust,-0.008191740425640337,0.0001987245896188101,9.588052697629426e-05
220,4,1-7,adjust,-0.019203959921412782,8.662729398474544e-05,3.99820221756255e-05
220,5,1-7,adjust,-0.009244994864861727,-9.63102850266285e-05,0.0001265699215560915
220,6,1-7,adjust,-0.0067867556834074055,-3.917196016089515e-05,0.00010507094839370083
220,9,1-8,adjust,0.0026443285046551094,6.275451581900939e-05,6.117955174087039e-05
221,2,1-4,adjust,0.002000978005127669,-5.790257968204943e-05,4.7729407482889096e-05
221,3,1-4,adjust,-0.0087572249513798,3.300883135474377e-05,0.00012150759034298648
221,6,1-5,adjust,-0.006236646959477888,8.764283941634867e-05,4.651336802703555e-06
221,7,1-4,adjust,-0.012097353970876391,-5.576988965912254e-05,3.244197587371484e-05
221,8,1-5,adjust,-0.0026877231017464367,-5.183813580990749e-05,2.3720019112292813e-05
221,9,1-5,adjust,-0.00687848387010718,-0.00019971294626766817,5.3324053294527096e-05
222,2,1-7,adjust,-6.003526647914389e-05,-5.282966758136424e-05,6.564417258656923e-05
222,3,1-7,adjust,0.003716713550356962,-3.3661640835806595e-05,7.164162217784654e-05
222,4,1-7,adjust,-0.001113362938199395,-4.630462350183196e-05,4.941712211557153e-05
222,5,1-7,adjust,-0.002700106208185438,0.00011646699830289668,1.8580786866623815e-05
222,6,1-7,adjust,-0.003099869123865861,-8.215620377647501e-05,1.0569704660772617e-05
222,9,1-8,adjust,0.005494243261833847,0.00023678718128934012,9.442238470870112e-05
223,2,1-4,adjust,0.0012020291295055728,-5.300849112203388e-05,7.104232162481175e-05
223,3,1-5,adjust,-0.0011051696286196893,9.87297202525621e-05,2.7476158181748257e-05
223,6,1-5,adjust,0.005755321102154296,-1.839539673156804e-05,2.0298727744004078e-05
223,7,1-4,adjust,-0.0016182535192731076,3.334530802998367e-05,5.2741321317273484e-05
223,8,1-5,adjust,0.00017748592937626907,3.2358009579743836e-05,2.6766306735494122e-05
223,9,1-5,adjust,0.00028916174550793486,-9.973683954449459e-05,8.325112073558534e-05
224,2,1-7,adjust,-0.00021811774203799774,1.626281214794056e-05,8.390123955089742e-05
224,3,1-7,adjust,-0.003854331043328133,-7.098242193471576e-05,8.702799587736372e-05
224,4,1-7,adjust,-0.0011046873484881227,2.0662507481870515e-05,2.8997862293636207e-05
224,5,1-7,adjust,-0.011832270383202075,-1.541725879655453e-05,5.811131881210247e-05
224,6,1-7,adjust,-0.00867843302971463,3.0294418990436403e-05,1.7599800568084788e-05
224,9,1-8,adjust,-0.000332922842493541,6.030306454264044e-05,5.3318605774876537e-05
225,2,1-4,adjust,-0.0029851142338554776,9.188276607754862e-05,6.153510718327067e-05
225,3,1-4,adjust,0.0010749738108535463,-2.0697440065696023e-05,0.00011271094982298487
225,6,1-5,adjust,-0.000805844058144476,3.2489018862224296e-05,3.329588974850342e-05
225,7,1-4,adjust,0.003027168170136267,-0.0001180844139262596,1.3103051629308318e-05
225,8,1-5,adjust,-0.0033814224026376834,-9.165209736662134e-05,1.3766130896639022e-05
225,9,1-5,adjust,0.0007356252752647899,2.4345248395779153e-05,2.446243287874529e-05
226,2,1-7,adjust,0.005998315827811446,-6.749191825381387e-05,5.7373467505411e-06
226,3,1-7,adjust,0.005363218032493693,-2.518609955922081e-05,6.963869256279632e-05
226,4,1-7,adjust,0.015257131687875533,-9.092839500459307e-05,3.7316005277166284e-05
226,5,1-7,adjust,0.012992367786344768,-0.0001377076577350578,9.411254482725719e-05
226,6,1-7,adjust,0.006957668928754335,-6.41999088347181e-05,3.744715952323721e-05
226,9,1-8,adjust,-0.003096304364893925,-0.0001690111651649713,2.9783384828037176e-05
227,2,1-4,adjust,0.002875437119513139,-0.00014384865098411226,0.00010311791028912409
227,3,1-4,adjust,0.008419713213279851,-5.896138769661822e-05,8.817601818495916e-05
227,6,1-5,adjust,-0.0015280563711424307,2.9905309538572083e-06,6.130722277780928e-05
227,7,1-4,adjust,0.0017508546004989577,1.1020436939974275e-05,9.3833928145436e-05
227,8,1-5,adjust,-0.002425396167018243,-2.1720988046695732e-05,1.5786343256903032e-05
227,9,1-5,adjust,-0.0023363031037422315,3.969420911720822e-05,9.011372985380953e-06
228,2,1-7,adjust,0.00045314370204500284,1.860609760457051e-05,1.3171356205347094e-05
228,3,1-7,adjust,-0.0046291707709043535,6.583659479742287e-05,4.217512876136824e-05
228,4,1-7,adjust,-0.0073398835672319135,8.349416621300795e-05,2.191821348961285e-05
228,5,1-7,adjust,0.00888096882350765,0.000133696269951035,6.425504862474601e-05
228,6,1-7,adjust,0.0037399008352964913,-1.1227266724743659e-05,7.08714894862545e-05
228,9,1-8,adjust,-0.0008477754142788282,-3.7786170471525595e-05,2.324179207454353e-05
229,2,1-4,adjust,-0.005475032838378709,8.044125013310829e-05,3.192617078319002e-05
229,3,1-5,adjust,-0.0022448948552592778,-7.615060488712149e-05,9.274935074220738e-07
229,6,1-5,adjust,0.012358515593387586,0.00011272353357395843,0.00012391804665902635
229,7,1-5,adjust,0.009222895802015955,0.00010673989573931975,7.899556449574019e-05
229,8,1-5,adjust,0.010699247638494103,9.802573871537591e-05,5.886618173987389e-05
229,9,1-5,adjust,0.0012099902013325008,0.00010839897484469206,4.1435017756914554e-06
230,2,1-7,adjust,-0.007911999874232748,0.00016672092232326234,4.519490061492576e-05
230,3,1-7,adjust,-0.006452653956535382,0.00016545997293155202,1.3629512914300789e-05
230,4,1-7,adjust,-0.0075750692391465336,-5.315324875522406e-05,2.346170882432993e-05
230,5,1-7,adjust,-0.0058094232005735874,-5.229058082199485e-05,7.887312695337792e-05
230,6,1-7,adjust,-0.006033743794611054,-0.00011766185696768927,5.081314126775885e-05
230,9,1-8,adjust,0.006066750430599987,7.822217810841126e-05,8.688443437110644e-05
231,2,1-4,adjust,0.00668586279840314,-0.00015408515577414465,7.130974070328688e-05
231,3,1-4,adjust,0.0009105215043871704,-0.00012386630986821305,0.00011969815523962182
231,6,1-5,adjust,-0.005284280216752205,6.226726500917314e-05,0.00016561154981241144
231,7,1-5,adjust,-0.009964195281311627,-2.5746705884471186e-05,7.602960543180563e-05
231,8,1-5,adjust,-0.008665619475246054,-1.3251086850431251e-05,9.240217079002007e-05
231,9,1-5,adjust,-0.0039818767278691596,-0.00010636593629976176,7.282037487307499e-05
232,2,1-7,adjust,-0.0008797148592418723,2.815248512793893e-05,7.4764490717084e-05
232,3,1-7,adjust,-0.007151813874858091,9.346953489892032e-05,2.49414507668045e-05
232,4,1-7,adjust,-0.00012244523354227823,8.308415961327711e-05,4.933661371325467e-05
232,5,1-7,adjust,-0.004605658848957159,1.6252364981358697e-05,7.008730427453914e-05
232,6,1-7,adjust,-0.0033373464687969654,-3.223094009189936e-06,2.1316885027962687e-05
232,9,1-8,adjust,0.0001244742848066599,-0.00010278771176528532,6.820154837023065e-05
233,2,1-4,adjust,-0.0018820951901615186,5.2335842625998334e-05,6.457359925467543e-05
233,3,1-4,adjust,0.004878319073428185,-2.122180969080084e-05,4.6744619565575966e-05
233,6,1-5,adjust,-0.0023982473122634183,4.909878773296803e-05,4.932333207480384e-06
233,7,1-4,adjust,-0.002985316734879287,-0.00010490051028186856,2.2067005722085547e-06
233,8,1-5,adjust,0.0007106746642253183,5.0961920841436376e-05,2.5004285165564376e-05
233,9,1-5,adjust,0.0026827357573039174,0.00010790197203131745,2.9816746602441377e-05
234,2,1-7,adjust,0.0017609670556353997,-7.833754240944636e-05,0.00013725461634306237
234,3,1-7,adjust,0.007618279857420812,-0.00010977369794273532,0.00012441865808254004
234,4,1-7,adjust,0.01930707835855293,-0.00010421679890269219,0.00016558952350875602
234,5,1-7,adjust,0.007825109764129244,1.8590388782183378e-05,9.052802801730519e-05
234,6,1-7,adjust,-1.0849690889342338e-05,-3.2742193759325905e-05,0.00014000612784054208
234,9,1-8,adjust,-0.0014384615933086561,-3.232883066658065e-05,0.0001258961438056355
235,2,1-4,adjust,0.008833723062365371,-0.00019252715832650936,0.0001982943084901132
235,3,1-4,adjust,0.009351290248102787,-8.712087496811439e-05,0.00017844144626016093
235,6,1-5,adjust,0.007803481553553441,0.0001242143734089347,5.768828720948209e-05
235,7,1-5,adjust,0.006687769110029504,0.00017365280555009283,6.93352555487041e-05
235,8,1-5,adjust,0.004962477899112589,-0.000110364230019141,6.606737034229979e-05
235,9,1-5,adjust,-0.0001119202153937211,7.461167282118837e-05,8.663014078846704e-05
236,2,1-7,adjust,-0.012363926592108523,0.0003377288494244665,2.0821243286877273e-05
236,3,1-7,adjust,-0.019403519172031976,0.00029234252810190185,4.213234078801628e-05
236,4,1-7,adjust,-0.014676471240332632,3.733769393408722e-05,6.924022592490916e-05
236,5,1-7,adjust,-0.018021138668334158,-2.7260388766235682e-05,9.039379909879398e-05
236,6,1-7,adjust,-0.005966895714813818,-0.0001476107662767693,3.122027361529484e-05
236,9,1-8,adjust,-0.0022559628873574985,-1.1374828331697889e-05,9.418137864175954e-06
237,2,1-4,adjust,0.008414713901295617,-8.413842725252405e-05,0.00011410754250195026
237,3,1-4,adjust,0.007042821144298331,-0.0001594493252366501,0.00012563681117677182
237,6,1-5,adjust,-0.010837675607110988,0.00010273673769898094,9.238739584603466e-05
237,7,1-4,adjust,-0.008631935162022687,-0.0001268790095383317,6.947242513598169e-05
237,8,1-5,adjust,-0.008037795986718931,-2.7674152979224666e-07,2.9298690453977602e-05
237,9,1-5,adjust,-0.0006861075522419349,-9.13745686718743e-05,6.826948237950149e-06
238,2,1-7,adjust,-0.0011066584264438932,2.336036178201283e-06,9.117183095089931e-07
238,3,1-7,adjust,-0.0008324439298667824,2.464220627505077e-05,5.4662766833706844e-05
238,4,1-7,adjust,-0.002987227044481651,2.1262375666360342e-05,1.0766361409664497e-05
238,5,1-7,adjust,0.009390762158850471,-0.00011429546465957137,1.852146674604772e-05
238,6,1-7,adjust,0.005659206286902696,-0.00011704284572623706,3.819819224019912e-05
238,9,1-8,adjust,-0.0021671163328978297,-4.3662651889128076e-05,1.1160111252808512e-07
239,2,1-4,adjust,-0.0017398757321989795,-9.177407932020278e-06,0.00014877914042897466
239,3,1-4,adjust,-0.0007422620684281192,-2.2978809887809112e-05,9.36006276872688e-05
239,6,1-5,adjust,0.0017128949507157674,-7.252843022543326e-06,4.823111857136387e-06
239,7,1-4,adjust,-0.0029852573325761006,-1.4530076476281069e-05,3.604681420919032e-05
239,8,1-5,adjust,-0.008139513768946621,-7.799006463191011e-05,5.482369535199882e-05
239,9,1-5,adjust,-0.0019329073813528666,-1.0496974225699568e-05,7.022223311422681e-05
240,2,1-7,adjust,0.00047617634254006703,-8.640954543008667e-05,7.654012275572156e-05
240,3,1-7,adjust,0.00011075327253339464,4.6394457850482106e-05,3.42999976498286e-05
240,4,1-7,adjust,0.0009175094711560212,-3.131453340670948e-05,2.6356658206452514e-05
240,5,1-7,adjust,-0.008730868170253037,2.941114331812742e-05,6.863063163465641e-05
240,6,1-7,adjust,-0.003729879050605668,-0.00013149124269629255,1.2322570639621014e-05
240,9,1-8,adjust,-0.003091425475308138,-6.28027376511948e-05,0.00012501183445692358
241,2,1-4,adjust,-0.0014093205942654402,9.599646034119993e-06,5.449481033247479e-05
241,3,1-5,adjust,0.0006872834861476974,-9.880905742866732e-06,1.0473339313011199e-05
241,6,1-5,adjust,-0.002956101320384613,0.00010024510716479435,8.197275065713403e-05
241,7,1-5,adjust,-0.0033422093443888877,-5.670619861569947e-05,6.919872314658632e-05
241,8,1-5,adjust,0.0008596513140034407,1.5798996235520125e-05,5.1989635924613674e-05
241,9,1-5,adjust,0.002303547937204345,-1.7954720976703023e-05,5.593348219524829e-05
242,2,1-7,adjust,0.0019854049396680804,-1.6687004039058616e-05,2.0468085244170996e-05
242,3,1-7,adjust,0.0012502094896549613,-4.973192508803768e-05,5.1715839726984774e-05
242,4,1-7,adjust,-2.4462974897727268e-05,4.015949910955497e-06,1.3010269959197633e-05
242,5,1-7,adjust,-0.0015787314493608986,-8.57644729018681e-05,2.0790100662115276e-05
242,6,1-7,adjust,0.00022760674937180272,1.0307851345723702e-05,6.705796861693928e-05
242,9,1-8,adjust,-0.00018107907288415241,4.910852727856776e-05,4.434911822149652e-06
243,2,1-4,adjust,-0.0023125726935897236,4.241044366387713e-05,9.40483915001837e-05
243,3,1-5,adjust,-0.0007929644667690617,2.6169472408345467e-05,2.101161871632489e-05
243,6,1-5,adjust,-0.006076764916502376,7.051622923947473e-05,0.0001282561765129723
243,7,1-5,adjust,-0.004226680160437572,-0.00010239524582099061,0.00016089934678085264
243,8,1-5,adjust,-0.0007768060912936837,-4.9974252704796534e-05,0.0001224995429306484
243,9,1-5,adjust,0.0011887590790828223,1.6203197932861816e-06,0.0001027368812686926
244,2,1-7,adjust,0.009592600944196283,-0.0002117843535709085,6.280873597649463e-05
244,3,1-7,adjust,0.015159444328011832,-0.00020785875310354627,1.67497637421085e-05
244,4,1-7,adjust,0.006312485923567818,1.7729837332990636e-05,6.125759718407061e-05
244,5,1-7,adjust,0.010081328276742048,5.96933200849909e-05,4.097888338581742e-05
244,6,1-7,adjust,0.009778268111269627,-9.348357718577019e-05,1.3474453869855324e-05
244,9,1-8,adjust,-0.003852188905746384,-0.00010461717604441919,6.444248193185975e-05
245,2,1-4,adjust,-0.00633879074663348,0.00014751437679111885,1.8156667947635682e-07
245,3,1-5,adjust,-0.008998725983683389,0.00014858813133731622,8.257472931530245e-06
245,6,1-5,adjust,0.002821753589282306,2.483448816677271e-05,5.942921238775706e-05
245,7,1-5,adjust,0.0076025185787502985,0.0001732581396516404,9.693585199206766e-05
245,8,1-5,adjust,0.007090352826782968,5.150111889335231e-05,2.216586718334017e-05
245,9,1-5,adjust,0.004638331381367007,9.455850136320522e-05,3.139220902715651e-05
246,2,1-7,adjust,-0.0022073826229357225,0.00011579583270046111,1.9190735959308572e-05
246,3,1-7,adjust,-0.008468404921329558,7.30509639383903e-05,6.470962772205078e-05
246,4,1-7,adjust,-0.0021246239789772256,7.72632919670753e-05,5.746505422622111e-05
246,5,1-7,adjust,-0.005407829413579338,4.503080968807196e-05,3.666505001882009e-05
246,6,1-7,adjust,-0.0010199254877121273,2.1305863813647778e-05,5.288430352238418e-05
246,9,1-8,adjust,-0.0010805140663545675,6.829858855975752e-05,5.290928589964406e-05
247,2,1-4,adjust,-0.001861613802927933,-5.284832277137986e-05,2.350900165411813e-05
247,3,1-5,adjust,0.0037208222312825733,4.948040559607857e-05,2.070328312275991e-06
247,6,1-5,adjust,-0.0006411751164454318,1.9705966085405442e-05,0.00017102907794780493
247,7,1-5,adjust,-0.0027421916904683875,-4.086684689851404e-05,0.00010021706437697385
247,8,1-5,adjust,-0.0025440881716230867,0.00011752154716134445,7.07354759304292e-05
247,9,1-5,adjust,0.0006086701506482716,-2.501620900782418e-05,9.720214053324905e-05
248,2,1-7,adjust,0.0016401408509848123,1.099835009369992e-05,6.447699819242342e-05
248,3,1-7,adjust,0.007963083524577853,-0.00014070467119753179,8.636120729212179e-05
248,4,1-7,adjust,-0.005569894804663092,-7.566759688148409e-05,0.0001036595782453712
248,5,1-7,adjust,0.001262112854353817,2.2703803141452682e-05,7.346135815154707e-05
248,6,1-7,adjust,-0.0037214365836368856,-0.00010877001822426712,0.00010134966569088656
248,9,1-8,adjust,0.002199398169664839,5.3618991408630843e-05,0.00010023889405299938
249,2,1-4,adjust,-0.0005963870020684409,2.042535093384008e-05,6.103063050409026e-05
249,3,1-4,adjust,-0.013191025854790496,5.530556823028863e-05,4.866324191560548e-05
249,6,1-5,adjust,0.00449725340944673,7.197359884218208e-05,8.387466373374714e-05
249,7,1-5,adjust,0.004028271680420502,6.299104448539022e-05,9.610236979180385e-05
249,8,1-5,adjust,0.006414594594351682,1.0204441268661624e-05,7.319271232649365e-06
249,9,1-5,adjust,0.0012064938632701159,-6.9538636325608805e-06,4.3633352678646114e-05
250,2,1-7,adjust,0.0017161154573972586,-8.079019927934891e-05,8.921723950122976e-05
250,3,1-7,adjust,0.002665712728888471,4.76487580940076e-05,8.429802872973482e-05
250,4,1-7,adjust,-0.0013175267354738004,-2.0203230882439296e-05,8.769620493001538e-05
250,5,1-7,adjust,-0.00243550938839833,3.499100493434788e-05,3.083368907215772e-05
250,6,1-7,adjust,-0.0010259917021357534,7.203315354258624e-05,1.1801488933427415e-05
250,9,1-8,adjust,0.00018490755836765945,0.0001276467861285111,0.0001265766695077506
251,2,1-4,adjust,-0.0030529679811523405,0.00014203561962967384,1.1820745945747708e-05
251,3,1-5,adjust,-0.0015491012354620283,5.466670401023936e-05,2.8287440991892304e-05
251,6,1-5,adjust,-0.0017883654065114528,-3.1689491580310645e-05,4.7522064175291736e-06
251,7,1-4,adjust,-0.0007163000155545857,-7.621949251216438e-05,4.9336611719142364e-05
251,8,1-5,adjust,0.0030222547447571304,-4.411544676685248e-05,8.866204328778515e-05
251,9,1-5,adjust,-0.0008579280193885207,-7.483463700946443e-05,5.67820291695393e-05
252,2,1-7,adjust,0.006855081515082821,-0.00018794319479877047,0.00013724212888977145
252,3,1-7,adjust,0.002786332993998331,-8.502159958249525e-05,8.735301824779695e-05
252,4,1-7,adjust,0.01171809100488735,2.7537194808846606e-05,4.2039550651309206e-05
252,5,1-7,adjust,0.0047483174614923965,-4.5789127760148264e-05,2.5461881503160395e-05
252,6,1-7,adjust,0.005709779094642213,2.909148200583629e-05,6.49817921780422e-05
252,9,1-8,adjust,0.0036045064128448563,2.0473933371550522e-05,0.00028872917291499644
253,2,1-4,adjust,-0.002229221353619116,4.955875404976993e-05,7.390758372347186e-05
253,3,1-4,adjust,0.0049586740967851855,-8.543694737042766e-05,0.00010297141181905663
253,6,1-5,adjust,-0.0009043201715993234,-5.463605026407749e-06,5.845545915773109e-05
253,7,1-4,adjust,8.997219222228979e-05,0.00017795887417802032,6.49247174053917e-05
253,8,1-5,adjust,-0.00725465728104698,-0.00010990671217342994,6.91594414828691e-05
253,9,1-5,adjust,-0.003736111911280621,-7.418279028242736e-05,0.00011117903106546246
254,2,1-7,adjust,-0.009266203601676981,0.00021107217262271913,0.00022538378551904692
254,3,1-7,adjust,-0.019186967579764926,0.00027568088220305127,9.480850633305662e-05
254,4,1-7,adjust,-0.015263056305761715,3.024803028788899e-05,7.906525764244574e-05
254,5,1-7,adjust,-0.0030845423868697086,0.00010414364066063515,0.00016670087488205885
254,6,1-7,adjust,-0.01160537165429644,-0.00017312269315038046,0.00016124357010911564
254,9,1-8,adjust,-0.0018406938908007563,-0.00011716764031376735,8.497712559493741e-05
255,2,1-4,adjust,0.004347066321982706,-9.972512230715807e-05,4.5433049027592414e-05
255,3,1-4,adjust,0.00496636865786718,-8.615838789264088e-05,5.5905188728471064e-05
255,6,1-5,adjust,0.007328325397824409,0.00016497663346940673,2.7848541565867823e-05
255,7,1-4,adjust,0.011621948044380348,-0.00011192305709320865,5.717268560766997e-05
255,8,1-5,adjust,0.004910287599625332,0.0001833958233495185,5.6963485055517396e-05
255,9,1-5,adjust,0.003319084124394095,0.0001498157758672073,1.1953263496566497e-05
256,2,1-7,adjust,0.004505684272308019,-0.00010150597847438112,0.0001060174848081817
256,3,1-7,adjust,0.015167140733022623,-8.574268460021784e-05,9.17638137987984e-05
256,4,1-7,adjust,0.019306315475320922,-0.00012592304338306923,0.0001523666298933089
256,5,1-7,adjust,0.012614974882624851,-3.3660325880758826e-05,0.00012138054149956596
256,6,1-7,adjust,0.017759690630624332,8.88842492752949e-06,0.00015291189939907772
256,9,1-8,adjust,0.00043876747212177154,0.00013534851362163327,7.975688360216744e-05
257,2,1-4,adjust,0.004299542123110123,-0.00011197824306368957,0.00017076239310853165
257,3,1-4,adjust,0.005988889975093058,-8.392357955968083e-05,9.498990118857378e-05
257,6,1-5,adjust,-0.0015394768690474437,-2.7102451671266163e-05,0.00013881293158547194
257,7,1-5,adjust,-0.0027819512517459686,7.10655357356713e-05,0.00010395943930539231
257,8,1-5,adjust,0.002932104333866224,2.9366584995539165e-05,6.586221808534082e-05
257,9,1-5,adjust,0.0002444250994993084,-6.376873117825812e-05,0.0002118589905940939
258,2,1-7,adjust,-0.009678322897007733,0.00023255627855744125,0.0001034108904699021
258,3,1-7,adjust,-0.012496263175496734,2.384977001360211e-05,0.00011733400849452259
258,4,1-7,adjust,-0.010168923865287584,8.436187590637875e-05,0.00012682160643199059
258,5,1-7,adjust,-0.011117609600479845,1.203763594959834e-06,6.536387934524421e-05
258,6,1-7,adjust,-0.01257570679027539,-5.133189633798828e-05,3.870860933016576e-05
258,9,1-8,adjust,0.003668719209008821,4.0385209529079424e-05,6.562957473877787e-05
259,2,1-4,adjust,0.003814911816215786,-7.217695309980612e-05,2.2237856238974072e-05
259,3,1-4,adjust,0.002096069838703562,6.121691267280284e-05,0.00012189553610301472
259,6,1-5,adjust,-0.0021693960268352186,9.88830460702682e-05,5.34148723917404e-05
259,7,1-4,adjust,-0.0054235666904639225,-0.00013982753687182914,4.1427915383009174e-05
259,8,1-5,adjust,-0.0013835000953454873,-0.00012979459925925037,4.275161937951201e-05
259,9,1-5,adjust,-0.005405518938918648,-0.00011075776713160472,2.6687880404360266e-05
260,2,1-7,adjust,0.0033797559320896987,-4.111730945902509e-05,0.00013538508874343534
260,3,1-7,adjust,0.00550086788163759,-5.706770018654701e-06,1.5655589420923312e-05
260,4,1-7,adjust,0.007756991696392499,-3.4291753621910733e-05,2.013604752831617e-05
260,5,1-7,adjust,0.004210587627052409,-4.14501507194547e-05,0.0001045412380778601
260,6,1-7,adjust,0.008820264799525185,7.29585488744918e-05,3.4363634208258605e-05
260,9,1-8,adjust,0.0011633640449237143,0.00010808839071593347,0.00016826202538039445
261,2,1-4,adjust,-0.0005081249790113634,-5.531143035489476e-05,9.286328118007608e-05
261,3,1-4,adjust,0.0022051747774466885,-5.188814018983794e-05,0.00018288111570675958
261,6,1-5,adjust,-0.0036138236230697823,-6.275208735128866e-05,4.8998303199500636e-05
261,7,1-4,adjust,0.003575651243889248,6.789429951626807e-05,1.88907876842763e-05
261,8,1-5,adjust,-0.005560047132391169,4.998253477782237e-05,1.7527088995132807e-05
261,9,1-5,adjust,-0.0027452910307207874,-0.00014148922781098483,3.491278035129365e-05
262,2,1-7,adjust,-0.004216540599829975,0.00010808496830249746,3.2851713386925326e-05
262,3,1-7,adjust,-0.006333864046737532,2.821441897637025e-05,8.866535407400321e-05
262,4,1-7,adjust,-0.009319424383371072,-6.556274591573724e-05,0.00012442153565386894
262,5,1-7,adjust,0.00598762664665088,-2.3704230800772295e-05,6.733055695726841e-05
262,6,1-7,adjust,0.002712971635828325,-6.715204854705389e-05,0.00012304404483076808
262,9,1-8,adjust,0.0014843080272066169,-2.791833875883312e-05,2.2672852589110644e-06
263,2,1-4,adjust,0.004965250245978938,-0.00015875016879699159,4.172517020051857e-05
263,3,1-5,adjust,0.0005181138241264914,-1.3987170397659162e-05,3.4688823456310244e-05
263,6,1-5,adjust,0.0017173717602304358,3.8031603115514754e-05,0.00013235928543586234
263,7,1-5,adjust,-0.001438236022598829,0.00012313930559230916,0.00019756584440848288
263,8,1-5,adjust,-0.0014720909736112538,-5.0100740856535385e-05,7.849526321620575e-05
263,9,1-5,adjust,-0.0022893843479539883,7.621546666106526e-05,0.0001075808350892972
264,2,1-7,adjust,-0.010041136004751827,0.00029085778359664525,0.00010669568490354937
264,3,1-7,adjust,-0.0069713847353278765,0.00012899540292627402,1.0262749305564916e-05
264,4,1-7,adjust,-0.005367664390625828,0.00013079118968097183,6.835356819235741e-05
264,5,1-7,adjust,-0.010751058554256477,1.872485482414124e-05,3.42917314703975e-05
264,6,1-7,adjust,-0.007770798058237979,1.989131592701847e-05,3.0768965599948226e-05
264,9,1-8,adjust,0.0007225537082459581,-5.249063574353036e-05,0.00014566933529185783
265,2,1-4,adjust,0.0027993878036912476,-0.00010639876319832522,6.357315735413929e-05
265,3,1-4,adjust,0.00021520819162609888,1.1180605559819216e-05,5.348340720365293e-05
265,6,1-5,adjust,-0.001664077466440521,-2.510399377872339e-05,2.327041561437249e-05
265,7,1-5,adjust,-0.0015848729870094193,-0.0001695050513900994,8.358354757242637e-05
265,8,1-5,adjust,0.0002822659049078892,1.350081333709645e-05,2.994455576066211e-05
265,9,1-5,adjust,0.0026283080873019853,4.625753952809739e-05,3.531673774177586e-06
266,2,1-7,adjust,0.005174634395509521,-3.582658206279639e-05,2.0627308724987443e-05
266,3,1-7,adjust,0.01106178009876486,-0.00012812996809692732,7.031834350660542e-05
266,4,1-7,adjust,0.010742875850014587,-5.256247158082655e-05,2.6101847166043896e-05
266,5,1-7,adjust,0.006827822943596379,4.672727664474761e-05,6.1349974453141294e-06
266,6,1-7,adjust,0.005835441451452677,-5.5074389856497706e-05,8.874207219712874e-05
266,9,1-8,adjust,-0.0007680555004164251,-6.788784760481782e-05,4.122945714995146e-05
267,2,1-4,adjust,-0.0029038272221572955,-3.093560436835834e-05,2.6635635467205484e-06
267,3,1-5,adjust,-0.005422343319881874,9.161937937654392e-05,6.525908316361851e-05
267,6,1-5,adjust,-0.0001841049597673529,1.2136862369592356e-06,4.892358465782714e-05
267,7,1-4,adjust,0.0011610553617305225,5.5245240893580315e-05,6.28014023237326e-05
267,8,1-5,adjust,0.0041113424268246525,7.541340081839738e-06,2.2730091631137073e-05
267,9,1-5,adjust,0.001297113709865543,7.594831257360793e-05,5.948971528798811e-05
268,2,1-7,adjust,-0.000281509891640652,3.222593599475587e-05,4.2742730695411165e-05
268,3,1-7,adjust,-0.0008245255505656367,-7.889302449447141e-05,8.368322889947875e-05
268,4,1-7,adjust,-0.005083256556338629,3.057374871075603e-05,6.524551542778874e-05
268,5,1-7,adjust,-0.0010724759586294345,4.417725234303167e-05,4.283249409521167e-05
268,6,1-7,adjust,-0.0008207267795069757,-4.623957363982854e-05,7.838933816292453e-05
268,9,1-8,adjust,-0.00040821403247527025,7.5184591889644595e-06,5.283709753544976e-05
269,2,1-4,adjust,0.0023662668565768794,-2.2538029850307566e-05,6.381096511005604e-05
269,3,1-4,adjust,-0.0016492712435299951,5.9578719918680765e-05,5.376725988611978e-05
269,6,1-5,adjust,0.0002154327047045075,8.09161570225308e-05,4.149517732066705e-05
269,7,1-4,adjust,0.008503302862922215,-7.539639559394215e-05,8.988774391909205e-06
269,8,1-5,adjust,0.009489118860098351,0.00015444889799674677,0.0001253665580029267
269,9,1-5,adjust,0.003515269579981528,1.3729504095713605e-05,6.763947407429987e-05
270,2,1-7,adjust,-0.0002544420737646241,-4.1474214737002475e-05,0.0003016353209213288
270,3,1-7,adjust,0.007347076112151199,-0.00011774261815834234,0.00013286715152029224
270,4,1-7,adjust,0.016878391744768646,-6.510314599152157e-05,0.00019137293863705608
270,5,1-7,adjust,0.004706010294802047,-0.00017753045942489723,0.0002649418276981525
270,6,1-7,adjust,0.015540915305295042,9.877488210871772e-05,0.0001773915549160947
270,9,1-8,adjust,0.0036113484420133234,0.00014770427357193683,0.00020125939203279028
271,2,1-4,adjust,0.005631038058303189,-4.155345375455778e-05,6.259085931782104e-05
271,3,1-4,adjust,0.005427025445687328,-0.00013219583434778503,0.0001294768733462494
271,6,1-5,adjust,-0.011489257020393488,-7.742795058039238e-05,0.00011492524012931306
271,7,1-5,adjust,-0.015218204286995352,6.104570081123171e-05,0.00010039919586289697
271,8,1-5,adjust,-0.008666820449674281,-0.0002492590365237198,2.5195101497745736e-05
271,9,1-5,adjust,-0.010844101065858562,-0.0002641473263973805,9.404540298115098e-06
272,2,1-7,adjust,-0.004766516796382912,0.00014155575472416714,7.689473217537953e-05
272,3,1-7,adjust,-0.013711096138678753,0.0001978518386182487,3.1012385054976925e-05
272,4,1-7,adjust,-0.026873958702745657,-7.960864209585525e-05,4.045480832829803e-05
272,5,1-7,adjust,-0.015710273811319536,-5.3869017775249995e-06,0.00011740414843715347
272,6,1-7,adjust,-0.011624927007384702,-6.257271669382047e-05,0.00014987376421131144
272,9,1-8,adjust,0.0012695087622240282,6.721226847656855e-05,7.88766080345915e-05
273,2,1-4,adjust,-0.0021565949053196326,-3.781165213185477e-05,4.2201625510443265e-05
273,3,1-4,adjust,-0.002363417843984153,-1.7573570052660033e-05,6.272780726320151e-05
273,6,1-5,adjust,-0.006464597235022218,1.0183124912708963e-05,0.00012153375783397738
273,7,1-4,adjust,-0.009109307851239796,-4.4293431125318995e-05,9.059592813608934e-05
273,8,1-5,adjust,-0.006851106793468572,-6.779727114890485e-06,7.71111657711428e-05
273,9,1-5,adjust,-0.0060330951658921755,-0.00016256756377096333,5.226702649749498e-06
274,2,1-7,adjust,0.0028641354251171735,-8.891786350853852e-05,3.166443666785588e-05
274,3,1-7,adjust,0.002601244391346633,6.247451637962046e-05,0.00013224274265579618
274,4,1-7,adjust,0.006598156838368288,0.00010728772939398684,5.067724687672938e-05
274,5,1-7,adjust,-0.009028615642109073,9.402572541401368e-05,5.84994065187943e-05
274,6,1-7,adjust,-0.0029525410531252667,-3.487032457869525e-05,0.00012310050783408862
274,9,1-8,adjust,0.002751629657692475,1.8413520072752402e-05,5.212542063965862e-05
275,2,1-4,adjust,-0.0012266175770343111,8.791915865109071e-05,4.4184100197286045e-05
275,3,1-4,adjust,-0.0003087944313986661,4.5575546630077584e-05,0.00014995933603076055
275,6,1-5,adjust,-0.0012326377326389048,1.4010989999280923e-05,0.00017693639463671343
275,7,1-5,adjust,-0.0014556810456701416,-6.131478392895364e-05,0.00015218957614664794
275,8,1-5,adjust,-0.004047025451986593,1.0475214158649614e-05,6.596973023499506e-05
275,9,1-5,adjust,0.004758136815733632,0.00015590696846412005,6.284483020291607e-05
276,2,1-7,adjust,0.002556664069510027,-0.00019451026991463102,3.7949364622300395e-06
276,3,1-7,adjust,0.007461527248021078,-0.00016731312524430407,2.695744388400149e-05
276,4,1-7,adjust,0.0020347435423130806,-2.5219396648638045e-05,7.089188476404725e-05
276,5,1-7,adjust,0.016136145907898084,-6.2021016079985535e-06,6.028911886141746e-05
276,6,1-7,adjust,0.0032051961800464847,6.38759521205003e-05,6.172252181655788e-05
276,9,1-8,adjust,-0.006522661784858943,-0.00020756924815707568,2.3439161029875642e-05
277,2,1-4,adjust,-0.0026071224554558236,0.00015180198943699413,7.758726100792296e-05
277,3,1-4,adjust,-0.005819588850375704,7.19008255297805e-05,5.720514017529517e-05
277,6,1-5,adjust,0.009940156524243852,4.3923560681775184e-05,4.3193923591090236e-05
277,7,1-5,adjust,0.016335763452049516,0.00011052478334574266,8.157324691395074e-05
277,8,1-5,adjust,0.004073392982355615,2.507012556264395e-05,5.9381882772077266e-05
277,9,1-5,adjust,0.0035756293306026324,0.00015179657177747112,2.8633862503527023e-05
278,2,1-7,adjust,-0.0005486659287058607,4.2483442353077724e-05,6.513177145994825e-05
278,3,1-7,adjust,0.002477667382793073,1.947043242886389e-05,4.7373650011609264e-05
278,4,1-7,adjust,-0.0034524676400134323,-2.3847626338842117e-05,1.1020128163584996e-05
278,5,1-7,adjust,0.004245671891044044,1.1072938236306696e-05,1.7862331661970565e-05
278,6,1-7,adjust,0.0017295848015016417,-5.534822157763541e-05,8.086602001947319e-05
278,9,1-8,adjust,-0.0013998461510140877,-8.242905197537888e-05,0.00016553546190125422
279,2,1-4,adjust,7.161669302113363e-05,-3.618019030848534e-05,1.3012939486988242e-05
279,3,1-4,adjust,-0.00411207259802946,3.16333440936015e-05,8.480042150316172e-05
279,6,1-5,adjust,0.004207462603101857,4.22192583063164e-05,5.270317450210028e-05
279,7,1-5,adjust,0.0004753760435230143,4.354995463138743e-05,8.389847365466507e-05
279,8,1-5,adjust,0.009375967014217236,0.00012039036392277987,9.563469631633399e-05
279,9,1-5,adjust,0.0018609423670862772,0.0001506778407656578,4.184074990459266e-05
280,2,1-7,adjust,-0.0033845142691400075,0.0001277843303135566,4.547211518827862e-05
280,3,1-7,adjust,-0.0018903085826105074,3.881620754406806e-05,4.01821077760453e-05
280,4,1-7,adjust,0.004631447635090705,4.859518198440593e-05,8.3871657193942e-05
280,5,1-7,adjust,-0.013688786079830673,-4.2105865011018486e-05,2.2870436063205333e-05
280,6,1-7,adjust,-0.0038958819607819105,5.38681606944108e-06,7.639018848136614e-06
280,9,1-8,adjust,0.005227474835143642,7.013567213260269e-05,8.713426540734421e-05
281,2,1-4,adjust,0.003061282546860166,-9.772529244011544e-05,1.8135367151024557e-05
281,3,1-4,adjust,0.00288087428812312,-0.00015894075860807788,6.76598426664824e-05
281,6,1-5,adjust,-0.00947165337124412,-8.3008172120904e-05,0.00012845764784078227
281,7,1-5,adjust,-0.013925046659985422,-2.8005470826301646e-05,8.996205608000341e-05
281,8,1-5,adjust,-0.01060391754258226,-0.00018617036950044428,3.049633885869524e-05
281,9,1-5,adjust,-0.005199459629885335,-0.00015254907657207177,2.3678808758473027e-06
282,2,1-7,adjust,0.0005854733377622606,1.9169422651867205e-05,0.00015603345795293182
282,3,1-7,adjust,0.0022935591941325283,4.7347528154544655e-05,0.00012478507729774953
282,4,1-7,adjust,-0.004257714211857557,4.718519913502091e-05,0.0001353181778309659
282,5,1-7,adjust,-0.0016218352095324596,4.408232251386578e-07,0.00014221200389990523
282,6,1-7,adjust,-0.0007257015773415175,0.00010368495076364639,0.00013848012321344405
282,9,1-8,adjust,-0.0027500712692399994,-0.00011063016371731719,4.99127477631739e-05
283,2,1-4,adjust,-0.00248194585603375,7.83327726683528e-05,6.546923910547295e-05
283,3,1-5,adjust,-0.00681079659524742,7.913676450939234e-05,4.5249277058227414e-05
283,6,1-5,adjust,-0.0057504614589950894,1.1921075167778584e-05,0.0001454796703241464
283,7,1-5,adjust,0.0020489257124792566,-6.168826910641918e-05,9.058625793456965e-05
283,8,1-5,adjust,0.004303079306123701,-2.1590191253948526e-07,0.0001092460734605194
283,9,1-5,adjust,0.0031335351117412974,0.00015057160677578078,1.565710779995233e-05
284,2,1-7,adjust,0.001309730765499828,-7.982223913191137e-05,9.636596142541093e-05
284,3,1-7,adjust,0.005351326659023437,-0.00010137057118693708,7.040353855489555e-05
284,4,1-7,adjust,-0.0003682981711923676,-5.148418804130513e-05,8.637577821909256e-06
284,5,1-7,adjust,0.007916725095864196,3.33418506625742e-05,0.00012745611761874576
284,6,1-7,adjust,0.008830803754923185,-9.921238203974676e-05,0.00015034753333481978
284,9,1-8,adjust,-0.000645123425710155,-6.477460265690108e-05,7.890651433090856e-05
285,2,1-4,adjust,0.00012145577082333376,2.056232070644688e-05,4.152177384559357e-05
285,3,1-5,adjust,-0.0009974593801341683,0.0001377689471354675,2.3842288807991668e-05
285,6,1-5,adjust,0.002568047565975288,9.338654078552188e-05,3.350196596387442e-05
285,7,1-4,adjust,0.0020885386379355694,6.869895623777016e-05,1.1201706791534228e-05
285,8,1-5,adjust,0.002782516859279981,0.0001543853650648801,6.21236954872672e-05
285,9,1-5,adjust,0.005327884933745188,0.00017563590298420767,7.936246690352687e-05
286,2,1-7,adjust,-0.0005359436669691652,-0.00010270500161427592,0.0001131210327197478
286,3,1-7,adjust,-0.006263513430291591,-2.1307614088191296e-05,2.83462442186721e-05
286,4,1-7,adjust,0.01064313025802095,3.177622937439018e-05,5.231914575482431e-05
286,5,1-7,adjust,-0.007181321624569809,-2.1035092862972436e-05,6.432444361770552e-05
286,6,1-7,adjust,-0.004939152000543384,-0.0001358276577995381,6.166171146226792e-05
286,9,1-8,adjust,-0.0007324788711153569,-0.0001744309363870864,0.00010474144550552972
287,2,1-4,adjust,0.002554081953108429,2.8071362197366476e-05,2.7675475206832918e-05
287,3,1-4,adjust,0.011903929192589355,-0.00011476668143786454,0.0001965735332124612
287,6,1-5,adjust,-0.00046735810099715266,5.0641390985734835e-05,0.00018323239121207025
287,7,1-5,adjust,-0.004007310452873644,-5.99580611669004e-05,0.00020278894102538725
287,8,1-5,adjust,-0.004124765036397985,-0.00012189331472931498,4.973665910144016e-05
287,9,1-5,adjust,-0.0037222451021974995,2.425489382222629e-05,1.0293816736508666e-05
288,2,1-7,adjust,0.002895075196355062,-7.334678530202233e-05,4.855446846637755e-05
288,3,1-7,adjust,-0.000292324106183009,8.006796134404238e-05,9.23161841791386e-05
288,4,1-7,adjust,-0.00815567875766315,1.4107633863069025e-05,7.914534681735979e-05
288,5,1-7,adjust,0.0034580750981185195,2.8836664448628015e-05,0.00012912744188292891
288,6,1-7,adjust,-0.0004399190877005704,-6.451528972985271e-05,5.7367962484240516e-05
288,9,1-8,adjust,-0.0009132362142429983,2.0335413537699826e-05,7.12905650307819e-05
289,2,1-4,adjust,-0.005754081736012484,7.087907845187662e-05,1.3088097253850907e-05
289,3,1-4,adjust,-0.006840560270450151,7.587862183122134e-06,9.641103972701315e-05
289,6,1-5,adjust,0.0033305080703502896,0.00010001931107161484,8.202100827688297e-05
289,7,1-4,adjust,0.012358681758039872,7.888899995525576e-05,8.818913301581947e-05
289,8,1-5,adjust,0.003771622783717306,9.976643919606319e-05,5.800358238875232e-05
289,9,1-5,adjust,0.0022715340673535853,-2.287062672337745e-05,3.1317001200992056e-05
290,2,1-7,adjust,0.001380006265641529,-1.863643273803816e-06,9.414477963937963e-07
290,3,1-7,adjust,0.002632985780192813,-1.7227138485504137e-05,1.8177735541818522e-05
290,4,1-7,adjust,0.0037244202340561455,-3.7297778655321826e-05,1.9537740085498805e-05
290,5,1-7,adjust,0.004775873627846727,-6.228930776802465e-05,4.506905146110113e-05
290,6,1-7,adjust,0.007299090934111796,2.288376967383739e-05,2.4846277475102074e-05
290,9,1-8,adjust,-0.000957624245512313,9.738319971901793e-05,6.469181742651032e-05
291,2,1-4,adjust,0.0009808141505251863,3.0150993107956793e-05,3.19813529491713e-05
291,3,1-5,adjust,6.98677514761835e-05,-9.695168053458845e-06,4.142135918274721e-06
291,6,1-5,adjust,-0.009467076139094052,-4.154781126801555e-08,5.0880414196943244e-05
291,7,1-4,adjust,-0.0013378159306392566,-7.050923015721411e-05,4.040277866069456e-05
291,8,1-5,adjust,-0.00565882636720818,-2.5895280759649716e-05,5.455855617106347e-05
291,9,1-5,adjust,0.0018773211824652792,-0.00010489774454958402,3.43498841264505e-05
292,2,1-7,adjust,0.0009459766972925812,-5.593274497551842e-05,6.739627271979212e-05
292,3,1-7,adjust,0.001044879438150644,-4.841554276977967e-05,7.659708942580369e-05
292,4,1-7,adjust,-0.003918020879729948,8.229506825030004e-06,1.2550637753507172e-05
292,5,1-7,adjust,0.008000615832496748,2.876876939580123e-05,9.11697474090665e-05
292,6,1-7,adjust,0.00539420942823648,-6.296966205780972e-05,9.685118987203793e-05
292,9,1-8,adjust,-0.005169329322783185,-1.6781368146587116e-05,4.187493563852578e-05
293,2,1-4,adjust,-0.0024910002444136093,9.931899088550971e-05,2.806519152930626e-06
293,3,1-4,adjust,-0.0030320100420665667,6.474684807840147e-05,0.00018674345656879325
293,6,1-5,adjust,0.008266477555308202,-2.1282265160758822e-05,9.168946652633508e-05
293,7,1-4,adjust,-0.002203902056131285,1.148758393445012e-05,8.869948230231409e-07
293,8,1-5,adjust,0.0051685102019903865,-1.2201187851324402e-06,3.8048124756129024e-05
293,9,1-5,adjust,0.0019833836128600323,-2.885838051411788e-05,3.8776411818179326e-05
294,2,1-7,adjust,-0.002222585704811541,4.840153869336324e-05,5.0684941305767265e-05
294,3,1-7,adjust,0.00857641169398919,-0.00011698390833588219,1.831506527370105e-05
294,4,1-7,adjust,0.0007459464012985775,-2.5041099422352288e-05,1.8438209346638815e-05
294,5,1-7,adjust,-0.0027759728630819417,4.915040725386871e-05,2.2711509249796934e-05
294,6,1-7,adjust,-0.004319751367256694,3.813789037508938e-06,5.307449586937477e-05
294,9,1-8,adjust,0.0019710809836056297,0.0001275734698227835,1.2855022602012907e-05
295,2,1-4,adjust,0.0027912920262664256,-8.323785854479966e-05,4.944180401697973e-05
295,3,1-5,adjust,-0.0062506962901722985,0.00017069880236722884,7.112853685824934e-06
295,6,1-5,adjust,0.0043692254565461395,-1.3177030490921478e-05,8.303729060405332e-05
295,7,1-5,adjust,0.011483669938031139,9.884962595675592e-08,0.0001024162811032595
295,8,1-5,adjust,-0.0019179733759746777,3.573358689143131e-05,8.683759399727591e-05
295,9,1-5,adjust,0.0016823613375399396,-1.1445617214676644e-05,4.578764910669951e-05
296,2,1-7,adjust,-0.0006848173035857557,3.56568018059202e-05,9.284705496421287e-06
296,3,1-7,adjust,0.0021793852188388536,-5.475104002278735e-05,9.518835077656814e-06
296,4,1-7,adjust,0.010243202554829418,-6.357735905561645e-05,7.088025958084587e-05
296,5,1-7,adjust,0.008482442944851452,-0.000105570812632706,0.00011779978048505259
296,6,1-7,adjust,0.009131786406926606,8.567393276650635e-05,0.00017171997094967496
296,9,1-8,adjust,-0.0015912344778415458,-2.453741203352498e-05,0.00010102582355088473
297,2,1-4,adjust,0.006087725237161926,-0.0001725153669598293,8.841022262676349e-05
297,3,1-4,adjust,0.00703472815876471,-9.175026339256853e-05,5.2633428101074415e-05
297,6,1-5,adjust,-0.005225882749680982,-4.1935526112158075e-05,8.606230892595198e-05
297,7,1-5,adjust,-0.00579885157963625,0.00013541922675511822,0.00017632313789661452
297,8,1-5,adjust,-0.0031933758059507597,-9.310733626819351e-05,2.605376007728608e-05
297,9,1-5,adjust,-0.0033949832711989225,-2.4561253321468027e-05,0.0001036200227697311
298,2,1-7,adjust,-0.008754026437836314,0.00022378029888208916,0.0001552422038121832
298,3,1-7,adjust,-0.010268503394344446,9.906085264441868e-05,0.00010234103008977284
298,4,1-7,adjust,-0.01148521334689713,0.0001575200578568213,6.938802522497438e-05
298,5,1-7,adjust,-0.01660345006531264,8.72194410358067e-05,9.747190148699234e-06
298,6,1-7,adjust,-0.010660851839383015,3.44739528970318e-05,2.450229887425577e-06
298,9,1-8,adjust,-0.00038168987335678896,-8.822625861139633e-05,0.00032014501169387024
299,2,1-4,adjust,0.002324693925905033,-7.14171714762933e-05,5.1631657102700595e-05
299,3,1-5,adjust,-0.00518454579441782,-3.373544745520806e-05,6.0829594677075334e-05
299,6,1-5,adjust,-0.006217823849925249,6.288866324792979e-05,8.227696972521579e-05
299,7,1-5,adjust,-0.0031238792227765515,-0.00017595486053959542,8.779493444625585e-05
299,8,1-5,adjust,0.002335849182782735,2.8777229057437557e-05,1.97581093462396e-05
299,9,1-5,adjust,0.006394648973521812,0.00010112961738478196,2.955430771065831e-05
300,2,1-7,adjust,0.005657428410062655,-3.0499437413808686e-05,4.012043440358523e-05
300,3,1-7,adjust,0.00308885340244803,7.98003192642648e-06,9.032082362414771e-06
300,4,1-7,adjust,0.0003468966257467464,-0.00010258562784533342,2.7694879993146894e-05
300,5,1-7,adjust,0.005891901988162339,-0.00011453218534491224,4.3774361492351486e-05
300,6,1-7,adjust,0.011899634489956701,-0.00011116978159213279,5.809916573109503e-05
300,9,1-8,adjust,-0.0037040731540441117,-6.000999555345961e-05,4.0690486863028305e-05
301,2,1-4,adjust,-0.0032890079225204117,1.7921130156079067e-05,0.0001175567587921474
301,3,1-4,adjust,-0.00013785200349900037,-1.4628476397924921e-05,0.00011453559758409146
301,6,1-5,adjust,-0.009005445211853712,2.3077129982874456e-05,2.2619184390946076e-05
301,7,1-5,adjust,-0.004231021588129667,4.9576683933074435e-05,9.841323536624332e-05
301,8,1-5,adjust,-0.007650231320197392,-7.86883950391299e-05,4.082726957078909e-05
301,9,1-5,adjust,-0.003259636325362794,-3.4690748280257216e-05,7.924694230720466e-07
302,2,1-7,adjust,0.0006955581943362927,-6.478435530630174e-05,9.038636583102025e-05
302,3,1-7,adjust,0.003858661663470687,-5.2039049331064876e-05,0.0001105021315561006
302,4,1-7,adjust,-0.004762522292439108,4.8944376243073444e-05,9.446447551286056e-05
302,5,1-7,adjust,-0.0033632907944692006,8.352042307341807e-05,0.00013040389834470913
302,6,1-7,adjust,0.004644398283050634,6.732973083479419e-05,8.869048642243394e-05
302,9,1-8,adjust,-0.003996063330942477,-6.170464680866384e-05,0.0001445125064215811
303,2,1-4,adjust,-0.005544700515530147,0.00015521598815188575,5.361916199603638e-05
303,3,1-4,adjust,-0.0064289835093269895,7.753126885860938e-05,6.684393540195894e-05
303,6,1-5,adjust,-0.003618334596906679,-4.5128622253434826e-05,5.271741315296108e-05
303,7,1-4,adjust,-0.0018280591337068485,6.568436322819576e-06,2.894827310255871e-05
303,8,1-5,adjust,0.004533838056647037,9.420457771192907e-05,5.240301761997347e-05
303,9,1-5,adjust,0.0071279453891745365,0.00012501478941959846,0.0001019942740474185
304,2,1-7,adjust,0.008327762769176413,-0.00013515858823296074,3.188385068138634e-05
304,3,1-7,adjust,0.0007985395267403729,4.249479847595921e-06,3.969428056115807e-06
304,4,1-7,adjust,0.007634364638480259,-5.45317176085238e-05,3.255314522846271e-05
304,5,1-7,adjust,-0.004946234019083552,2.126185210829946e-05,3.3180873652726116e-05
304,6,1-7,adjust,-0.0018997356804809503,1.0374164851834553e-05,3.326482174962867e-05
304,9,1-8,adjust,-0.00035489796359384286,-4.4668538066005136e-05,4.343209819008587e-05
305,2,1-4,adjust,-0.003966162176832063,5.3808653533104895e-05,8.116143580648956e-05
305,3,1-4,adjust,0.009224176723344406,-1.4653033467418939e-05,0.00011377478922113678
305,6,1-5,adjust,0.0011042506332588884,-0.0001003211651877412,6.127838626072873e-05
305,7,1-4,adjust,0.0021363739989095926,2.4672459596573744e-05,4.8729766368901725e-06
305,8,1-5,adjust,0.004732834542403484,-2.2290806444856767e-05,4.8177554916203506e-05
305,9,1-5,adjust,0.0013418132506933572,-1.8572535234321288e-05,2.662561969337852e-05
306,2,1-7,adjust,-0.004356289223302289,6.913087270342557e-05,3.548476039278011e-05
306,3,1-7,adjust,-0.006075012014658977,3.7929518380072316e-05,5.0734224691758396e-05
306,4,1-7,adjust,-0.0032083179431417657,9.432309352702223e-05,6.238202409781147e-05
306,5,1-7,adjust,0.006669940468339995,4.390638345375091e-06,7.741102028730585e-05
306,6,1-7,adjust,0.0016894862779863453,9.2707612562621e-05,3.879191559696009e-05
306,9,1-8,adjust,5.373398102778843e-05,6.047124492264596e-05,3.846322686529449e-05
307,2,1-4,adjust,0.00270586298633803,2.020315879267808e-05,1.997922431740783e-06
307,3,1-5,adjust,-0.0016564704444033936,-5.490670820220423e-06,3.8632274039505794e-06
307,6,1-5,adjust,0.0028799755785552596,-2.0241744447504515e-05,7.052042577765658e-06
307,7,1-5,adjust,0.008212506137878361,-6.501607047072348e-05,8.890370069170609e-05
307,8,1-5,adjust,0.002285374114457022,1.7523186619554213e-05,4.597733700819275e-05
307,9,1-5,adjust,-0.0009429166320382613,2.152122832092878e-06,4.14901817043948e-05
308,2,1-7,adjust,-0.0002813251950929536,-0.00012961270337637681,3.403439062199094e-06
308,3,1-7,adjust,0.0066057869781832815,-7.51293645278592e-05,4.970864861810826e-06
308,4,1-7,adjust,0.009808186540183306,-5.179445442914774e-05,2.549970462658546e-05
308,5,1-7,adjust,0.008158612408692903,-5.731936268681305e-05,7.401898801012859e-06
308,6,1-7,adjust,0.005310009871216338,5.3133951207088276e-05,3.6611848023601006e-05
308,9,1-8,adjust,0.0021556511990900424,3.776302785053046e-05,4.929992966765765e-05
309,2,1-4,adjust,0.0041747001341563734,-6.401027654985888e-05,1.293040216025098e-05
309,3,1-5,adjust,0.0003073004232113192,-4.5430482330784915e-05,4.185779416030442e-05
309,6,1-5,adjust,-0.0006003769597071957,-9.982687128153568e-05,1.3261598146110129e-05
309,7,1-4,adjust,-0.0010860769206569388,6.507748253738139e-05,6.098226530816795e-05
309,8,1-5,adjust,-0.004147991822657755,-5.375990413756246e-05,6.147374282998487e-05
309,9,1-5,adjust,-0.0011120064954728362,2.6913018001424632e-05,1.6308321237976978e-05
310,2,1-7,adjust,-0.0044826835337756854,7.903753962414502e-05,8.41520286191961e-05
310,3,1-7,adjust,-0.002963890675929527,0.00015007290289484473,8.452271589689611e-05
310,4,1-7,adjust,-0.006231192369538334,-7.68958238357926e-06,0.00010437666300611737
310,5,1-7,adjust,-0.0035050515264101615,4.256447669949396e-05,4.122581813962632e-05
310,6,1-7,adjust,-0.0002813547886657571,5.9845216668578445e-05,1.4122402805354667e-05
310,9,1-8,adjust,-0.0026919931742479513,-0.00016460007877652102,0.00016028768025817534
311,2,1-4,adjust,0.0028323118468915774,1.890617904021015e-05,4.7305086340657946e-05
311,3,1-5,adjust,-0.0019491859261589455,-7.126926643271164e-05,6.143925392348529e-05
311,6,1-5,adjust,-0.0022004753053767117,4.437646527082338e-05,5.8419543276371824e-05
311,7,1-4,adjust,-0.0015013876975317883,5.856723793566597e-06,1.8855925112042234e-05
311,8,1-5,adjust,0.00011696844947323495,8.386449134863673e-05,4.567441166380013e-05
311,9,1-5,adjust,0.006316765723415377,0.00023140100585737026,5.138844039867202e-05
312,2,1-7,adjust,-0.0031441547745159055,-6.600607883230739e-05,1.3990347321188628e-05
312,3,1-7,adjust,0.0007134493101612498,-2.1836593822600893e-06,3.233906414010842e-05
312,4,1-7,adjust,-0.0009576263287389398,-6.259876219597302e-05,4.734930524454805e-05
312,5,1-7,adjust,-0.004292019746021985,-1.419699712830767e-05,6.991041686592931e-05
312,6,1-7,adjust,0.004232614737041252,6.771946283452019e-05,1.6896597006485696e-05
312,9,1-8,adjust,-0.004564414079785171,-0.0001334969657377274,1.2713755889221399e-05
313,2,1-4,adjust,0.0026281256833666626,-8.166342000790097e-05,2.7945810032349818e-05
313,3,1-5,adjust,0.002560801470911785,-1.1509378155106746e-05,3.688524482455607e-05
313,6,1-5,adjust,-0.008842590940648425,-8.053768030581933e-05,5.482803625264627e-05
313,7,1-4,adjust,-0.002215761503098488,-2.3983759269491593e-05,1.723288747373744e-06
313,8,1-5,adjust,0.0005004716106189723,1.1693273308664926e-05,5.874042232214464e-05
313,9,1-5,adjust,0.002281492603363991,3.374238417682254e-05,5.460134346464812e-05
314,2,1-7,adjust,-0.001164000718338249,0.00015124626989264906,8.685833855181932e-06
314,3,1-7,adjust,0.004579344918098834,-4.892353757853966e-05,9.858393960678958e-06
314,4,1-7,adjust,0.002767291562540651,-3.0266702807388856e-05,6.147029809170843e-05
314,5,1-7,adjust,0.0030527086685489114,8.760929514776511e-05,2.1012554862891085e-05
314,6,1-7,adjust,-0.0008651104420132218,-0.0001756314953612427,0.00010511734994409718
314,9,1-8,adjust,-0.0037567368867942753,-0.00012124909368521717,0.00010033322251054759
315,2,1-4,adjust,0.0031034946588890814,-7.515789726369357e-05,0.00011000739062813554
315,3,1-4,adjust,-0.0029499468308507026,7.192126079565604e-05,0.0001283746528838274
315,6,1-5,adjust,0.008531562394094342,0.00013109242386103242,0.0001390385576713104
315,7,1-5,adjust,0.0021381932709021497,1.0940797917853423e-05,0.00015015409134751392
315,8,1-5,adjust,0.002564104131037464,7.192131633880393e-05,0.00010547348967649831
315,9,1-5,adjust,0.007144361658580275,0.00020478753411082046,0.00018198774971297927
316,2,1-7,adjust,-0.002738167947333076,3.43737229866533e-05,0.00010248968519641736
316,3,1-7,adjust,-0.004407944288028653,4.5087600910608853e-05,8.151197927729112e-05
316,4,1-7,adjust,-0.003618709449361087,0.0001311196129967045,7.718493499533381e-05
316,5,1-7,adjust,-0.0024812238442633245,-5.97238301639957e-05,7.407569728128716e-05
316,6,1-7,adjust,-0.0001686803193592151,5.9032346007276826e-05,2.01317748613075e-06
316,9,1-8,adjust,-0.002106551730935979,-3.842996703988253e-05,8.556925152845485e-05
317,2,1-4,adjust,-0.0023616163539904225,7.280930732696382e-05,5.928853163336088e-05
317,3,1-5,adjust,2.589131466889175e-05,4.2161259057954516e-05,5.490756836278506e-06
317,6,1-5,adjust,-0.004896925743367889,-3.243088746613599e-05,1.4988705097330406e-05
317,7,1-4,adjust,-0.0010143928392521786,-2.79814852668226e-05,9.050391449365403e-06
317,8,1-5,adjust,0.0008839179174235851,-0.00016531775328699284,1.5728303773101214e-06
317,9,1-5,adjust,-0.001437095456817886,2.0463167030838624e-05,2.8577382107201255e-05
318,2,1-7,adjust,0.00033923231765280377,-2.598050900259966e-05,7.557634000277437e-05
318,3,1-7,adjust,0.008416032322249484,-0.00019188976156460258,4.7925821829771004e-05
318,4,1-7,adjust,-0.004189018653875337,-8.932954227394273e-05,6.179758492264978e-05
318,5,1-7,adjust,0.0033738767328300155,2.3451017384065863e-05,6.785739883918616e-05
318,6,1-7,adjust,0.001067547273336674,-5.8557949244533395e-05,4.837812344173244e-05
318,9,1-8,adjust,-0.0016251782976959366,-6.556088317325564e-05,5.02739058505926e-06
319,2,1-4,adjust,0.0019521219334480318,2.390562516064735e-05,6.881222813643164e-05
319,3,1-5,adjust,-0.007788540017638465,9.386001434569488e-05,5.563213340354417e-05
319,6,1-5,adjust,0.001982975285771449,2.8909516973452573e-05,0.000111785083720006
319,7,1-5,adjust,0.004784102400727988,2.2117003569315394e-05,0.00015800708319045834
319,8,1-5,adjust,-0.0023457372640543436,9.916474757280288e-05,0.00011859470674093855
319,9,1-5,adjust,0.0009985945630973298,6.968634203815368e-05,6.753521141657227e-05
320,2,1-7,adjust,-0.0038623199893473978,4.5667600201374775e-05,3.4059247423057025e-05
320,3,1-7,adjust,0.003398488480389383,-7.914579642506776e-06,7.649149329267795e-06
320,4,1-7,adjust,0.005379370792179717,8.171112381837586e-05,1.644763740329454e-05
320,5,1-7,adjust,-0.0002918833887043568,1.784050981437179e-07,8.565734786943711e-05
320,6,1-7,adjust,0.003321502702844317,9.113090940642253e-05,3.479166492303329e-05
320,9,1-8,adjust,-0.0005390625430858337,-0.00013220134317248674,8.450341287410402e-05
321,2,1-4,adjust,0.004021324892296418,-6.819133315844366e-05,1.7578013070386922e-05
321,3,1-4,adjust,-0.002000810499106937,2.5180564804282024e-05,6.676464910545439e-05
321,6,1-5,adjust,-0.0018487764782591449,-0.00016752139599753707,6.971914036004364e-05
321,7,1-4,adjust,-0.011678346078811802,5.42970633233897e-05,9.209097501433355e-05
321,8,1-5,adjust,0.002345175082471395,-3.8969890537442236e-05,4.705446318144548e-05
321,9,1-5,adjust,-0.0017926425880957979,1.885641823674967e-05,4.592382674679954e-05
322,2,1-7,adjust,0.00016267499410239526,4.997794985721992e-05,4.983125586058153e-05
322,3,1-7,adjust,-0.010294635259890307,8.016182183953874e-05,6.387098531574117e-05
322,4,1-7,adjust,-0.012938515608426671,-2.6314713174711035e-05,8.392584727619936e-05
322,5,1-7,adjust,-0.020074209189516214,-1.6583731647647307e-05,7.989279260160792e-05
322,6,1-7,adjust,-0.012382112441104114,7.515322559153805e-05,0.00010135401061357072
322,9,1-8,adjust,0.0002498173914115851,0.0001282136035578393,6.752248590058087e-05
323,2,1-4,adjust,-0.005010391052145311,5.04677996987678e-05,4.0005281632722196e-05
323,3,1-4,adjust,0.0011616927317008544,-4.156967318134802e-05,5.627689823175822e-05
323,6,1-5,adjust,-0.00726094297245734,-1.1253096171715562e-06,1.0647840380180345e-05
323,7,1-4,adjust,-0.005133603126266596,-9.904339037856428e-05,5.2857084815092475e-05
323,8,1-5,adjust,-0.006525393765226623,-2.2661911471194038e-05,5.997569946630619e-05
323,9,1-5,adjust,-0.002303133610181753,-0.00012739151361887343,5.7728922290425604e-05
324,2,1-7,adjust,0.004742784787908392,-0.00013304511311243629,2.6101227628890163e-05
324,3,1-7,adjust,0.015008561988843231,-4.5468948137888926e-05,8.894829258784504e-06
324,4,1-7,adjust,0.008989593689844137,-1.7692556234830446e-05,9.270632709418617e-05
324,5,1-7,adjust,0.009595739313579548,-7.359240512148535e-05,1.8888530733770747e-05
324,6,1-7,adjust,0.005523560552249833,-3.2637451431695695e-05,0.0001382192228394776
324,9,1-8,adjust,0.001364974412292668,-1.5201897533252571e-05,0.00010928021255994729
325,2,1-4,adjust,-0.0022177299842814097,-1.3410720430843852e-05,2.6095367158707493e-05
325,3,1-5,adjust,-0.008753382363736913,5.433562307472953e-05,4.876895095518087e-06
325,6,1-5,adjust,0.0021249192861684473,-5.820183336219437e-05,0.00013392659599494833
325,7,1-4,adjust,0.0070957132422036304,1.38663669680681e-05,7.50462664040599e-05
325,8,1-5,adjust,-0.00042414089011732706,-0.00010142520155137424,4.566174359455627e-05
325,9,1-5,adjust,-0.0021083255346576028,-1.0584063150610794e-05,0.00011373783197564784
326,2,1-7,adjust,0.002390544173597223,3.8831158877778956e-05,0.00015622255538980706
326,3,1-7,adjust,0.010743252446405978,-8.291989783275333e-05,8.863548855693027e-05
326,4,1-7,adjust,-0.0013877459401961548,4.234891959417789e-05,7.278041310963197e-05
326,5,1-7,adjust,0.008258401708179165,5.8735709254407944e-05,0.00015854190354343422
326,6,1-7,adjust,0.0014607218811829874,8.288600351814914e-07,0.00010645682045505459
326,9,1-8,adjust,0.0005071643983090687,-0.00015834944998549132,0.00011421234072101902
327,2,1-4,adjust,-0.0013890361793236906,1.8643662634103466e-05,2.161455575169399e-05
327,3,1-4,adjust,-0.014553090316919587,0.0001061732222151413,8.035770053146563e-05
327,6,1-5,adjust,0.0057866308166003395,0.00010637125583221121,1.1150083995737445e-05
327,7,1-4,adjust,0.0013190402647817931,1.7047380530103556e-05,4.6684172093702755e-05
327,8,1-5,adjust,0.006841117693571138,0.00014898780936447036,4.511491387535265e-05
327,9,1-5,adjust,0.00591294949096405,0.00023559257037742608,9.7990764625913e-06
328,2,1-7,adjust,0.003027241673932874,1.2471388215580057e-05,2.321707915310312e-05
328,3,1-7,adjust,0.0034685697605579126,-8.663980417670153e-05,2.6384137403109175e-05
328,4,1-7,adjust,0.005410497613713847,-2.9528366342289216e-05,1.3189418232535606e-06
328,5,1-7,adjust,0.0033288807652848934,6.723169065494242e-05,2.2336791528807532e-05
328,6,1-7,adjust,-0.004172400886614561,-1.0421002832527123e-05,8.320710402229596e-05
328,9,1-8,adjust,0.00025467805530483633,0.0001170601350661,9.131353228485863e-05
329,2,1-4,adjust,-0.001725614804338103,-1.475264695944118e-05,1.9094506145835263e-05
329,3,1-5,adjust,0.0034780566462611026,8.750954177031361e-05,1.0409414368684377e-05
329,6,1-5,adjust,0.010449223495548879,0.00013325775172992957,0.00012331488290497842
329,7,1-5,adjust,0.010375421216442988,1.802409208986344e-07,7.905866525374066e-05
329,8,1-5,adjust,0.0014951524635483714,8.419542875326262e-05,4.875248658199141e-05
329,9,1-5,adjust,-0.0013733242110951919,-6.26655585789317e-05,4.930911775653598e-05
330,2,1-7,adjust,-0.0042489852098911325,-1.7835302629718842e-05,6.524774542702679e-06
330,3,1-7,adjust,-0.0009656810357984484,-8.255895037958226e-05,0.00013158122211455277
330,4,1-7,adjust,-2.8521096756842123e-06,0.00010391689104444558,8.947249420002572e-05
330,5,1-7,adjust,0.0027406010081106615,2.82875289007243e-06,0.00010474721142623311
330,6,1-7,adjust,0.002338670643895393,-0.00013523223295948286,2.919696209763485e-05
330,9,1-8,adjust,0.0028279401659580387,0.00012926417659554356,9.003523111939677e-05
331,2,1-4,adjust,0.0027769525558771022,9.737363899049666e-05,4.104726956556609e-05
331,3,1-4,adjust,-0.0022216218165780266,4.381325793659065e-05,0.00010920121868331462
331,6,1-5,adjust,-0.0033312404208657746,7.819475930686954e-05,4.030809417371993e-05
331,7,1-4,adjust,-0.0002010775940084598,0.0001263597939830164,4.570432361881948e-05
331,8,1-5,adjust,0.006878266603976229,3.790774134633857e-05,2.701891733758486e-05
331,9,1-5,adjust,-0.001080536952617419,-0.00012427767735129403,6.572283130463494e-05
332,2,1-7,adjust,-0.0072276641111674875,6.384903906581344e-05,9.019273453637074e-05
332,3,1-7,adjust,-0.014713581536404797,0.00012482789966674333,3.205154141755724e-05
332,4,1-7,adjust,-0.005979887316734144,-7.070295857587504e-05,2.3278257065461545e-05
332,5,1-7,adjust,-0.004831584363249594,-2.9634389202563225e-05,0.00013899926471082837
332,6,1-7,adjust,-0.0004559331202009784,-6.153875013533573e-05,3.606943228876408e-05
332,9,1-8,adjust,0.00465551627899759,3.9421145030811045e-05,3.2474842947539584e-05
333,2,1-4,adjust,0.006068353103155048,-0.00012747975691777797,0.00010332424873808337
333,3,1-4,adjust,0.01002862144173914,-0.0001013300533587871,6.255613208395723e-05
333,6,1-5,adjust,0.0028819159833696176,-0.00010246065599973426,8.128299712241189e-05
333,7,1-5,adjust,-0.0027744498549122885,-2.5955193053797176e-05,0.0001150472509204887
333,8,1-5,adjust,-0.013099125928243999,-0.00010480993263108012,1.7661500880595083e-05
333,9,1-5,adjust,-0.006968184086628123,-0.00010475523261369069,1.0308098797691245e-05
334,2,1-7,adjust,0.0006757842106035718,4.577380762238998e-05,6.756594414714303e-05
334,3,1-7,adjust,0.0005822756635817401,-2.2622818627363737e-05,5.6657040989070384e-05
334,4,1-7,adjust,0.0006175232471789159,-1.5640512136767062e-05,3.376951802249454e-05
334,5,1-7,adjust,-0.0034474854978829234,-4.208136679127162e-05,3.023927893863173e-05
334,6,1-7,adjust,-0.00290228299295222,6.672874590815874e-05,0.00010045686512600006
334,9,1-8,adjust,-0.001075042185521382,4.200042100942815e-05,0.00012736571798353672
335,2,1-4,adjust,-0.0010330688357035314,-5.113979181192468e-05,1.4217179928877358e-05
335,3,1-5,adjust,0.0015790600437909131,1.0863081507456701e-05,2.496631069869421e-05
335,6,1-5,adjust,-0.007613308120828088,-4.505592931541382e-05,2.208005749383942e-06
335,7,1-4,adjust,-0.0006582804150004147,-0.00011166794760257991,2.5676395871351914e-05
335,8,1-5,adjust,0.0013230583676508267,3.80527282752092e-05,5.572867554136399e-05
335,9,1-5,adjust,-0.0015306782650774812,-0.00011617874878683084,5.617153492781372e-05
336,2,1-7,adjust,0.0036698262929643227,-0.00015872214725479758,0.0001078624451396707
336,3,1-7,adjust,-0.002356449621180946,3.8476888635752117e-05,4.719386952095738e-05
336,4,1-7,adjust,0.0049228741528201635,1.901484836740535e-05,5.714241835047266e-05
336,5,1-7,adjust,0.007782654569875995,4.838211017801775e-05,7.376706707134614e-05
336,6,1-7,adjust,0.009073185635264148,5.041179506986254e-05,9.41196243618463e-05
336,9,1-8,adjust,0.001856489695760183,6.076496472032919e-05,4.9213085110740636e-06
337,2,1-4,adjust,-0.0005741737598301687,0.00019817204760730616,6.7446047200359e-05
337,3,1-4,adjust,0.004746893150997907,-9.147981797142562e-06,6.672368620638928e-05
337,6,1-5,adjust,0.001876593323822391,-2.474094779211342e-05,4.814324553035331e-05
337,7,1-4,adjust,-0.005987351889629677,0.00010975045193988258,9.270658672382656e-05
337,8,1-5,adjust,0.006414867709177646,-1.7026661005729216e-05,9.588291547658105e-05
337,9,1-5,adjust,0.003894399363971764,4.091355838416971e-05,7.26242364301391e-05
338,2,1-7,adjust,-0.005106400954830607,-2.5570976729720416e-05,8.010404332563661e-07
338,3,1-7,adjust,-0.004501836288038199,-2.305117379287405e-06,8.812469928838439e-05
338,4,1-7,adjust,-0.006389305187996163,-2.6330387809775802e-05,1.2074856543744801e-05
338,5,1-7,adjust,-0.014099314381388825,-3.9437075694358335e-05,1.4210022947030153e-05
338,6,1-7,adjust,-0.01253789754347177,4.405766532795226e-05,6.421084950879896e-05
338,9,1-8,adjust,-4.870748877986368e-05,8.127810484111934e-06,8.66377671315016e-06
339,2,1-4,adjust,0.000995505144999385,3.8205971842390706e-05,2.773031516452184e-06
339,3,1-5,adjust,-8.28514221239336e-05,-4.976266318463518e-05,4.7282295837064495e-07
339,6,1-5,adjust,-0.005090690528439787,7.804029615284382e-05,7.32554067112636e-05
339,7,1-5,adjust,0.00022676983360834485,-0.00014047788257655146,9.401302867673838e-05
339,8,1-5,adjust,-0.009155910968878874,-0.00010606003372397293,7.06070084724857e-05
339,9,1-5,adjust,-0.003361293924059464,1.0980871081550457e-06,4.58195926805465e-05
340,2,1-7,adjust,0.00972695435980353,-0.0001401191016983595,1.5640762442288713e-05
340,3,1-7,adjust,0.009701197064936457,-9.1962551551597e-05,4.2440748096327344e-05
340,4,1-7,adjust,0.010059741342063536,-2.9379124974612847e-05,2.3163864990433794e-05
340,5,1-7,adjust,0.00463219689710982,-0.00010199937476969089,3.649535290142483e-05
340,6,1-7,adjust,0.009345641391850758,-6.157700812538004e-05,2.5018682006851333e-05
340,9,1-8,adjust,-0.0020631834730672842,-0.0001059591000287707,4.718855083011187e-05
341,2,1-4,adjust,-0.004226135908229035,9.916856940989541e-06,4.4148494389429445e-05
341,3,1-5,adjust,-0.0021709122634953914,2.5011631702570805e-05,3.395160101450364e-05
341,6,1-5,adjust,-0.005139605709649659,-8.324345367397878e-05,0.00010990082288377162
341,7,1-4,adjust,-0.004460586906290332,-1.5340771665661382e-05,6.26693830017452e-05
341,8,1-5,adjust,-0.002488544507264819,-6.404139707356338e-05,5.091102262352027e-05
341,9,1-5,adjust,-0.00012633806588086054,2.1288261254247396e-05,6.062621119808414e-05
342,2,1-7,adjust,0.001406405684115039,2.5454779874169345e-06,4.678717971228605e-05
342,3,1-7,adjust,0.003106949179200615,-2.722165787269757e-05,8.624362217788745e-06
342,4,1-7,adjust,-0.004424720574879455,5.289320227871111e-05,0.00011391964135623498
342,5,1-7,adjust,0.004401305755652379,0.00014959946437977532,6.236509244412835e-05
342,6,1-7,adjust,0.0007447964455853834,8.071119293371159e-05,7.623715155075209e-05
342,9,1-8,adjust,-0.0028437036001585725,-5.779915512106174e-05,5.030261038525736e-05
343,2,1-4,adjust,-0.005552635506306072,0.00010610515713361259,2.360454044502095e-05
343,3,1-5,adjust,-0.006380767533436254,9.032777884599489e-05,4.719940016847408e-05
343,6,1-5,adjust,0.00907510419268592,-8.313866160101414e-05,1.5419104118463325e-05
343,7,1-4,adjust,0.004065270463783691,6.734048693271396e-05,7.887201040150335e-05
343,8,1-5,adjust,0.008351680685226423,9.173966047693185e-05,1.654200050979399e-05
343,9,1-5,adjust,0.006896258505168637,8.31731920115345e-05,3.935040479846532e-05
344,2,1-7,adjust,0.0011737228316545175,-0.00011315091858452839,5.849525871814979e-05
344,3,1-7,adjust,-0.0026894263165874698,8.945800279071506e-05,8.331629376214604e-05
344,4,1-7,adjust,-0.0005808935747296791,8.334193481843757e-05,7.130117455733282e-05
344,5,1-7,adjust,-0.0050052046761094,-0.00010813362592586424,3.3938346605556986e-05
344,6,1-7,adjust,-0.007203718627201892,1.4500396511503143e-06,7.016066071591245e-05
344,9,1-8,adjust,-0.0008466547947390883,6.395236915763987e-05,5.101693765936774e-05
345,2,1-4,adjust,-0.005418234608893099,0.0001497670905298526,0.0001467072549601015
345,3,1-4,adjust,0.00028734994644273083,-8.94529237300218e-05,0.00010470082082704515
345,6,1-5,adjust,-0.003866119218279979,7.73837185903947e-05,0.00017271763602446779
345,7,1-5,adjust,-0.003170859918984423,-8.98978315246541e-05,0.00015154326500003903
345,8,1-5,adjust,-0.008447277446860742,-3.372042866360884e-05,0.00018381769433263863
345,9,1-5,adjust,-0.004423959289492395,-6.722799441198471e-05,0.00012387225156999001
346,2,1-7,adjust,0.010347807534955471,-0.00022418154835769503,3.287552975967153e-05
346,3,1-7,adjust,0.00800360542113459,-0.00012514480430351316,5.789496841423324e-07
346,4,1-7,adjust,0.0008104161972751514,-2.856143878593604e-05,4.12838153936452e-05
346,5,1-7,adjust,0.003737540218619514,-1.6124239578079357e-05,1.9406368706189213e-06
346,6,1-7,adjust,0.0011284138448728373,-4.9135054212407664e-05,3.16656324135194e-05
346,9,1-8,adjust,-0.00036624349207744903,-0.0001197739852921724,4.615648164655436e-05
347,2,1-4,adjust,-0.007695004374753597,0.0001998382797670573,0.00016060029793094627
347,3,1-4,adjust,-0.006516505420501656,8.069126108172166e-05,0.00010271308997011388
347,6,1-5,adjust,7.668409545577867e-05,4.351000927717866e-06,0.00016795544904497816
347,7,1-5,adjust,-0.0008204779510975071,2.2217328293291732e-05,8.776821761648904e-05
347,8,1-5,adjust,0.00245556724364618,4.8809701016797365e-05,8.934974377498473e-05
347,9,1-5,adjust,0.003207142511318626,0.00018168202737155117,9.750497937867772e-05
348,2,1-7,adjust,0.006263779637824814,-0.00014164303226797914,0.00010169511345105767
348,3,1-7,adjust,0.008229848483492336,2.067605494553286e-05,2.163520887878417e-05
348,4,1-7,adjust,-0.005114159868727687,-8.266319512181362e-05,3.128343119285255e-05
348,5,1-7,adjust,-0.0016595434731638626,2.5842301605210988e-05,2.6233763897186752e-05
348,6,1-7,adjust,0.000832676355140724,2.599281663539105e-05,7.099837886741737e-05
348,9,1-8,adjust,-0.003432678256149136,-0.0001201512977484037,9.488255585290392e-06
349,2,1-4,adjust,-0.00484350518665704,0.00014756653172801515,0.0002062586402842735
349,3,1-4,adjust,-0.009065243512522844,-1.2955646532675582e-05,5.053378430408198e-05
349,6,1-5,adjust,0.00026502578820285233,1.5939024666576186e-05,3.1342025331412544e-05
349,7,1-4,adjust,0.004168557271802195,-7.810388556889832e-05,2.3995874883739287e-05
349,8,1-5,adjust,0.0013284492745628325,-0.00011617016579513446,1.26128141628143e-05
349,9,1-5,adjust,0.004757159577220413,0.0001094965049878108,2.5789092270607603e-06
350,2,1-7,adjust,0.00808976393259144,-0.00021767718984180154,2.4909119133110188e-05
350,3,1-7,adjust,0.014510246742309475,-0.00014600755311348644,4.3565194778733555e-05
350,4,1-7,adjust,0.016741811023783356,-2.4769269600091868e-05,9.216641334481735e-06
350,5,1-7,adjust,0.008148618352386365,-4.629942929385844e-05,3.7904768673741935e-05
350,6,1-7,adjust,0.006833600823177441,-8.9868335261016e-05,8.929321674649333e-05
350,9,1-8,adjust,-0.003665391459295955,-8.937819471718629e-05,5.495155602542844e-05
351,2,1-4,adjust,-0.0028990842720303216,2.622310940218803e-05,7.064139606237603e-09
351,3,1-5,adjust,-0.001685062572920227,4.8043855185612e-05,4.661398025779251e-05
351,6,1-5,adjust,0.0011327231892845281,8.202019951430172e-05,0.00010298325728276164
351,7,1-4,adjust,0.003125079372276815,0.00015845763235377774,1.03463347633696e-05
351,8,1-5,adjust,0.0027604070481930354,7.648146784058085e-05,6.975663582810989e-06
351,9,1-5,adjust,-0.002240715020895711,-6.092988187569627e-05,6.390486674573273e-05
352,2,1-7,adjust,-0.003399831962863767,7.171572964715507e-05,1.8211904104319817e-05
352,3,1-7,adjust,-0.006516422712912792,0.0002348842665670414,7.045216236793828e-05
352,4,1-7,adjust,-0.005614827876503858,0.00015438814317830264,3.695036164208416e-05
352,5,1-7,adjust,-0.009032957721972419,6.652668259695161e-05,0.00012079065474408424
352,6,1-7,adjust,-0.005918054096841231,8.777982150433152e-06,2.2810899352835846e-05
352,9,1-8,adjust,0.004880012189906304,3.842401516655364e-05,7.516029058526991e-05
353,2,1-4,adjust,-0.001289658390685588,5.420071889824951e-05,8.168963261355682e-05
353,3,1-5,adjust,-0.0017088471756149073,-8.668121628550159e-05,4.5976256026032035e-05
353,6,1-5,adjust,-0.0008073768464191939,1.1304473357081118e-05,0.0001795052282261157
353,7,1-5,adjust,-0.0032753923696840948,-8.1433180845858e-05,0.00023160437897057844
353,8,1-5,adjust,-0.00529037943966778,4.072728588849753e-05,0.00018961232173416058
353,9,1-5,adjust,-0.0016115238545866806,7.053889950972237e-05,0.00014850122257909976
354,2,1-7,adjust,0.006937592238698832,-0.00014488527593435786,1.9157824950818205e-06
354,3,1-7,adjust,-0.004070202487996787,-4.158342753721476e-05,2.213838009389919e-05
354,4,1-7,adjust,-0.003890335151327205,-0.00014841640253840114,3.9879446760661325e-05
354,5,1-7,adjust,0.006511136883410236,8.891057883925385e-06,2.7211779496852364e-06
354,6,1-7,adjust,0.002942466715637335,-1.2534304950700002e-05,8.256944929611792e-05
354,9,1-8,adjust,-0.0004935734531342696,-5.735618547664436e-05,1.9229591116632336e-05
355,2,1-4,adjust,-0.003512307495569646,8.65300893127441e-05,1.862148524611467e-05
355,3,1-5,adjust,0.004510418302295322,-5.933579188772342e-05,6.109007433532995e-05
355,6,1-5,adjust,0.0033434647781092532,-4.8811532879861145e-05,4.612627539196707e-05
355,7,1-4,adjust,-0.004601145483908259,1.2650838580481772e-06,8.88697467286677e-05
355,8,1-5,adjust,0.008346436751371257,-2.9280644810842424e-05,1.0212246410402099e-05
355,9,1-5,adjust,0.004217771152730013,0.00012464876144911702,4.556941705493988e-05
356,2,1-7,adjust,0.0006450061695891584,-1.0973898165513302e-05,9.717820733971843e-05
356,3,1-7,adjust,0.010985056502669583,-1.926293985061999e-05,7.11557469021134e-05
356,4,1-7,adjust,-8.607953794448222e-07,4.271552210573076e-05,1.6000260570964158e-05
356,5,1-7,adjust,-0.011859293700729332,-2.5268223432312053e-05,8.848613368756142e-05
356,6,1-7,adjust,-0.00887220340671106,-3.3143413852044225e-05,4.855166394269634e-05
356,9,1-8,adjust,-0.0006312702840752177,-5.487229847286096e-05,0.00019395632870353432
357,2,1-4,adjust,-0.002766981852313371,-4.189452637464708e-05,4.6413947429654354e-05
357,3,1-4,adjust,-0.013317367756786753,4.214537747533503e-05,7.512230598340887e-05
357,6,1-5,adjust,-0.0013883638779713825,5.053368757105509e-05,0.00015328980895900848
357,7,1-4,adjust,0.010956885989933746,-2.7596763023009327e-05,6.426391479018461e-05
357,8,1-5,adjust,-0.011777639675883286,-0.00015992149648164558,7.702046971565845e-05
357,9,1-5,adjust,5.756999743896818e-05,1.2556646077559983e-05,4.829452337569301e-06
358,2,1-7,adjust,0.004190745556571528,5.147447447283961e-05,0.0001607260972589488
358,3,1-7,adjust,0.009482609780354534,-7.773225421333408e-05,0.00013104295753133113
358,4,1-7,adjust,0.004452648026395328,-6.618606504162384e-05,9.82541935888953e-05
358,5,1-7,adjust,0.012249803958435466,1.2087664929975033e-05,6.456088816511869e-05
358,6,1-7,adjust,0.015669977884146997,-5.8162610058266805e-05,7.614763790105067e-06
358,9,1-8,adjust,-0.010086203150182865,-0.00022299910020724686,0.00023440378271826246
359,2,1-4,adjust,-0.0011680228786789594,2.803528851964814e-05,4.612079607193002e-05
359,3,1-5,adjust,-0.00494690626012429,0.00010079263246460401,5.446471252154138e-05
359,6,1-5,adjust,-0.0049546234704254755,0.0001030427735645636,2.1283379022479332e-05
359,7,1-4,adjust,0.0016987093962264612,9.109408768304009e-05,6.5489741190911e-05
359,8,1-5,adjust,0.010637034941086128,0.00017520302207073722,8.138477825060362e-05
359,9,1-5,adjust,0.010477090112376866,0.00024264060096366706,0.0001023569941722662
360,2,1-7,adjust,-0.003827355208895472,6.681259958956636e-05,6.186254808630912e-05
360,3,1-7,adjust,-0.0037861371066039294,-7.672487826498479e-05,3.57177000895584e-05
360,4,1-7,adjust,0.006695910840402508,2.257270422836415e-05,1.3599244422689635e-06
360,5,1-7,adjust,0.004777842874463888,8.74386932477215e-05,1.9188593250830385e-05
360,6,1-7,adjust,0.004331918077265536,3.383487434016528e-05,5.421879201622942e-05
360,9,1-8,adjust,0.0006133711620191919,-2.2825386487535432e-05,4.3949834477198966e-05
361,2,1-4,adjust,0.00797961590366228,-0.00016078221944314724,9.30036836358448e-05
361,3,1-4,adjust,0.01104392168725144,5.4429547312694425e-06,0.00023303194944015578
361,6,1-5,adjust,0.0009822952980479214,-1.6929803423157806e-05,2.2048372694747703e-05
361,7,1-4,adjust,-0.0025969606785631602,-3.0968884769148556e-05,9.913412911462069e-05
361,8,1-5,adjust,0.008980561931878128,0.000125482428968468,5.3291829060045505e-05
361,9,1-5,adjust,0.000506248770074045,2.958246954648833e-05,0.00013402753793874636
362,2,1-7,adjust,-0.007999067807311435,-2.7189566540144714e-06,0.0001743636512673984
362,3,1-7,adjust,-0.008384440578634848,3.140199569702757e-05,0.00022001079218837631
362,4,1-7,adjust,-0.006153403638557244,-5.635851975204668e-05,0.00014734422234126299
362,5,1-7,adjust,-0.0057222820715970325,-0.00012446019052420894,1.3349968675034578e-05
362,6,1-7,adjust,-0.0020239570799414357,-0.000172791768962237,1.0403098911139938e-05
362,9,1-8,adjust,0.004442563081089982,9.387468832251825e-05,0.00024862130970469535
363,2,1-4,adjust,0.005360383912117832,5.064325220817753e-05,8.824426536443972e-07
363,3,1-5,adjust,0.002108579579398736,-3.3440232632312324e-05,2.234896488758469e-05
363,6,1-5,adjust,-0.008764444538654107,0.00014082113795728168,3.0266595180001063e-05
363,7,1-4,adjust,-0.0009184077716772769,4.750352289058693e-05,4.155791884449559e-05
363,8,1-5,adjust,-0.014919468084840027,-0.00015735701596810914,6.659922560940213e-06
363,9,1-5,adjust,-0.009442147485789336,-0.00024944420529411795,1.5724672711694876e-05
364,2,1-7,adjust,-0.004094570582905572,9.178535001951404e-05,3.341329874545991e-05
364,3,1-7,adjust,-0.007924611975659102,8.093231176649961e-05,6.247547878069716e-05
364,4,1-7,adjust,-0.01780755369486669,0.0001243619436982559,7.642663292430612e-05
364,5,1-7,adjust,-0.0072368323674336125,3.75611070638604e-05,4.4129541548109894e-05
364,6,1-7,adjust,0.000567176632578862,-2.7204207305868712e-05,6.151242149893103e-05
364,9,1-8,adjust,-0.00023741135427193756,1.9258409779768834e-05,0.00013277821885815966
365,2,1-4,adjust,-0.0040065836275827,0.00012638349407599871,0.00020224843874178252
365,3,1-4,adjust,-0.007426133526276254,0.00012223156106548098,0.00012306709686956178
365,6,1-5,adjust,-0.0024841405051088867,-6.776856561799949e-05,2.0344657666040056e-05
365,7,1-4,adjust,-0.007468639761127618,1.2669121370298315e-05,6.870545075638042e-05
365,8,1-5,adjust,-0.0019460707726548538,-1.4543953695796827e-05,5.1012540516821045e-05
365,9,1-5,adjust,0.0008164448835710475,9.83942509037966e-05,9.941192188537162e-05
366,2,1-7,adjust,0.0036326147074914367,-0.00015151816530943016,0.00010591114676405025
366,3,1-7,adjust,0.009918304573816237,-6.643418670975522e-05,6.662555684181957e-05
366,4,1-7,adjust,0.012803218016942605,-5.185836049282776e-05,2.6762950245885378e-05
366,5,1-7,adjust,-0.005372879905168164,-7.396255604361314e-06,1.1194697525078419e-05
366,6,1-7,adjust,-0.0014116649663132464,8.679906141060812e-05,7.74013132124959e-05
366,9,1-8,adjust,-0.0010545162268786532,-0.00010857941467713615,8.075701065804206e-05
367,2,1-4,adjust,-9.028283106290782e-05,-3.7122244481392624e-05,4.167591064266317e-05
367,3,1-4,adjust,0.00229061879714079,-0.00010343192796623043,7.204188726185886e-05
367,6,1-5,adjust,-0.0019177799366434224,-0.00012192673767201281,7.527101291333692e-05
367,7,1-5,adjust,0.005722830650578695,-0.00014468252384955237,6.738796502495872e-05
367,8,1-5,adjust,0.002817038252191784,-2.120611504504079e-05,2.0699023404020483e-06
367,9,1-5,adjust,0.0020770883396752696,4.899606546559262e-05,8.372572488583373e-06
368,2,1-7,adjust,0.005766919411004953,-0.00010237743276302919,2.472563954826664e-05
368,3,1-7,adjust,0.010603431913892165,-9.417098090015574e-05,7.73239167721028e-05
368,4,1-7,adjust,0.005614265087587149,3.127504100300515e-05,1.567157405142676e-05
368,5,1-7,adjust,0.02171547963864715,0.00010463297085156294,6.913386454564154e-05
368,6,1-7,adjust,0.010122818163833248,9.147395169704108e-05,2.2225502957808568e-05
368,9,1-8,adjust,-0.0028667510082969016,-3.000972908072125e-05,6.320441897056594e-05
369,2,1-4,adjust,-0.002615758910010503,1.458636416976456e-06,7.603247372628177e-05
369,3,1-5,adjust,-0.007942793673051304,8.502000064377627e-05,1.1987391081566229e-05
369,6,1-5,adjust,0.014411031710240732,3.703934095840067e-05,0.00011583282620657959
369,7,1-4,adjust,0.01176440871496567,0.00015028108381364075,2.1550800530713967e-06
369,8,1-5,adjust,0.01144227255117611,0.00011454646557894008,9.216100737319536e-05
369,9,1-5,adjust,0.006275613134503387,0.00014782469649555664,6.433749115536798e-05
370,2,1-7,adjust,-0.00371521534710819,0.00012847797522900115,8.285847225236582e-06
370,3,1-7,adjust,-0.007361894121418385,5.467772189151074e-05,1.2611530426432495e-05
370,4,1-7,adjust,0.0003032839859640239,-0.00010578146609806841,5.944548190460562e-05
370,5,1-7,adjust,-0.002357139035147187,-4.359997067615514e-05,1.700687659857852e-05
370,6,1-7,adjust,-0.00922402997206571,2.59247803705864e-05,3.223525075763001e-05
370,9,1-8,adjust,0.002084869801689764,8.418402294235259e-06,3.668845957057388e-05
371,2,1-4,adjust,0.005406163983528612,-0.0001024780698447371,0.00011863522474587242
371,3,1-4,adjust,0.009569475959921974,-0.00014397166799286077,0.00017183207693342831
371,6,1-5,adjust,0.0024300421774108806,-1.3634569754033407e-05,0.00012744516058280715
371,7,1-5,adjust,-0.004175229861344265,1.2525573645679145e-05,0.00014159920721843735
371,8,1-5,adjust,-0.0033487549900353816,-1.1197887815251007e-05,0.00011514267413457165
371,9,1-5,adjust,-0.001079345549715208,4.014354204946149e-05,0.00010810808981835576
372,2,1-7,adjust,-0.0048662901419489705,0.00019845882773276472,5.88684629182831e-05
372,3,1-7,adjust,-0.008657154960405228,0.0001656388838656329,7.691243915654475e-05
372,4,1-7,adjust,-0.01420663206425626,0.00011211737109521938,7.770548743340213e-05
372,5,1-7,adjust,-0.0010749670972401747,-8.45514301215637e-06,6.86205876438038e-06
372,6,1-7,adjust,-0.0007785902678316024,2.1583519457868924e-05,5.682518849507729e-06
372,9,1-8,adjust,-0.0014491639223119246,-2.8048811106160653e-05,2.2956569961891423e-05
373,2,1-4,adjust,-0.0021907872121241356,-5.2447613945670145e-06,0.00010988048118665801
373,3,1-4,adjust,-0.0024027729269704857,4.124253351044301e-05,0.00011062343062507008
373,6,1-5,adjust,0.0015452019627583092,-5.891590390310326e-05,0.00018288749562492975
373,7,1-5,adjust,-0.0015642299989657325,2.1835789647441223e-06,7.639292645531495e-05
373,8,1-5,adjust,-0.0015924481722181597,-7.890490114879051e-06,2.8289694922160614e-05
373,9,1-5,adjust,-4.3730617815485e-05,-8.307680984010962e-05,2.56468706882596e-05
374,2,1-7,adjust,0.003246388810040465,-9.348794589420521e-05,4.292203348928113e-05
374,3,1-7,adjust,0.00386861856071804,-5.426931078270285e-05,5.250853463672552e-05
374,4,1-7,adjust,0.0068494895655824145,3.5560197397030144e-05,2.904711786277023e-05
374,5,1-7,adjust,-0.007206012032551455,-1.6994418172144353e-05,1.5076240609321917e-05
374,6,1-7,adjust,-0.00940884280705599,-9.534083335936316e-05,0.00010972630352653518
374,9,1-8,adjust,-0.0015834363075821118,-3.213836521704325e-06,0.00010166679120566957
375,2,1-4,adjust,0.000540553496126536,-2.4809920623681265e-05,5.180025493274054e-06
375,3,1-5,adjust,-0.0008061487326739793,-4.5777152661624016e-05,9.354469003450177e-06
375,6,1-5,adjust,-0.0010904669949923745,9.85669077378964e-05,2.465163491225936e-05
375,7,1-5,adjust,-0.006660050011244241,-2.8205644640994853e-05,7.095144245869898e-05
375,8,1-5,adjust,-0.003425893094989636,-1.3086046278382124e-05,1.8105563674480742e-05
375,9,1-5,adjust,-0.0019569265101218617,-4.595524048048389e-05,3.558933340219897e-05
376,2,1-7,adjust,-0.00011367775397182614,-2.355438598205463e-06,4.948673001923211e-05
376,3,1-7,adjust,0.002946722740404588,7.696407110128795e-06,1.4809006031184319e-05
376,4,1-7,adjust,-0.003404301610669074,-2.078933093461046e-05,1.683088771463527e-06
376,5,1-7,adjust,-0.003946799991414104,6.434167770038278e-05,1.681098786162576e-05
376,6,1-7,adjust,-0.004092498307001153,-4.274451204108711e-05,5.418955526879058e-06
376,9,1-8,adjust,0.0020780941498983615,-4.033820568316965e-06,3.0200912129860936e-05
377,2,1-4,adjust,-0.004219788378523411,9.867039868051096e-05,2.8410678334209123e-05
377,3,1-5,adjust,-0.0063902246033780575,8.819304956381663e-05,2.970704209313996e-05
377,6,1-5,adjust,0.004124975972106801,9.558105588501216e-05,4.770081512681659e-06
377,7,1-5,adjust,-0.001566006168926512,3.934580731115308e-05,7.149126354475852e-05
377,8,1-5,adjust,0.0067901841137244495,8.536880476109349e-05,2.209772649134765e-05
377,9,1-5,adjust,0.0030173285355552114,0.00012652128352417727,3.157522148356467e-05
378,2,1-7,adjust,-0.0017324660147113229,1.4256435866730653e-05,5.128962105036433e-05
378,3,1-7,adjust,0.0037632201870802127,-5.06112018358808e-06,1.577263254405423e-05
378,4,1-7,adjust,-0.005851594291543184,1.5184123936232486e-05,3.0195790329209874e-05
378,5,1-7,adjust,-0.004627890730333307,3.535209169508918e-05,3.490935397617311e-05
378,6,1-7,adjust,-0.007112467214753392,-4.974490951565932e-05,4.3387892163812164e-05
378,9,1-8,adjust,0.0005024988187665659,1.3768787476427825e-05,6.700167607910091e-05
379,2,1-4,adjust,0.00029925318230678103,9.731043702551325e-05,7.04521498294043e-05
379,3,1-5,adjust,-0.006234361166629625,0.00011699443172414069,1.1488872169929403e-05
379,6,1-5,adjust,0.001999594003159048,7.248192781557711e-06,4.047948863480098e-06
379,7,1-4,adjust,-0.0018272664248029688,-0.00012104403749184974,4.3980622765671134e-05
379,8,1-5,adjust,-0.005495053085554183,-3.677613503809984e-05,3.229637141396674e-06
379,9,1-5,adjust,0.0010087487317499832,8.881170960888775e-05,1.274769542425472e-05
380,2,1-7,adjust,0.006587628969001112,-0.0002741166084251343,0.0001379340922555868
380,3,1-7,adjust,0.011668601691676099,-0.0001766387192298037,0.00012498166888890965
380,4,1-7,adjust,0.0046246873051193635,-0.00019931896999955643,0.00013854687388310927
380,5,1-7,adjust,0.005643268589509251,-7.599225689880514e-05,5.198255372343618e-05
380,6,1-7,adjust,0.0008778315289204409,-1.0825905563779601e-05,7.62450672165669e-05
380,9,1-8,adjust,-0.006228112283118089,-8.373414398608518e-05,0.00010595471820427258
381,2,1-4,adjust,0.001695675981908312,1.9300013088704113e-05,0.00011084431616393861
381,3,1-4,adjust,-0.0033436493651852668,-6.27089998569974e-06,8.150841368467178e-05
381,6,1-5,adjust,0.003709163118860472,4.2353830953741544e-05,0.0001798071251281751
381,7,1-5,adjust,0.005053781921839891,4.972890799433268e-05,0.00016660437638182294
381,8,1-5,adjust,-0.003958376477508026,-6.635387174019038e-05,0.0001196981752450199
381,9,1-5,adjust,0.003545381247786427,-4.132979046089934e-05,0.00020510324646491512
382,2,1-7,adjust,-0.006074616348104546,9.097304486129728e-05,2.9487531378174715e-05
382,3,1-7,adjust,0.002074524123120409,3.8212357817916955e-06,2.5318439009528495e-05
382,4,1-7,adjust,0.01392111487232135,0.00012398573248146726,4.525003998072529e-05
382,5,1-7,adjust,0.0032135078945382724,-9.16097642814153e-05,2.11508480490605e-05
382,6,1-7,adjust,0.0023741481019792622,6.435377416525318e-05,2.0086979221150496e-05
382,9,1-8,adjust,-0.0045737855576116985,-4.799344164109684e-05,6.292921799848929e-05
383,2,1-4,adjust,0.004149623804243069,-0.00011755196455311716,6.6702312105254734e-06
383,3,1-4,adjust,0.0015405436634611097,-8.003256082407173e-05,0.00011918961727225363
383,6,1-5,adjust,-0.0029969714716609644,-0.00010219542387838234,0.00012117972200755188
383,7,1-4,adjust,-0.0014771896848124221,5.6357016916174735e-05,8.248940104122489e-05
383,8,1-5,adjust,0.00015749248946375942,-2.7651262865386518e-05,6.790806532118532e-05
383,9,1-5,adjust,-0.0026306988881418503,-0.00013751834877267203,4.4520199401941716e-05
384,2,1-7,adjust,-0.006588114875961329,0.00021402476753663762,9.408318353689651e-05
384,3,1-7,adjust,-0.00854210469127499,0.00023119604615642948,9.930194247488513e-05
384,4,1-7,adjust,-0.01600945568894448,5.848359050932023e-06,4.550413273383697e-05
384,5,1-7,adjust,-0.011365642239345958,4.944598536839901e-05,0.00010714545474777353
384,6,1-7,adjust,0.0008646759406462106,-3.7934699097851345e-05,1.932725271213166e-05
384,9,1-8,adjust,0.002522491388318096,5.602308886420896e-05,0.00012437850749319915
385,2,1-4,adjust,0.0037733324312889628,-7.883806254888295e-05,6.403866260405711e-05
385,3,1-5,adjust,-0.0007950755327112682,-8.858226631282516e-05,4.212348078121822e-05
385,6,1-5,adjust,-0.009610092903825812,-1.1475441362208804e-06,0.0001216277577797593
385,7,1-4,adjust,-0.008875075872010777,-7.519168209333043e-05,4.0848440654465004e-05
385,8,1-5,adjust,-0.004578591031815672,-7.258782122651907e-05,2.3286365442840848e-05
385,9,1-5,adjust,-0.0004026313326935334,4.3560015321913805e-05,4.1101519480502965e-05
386,2,1-7,adjust,0.004884280872974173,-0.00010162587007445059,0.00010838363122943886
386,3,1-7,adjust,0.009718548438232,-7.722668050215258e-05,0.00011618456723585365
386,4,1-7,adjust,0.008671530712646298,6.853273756213862e-05,9.051859523573565e-05
386,5,1-7,adjust,0.0018775992832195222,2.4089781188280055e-05,0.00010811542257783754
386,6,1-7,adjust,0.0009020728541558699,-1.6718648608118598e-05,0.00015853538979718868
386,9,1-8,adjust,-0.0047319675334066445,-0.00018952391500521838,0.0001243753329118864
387,2,1-4,adjust,-0.002341321827393349,1.4291363875015652e-05,6.273864567016183e-05
387,3,1-4,adjust,-0.005823637886423018,6.421239741226915e-05,9.647515634774158e-05
387,6,1-5,adjust,0.0015645294901907075,3.219443816095814e-05,0.00019490308661527345
387,7,1-5,adjust,0.0028982007513470034,-1.9249932974154386e-05,0.00017179128392286045
387,8,1-5,adjust,0.00910067557822131,0.0001562360081348573,4.781686304927734e-05
387,9,1-5,adjust,0.008154924952326049,0.00032094928858989965,5.262758382294265e-05
388,2,1-7,adjust,-0.0009324748255064139,-7.098606173588432e-05,6.451674549492095e-05
388,3,1-7,adjust,0.007014760177161539,-0.00011341332073336857,3.013353702097746e-07
388,4,1-7,adjust,-0.009816906176132296,-6.53094613810616e-05,1.594418875323471e-05
388,5,1-7,adjust,0.00024828947642286265,-7.37185414642398e-05,6.30060800993276e-06
388,6,1-7,adjust,0.0018078588842906393,-8.10874971482775e-05,2.0811094965459814e-08
388,9,1-8,adjust,-1.8671605774343984e-05,-8.609952063175207e-05,0.0001339475114282026
389,2,1-4,adjust,-0.004412892013700088,0.0002904011904775889,0.00010085910642197128
389,3,1-5,adjust,-0.007920804329500743,7.800083924479955e-05,6.718243567219662e-05
389,6,1-5,adjust,-0.003284647963048662,0.0001319619770143943,1.8007434627279986e-05
389,7,1-5,adjust,-0.007261145872554303,-7.0612401600396295e-06,7.131411015682144e-05
389,8,1-5,adjust,-0.006708836061053286,-8.475033985975616e-05,1.8496980502679598e-05
389,9,1-5,adjust,-0.003930151974907662,-9.243026852689706e-05,9.525907673959386e-05
390,2,1-7,adjust,0.006760433036165722,-0.00014202623614641756,0.00011231163594804137
390,3,1-7,adjust,0.003625279107401641,-5.05416396785349e-06,9.612058120309873e-05
390,4,1-7,adjust,0.004777149104394944,-3.4825595409178585e-05,2.5238680545961596e-05
390,5,1-7,adjust,-0.001319593090905685,8.446632748869036e-05,0.0001592056203368019
390,6,1-7,adjust,-0.003158453407838846,-0.00011734740180720928,8.17256414407086e-05
390,9,1-8,adjust,0.00014062719584337366,6.226984284484891e-05,7.104857908160309e-05
391,2,1-4,adjust,-0.0018307057745581906,-3.936584178525375e-05,7.392677620975361e-05
391,3,1-4,adjust,-0.00044878241359488984,-3.497292887802278e-05,9.564808946380148e-05
391,6,1-5,adjust,0.002385358083700697,0.00011986396239981021,3.90890065805805e-05
391,7,1-4,adjust,0.011623285008582436,8.547311902835713e-05,4.687616035720917e-05
391,8,1-5,adjust,0.0027911952207384984,7.480777892452252e-05,6.563576899060606e-08
391,9,1-5,adjust,0.004948973434392207,6.648177349929051e-05,5.5323518006921854e-05
392,2,1-7,adjust,-0.0019124313863565288,1.4427173280315257e-05,1.8860035289953833e-05
392,3,1-7,adjust,-0.009827955789336713,0.00013003146613029494,4.9530438903581e-05
392,4,1-7,adjust,0.001269073370502417,5.817868235754806e-05,2.8119349137723543e-05
392,5,1-7,adjust,-0.002309538439505516,-4.55576602157146e-05,4.347214283818833e-05
392,6,1-7,adjust,0.007011665552440013,-5.451285327107533e-05,3.7694530276208976e-06
392,9,1-8,adjust,-0.0033912306406461866,-0.00011358735292749925,4.4130336775451465e-05
393,2,1-4,adjust,0.0004602394828973648,1.073287039987725e-05,9.03086895997005e-05
393,3,1-5,adjust,0.007086550916300096,2.2047474103105086e-05,6.78236490056237e-05
393,6,1-5,adjust,-0.008751735683308486,3.5978339423442606e-05,7.769113317899227e-05
393,7,1-5,adjust,-0.007076979229664774,-8.584195005103123e-05,7.27941022727834e-05
393,8,1-5,adjust,-0.0055310422866969924,-3.049418464245484e-05,1.6414184285919284e-06
393,9,1-5,adjust,0.0019000200939830415,1.6103140600895613e-05,2.9433802970253674e-05
394,2,1-7,adjust,0.005759495709660569,-6.601447011723119e-05,3.3333871951372346e-05
394,3,1-7,adjust,0.003896438134520218,-8.500058338324311e-05,2.714771102319957e-05
394,4,1-7,adjust,-0.009854851889152033,6.287747816819658e-05,4.653080757269396e-05
394,5,1-7,adjust,0.006276943571425273,1.7229757355071927e-05,7.70632650881542e-06
394,6,1-7,adjust,0.006612122802248202,1.9943727862196417e-05,1.9866853320936453e-05
394,9,1-8,adjust,-0.0030617072399682717,-6.663373431850797e-05,4.677055068333335e-05
395,2,1-4,adjust,-0.007701747038744817,0.00018842527454377106,0.0001134335844491285
395,3,1-4,adjust,-0.014556779423287893,0.00015769270786840034,0.00019039860869055368
395,6,1-5,adjust,-0.0003111587320521963,-8.179596468638656e-05,2.9842746575403187e-05
395,7,1-5,adjust,0.004369486439896937,5.294204793084706e-05,9.42645862038727e-05
395,8,1-5,adjust,0.004993715888987946,4.95663588763761e-05,0.00011948691744062658
395,9,1-5,adjust,0.00034375113596576805,0.0001340303178578463,5.0702449659629684e-05
396,2,1-7,adjust,1.803693188120604e-05,-0.00010675335011703957,1.2237156437923754e-05
396,3,1-7,adjust,0.005772177911350835,-0.00020861634111168679,4.7786102850290316e-05
396,4,1-7,adjust,0.010853602165850428,-0.00010798323887015342,1.0110987669125855e-05
396,5,1-7,adjust,-0.0004474062609509598,-1.6934935611313417e-05,4.293782200178786e-05
396,6,1-7,adjust,0.0008278267562369788,6.921555873439184e-05,6.7634456197362875e-06
396,9,1-8,adjust,0.0005894336076331342,-1.6184030856020256e-05,1.0757359556389208e-05
397,2,1-4,adjust,0.0031152431220292775,-6.448244387182806e-05,3.764548042115225e-05
397,3,1-4,adjust,0.005452616153126616,-2.010889055487035e-05,0.00010069795500398833
397,6,1-5,adjust,-0.0013035954163765377,2.3988668092684095e-05,4.249989723940037e-05
397,7,1-5,adjust,-8.374360587517119e-05,-2.0577300971903626e-06,8.823245506444704e-05
397,8,1-5,adjust,-0.0033330957252259877,-0.00010765400127231817,2.9633428728247557e-05
397,9,1-5,adjust,0.0026816693333413075,-8.971028457650703e-05,4.577218831494837e-05
398,2,1-7,adjust,-0.0003894016355894426,3.6546673176959175e-05,7.756068388886283e-05
398,3,1-7,adjust,0.005104433676634429,-2.5609683633400457e-05,7.75429409813383e-05
398,4,1-7,adjust,-0.0002473341643205178,4.999712908813499e-06,4.1808800122957395e-05
398,5,1-7,adjust,0.001033672138573762,5.98882105575949e-05,0.00015379442999252996
398,6,1-7,adjust,-0.000523511594674062,-8.538061303050681e-05,3.6587932918707334e-05
398,9,1-8,adjust,-0.005065048102341649,3.825701625450189e-05,5.312033989510331e-05
399,2,1-4,adjust,0.0009783546993735247,-2.0809651834835033e-05,0.0001275269241562156
399,3,1-5,adjust,-0.007207134886493878,9.83520704258129e-05,3.1183715524522956e-05
399,6,1-5,adjust,0.002165292439200766,2.0599197244116206e-05,7.498342215421859e-05
399,7,1-4,adjust,0.00258094994398182,1.2543434080553339e-05,1.3504117961650669e-06
399,8,1-5,adjust,0.003529995886189315,-1.5806663212579335e-05,5.067361373073534e-05
399,9,1-5,adjust,0.00693198814493562,5.3586566364460184e-05,4.4781156453743045e-05
400,2,1-7,adjust,-0.001535828099874361,1.8738602806393678e-05,0.0001139495080465235
400,3,1-7,adjust,-0.0032018740064433536,-8.391096318735283e-06,0.0001121119227780288
400,4,1-7,adjust,-0.0027473044547264916,-4.395815099760354e-06,7.16132570589317e-05
400,5,1-7,adjust,0.0032136966879423435,1.724320688249979e-05,0.00014748993196061328
400,6,1-7,adjust,0.0024695279721058793,1.4998168671101122e-05,5.119781974521861e-05
400,9,1-8,adjust,-0.0068299934491121515,-7.883690362018665e-05,8.512229720703415e-05
401,2,1-4,adjust,0.0008024228789004575,-6.78213949929429e-05,0.00012460967726166136
401,3,1-5,adjust,0.0023259395633501,3.0334596992840353e-05,6.527039218749287e-05
401,6,1-5,adjust,3.149595025681648e-05,6.800677576890228e-05,8.825235794343063e-05
401,7,1-4,adjust,0.002648763588036088,-7.224695069119715e-05,7.65158850014377e-05
401,8,1-5,adjust,0.003847689450797889,8.200529577484002e-05,3.816075753656793e-05
401,9,1-5,adjust,0.007304709793598577,0.00014814161481238868,7.078633960359853e-05
402,2,1-7,adjust,0.0025323229354293282,7.800878936817076e-06,7.42607625493345e-05
402,3,1-7,adjust,0.011830570720775346,-0.00015163707405932653,4.614080218994079e-05
402,4,1-7,adjust,0.007288650978388895,2.7470342154734805e-05,6.274742465436933e-05
402,5,1-7,adjust,0.008189317388670849,-6.208317936772261e-05,3.883825824367621e-05
402,6,1-7,adjust,0.005271856262818074,-3.33449662172736e-05,2.2143107008505885e-05
402,9,1-8,adjust,-0.0027989499338453468,1.8675820388137327e-06,0.00011956453870944223
403,2,1-4,adjust,-0.001101534854233646,3.854682267582965e-05,4.8641023417550346e-05
403,3,1-5,adjust,-0.004014792726492309,9.508861814154687e-05,2.4453932977061016e-05
403,6,1-5,adjust,0.003386709078011105,-7.006607244908649e-05,1.0760938538645801e-05
403,7,1-4,adjust,-0.0019741813952009594,3.147400912877824e-05,6.37122728305618e-05
403,8,1-5,adjust,-1.8616366817209822e-05,3.3741856066937906e-05,3.10442977095229e-05
403,9,1-5,adjust,0.002188592322196381,1.6285634851342985e-05,1.1700308778780685e-05
404,2,1-7,adjust,-0.0016015923949333375,-2.224144019933998e-05,6.0353412591400074e-05
404,3,1-7,adjust,-0.008847285210281084,-1.8538702473159927e-05,5.248274097644327e-05
404,4,1-7,adjust,-0.0029395758016358907,-6.764391645544594e-06,5.112368887300867e-05
404,5,1-7,adjust,-0.0029505690679986437,3.92395822611159e-05,2.713081873052751e-05
404,6,1-7,adjust,-0.007751212247784847,3.1166111939146584e-05,4.7356414723560187e-05
404,9,1-8,adjust,-0.0015876146281607547,-0.00012373139940782444,0.00010054124174273415
405,2,1-4,adjust,-0.0006528263104691277,-1.1854461573033598e-05,2.3833336725028923e-05
405,3,1-5,adjust,0.006472994747268081,-7.534736090969393e-06,6.564981216195784e-05
405,6,1-5,adjust,0.005768607092684278,3.741531077005775e-05,0.00011216216119257338
405,7,1-4,adjust,0.007140931398898557,2.855781197582668e-05,2.0402207596488687e-05
405,8,1-5,adjust,0.002120922789419455,-4.3285588327681895e-06,4.563740971715263e-05
405,9,1-5,adjust,0.0008031102157446009,0.00012223713534527495,5.0594575385558525e-05
406,2,1-7,adjust,-0.0015675804532136715,0.00012747226369931705,9.337449255369038e-06
406,3,1-7,adjust,-0.006806797601753579,8.669454857725043e-05,9.712990514710457e-06
406,4,1-7,adjust,-0.0009412150500437963,-6.112987406620771e-05,0.00011030836128223944
406,5,1-7,adjust,0.0011110352376965825,-5.799579092802507e-05,3.763255389003518e-05
406,6,1-7,adjust,0.0009675699337385089,-7.188855346843573e-05,9.218544875927637e-05
406,9,1-8,adjust,0.00021166501939626507,-6.8139197644842794e-06,3.102482678795511e-05
407,2,1-4,adjust,0.0019714246996535515,-0.00012370108382014943,4.898858851014303e-06
407,3,1-4,adjust,0.004043059651251157,-6.626879858253213e-05,5.822454052233069e-05
407,6,1-5,adjust,-0.0035509972754782268,0.00010226402614015153,0.00011109311244812185
407,7,1-5,adjust,-0.0038080688213232173,-1.5016795173234556e-05,7.409612554787337e-05
407,8,1-5,adjust,0.0012897677790598408,-0.00010176196489831502,1.3195802629414081e-05
407,9,1-5,adjust,-0.003580441501655864,-0.00016129591320610865,1.267928622744393e-05
408,2,1-7,adjust,-0.001048434629575252,0.00011454241526150587,0.00010129990030910608
408,3,1-7,adjust,-0.002635206672526778,-3.291425704524663e-05,6.531766566639538e-05
408,4,1-7,adjust,-0.00027383499101886477,3.4126507902511855e-05,2.3840463658837465e-05
408,5,1-7,adjust,-0.0010840655655147903,-3.1254035938938976e-06,2.3113296032352603e-05
408,6,1-7,adjust,0.0012550535752976879,-8.616237582508583e-06,8.123467642641008e-05
408,9,1-8,adjust,0.0016902539692711287,0.00014438140098945425,3.2197194125048085e-05
409,2,1-4,adjust,0.002419260015190667,1.1938014877692941e-05,6.134446184895975e-05
409,3,1-5,adjust,0.004396879035070823,1.1176020266761533e-05,2.438664143782834e-05
409,6,1-5,adjust,-0.001697973075132236,-1.7825541600362e-05,0.00010702047700660432
409,7,1-5,adjust,-0.001748179091155864,3.33076075450027e-05,8.918331999649687e-05
409,8,1-5,adjust,-0.003916387069466318,8.100691741011851e-05,6.661579661918937e-05
409,9,1-5,adjust,-0.001813385033345698,-8.639621899711187e-05,7.653767020058622e-06
410,2,1-7,adjust,-0.004766531633695218,7.020404830021354e-05,7.427043298394933e-05
410,3,1-7,adjust,-0.0032330861229751756,9.160305718099854e-05,3.7605688061716027e-06
410,4,1-7,adjust,-0.0044985088193049,5.9344970765857084e-05,2.026497304348716e-06
410,5,1-7,adjust,-0.0015384034219861683,8.561435964250516e-07,9.828286798384416e-05
410,6,1-7,adjust,-0.0011458727091171765,-1.3933736182758975e-05,2.3884023519988034e-05
410,9,1-8,adjust,0.0037232519054577165,4.1692029914022485e-05,0.00010205253422976002
411,2,1-4,adjust,5.779791957593983e-05,-2.2183290096205492e-07,0.00015803681623283703
411,3,1-4,adjust,-0.002466229882562013,-8.306359370207503e-06,0.00011335335692581467
411,6,1-5,adjust,8.183087901720018e-05,-4.393018085656298e-05,2.661125521199609e-05
411,7,1-4,adjust,0.0017303724678323083,-6.017124714037031e-05,3.785934250613858e-05
411,8,1-5,adjust,-0.0007315321577303021,-3.187059642264392e-05,1.9580709514369185e-05
411,9,1-5,adjust,-0.00239795242323358,7.80091196061674e-06,2.0157455143902054e-06
412,2,1-7,adjust,0.005569492617326761,-0.0001925614903666174,1.531367462676812e-05
412,3,1-7,adjust,0.012335457310602139,-0.00011345161949552616,1.7324471102038956e-05
412,4,1-7,adjust,0.013017237606854956,-1.4186935073482131e-05,4.105549309541547e-05
412,5,1-7,adjust,-0.0012165263880228611,4.813452238682489e-05,3.58642103444386e-05
412,6,1-7,adjust,0.0002094096320378915,-2.2318848131050873e-05,8.976396990317642e-06
412,9,1-8,adjust,0.00017751631268101364,-1.7380461748088932e-05,1.0048356855162725e-05
413,2,1-4,adjust,0.00037899069826848346,9.67951975378351e-06,5.863783159036603e-05
413,3,1-4,adjust,-0.0014735047310516336,-3.6783363793814514e-05,0.0001677149546513898
413,6,1-5,adjust,-0.0021286985954368865,9.154428119198837e-05,5.589245784864768e-05
413,7,1-4,adjust,0.0022218877633736825,4.6266007894136815e-05,4.5318631633940554e-05
413,8,1-5,adjust,-0.0004600212446416081,7.813801173492797e-05,1.1017406310104802e-05
413,9,1-5,adjust,0.002908061187408445,6.915715027975595e-05,4.080616234458566e-05
414,2,1-7,adjust,-0.003296463394342381,0.00013530293317131755,8.99931054621636e-05
414,3,1-7,adjust,-0.012718802714653183,0.0001370882492130686,2.857327567699971e-06
414,4,1-7,adjust,-0.012876896019954072,-1.4410962984646271e-05,0.0001365383711400371
414,5,1-7,adjust,-0.004860750051140939,-5.962686861514415e-05,8.674833866554601e-05
414,6,1-7,adjust,0.003776382038095804,-1.740924161714737e-05,6.85042835610158e-05
414,9,1-8,adjust,-0.0022993174999920538,-4.77707806065863e-05,0.00011891049480852412
415,2,1-4,adjust,1.4201686267710175e-05,-7.345946442846959e-05,3.0180639007199187e-05
415,3,1-4,adjust,0.002599136081858831,0.0001044641380712579,8.901100651904994e-05
415,6,1-5,adjust,-0.008411124268351734,-1.7592334784232607e-05,2.983089892423197e-05
415,7,1-4,adjust,-0.013493708218910938,-1.4848843134459183e-05,2.8492327919293083e-05
415,8,1-5,adjust,-0.0013536165697216323,1.52401645191251e-05,6.491688288563767e-05
415,9,1-5,adjust,-0.00288976802000579,-2.4372650160149317e-05,3.583095226730358e-05
416,2,1-7,adjust,0.0016976573235586362,-2.9528689297491568e-05,6.740228182951001e-05
416,3,1-7,adjust,0.001693453404418521,-0.00012148621667052536,1.0307353890180855e-05
416,4,1-7,adjust,-0.004000624611867366,1.3938856564707248e-05,5.3880690479259495e-05
416,5,1-7,adjust,-0.0024020821848393203,0.00012271608355556065,1.0437933880815063e-05
416,6,1-7,adjust,-0.0065377157700576005,-1.8424306016586334e-05,4.7688569795680455e-05
416,9,1-8,adjust,0.0013155581468950045,-2.2811991169630596e-05,0.000125029338922908
417,2,1-4,adjust,-0.002763103155666067,5.8208151641644e-05,5.0753925871698605e-05
417,3,1-5,adjust,-0.005097876498346476,6.842090620653388e-05,6.434807128002776e-07
417,6,1-5,adjust,0.009527662377149354,5.71646104935846e-06,6.358192951035498e-05
417,7,1-4,adjust,0.006070119028393476,4.4550219515706785e-06,1.6524204709113583e-06
417,8,1-5,adjust,0.003965986209888697,-5.352931395624221e-05,6.321850085739019e-05
417,9,1-5,adjust,0.003783197652296908,0.00011986963362904195,8.525667701949793e-05
418,2,1-7,adjust,0.0002534722944664737,-0.00010588634754366225,8.678189902786431e-05
418,3,1-7,adjust,0.0024929086818450373,-9.413343008379115e-05,6.661641805730389e-05
418,4,1-7,adjust,0.009472204684470511,-5.1915073329256424e-05,8.12884016171825e-05
418,5,1-7,adjust,0.002134775069984441,-5.9758864450532525e-05,2.5580631278735004e-05
418,6,1-7,adjust,1.2437917960667789e-05,4.7941176088587444e-05,6.030853020796671e-05
418,9,1-8,adjust,-0.0017476813289313026,-1.9985006472030695e-05,0.0001120325344722958
419,2,1-4,adjust,0.0036606765729698056,2.2928256607342347e-05,9.998730897019435e-05
419,3,1-4,adjust,0.006926268544174923,-8.791646585242657e-05,0.00016142572014726998
419,6,1-5,adjust,0.0009401565282464297,-9.364397560300516e-05,1.7501833309333623e-05
419,7,1-5,adjust,0.0008479284865349155,-9.373123851008817e-05,7.134374034989341e-05
419,8,1-5,adjust,-0.00026809699576590946,2.127524062973908e-05,2.9185748083597045e-05
419,9,1-5,adjust,0.0018070249882001185,-1.3734869303307397e-05,9.520968195736784e-05
420,2,1-7,adjust,0.00134314809686095,-1.3736249410705625e-05,3.4914911608448916e-05
420,3,1-7,adjust,0.002026756381691328,4.305870006512692e-05,0.00010317739971078042
420,4,1-7,adjust,0.008126733222224387,-7.035527401868846e-05,0.00012244517721714203
420,5,1-7,adjust,0.008596208367754049,3.7048199012980515e-05,3.693393833421155e-05
420,6,1-7,adjust,-0.0032359131892270685,-2.711915074865333e-05,4.013726557107443e-05
420,9,1-8,adjust,-0.0005923422374031029,-8.04876450641326e-05,0.0001749794305765503
421,2,1-4,adjust,0.004362374506937091,-8.671036927185233e-05,0.00018955329094817497
421,3,1-4,adjust,0.007718966559097537,-9.193081603362333e-05,0.00017823242144752018
421,6,1-5,adjust,0.009238972103478951,0.00010992368145652688,0.00011709232776113824
421,7,1-4,adjust,-0.001789977542789126,8.529147515137004e-05,7.337559721342901e-05
421,8,1-5,adjust,0.001855028322953937,7.520465271616087e-05,7.50493285608655e-05
421,9,1-5,adjust,-0.0009339871205645464,7.532519161730515e-05,0.0001445279503027663
422,2,1-7,adjust,-0.0075865721487356225,0.00016696338059259927,9.790375702201537e-05
422,3,1-7,adjust,-0.004644884737230175,0.00013186267412312462,0.00010453693555893892
422,4,1-7,adjust,-0.017531885842729016,0.0001378965932230895,0.0001348812515091683
422,5,1-7,adjust,-0.011680822917029151,-0.00011551278370632961,5.077987280396523e-05
422,6,1-7,adjust,-0.0067022389662820606,-4.072016291262904e-05,8.171810648871916e-05
422,9,1-8,adjust,0.0028288322237297464,8.96814795878821e-06,0.00024355192023913438
423,2,1-4,adjust,-0.003938930359932811,2.1475501616995594e-05,6.893289854303628e-05
423,3,1-4,adjust,-0.01323436900665522,0.0001247620718236496,0.00014701074558052835
423,6,1-5,adjust,-0.010063810143458361,0.00012344356845117677,5.9743748880832245e-05
423,7,1-4,adjust,-0.0019427261751024253,-1.991834154481054e-05,1.6036517741840234e-06
423,8,1-5,adjust,-0.01177024572790828,-0.00010391206813677138,5.57157813934834e-05
423,9,1-5,adjust,-0.005812509894262792,-8.792763559684417e-05,8.01505725898882e-05
424,2,1-7,adjust,0.006360981223053469,-0.00019630471823596065,3.6494063838997246e-05
424,3,1-7,adjust,0.010012170442044449,-9.941163971516261e-05,1.3111146469591174e-05
424,4,1-7,adjust,0.005499019196524321,-5.031434771596637e-05,3.3653594560428476e-05
424,5,1-7,adjust,0.008519686713227156,3.045072781763225e-05,4.2022939620790495e-05
424,6,1-7,adjust,0.005935155376973689,-0.00011996739481526585,2.0410220856153227e-05
424,9,1-8,adjust,-0.0018493863974818167,-3.616539263617399e-05,1.7059639528983512e-05
425,2,1-4,adjust,-0.002763297539342549,0.00019030039003067656,3.272189419503695e-05
425,3,1-5,adjust,-0.007465449098067818,-3.755452835336485e-05,4.081760616239147e-05
425,6,1-5,adjust,0.004473974591483189,8.552158740920997e-06,5.8954711877762025e-05
425,7,1-5,adjust,0.009374293269714404,4.084330511054647e-05,9.980864952143877e-05
425,8,1-5,adjust,0.006856714096094428,1.1458426403532381e-05,4.5129176138432525e-06
425,9,1-5,adjust,0.003204638301085797,5.688860240103857e-05,5.132213345575551e-05
426,2,1-7,adjust,0.0039138722496324906,-0.0001012089002078187,3.463993215096924e-05
426,3,1-7,adjust,0.003537580800087942,7.877848655335777e-05,2.1409040407586858e-05
426,4,1-7,adjust,0.005458618945760536,-1.3613686054703497e-05,3.45990591964807e-05
426,5,1-7,adjust,0.0005804846666932319,3.0091921183407173e-05,1.8650960840614408e-05
426,6,1-7,adjust,0.003667556808488643,-3.0499632723293437e-05,2.050663278675629e-05
426,9,1-8,adjust,0.00031424642577894976,3.456100068426484e-05,6.297515182433182e-05
427,2,1-4,adjust,-0.002134744934802688,-4.0148325380746167e-05,2.9164128552811863e-05
427,3,1-5,adjust,0.0031501625601783965,-1.3495160911369524e-05,2.4869305534102398e-05
427,6,1-5,adjust,-0.0009029119171811133,2.470874720158903e-05,3.565696440455055e-05
427,7,1-4,adjust,-0.004452921504645977,-7.042452182550375e-05,7.743360825370058e-05
427,8,1-5,adjust,0.0016419508846155877,-4.4336398886618625e-05,5.3856587687054146e-05
427,9,1-5,adjust,0.00136600713329154,2.118793439008555e-06,8.442375847855353e-05
428,2,1-7,adjust,0.0007936469399231526,4.88556289708213e-06,9.09808609682144e-05
428,3,1-7,adjust,0.005678946614129352,-0.00010127750331938536,2.094150679847147e-05
428,4,1-7,adjust,0.010368375266015136,-2.8565635802809932e-05,5.218464216865581e-05
428,5,1-7,adjust,0.003950664047237974,3.797748568521535e-05,1.0418516656313715e-05
428,6,1-7,adjust,0.0012022472307677396,3.4002829629743435e-05,7.160419045461524e-05
428,9,1-8,adjust,-0.0009882317453671547,-0.00010302704365110526,0.0001230027518649329
429,2,1-4,adjust,0.0003020723949628279,-5.212014920180986e-05,7.008624548554718e-05
429,3,1-4,adjust,-0.00046421316622262686,-0.00011733603549243401,0.000155075297212923
429,6,1-5,adjust,0.004933526324992396,-7.185210937763018e-05,3.928376418559536e-05
429,7,1-4,adjust,0.0033981886641371722,0.00012303679185848707,5.378850555036511e-05
429,8,1-5,adjust,0.003925331905860854,4.028865580923512e-05,4.394478225850402e-05
429,9,1-5,adjust,-0.00027858786990502,6.072172029947905e-05,9.50625645238305e-05
430,2,1-7,adjust,-0.0038446080770163094,0.00014191579032749157,9.417587366542614e-05
430,3,1-7,adjust,-0.01144060355134667,0.00029111255267929393,4.817602600174267e-05
430,4,1-7,adjust,-0.020090145753545095,3.1084119496630706e-05,3.388798843154036e-05
430,5,1-7,adjust,-0.013379787232115387,-6.640409887415273e-05,1.2188933062069985e-05
430,6,1-7,adjust,-0.010042429007008606,1.064472658151132e-05,4.549042065161439e-05
430,9,1-8,adjust,0.0022286590106646437,9.292475523367061e-05,1.9255624738460567e-05
431,2,1-4,adjust,-0.001061696811984794,2.2876577360117092e-05,1.5898808938166177e-05
431,3,1-4,adjust,-0.00035942605866735747,-4.690022932260751e-05,6.11613674125179e-05
431,6,1-5,adjust,-0.008648634379427266,6.06954991929312e-05,6.908495886894275e-06
431,7,1-4,adjust,-0.009918893011093579,-3.484897464091169e-05,5.1403449212033286e-08
431,8,1-5,adjust,-0.01305457952971305,-0.00015261120786303056,2.2476664220615026e-05
431,9,1-5,adjust,-0.006244647606035563,-9.926243971209383e-05,6.152906274903271e-05
432,2,1-7,adjust,0.002828852995807834,-6.153444793152734e-06,0.0002287671450117975
432,3,1-7,adjust,0.0024404915442352527,-1.7373418440253893e-05,0.0002100206010359114
432,4,1-7,adjust,0.008679766695091027,8.1557796720023e-05,0.00013835715723510257
432,5,1-7,adjust,-0.0002597882640373777,-1.4682493320364704e-05,0.00012934660054150093
432,6,1-7,adjust,-0.0010466688117925053,-8.008935510320956e-05,0.00010857360099513302
432,9,1-8,adjust,-0.004663760769699795,-0.0001183828827074955,0.00014792619381047466
433,2,1-4,adjust,-0.0003593101119826848,3.908458054031002e-05,2.9693426185091814e-05
433,3,1-5,adjust,0.0010864604912119078,-8.984343359361797e-05,2.6065298954348593e-05
433,6,1-5,adjust,0.0008491012554480539,0.0001521399683277476,0.00015312134210788625
433,7,1-5,adjust,-0.004273581330589999,-5.6741772387567145e-05,0.00018083729391982076
433,8,1-5,adjust,0.0005663235323406305,-2.1609771713776418e-05,0.0001378767280519253
433,9,1-5,adjust,0.005281242059169467,6.805199754959077e-05,4.620147738549724e-05
434,2,1-7,adjust,0.0034336568040400444,-0.00014315698537623208,0.00014719621113194365
434,3,1-7,adjust,0.002851049774736486,3.092463909391569e-05,0.00014056812032700597
434,4,1-7,adjust,0.007125104400913266,-8.52904483708424e-05,9.15606533670375e-05
434,5,1-7,adjust,-0.007820344640529586,-3.9563056455671274e-05,0.00017023127800893281
434,6,1-7,adjust,-0.0033702522129833144,-0.0001737555745823981,0.0001616589476135875
434,9,1-8,adjust,-0.003875905371059943,-0.00015169524687886807,4.996402839548335e-05
435,2,1-4,adjust,0.0007579464926154334,1.3277544352572255e-05,0.00011473158247888951
435,3,1-4,adjust,0.0018611555801533641,-5.387259388931337e-05,0.0002312139921259193
435,6,1-5,adjust,-0.0027824562088246186,3.3755086225467173e-05,0.00027988911513820915
435,7,1-5,adjust,-0.0029698021866238,-5.4922272342517865e-06,0.00015602998082049006
435,8,1-5,adjust,-0.0012653787662921705,-2.802744342048909e-05,0.00015395995978763593
435,9,1-5,adjust,0.00037047645366243656,0.00012229534061338848,7.166978209462483e-05
436,2,1-7,adjust,-0.004378304402440678,3.5291196638855865e-05,0.0001817318566955011
436,3,1-7,adjust,0.0030636175711320868,4.575406976463421e-05,7.303146678650603e-05
436,4,1-7,adjust,-0.016646952815239816,0.00011052749543638947,0.00014886949985721328
436,5,1-7,adjust,0.00798242242714669,9.229164670145558e-05,0.00017291438438939142
436,6,1-7,adjust,0.0038148635841495915,-2.2575712760751512e-05,0.00018440962497339876
436,9,1-8,adjust,-0.0006375479983177444,-0.0001684683650295323,8.391310534637536e-05
437,2,1-4,adjust,-0.006309740076610123,0.0001859535843034268,7.52499365724942e-05
437,3,1-4,adjust,-0.017896246348119975,5.247474269803835e-05,7.954261943238171e-05
437,6,1-5,adjust,0.0065910507194833655,7.298242537743929e-05,6.15855432253377e-05
437,7,1-4,adjust,0.016453371908586544,-2.1473280696799394e-05,6.116669206241645e-05
437,8,1-5,adjust,0.006746803939852584,0.00023579111379696846,4.197043011922438e-05
437,9,1-5,adjust,0.01029176973740572,0.0003436163447543325,1.0329140266759424e-05
438,2,1-7,adjust,0.008564125412733124,-0.00026913559346241624,8.640620847152673e-05
438,3,1-7,adjust,0.014644768817211934,-1.4968995446256193e-05,6.931646257184588e-05
438,4,1-7,adjust,0.012690189129081342,-8.777136031434892e-05,6.6776816624931e-05
438,5,1-7,adjust,0.01276938859396087,6.59211768345856e-06,9.19257582824725e-05
438,6,1-7,adjust,0.010793900591239605,-1.7928916727678044e-05,0.00016472371403681438
438,9,1-8,adjust,-0.003610098646098056,-0.00010958076207834045,1.766746715308214e-05
439,2,1-4,adjust,-0.0015507404904668938,1.4612658039714178e-05,2.4329888618776023e-05
439,3,1-4,adjust,-0.0013719454313166001,-3.294529918954573e-05,4.472207342706278e-05
439,6,1-5,adjust,0.0017108536280307366,1.900210978617846e-05,5.740948350649557e-05
439,7,1-5,adjust,0.0013187604544279078,2.825172729316789e-05,8.533150658713984e-05
439,8,1-5,adjust,0.003324116628014583,-1.3995116586616652e-05,1.2089699568044771e-05
439,9,1-5,adjust,0.001034363116007875,-2.3942690228349813e-05,5.388397963474333e-05
440,2,1-7,adjust,0.00037554309297304364,7.885607278197318e-05,4.02472441103787e-05
440,3,1-7,adjust,-0.0051756283300885605,1.6025738098571354e-05,4.002211048411502e-05
440,4,1-7,adjust,-0.00362347484135994,3.231137638909711e-05,5.8456211550934604e-05
440,5,1-7,adjust,0.007947182747256068,2.3194034673876663e-05,2.752318926218225e-05
440,6,1-7,adjust,-0.003261047724031448,-3.8110901457557654e-05,2.4311269374850125e-05
440,9,1-8,adjust,0.0018131867616767048,6.462701742688741e-05,3.575276081511701e-05
441,2,1-4,adjust,-0.003146619890349339,2.765812477380674e-05,8.755591707662124e-05
441,3,1-4,adjust,0.00064962187213584,-2.7275265350342077e-05,0.00012858789619435508
441,6,1-5,adjust,0.011163494260430527,6.754687117634498e-06,9.755590014787824e-05
441,7,1-5,adjust,0.009717974869562367,8.425909208349276e-05,0.00010615949155893314
441,8,1-5,adjust,0.0037781033340386935,-3.201224523364217e-05,3.602752834206176e-05
441,9,1-5,adjust,-0.0031884789389956397,-2.0253563390712637e-06,4.041218448333679e-05
442,2,1-7,adjust,-0.003165086065899646,7.983344921760609e-05,1.0508778619669328e-06
442,3,1-7,adjust,-0.004259838933900294,0.0001142609309096424,3.7956465871753344e-06
442,4,1-7,adjust,0.005265136224077754,-6.459331501392323e-05,2.3926564011006827e-06
442,5,1-7,adjust,0.004354369852692394,4.599560059093023e-05,5.525715353383327e-05
442,6,1-7,adjust,-0.006324931547710649,-2.0141133069531132e-05,3.359604538064038e-05
442,9,1-8,adjust,0.004354109723048597,9.89646970539606e-05,7.372789470927669e-05
443,2,1-4,adjust,0.008487780048388533,-0.00017627691938653568,0.00010784256355820394
443,3,1-5,adjust,0.011142677776254063,-0.0002151120838829977,3.80338492332279e-05
443,6,1-5,adjust,0.01678065907016696,-1.125079859285716e-05,0.00024225677806625508
443,7,1-5,adjust,0.004203085368704535,6.80756390555868e-05,0.00020960371124985282
443,8,1-5,adjust,0.0036244526016589646,9.879494143852339e-05,0.0001744775643828667
443,9,1-5,adjust,0.002551397464778369,3.888786502470772e-05,0.0001746108455552444
444,2,1-7,adjust,-0.011359537373320381,0.00030199624088750896,5.46456906431294e-06
444,3,1-7,adjust,-0.012336086207134705,0.00016217235545831196,0.00011506932693934778
444,4,1-7,adjust,-0.006539660447315056,5.1186706182031804e-05,7.229095424706e-05
444,5,1-7,adjust,-0.009560795703476517,-6.268818417536342e-05,2.7839569308110005e-05
444,6,1-7,adjust,-0.011155347353441095,2.251234838326518e-05,0.00012088720183870895
444,9,1-8,adjust,0.00029613008864506365,1.8725307140310727e-05,0.00012636193044143328
445,2,1-4,adjust,0.008015768431578172,-0.0001574114382267674,5.177896074961473e-05
445,3,1-4,adjust,0.0066686750057532145,5.93222849678003e-05,0.00010654835470446262
445,6,1-5,adjust,-0.003757189430540992,2.147350057115812e-05,8.574476170840039e-05
445,7,1-4,adjust,-0.009540064573009039,-0.00010600007843492502,3.1128994407947164e-05
445,8,1-5,adjust,-0.00354626011648285,-9.5542994447093e-05,1.612891889655925e-05
445,9,1-5,adjust,-0.005198109329386599,-6.757732011781335e-05,8.431495359407768e-05
446,2,1-7,adjust,-0.0036109266196588823,5.334051600349062e-05,1.917861946151247e-05
446,3,1-7,adjust,-0.0012064973012674638,-7.753021541114877e-05,4.491762847422354e-05
446,4,1-7,adjust,-0.003652856059192485,8.020241509762588e-05,1.5858762604026056e-05
446,5,1-7,adjust,-0.0015547284153693017,-9.519113617791698e-05,3.360212577083527e-05
446,6,1-7,adjust,0.0008163689938672161,8.766896021551745e-05,8.276127673443483e-06
446,9,1-8,adjust,0.0021194510143725284,-3.491779403992871e-05,1.2459302040686169e-05
447,2,1-4,adjust,-0.0012914159576205989,2.0603228772868948e-05,0.0001587472046480891
447,3,1-4,adjust,-0.005214487909430174,1.6140543606390572e-05,0.00022038760956620272
447,6,1-5,adjust,-0.00863574743224388,-2.0549238552789592e-05,4.044260459570028e-05
447,7,1-5,adjust,-0.009789254594499105,-2.9946056982929854e-05,7.971428124947108e-05
447,8,1-5,adjust,-0.007870858748615511,-5.527260743434189e-05,9.784737969237125e-05
447,9,1-5,adjust,-0.003825260206049669,-0.0001154239307812806,7.535680958787367e-05
448,2,1-7,adjust,0.010171281074976796,-0.00019177617066699318,2.6109183479369034e-05
448,3,1-7,adjust,0.012808763314918706,-8.632411662042627e-05,6.745617739118691e-07
448,4,1-7,adjust,0.009355366825611283,-7.366727076377273e-05,5.545927135429499e-05
448,5,1-7,adjust,-0.010361958912347835,4.937957347293721e-05,1.1574669521525283e-05
448,6,1-7,adjust,-0.002184364123514014,-5.3485450888467995e-05,2.9045617303227487e-05
448,9,1-8,adjust,-0.0009908577230594402,-7.550768068972508e-05,1.6035379363185398e-05
449,2,1-4,adjust,-0.004313036776388319,3.1282494894177765e-05,5.3347484483104496e-05
449,3,1-4,adjust,-0.003437114112562252,-1.7102405801816683e-05,9.859652223679819e-05
449,6,1-5,adjust,-0.002963041359139576,-8.10539744735637e-06,7.961850633842869e-05
449,7,1-5,adjust,0.0012238060156755594,-9.891502456920768e-05,7.846276359651334e-05
449,8,1-5,adjust,-0.0017311499608238807,4.6471850188745044e-05,4.758604938744851e-05
449,9,1-5,adjust,0.0020030191901600504,9.489895399188822e-05,8.177473222230837e-06
450,2,1-7,adjust,0.0003159471444561177,8.609951298370927e-06,2.122511262629222e-05
450,3,1-7,adjust,0.005084765573371851,-0.0001131425194542004,0.00011925728400376472
450,4,1-7,adjust,0.0003972525239310686,-2.4182212953175157e-05,4.6269216739488946e-05
450,5,1-7,adjust,0.01765294482074278,2.480214824565303e-05,9.711960859881966e-05
450,6,1-7,adjust,0.007211100707406875,9.025705451312578e-05,8.810616740914025e-05
450,9,1-8,adjust,-0.0030405206276717,-5.840481099618914e-05,4.750020591804747e-06
451,2,1-4,adjust,0.0006106116410715172,-3.150639691601902e-05,1.0975365818613502e-06
451,3,1-4,adjust,-0.0034843913058694134,0.00016598646140717518,0.00012246881659761427
451,6,1-5,adjust,0.009529495386175455,-7.831070492823745e-05,0.0001327235397950151
451,7,1-5,adjust,0.01566825332055724,0.00015507000398821315,8.992963851687861e-05
451,8,1-5,adjust,0.0056575904122783205,7.66770622017532e-05,8.377211795878496e-05
451,9,1-5,adjust,-0.0007729614258696584,2.002777719377892e-05,6.11654773122409e-05
452,2,1-7,adjust,-0.006036896551754267,0.00020274857061532915,3.35959979622394e-05
452,3,1-7,adjust,-0.011079201776235273,3.896212343955327e-05,3.6580634149497974e-05
452,4,1-7,adjust,-0.010345380099243098,3.147648732649121e-05,3.873733639454981e-05
452,5,1-7,adjust,0.00010854646081250712,-2.549635189119513e-05,0.00016985500203817402
452,6,1-7,adjust,0.0001433193500317804,-8.512806486002498e-06,0.00014328813815112315
452,9,1-8,adjust,0.005834487179924142,8.577401762695654e-05,9.682164035157732e-05
453,2,1-4,adjust,0.0015783622985235328,-0.00011429817357754764,0.0001586248575390404
453,3,1-4,adjust,0.0023165376480722196,-2.2948436867937982e-05,0.00021888592128881562
453,6,1-5,adjust,0.0008744606964712588,7.02923095978079e-05,0.0002252641091897978
453,7,1-5,adjust,-0.005470758184560463,-1.8856513664626235e-05,8.361650068809478e-05
453,8,1-5,adjust,-0.0014099997287939008,-0.00010932455860967418,4.129242260840949e-05
453,9,1-5,adjust,-0.00042667609863775917,6.62348523327114e-05,1.0530010661070094e-05
454,2,1-7,adjust,-0.001292258354996374,5.2439211442025446e-05,0.00012136740661448033
454,3,1-7,adjust,0.007143334989859603,-8.132925557932979e-06,6.775132857313732e-05
454,4,1-7,adjust,0.004624146258740051,3.4598238238147996e-05,0.00010559350558427616
454,5,1-7,adjust,-0.011974204749052387,-4.0993524547989695e-06,6.68434737402501e-05
454,6,1-7,adjust,-0.004855501156279577,-5.4555127403005214e-05,7.271557273872599e-05
454,9,1-8,adjust,-0.0021500520254430855,-0.00013923239241285122,0.00014426071611192942
455,2,1-4,adjust,0.004050966662442786,-8.0653878586904e-05,4.51993091762973e-05
455,3,1-5,adjust,-0.0033588377571461972,-1.5394457856284792e-05,3.2149867491498815e-05
455,6,1-5,adjust,-0.009073123943575033,-6.285920150351278e-05,6.307985725766267e-05
455,7,1-4,adjust,-0.005205203779089642,-4.34025667703687e-05,5.6406765174880375e-05
455,8,1-5,adjust,-0.005064364379390953,1.7072242979245064e-05,6.594860711165911e-05
455,9,1-5,adjust,-0.0017242918523563083,-3.5068318968024794e-05,6.316937126146164e-05
456,2,1-7,adjust,0.0007121215797226293,-3.660428456358957e-05,3.732559870927224e-05
456,3,1-7,adjust,0.0023016264396605963,-9.295602950217706e-06,6.179736294165422e-06
456,4,1-7,adjust,0.012296561825251642,-1.767977139289135e-05,2.604499039218962e-05
456,5,1-7,adjust,0.0030266356032717357,-4.877215996705637e-05,0.00012264733204630262
456,6,1-7,adjust,0.004835467822099687,1.0692503213334231e-05,0.00010796989618008665
456,9,1-8,adjust,-0.0019232985347640984,-5.5644664887505904e-05,0.00016784841606206656
457,2,1-4,adjust,0.0015850970853248103,-0.00011249577790355646,2.806204550636107e-05
457,3,1-5,adjust,0.003317614396951681,-4.075131536399688e-06,4.972270474923502e-05
457,6,1-5,adjust,-0.002808388279772959,5.492120906751634e-05,0.00016373558615746838
457,7,1-5,adjust,-0.004628195273882482,8.761045878848009e-05,8.456742345930475e-05
457,8,1-5,adjust,0.005541242723205175,2.3499470977388728e-05,3.535929194686777e-05
457,9,1-5,adjust,0.0035285076885011677,8.551422647958001e-05,1.4384846260456383e-05
458,2,1-7,adjust,-0.0036955792213884883,0.00018486626691308915,6.914078196986109e-05
458,3,1-7,adjust,-0.009290666919082194,7.531425985084057e-05,1.2733311324518523e-05
458,4,1-7,adjust,-0.023607263132407838,-3.7664236472128944e-05,4.8018459826750156e-05
458,5,1-7,adjust,-0.008822111789058678,5.7047429610642984e-05,3.228821686221511e-05
458,6,1-7,adjust,-0.006420266787194841,-5.0915258570547646e-05,2.6115865902805584e-05
458,9,1-8,adjust,0.0011384482844395177,8.558182416326845e-05,4.948253886388752e-05
459,2,1-4,adjust,-0.0017053558300072931,7.469177845076086e-05,0.00010771653545119622
459,3,1-4,adjust,-0.002367144140452043,6.939619036759538e-05,0.00016615089174841003
459,6,1-5,adjust,0.0011895256682719368,8.520249352765916e-05,8.503745040361686e-05
459,7,1-4,adjust,-0.006345424809781434,-0.00012269884955102143,7.82687887395173e-05
459,8,1-5,adjust,-0.002858942207123677,-2.566292904214239e-06,3.6169026748236586e-05
459,9,1-5,adjust,-0.0014120191737647292,-4.2001261552943366e-05,3.099686734659098e-06
460,2,1-7,adjust,0.00460791265217762,-0.00015730771443973643,5.785464909437118e-05
460,3,1-7,adjust,0.008409236565662954,-0.0001301804561179077,2.020671786890905e-05
460,4,1-7,adjust,0.010927056810233555,2.352449017492517e-05,1.8996131485244797e-05
460,5,1-7,adjust,0.007084546378943535,-2.3362017910958697e-05,9.118013165422499e-05
460,6,1-7,adjust,-0.0010235240705019888,3.6326861281728714e-05,4.807362614139747e-05
460,9,1-8,adjust,-0.0011754272468359791,-6.168079604089845e-05,6.03943532027828e-05
461,2,1-4,adjust,-0.002297726787435569,5.9302346947749795e-05,6.00210635361883e-05
461,3,1-4,adjust,-0.0027165263360937266,2.7133380115877528e-05,5.609614246974904e-05
461,6,1-5,adjust,0.00754209920520352,-7.52076150692181e-05,1.3607956585514193e-05
461,7,1-4,adjust,0.007040691460503667,1.4188806487874888e-05,6.8217284967392e-06
461,8,1-5,adjust,0.00022951179228283478,-1.806784538907676e-05,6.261498387527184e-05
461,9,1-5,adjust,-0.000872263662141701,6.695335446795974e-05,0.00011598196688985842
462,2,1-7,adjust,0.0012136018922951782,-3.043215156363765e-05,2.9352497875794438e-05
462,3,1-7,adjust,0.0028569732346902846,-4.070631288527479e-05,4.127049921133303e-06
462,4,1-7,adjust,0.006117560609533052,-5.2684287424029014e-05,4.69630070672034e-05
462,5,1-7,adjust,-0.0065596885747884965,-1.7983123463269475e-05,4.8987406391618684e-05
462,6,1-7,adjust,-0.002091560293126091,-8.91855708464981e-06,0.00010403876490430563
462,9,1-8,adjust,0.00016017290490344808,-2.1546289124546204e-05,3.8203672872113354e-05
463,2,1-4,adjust,0.0002368086676597041,-4.5475025327935435e-05,1.0908756117080286e-05
463,3,1-5,adjust,0.0015917136126489813,8.217969874128726e-05,5.2016598974448895e-05
463,6,1-5,adjust,-0.006752294061960079,-4.460601583688717e-05,0.00010541707093500342
463,7,1-4,adjust,0.0035069186069557677,9.73360310971051e-06,8.60745931875318e-05
463,8,1-5,adjust,-0.00045178213782314473,-4.8841452769040226e-05,8.456936765286129e-05
463,9,1-5,adjust,-0.0018400110016259454,-8.053215822376473e-05,5.333126697651555e-05
464,2,1-7,adjust,-0.000595925183851026,5.046517942581539e-06,9.533384648364226e-06
464,3,1-7,adjust,-0.008565905843300284,5.225231190912139e-06,8.664755339367461e-05
464,4,1-7,adjust,0.0022519178476656707,3.984819902177305e-05,5.3789828809719494e-05
464,5,1-7,adjust,0.01039049848433482,5.396271086911498e-05,2.728387696458754e-05
464,6,1-7,adjust,0.010515587673207772,4.980114284408251e-06,3.9596338793488725e-05
464,9,1-8,adjust,0.0013956908900859078,1.838423604658984e-05,9.790420331450907e-05
465,2,1-4,adjust,0.0013106677598858866,6.0344455984867923e-05,2.4233485913778744e-05
465,3,1-5,adjust,0.00782955613559513,-4.699735372711925e-05,4.5970017582630395e-05
465,6,1-5,adjust,-0.0003737597898605444,0.00014761722230476212,3.608381224074989e-06
465,7,1-5,adjust,0.004179776039881073,3.929680394132554e-05,7.561791236835749e-05
465,8,1-5,adjust,0.00436467764864519,3.743908505076157e-05,2.8316299388121802e-05
465,9,1-5,adjust,0.005597731124497095,7.3835241526696e-05,8.059459599919049e-05
466,2,1-7,adjust,0.0004647645971048677,6.857978875659524e-05,4.862545188189735e-05
466,3,1-7,adjust,-0.007221568335373646,-6.163848439178333e-06,4.754480250002984e-05
466,4,1-7,adjust,-0.0005303834185477096,-9.834209434669926e-07,1.77637341246525e-05
466,5,1-7,adjust,-0.00018059192046857158,1.9936256160543376e-05,1.1636747821708819e-05
466,6,1-7,adjust,0.0020737464494708533,-9.037406001493292e-05,5.7097658657587204e-05
466,9,1-8,adjust,-0.0018014695456755006,-1.3155272928705888e-05,4.9099017631525904e-05
467,2,1-4,adjust,-0.001441747606783624,-6.891686780220912e-05,3.5225730263958735e-05
467,3,1-5,adjust,0.009156815051779022,-2.0595363384364532e-05,6.163558068515366e-05
467,6,1-5,adjust,0.002909110264546505,-7.782086807461807e-05,3.469510901226565e-05
467,7,1-4,adjust,-0.008171400223486057,-1.1670244827862495e-05,7.394324956664016e-05
467,8,1-5,adjust,0.0047939713307576,1.2811940221670174e-05,2.6245855261828495e-07
467,9,1-5,adjust,-0.0009013532627390678,7.996454906428721e-05,2.025636192039735e-05
468,2,1-7,adjust,-0.0011995787170061196,4.636819551948958e-05,6.533263764252194e-06
468,3,1-7,adjust,-0.0042205746068593114,-1.7963195165765683e-05,2.4646474619183464e-05
468,4,1-7,adjust,-0.013087562096284675,5.848640137395454e-05,2.66364889361352e-05
468,5,1-7,adjust,-0.010146218296688379,-8.109397891021515e-06,1.0868012081391458e-05
468,6,1-7,adjust,-0.009322883763482781,1.58089277594954e-05,4.7601114917969245e-05
468,9,1-8,adjust,0.0024413117356366877,2.6587826112721435e-05,0.0001037112223554146
469,2,1-4,adjust,-0.003259861069990155,2.083523786456664e-05,5.474485917317737e-05
469,3,1-4,adjust,-0.003996173330871851,0.000107184141157797,0.00010153299540607567
469,6,1-5,adjust,-0.003355587099339624,0.00010204661502303709,2.0783740647890878e-05
469,7,1-5,adjust,-0.004063944557062411,-3.3169002837372075e-05,7.151857254453883e-05
469,8,1-5,adjust,-0.003432931903256212,1.2566337721554044e-05,8.151718622382946e-05
469,9,1-5,adjust,-0.0018944028776673285,-6.116478930256665e-05,0.00011365061793952649
470,2,1-7,adjust,0.006377604329669351,-0.0001451284283502984,7.762841891569171e-05
470,3,1-7,adjust,0.009111396556246154,-6.203457207681085e-05,0.0001333011181437328
470,4,1-7,adjust,0.008006987666076928,-5.328596607857015e-05,7.485897826005328e-05
470,5,1-7,adjust,0.00047449217879193685,-1.1062490202390827e-05,4.129076848701178e-05
470,6,1-7,adjust,-0.004242132212937485,-0.000174759598689353,3.315542206526351e-05
470,9,1-8,adjust,0.0011127352198957562,-1.7101356048760293e-05,6.687596516094239e-05
471,2,1-4,adjust,-0.0026049389925143604,1.9574482506826858e-05,2.1168733498918357e-05
471,3,1-4,adjust,-0.0017247858195757336,-3.3687262368396016e-05,0.00018969804325329027
471,6,1-5,adjust,0.004883132811008821,0.0001505433382335453,8.234799683676155e-05
471,7,1-4,adjust,0.006695757109307671,7.373515992738724e-05,4.191571002577691e-05
471,8,1-5,adjust,-0.0018485747049693773,1.7345550990040937e-05,1.0617828899502966e-05
471,9,1-5,adjust,-0.0003587653392173215,4.9797095376751755e-05,1.0275378211109714e-05
472,2,1-7,adjust,-0.003491692286139542,8.929466110208203e-05,7.537501811781728e-05
472,3,1-7,adjust,-0.007716685912570351,1.7044540559805744e-05,6.73000055261997e-06
472,4,1-7,adjust,-0.0005400221817521204,-7.605727419798378e-05,2.0301256860200167e-05
472,5,1-7,adjust,0.008571763137187436,0.00012574466089467797,5.461877644072886e-06
472,6,1-7,adjust,0.0077747531351821,4.413298800871724e-05,4.609179598309236e-05
472,9,1-8,adjust,-0.0003749011687228521,-2.600989244652512e-05,4.249487339012587e-05
473,2,1-4,adjust,0.006005027556972544,-7.707072127612108e-05,0.00013231003557140545
473,3,1-4,adjust,0.007307305314911652,1.6436130442660217e-05,7.964634702809745e-05
473,6,1-5,adjust,0.00459982655139426,-1.1711278702308809e-05,0.0002221695402565562
473,7,1-5,adjust,0.014381762491962507,3.17733994167407e-05,0.0001401715407095013
473,8,1-5,adjust,0.00823748550825371,6.385428409311966e-05,0.00014145219385405417
473,9,1-5,adjust,0.00275802241538082,4.4592089057667236e-05,0.00015005464189032474
474,2,1-7,adjust,-0.006179649957544238,0.00017255796185254682,4.365009604393148e-05
474,3,1-7,adjust,-0.011293131903540185,5.767851410180898e-06,0.00012562781901378624
474,4,1-7,adjust,-0.0030493401507893187,4.430438869695524e-05,1.3116665753071435e-05
474,5,1-7,adjust,0.0101381127568251,-2.9163661279043214e-05,6.455298482091162e-05
474,6,1-7,adjust,0.004048026483076349,-0.00010016093341702948,0.00017902872132214066
474,9,1-8,adjust,0.004473456998551703,8.652449848595041e-05,5.201255992106203e-06
475,2,1-4,adjust,0.0032917847287852464,-9.086243889024747e-05,6.600518181683743e-06
475,3,1-4,adjust,0.007457837033157634,5.103020310216393e-05,0.0001255545783244788
475,6,1-5,adjust,0.003743520572184421,0.00011300587789021501,0.0002482971462024384
475,7,1-5,adjust,0.0004661877997319889,1.1024365552895691e-05,0.00018051440032542418
475,8,1-5,adjust,0.0019277983256123967,4.978810655714325e-05,0.00010316747554061415
475,9,1-5,adjust,-0.00418929665230235,-0.00010298252762314897,9.354508542599687e-05
476,2,1-7,adjust,-0.006219623907649078,0.00015764723595433625,8.942082581288289e-05
476,3,1-7,adjust,0.0029110390186814685,-1.2971823324679953e-05,8.933992396991656e-05
476,4,1-7,adjust,0.014244980906795157,0.0001122534281490906,9.180211172182172e-05
476,5,1-7,adjust,-0.013141651321059931,-9.636941505786081e-05,8.046262181703753e-05
476,6,1-7,adjust,-0.003924448885844818,-6.922507897470147e-05,0.00016917716722860595
476,9,1-8,adjust,0.0037149285169174413,0.00014244059032945809,2.3254865628849533e-05
477,2,1-4,adjust,0.005851773009932602,-0.0002188016866658,3.5799880908179735e-05
477,3,1-4,adjust,0.005267980831799902,-6.826149486721012e-05,0.00010636389843014088
477,6,1-5,adjust,-0.010135268634269059,-0.00012779348183873413,0.00022194675985153726
477,7,1-5,adjust,-0.01776391844778033,-6.179020274035278e-05,0.00015906598837253657
477,8,1-5,adjust,-0.011559800207479954,-0.00015195873508806596,9.665821902917888e-05
477,9,1-5,adjust,-0.008557452375493473,-0.00014982505705453072,5.579309854876283e-05
478,2,1-7,adjust,0.0009962648305625657,8.842568806298289e-05,5.1596319448144686e-05
478,3,1-7,adjust,-0.01303299673543068,7.84034150169808e-05,6.0574851511448605e-05
478,4,1-7,adjust,-0.009000594441458107,-1.6384779665292852e-05,2.403877472381101e-05
478,5,1-7,adjust,-0.00495179786847704,9.715540832967904e-05,4.1634426641381906e-05
478,6,1-7,adjust,-0.005201722013947063,0.00012329568150518688,3.570376141312073e-05
478,9,1-8,adjust,0.0012774355319017112,-1.2208536853489007e-07,2.8517827145271806e-05
479,2,1-4,adjust,-1.655392052180687e-05,-4.943826514731675e-05,5.141321277742963e-05
479,3,1-4,adjust,0.008311215026865488,-2.297534458269746e-05,8.966240100085464e-05
479,6,1-5,adjust,0.004706311906131649,-1.680310137515521e-05,0.0001262066405608132
479,7,1-4,adjust,0.008714811848857593,3.733696626615176e-05,1.7038591211411928e-05
479,8,1-5,adjust,0.003083510238419003,2.621123643231747e-05,5.371342349999797e-06
479,9,1-5,adjust,0.002724091859971887,1.978067439452496e-06,2.008774051597263e-05
480,2,1-7,adjust,-0.0028414860389664237,9.520000727026246e-05,5.890493701561526e-05
480,3,1-7,adjust,-0.0026331103900768017,3.532701280607012e-05,1.2460929407150871e-05
480,4,1-7,adjust,-0.004493655788201114,-0.00013402962865329603,4.640325310447116e-05
480,5,1-7,adjust,0.007440217054302011,-0.0001040238355946022,1.75185422676085e-05
480,6,1-7,adjust,0.0036405178714958614,-6.41649036098599e-05,1.2283339315573525e-05
480,9,1-8,adjust,-0.0012146653138765994,-3.212945726086774e-05,3.0184492908732735e-05
481,2,1-4,adjust,0.005553628935841403,-0.00014977316595444622,4.020978998742039e-05
481,3,1-5,adjust,-0.0012497833151463068,-0.00010668472065379263,4.083292729997105e-05
481,6,1-5,adjust,-0.0022284941958484756,4.808594737404096e-05,0.00010092442122526975
481,7,1-5,adjust,-0.007589593278406865,-3.9555057218963335e-05,8.320347902370252e-05
481,8,1-5,adjust,0.003283370340653686,1.2321370148521581e-05,2.940336268987355e-05
481,9,1-5,adjust,-0.0038035874241884645,-8.443844483650115e-05,4.7866900822440065e-05
482,2,1-7,adjust,-0.0011562854859792668,9.517341440887463e-06,1.726014971664797e-05
482,3,1-7,adjust,-0.0010296138797194568,9.206495963900558e-05,1.6477917226203696e-07
482,4,1-7,adjust,0.0013407477386490848,4.845583423167088e-05,3.4819634596545976e-06
482,5,1-7,adjust,-0.010473585161262806,1.7485710076604272e-05,3.502314485207631e-05
482,6,1-7,adjust,-0.00823800784833204,-0.00011519773242807334,6.083701558269885e-06
482,9,1-8,adjust,0.004410255859438379,0.00014684382420409776,9.796960141757053e-05
483,2,1-4,adjust,-0.0025186404642385083,-6.838966703945236e-06,1.54464120422819e-05
483,3,1-4,adjust,0.003759265385472065,-1.1565236627866092e-05,4.7657513861986383e-05
483,6,1-5,adjust,0.0009125749364925443,0.00012168946398502821,4.591408622051529e-05
483,7,1-4,adjust,-0.000489932206552246,-1.785644269914211e-05,2.6894131493012514e-05
483,8,1-5,adjust,-0.010822240995203446,-0.00014764056889320483,3.6412649402924653e-06
483,9,1-5,adjust,-0.00038834327695189374,-1.8663041123316782e-05,4.1144338780183036e-05
484,2,1-7,adjust,0.0056895841155654115,-2.6433316062560997e-05,0.00012500013468808897
484,3,1-7,adjust,0.004938165549270417,-0.00010060903989072577,0.00010949063168664757
484,4,1-7,adjust,-0.0016759209896757248,9.289966671349482e-05,0.00011127274748590817
484,5,1-7,adjust,0.012368618747899218,-5.613442389969961e-06,0.0001132850399914075
484,6,1-7,adjust,0.001087491218968135,0.0001009168374455133,3.832972740126938e-05
484,9,1-8,adjust,-0.006488024262044804,-0.0002528641825532605,0.00017651682140300206
485,2,1-4,adjust,-0.008494847911221244,0.00011407882597172774,5.977903453501578e-05
485,3,1-4,adjust,-0.010817025873090106,0.00012795222307910296,0.00010254390099349323
485,6,1-5,adjust,0.00954386109272323,-9.967692044368178e-05,1.1825706728896965e-05
485,7,1-4,adjust,0.006239636251125837,-3.479738493075552e-05,4.6504387817794975e-05
485,8,1-5,adjust,0.007452411130633563,0.00017828064009150498,6.427190195548587e-05
485,9,1-5,adjust,0.008499636445615676,0.00013297307040776237,9.162591125456649e-05
486,2,1-7,adjust,0.0034484728598504467,-1.9116903237099895e-05,6.867554691331507e-05
486,3,1-7,adjust,0.009617175423927822,-0.00012428585349905807,7.88595588614315e-05
486,4,1-7,adjust,0.0038217245979798864,-0.00013255875480828623,0.00012240385580208346
486,5,1-7,adjust,-0.007392405775613638,-5.484188672921983e-05,4.2140969098226085e-05
486,6,1-7,adjust,-0.0008407540759404952,1.4743070460107981e-05,7.873947633647331e-05
486,9,1-8,adjust,-0.0031156404212171977,0.00016932070318443148,1.9399391562344337e-06
487,2,1-4,adjust,0.0036998113151766633,-0.0001098743870708383,3.959020253510636e-05
487,3,1-4,adjust,-0.0029079154102842316,2.457375110687881e-05,6.994721496157793e-05
487,6,1-5,adjust,-0.007916843754761186,-2.3383925381651314e-05,2.3399471355621287e-05
487,7,1-4,adjust,-0.007293261966927549,3.2857541303736264e-05,9.789073972292514e-05
487,8,1-5,adjust,-0.005530852603302231,-0.00010585713351879604,5.639624543770691e-06
487,9,1-5,adjust,-0.003208300595226716,-0.0002873923165690489,5.769447789642591e-05
488,2,1-7,adjust,-0.001814485825177212,1.7276477072312406e-05,4.041094234824961e-06
488,3,1-7,adjust,-0.005285458779930926,7.422798599727374e-05,3.6214107730080223e-05
488,4,1-7,adjust,0.0027342471067800223,4.02660058141554e-06,3.073659540606066e-05
488,5,1-7,adjust,-0.0018514861748678915,2.0532029534658667e-05,2.2166852547511358e-05
488,6,1-7,adjust,-0.0005973854703171384,3.284027863469908e-06,2.6000247214236527e-05
488,9,1-8,adjust,-0.00019547403313659964,7.876438910106415e-05,2.2432371936468813e-06
489,2,1-4,adjust,0.0039192344915821836,-6.667228477161428e-05,4.403617571334348e-05
489,3,1-4,adjust,0.00965005261747637,-6.699559708240335e-05,0.0001374197724560887
489,6,1-5,adjust,-0.0020543603800936383,4.3889552919573204e-05,2.6265985270299866e-05
489,7,1-5,adjust,-0.0005056720213082858,-4.172958599658837e-05,8.008062358778921e-05
489,8,1-5,adjust,-0.00183853252775415,0.00010269290809268613,3.0268565400312722e-05
489,9,1-5,adjust,0.0014393933156297942,2.6299056992328784e-05,6.327083718746499e-05
490,2,1-7,adjust,-0.00379663584226742,5.467853376490885e-05,1.0471886805293348e-05
490,3,1-7,adjust,-0.006593272874049266,3.438691174675617e-05,5.094851881893113e-05
490,4,1-7,adjust,-0.006286480322760594,-1.5582374599770343e-05,0.00010115383446976378
490,5,1-7,adjust,0.007060313187454021,8.559266715955242e-05,0.00010806292065263224
490,6,1-7,adjust,0.0038418517122750127,-2.132701689877123e-05,6.90324439033583e-05
490,9,1-8,adjust,0.0004542208285798473,3.108973435337686e-05,2.5408431276790452e-05
491,2,1-4,adjust,-0.00226059784682102,7.148250338857802e-05,4.987116475860742e-05
491,3,1-5,adjust,0.0005595454734191021,1.691329498580134e-06,1.217350331943586e-05
491,6,1-5,adjust,0.005043360587482419,-7.28329720153356e-05,0.00010355686607680032
491,7,1-5,adjust,0.008777030055687658,0.00013553502995170084,0.00017765951860574197
491,8,1-5,adjust,0.00760115125493793,3.13745427553719e-05,7.38936961534853e-05
491,9,1-5,adjust,0.002227171702152865,0.00011963534429405609,0.00015395098290944747
492,2,1-7,adjust,-0.005388177430324895,0.00017169970197050783,1.1807311583164562e-05
492,3,1-7,adjust,-0.013644984757174284,4.6997236095286785e-05,1.798853428228091e-05
492,4,1-7,adjust,-0.0059120573470557575,6.62558630004968e-05,9.41307072630641e-05
492,5,1-7,adjust,-0.0020895950363123647,-1.9018239605451084e-05,7.941345603740006e-05
492,6,1-7,adjust,0.00030913752846305735,0.00010570018392554888,6.346973138015267e-05
492,9,1-8,adjust,0.001100018725427744,2.3146925089019844e-05,3.641412360614852e-05
493,2,1-4,adjust,0.0013134212680149884,-5.433144050918109e-05,9.745537655967584e-05
493,3,1-4,adjust,0.007345812974330751,5.907260135507885e-06,5.524971061400472e-05
493,6,1-5,adjust,-0.0025000887849698744,-2.5909740112356786e-05,9.678048227603007e-05
493,7,1-4,adjust,-0.006242069990025418,-0.0001229647110703041,6.468727931825138e-05
493,8,1-5,adjust,0.0038718094377872014,-3.4566324834881806e-05,5.067959739303869e-05
493,9,1-5,adjust,-0.0012864089567278785,-7.376988595232736e-05,1.7530938522887722e-05
494,2,1-7,adjust,0.004838112880801718,-0.000133912345450224,6.0456193807471636e-05
494,3,1-7,adjust,0.0015436819619911138,-8.233363926126138e-05,8.646428715126929e-05
494,4,1-7,adjust,0.0009411369796917934,-2.6308194606032147e-06,7.164565870045427e-06
494,5,1-7,adjust,0.0066398784488856935,8.997551960555515e-05,7.629110678510198e-05
494,6,1-7,adjust,-0.002009890377884758,2.2725003673594876e-05,2.066564907962466e-05
494,9,1-8,adjust,0.0017948077638242005,7.521346723385782e-05,9.885489149074528e-05
495,2,1-4,adjust,-0.0034625657632006957,0.00013925699701219834,9.273069014724443e-06
495,3,1-4,adjust,0.00020425053687323687,5.623704054891034e-05,7.657921914768875e-05
495,6,1-5,adjust,0.015428653149198432,-3.0027620921481978e-05,0.00024574008183627033
495,7,1-5,adjust,0.010601241687607624,0.00012728405561635066,0.0001167944362447863
495,8,1-5,adjust,0.003000253174430239,1.3417989581823497e-05,0.00015292733045645744
495,9,1-5,adjust,0.001405575787879844,8.211022907424818e-05,9.958466628435038e-05
496,2,1-7,adjust,-0.0016880020403829499,-4.022861942667056e-06,7.327574662575875e-06
496,3,1-7,adjust,-0.0019766409996936846,-1.8628064948767825e-08,6.932520887796262e-05
496,4,1-7,adjust,0.008993966328792225,-4.800014517274786e-05,7.346156811543601e-05
496,5,1-7,adjust,-0.006613432288842089,-0.00010850897115253022,3.785635911667292e-05
496,6,1-7,adjust,-0.009644560177906441,-3.729390365475204e-05,9.402255034163343e-06
496,9,1-8,adjust,0.00143786297107815,2.821166521794553e-05,4.5042815062280736e-05
497,2,1-4,adjust,0.006277704693348908,-0.0002122810630207426,3.0670779001150386e-05
497,3,1-4,adjust,0.01065630339707158,-4.550347483621865e-05,0.00010325902283091413
497,6,1-5,adjust,-0.0027594874199256382,3.27506597919703e-05,9.022542416455103e-05
497,7,1-5,adjust,-0.009670855022690975,-2.9983305818995237e-05,9.378825200021502e-05
497,8,1-5,adjust,-0.00822243773822211,-6.333293363305258e-05,1.6313922592062474e-05
497,9,1-5,adjust,-0.006019884085214598,-0.00021626865028722162,0.000101579915462977
498,2,1-7,adjust,-0.006067304989194325,0.00019812565333355718,8.850967218649465e-05
498,3,1-7,adjust,-0.0046544446725322215,9.317241033158629e-05,8.268998721004864e-06
498,4,1-7,adjust,0.0004138050297856857,0.00010145762619283692,4.919559933284474e-07
498,5,1-7,adjust,-0.007039502453116939,5.212138616628976e-06,7.980899798074814e-05
498,6,1-7,adjust,-0.0045717495104171104,-4.325140356321178e-06,1.3932819642270678e-05
498,9,1-8,adjust,0.00034289328005977494,-2.5168928293558216e-05,7.812017741647367e-05
499,2,1-4,adjust,0.004233624000033428,-0.00013490665316218684,4.504849767322173e-05
499,3,1-4,adjust,-0.0007805127683746337,-0.00010553982736449515,8.043372849365217e-05
499,6,1-5,adjust,-0.004108931057903766,-1.9845818325426594e-05,7.331086303182367e-05
499,7,1-4,adjust,0.005910433535022472,-0.00011161785440657724,9.844615971906915e-05
499,8,1-5,adjust,0.0015645388996484016,1.1671154104749834e-05,0.00010622397620728548
499,9,1-5,adjust,0.0002689326452209837,-6.185012296750749e-05,0.00010830691436242462
500,2,1-7,adjust,0.0007416300678401999,-2.803418290382526e-05,5.747619710051073e-05
500,3,1-7,adjust,-0.0035728290746387735,7.4981330332274225e-06,8.762186486076197e-05
500,4,1-7,adjust,0.009484449484223625,-0.00010730349177241924,2.8925004902920482e-05
500,5,1-7,adjust,0.011074726168683725,-4.910191698014356e-05,0.00010733007366083088
500,6,1-7,adjust,0.011735711273098663,2.2129937391910643e-05,0.00010759799322467004
500,9,1-8,adjust,0.0006485080415496591,0.000141948770563314,8.055008748468466e-05
501,2,1-4,adjust,0.005468657160272325,-0.00011574814421958963,5.764901316361359e-05
501,3,1-5,adjust,0.014176887847785254,-4.9933043649656925e-05,4.969747875599882e-05
501,6,1-5,adjust,-0.003072177062094265,-1.824139540008436e-05,3.283478098493731e-05
501,7,1-4,adjust,-0.0050245477293400665,9.761610389065744e-05,5.21028718706148e-05
501,8,1-5,adjust,-0.0034332745351863913,-5.617281220500277e-06,3.491004517539977e-05
501,9,1-5,adjust,-0.004314197612509763,-5.593363094764468e-05,2.3207427261729648e-05
502,2,1-7,adjust,-0.0036494179764893215,0.00016900219689864023,3.0307530750561454e-05
502,3,1-7,adjust,-0.016606150687261175,0.00016413014423828702,3.1007143843086344e-05
502,4,1-7,adjust,-0.017124414799340255,0.00011886517939256984,4.423251494284491e-05
502,5,1-7,adjust,-0.01076190564388514,3.92298465570021e-05,6.778721486880224e-05
502,6,1-7,adjust,-0.002555048765346868,4.465128077087973e-05,5.50329018056117e-06
502,9,1-8,adjust,0.002068920248244353,-9.740881495065741e-05,7.931450370710454e-05
503,2,1-4,adjust,-0.006191036638433163,9.3221718284763e-05,6.545126511590698e-05
503,3,1-5,adjust,0.0015392163135244847,-0.00013517259077530734,3.585125176593048e-05
503,6,1-5,adjust,-0.00514204099723928,-1.0861775465452223e-05,8.66657058236817e-06
503,7,1-4,adjust,-0.0019746136213762565,-1.1002102087958459e-05,7.761195506657369e-05
503,8,1-5,adjust,0.0023151551017209344,-2.7547976254771365e-05,2.968588352698966e-05
503,9,1-5,adjust,-0.0005798810486292414,0.00013866365362115148,6.8208104531360315e-06
504,2,1-7,adjust,0.002499253979557891,-2.6252822939659636e-05,2.938792739585447e-05
504,3,1-7,adjust,0.006266656841760584,5.799375130829231e-05,1.114803413541334e-05
504,4,1-7,adjust,0.00580631750682151,-4.1287788898115704e-05,3.082813718998904e-05
504,5,1-7,adjust,-0.0002560897307738934,2.0215604459723887e-05,8.738142905034404e-05
504,6,1-7,adjust,0.0023930525429667147,-4.994444758040747e-05,1.6927197805134464e-05
504,9,1-8,adjust,0.0021158785831121084,-5.040035721785142e-05,1.4137920750825883e-05
505,2,1-4,adjust,0.0016123099294372129,-8.770268772111308e-06,3.489379913478478e-05
505,3,1-5,adjust,-0.0005882254387970671,-4.720615019810544e-05,2.1213946677347748e-05
505,6,1-5,adjust,-0.0014090844991177828,5.5149574578511936e-05,8.809434430990792e-05
505,7,1-5,adjust,-0.0020396079174042877,-4.998822592566809e-05,8.355220521174155e-05
505,8,1-5,adjust,-0.00045511790404179515,2.121833694881481e-05,9.989930277257493e-06
505,9,1-5,adjust,-0.0008664711514741411,3.5072851390597684e-05,6.167211134172198e-06
506,2,1-7,adjust,0.0017986706622835542,-0.0001352578040579463,4.1292443069806135e-05
506,3,1-7,adjust,-0.006050990327716399,2.4181309405888508e-05,1.1461045384194269e-05
506,4,1-7,adjust,-0.0036555620009121347,1.5569588614520687e-05,2.3520809429965896e-05
506,5,1-7,adjust,0.004594588491129014,1.7798593153497873e-06,4.147069361349441e-06
506,6,1-7,adjust,0.0018623228157936987,-3.873149656937754e-05,7.119568025730817e-06
506,9,1-8,adjust,0.0009495260308464906,1.6937500764818545e-06,2.627503945463301e-05
507,2,1-4,adjust,-0.00452062160077039,0.00012265806718845997,3.313757485762098e-05
507,3,1-5,adjust,0.0032440045230265283,-4.33750692714571e-05,1.4664897539056234e-05
507,6,1-5,adjust,0.0032377303278754606,-4.963267939925249e-05,1.3851081665867235e-05
507,7,1-4,adjust,0.0028273375883747895,8.676721144286513e-05,6.3419965513401e-06
507,8,1-5,adjust,0.004398483050129348,-2.6376073528905972e-05,7.217748260515695e-07
507,9,1-5,adjust,-0.001289037781614071,1.778669110641924e-05,1.4066552991375832e-05
508,2,1-7,adjust,0.00018120240516132782,6.49522900879866e-05,4.419242769885946e-05
508,3,1-7,adjust,-0.0068823659946389525,0.00011510873636834775,2.696475033217774e-05
508,4,1-7,adjust,-0.0010930297837296224,-5.2434397787418524e-05,7.95305603537867e-05
508,5,1-7,adjust,-0.00435931398820721,1.7201859606465676e-05,7.122208883759858e-05
508,6,1-7,adjust,-0.002542654025242061,0.00012235712964790067,0.00015411889869031012
508,9,1-8,adjust,0.002352182180440509,-2.417679595044343e-06,4.026286749631683e-05
509,2,1-4,adjust,-1.829164337997126e-05,-8.942031654374908e-05,8.231485129069784e-05
509,3,1-4,adjust,0.007156909846473057,-2.580679356834707e-05,6.499425147390331e-05
509,6,1-5,adjust,-0.004197543507025984,-2.8836053283260782e-05,4.442933467646147e-05
509,7,1-4,adjust,-0.002826150073171677,-0.0001371082713492528,6.752433728617326e-05
509,8,1-5,adjust,0.0001114082630632825,4.512411855167086e-05,4.013277468603576e-05
509,9,1-5,adjust,-0.0005125679857630183,4.078897684646107e-05,1.90393512770785e-06
510,2,1-7,adjust,0.0048609025600527996,-0.00013342458044228093,7.841307474153282e-05
510,3,1-7,adjust,0.004397641871597289,-6.911891634900328e-05,8.551933298324125e-05
510,4,1-7,adjust,0.002040942339743272,4.8367194512592895e-05,5.8901837401932285e-05
510,5,1-7,adjust,0.010504266603218432,-0.00010991385043103599,3.142240716565544e-05
510,6,1-7,adjust,0.00694709654193679,1.8734302650190642e-05,0.00010420936989991436
510,9,1-8,adjust,0.0011495561300750733,-5.055262566708376e-05,0.00017767135363532327
511,2,1-4,adjust,-0.0029253163981717584,0.00014754573163084321,4.7250467434965283e-05
511,3,1-4,adjust,-0.00725103587175143,-1.5858377947237386e-05,0.0001270560179210943
511,6,1-5,adjust,0.0007949027594660285,3.276638170075598e-05,5.2090036341046753e-05
511,7,1-4,adjust,0.0012454054395601272,3.3777631176619393e-07,4.8209792587979784e-05
511,8,1-5,adjust,-0.009585144503667941,-4.532619998400204e-05,0.00011191291794917325
511,9,1-5,adjust,-0.004656210756000332,-5.607128523502668e-05,7.980422455403277e-05
512,2,1-7,adjust,0.003522215579560165,-7.868130534555822e-05,4.030052582009298e-05
512,3,1-7,adjust,0.009966914629295031,-2.403472284864393e-05,2.630936688426706e-05
512,4,1-7,adjust,0.0070961228977779066,2.510774870019361e-05,2.9290389301063258e-05
512,5,1-7,adjust,-0.004038305502527986,6.959376565307048e-05,2.3098352947923148e-05
512,6,1-7,adjust,-0.0010194466785649412,-0.00012932785454827827,3.6394950079093005e-05
512,9,1-8,adjust,-0.0009661184972316483,-1.3459109733581582e-05,7.803607092045544e-05
513,2,1-4,adjust,-0.002873552870319822,3.766920174112626e-05,3.149685596652639e-05
513,3,1-5,adjust,-0.004826831336528924,-1.4432143266077805e-05,1.3129513740937831e-05
513,6,1-5,adjust,-8.699676833332359e-05,-1.6857834718056165e-06,0.0002229060101690616
513,7,1-5,adjust,0.007117678480765033,5.638460461578927e-05,0.00010241501826856869
513,8,1-5,adjust,0.007043951177765381,8.132272489968537e-05,5.483494852880625e-06
513,9,1-5,adjust,-0.00036843506208295804,3.6576903567209725e-05,7.834956049485913e-05
514,2,1-7,adjust,0.0022968399160159434,8.533850996075503e-07,5.328261875982642e-05
514,3,1-7,adjust,0.009749686683570067,2.4488975015729626e-05,9.326290213384438e-05
514,4,1-7,adjust,-0.0040505641760960045,-0.00010168193755905802,4.1944156753625695e-05
514,5,1-7,adjust,0.006003294444625966,9.134778973165996e-06,3.5237700893080657e-05
514,6,1-7,adjust,0.0060060798041976044,9.84354135898507e-05,1.7424778303641023e-06
514,9,1-8,adjust,0.00571159008743674,4.3880982303006473e-05,1.6427572565086241e-06
515,2,1-4,adjust,0.0008681266044056288,-5.684230754197183e-06,3.061050825560539e-06
515,3,1-4,adjust,-0.006903279453051606,3.670451688930688e-05,5.014688500614978e-05
515,6,1-5,adjust,-0.0006027112006350512,-8.950500992646075e-06,0.00016444773513341995
515,7,1-5,adjust,0.002849016313761829,0.00010715157278293887,0.0001364265259756932
515,8,1-5,adjust,0.005378994418513765,-6.969900015910325e-05,8.054581233870467e-05
515,9,1-5,adjust,-0.0016182114260918624,-2.4615581489341247e-05,3.593531753980057e-05
516,2,1-7,adjust,-0.008289995276555407,0.00011101843653833283,7.934044596528987e-06
516,3,1-7,adjust,-0.006952989037292002,9.910618711290027e-05,0.00011971772001349878
516,4,1-7,adjust,-0.013772469324695356,6.974653946126291e-05,0.00010383819076436664
516,5,1-7,adjust,-0.011216364183112244,-2.3822589077384538e-05,2.9684099474352382e-05
516,6,1-7,adjust,1.6652898093795433e-05,-4.349279695086997e-05,7.183283963935522e-05
516,9,1-8,adjust,0.0037193853730758822,9.678280536337306e-05,0.00010369953461788448
517,2,1-4,adjust,0.00039697247352205186,5.241498341075051e-05,0.00011522492126165767
517,3,1-4,adjust,-0.004982209470421662,7.794598184848565e-05,0.0002414464459237697
517,6,1-5,adjust,-0.010310185386697568,-6.651362696345006e-05,6.252152027775548e-05
517,7,1-4,adjust,-0.011425838083575113,-0.00015805395079309282,2.4789362226308135e-05
517,8,1-5,adjust,-0.013222011485497766,1.0458795351806819e-05,3.7528725934255846e-06
517,9,1-5,adjust,-0.0027883734230400056,-0.00012271790228543208,5.250160487801438e-05
518,2,1-7,adjust,0.008085496578846689,-0.00020430963313854966,1.2044654639732392e-05
518,3,1-7,adjust,0.011174005279450776,-0.00015747361689876584,3.628035112268551e-05
518,4,1-7,adjust,0.016524143739035557,-6.90699694722978e-05,1.5249535415458632e-05
518,5,1-7,adjust,0.015333043773593694,4.216127759653164e-05,1.4742147871734863e-05
518,6,1-7,adjust,0.003170364373997662,1.1457918191260754e-05,1.722247765702115e-05
518,9,1-8,adjust,-0.0027821291636119425,6.960790910597848e-05,8.348125071440766e-05
519,2,1-4,adjust,-0.0013045590866945132,7.001449385543731e-05,5.9868477061282144e-05
519,3,1-5,adjust,0.0006876696240928065,-0.00012210588126357642,3.6933481490165216e-05
519,6,1-5,adjust,0.010775150619037773,0.00017360408742192877,0.0001619973900358835
519,7,1-5,adjust,0.01482591973888792,0.0001637702938114889,0.00012941244743947151
519,8,1-5,adjust,0.00486010704446769,9.180389514700557e-05,7.950520085492394e-05
519,9,1-5,adjust,0.0030921509619431064,2.1502391341978254e-05,9.489130827126971e-05
520,2,1-7,adjust,-0.006727936521704176,0.00011439147850375636,1.1348469418857728e-05
520,3,1-7,adjust,-0.010741129800201761,0.000195093173359138,9.037641357029519e-06
520,4,1-7,adjust,-0.003282346528794739,2.4871525046552757e-05,2.0827215821380145e-05
520,5,1-7,adjust,-0.011470271123289716,-6.701691974903118e-05,2.251349337203091e-05
520,6,1-7,adjust,-0.003706929522410938,-9.998912277029592e-05,0.00012619229879425124
520,9,1-8,adjust,-0.0012125607885956002,-0.0001141455018312678,0.0002471400688809918
521,2,1-4,adjust,0.005808555052836943,-0.00015034448514615663,2.166176335785914e-05
521,3,1-4,adjust,0.007648963883142613,-0.00011319235382102113,5.0181372925512505e-05
521,6,1-5,adjust,-0.0055060075422714745,-3.77493492379666e-05,2.1183119855299344e-05
521,7,1-4,adjust,-0.013342707603999877,-0.00017399284740967513,1.4678519279898897e-05
521,8,1-5,adjust,-0.000345379569269922,3.959779830847664e-06,6.756477435674849e-05
521,9,1-5,adjust,-0.00338827247779337,-3.039778955880346e-06,6.554847088380599e-05
522,2,1-7,adjust,0.00012261446654219973,-1.7096772312527286e-05,9.760463748198155e-05
522,3,1-7,adjust,0.008746705348985022,-9.216739566630194e-05,0.00013587802439367786
522,4,1-7,adjust,0.01034500271576871,3.949933900745368e-05,9.362766032276185e-05
522,5,1-7,adjust,-0.00362428881857057,6.128473727168279e-06,0.00011013690789340908
522,6,1-7,adjust,-0.00025396728194377065,9.249509236201067e-05,8.282345387127886e-05
522,9,1-8,adjust,0.0029756443606267836,0.00014023713680118277,9.866719979837234e-05
523,2,1-4,adjust,0.001256465926159937,-8.893304119026852e-05,9.197843375739985e-05
523,3,1-4,adjust,-0.0024018103540103747,3.8163198264120826e-05,0.00013073083186670347
523,6,1-5,adjust,-0.007484571466413126,-1.1197879475865498e-05,0.0001599726280178864
523,7,1-5,adjust,-0.0023954770941507562,4.056142807696819e-05,0.000169461408815277
523,8,1-5,adjust,0.0008950308753740553,-8.034241103420442e-05,9.397910872084642e-05
523,9,1-5,adjust,0.00013868052870503878,-6.970890366448092e-05,3.6818443917362506e-06
524,2,1-7,adjust,-0.0011003755585575453,0.00010829834800833558,1.7781804010941436e-06
524,3,1-7,adjust,-0.00026387830020428374,4.217953146882374e-06,3.2472632405959716e-05
524,4,1-7,adjust,-0.00834516847023188,-1.501632320787615e-05,2.3490570001676265e-06
524,5,1-7,adjust,0.007589346969088613,0.00013482710377753367,3.289426307169282e-06
524,6,1-7,adjust,0.007614236712736681,-2.8959218300502703e-05,5.5332333088920796e-05
524,9,1-8,adjust,-0.0002577169997461634,5.9370753141430345e-06,8.22009270490636e-05
525,2,1-4,adjust,-0.0024438778701416962,-4.5304288636744746e-05,0.00011543089291541981
525,3,1-5,adjust,-0.004342947092772287,0.00011212580803330837,2.7792773074365592e-05
525,6,1-5,adjust,0.005365196248442848,4.458126623460815e-05,0.00014099110163799861
525,7,1-4,adjust,0.012496427036189995,0.0001224229408760513,6.596513854448658e-05
525,8,1-5,adjust,0.005874228752251462,9.299683930133492e-05,0.00012036292646554157
525,9,1-5,adjust,0.005061273986058605,8.242218896180966e-05,8.06282484252223e-05
526,2,1-7,adjust,-0.0024518151649998198,0.00020294930631479177,6.961699539649498e-05
526,3,1-7,adjust,-0.009589447320541672,1.212864005913224e-05,6.790705015117263e-05
526,4,1-7,adjust,-0.0029479386109329277,5.880258026273213e-05,0.00010196628499882286
526,5,1-7,adjust,-0.006380758657465589,-0.00012470241132907722,0.00010054449205820162
526,6,1-7,adjust,-0.00322496932854309,-7.146867813551693e-05,6.7286949407909165e-06
526,9,1-8,adjust,0.0006323966357747021,-3.04716373694988e-05,2.1508338116787652e-05
527,2,1-4,adjust,0.0002581366937556572,-0.00012874180565952863,0.00011597445608199556
527,3,1-4,adjust,0.007184412995703463,-8.970230025837513e-07,6.158746276966946e-05
527,6,1-5,adjust,-0.003943010324889049,-0.0001112615893598145,0.00017360783968535832
527,7,1-4,adjust,-0.001835251050117025,-0.00011123237540249778,6.214836760491367e-05
527,8,1-5,adjust,-0.004949986359495588,-4.377030632768688e-05,6.890486402863198e-05
527,9,1-5,adjust,-0.005749322158071705,-0.00011068447654335912,5.7368583998728706e-05
528,2,1-7,adjust,0.002698997942996105,8.452103752091557e-06,3.683164763345527e-05
528,3,1-7,adjust,0.008163541775000381,-0.00013472884546480646,0.0001176656613946002
528,4,1-7,adjust,0.004506898688090342,-0.00013470714496983382,7.160874339516611e-05
528,5,1-7,adjust,0.011929263345861377,5.862663302467573e-05,6.941305928248141e-05
528,6,1-7,adjust,0.008166015813330246,2.241478148696332e-05,0.00010139941445730796
528,9,1-8,adjust,0.0017043353846246312,0.00011120912435390875,2.8123796948013446e-05
529,2,1-4,adjust,0.004153218775102516,-0.0001635538988640453,0.00015180320997159601
529,3,1-5,adjust,-0.0012447079768171277,3.4897649736003615e-05,6.496536512487928e-05
529,6,1-5,adjust,0.0019393394456259086,0.0001218834885396965,0.00010482069380772089
529,7,1-5,adjust,0.00010156844994478725,9.705891884259204e-05,7.132347756533546e-05
529,8,1-5,adjust,0.006829093075293022,3.67982762202795e-05,9.096036924985278e-05
529,9,1-5,adjust,-0.0020313834403954223,-2.6961867172923822e-05,9.332929607976543e-05
530,2,1-7,adjust,-0.008865711596577968,0.0002825722375883515,4.91830673841843e-05
530,3,1-7,adjust,-0.01141051366717592,8.588839184434228e-05,5.083393924100383e-05
530,4,1-7,adjust,-0.004535551502612824,-7.524327126104824e-07,8.023542696099696e-05
530,5,1-7,adjust,-0.011746268878143553,-9.473795294152442e-05,8.701903173849859e-05
530,6,1-7,adjust,-0.003925836454042421,-3.428126467352207e-05,8.787537795225168e-05
530,9,1-8,adjust,0.005603429163019928,0.00014194596424865866,4.195280555490986e-05
531,2,1-4,adjust,0.005491738874413501,-0.00017834089721003552,9.233914443008382e-06
531,3,1-5,adjust,0.006472425538647597,-5.846388262312918e-05,2.3340400125035122e-05
531,6,1-5,adjust,-0.006083875503761365,-5.106790477483841e-05,1.375093971310214e-05
531,7,1-4,adjust,-0.013555101774087459,-0.00013588649291824647,3.177222586119613e-05
531,8,1-5,adjust,-0.008822031817124421,-0.00018360058405838108,3.919869956764974e-06
531,9,1-5,adjust,-0.005759665605729478,-0.00026159703236270537,7.079430448616904e-05
532,2,1-7,adjust,0.0005848900192724721,-4.583150591441201e-05,1.3915925434552124e-05
532,3,1-7,adjust,0.002332603423002845,0.00010287044987979343,0.00011464780489644061
532,4,1-7,adjust,0.004665840574280018,-1.7589391452631022e-05,6.644199708048904e-05
532,5,1-7,adjust,-0.005459389710479662,-8.208430282392888e-06,3.209390589111596e-05
532,6,1-7,adjust,-0.004239017646945074,1.9251772063439452e-05,9.119998945399556e-05
532,9,1-8,adjust,-0.0014901395407005311,3.1465069685231946e-06,1.635962060412544e-06
533,2,1-4,adjust,0.0024886828865346624,1.5672111169149037e-06,7.217529199164002e-05
533,3,1-4,adjust,0.0019707151693876307,-0.00011305184943614828,0.00019055269699582453
533,6,1-5,adjust,-0.0055235440742921514,3.179217742264406e-05,0.0001616190881221137
533,7,1-5,adjust,-0.0008405623088274045,2.2820367045570033e-05,6.677076718357063e-05
533,8,1-5,adjust,-0.003337310648026633,-2.963296416738815e-05,3.831898444685969e-05
533,9,1-5,adjust,0.000540191785265266,-2.668496035470632e-05,1.5204622452063073e-05
534,2,1-7,adjust,-0.0008863329110936825,-6.375992624002498e-05,9.283549321852493e-05
534,3,1-7,adjust,-0.008371500494419792,3.341896372852345e-05,8.377092023392811e-05
534,4,1-7,adjust,-0.006965338244006121,4.794733549866981e-05,4.7288129019797706e-05
534,5,1-7,adjust,0.0009644287798073588,0.00010033100727312743,0.0001722017000629996
534,6,1-7,adjust,0.002138792549661161,4.998776656942638e-05,6.855791230331918e-05
534,9,1-8,adjust,-0.0021221551204679435,-7.960118084867906e-05,5.3409187675732156e-05
535,2,1-4,adjust,-0.0024962140470042252,0.00017092300447335454,9.368263107649472e-05
535,3,1-4,adjust,0.0015811228175857375,-2.4452270654831164e-05,0.00010716740597045658
535,6,1-5,adjust,0.004272243654820711,-7.268416881845495e-05,4.064596708093864e-05
535,7,1-4,adjust,0.0014713381553230329,1.2482294921413617e-05,4.957346588052303e-05
535,8,1-5,adjust,0.005138164865261957,0.000156487290328329,5.918529236059066e-05
535,9,1-5,adjust,0.005697583676642684,0.00019301003093492253,8.329192600712353e-05
536,2,1-7,adjust,0.0005521099257950494,-1.4411594645999067e-05,3.480657628546904e-05
536,3,1-7,adjust,-0.003810125511163875,8.001246843005786e-05,1.773499659206021e-05
536,4,1-7,adjust,-0.0005801472387837263,4.511837652962148e-06,9.95205614779201e-06
536,5,1-7,adjust,1.0947757924670659e-05,-5.7123992403155965e-05,2.4728208811821303e-05
536,6,1-7,adjust,-0.001822411802223039,3.0750527640964173e-05,1.7268013496731047e-05
536,9,1-8,adjust,-0.00212218482607985,-2.8206869692816236e-06,6.84523004530342e-05
537,2,1-4,adjust,-0.00038818288877238413,8.759672961387008e-06,1.8754451820675146e-05
537,3,1-5,adjust,0.003650899747638737,2.671959145255065e-05,1.617613055269214e-05
537,6,1-5,adjust,-0.0007580665481269583,-5.2833436029907175e-05,1.6328725705960948e-05
537,7,1-4,adjust,0.007395421860539554,-2.527755060161644e-06,9.15203078649007e-05
537,8,1-5,adjust,-0.007214056934350448,1.973184794948275e-07,1.9888135645920555e-05
537,9,1-5,adjust,-0.0012079501847425196,-2.494825791192429e-05,1.793861602578413e-05
538,2,1-7,adjust,0.0008852594528103965,-5.708748864870353e-05,2.0948893173726447e-05
538,3,1-7,adjust,-0.002671516729432195,-6.925075332995196e-05,3.361193889080378e-05
538,4,1-7,adjust,0.005211496288092753,-1.6657250247770954e-05,0.00010203375833294482
538,5,1-7,adjust,0.007128613364911531,4.333124002820426e-06,6.984498145518033e-05
538,6,1-7,adjust,0.008614336903255327,2.2895524362865134e-05,8.496671627315967e-05
538,9,1-8,adjust,-0.00218443707171776,-6.76346476405958e-05,0.00011286904481189888
539,2,1-4,adjust,0.002072766217487387,1.6053791859297958e-05,0.00010893154853427309
539,3,1-4,adjust,0.006608905229686378,-1.9866240206594405e-05,0.00010656417147253436
539,6,1-5,adjust,-0.004906247263498989,0.00019190811142978222,2.8762765489122956e-05
539,7,1-4,adjust,-0.0021283204814888995,4.270860413019081e-05,1.3919023992015792e-05
539,8,1-5,adjust,0.004705551798671852,-4.920592410449702e-05,3.7174667715779166e-05
539,9,1-5,adjust,0.0027151067962611877,3.9646297576993855e-05,3.338177074713332e-05
540,2,1-7,adjust,-0.0036466397162168668,2.6285904037862514e-05,6.058996113084055e-05
540,3,1-7,adjust,-0.0012983499152302376,-6.222733459192537e-05,4.667040025732163e-05
540,4,1-7,adjust,-0.00258367037224023,4.764117866001478e-05,4.037374785603739e-05
540,5,1-7,adjust,-0.001988813225499771,3.482629038998473e-05,2.761158164727625e-05
540,6,1-7,adjust,0.003550484465627531,-0.00013879158645446033,2.757395369442022e-05
540,9,1-8,adjust,-0.0002044765429985318,4.459282320620923e-05,4.3015636367433555e-05
541,2,1-4,adjust,0.0023491079832051176,-1.0130996265973369e-05,3.0360073007505397e-05
541,3,1-5,adjust,-0.0006624688357466591,8.775241617943217e-05,1.2405835863597139e-05
541,6,1-5,adjust,0.0004308072119338669,-1.4626459527986327e-05,3.3155205819456086e-05
541,7,1-5,adjust,-0.0014941519571273433,-6.207295510968387e-05,8.391148272027008e-05
541,8,1-5,adjust,0.0017090590690540663,-3.768656910412148e-05,1.1206446048228236e-05
541,9,1-5,adjust,0.0027387280728927445,2.8849282175875667e-05,2.5523247750836864e-05
542,2,1-7,adjust,0.00016525040306690126,-4.3545471069145575e-05,2.8734210581338594e-05
542,3,1-7,adjust,0.006367441058667531,-6.907505723934861e-05,1.8004063616065972e-06
542,4,1-7,adjust,0.0008788584011387615,4.4460962606330256e-05,5.868201801565672e-06
542,5,1-7,adjust,-0.0028637754003019516,-5.1902246153538774e-05,3.6458473841034764e-05
542,6,1-7,adjust,-0.0027450825469461683,-1.2180676451353574e-05,9.779342547868189e-05
542,9,1-8,adjust,-0.0014663740513163757,-2.561517470334086e-05,0.00010226610268356819
543,2,1-4,adjust,-0.0033464184554450466,5.963968885969598e-05,3.4237382178207244e-05
543,3,1-5,adjust,-0.0067543605415683146,8.988025222973594e-05,1.1331623771235155e-05
543,6,1-5,adjust,0.0004381307822063015,-6.291717545451342e-05,8.644701426579028e-05
543,7,1-5,adjust,-0.003604757495425899,1.8210952604364155e-05,9.490675214753536e-05
543,8,1-5,adjust,-0.007859395416081464,-2.527387750807315e-05,9.895861195856715e-05
543,9,1-5,adjust,-0.004356359805480695,-2.0737844324323048e-05,6.920084942422971e-05
544,2,1-7,adjust,0.003264856554478931,-7.701865364612436e-05,8.797314726849913e-05
544,3,1-7,adjust,0.0058305281936158046,-6.526066224382863e-05,1.939805116915204e-05
544,4,1-7,adjust,-0.0038135924025194425,-0.0001077044654389758,6.998443755538998e-05
544,5,1-7,adjust,0.0017343639070141839,0.00016118784683806435,4.513134345394248e-05
544,6,1-7,adjust,-0.0035003233015073903,9.285531302175593e-05,8.417240713476349e-05
544,9,1-8,adjust,-0.0014628409032221086,-5.722941744458616e-05,5.339027119391928e-05
545,2,1-4,adjust,0.00014201692806030378,-2.1719902045529224e-05,0.00015219776709601298
545,3,1-4,adjust,-0.007512858787923657,4.603151668987108e-05,8.193656884452156e-05
545,6,1-5,adjust,0.008981796363197207,-2.9008952689695966e-05,0.00010677268641927861
545,7,1-5,adjust,0.011772555685041871,-3.936370435514843e-06,0.00013611831737070604
545,8,1-5,adjust,0.00933996748870511,0.0001515219590958626,0.00013578745851267185
545,9,1-5,adjust,0.009385620344016889,0.00011219815052968519,0.00012184958654043079
546,2,1-7,adjust,-0.002247865656821824,1.1386792098798383e-05,0.00011171625603353704
546,3,1-7,adjust,0.006423285161191023,-6.741029235363432e-05,6.959954788342527e-05
546,4,1-7,adjust,0.006334218411661109,-1.5544766278913996e-06,0.00010102122024390288
546,5,1-7,adjust,0.007981270749707094,-5.719285332816723e-05,5.20397922972212e-05
546,6,1-7,adjust,0.0022321695834758852,-2.7368116501445575e-05,0.00012515307622735068
546,9,1-8,adjust,-0.003448527901699271,-2.7764193477251968e-05,4.609255989040352e-05
547,2,1-4,adjust,0.0035172923671923876,-7.108868326353849e-06,0.00012793683303475868
547,3,1-4,adjust,-0.0036869175549915246,-2.444855041344447e-05,0.00014705270080891177
547,6,1-5,adjust,0.0031717093119031743,4.932679686522165e-06,0.00011989868287108974
547,7,1-5,adjust,0.004242503195254393,0.00010431053423779694,0.00014995771676326982
547,8,1-5,adjust,0.0022265727761499343,7.597361692993264e-05,0.00012727001508542783
547,9,1-5,adjust,0.003272376658707513,5.14691254781238e-05,0.0001436532996117727
548,2,1-7,adjust,-0.005612762407322628,0.00017757910182886815,7.495764838249842e-05
548,3,1-7,adjust,-0.001916015246887645,0.00016409996945690035,0.0001239439865571756
548,4,1-7,adjust,0.007471836596431358,4.505461172037854e-05,0.00018344206272882452
548,5,1-7,adjust,0.008866603339482021,-2.069646242736983e-05,0.00015477131818051741
548,6,1-7,adjust,0.000302510768913842,1.59752884595886e-05,0.0002109300443435994
548,9,1-8,adjust,0.0015521331580869316,8.31093730397451e-05,5.558140315408322e-05
549,2,1-4,adjust,0.005758906977647478,-0.00022749099847718887,6.49423146404163e-05
549,3,1-4,adjust,0.009360705453500293,-0.00024800656038688235,5.211476767479079e-05
549,6,1-5,adjust,0.004060595320288504,-8.88079858111087e-06,8.255919763491e-05
549,7,1-5,adjust,0.006454073448772541,1.5254362318466732e-06,0.0001200363504748075
549,8,1-5,adjust,0.0021112315284429525,-8.553573535550048e-05,9.174157122180513e-05
549,9,1-5,adjust,-0.00526652460014001,-3.684133315986014e-05,0.00011290248980515741
550,2,1-7,adjust,-0.008743124051042701,0.0002428956010780506,2.2191723476392007e-05
550,3,1-7,adjust,-0.014827406023851231,0.00017036982275841142,9.818928617101083e-05
550,4,1-7,adjust,-0.01341047951644154,-1.905522078835119e-05,0.0001018978356171397
550,5,1-7,adjust,-0.006728401953788662,-0.00012858053535805088,4.0696564737603406e-05
550,6,1-7,adjust,0.003516993128936773,0.00013935548717895196,5.111916967681533e-05
550,9,1-8,adjust,0.0029547965265012783,-1.7439388405492996e-05,0.00015953287804540281
551,2,1-4,adjust,0.006245838112866782,-6.77479711645118e-05,0.00011324921989455031
551,3,1-4,adjust,0.004451580986411252,-0.00011124363272544579,0.00014740947425129452
551,6,1-5,adjust,-0.012813255308573752,-7.269187540926199e-05,0.00012321398815164618
551,7,1-4,adjust,-0.017367617986412207,-0.0001477238977103064,9.72813814310083e-05
551,8,1-5,adjust,-0.00939693263470056,-0.0001138530452521695,6.04661172655488e-06
551,9,1-5,adjust,-0.0036136523696398103,-0.0001838298445112644,1.9028019355381726e-05
552,2,1-7,adjust,0.0008758863904640822,-0.00010856037388171253,2.5604523509474734e-05
552,3,1-7,adjust,0.005972747628999675,5.613691463683723e-05,8.34832037492018e-05
552,4,1-7,adjust,0.010450490400340419,-7.076695875543132e-06,1.1041203565412985e-05
552,5,1-7,adjust,-0.00015252297113302874,0.00011966737817259876,2.9080175876822366e-05
552,6,1-7,adjust,-0.0029492221621683604,-4.156989728914454e-05,3.926364059164677e-05
552,9,1-8,adjust,-0.0024358524887853135,6.728210384066566e-05,4.467380665772918e-05
553,2,1-4,adjust,0.0028802147354950224,2.2755434923454955e-05,0.00015344771749624254
553,3,1-4,adjust,0.0032384175836014818,-2.5959531224593306e-05,0.00010144758171255335
553,6,1-5,adjust,0.00752482970713938,-6.752799968105536e-05,3.0242335240817182e-05
553,7,1-5,adjust,0.0060723583544544345,0.00014988913370584208,7.728657062585496e-05
553,8,1-5,adjust,0.003341489560073742,0.00017165821181445548,8.318153122926132e-05
553,9,1-5,adjust,0.0016726961444178234,4.877121215436088e-05,0.00012471059456548085
554,2,1-7,adjust,-0.0069855162879293164,0.000188265158472827,2.9883835658606734e-05
554,3,1-7,adjust,-0.013043101221757565,0.0001904932866649033,1.8865999220977427e-05
554,4,1-7,adjust,-0.016114541045128942,0.00015544901935669232,4.8802330838284934e-05
554,5,1-7,adjust,-0.008274251968481553,-3.2632314931663296e-05,9.970862666893807e-05
554,6,1-7,adjust,-0.009754364907944367,2.4380597128321114e-05,6.605356362930466e-05
554,9,1-8,adjust,0.004296472392369551,-5.644251252008089e-05,6.206816835642655e-05
555,2,1-4,adjust,-0.0034524295979361445,3.0213450713775902e-05,0.00017252888933883893
555,3,1-4,adjust,-0.002449657133136136,-7.118978662575598e-06,0.00017472984152622543
555,6,1-5,adjust,-0.001210810242846666,3.0221949328333786e-05,5.618613990311435e-05
555,7,1-4,adjust,0.0016915403112271134,-2.2035275937959644e-05,6.031125302496339e-05
555,8,1-5,adjust,-0.006194337234588175,-0.00013647816435015956,0.00016041224725228732
555,9,1-5,adjust,-0.004822260364933993,1.0163964660638539e-05,0.000102806674956717
556,2,1-7,adjust,0.0002534633138518552,-3.819368957305691e-05,5.824468428104291e-05
556,3,1-7,adjust,0.004936554474669468,4.1153153380229e-05,4.585176039176735e-05
556,4,1-7,adjust,0.0020229658983066897,-5.346951188998244e-05,5.787929897585466e-05
556,5,1-7,adjust,0.006285764207720396,5.0642509563998134e-05,2.0966186855341816e-05
556,6,1-7,adjust,0.004379547083206336,-3.364111894503451e-05,0.00010877125040806691
556,9,1-8,adjust,-0.0014385888714314047,-4.2753334148108775e-05,0.00023701886665101815
557,2,1-4,adjust,0.0008215955461835662,-4.10710598714283e-05,7.86060712250802e-05
557,3,1-4,adjust,-0.0025333335658341643,-0.00011704322433018099,9.076929041578178e-05
557,6,1-5,adjust,0.0047274671853572495,5.7132839336699645e-05,6.747724456334354e-05
557,7,1-5,adjust,0.0036476539878692146,-3.1775672139426866e-05,0.00011968896663651121
557,8,1-5,adjust,0.007824395465081195,3.077677643264268e-05,8.146011862749943e-06
557,9,1-5,adjust,0.0060498242286124975,0.00015250711090536944,1.719624772876187e-05
558,2,1-7,adjust,0.005144243582246237,-8.192914061853428e-05,1.4440455909423759e-06
558,3,1-7,adjust,0.00546825428503772,1.838246592067908e-05,1.3054683263269847e-05
558,4,1-7,adjust,0.010923034602576535,-0.00013903788878679002,9.064728584567887e-05
558,5,1-7,adjust,-0.00508905957209954,-0.00011184392577242323,1.877016974532397e-05
558,6,1-7,adjust,0.004504762285652431,1.1729435328546749e-05,9.348453233044649e-05
558,9,1-8,adjust,-0.000869923308510591,-5.891679461261691e-05,0.00012326990184609294
559,2,1-4,adjust,0.002286727308192033,-0.00010191783457237913,2.8233712474009846e-05
559,3,1-4,adjust,0.006252273597336528,-1.9651575810374573e-05,4.494314062279996e-05
559,6,1-5,adjust,-0.014088912876366154,5.625466885057177e-06,4.7033351138460886e-05
559,7,1-4,adjust,-0.018758099457033814,-9.073935849606949e-05,9.546094795021867e-05
559,8,1-5,adjust,-0.008997288756822468,-5.099750613647368e-05,2.260776900619474e-05
559,9,1-5,adjust,-0.0007823400998076733,-0.00011813271945166034,8.4966831706831e-05
560,2,1-7,adjust,0.0012562046607063023,1.0805340468271268e-05,1.7961904677829143e-05
560,3,1-7,adjust,-0.003454191376644925,-5.323952249814458e-05,1.8568236115202174e-05
560,4,1-7,adjust,-0.005883565569525112,1.6720917248238314e-05,8.880853353004015e-06
560,5,1-7,adjust,0.00020827420800169876,0.00015361416991891352,1.2933522406554393e-06
560,6,1-7,adjust,-0.0002609453977253259,-5.386460374243561e-05,4.730107914601949e-05
560,9,1-8,adjust,-0.007145452756513875,-7.350192351762006e-05,9.909842077509875e-06
