slot,receiver_id,selected_pair,status,radial_command_m,angular_command_rad,consistency_rad
1,2,1-4,adjust,-4.390609847915841,-0.03490658503988659,0.13886620221035847
1,3,1-4,adjust,5.0,-0.03149272752551407,0.21044956366596781
1,6,1-5,adjust,-2.165300191683136,-0.007527816884800655,0.19213172214598823
1,7,1-5,adjust,-4.545002727313834,-0.016632559325191136,0.10358207017427269
1,8,1-5,adjust,-2.3255080927776075,-0.0154072165479866,0.04464258239210923
1,9,1-5,adjust,-5.0,-0.009644083098148504,0.007104806248532966
2,2,1-7,adjust,-3.434109709833462,0.00885706810698858,0.0030211444271631143
2,3,1-7,adjust,3.6938452959709704,0.008622285761281953,0.007536217502116192
2,4,1-7,adjust,-5.0,0.00027832726653164645,0.009897333504466692
2,5,1-7,adjust,3.905629363555384,0.001323659624004488,0.0135088155140153
2,6,1-7,adjust,2.4285203570899707,0.002566829244393445,0.018314477368325137
2,9,1-8,adjust,-3.3885760498384756,-0.0055391517135271375,0.008556415513251573
3,2,1-4,adjust,-1.1110182564418938,-0.012057286720207717,0.07152473032188561
3,3,1-4,adjust,3.170732373271673,-0.011203225491339014,0.11827968125466501
3,6,1-5,adjust,-0.2656809211863903,-0.0013359491775935184,0.09916255263750626
3,7,1-5,adjust,-0.6564474133802026,0.0010804999642287066,0.052474227506816816
3,8,1-5,adjust,-0.44590388061117664,0.0012889063520645067,0.02131351482764023
3,9,1-5,adjust,-1.5699341498574895,0.002302742957136786,0.006174275394042044
4,2,1-7,adjust,-1.0946137712283404,0.010229348354234634,0.004600943578756726
4,3,1-7,adjust,0.17367609614166002,0.010853510924740366,0.008207487103957198
4,4,1-7,adjust,-2.841924495671128,0.001357453982882875,0.011032131228648998
4,5,1-7,adjust,1.5993810945494635,0.001302380262719166,0.014456024936855083
4,6,1-7,adjust,0.925231469655478,0.0012102909853952315,0.019456766221942874
4,9,1-8,adjust,-1.034134224498844,-0.005988107716599304,0.00826763265492982
5,2,1-4,adjust,-0.4012591671213968,0.0015601646850630666,0.03957163561353829
5,3,1-4,adjust,0.7226308408141613,-0.002102551059098888,0.06733347537358605
5,6,1-5,adjust,0.19487760866422005,0.00013386679572796584,0.05361256162644481
5,7,1-5,adjust,0.2825320715395866,0.004020553623350265,0.02784865225071299
5,8,1-5,adjust,0.09109905372903448,0.0043658150381236955,0.010790370198570643
5,9,1-5,adjust,-0.20604949433516317,0.006211774359314206,0.0042334861021756445
6,2,1-7,adjust,-0.4035749445261888,0.006781954720998321,0.003961501890378946
6,3,1-7,adjust,-0.402592218162303,0.008069167601411093,0.006559283623589225
6,4,1-7,adjust,-1.511887892163263,0.00119318773515746,0.008785847100313847
6,5,1-7,adjust,0.7618496665426668,0.0007127251170043744,0.01137627292562332
6,6,1-7,adjust,0.4187884587934516,0.0006348183557428988,0.015277743982615447
6,9,1-8,adjust,-0.3563380178336044,-0.003977331218443959,0.0065501301763227935
7,2,1-4,adjust,-0.21850068930178795,0.004076322907434057,0.022969221421360663
7,3,1-4,adjust,0.06137999427337264,0.0009253378830136619,0.039223069121710114
7,6,1-5,adjust,0.25822142182908614,0.00040374613885096807,0.030525646083446167
7,7,1-5,adjust,0.4231583865814489,0.0036146088494670076,0.015672939532487364
7,8,1-5,adjust,0.19613928164154282,0.003945507718700189,0.005914456992394403
7,9,1-5,adjust,0.11189937893171471,0.006110253017110128,0.0026920248284443993
8,2,1-7,adjust,-0.16581635915962092,0.0037303197921352187,0.0028733601874196294
8,3,1-7,adjust,-0.335721300668233,0.004861912749810923,0.004725263211483021
8,4,1-7,adjust,-0.7978833768585547,0.0008367462207352974,0.006329754849579699
8,5,1-7,adjust,0.43054774846668437,0.0002650280900941299,0.008197512681767985
8,6,1-7,adjust,0.23104083666803357,0.00038169968064074265,0.011056506762397354
8,9,1-8,adjust,-0.14934543376912135,-0.002612565860829056,0.0049127698410305135
9,2,1-4,adjust,-0.14863641825908797,0.00377161688063222,0.013748193813903785
9,3,1-4,adjust,-0.08294571428039697,0.0014307414167040865,0.02351781659131052
9,6,1-5,adjust,0.2191220635273784,0.0003735330737633767,0.01817009333629338
9,7,1-5,adjust,0.36478733289730736,0.002681730895009161,0.00928955842324959
9,8,1-5,adjust,0.1783958452034363,0.002913336287582137,0.0034951681347163534
9,9,1-5,adjust,0.14961483097053213,0.004867015786920356,0.0016376041248503067
10,2,1-7,adjust,-0.06893356823155398,0.0017818243824308786,0.0019373852129813765
10,3,1-7,adjust,-0.20020589916957185,0.0026208083578131884,0.003259885374013542
10,4,1-7,adjust,-0.41939544989871064,0.000536176466747743,0.004395973796739327
10,5,1-7,adjust,0.2761676872129922,2.343870163384543e-05,0.005734778534687308
10,6,1-7,adjust,0.1472923300483892,0.00025327763022461007,0.007808128366198355
10,9,1-8,adjust,-0.0779457349551041,-0.0017661596290913118,0.0036689612824788603
11,2,1-4,adjust,-0.10694007914683513,0.002925154074232699,0.008440378525447548
11,3,1-4,adjust,-0.09309853376787512,0.0012327173971977573,0.014502319123614023
11,6,1-5,adjust,0.1651602561379845,0.00028797958472399487,0.011227602111065356
11,7,1-5,adjust,0.2761129586289834,0.0018774826951196597,0.005747942570752936
11,8,1-5,adjust,0.13610585024028252,0.002007934007269762,0.002198062102266246
11,9,1-5,adjust,0.12328570334587141,0.003569287793469657,0.0009692823282326555
12,2,1-7,adjust,-0.025339117960582414,0.0007029488278450942,0.0012652216488224972
12,3,1-7,adjust,-0.10399229133919041,0.001305437523085621,0.002214217505410668
12,4,1-7,adjust,-0.2198705566617212,0.0003268417019471483,0.003018099459882934
12,5,1-7,adjust,0.1900268901122529,-8.05414994582704e-05,0.003982277680247692
12,6,1-7,adjust,0.10157068572438117,0.00017745610880902276,0.005491720605270411
12,9,1-8,adjust,-0.04800886487622298,-0.0012268116651699458,0.0027488010975755617
13,2,1-4,adjust,-0.0771318152035999,0.0021404853214071675,0.005302331211335542
13,3,1-4,adjust,-0.07515091592483941,0.0009312506351759023,0.00917769098501176
13,6,1-5,adjust,0.11918459936209456,0.00020931813459127379,0.007154685381940828
13,7,1-5,adjust,0.199754086869687,0.0012929185843701244,0.0036795061762277315
13,8,1-5,adjust,0.09735240356669181,0.001349589611704605,0.0014475751903627167
13,9,1-5,adjust,0.09037258271737232,0.0025244568822340475,0.0005651820265560362
14,2,1-7,adjust,-0.0054721980713381265,0.0001647453470423289,0.0008195683266642494
14,3,1-7,adjust,-0.048588427598495895,0.0005982036546352729,0.001503550719263398
14,4,1-7,adjust,-0.11501530760875577,0.00019280019974875863,0.002072540270776565
14,5,1-7,adjust,0.13496399174605683,-0.00011097214595291968,0.002771061852104771
14,6,1-7,adjust,0.07254473262774856,0.00012748706933559306,0.0038778198204204263
14,9,1-8,adjust,-0.03240578155032988,-0.0008685053966521012,0.0020581178856398518
15,2,1-4,adjust,-0.0553106694519597,0.0015341700490397884,0.0034022015438724003
15,3,1-4,adjust,-0.055810411933584776,0.000675787081029456,0.005946176279000605
15,6,1-5,adjust,0.08456238308491079,0.00014888323137886913,0.00467304387272054
15,7,1-5,adjust,0.14217911348692322,0.0008897383776544654,0.002416294125078645
15,8,1-5,adjust,0.06784305268058029,0.0009015702321148742,0.0009835465457207328
15,9,1-5,adjust,0.0637378444956488,0.0017597045604512752,0.0003285392747378336
16,2,1-7,adjust,0.0029805712074804486,-7.366893529075814e-05,0.0005359964542270945
16,3,1-7,adjust,-0.019628558211198185,0.00023962507633472994,0.0010303355179263405
16,4,1-7,adjust,-0.06004092968586604,0.0001110607825462878,0.0014317863055967638
16,5,1-7,adjust,0.09699576984497453,-0.00010762825292670906,0.0019403492939791243
16,6,1-7,adjust,0.05253362405336183,9.251432278702796e-05,0.0027580298687881507
16,9,1-8,adjust,-0.022825818057478308,-0.0006222940270908925,0.0015330958517181816
17,2,1-4,adjust,-0.03951378041099908,0.0010927028422774688,0.002225177030653457
17,3,1-4,adjust,-0.04044170934620083,0.00048526170487261445,0.003934266134517667
17,6,1-5,adjust,0.059607506980028986,0.00010504168023588358,0.003110655272000035
17,7,1-5,adjust,0.10070939953084147,0.0006154222792628185,0.0016154243247276721
17,8,1-5,adjust,0.04684753101141535,0.0006040544244115588,0.0006813856374601855
17,9,1-5,adjust,0.04445087886891457,0.0012226119941267804,0.00019313141851086356
18,2,1-7,adjust,0.005918203324469325,-0.00015886559765138534,0.0003593488804123229
18,3,1-7,adjust,-0.0055331946728823765,6.768439862922185e-05,0.000717052487873804
18,4,1-7,adjust,-0.0312800914332011,6.282292605195882e-05,0.0009980402367457796
18,5,1-7,adjust,0.06992098759957269,-9.163161804190103e-05,0.0013698061236269061
18,6,1-7,adjust,0.038238483754789915,6.739133767582275e-05,0.0019788229155968374
18,9,1-8,adjust,-0.016391235405154532,-0.00044942662002617,0.0011328594721747702
19,2,1-4,adjust,-0.02820271950854278,0.0007779232685096593,0.001480015494199848
19,3,1-4,adjust,-0.029164395253050673,0.00034861848910106507,0.0026517719984390487
19,6,1-5,adjust,0.041898978256723576,7.386068718297857e-05,0.0020993691605774006
19,7,1-5,adjust,0.0713131017236471,0.0004284898787589517,0.0010920808169144632
19,8,1-5,adjust,0.03231456848693379,0.00040760891541739163,0.0004772605692929951
19,9,1-5,adjust,0.031003908047953353,0.0008518233553653736,0.00011699747920070552
20,2,1-7,adjust,0.006318407894929528,-0.00017205183871270809,0.0002502999610989511
20,3,1-7,adjust,0.0007843526447446227,-8.802243656809421e-06,0.000509177167901983
20,4,1-7,adjust,-0.01626446458122676,3.502739460591593e-05,0.0007031361224434515
20,5,1-7,adjust,0.050384952190926015,-7.303346596103377e-05,0.0009759870668898613
20,6,1-7,adjust,0.027903814443293942,4.919187521399009e-05,0.0014339054154696024
20,9,1-8,adjust,-0.011891612615509707,-0.00032662967607669007,0.0008290688547619458
21,2,1-4,adjust,-0.020150871809322207,0.0005548944208487321,0.0009984976321568025
21,3,1-4,adjust,-0.021093387531698787,0.00025172598354207526,0.0018166300266600733
21,6,1-5,adjust,0.029386114791342913,5.180992628352954e-05,0.0014296390595851737
21,7,1-5,adjust,0.05056269731839094,0.0003001928470400768,0.0007418971411318697
21,8,1-5,adjust,0.022351106767167978,0.0002774343804765965,0.0003359837299000763
21,9,1-5,adjust,0.021738801677386153,0.0005971269347678486,7.477591821957701e-05
22,2,1-7,adjust,0.005677325250334726,-0.0001553750211588019,0.00018302690299106333
22,3,1-7,adjust,0.003243756880711427,-3.848377853922181e-05,0.00037032771446756047
22,4,1-7,adjust,-0.00844088317889265,1.9301401518666115e-05,0.0005012950031753218
22,5,1-7,adjust,0.03625512657977099,-5.603402915492441e-05,0.0007025187617491898
22,6,1-7,adjust,0.020417218028268343,3.5998003913219504e-05,0.0010509210644257417
22,9,1-8,adjust,-0.00869417507998912,-0.00023892034527119805,0.0006002704665177092
23,2,1-4,adjust,-0.014430896907584104,0.0003969855066468651,0.0006814719238447328
23,3,1-4,adjust,-0.015358301239988024,0.00018314917218597006,0.0012625132122339679
23,6,1-5,adjust,0.020542494610451822,3.622025845768933e-05,0.0009778524864467383
23,7,1-5,adjust,0.035909433823985176,0.00021139993690169885,0.000503316141894352
23,8,1-5,adjust,0.015526565947859106,0.00019047667484700241,0.00023672204705494536
23,9,1-5,adjust,0.01536202803534741,0.0004219730728467129,5.1619915217073136e-05
24,2,1-7,adjust,0.004717494341462597,-0.00012937984460522647,0.00014129949747702307
24,3,1-7,adjust,0.003898469000275072,-4.6404367147870115e-05,0.0002767771622359434
24,4,1-7,adjust,-0.00437259913032005,1.0532150441012397e-05,0.0003621531438723015
24,5,1-7,adjust,0.026047055214844263,-4.1987791391653405e-05,0.0005115237596429943
24,6,1-7,adjust,0.01500209428697833,2.6451941143813677e-05,0.0007805957923272042
24,9,1-8,adjust,-0.006408959976292233,-0.00017613800933112143,0.00042944291656620676
25,2,1-4,adjust,-0.010367596941396044,0.00028504406871332467,0.00046927275611519445
25,3,1-4,adjust,-0.011287390981361362,0.00013455777180241058,0.0008889344833273512
25,6,1-5,adjust,0.014281134702017924,2.518113812574685e-05,0.0006686316998183945
25,7,1-5,adjust,0.02554163029304408,0.00014947283979032018,0.0003385727345443096
25,8,1-5,adjust,0.010836589609809424,0.0001318156958125993,0.0001663563237119577
25,9,1-5,adjust,0.010958378453044008,0.00030102988352170135,3.903629403493873e-05
26,2,1-7,adjust,0.0037623528498953733,-0.00010328315076808257,0.00011515965224743388
26,3,1-7,adjust,0.0037811109899733232,-4.5043935292339185e-05,0.0002131630146388666
26,4,1-7,adjust,-0.0022611107679147177,5.699532175972485e-06,0.0002655778310203836
26,5,1-7,adjust,0.018687739696110407,-3.098575191201402e-05,0.0003774560336604975
26,6,1-7,adjust,0.011094783979038583,1.9563052059900985e-05,0.000589144939174202
26,9,1-8,adjust,-0.004772942984383196,-0.00013117396759457567,0.00030294683854655826
27,2,1-4,adjust,-0.007478784546105207,0.00020555486610117528,0.0003252226326674765
27,3,1-4,adjust,-0.00839527491424703,0.00010006487605908931,0.000633714607889503
27,6,1-5,adjust,0.009839011093886255,1.734892963980065e-05,0.0004546071810268058
27,7,1-5,adjust,0.018189860625819357,0.00010600717380400215,0.0002236912017878487
27,8,1-5,adjust,0.007597073212616407,9.184731434947225e-05,0.00011622341238205739
27,9,1-5,adjust,0.007902217577988811,0.00021708886280889426,3.225068073097158e-05
28,2,1-7,adjust,0.002936371002554073,-8.06445888488151e-05,9.857083840028014e-05
28,3,1-7,adjust,0.003388829103253143,-4.0381349652255695e-05,0.000169520318045455
28,4,1-7,adjust,-0.0011672334077756077,3.0623174400109463e-06,0.0001981423405546957
28,5,1-7,adjust,0.01339323701772225,-2.2635980304327147e-05,0.0002829554941407023
28,6,1-7,adjust,0.008282008699215094,1.4603603476243026e-05,0.00045320913837612576
28,9,1-8,adjust,-0.0036014619347149554,-9.89755110279897e-05,0.00020995444653738418
29,2,1-4,adjust,-0.0054228398794682955,0.00014902132037937965,0.0002262864092480008
29,3,1-4,adjust,-0.006338010845493871,7.553831365412445e-05,0.00045747985623357184
29,6,1-5,adjust,0.006681804694451529,1.1782055406375854e-05,0.00030520995398183827
29,7,1-5,adjust,0.012966582261774147,7.53477738597792e-05,0.00014300880822446188
29,8,1-5,adjust,0.0053469769611467,6.436276818642299e-05,8.041012128311177e-05
29,9,1-5,adjust,0.00577020960470134,0.0001585254628992212,2.8615764662071888e-05
30,2,1-7,adjust,0.0022701734326359504,-6.236143106868623e-05,8.788712456057937e-05
30,3,1-7,adjust,0.002946735598121405,-3.511668929174218e-05,0.00013933885544340074
30,4,1-7,adjust,-0.0006015395925377094,1.6350431881913036e-06,0.0001508146916107677
30,5,1-7,adjust,0.009590886693655518,-1.6423465985104563e-05,0.00021612306180663506
30,6,1-7,adjust,0.006261065502638497,1.1040179946907828e-05,0.0003565101388899922
30,9,1-8,adjust,-0.002762851278217799,-7.592671708376311e-05,0.0001420067538912854
31,2,1-4,adjust,-0.003958213053552271,0.00010876266063179513,0.00015769175910240868
31,3,1-4,adjust,-0.004872895921955226,5.807457227419666e-05,0.00033475385820263203
31,6,1-5,adjust,0.004434551043605344,7.81955444669552e-06,0.00020026137821909948
31,7,1-5,adjust,0.009249739574661008,5.364105103633545e-05,8.605571577634659e-05
31,8,1-5,adjust,0.003775808357503389,4.531005618716815e-05,5.4793214750023674e-05
31,9,1-5,adjust,0.0042757828146052865,0.00011747255465497618,2.6679820136783176e-05
32,2,1-7,adjust,0.001754093757858004,-4.818970777380695e-05,8.090039792537142e-05
32,3,1-7,adjust,0.0025462701053901643,-3.034534210644923e-05,0.00011832244853437872
32,4,1-7,adjust,-0.00030949156710809617,8.680855299421518e-07,0.00011746127271367401
32,5,1-7,adjust,0.006863882637579529,-1.1860446619893937e-05,0.00016873543405034814
32,6,1-7,adjust,0.004811210501747802,8.483672385899263e-06,0.0002876298750339538
32,9,1-8,adjust,-0.002162756128385979,-5.943397428709853e-05,9.260460185275455e-05
33,2,1-4,adjust,-0.0029139882801195237,8.006562199214606e-05,0.00010977846982267263
33,3,1-4,adjust,-0.003828511327841674,4.5626964285018086e-05,0.00024872886881324263
33,6,1-5,adjust,0.0028332002261324176,4.995913368061209e-06,0.0001261903346782404
33,7,1-4,adjust,0.008886716809283863,5.142278559349484e-05,7.003133965212428e-05
33,8,1-5,adjust,0.002673542943851953,3.201303395521614e-05,3.6460231208750896e-05
33,9,1-5,adjust,0.0032239439049352456,8.857634399161629e-05,2.565399680549806e-05
34,2,1-7,adjust,0.0010293983408484828,-2.8283153315592542e-05,8.884893764508916e-05
34,3,1-7,adjust,0.001881309740208968,-2.2421188181784626e-05,0.00010949087104872596
34,4,1-7,adjust,-0.00015872459099333555,4.5712145057680485e-07,9.38750813437089e-05
34,5,1-7,adjust,0.005423459766825267,-9.442877042903113e-06,0.0001283663228005484
34,6,1-7,adjust,0.0047368714318468865,8.352546902042854e-06,0.00022155125562191028
34,9,1-8,adjust,-0.0017334879635713348,-4.763647172925534e-05,2.1817755249435397e-05
35,2,1-4,adjust,-0.0020015197310301993,5.499366359922901e-05,7.277074981119577e-05
35,3,1-4,adjust,-0.0029160367457673193,3.4752171271175196e-05,0.0001820497989397137
35,6,1-5,adjust,0.0014345107115845072,2.5296347187570385e-06,6.838403165083176e-05
35,7,1-4,adjust,0.0044233016896898505,2.559402165404512e-05,2.16057698486988e-05
35,8,1-5,adjust,0.0019553687618396104,2.3375668759910485e-05,2.1958473719091042e-05
35,9,1-5,adjust,0.002481098923699136,6.816813920381513e-05,2.5115024621876687e-05
36,2,1-7,adjust,0.0008661468599247138,-2.379712574941186e-05,8.323815215898527e-05
36,3,1-7,adjust,0.0017485483049285422,-2.0838817022596038e-05,9.769799493771048e-05
36,4,1-7,adjust,-8.145945233494234e-05,2.407233854104569e-07,7.664625866474578e-05
36,5,1-7,adjust,0.0037027605032055664,-6.469742244388599e-06,0.00010495325030119417
36,6,1-7,adjust,0.0035162562458762093,6.200240544851186e-06,0.00018866704512812403
36,9,1-8,adjust,-0.0014056435544063887,-3.8626571493265464e-05,1.8612613569785495e-06
37,2,1-4,adjust,-0.0014492228480426186,3.981797347511525e-05,4.77694950935675e-05
37,3,1-4,adjust,-0.002363736546897812,2.8169979420344832e-05,0.0001369300375376567
37,6,1-5,adjust,0.0005880643740090452,1.0370771734509577e-06,2.9144964668164296e-05
37,7,1-4,adjust,0.002201624763866048,1.2738339361025903e-05,1.1320373699018929e-05
37,8,1-5,adjust,0.0013993131815975897,1.671070380639805e-05,1.2053791118455552e-05
37,9,1-5,adjust,0.0019445829868037464,5.3427961168720856e-05,2.4831165349368637e-05
38,2,1-7,adjust,0.000834510777682267,-2.292766572507092e-05,7.39192838068711e-05
38,3,1-7,adjust,0.0017325590349620637,-2.064810003995639e-05,8.678213133717258e-05
38,4,1-7,adjust,-4.1787932782045714e-05,1.264994976794751e-07,6.432594157107297e-05
38,5,1-7,adjust,0.0023445997294875365,-4.105131944908517e-06,9.103441682664243e-05
38,6,1-7,adjust,0.0023923311819090526,4.21841800891662e-06,0.0001723017970628262
38,9,1-8,adjust,-0.001173164533849714,-3.223767179149642e-05,2.348017883564687e-06
39,2,1-4,adjust,-0.0011498009010920925,3.159064215814449e-05,3.203486420973592e-05
39,3,1-4,adjust,-0.002064315554568428,2.4601578872942294e-05,0.00010850690960954211
39,6,1-5,adjust,0.0001292062978044467,2.2793748817216634e-07,4.381534348701295e-06
39,7,1-4,adjust,0.0010958006354408888,6.339842566342881e-06,3.211987728170524e-05
39,8,1-5,adjust,0.0009663707805525549,1.1532710178481041e-05,5.780975325878824e-06
39,9,1-5,adjust,0.001559492002988637,4.2847880007795914e-05,2.4681768584315583e-05
40,2,1-7,adjust,0.0008313087339828735,-2.2839608582632676e-05,6.514691452775377e-05
40,3,1-7,adjust,0.0017373897937151045,-2.0705565431912056e-05,7.815236973916514e-05
40,4,1-7,adjust,-2.1417083289440925e-05,6.628409675795999e-08,5.582133928086835e-05
40,5,1-7,adjust,0.0014177714436889454,-2.4857676318464485e-06,8.267150768166886e-05
40,6,1-7,adjust,0.0015935408293265597,2.8099004218307654e-06,0.00016415773160818073
40,9,1-8,adjust,-0.0010197555475076705,-2.802173317528964e-05,9.190632782366121e-06
41,2,1-4,adjust,-0.0009946398554880314,2.7327267567248127e-05,2.2558031180421485e-05
41,3,1-4,adjust,-0.0019091572268467656,2.2752467681636536e-05,9.137726735488833e-05
41,6,1-5,adjust,-0.00010856631014945033,-1.9135878248716667e-07,1.0560211504472436e-05
41,7,1-4,adjust,0.0005453951211903132,3.1552623729532445e-06,4.4677872254795586e-05
41,8,1-5,adjust,0.0006443628029835399,7.686416915486705e-06,1.9874344200704326e-06
41,9,1-5,adjust,0.0012899412193279794,3.544218476938396e-05,2.4603298977002618e-05
42,2,1-7,adjust,0.000832920959263653,-2.288386073017956e-05,5.827819395060346e-05
42,3,1-7,adjust,0.0017431228815972912,-2.0773828261891495e-05,7.192210824343768e-05
42,4,1-7,adjust,-1.0964376362316104e-05,3.462637913892004e-08,5.0152278942717506e-05
42,5,1-7,adjust,0.0008310531055522002,-1.4585212123328445e-06,7.764039458829607e-05
42,6,1-7,adjust,0.0010809724020373974,1.9060788999109423e-06,0.00016010512044295423
42,9,1-8,adjust,-0.0009237913807031163,-2.5384403843279943e-05,1.6591741447177266e-05
43,2,1-4,adjust,-0.0009158805526740469,2.516321585441713e-05,1.7018628077033543e-05
43,3,1-4,adjust,-0.0018304003351788212,2.1813881984858773e-05,8.136021729970245e-05
43,6,1-5,adjust,-0.00022925517880801745,-4.0419245648556813e-07,1.9305148399600848e-05
43,7,1-4,adjust,0.0002714453167797032,1.5703041888814313e-06,5.203101203866633e-05
43,8,1-5,adjust,0.00041661602245460374,4.968145569344492e-06,2.3637208126940883e-07
43,9,1-5,adjust,0.0011070305326660855,3.0416895694072248e-05,2.45621866808832e-05
44,2,1-7,adjust,0.0008345592989887574,-2.292884497140614e-05,5.3390534435492526e-05
44,3,1-7,adjust,0.0017468730656501183,-2.0818487369636137e-05,6.768533907275685e-05
44,4,1-7,adjust,-5.6065917160146594e-06,1.803515685734352e-08,4.648769318251537e-05
44,5,1-7,adjust,0.0004763258026065747,-8.365970437410485e-07,7.46264192905611e-05
44,6,1-7,adjust,0.0007695370762230314,1.3569181103615083e-06,0.00015808861716545516
44,9,1-8,adjust,-0.0008660345549965731,-2.3797035556227192e-05,2.262070923891772e-05
45,2,1-4,adjust,-0.0008762980005112841,2.407562502881036e-05,1.385032592480171e-05
45,3,1-4,adjust,-0.0017908193821447275,2.1342177664565504e-05,7.562899476335536e-05
45,6,1-5,adjust,-0.0002899080108545173,-5.111565083045337e-07,2.4311668720709674e-05
45,7,1-4,adjust,0.00013509671945054853,7.814898673125297e-07,5.6242156429048366e-05
45,8,1-5,adjust,0.0002624161996477444,3.1286017159667365e-06,1.5110312573042587e-06
45,9,1-5,adjust,0.0009866181541644474,2.7108718422663667e-05,2.4540702276253324e-05
46,2,1-7,adjust,0.0008356005447341507,-2.2957434909347655e-05,5.0114540405164914e-05
46,3,1-7,adjust,0.001748995371492817,-2.084376208649747e-05,6.492455209141436e-05
46,4,1-7,adjust,-2.8635842336418306e-06,9.36755584107363e-09,4.417982853664387e-05
46,5,1-7,adjust,0.00026842015839045305,-4.717252970216925e-07,7.283360910376524e-05
46,6,1-7,adjust,0.0005866657362404285,1.0344566924440973e-06,0.00015708532170927882
46,9,1-8,adjust,-0.0008322444712130027,-2.2868310016188768e-05,2.6967867689325864e-05
47,2,1-4,adjust,-0.0008565018758026509,2.3531699896226985e-05,1.2067822416426149e-05
47,3,1-4,adjust,-0.0017710241864879388,2.110626987284937e-05,7.240374691759976e-05
47,6,1-5,adjust,-0.0003202401877190438,-5.646503328693592e-07,2.7130461777854652e-05
47,7,1-4,adjust,6.723541612175259e-05,3.8891453158438506e-07,5.861376469721394e-05
47,8,1-5,adjust,0.0001616915689577426,1.92739873322708e-06,2.2293577080678813e-06
47,9,1-5,adjust,0.000909476242223398,2.4989364809800126e-05,2.4529502450074587e-05
48,2,1-7,adjust,0.0008361834680117061,-2.2973440164478334e-05,4.800795478328712e-05
48,3,1-7,adjust,0.0017501310547435337,-2.085728735901581e-05,6.318236131374103e-05
48,4,1-7,adjust,-1.460962921808388e-06,4.853166101751023e-09,4.2757985230136485e-05
48,5,1-7,adjust,0.00014926744081711956,-2.624551405470135e-07,7.177607721270059e-05
48,6,1-7,adjust,0.00048179017836247643,8.495270007751074e-07,0.0001565861850960363
48,9,1-8,adjust,-0.0008128934984954906,-2.2336412887987923e-05,2.9891623547589267e-05
49,2,1-4,adjust,-0.0008466255365851314,2.3260335312466985e-05,1.1077868669907672e-05
49,3,1-4,adjust,-0.0017611483506316684,2.0988575506466894e-05,7.061216190680239e-05
49,6,1-5,adjust,-0.0003353719771782468,-5.913375592536639e-07,2.869687676277187e-05
49,7,1-4,adjust,3.3461368991150355e-05,1.9354232129379335e-07,5.993195622606558e-05
49,8,1-5,adjust,9.779415281162913e-05,1.165566368384321e-06,2.62882837017154e-06
49,9,1-5,adjust,0.0008612085835411822,2.3663300243928807e-05,2.4523676973309874e-05
50,2,1-7,adjust,0.0008364937801836698,-2.2981960241797232e-05,4.6694240253568285e-05
50,3,1-7,adjust,0.001750723694756246,-2.0864345447381375e-05,6.211016685507597e-05
50,4,1-7,adjust,-7.445479409690515e-07,2.508289897092979e-09,4.189811838423413e-05
50,5,1-7,adjust,8.212679453725787e-05,-1.4446340454607756e-07,7.115768471295618e-05
50,6,1-7,adjust,0.00042268251527273227,7.453009501545753e-07,0.0001563378901779981
50,9,1-8,adjust,-0.0008019930219847742,-2.2036773315797096e-05,3.17703100463864e-05
51,2,1-4,adjust,-0.0008417042554023825,2.312511737997693e-05,1.0533778026141914e-05
51,3,1-4,adjust,-0.001756227331676244,2.0929929767236867e-05,6.96273176847572e-05
51,6,1-5,adjust,-0.0003429114170237931,-6.046349102355743e-07,2.9558219352014936e-05
51,7,1-4,adjust,1.6652526383326114e-05,9.631386820569075e-08,6.0656932450859185e-05
51,8,1-5,adjust,5.822054671878858e-05,6.938263722759457e-07,2.8486219552715302e-06
51,9,1-5,adjust,0.0008316133740721152,2.285023496458502e-05,2.452065318210972e-05
52,2,1-7,adjust,0.0008366552282202794,-2.298639301140688e-05,4.589417128330573e-05
52,3,1-7,adjust,0.0017510291816350912,-2.0867983718892794e-05,6.146346887186435e-05
52,4,1-7,adjust,-3.790501321707892e-07,1.2935184003045565e-09,4.1386254330723473e-05
52,5,1-7,adjust,4.4792086253546346e-05,-7.881969980783351e-08,7.07991665598618e-05
52,6,1-7,adjust,0.00038981408951465214,6.873432098647597e-07,0.0001562143900837584
52,9,1-8,adjust,-0.000795932533342156,-2.1870166856401782e-05,3.2938818941318136e-05
53,2,1-4,adjust,-0.000839253564958241,2.305778189448516e-05,1.023729433564299e-05
53,3,1-4,adjust,-0.0017537767747784648,2.090072552038407e-05,6.909058430289583e-05
53,6,1-5,adjust,-0.0003466656018367755,-6.112563801519493e-07,3.002777042905183e-05
53,7,1-4,adjust,8.28719328621077e-06,4.79283761549341e-08,6.10522026785541e-05
53,8,1-5,adjust,3.419459189346118e-05,4.074646556021852e-07,2.9684994791549943e-06
53,9,1-5,adjust,0.0008137796341351356,2.2360295755688948e-05,2.4519086272966917e-05
54,2,1-7,adjust,0.0008367382857063403,-2.298867347196654e-05,4.541606244561791e-05
54,3,1-7,adjust,0.0017511856461299678,-2.0869847196591566e-05,6.10798186557069e-05
54,4,1-7,adjust,-1.9278554633512314e-07,6.657114850901299e-10,4.108564643577443e-05
54,5,1-7,adjust,2.425152654529251e-05,-4.268836298644666e-08,7.059300359105476e-05
54,6,1-7,adjust,0.00037173160983405693,6.554579056267497e-07,0.00015615296941812884
54,9,1-8,adjust,-0.0007925984858096617,-2.1778505160191097e-05,3.364798624792623e-05
55,2,1-4,adjust,-0.0008380335705460828,2.3024261194697766e-05,1.0076892684112545e-05
55,3,1-4,adjust,-0.0017525568475280687,2.088618717270086e-05,6.880016906099351e-05
55,6,1-5,adjust,-0.00034853431073494256,-6.145524246101333e-07,3.0281892860288258e-05
55,7,1-4,adjust,4.12406716446739e-06,2.3849953091889903e-08,6.126615086044494e-05
55,8,1-5,adjust,1.9849796699554686e-05,2.3651099903621774e-07,3.0334054542565287e-06
55,9,1-5,adjust,0.0008031926265186949,2.206944579590213e-05,2.4518276018216792e-05
56,2,1-7,adjust,0.000836780763658895,-2.298983977268838e-05,4.513475174464056e-05
56,3,1-7,adjust,0.001751265496504848,-2.08707982203846e-05,6.085535435112338e-05
56,4,1-7,adjust,-9.795963543848104e-08,3.4196701004111266e-10,4.0911158218931624e-05
56,5,1-7,adjust,1.3049047208874576e-05,-2.2975923589957355e-08,7.047535429664276e-05
56,6,1-7,adjust,0.00036187044523265573,6.380694605809074e-07,0.00015612242721683233
56,9,1-8,adjust,-0.0007907802523375914,-2.172851334715448e-05,3.407016768390468e-05
57,2,1-4,adjust,-0.0008374263422785525,2.3007576929462664e-05,9.990641576331755e-06
57,3,1-4,adjust,-0.0017519496528176557,2.0878950997412237e-05,6.864399078648321e-05
57,6,1-5,adjust,-0.0003494643367599596,-6.161928623066141e-07,3.041858061635006e-05
57,7,1-4,adjust,2.052271847980894e-06,1.1867880964310074e-08,6.138124199980903e-05
57,8,1-5,adjust,1.1405793849187426e-05,1.3589003617066134e-07,3.0683298676405347e-06
57,9,1-5,adjust,0.0007969883452629617,2.1899001080896255e-05,2.451785762459457e-05
58,2,1-7,adjust,0.0008368024156895265,-2.2990434270736703e-05,4.4971366753897875e-05
58,3,1-7,adjust,0.0017513061567374008,-2.087128249343075e-05,6.0725564537489746e-05
58,4,1-7,adjust,-4.973166093342076e-08,1.753572841901607e-10,4.081090342567449e-05
58,5,1-7,adjust,6.983938364866146e-06,-1.2300067393782792e-08,7.040869061963015e-05
58,6,1-7,adjust,0.00035653193612904125,6.286559287954525e-07,0.0001561072419031711
58,9,1-8,adjust,-0.0007897958969295926,-2.1701446645775836e-05,3.431761511200093e-05
59,2,1-4,adjust,-0.0008371241358040496,2.299927347378256e-05,9.944505686307276e-06
59,3,1-4,adjust,-0.001751647462991686,2.0875349684234506e-05,6.856044312159364e-05
59,6,1-5,adjust,-0.0003499271510974968,-6.170092248611161e-07,3.049171433182014e-05
59,7,1-4,adjust,1.0212566154288254e-06,5.905403821513845e-09,6.144282637080958e-05
59,8,1-5,adjust,6.495414012351082e-06,7.738178999233429e-08,3.0870217834191155e-06
59,9,1-5,adjust,0.0007933931401278913,2.180023398213585e-05,2.4517641863550025e-05
60,2,1-7,adjust,0.0008368134293320891,-2.2990736675031833e-05,4.487751263708095e-05
60,3,1-7,adjust,0.001751326829281181,-2.0871528711026207e-05,6.065127483421862e-05
60,4,1-7,adjust,-2.5226075106446278e-08,8.977535380220768e-11,4.075381370836693e-05
60,5,1-7,adjust,3.7205636607360283e-06,-6.554201272562247e-09,7.037116311974885e-05
60,6,1-7,adjust,0.000353659718255665,6.235912731659126e-07,0.0001560996930706601
60,9,1-8,adjust,-0.000789266285403537,-2.1686882805615433e-05,3.4460789845834406e-05
61,2,1-4,adjust,-0.0008369737420464207,2.2995141239292505e-05,9.919939974230631e-06
61,3,1-4,adjust,-0.0017514970775315988,2.0873557482481604e-05,6.851595341698e-05
61,6,1-5,adjust,-0.0003501574502808033,-6.17415464588295e-07,3.053066439914665e-05
61,7,1-4,adjust,5.08189444756957e-07,2.9384393642158282e-09,6.14756281039006e-05
61,8,1-5,adjust,3.6698737119091398e-06,4.371748647545543e-08,3.0969795985257488e-06
61,9,1-5,adjust,0.000791330257743008,2.1743563110237582e-05,2.4517530735792773e-05
62,2,1-7,adjust,0.0008368190234626741,-2.2990890276510378e-05,4.4824108337758276e-05
62,3,1-7,adjust,0.0017513373271274893,-2.0871653746046966e-05,6.0609126133931284e-05
62,4,1-7,adjust,-1.2785371870575728e-08,4.589079116310254e-11,4.072156034529526e-05
62,5,1-7,adjust,1.9740229018168523e-06,-3.4782410849954343e-09,7.035016417318662e-05
62,6,1-7,adjust,0.0003521226230264346,6.20880873701976e-07,0.0001560959410654771
62,9,1-8,adjust,-0.000788982856052831,-2.1679088110102615e-05,3.454273593766288e-05
63,2,1-4,adjust,-0.0008368989012991853,2.2993084906931077e-05,9.906911933406725e-06
63,3,1-4,adjust,-0.0017514222408830183,2.087266562468987e-05,6.849235732268626e-05
63,6,1-5,adjust,-0.000350272043802719,-6.176176085724995e-07,3.0551325186951605e-05
63,7,1-4,adjust,2.5287571309200386e-07,1.4620913328073974e-09,6.149302881979845e-05
63,8,1-5,adjust,2.0589110160406225e-06,2.4525368720277737e-08,3.1022629347407857e-06
63,9,1-5,adjust,0.0007901568482954969,2.1711327780751725e-05,2.451747356809917e-05
64,2,1-7,adjust,0.0008368218616454878,-2.2990968207030976e-05,4.4793970340462206e-05
64,3,1-7,adjust,0.0017513426527542325,-2.0871717177363704e-05,6.058539740235683e-05
64,4,1-7,adjust,-6.474977521977929e-09,2.3424762128971873e-11,4.070346631215555e-05
64,5,1-7,adjust,1.0436040426091553e-06,-1.8392189307502044e-09,7.033847877048574e-05
64,6,1-7,adjust,0.0003513038287158635,6.194370723040634e-07,0.00015609407653431948
64,9,1-8,adjust,-0.0007888318763445977,-2.167493561176522e-05,3.458920339273379e-05
65,2,1-4,adjust,-0.0008368616592702504,2.2992061640514104e-05,9.900027168657256e-06
65,3,1-4,adjust,-0.0017513850009051029,2.087222182138575e-05,6.847988699921103e-05
65,6,1-5,adjust,-0.0003503290619862169,-6.177181937687235e-07,3.0562245534076194e-05
65,7,1-4,adjust,1.2582853096801143e-07,7.274827397036783e-10,6.150222664386768e-05
65,8,1-5,adjust,1.1478564151503797e-06,1.3672276444562119e-08,3.105056068345445e-06
65,9,1-5,adjust,0.0007894945181178899,2.1693132684147683e-05,2.4517444191062305e-05
66,2,1-7,adjust,0.0008368233002844092,-2.2991007709708398e-05,4.477708529357764e-05
66,3,1-7,adjust,0.0017513453521382687,-2.087174932917029e-05,6.057212999661816e-05
66,4,1-7,adjust,-3.276689958075447e-09,1.1941114763386004e-11,4.069337935537784e-05
66,5,1-7,adjust,5.499593911200212e-07,-9.694226812142454e-10,7.033200911578753e-05
66,6,1-7,adjust,0.00035086943106333576,6.18671088153663e-07,0.00015609315014499415
66,9,1-8,adjust,-0.000788751777407505,-2.167273240846986e-05,3.461534107248286e-05
67,2,1-4,adjust,-0.0008368431275197481,2.299155246003836e-05,9.896400338313667e-06
67,3,1-4,adjust,-0.0017513664701360886,2.087200098273528e-05,6.847331737150956e-05
67,6,1-5,adjust,-0.0003503574316925674,-6.177682424041904e-07,3.0567999222429334e-05
67,7,1-4,adjust,6.260974841783855e-08,3.619606833978002e-10,6.150707305717663e-05
67,8,1-5,adjust,6.363197635516298e-07,7.578880828191759e-09,3.1065279939321822e-06
67,9,1-5,adjust,0.0007891232310091745,2.1682932986952646e-05,2.4517429109810797e-05
68,2,1-7,adjust,0.0008368240288830661,-2.2991027715885726e-05,4.47676859316093e-05
68,3,1-7,adjust,0.001751346719217279,-2.0871765612085476e-05,6.056475704301777e-05
68,4,1-7,adjust,-1.656975282596539e-09,6.0789706601132324e-12,4.068778791770645e-05
68,5,1-7,adjust,2.8898897945680714e-07,-5.095000358100006e-10,7.032844390479616e-05
68,6,1-7,adjust,0.0003506397933355701,6.182661618425371e-07,0.00015609268996201155
68,9,1-8,adjust,-0.0007887094351018463,-2.167156763907423e-05,3.462993987063443e-05
69,2,1-4,adjust,-0.0008368339062656837,2.299129909538929e-05,9.894495161429663e-06
69,3,1-4,adjust,-0.0017513572493657909,2.0871891095516332e-05,6.846986615919465e-05
69,6,1-5,adjust,-0.000350371546858758,-6.177931429740698e-07,3.0571022094068724e-05
69,7,1-4,adjust,3.115265571234053e-08,1.8009038698552958e-10,6.150961940196462e-05
69,8,1-5,adjust,3.5094332288999194e-07,4.179688739144179e-09,3.1073014498267393e-06
69,9,1-5,adjust,0.0007889163774765461,2.1677250505358477e-05,2.4517421375382452e-05
70,2,1-7,adjust,0.0008368243976030457,-2.2991037840743696e-05,4.476248354582566e-05
70,3,1-7,adjust,0.0017513474110426913,-2.087177385252693e-05,6.056068216906658e-05
70,4,1-7,adjust,-8.373124375766574e-10,3.0910274339918767e-12,4.0684704296342653e-05
70,5,1-7,adjust,1.5146442357813264e-07,-2.6708547225334767e-10,7.03264876978988e-05
70,6,1-7,adjust,0.0003505187856843456,6.180527866910643e-07,0.00015609246141600538
70,9,1-8,adjust,-0.0007886871233784206,-2.1670953825672444e-05,3.46380430470727e-05
71,2,1-4,adjust,-0.0008368293179436112,2.2991173025815417e-05,9.893496922943166e-06
71,3,1-4,adjust,-0.001751352661273423,2.087183641736372e-05,6.846805777374008e-05
71,6,1-5,adjust,-0.00035037856965136686,-6.178055317652835e-07,3.057260617951486e-05
71,7,1-4,adjust,1.5500236228794735e-08,8.960060469819157e-11,6.151095383535072e-05
71,8,1-5,adjust,1.926532436624855e-07,2.2943585241662477e-09,3.107706830488038e-06
71,9,1-5,adjust,0.0007888017741288673,2.1674102246015385e-05,2.4517417413149888e-05
72,2,1-7,adjust,0.0008368245840324931,-2.2991042958730025e-05,4.475961892141995e-05
72,3,1-7,adjust,0.001751347760922036,-2.0871778019890833e-05,6.055844119546445e-05
72,4,1-7,adjust,-4.228562897934647e-10,1.5701329125714184e-12,4.068301160887063e-05
72,5,1-7,adjust,7.919984674370855e-08,-1.3968089771297602e-10,7.032541861221084e-05
72,6,1-7,adjust,0.00035045520271768666,6.179406678689146e-07,0.00015609234793652885
72,9,1-8,adjust,-0.000788675400185186,-2.167063128216273e-05,3.464251582257822e-05
73,2,1-4,adjust,-0.0008368270349399849,2.2991110298677202e-05,9.892975092725381e-06
73,3,1-4,adjust,-0.0017513503784133166,2.0871809211414867e-05,6.846711239720939e-05
73,6,1-5,adjust,-0.0003503820635838445,-6.178116963061593e-07,3.057343436380883e-05
73,7,1-4,adjust,7.712086721383727e-09,4.457767488095403e-11,6.151165152986459e-05
73,8,1-5,adjust,1.0531040336490148e-07,1.2541077432967703e-09,3.1079187996424644e-06
73,9,1-5,adjust,0.0007887385997809286,2.167236679742158e-05,2.45174153847127e-05
74,2,1-7,adjust,0.0008368246782525335,-2.2991045546879345e-05,4.475804888238296e-05
74,3,1-7,adjust,0.0017513479376996403,-2.08717801255875e-05,6.055721429596257e-05
74,4,1-7,adjust,-2.1340719399589877e-10,7.965295090161064e-13,4.068208638115899e-05
74,5,1-7,adjust,4.13250688905671e-08,-7.289503914868931e-11,7.032483649736924e-05
74,6,1-7,adjust,0.00035042187937396786,6.17881908394159e-07,0.00015609229160417024
74,9,1-8,adjust,-0.000788669256348174,-2.167046223094141e-05,3.4644972409397134e-05
75,2,1-4,adjust,-0.0008368258990145297,2.2991079087387762e-05,9.892702881236287e-06
75,3,1-4,adjust,-0.0017513492425603348,2.0871795675017376e-05,6.846661922266105e-05
75,6,1-5,adjust,-0.00035038380186721543,-6.178147629770688e-07,3.057386643612165e-05
75,7,1-4,adjust,3.837047694663584e-09,2.2177815138972728e-11,6.151201553827214e-05
75,8,1-5,adjust,5.734258750661183e-08,6.82841631134863e-10,3.108029401293149e-06
75,9,1-5,adjust,0.0007887039347708371,2.1671414526167294e-05,2.4517414346713464e-05
76,2,1-7,adjust,0.0008368247258229295,-2.2991046853116934e-05,4.475719201081884e-05
76,3,1-7,adjust,0.0017513480269807009,-2.087178118923128e-05,6.055654532914913e-05
76,4,1-7,adjust,-0.0,-0.0,4.06815820506869e-05
76,5,1-7,adjust,2.1520793296445168e-08,-3.796722669981388e-11,7.032452061885887e-05
76,6,1-7,adjust,0.00035040445554433485,6.178511842580324e-07,0.00015609226364727337
76,9,1-8,adjust,-0.00078866604405633,-2.1670373834414207e-05,3.4646315576559256e-05
77,2,1-4,adjust,-0.0008368253124392065,2.2991062969677714e-05,9.892562387082568e-06
77,3,1-4,adjust,-0.001751348634738579,2.0871788431395397e-05,6.846636420556717e-05
77,6,1-5,adjust,-0.0003503846666498273,-6.178162891801546e-07,3.0574090654981056e-05
77,7,1-4,adjust,1.9184373141029313e-09,1.1087797346696629e-11,6.151220479750966e-05
77,8,1-5,adjust,3.1112235289037857e-08,3.70470356371331e-10,3.108087184094443e-06
77,9,1-5,adjust,0.0007886849929874946,2.167089418390145e-05,2.451741432937475e-05
78,2,1-7,adjust,0.0008368247377607808,-2.2991047181194746e-05,4.4756726212080105e-05
78,3,1-7,adjust,0.001751348049362502,-2.0871781456106863e-05,6.055618196158493e-05
78,4,1-7,adjust,-0.0,-0.0,4.068130873282123e-05
78,5,1-7,adjust,1.1189450329352907e-08,-1.9743601675064404e-11,7.032434972721609e-05
78,6,1-7,adjust,0.00035039536843916436,6.178351606492313e-07,0.0001560922497061785
78,9,1-8,adjust,-0.0007886643680900995,-2.16703277107946e-05,3.464704683209221e-05
79,2,1-4,adjust,-0.0008368250251252738,2.2991055076017962e-05,9.89248933648636e-06
79,3,1-4,adjust,-0.001751348342035858,2.0871784943567004e-05,6.846623161007883e-05
79,6,1-5,adjust,-0.00035038509794250403,-6.178170496410656e-07,3.057420723388883e-05
79,7,1-4,adjust,9.591801978207425e-10,5.543343561894713e-12,6.151230319682434e-05
79,8,1-5,adjust,1.6825212987897354e-08,2.003377036180644e-10,3.108117224281011e-06
79,9,1-5,adjust,0.0007886746824519325,2.1670610948984868e-05,2.451741431844591e-05
80,2,1-7,adjust,0.0008368247407590947,-2.2991047262951823e-05,4.4756473888928746e-05
80,3,1-7,adjust,0.001751348054968265,-2.087178152234038e-05,6.055598526202018e-05
80,4,1-7,adjust,-0.0,-0.0,4.068116093286755e-05
80,5,1-7,adjust,5.809269080209993e-09,-1.0251635449277948e-11,7.032425754772421e-05
80,6,1-7,adjust,0.0003503906368450427,6.178268170378087e-07,0.00015609224275604647
80,9,1-8,adjust,-0.0007886634952954905,-2.1670303688554753e-05,3.464744348141323e-05
81,2,1-4,adjust,-0.000836824882927216,2.2991051169455172e-05,9.892451410277887e-06
81,3,1-4,adjust,-0.0017513481985059105,2.087178323279654e-05,6.846616276910434e-05
81,6,1-5,adjust,-0.00035038531327305077,-6.178174297956976e-07,3.05742677580497e-05
81,7,1-4,adjust,4.795900989161215e-10,2.7716162698107985e-12,6.151235428106525e-05
81,8,1-5,adjust,9.071441351576495e-09,1.0800867901036856e-10,3.108132819284052e-06
81,9,1-5,adjust,0.0007886690898466907,2.167045731729778e-05,2.451741431072201e-05
82,2,1-7,adjust,0.0008368247415229778,-2.2991047284484844e-05,4.4756337643689276e-05
82,3,1-7,adjust,0.0017513480562909186,-2.08717815376592e-05,6.055587911773291e-05
82,4,1-7,adjust,-0.0,-0.0,4.068108124941217e-05
82,5,1-7,adjust,3.011873360655429e-09,-5.315778372325465e-12,7.032420796307372e-05
82,6,1-7,adjust,0.0003503881768454122,6.178224797621047e-07,0.0001560922392925984
82,9,1-8,adjust,-0.0007886630414887344,-2.1670291197247628e-05,3.4647657911623376e-05
83,2,1-4,adjust,-0.0008368248122279079,2.299104922680414e-05,9.892431746221703e-06
83,3,1-4,adjust,-0.0017513481273839385,2.0871782385037417e-05,6.846612707641702e-05
83,6,1-5,adjust,-0.00035038542086016664,-6.178176199757303e-07,3.057429913618563e-05
83,7,1-4,adjust,2.397838321771611e-10,1.3859469127871446e-12,6.151238076670335e-05
83,8,1-5,adjust,4.877318567067158e-09,5.8068960864024375e-11,3.1081409051819016e-06
83,9,1-5,adjust,0.0007886660662500165,2.1670374258849593e-05,2.4517414308206136e-05
84,2,1-7,adjust,0.0008368247416870504,-2.2991047288770638e-05,4.475626429400827e-05
84,3,1-7,adjust,0.0017513480567088204,-2.087178154269505e-05,6.055582200341754e-05
84,4,1-7,adjust,-0.0,-0.0,4.068103840971354e-05
84,5,1-7,adjust,1.55954087457197e-09,-2.752870435945416e-12,7.03241813586606e-05
84,6,1-7,adjust,0.0003503868997480014,6.178202281968535e-07,0.00015609223756651503
84,9,1-8,adjust,-0.0007886628059469664,-2.1670284713415405e-05,3.464777347495046e-05
85,2,1-4,adjust,-0.0008368247769754835,2.2991048257761367e-05,9.892421562884354e-06
85,3,1-4,adjust,-0.0017513480920502802,2.087178196394111e-05,6.846610859479061e-05
85,6,1-5,adjust,-0.00035038547461828547,-6.178177161874933e-07,3.057431538377811e-05
85,7,1-4,adjust,-0.0,-0.0,6.15123973553333e-05
85,8,1-5,adjust,2.615518912739028e-09,3.1139047281206086e-11,3.108145090430065e-06
85,9,1-5,adjust,0.0007886644363680218,2.1670329485324316e-05,2.4517414305353743e-05
86,2,1-7,adjust,0.0008368247593246779,-2.299104777278969e-05,4.475622425173961e-05
86,3,1-7,adjust,0.001751348074366634,-2.0871781753475675e-05,6.0555791044263125e-05
86,4,1-7,adjust,-0.0,-0.0,4.0681015437232105e-05
86,5,1-7,adjust,7.796598678759657e-10,-1.3764900543387226e-12,7.032416746935751e-05
86,6,1-7,adjust,0.0003503861870207754,6.178189722357421e-07,0.00015609223759676966
86,9,1-8,adjust,-0.0007886626838174905,-2.1670281350827965e-05,3.464783741829924e-05
87,2,1-4,adjust,-0.0008368247681374821,2.299104801494623e-05,9.892416472994418e-06
87,3,1-4,adjust,-0.0017513480832126419,2.087178185883869e-05,6.846609935466645e-05
87,6,1-5,adjust,-0.0003503854880628777,-6.178177395092065e-07,3.057432350688529e-05
87,7,1-4,adjust,-0.0,-0.0,6.151240421069529e-05
87,8,1-5,within_tolerance,0.0,0.0,3.1081471835909737e-06
87,9,1-5,adjust,0.0007886635602170383,2.167030541711763e-05,2.4517414303318607e-05
88,2,1-7,adjust,0.0008368247637528869,-2.2991047894627856e-05,4.475622425097043e-05
88,3,1-7,adjust,0.001751348078773477,-2.0871781805448736e-05,6.055579104477592e-05
88,4,1-7,adjust,-0.0,-0.0,4.0681015437232105e-05
88,5,1-7,adjust,3.897724513650993e-10,-6.881621735731857e-13,7.032416746916522e-05
88,6,1-7,adjust,0.000350385837455324,6.178183552220778e-07,0.0001560922375964812
88,9,1-8,adjust,-0.000788663121963755,-2.1670293386426292e-05,3.464783741339568e-05
89,2,1-4,adjust,-0.0008368247659524073,2.2991047955431544e-05,9.892413926671328e-06
89,3,1-4,adjust,-0.0017513480809769261,2.0871781832046075e-05,6.846609473532548e-05
89,6,1-5,adjust,-0.00035038549141160557,-6.178177436570159e-07,3.057432756795814e-05
89,7,1-4,adjust,-0.0,-0.0,6.151240763818398e-05
89,8,1-5,within_tolerance,0.0,0.0,3.108148230259564e-06
89,9,1-5,adjust,0.0007886633411488386,2.1670299403112465e-05,2.451741430270967e-05
90,2,1-7,adjust,0.0008368247648384391,-2.299104792483207e-05,4.4756224251130675e-05
90,3,1-7,adjust,0.0017513480798716367,-2.0871781818462147e-05,6.0555791045481e-05
90,4,1-7,adjust,-0.0,-0.0,4.0681015437232105e-05
90,5,1-7,adjust,1.9486255638708627e-10,-3.4402084770845875e-13,7.032416746932546e-05
90,6,1-7,adjust,0.0003503856644056933,6.178180498538206e-07,0.00015609223759664145
90,9,1-8,adjust,-0.0007886632315521768,-2.1670296396102978e-05,3.464783741301109e-05
91,2,1-4,adjust,-0.0008368247654019102,2.2991047939715173e-05,9.892412654567412e-06
91,3,1-4,adjust,-0.0017513480804339664,2.08717818252792e-05,6.84660924254627e-05
91,6,1-5,adjust,-0.00035038549220773175,-6.178177469114048e-07,3.057432959742091e-05
91,7,1-4,adjust,-0.0,-0.0,6.151240935154374e-05
91,8,1-5,within_tolerance,0.0,0.0,3.108148752520205e-06
91,9,1-5,adjust,0.0007886632863209535,2.167029789788199e-05,2.451741430171614e-05
92,2,1-7,adjust,0.0008368247651219703,-2.299104793169681e-05,4.475622425183576e-05
92,3,1-7,adjust,0.0017513480801799922,-2.087178182269206e-05,6.0555791043365745e-05
92,4,1-7,adjust,-0.0,-0.0,4.0681015437232105e-05
92,5,1-7,adjust,9.741538595181728e-11,-1.7197314968393676e-13,7.032416746932546e-05
92,6,1-7,adjust,0.00035038557826301016,6.178178975102902e-07,0.0001560922375964171
92,9,1-8,adjust,-0.0007886632589280677,-2.167029714777285e-05,3.464783741272264e-05
93,2,1-4,adjust,-0.0008368247652337556,2.2991047935576312e-05,9.892412019637183e-06
93,3,1-4,adjust,-0.0017513480803033948,2.0871781824019147e-05,6.846609127114025e-05
93,6,1-5,adjust,-0.0003503854924320777,-6.178177464003594e-07,3.0574330612777256e-05
93,7,1-4,adjust,-0.0,-0.0,6.151241020803131e-05
93,8,1-5,within_tolerance,0.0,0.0,3.1081490137867354e-06
93,9,1-5,adjust,0.0007886632726078092,2.1670297522279072e-05,2.4517414301235397e-05
94,2,1-7,adjust,0.0008368247651665842,-2.299104793295958e-05,4.4756224252156256e-05
94,3,1-7,adjust,0.0017513480802246201,-2.0871781823390452e-05,6.055579104375034e-05
94,4,1-7,adjust,-0.0,-0.0,4.0681015437232105e-05
94,5,1-7,adjust,-0.0,-0.0,7.032416772017595e-05
94,6,1-7,adjust,0.00035038553537194257,6.178178227110474e-07,0.00015609223759670556
94,9,1-8,adjust,-0.0007886632657622756,-2.167029733449684e-05,3.464783741323544e-05
95,2,1-4,adjust,-0.0008368247651952392,2.2991047934333088e-05,9.892412019060294e-06
95,3,1-4,adjust,-0.001751348080261122,2.0871781823737356e-05,6.846609127133255e-05
95,6,1-5,adjust,-0.0003503855138676734,-6.178177861461472e-07,3.057433061245676e-05
95,7,1-4,adjust,-0.0,-0.0,6.151241020803131e-05
95,8,1-5,within_tolerance,0.0,0.0,3.1081490137867354e-06
95,9,1-5,adjust,0.0007886632691981152,2.1670297428600006e-05,2.4517414301331546e-05
96,2,1-7,adjust,0.000836824765209406,-2.2991047935014913e-05,4.4756224251130675e-05
96,3,1-7,adjust,0.0017513480802435544,-2.0871781823320047e-05,6.055579104504834e-05
96,4,1-7,adjust,-0.0,-0.0,4.0681015437232105e-05
96,5,1-7,adjust,-0.0,-0.0,7.032416772017595e-05
96,6,1-7,adjust,0.0003503855245995188,6.178178039792e-07,0.00015609223759667352
96,9,1-8,adjust,-0.0007886632674984398,-2.167029738212152e-05,3.464783741192141e-05
97,2,1-4,adjust,-0.0008368247651952392,2.2991047934333088e-05,9.892412019573085e-06
97,3,1-4,adjust,-0.0017513480802517278,2.0871781823477388e-05,6.846609127072361e-05
97,6,1-5,adjust,-0.00035038551923487817,-6.178177943902761e-07,3.0574330612424714e-05
97,7,1-4,adjust,-0.0,-0.0,6.151241020803131e-05
97,8,1-5,within_tolerance,0.0,0.0,3.1081490137867354e-06
97,9,1-5,adjust,0.0007886632683583489,2.1670297406064552e-05,2.4517414302180856e-05
98,2,1-7,adjust,0.0008368247651942935,-2.2991047934211143e-05,4.4756224251707566e-05
98,3,1-7,adjust,0.0017513480802340848,-2.0871781823299718e-05,6.055579104512846e-05
98,4,1-7,adjust,-0.0,-0.0,4.0681015437232105e-05
98,5,1-7,adjust,-0.0,-0.0,7.032416772017595e-05
98,6,1-7,adjust,0.000350385521927822,6.178177986585962e-07,0.00015609223759625686
98,9,1-8,adjust,-0.0007886632679132868,-2.167029739366685e-05,3.4647837411729114e-05
99,2,1-4,adjust,-0.0008368247652018152,2.299104793432875e-05,9.892412019316688e-06
99,3,1-4,adjust,-0.001751348080253607,2.087178182335179e-05,6.846609127184534e-05
99,6,1-5,adjust,-0.00035038552061227696,-6.178177953205807e-07,3.0574330613258e-05
99,7,1-4,adjust,-0.0,-0.0,6.151241020803131e-05
99,8,1-5,within_tolerance,0.0,0.0,3.1081490137867354e-06
99,9,1-5,adjust,0.000788663268135275,2.167029739963047e-05,2.4517414302148804e-05
100,2,1-7,adjust,0.0008368247652029286,-2.2991047934226376e-05,4.475622425183576e-05
100,3,1-7,adjust,0.001751348080244229,-2.0871781823337347e-05,6.0555791045240635e-05
100,4,1-7,adjust,-0.0,-0.0,4.0681015437232105e-05
100,5,1-7,adjust,-0.0,-0.0,7.032416772017595e-05
100,6,1-7,adjust,0.00035038552127006323,6.178177972029688e-07,0.00015609223759587227
100,9,1-8,adjust,-0.0007886632680169993,-2.1670297396220146e-05,3.4647837413299534e-05
101,2,1-4,adjust,-0.0008368247651952392,2.2991047934333088e-05,9.892412019060294e-06
101,3,1-4,adjust,-0.0017513480802648796,2.0871781823264122e-05,6.846609127120434e-05
101,6,1-5,adjust,-0.0003503855209220576,-6.178177970696419e-07,3.0574330612296514e-05
101,7,1-4,adjust,-0.0,-0.0,6.151241020803131e-05
101,8,1-5,within_tolerance,0.0,0.0,3.1081490137867354e-06
101,9,1-5,adjust,0.0007886632681007893,2.16702973987847e-05,2.451741430367115e-05
102,2,1-7,adjust,0.000836824765226678,-2.299104793504536e-05,4.475622425125887e-05
102,3,1-7,adjust,0.0017513480802340848,-2.0871781823299718e-05,6.055579104512846e-05
102,4,1-7,adjust,-0.0,-0.0,4.0681015437232105e-05
102,5,1-7,adjust,-0.0,-0.0,7.032416772017595e-05
102,6,1-7,adjust,0.00035038552108511276,6.178177962477875e-07,0.00015609223759574406
102,9,1-8,adjust,-0.0007886632680708753,-2.1670297398218408e-05,3.46478374124983e-05
103,2,1-4,adjust,-0.0008368247652346951,2.2991047934973042e-05,9.892412018355209e-06
103,3,1-4,adjust,-0.001751348080253607,2.087178182335179e-05,6.846609127184534e-05
103,6,1-5,adjust,-0.00035038552099578426,-6.178177968851086e-07,3.057433061271316e-05
103,7,1-4,adjust,-0.0,-0.0,6.151241020803131e-05
103,8,1-5,within_tolerance,0.0,0.0,3.1081490137867354e-06
103,9,1-5,adjust,0.0007886632680507903,2.167029739728158e-05,2.4517414300610433e-05
104,2,1-7,adjust,0.000836824765209406,-2.2991047935014913e-05,4.4756224251130675e-05
104,3,1-7,adjust,0.001751348080244229,-2.0871781823337347e-05,6.0555791045240635e-05
104,4,1-7,adjust,-0.0,-0.0,4.0681015437232105e-05
104,5,1-7,adjust,-0.0,-0.0,7.032416772017595e-05
104,6,1-7,adjust,0.00035038552104193425,6.178177970598429e-07,0.0001560922375960325
104,9,1-8,adjust,-0.0007886632680547128,-2.167029739710826e-05,3.464783741313929e-05
105,2,1-4,adjust,-0.0008368247652346951,2.2991047934973042e-05,9.892412018355209e-06
105,3,1-4,adjust,-0.0017513480802648796,2.0871781823264122e-05,6.846609127120434e-05
105,6,1-5,adjust,-0.0003503855210198325,-6.178177966314581e-07,3.057433061258496e-05
105,7,1-4,adjust,-0.0,-0.0,6.151241020803131e-05
105,8,1-5,within_tolerance,0.0,0.0,3.1081490137867354e-06
105,9,1-5,adjust,0.0007886632680634478,2.167029739799938e-05,2.4517414302501346e-05
106,2,1-7,adjust,0.000836824765209406,-2.2991047935014913e-05,4.4756224251130675e-05
106,3,1-7,adjust,0.0017513480802340848,-2.0871781823299718e-05,6.055579104512846e-05
106,4,1-7,adjust,-0.0,-0.0,4.0681015437232105e-05
106,5,1-7,adjust,-0.0,-0.0,7.032416772017595e-05
106,6,1-7,adjust,0.0003503855210189053,6.17817796723186e-07,0.0001560922375960325
106,9,1-8,adjust,-0.0007886632680708753,-2.1670297398218408e-05,3.46478374124983e-05
107,2,1-4,adjust,-0.0008368247652346951,2.2991047934973042e-05,9.892412018355209e-06
107,3,1-4,adjust,-0.001751348080253607,2.087178182335179e-05,6.846609127184534e-05
107,6,1-5,adjust,-0.0003503855210299587,-6.178177971674134e-07,3.057433061290545e-05
107,7,1-4,adjust,-0.0,-0.0,6.151241020803131e-05
107,8,1-5,within_tolerance,0.0,0.0,3.1081490137867354e-06
107,9,1-5,adjust,0.0007886632680507903,2.167029739728158e-05,2.4517414300610433e-05
108,2,1-7,adjust,0.000836824765209406,-2.2991047935014913e-05,4.4756224251130675e-05
108,3,1-7,adjust,0.001751348080244229,-2.0871781823337347e-05,6.0555791045240635e-05
108,4,1-7,adjust,-0.0,-0.0,4.0681015437232105e-05
108,5,1-7,adjust,-0.0,-0.0,7.032416772017595e-05
108,6,1-7,adjust,0.0003503855210404949,6.178177969832928e-07,0.0001560922375960325
108,9,1-8,adjust,-0.0007886632680547128,-2.167029739710826e-05,3.464783741313929e-05
109,2,1-4,adjust,-0.0008368247652346951,2.2991047934973042e-05,9.892412018355209e-06
109,3,1-4,adjust,-0.0017513480802648796,2.0871781823264122e-05,6.846609127120434e-05
109,6,1-5,adjust,-0.00035038552102805977,-6.178177966089566e-07,3.057433061303365e-05
109,7,1-4,adjust,-0.0,-0.0,6.151241020803131e-05
109,8,1-5,within_tolerance,0.0,0.0,3.1081490137867354e-06
109,9,1-5,adjust,0.0007886632680634478,2.167029739799938e-05,2.4517414302501346e-05
110,2,1-7,adjust,0.000836824765209406,-2.2991047935014913e-05,4.4756224251130675e-05
110,3,1-7,adjust,0.0017513480802340848,-2.0871781823299718e-05,6.055579104512846e-05
110,4,1-7,adjust,-0.0,-0.0,4.0681015437232105e-05
110,5,1-7,adjust,-0.0,-0.0,7.032416772017595e-05
110,6,1-7,adjust,0.0003503855210379766,6.178177970713751e-07,0.00015609223759616072
110,9,1-8,adjust,-0.0007886632680708753,-2.1670297398218408e-05,3.46478374124983e-05
111,2,1-4,adjust,-0.0008368247652346951,2.2991047934973042e-05,9.892412018355209e-06
111,3,1-4,adjust,-0.001751348080253607,2.087178182335179e-05,6.846609127184534e-05
111,6,1-5,adjust,-0.0003503855210299587,-6.178177971674134e-07,3.057433061290545e-05
111,7,1-4,adjust,-0.0,-0.0,6.151241020803131e-05
111,8,1-5,within_tolerance,0.0,0.0,3.1081490137867354e-06
111,9,1-5,adjust,0.0007886632680507903,2.167029739728158e-05,2.4517414300610433e-05
112,2,1-7,adjust,0.000836824765209406,-2.2991047935014913e-05,4.4756224251130675e-05
112,3,1-7,adjust,0.001751348080244229,-2.0871781823337347e-05,6.0555791045240635e-05
112,4,1-7,adjust,-0.0,-0.0,4.0681015437232105e-05
112,5,1-7,adjust,-0.0,-0.0,7.032416772017595e-05
112,6,1-7,adjust,0.0003503855210404949,6.178177969832928e-07,0.0001560922375960325
112,9,1-8,adjust,-0.0007886632680547128,-2.167029739710826e-05,3.464783741313929e-05
113,2,1-4,adjust,-0.0008368247652346951,2.2991047934973042e-05,9.892412018355209e-06
113,3,1-4,adjust,-0.0017513480802648796,2.0871781823264122e-05,6.846609127120434e-05
113,6,1-5,adjust,-0.00035038552102805977,-6.178177966089566e-07,3.057433061303365e-05
113,7,1-4,adjust,-0.0,-0.0,6.151241020803131e-05
113,8,1-5,within_tolerance,0.0,0.0,3.1081490137867354e-06
113,9,1-5,adjust,0.0007886632680634478,2.167029739799938e-05,2.4517414302501346e-05
114,2,1-7,adjust,0.000836824765209406,-2.2991047935014913e-05,4.4756224251130675e-05
114,3,1-7,adjust,0.0017513480802340848,-2.0871781823299718e-05,6.055579104512846e-05
114,4,1-7,adjust,-0.0,-0.0,4.0681015437232105e-05
114,5,1-7,adjust,-0.0,-0.0,7.032416772017595e-05
114,6,1-7,adjust,0.0003503855210379766,6.178177970713751e-07,0.00015609223759616072
114,9,1-8,adjust,-0.0007886632680708753,-2.1670297398218408e-05,3.46478374124983e-05
115,2,1-4,adjust,-0.0008368247652346951,2.2991047934973042e-05,9.892412018355209e-06
115,3,1-4,adjust,-0.001751348080253607,2.087178182335179e-05,6.846609127184534e-05
115,6,1-5,adjust,-0.0003503855210299587,-6.178177971674134e-07,3.057433061290545e-05
115,7,1-4,adjust,-0.0,-0.0,6.151241020803131e-05
115,8,1-5,within_tolerance,0.0,0.0,3.1081490137867354e-06
115,9,1-5,adjust,0.0007886632680507903,2.167029739728158e-05,2.4517414300610433e-05
116,2,1-7,adjust,0.000836824765209406,-2.2991047935014913e-05,4.4756224251130675e-05
116,3,1-7,adjust,0.001751348080244229,-2.0871781823337347e-05,6.0555791045240635e-05
116,4,1-7,adjust,-0.0,-0.0,4.0681015437232105e-05
116,5,1-7,adjust,-0.0,-0.0,7.032416772017595e-05
116,6,1-7,adjust,0.0003503855210404949,6.178177969832928e-07,0.0001560922375960325
116,9,1-8,adjust,-0.0007886632680547128,-2.167029739710826e-05,3.464783741313929e-05
117,2,1-4,adjust,-0.0008368247652346951,2.2991047934973042e-05,9.892412018355209e-06
117,3,1-4,adjust,-0.0017513480802648796,2.0871781823264122e-05,6.846609127120434e-05
117,6,1-5,adjust,-0.00035038552102805977,-6.178177966089566e-07,3.057433061303365e-05
117,7,1-4,adjust,-0.0,-0.0,6.151241020803131e-05
117,8,1-5,within_tolerance,0.0,0.0,3.1081490137867354e-06
117,9,1-5,adjust,0.0007886632680634478,2.167029739799938e-05,2.4517414302501346e-05
118,2,1-7,adjust,0.000836824765209406,-2.2991047935014913e-05,4.4756224251130675e-05
118,3,1-7,adjust,0.0017513480802340848,-2.0871781823299718e-05,6.055579104512846e-05
118,4,1-7,adjust,-0.0,-0.0,4.0681015437232105e-05
118,5,1-7,adjust,-0.0,-0.0,7.032416772017595e-05
118,6,1-7,adjust,0.0003503855210379766,6.178177970713751e-07,0.00015609223759616072
118,9,1-8,adjust,-0.0007886632680708753,-2.1670297398218408e-05,3.46478374124983e-05
119,2,1-4,adjust,-0.0008368247652346951,2.2991047934973042e-05,9.892412018355209e-06
119,3,1-4,adjust,-0.001751348080253607,2.087178182335179e-05,6.846609127184534e-05
119,6,1-5,adjust,-0.0003503855210299587,-6.178177971674134e-07,3.057433061290545e-05
119,7,1-4,adjust,-0.0,-0.0,6.151241020803131e-05
119,8,1-5,within_tolerance,0.0,0.0,3.1081490137867354e-06
119,9,1-5,adjust,0.0007886632680507903,2.167029739728158e-05,2.4517414300610433e-05
120,2,1-7,adjust,0.000836824765209406,-2.2991047935014913e-05,4.4756224251130675e-05
120,3,1-7,adjust,0.001751348080244229,-2.0871781823337347e-05,6.0555791045240635e-05
120,4,1-7,adjust,-0.0,-0.0,4.0681015437232105e-05
120,5,1-7,adjust,-0.0,-0.0,7.032416772017595e-05
120,6,1-7,adjust,0.0003503855210404949,6.178177969832928e-07,0.0001560922375960325
120,9,1-8,adjust,-0.0007886632680547128,-2.167029739710826e-05,3.464783741313929e-05
121,2,1-4,adjust,-0.0008368247652346951,2.2991047934973042e-05,9.892412018355209e-06
121,3,1-4,adjust,-0.0017513480802648796,2.0871781823264122e-05,6.846609127120434e-05
121,6,1-5,adjust,-0.00035038552102805977,-6.178177966089566e-07,3.057433061303365e-05
121,7,1-4,adjust,-0.0,-0.0,6.151241020803131e-05
121,8,1-5,within_tolerance,0.0,0.0,3.1081490137867354e-06
121,9,1-5,adjust,0.0007886632680634478,2.167029739799938e-05,2.4517414302501346e-05
122,2,1-7,adjust,0.000836824765209406,-2.2991047935014913e-05,4.4756224251130675e-05
122,3,1-7,adjust,0.0017513480802340848,-2.0871781823299718e-05,6.055579104512846e-05
122,4,1-7,adjust,-0.0,-0.0,4.0681015437232105e-05
122,5,1-7,adjust,-0.0,-0.0,7.032416772017595e-05
122,6,1-7,adjust,0.0003503855210379766,6.178177970713751e-07,0.00015609223759616072
122,9,1-8,adjust,-0.0007886632680708753,-2.1670297398218408e-05,3.46478374124983e-05
123,2,1-4,adjust,-0.0008368247652346951,2.2991047934973042e-05,9.892412018355209e-06
123,3,1-4,adjust,-0.001751348080253607,2.087178182335179e-05,6.846609127184534e-05
123,6,1-5,adjust,-0.0003503855210299587,-6.178177971674134e-07,3.057433061290545e-05
123,7,1-4,adjust,-0.0,-0.0,6.151241020803131e-05
123,8,1-5,within_tolerance,0.0,0.0,3.1081490137867354e-06
123,9,1-5,adjust,0.0007886632680507903,2.167029739728158e-05,2.4517414300610433e-05
124,2,1-7,adjust,0.000836824765209406,-2.2991047935014913e-05,4.4756224251130675e-05
124,3,1-7,adjust,0.001751348080244229,-2.0871781823337347e-05,6.0555791045240635e-05
124,4,1-7,adjust,-0.0,-0.0,4.0681015437232105e-05
124,5,1-7,adjust,-0.0,-0.0,7.032416772017595e-05
124,6,1-7,adjust,0.0003503855210404949,6.178177969832928e-07,0.0001560922375960325
124,9,1-8,adjust,-0.0007886632680547128,-2.167029739710826e-05,3.464783741313929e-05
125,2,1-4,adjust,-0.0008368247652346951,2.2991047934973042e-05,9.892412018355209e-06
125,3,1-4,adjust,-0.0017513480802648796,2.0871781823264122e-05,6.846609127120434e-05
125,6,1-5,adjust,-0.00035038552102805977,-6.178177966089566e-07,3.057433061303365e-05
125,7,1-4,adjust,-0.0,-0.0,6.151241020803131e-05
125,8,1-5,within_tolerance,0.0,0.0,3.1081490137867354e-06
125,9,1-5,adjust,0.0007886632680634478,2.167029739799938e-05,2.4517414302501346e-05
126,2,1-7,adjust,0.000836824765209406,-2.2991047935014913e-05,4.4756224251130675e-05
126,3,1-7,adjust,0.0017513480802340848,-2.0871781823299718e-05,6.055579104512846e-05
126,4,1-7,adjust,-0.0,-0.0,4.0681015437232105e-05
126,5,1-7,adjust,-0.0,-0.0,7.032416772017595e-05
126,6,1-7,adjust,0.0003503855210379766,6.178177970713751e-07,0.00015609223759616072
126,9,1-8,adjust,-0.0007886632680708753,-2.1670297398218408e-05,3.46478374124983e-05
127,2,1-4,adjust,-0.0008368247652346951,2.2991047934973042e-05,9.892412018355209e-06
127,3,1-4,adjust,-0.001751348080253607,2.087178182335179e-05,6.846609127184534e-05
127,6,1-5,adjust,-0.0003503855210299587,-6.178177971674134e-07,3.057433061290545e-05
127,7,1-4,adjust,-0.0,-0.0,6.151241020803131e-05
127,8,1-5,within_tolerance,0.0,0.0,3.1081490137867354e-06
127,9,1-5,adjust,0.0007886632680507903,2.167029739728158e-05,2.4517414300610433e-05
128,2,1-7,adjust,0.000836824765209406,-2.2991047935014913e-05,4.4756224251130675e-05
128,3,1-7,adjust,0.001751348080244229,-2.0871781823337347e-05,6.0555791045240635e-05
128,4,1-7,adjust,-0.0,-0.0,4.0681015437232105e-05
128,5,1-7,adjust,-0.0,-0.0,7.032416772017595e-05
128,6,1-7,adjust,0.0003503855210404949,6.178177969832928e-07,0.0001560922375960325
128,9,1-8,adjust,-0.0007886632680547128,-2.167029739710826e-05,3.464783741313929e-05
129,2,1-4,adjust,-0.0008368247652346951,2.2991047934973042e-05,9.892412018355209e-06
129,3,1-4,adjust,-0.0017513480802648796,2.0871781823264122e-05,6.846609127120434e-05
129,6,1-5,adjust,-0.00035038552102805977,-6.178177966089566e-07,3.057433061303365e-05
129,7,1-4,adjust,-0.0,-0.0,6.151241020803131e-05
129,8,1-5,within_tolerance,0.0,0.0,3.1081490137867354e-06
129,9,1-5,adjust,0.0007886632680634478,2.167029739799938e-05,2.4517414302501346e-05
130,2,1-7,adjust,0.000836824765209406,-2.2991047935014913e-05,4.4756224251130675e-05
130,3,1-7,adjust,0.0017513480802340848,-2.0871781823299718e-05,6.055579104512846e-05
130,4,1-7,adjust,-0.0,-0.0,4.0681015437232105e-05
130,5,1-7,adjust,-0.0,-0.0,7.032416772017595e-05
130,6,1-7,adjust,0.0003503855210379766,6.178177970713751e-07,0.00015609223759616072
130,9,1-8,adjust,-0.0007886632680708753,-2.1670297398218408e-05,3.46478374124983e-05
131,2,1-4,adjust,-0.0008368247652346951,2.2991047934973042e-05,9.892412018355209e-06
131,3,1-4,adjust,-0.001751348080253607,2.087178182335179e-05,6.846609127184534e-05
131,6,1-5,adjust,-0.0003503855210299587,-6.178177971674134e-07,3.057433061290545e-05
131,7,1-4,adjust,-0.0,-0.0,6.151241020803131e-05
131,8,1-5,within_tolerance,0.0,0.0,3.1081490137867354e-06
131,9,1-5,adjust,0.0007886632680507903,2.167029739728158e-05,2.4517414300610433e-05
132,2,1-7,adjust,0.000836824765209406,-2.2991047935014913e-05,4.4756224251130675e-05
132,3,1-7,adjust,0.001751348080244229,-2.0871781823337347e-05,6.0555791045240635e-05
132,4,1-7,adjust,-0.0,-0.0,4.0681015437232105e-05
132,5,1-7,adjust,-0.0,-0.0,7.032416772017595e-05
132,6,1-7,adjust,0.0003503855210404949,6.178177969832928e-07,0.0001560922375960325
132,9,1-8,adjust,-0.0007886632680547128,-2.167029739710826e-05,3.464783741313929e-05
133,2,1-4,adjust,-0.0008368247652346951,2.2991047934973042e-05,9.892412018355209e-06
133,3,1-4,adjust,-0.0017513480802648796,2.0871781823264122e-05,6.846609127120434e-05
133,6,1-5,adjust,-0.00035038552102805977,-6.178177966089566e-07,3.057433061303365e-05
133,7,1-4,adjust,-0.0,-0.0,6.151241020803131e-05
133,8,1-5,within_tolerance,0.0,0.0,3.1081490137867354e-06
133,9,1-5,adjust,0.0007886632680634478,2.167029739799938e-05,2.4517414302501346e-05
134,2,1-7,adjust,0.000836824765209406,-2.2991047935014913e-05,4.4756224251130675e-05
134,3,1-7,adjust,0.0017513480802340848,-2.0871781823299718e-05,6.055579104512846e-05
134,4,1-7,adjust,-0.0,-0.0,4.0681015437232105e-05
134,5,1-7,adjust,-0.0,-0.0,7.032416772017595e-05
134,6,1-7,adjust,0.0003503855210379766,6.178177970713751e-07,0.00015609223759616072
134,9,1-8,adjust,-0.0007886632680708753,-2.1670297398218408e-05,3.46478374124983e-05
135,2,1-4,adjust,-0.0008368247652346951,2.2991047934973042e-05,9.892412018355209e-06
135,3,1-4,adjust,-0.001751348080253607,2.087178182335179e-05,6.846609127184534e-05
135,6,1-5,adjust,-0.0003503855210299587,-6.178177971674134e-07,3.057433061290545e-05
135,7,1-4,adjust,-0.0,-0.0,6.151241020803131e-05
135,8,1-5,within_tolerance,0.0,0.0,3.1081490137867354e-06
135,9,1-5,adjust,0.0007886632680507903,2.167029739728158e-05,2.4517414300610433e-05
136,2,1-7,adjust,0.000836824765209406,-2.2991047935014913e-05,4.4756224251130675e-05
136,3,1-7,adjust,0.001751348080244229,-2.0871781823337347e-05,6.0555791045240635e-05
136,4,1-7,adjust,-0.0,-0.0,4.0681015437232105e-05
136,5,1-7,adjust,-0.0,-0.0,7.032416772017595e-05
136,6,1-7,adjust,0.0003503855210404949,6.178177969832928e-07,0.0001560922375960325
136,9,1-8,adjust,-0.0007886632680547128,-2.167029739710826e-05,3.464783741313929e-05
137,2,1-4,adjust,-0.0008368247652346951,2.2991047934973042e-05,9.892412018355209e-06
137,3,1-4,adjust,-0.0017513480802648796,2.0871781823264122e-05,6.846609127120434e-05
137,6,1-5,adjust,-0.00035038552102805977,-6.178177966089566e-07,3.057433061303365e-05
137,7,1-4,adjust,-0.0,-0.0,6.151241020803131e-05
137,8,1-5,within_tolerance,0.0,0.0,3.1081490137867354e-06
137,9,1-5,adjust,0.0007886632680634478,2.167029739799938e-05,2.4517414302501346e-05
138,2,1-7,adjust,0.000836824765209406,-2.2991047935014913e-05,4.4756224251130675e-05
138,3,1-7,adjust,0.0017513480802340848,-2.0871781823299718e-05,6.055579104512846e-05
138,4,1-7,adjust,-0.0,-0.0,4.0681015437232105e-05
138,5,1-7,adjust,-0.0,-0.0,7.032416772017595e-05
138,6,1-7,adjust,0.0003503855210379766,6.178177970713751e-07,0.00015609223759616072
138,9,1-8,adjust,-0.0007886632680708753,-2.1670297398218408e-05,3.46478374124983e-05
139,2,1-4,adjust,-0.0008368247652346951,2.2991047934973042e-05,9.892412018355209e-06
139,3,1-4,adjust,-0.001751348080253607,2.087178182335179e-05,6.846609127184534e-05
139,6,1-5,adjust,-0.0003503855210299587,-6.178177971674134e-07,3.057433061290545e-05
139,7,1-4,adjust,-0.0,-0.0,6.151241020803131e-05
139,8,1-5,within_tolerance,0.0,0.0,3.1081490137867354e-06
139,9,1-5,adjust,0.0007886632680507903,2.167029739728158e-05,2.4517414300610433e-05
140,2,1-7,adjust,0.000836824765209406,-2.2991047935014913e-05,4.4756224251130675e-05
140,3,1-7,adjust,0.001751348080244229,-2.0871781823337347e-05,6.0555791045240635e-05
140,4,1-7,adjust,-0.0,-0.0,4.0681015437232105e-05
140,5,1-7,adjust,-0.0,-0.0,7.032416772017595e-05
140,6,1-7,adjust,0.0003503855210404949,6.178177969832928e-07,0.0001560922375960325
140,9,1-8,adjust,-0.0007886632680547128,-2.167029739710826e-05,3.464783741313929e-05
141,2,1-4,adjust,-0.0008368247652346951,2.2991047934973042e-05,9.892412018355209e-06
141,3,1-4,adjust,-0.0017513480802648796,2.0871781823264122e-05,6.846609127120434e-05
141,6,1-5,adjust,-0.00035038552102805977,-6.178177966089566e-07,3.057433061303365e-05
141,7,1-4,adjust,-0.0,-0.0,6.151241020803131e-05
141,8,1-5,within_tolerance,0.0,0.0,3.1081490137867354e-06
141,9,1-5,adjust,0.0007886632680634478,2.167029739799938e-05,2.4517414302501346e-05
142,2,1-7,adjust,0.000836824765209406,-2.2991047935014913e-05,4.4756224251130675e-05
142,3,1-7,adjust,0.0017513480802340848,-2.0871781823299718e-05,6.055579104512846e-05
142,4,1-7,adjust,-0.0,-0.0,4.0681015437232105e-05
142,5,1-7,adjust,-0.0,-0.0,7.032416772017595e-05
142,6,1-7,adjust,0.0003503855210379766,6.178177970713751e-07,0.00015609223759616072
142,9,1-8,adjust,-0.0007886632680708753,-2.1670297398218408e-05,3.46478374124983e-05
143,2,1-4,adjust,-0.0008368247652346951,2.2991047934973042e-05,9.892412018355209e-06
143,3,1-4,adjust,-0.001751348080253607,2.087178182335179e-05,6.846609127184534e-05
143,6,1-5,adjust,-0.0003503855210299587,-6.178177971674134e-07,3.057433061290545e-05
143,7,1-4,adjust,-0.0,-0.0,6.151241020803131e-05
143,8,1-5,within_tolerance,0.0,0.0,3.1081490137867354e-06
143,9,1-5,adjust,0.0007886632680507903,2.167029739728158e-05,2.4517414300610433e-05
144,2,1-7,adjust,0.000836824765209406,-2.2991047935014913e-05,4.4756224251130675e-05
144,3,1-7,adjust,0.001751348080244229,-2.0871781823337347e-05,6.0555791045240635e-05
144,4,1-7,adjust,-0.0,-0.0,4.0681015437232105e-05
144,5,1-7,adjust,-0.0,-0.0,7.032416772017595e-05
144,6,1-7,adjust,0.0003503855210404949,6.178177969832928e-07,0.0001560922375960325
144,9,1-8,adjust,-0.0007886632680547128,-2.167029739710826e-05,3.464783741313929e-05
145,2,1-4,adjust,-0.0008368247652346951,2.2991047934973042e-05,9.892412018355209e-06
145,3,1-4,adjust,-0.0017513480802648796,2.0871781823264122e-05,6.846609127120434e-05
145,6,1-5,adjust,-0.00035038552102805977,-6.178177966089566e-07,3.057433061303365e-05
145,7,1-4,adjust,-0.0,-0.0,6.151241020803131e-05
145,8,1-5,within_tolerance,0.0,0.0,3.1081490137867354e-06
145,9,1-5,adjust,0.0007886632680634478,2.167029739799938e-05,2.4517414302501346e-05
146,2,1-7,adjust,0.000836824765209406,-2.2991047935014913e-05,4.4756224251130675e-05
146,3,1-7,adjust,0.0017513480802340848,-2.0871781823299718e-05,6.055579104512846e-05
146,4,1-7,adjust,-0.0,-0.0,4.0681015437232105e-05
146,5,1-7,adjust,-0.0,-0.0,7.032416772017595e-05
146,6,1-7,adjust,0.0003503855210379766,6.178177970713751e-07,0.00015609223759616072
146,9,1-8,adjust,-0.0007886632680708753,-2.1670297398218408e-05,3.46478374124983e-05
147,2,1-4,adjust,-0.0008368247652346951,2.2991047934973042e-05,9.892412018355209e-06
147,3,1-4,adjust,-0.001751348080253607,2.087178182335179e-05,6.846609127184534e-05
147,6,1-5,adjust,-0.0003503855210299587,-6.178177971674134e-07,3.057433061290545e-05
147,7,1-4,adjust,-0.0,-0.0,6.151241020803131e-05
147,8,1-5,within_tolerance,0.0,0.0,3.1081490137867354e-06
147,9,1-5,adjust,0.0007886632680507903,2.167029739728158e-05,2.4517414300610433e-05
148,2,1-7,adjust,0.000836824765209406,-2.2991047935014913e-05,4.4756224251130675e-05
148,3,1-7,adjust,0.001751348080244229,-2.0871781823337347e-05,6.0555791045240635e-05
148,4,1-7,adjust,-0.0,-0.0,4.0681015437232105e-05
148,5,1-7,adjust,-0.0,-0.0,7.032416772017595e-05
148,6,1-7,adjust,0.0003503855210404949,6.178177969832928e-07,0.0001560922375960325
148,9,1-8,adjust,-0.0007886632680547128,-2.167029739710826e-05,3.464783741313929e-05
149,2,1-4,adjust,-0.0008368247652346951,2.2991047934973042e-05,9.892412018355209e-06
149,3,1-4,adjust,-0.0017513480802648796,2.0871781823264122e-05,6.846609127120434e-05
149,6,1-5,adjust,-0.00035038552102805977,-6.178177966089566e-07,3.057433061303365e-05
149,7,1-4,adjust,-0.0,-0.0,6.151241020803131e-05
149,8,1-5,within_tolerance,0.0,0.0,3.1081490137867354e-06
149,9,1-5,adjust,0.0007886632680634478,2.167029739799938e-05,2.4517414302501346e-05
150,2,1-7,adjust,0.000836824765209406,-2.2991047935014913e-05,4.4756224251130675e-05
150,3,1-7,adjust,0.0017513480802340848,-2.0871781823299718e-05,6.055579104512846e-05
150,4,1-7,adjust,-0.0,-0.0,4.0681015437232105e-05
150,5,1-7,adjust,-0.0,-0.0,7.032416772017595e-05
150,6,1-7,adjust,0.0003503855210379766,6.178177970713751e-07,0.00015609223759616072
150,9,1-8,adjust,-0.0007886632680708753,-2.1670297398218408e-05,3.46478374124983e-05
151,2,1-4,adjust,-0.0008368247652346951,2.2991047934973042e-05,9.892412018355209e-06
151,3,1-4,adjust,-0.001751348080253607,2.087178182335179e-05,6.846609127184534e-05
151,6,1-5,adjust,-0.0003503855210299587,-6.178177971674134e-07,3.057433061290545e-05
151,7,1-4,adjust,-0.0,-0.0,6.151241020803131e-05
151,8,1-5,within_tolerance,0.0,0.0,3.1081490137867354e-06
151,9,1-5,adjust,0.0007886632680507903,2.167029739728158e-05,2.4517414300610433e-05
152,2,1-7,adjust,0.000836824765209406,-2.2991047935014913e-05,4.4756224251130675e-05
152,3,1-7,adjust,0.001751348080244229,-2.0871781823337347e-05,6.0555791045240635e-05
152,4,1-7,adjust,-0.0,-0.0,4.0681015437232105e-05
152,5,1-7,adjust,-0.0,-0.0,7.032416772017595e-05
152,6,1-7,adjust,0.0003503855210404949,6.178177969832928e-07,0.0001560922375960325
152,9,1-8,adjust,-0.0007886632680547128,-2.167029739710826e-05,3.464783741313929e-05
153,2,1-4,adjust,-0.0008368247652346951,2.2991047934973042e-05,9.892412018355209e-06
153,3,1-4,adjust,-0.0017513480802648796,2.0871781823264122e-05,6.846609127120434e-05
153,6,1-5,adjust,-0.00035038552102805977,-6.178177966089566e-07,3.057433061303365e-05
153,7,1-4,adjust,-0.0,-0.0,6.151241020803131e-05
153,8,1-5,within_tolerance,0.0,0.0,3.1081490137867354e-06
153,9,1-5,adjust,0.0007886632680634478,2.167029739799938e-05,2.4517414302501346e-05
154,2,1-7,adjust,0.000836824765209406,-2.2991047935014913e-05,4.4756224251130675e-05
154,3,1-7,adjust,0.0017513480802340848,-2.0871781823299718e-05,6.055579104512846e-05
154,4,1-7,adjust,-0.0,-0.0,4.0681015437232105e-05
154,5,1-7,adjust,-0.0,-0.0,7.032416772017595e-05
154,6,1-7,adjust,0.0003503855210379766,6.178177970713751e-07,0.00015609223759616072
154,9,1-8,adjust,-0.0007886632680708753,-2.1670297398218408e-05,3.46478374124983e-05
155,2,1-4,adjust,-0.0008368247652346951,2.2991047934973042e-05,9.892412018355209e-06
155,3,1-4,adjust,-0.001751348080253607,2.087178182335179e-05,6.846609127184534e-05
155,6,1-5,adjust,-0.0003503855210299587,-6.178177971674134e-07,3.057433061290545e-05
155,7,1-4,adjust,-0.0,-0.0,6.151241020803131e-05
155,8,1-5,within_tolerance,0.0,0.0,3.1081490137867354e-06
155,9,1-5,adjust,0.0007886632680507903,2.167029739728158e-05,2.4517414300610433e-05
156,2,1-7,adjust,0.000836824765209406,-2.2991047935014913e-05,4.4756224251130675e-05
156,3,1-7,adjust,0.001751348080244229,-2.0871781823337347e-05,6.0555791045240635e-05
156,4,1-7,adjust,-0.0,-0.0,4.0681015437232105e-05
156,5,1-7,adjust,-0.0,-0.0,7.032416772017595e-05
156,6,1-7,adjust,0.0003503855210404949,6.178177969832928e-07,0.0001560922375960325
156,9,1-8,adjust,-0.0007886632680547128,-2.167029739710826e-05,3.464783741313929e-05
157,2,1-4,adjust,-0.0008368247652346951,2.2991047934973042e-05,9.892412018355209e-06
157,3,1-4,adjust,-0.0017513480802648796,2.0871781823264122e-05,6.846609127120434e-05
157,6,1-5,adjust,-0.00035038552102805977,-6.178177966089566e-07,3.057433061303365e-05
157,7,1-4,adjust,-0.0,-0.0,6.151241020803131e-05
157,8,1-5,within_tolerance,0.0,0.0,3.1081490137867354e-06
157,9,1-5,adjust,0.0007886632680634478,2.167029739799938e-05,2.4517414302501346e-05
158,2,1-7,adjust,0.000836824765209406,-2.2991047935014913e-05,4.4756224251130675e-05
158,3,1-7,adjust,0.0017513480802340848,-2.0871781823299718e-05,6.055579104512846e-05
158,4,1-7,adjust,-0.0,-0.0,4.0681015437232105e-05
158,5,1-7,adjust,-0.0,-0.0,7.032416772017595e-05
158,6,1-7,adjust,0.0003503855210379766,6.178177970713751e-07,0.00015609223759616072
158,9,1-8,adjust,-0.0007886632680708753,-2.1670297398218408e-05,3.46478374124983e-05
159,2,1-4,adjust,-0.0008368247652346951,2.2991047934973042e-05,9.892412018355209e-06
159,3,1-4,adjust,-0.001751348080253607,2.087178182335179e-05,6.846609127184534e-05
159,6,1-5,adjust,-0.0003503855210299587,-6.178177971674134e-07,3.057433061290545e-05
159,7,1-4,adjust,-0.0,-0.0,6.151241020803131e-05
159,8,1-5,within_tolerance,0.0,0.0,3.1081490137867354e-06
159,9,1-5,adjust,0.0007886632680507903,2.167029739728158e-05,2.4517414300610433e-05
160,2,1-7,adjust,0.000836824765209406,-2.2991047935014913e-05,4.4756224251130675e-05
160,3,1-7,adjust,0.001751348080244229,-2.0871781823337347e-05,6.0555791045240635e-05
160,4,1-7,adjust,-0.0,-0.0,4.0681015437232105e-05
160,5,1-7,adjust,-0.0,-0.0,7.032416772017595e-05
160,6,1-7,adjust,0.0003503855210404949,6.178177969832928e-07,0.0001560922375960325
160,9,1-8,adjust,-0.0007886632680547128,-2.167029739710826e-05,3.464783741313929e-05
161,2,1-4,adjust,-0.0008368247652346951,2.2991047934973042e-05,9.892412018355209e-06
161,3,1-4,adjust,-0.0017513480802648796,2.0871781823264122e-05,6.846609127120434e-05
161,6,1-5,adjust,-0.00035038552102805977,-6.178177966089566e-07,3.057433061303365e-05
161,7,1-4,adjust,-0.0,-0.0,6.151241020803131e-05
161,8,1-5,within_tolerance,0.0,0.0,3.1081490137867354e-06
161,9,1-5,adjust,0.0007886632680634478,2.167029739799938e-05,2.4517414302501346e-05
162,2,1-7,adjust,0.000836824765209406,-2.2991047935014913e-05,4.4756224251130675e-05
162,3,1-7,adjust,0.0017513480802340848,-2.0871781823299718e-05,6.055579104512846e-05
162,4,1-7,adjust,-0.0,-0.0,4.0681015437232105e-05
162,5,1-7,adjust,-0.0,-0.0,7.032416772017595e-05
162,6,1-7,adjust,0.0003503855210379766,6.178177970713751e-07,0.00015609223759616072
162,9,1-8,adjust,-0.0007886632680708753,-2.1670297398218408e-05,3.46478374124983e-05
163,2,1-4,adjust,-0.0008368247652346951,2.2991047934973042e-05,9.892412018355209e-06
163,3,1-4,adjust,-0.001751348080253607,2.087178182335179e-05,6.846609127184534e-05
163,6,1-5,adjust,-0.0003503855210299587,-6.178177971674134e-07,3.057433061290545e-05
163,7,1-4,adjust,-0.0,-0.0,6.151241020803131e-05
163,8,1-5,within_tolerance,0.0,0.0,3.1081490137867354e-06
163,9,1-5,adjust,0.0007886632680507903,2.167029739728158e-05,2.4517414300610433e-05
164,2,1-7,adjust,0.000836824765209406,-2.2991047935014913e-05,4.4756224251130675e-05
164,3,1-7,adjust,0.001751348080244229,-2.0871781823337347e-05,6.0555791045240635e-05
164,4,1-7,adjust,-0.0,-0.0,4.0681015437232105e-05
164,5,1-7,adjust,-0.0,-0.0,7.032416772017595e-05
164,6,1-7,adjust,0.0003503855210404949,6.178177969832928e-07,0.0001560922375960325
164,9,1-8,adjust,-0.0007886632680547128,-2.167029739710826e-05,3.464783741313929e-05
165,2,1-4,adjust,-0.0008368247652346951,2.2991047934973042e-05,9.892412018355209e-06
165,3,1-4,adjust,-0.0017513480802648796,2.0871781823264122e-05,6.846609127120434e-05
165,6,1-5,adjust,-0.00035038552102805977,-6.178177966089566e-07,3.057433061303365e-05
165,7,1-4,adjust,-0.0,-0.0,6.151241020803131e-05
165,8,1-5,within_tolerance,0.0,0.0,3.1081490137867354e-06
165,9,1-5,adjust,0.0007886632680634478,2.167029739799938e-05,2.4517414302501346e-05
166,2,1-7,adjust,0.000836824765209406,-2.2991047935014913e-05,4.4756224251130675e-05
166,3,1-7,adjust,0.0017513480802340848,-2.0871781823299718e-05,6.055579104512846e-05
166,4,1-7,adjust,-0.0,-0.0,4.0681015437232105e-05
166,5,1-7,adjust,-0.0,-0.0,7.032416772017595e-05
166,6,1-7,adjust,0.0003503855210379766,6.178177970713751e-07,0.00015609223759616072
166,9,1-8,adjust,-0.0007886632680708753,-2.1670297398218408e-05,3.46478374124983e-05
167,2,1-4,adjust,-0.0008368247652346951,2.2991047934973042e-05,9.892412018355209e-06
167,3,1-4,adjust,-0.001751348080253607,2.087178182335179e-05,6.846609127184534e-05
167,6,1-5,adjust,-0.0003503855210299587,-6.178177971674134e-07,3.057433061290545e-05
167,7,1-4,adjust,-0.0,-0.0,6.151241020803131e-05
167,8,1-5,within_tolerance,0.0,0.0,3.1081490137867354e-06
167,9,1-5,adjust,0.0007886632680507903,2.167029739728158e-05,2.4517414300610433e-05
168,2,1-7,adjust,0.000836824765209406,-2.2991047935014913e-05,4.4756224251130675e-05
168,3,1-7,adjust,0.001751348080244229,-2.0871781823337347e-05,6.0555791045240635e-05
168,4,1-7,adjust,-0.0,-0.0,4.0681015437232105e-05
168,5,1-7,adjust,-0.0,-0.0,7.032416772017595e-05
168,6,1-7,adjust,0.0003503855210404949,6.178177969832928e-07,0.0001560922375960325
168,9,1-8,adjust,-0.0007886632680547128,-2.167029739710826e-05,3.464783741313929e-05
169,2,1-4,adjust,-0.0008368247652346951,2.2991047934973042e-05,9.892412018355209e-06
169,3,1-4,adjust,-0.0017513480802648796,2.0871781823264122e-05,6.846609127120434e-05
169,6,1-5,adjust,-0.00035038552102805977,-6.178177966089566e-07,3.057433061303365e-05
169,7,1-4,adjust,-0.0,-0.0,6.151241020803131e-05
169,8,1-5,within_tolerance,0.0,0.0,3.1081490137867354e-06
169,9,1-5,adjust,0.0007886632680634478,2.167029739799938e-05,2.4517414302501346e-05
170,2,1-7,adjust,0.000836824765209406,-2.2991047935014913e-05,4.4756224251130675e-05
170,3,1-7,adjust,0.0017513480802340848,-2.0871781823299718e-05,6.055579104512846e-05
170,4,1-7,adjust,-0.0,-0.0,4.0681015437232105e-05
170,5,1-7,adjust,-0.0,-0.0,7.032416772017595e-05
170,6,1-7,adjust,0.0003503855210379766,6.178177970713751e-07,0.00015609223759616072
170,9,1-8,adjust,-0.0007886632680708753,-2.1670297398218408e-05,3.46478374124983e-05
171,2,1-4,adjust,-0.0008368247652346951,2.2991047934973042e-05,9.892412018355209e-06
171,3,1-4,adjust,-0.001751348080253607,2.087178182335179e-05,6.846609127184534e-05
171,6,1-5,adjust,-0.0003503855210299587,-6.178177971674134e-07,3.057433061290545e-05
171,7,1-4,adjust,-0.0,-0.0,6.151241020803131e-05
171,8,1-5,within_tolerance,0.0,0.0,3.1081490137867354e-06
171,9,1-5,adjust,0.0007886632680507903,2.167029739728158e-05,2.4517414300610433e-05
172,2,1-7,adjust,0.000836824765209406,-2.2991047935014913e-05,4.4756224251130675e-05
172,3,1-7,adjust,0.001751348080244229,-2.0871781823337347e-05,6.0555791045240635e-05
172,4,1-7,adjust,-0.0,-0.0,4.0681015437232105e-05
172,5,1-7,adjust,-0.0,-0.0,7.032416772017595e-05
172,6,1-7,adjust,0.0003503855210404949,6.178177969832928e-07,0.0001560922375960325
172,9,1-8,adjust,-0.0007886632680547128,-2.167029739710826e-05,3.464783741313929e-05
173,2,1-4,adjust,-0.0008368247652346951,2.2991047934973042e-05,9.892412018355209e-06
173,3,1-4,adjust,-0.0017513480802648796,2.0871781823264122e-05,6.846609127120434e-05
173,6,1-5,adjust,-0.00035038552102805977,-6.178177966089566e-07,3.057433061303365e-05
173,7,1-4,adjust,-0.0,-0.0,6.151241020803131e-05
173,8,1-5,within_tolerance,0.0,0.0,3.1081490137867354e-06
173,9,1-5,adjust,0.0007886632680634478,2.167029739799938e-05,2.4517414302501346e-05
174,2,1-7,adjust,0.000836824765209406,-2.2991047935014913e-05,4.4756224251130675e-05
174,3,1-7,adjust,0.0017513480802340848,-2.0871781823299718e-05,6.055579104512846e-05
174,4,1-7,adjust,-0.0,-0.0,4.0681015437232105e-05
174,5,1-7,adjust,-0.0,-0.0,7.032416772017595e-05
174,6,1-7,adjust,0.0003503855210379766,6.178177970713751e-07,0.00015609223759616072
174,9,1-8,adjust,-0.0007886632680708753,-2.1670297398218408e-05,3.46478374124983e-05
175,2,1-4,adjust,-0.0008368247652346951,2.2991047934973042e-05,9.892412018355209e-06
175,3,1-4,adjust,-0.001751348080253607,2.087178182335179e-05,6.846609127184534e-05
175,6,1-5,adjust,-0.0003503855210299587,-6.178177971674134e-07,3.057433061290545e-05
175,7,1-4,adjust,-0.0,-0.0,6.151241020803131e-05
175,8,1-5,within_tolerance,0.0,0.0,3.1081490137867354e-06
175,9,1-5,adjust,0.0007886632680507903,2.167029739728158e-05,2.4517414300610433e-05
176,2,1-7,adjust,0.000836824765209406,-2.2991047935014913e-05,4.4756224251130675e-05
176,3,1-7,adjust,0.001751348080244229,-2.0871781823337347e-05,6.0555791045240635e-05
176,4,1-7,adjust,-0.0,-0.0,4.0681015437232105e-05
176,5,1-7,adjust,-0.0,-0.0,7.032416772017595e-05
176,6,1-7,adjust,0.0003503855210404949,6.178177969832928e-07,0.0001560922375960325
176,9,1-8,adjust,-0.0007886632680547128,-2.167029739710826e-05,3.464783741313929e-05
177,2,1-4,adjust,-0.0008368247652346951,2.2991047934973042e-05,9.892412018355209e-06
177,3,1-4,adjust,-0.0017513480802648796,2.0871781823264122e-05,6.846609127120434e-05
177,6,1-5,adjust,-0.00035038552102805977,-6.178177966089566e-07,3.057433061303365e-05
177,7,1-4,adjust,-0.0,-0.0,6.151241020803131e-05
177,8,1-5,within_tolerance,0.0,0.0,3.1081490137867354e-06
177,9,1-5,adjust,0.0007886632680634478,2.167029739799938e-05,2.4517414302501346e-05
178,2,1-7,adjust,0.000836824765209406,-2.2991047935014913e-05,4.4756224251130675e-05
178,3,1-7,adjust,0.0017513480802340848,-2.0871781823299718e-05,6.055579104512846e-05
178,4,1-7,adjust,-0.0,-0.0,4.0681015437232105e-05
178,5,1-7,adjust,-0.0,-0.0,7.032416772017595e-05
178,6,1-7,adjust,0.0003503855210379766,6.178177970713751e-07,0.00015609223759616072
178,9,1-8,adjust,-0.0007886632680708753,-2.1670297398218408e-05,3.46478374124983e-05
179,2,1-4,adjust,-0.0008368247652346951,2.2991047934973042e-05,9.892412018355209e-06
179,3,1-4,adjust,-0.001751348080253607,2.087178182335179e-05,6.846609127184534e-05
179,6,1-5,adjust,-0.0003503855210299587,-6.178177971674134e-07,3.057433061290545e-05
179,7,1-4,adjust,-0.0,-0.0,6.151241020803131e-05
179,8,1-5,within_tolerance,0.0,0.0,3.1081490137867354e-06
179,9,1-5,adjust,0.0007886632680507903,2.167029739728158e-05,2.4517414300610433e-05
180,2,1-7,adjust,0.000836824765209406,-2.2991047935014913e-05,4.4756224251130675e-05
180,3,1-7,adjust,0.001751348080244229,-2.0871781823337347e-05,6.0555791045240635e-05
180,4,1-7,adjust,-0.0,-0.0,4.0681015437232105e-05
180,5,1-7,adjust,-0.0,-0.0,7.032416772017595e-05
180,6,1-7,adjust,0.0003503855210404949,6.178177969832928e-07,0.0001560922375960325
180,9,1-8,adjust,-0.0007886632680547128,-2.167029739710826e-05,3.464783741313929e-05
181,2,1-4,adjust,-0.0008368247652346951,2.2991047934973042e-05,9.892412018355209e-06
181,3,1-4,adjust,-0.0017513480802648796,2.0871781823264122e-05,6.846609127120434e-05
181,6,1-5,adjust,-0.00035038552102805977,-6.178177966089566e-07,3.057433061303365e-05
181,7,1-4,adjust,-0.0,-0.0,6.151241020803131e-05
181,8,1-5,within_tolerance,0.0,0.0,3.1081490137867354e-06
181,9,1-5,adjust,0.0007886632680634478,2.167029739799938e-05,2.4517414302501346e-05
182,2,1-7,adjust,0.000836824765209406,-2.2991047935014913e-05,4.4756224251130675e-05
182,3,1-7,adjust,0.0017513480802340848,-2.0871781823299718e-05,6.055579104512846e-05
182,4,1-7,adjust,-0.0,-0.0,4.0681015437232105e-05
182,5,1-7,adjust,-0.0,-0.0,7.032416772017595e-05
182,6,1-7,adjust,0.0003503855210379766,6.178177970713751e-07,0.00015609223759616072
182,9,1-8,adjust,-0.0007886632680708753,-2.1670297398218408e-05,3.46478374124983e-05
183,2,1-4,adjust,-0.0008368247652346951,2.2991047934973042e-05,9.892412018355209e-06
183,3,1-4,adjust,-0.001751348080253607,2.087178182335179e-05,6.846609127184534e-05
183,6,1-5,adjust,-0.0003503855210299587,-6.178177971674134e-07,3.057433061290545e-05
183,7,1-4,adjust,-0.0,-0.0,6.151241020803131e-05
183,8,1-5,within_tolerance,0.0,0.0,3.1081490137867354e-06
183,9,1-5,adjust,0.0007886632680507903,2.167029739728158e-05,2.4517414300610433e-05
184,2,1-7,adjust,0.000836824765209406,-2.2991047935014913e-05,4.4756224251130675e-05
184,3,1-7,adjust,0.001751348080244229,-2.0871781823337347e-05,6.0555791045240635e-05
184,4,1-7,adjust,-0.0,-0.0,4.0681015437232105e-05
184,5,1-7,adjust,-0.0,-0.0,7.032416772017595e-05
184,6,1-7,adjust,0.0003503855210404949,6.178177969832928e-07,0.0001560922375960325
184,9,1-8,adjust,-0.0007886632680547128,-2.167029739710826e-05,3.464783741313929e-05
185,2,1-4,adjust,-0.0008368247652346951,2.2991047934973042e-05,9.892412018355209e-06
185,3,1-4,adjust,-0.0017513480802648796,2.0871781823264122e-05,6.846609127120434e-05
185,6,1-5,adjust,-0.00035038552102805977,-6.178177966089566e-07,3.057433061303365e-05
185,7,1-4,adjust,-0.0,-0.0,6.151241020803131e-05
185,8,1-5,within_tolerance,0.0,0.0,3.1081490137867354e-06
185,9,1-5,adjust,0.0007886632680634478,2.167029739799938e-05,2.4517414302501346e-05
186,2,1-7,adjust,0.000836824765209406,-2.2991047935014913e-05,4.4756224251130675e-05
186,3,1-7,adjust,0.0017513480802340848,-2.0871781823299718e-05,6.055579104512846e-05
186,4,1-7,adjust,-0.0,-0.0,4.0681015437232105e-05
186,5,1-7,adjust,-0.0,-0.0,7.032416772017595e-05
186,6,1-7,adjust,0.0003503855210379766,6.178177970713751e-07,0.00015609223759616072
186,9,1-8,adjust,-0.0007886632680708753,-2.1670297398218408e-05,3.46478374124983e-05
187,2,1-4,adjust,-0.0008368247652346951,2.2991047934973042e-05,9.892412018355209e-06
187,3,1-4,adjust,-0.001751348080253607,2.087178182335179e-05,6.846609127184534e-05
187,6,1-5,adjust,-0.0003503855210299587,-6.178177971674134e-07,3.057433061290545e-05
187,7,1-4,adjust,-0.0,-0.0,6.151241020803131e-05
187,8,1-5,within_tolerance,0.0,0.0,3.1081490137867354e-06
187,9,1-5,adjust,0.0007886632680507903,2.167029739728158e-05,2.4517414300610433e-05
188,2,1-7,adjust,0.000836824765209406,-2.2991047935014913e-05,4.4756224251130675e-05
188,3,1-7,adjust,0.001751348080244229,-2.0871781823337347e-05,6.0555791045240635e-05
188,4,1-7,adjust,-0.0,-0.0,4.0681015437232105e-05
188,5,1-7,adjust,-0.0,-0.0,7.032416772017595e-05
188,6,1-7,adjust,0.0003503855210404949,6.178177969832928e-07,0.0001560922375960325
188,9,1-8,adjust,-0.0007886632680547128,-2.167029739710826e-05,3.464783741313929e-05
189,2,1-4,adjust,-0.0008368247652346951,2.2991047934973042e-05,9.892412018355209e-06
189,3,1-4,adjust,-0.0017513480802648796,2.0871781823264122e-05,6.846609127120434e-05
189,6,1-5,adjust,-0.00035038552102805977,-6.178177966089566e-07,3.057433061303365e-05
189,7,1-4,adjust,-0.0,-0.0,6.151241020803131e-05
189,8,1-5,within_tolerance,0.0,0.0,3.1081490137867354e-06
189,9,1-5,adjust,0.0007886632680634478,2.167029739799938e-05,2.4517414302501346e-05
190,2,1-7,adjust,0.000836824765209406,-2.2991047935014913e-05,4.4756224251130675e-05
190,3,1-7,adjust,0.0017513480802340848,-2.0871781823299718e-05,6.055579104512846e-05
190,4,1-7,adjust,-0.0,-0.0,4.0681015437232105e-05
190,5,1-7,adjust,-0.0,-0.0,7.032416772017595e-05
190,6,1-7,adjust,0.0003503855210379766,6.178177970713751e-07,0.00015609223759616072
190,9,1-8,adjust,-0.0007886632680708753,-2.1670297398218408e-05,3.46478374124983e-05
191,2,1-4,adjust,-0.0008368247652346951,2.2991047934973042e-05,9.892412018355209e-06
191,3,1-4,adjust,-0.001751348080253607,2.087178182335179e-05,6.846609127184534e-05
191,6,1-5,adjust,-0.0003503855210299587,-6.178177971674134e-07,3.057433061290545e-05
191,7,1-4,adjust,-0.0,-0.0,6.151241020803131e-05
191,8,1-5,within_tolerance,0.0,0.0,3.1081490137867354e-06
191,9,1-5,adjust,0.0007886632680507903,2.167029739728158e-05,2.4517414300610433e-05
192,2,1-7,adjust,0.000836824765209406,-2.2991047935014913e-05,4.4756224251130675e-05
192,3,1-7,adjust,0.001751348080244229,-2.0871781823337347e-05,6.0555791045240635e-05
192,4,1-7,adjust,-0.0,-0.0,4.0681015437232105e-05
192,5,1-7,adjust,-0.0,-0.0,7.032416772017595e-05
192,6,1-7,adjust,0.0003503855210404949,6.178177969832928e-07,0.0001560922375960325
192,9,1-8,adjust,-0.0007886632680547128,-2.167029739710826e-05,3.464783741313929e-05
193,2,1-4,adjust,-0.0008368247652346951,2.2991047934973042e-05,9.892412018355209e-06
193,3,1-4,adjust,-0.0017513480802648796,2.0871781823264122e-05,6.846609127120434e-05
193,6,1-5,adjust,-0.00035038552102805977,-6.178177966089566e-07,3.057433061303365e-05
193,7,1-4,adjust,-0.0,-0.0,6.151241020803131e-05
193,8,1-5,within_tolerance,0.0,0.0,3.1081490137867354e-06
193,9,1-5,adjust,0.0007886632680634478,2.167029739799938e-05,2.4517414302501346e-05
194,2,1-7,adjust,0.000836824765209406,-2.2991047935014913e-05,4.4756224251130675e-05
194,3,1-7,adjust,0.0017513480802340848,-2.0871781823299718e-05,6.055579104512846e-05
194,4,1-7,adjust,-0.0,-0.0,4.0681015437232105e-05
194,5,1-7,adjust,-0.0,-0.0,7.032416772017595e-05
194,6,1-7,adjust,0.0003503855210379766,6.178177970713751e-07,0.00015609223759616072
194,9,1-8,adjust,-0.0007886632680708753,-2.1670297398218408e-05,3.46478374124983e-05
195,2,1-4,adjust,-0.0008368247652346951,2.2991047934973042e-05,9.892412018355209e-06
195,3,1-4,adjust,-0.001751348080253607,2.087178182335179e-05,6.846609127184534e-05
195,6,1-5,adjust,-0.0003503855210299587,-6.178177971674134e-07,3.057433061290545e-05
195,7,1-4,adjust,-0.0,-0.0,6.151241020803131e-05
195,8,1-5,within_tolerance,0.0,0.0,3.1081490137867354e-06
195,9,1-5,adjust,0.0007886632680507903,2.167029739728158e-05,2.4517414300610433e-05
196,2,1-7,adjust,0.000836824765209406,-2.2991047935014913e-05,4.4756224251130675e-05
196,3,1-7,adjust,0.001751348080244229,-2.0871781823337347e-05,6.0555791045240635e-05
196,4,1-7,adjust,-0.0,-0.0,4.0681015437232105e-05
196,5,1-7,adjust,-0.0,-0.0,7.032416772017595e-05
196,6,1-7,adjust,0.0003503855210404949,6.178177969832928e-07,0.0001560922375960325
196,9,1-8,adjust,-0.0007886632680547128,-2.167029739710826e-05,3.464783741313929e-05
197,2,1-4,adjust,-0.0008368247652346951,2.2991047934973042e-05,9.892412018355209e-06
197,3,1-4,adjust,-0.0017513480802648796,2.0871781823264122e-05,6.846609127120434e-05
197,6,1-5,adjust,-0.00035038552102805977,-6.178177966089566e-07,3.057433061303365e-05
197,7,1-4,adjust,-0.0,-0.0,6.151241020803131e-05
197,8,1-5,within_tolerance,0.0,0.0,3.1081490137867354e-06
197,9,1-5,adjust,0.0007886632680634478,2.167029739799938e-05,2.4517414302501346e-05
198,2,1-7,adjust,0.000836824765209406,-2.2991047935014913e-05,4.4756224251130675e-05
198,3,1-7,adjust,0.0017513480802340848,-2.0871781823299718e-05,6.055579104512846e-05
198,4,1-7,adjust,-0.0,-0.0,4.0681015437232105e-05
198,5,1-7,adjust,-0.0,-0.0,7.032416772017595e-05
198,6,1-7,adjust,0.0003503855210379766,6.178177970713751e-07,0.00015609223759616072
198,9,1-8,adjust,-0.0007886632680708753,-2.1670297398218408e-05,3.46478374124983e-05
199,2,1-4,adjust,-0.0008368247652346951,2.2991047934973042e-05,9.892412018355209e-06
199,3,1-4,adjust,-0.001751348080253607,2.087178182335179e-05,6.846609127184534e-05
199,6,1-5,adjust,-0.0003503855210299587,-6.178177971674134e-07,3.057433061290545e-05
199,7,1-4,adjust,-0.0,-0.0,6.151241020803131e-05
199,8,1-5,within_tolerance,0.0,0.0,3.1081490137867354e-06
199,9,1-5,adjust,0.0007886632680507903,2.167029739728158e-05,2.4517414300610433e-05
200,2,1-7,adjust,0.000836824765209406,-2.2991047935014913e-05,4.4756224251130675e-05
200,3,1-7,adjust,0.001751348080244229,-2.0871781823337347e-05,6.0555791045240635e-05
200,4,1-7,adjust,-0.0,-0.0,4.0681015437232105e-05
200,5,1-7,adjust,-0.0,-0.0,7.032416772017595e-05
200,6,1-7,adjust,0.0003503855210404949,6.178177969832928e-07,0.0001560922375960325
200,9,1-8,adjust,-0.0007886632680547128,-2.167029739710826e-05,3.464783741313929e-05
201,2,1-4,adjust,-0.0008368247652346951,2.2991047934973042e-05,9.892412018355209e-06
201,3,1-4,adjust,-0.0017513480802648796,2.0871781823264122e-05,6.846609127120434e-05
201,6,1-5,adjust,-0.00035038552102805977,-6.178177966089566e-07,3.057433061303365e-05
201,7,1-4,adjust,-0.0,-0.0,6.151241020803131e-05
201,8,1-5,within_tolerance,0.0,0.0,3.1081490137867354e-06
201,9,1-5,adjust,0.0007886632680634478,2.167029739799938e-05,2.4517414302501346e-05
202,2,1-7,adjust,0.000836824765209406,-2.2991047935014913e-05,4.4756224251130675e-05
202,3,1-7,adjust,0.0017513480802340848,-2.0871781823299718e-05,6.055579104512846e-05
202,4,1-7,adjust,-0.0,-0.0,4.0681015437232105e-05
202,5,1-7,adjust,-0.0,-0.0,7.032416772017595e-05
202,6,1-7,adjust,0.0003503855210379766,6.178177970713751e-07,0.00015609223759616072
202,9,1-8,adjust,-0.0007886632680708753,-2.1670297398218408e-05,3.46478374124983e-05
203,2,1-4,adjust,-0.0008368247652346951,2.2991047934973042e-05,9.892412018355209e-06
203,3,1-4,adjust,-0.001751348080253607,2.087178182335179e-05,6.846609127184534e-05
203,6,1-5,adjust,-0.0003503855210299587,-6.178177971674134e-07,3.057433061290545e-05
203,7,1-4,adjust,-0.0,-0.0,6.151241020803131e-05
203,8,1-5,within_tolerance,0.0,0.0,3.1081490137867354e-06
203,9,1-5,adjust,0.0007886632680507903,2.167029739728158e-05,2.4517414300610433e-05
204,2,1-7,adjust,0.000836824765209406,-2.2991047935014913e-05,4.4756224251130675e-05
204,3,1-7,adjust,0.001751348080244229,-2.0871781823337347e-05,6.0555791045240635e-05
204,4,1-7,adjust,-0.0,-0.0,4.0681015437232105e-05
204,5,1-7,adjust,-0.0,-0.0,7.032416772017595e-05
204,6,1-7,adjust,0.0003503855210404949,6.178177969832928e-07,0.0001560922375960325
204,9,1-8,adjust,-0.0007886632680547128,-2.167029739710826e-05,3.464783741313929e-05
205,2,1-4,adjust,-0.0008368247652346951,2.2991047934973042e-05,9.892412018355209e-06
205,3,1-4,adjust,-0.0017513480802648796,2.0871781823264122e-05,6.846609127120434e-05
205,6,1-5,adjust,-0.00035038552102805977,-6.178177966089566e-07,3.057433061303365e-05
205,7,1-4,adjust,-0.0,-0.0,6.151241020803131e-05
205,8,1-5,within_tolerance,0.0,0.0,3.1081490137867354e-06
205,9,1-5,adjust,0.0007886632680634478,2.167029739799938e-05,2.4517414302501346e-05
206,2,1-7,adjust,0.000836824765209406,-2.2991047935014913e-05,4.4756224251130675e-05
206,3,1-7,adjust,0.0017513480802340848,-2.0871781823299718e-05,6.055579104512846e-05
206,4,1-7,adjust,-0.0,-0.0,4.0681015437232105e-05
206,5,1-7,adjust,-0.0,-0.0,7.032416772017595e-05
206,6,1-7,adjust,0.0003503855210379766,6.178177970713751e-07,0.00015609223759616072
206,9,1-8,adjust,-0.0007886632680708753,-2.1670297398218408e-05,3.46478374124983e-05
207,2,1-4,adjust,-0.0008368247652346951,2.2991047934973042e-05,9.892412018355209e-06
207,3,1-4,adjust,-0.001751348080253607,2.087178182335179e-05,6.846609127184534e-05
207,6,1-5,adjust,-0.0003503855210299587,-6.178177971674134e-07,3.057433061290545e-05
207,7,1-4,adjust,-0.0,-0.0,6.151241020803131e-05
207,8,1-5,within_tolerance,0.0,0.0,3.1081490137867354e-06
207,9,1-5,adjust,0.0007886632680507903,2.167029739728158e-05,2.4517414300610433e-05
208,2,1-7,adjust,0.000836824765209406,-2.2991047935014913e-05,4.4756224251130675e-05
208,3,1-7,adjust,0.001751348080244229,-2.0871781823337347e-05,6.0555791045240635e-05
208,4,1-7,adjust,-0.0,-0.0,4.0681015437232105e-05
208,5,1-7,adjust,-0.0,-0.0,7.032416772017595e-05
208,6,1-7,adjust,0.0003503855210404949,6.178177969832928e-07,0.0001560922375960325
208,9,1-8,adjust,-0.0007886632680547128,-2.167029739710826e-05,3.464783741313929e-05
209,2,1-4,adjust,-0.0008368247652346951,2.2991047934973042e-05,9.892412018355209e-06
209,3,1-4,adjust,-0.0017513480802648796,2.0871781823264122e-05,6.846609127120434e-05
209,6,1-5,adjust,-0.00035038552102805977,-6.178177966089566e-07,3.057433061303365e-05
209,7,1-4,adjust,-0.0,-0.0,6.151241020803131e-05
209,8,1-5,within_tolerance,0.0,0.0,3.1081490137867354e-06
209,9,1-5,adjust,0.0007886632680634478,2.167029739799938e-05,2.4517414302501346e-05
210,2,1-7,adjust,0.000836824765209406,-2.2991047935014913e-05,4.4756224251130675e-05
210,3,1-7,adjust,0.0017513480802340848,-2.0871781823299718e-05,6.055579104512846e-05
210,4,1-7,adjust,-0.0,-0.0,4.0681015437232105e-05
210,5,1-7,adjust,-0.0,-0.0,7.032416772017595e-05
210,6,1-7,adjust,0.0003503855210379766,6.178177970713751e-07,0.00015609223759616072
210,9,1-8,adjust,-0.0007886632680708753,-2.1670297398218408e-05,3.46478374124983e-05
211,2,1-4,adjust,-0.0008368247652346951,2.2991047934973042e-05,9.892412018355209e-06
211,3,1-4,adjust,-0.001751348080253607,2.087178182335179e-05,6.846609127184534e-05
211,6,1-5,adjust,-0.0003503855210299587,-6.178177971674134e-07,3.057433061290545e-05
211,7,1-4,adjust,-0.0,-0.0,6.151241020803131e-05
211,8,1-5,within_tolerance,0.0,0.0,3.1081490137867354e-06
211,9,1-5,adjust,0.0007886632680507903,2.167029739728158e-05,2.4517414300610433e-05
212,2,1-7,adjust,0.000836824765209406,-2.2991047935014913e-05,4.4756224251130675e-05
212,3,1-7,adjust,0.001751348080244229,-2.0871781823337347e-05,6.0555791045240635e-05
212,4,1-7,adjust,-0.0,-0.0,4.0681015437232105e-05
212,5,1-7,adjust,-0.0,-0.0,7.032416772017595e-05
212,6,1-7,adjust,0.0003503855210404949,6.178177969832928e-07,0.0001560922375960325
212,9,1-8,adjust,-0.0007886632680547128,-2.167029739710826e-05,3.464783741313929e-05
213,2,1-4,adjust,-0.0008368247652346951,2.2991047934973042e-05,9.892412018355209e-06
213,3,1-4,adjust,-0.0017513480802648796,2.0871781823264122e-05,6.846609127120434e-05
213,6,1-5,adjust,-0.00035038552102805977,-6.178177966089566e-07,3.057433061303365e-05
213,7,1-4,adjust,-0.0,-0.0,6.151241020803131e-05
213,8,1-5,within_tolerance,0.0,0.0,3.1081490137867354e-06
213,9,1-5,adjust,0.0007886632680634478,2.167029739799938e-05,2.4517414302501346e-05
214,2,1-7,adjust,0.000836824765209406,-2.2991047935014913e-05,4.4756224251130675e-05
214,3,1-7,adjust,0.0017513480802340848,-2.0871781823299718e-05,6.055579104512846e-05
214,4,1-7,adjust,-0.0,-0.0,4.0681015437232105e-05
214,5,1-7,adjust,-0.0,-0.0,7.032416772017595e-05
214,6,1-7,adjust,0.0003503855210379766,6.178177970713751e-07,0.00015609223759616072
214,9,1-8,adjust,-0.0007886632680708753,-2.1670297398218408e-05,3.46478374124983e-05
215,2,1-4,adjust,-0.0008368247652346951,2.2991047934973042e-05,9.892412018355209e-06
215,3,1-4,adjust,-0.001751348080253607,2.087178182335179e-05,6.846609127184534e-05
215,6,1-5,adjust,-0.0003503855210299587,-6.178177971674134e-07,3.057433061290545e-05
215,7,1-4,adjust,-0.0,-0.0,6.151241020803131e-05
215,8,1-5,within_tolerance,0.0,0.0,3.1081490137867354e-06
215,9,1-5,adjust,0.0007886632680507903,2.167029739728158e-05,2.4517414300610433e-05
216,2,1-7,adjust,0.000836824765209406,-2.2991047935014913e-05,4.4756224251130675e-05
216,3,1-7,adjust,0.001751348080244229,-2.0871781823337347e-05,6.0555791045240635e-05
216,4,1-7,adjust,-0.0,-0.0,4.0681015437232105e-05
216,5,1-7,adjust,-0.0,-0.0,7.032416772017595e-05
216,6,1-7,adjust,0.0003503855210404949,6.178177969832928e-07,0.0001560922375960325
216,9,1-8,adjust,-0.0007886632680547128,-2.167029739710826e-05,3.464783741313929e-05
217,2,1-4,adjust,-0.0008368247652346951,2.2991047934973042e-05,9.892412018355209e-06
217,3,1-4,adjust,-0.0017513480802648796,2.0871781823264122e-05,6.846609127120434e-05
217,6,1-5,adjust,-0.00035038552102805977,-6.178177966089566e-07,3.057433061303365e-05
217,7,1-4,adjust,-0.0,-0.0,6.151241020803131e-05
217,8,1-5,within_tolerance,0.0,0.0,3.1081490137867354e-06
217,9,1-5,adjust,0.0007886632680634478,2.167029739799938e-05,2.4517414302501346e-05
218,2,1-7,adjust,0.000836824765209406,-2.2991047935014913e-05,4.4756224251130675e-05
218,3,1-7,adjust,0.0017513480802340848,-2.0871781823299718e-05,6.055579104512846e-05
218,4,1-7,adjust,-0.0,-0.0,4.0681015437232105e-05
218,5,1-7,adjust,-0.0,-0.0,7.032416772017595e-05
218,6,1-7,adjust,0.0003503855210379766,6.178177970713751e-07,0.00015609223759616072
218,9,1-8,adjust,-0.0007886632680708753,-2.1670297398218408e-05,3.46478374124983e-05
219,2,1-4,adjust,-0.0008368247652346951,2.2991047934973042e-05,9.892412018355209e-06
219,3,1-4,adjust,-0.001751348080253607,2.087178182335179e-05,6.846609127184534e-05
219,6,1-5,adjust,-0.0003503855210299587,-6.178177971674134e-07,3.057433061290545e-05
219,7,1-4,adjust,-0.0,-0.0,6.151241020803131e-05
219,8,1-5,within_tolerance,0.0,0.0,3.1081490137867354e-06
219,9,1-5,adjust,0.0007886632680507903,2.167029739728158e-05,2.4517414300610433e-05
220,2,1-7,adjust,0.000836824765209406,-2.2991047935014913e-05,4.4756224251130675e-05
220,3,1-7,adjust,0.001751348080244229,-2.0871781823337347e-05,6.0555791045240635e-05
220,4,1-7,adjust,-0.0,-0.0,4.0681015437232105e-05
220,5,1-7,adjust,-0.0,-0.0,7.032416772017595e-05
220,6,1-7,adjust,0.0003503855210404949,6.178177969832928e-07,0.0001560922375960325
220,9,1-8,adjust,-0.0007886632680547128,-2.167029739710826e-05,3.464783741313929e-05
221,2,1-4,adjust,-0.0008368247652346951,2.2991047934973042e-05,9.892412018355209e-06
221,3,1-4,adjust,-0.0017513480802648796,2.0871781823264122e-05,6.846609127120434e-05
221,6,1-5,adjust,-0.00035038552102805977,-6.178177966089566e-07,3.057433061303365e-05
221,7,1-4,adjust,-0.0,-0.0,6.151241020803131e-05
221,8,1-5,within_tolerance,0.0,0.0,3.1081490137867354e-06
221,9,1-5,adjust,0.0007886632680634478,2.167029739799938e-05,2.4517414302501346e-05
222,2,1-7,adjust,0.000836824765209406,-2.2991047935014913e-05,4.4756224251130675e-05
222,3,1-7,adjust,0.0017513480802340848,-2.0871781823299718e-05,6.055579104512846e-05
222,4,1-7,adjust,-0.0,-0.0,4.0681015437232105e-05
222,5,1-7,adjust,-0.0,-0.0,7.032416772017595e-05
222,6,1-7,adjust,0.0003503855210379766,6.178177970713751e-07,0.00015609223759616072
222,9,1-8,adjust,-0.0007886632680708753,-2.1670297398218408e-05,3.46478374124983e-05
223,2,1-4,adjust,-0.0008368247652346951,2.2991047934973042e-05,9.892412018355209e-06
223,3,1-4,adjust,-0.001751348080253607,2.087178182335179e-05,6.846609127184534e-05
223,6,1-5,adjust,-0.0003503855210299587,-6.178177971674134e-07,3.057433061290545e-05
223,7,1-4,adjust,-0.0,-0.0,6.151241020803131e-05
223,8,1-5,within_tolerance,0.0,0.0,3.1081490137867354e-06
223,9,1-5,adjust,0.0007886632680507903,2.167029739728158e-05,2.4517414300610433e-05
224,2,1-7,adjust,0.000836824765209406,-2.2991047935014913e-05,4.4756224251130675e-05
224,3,1-7,adjust,0.001751348080244229,-2.0871781823337347e-05,6.0555791045240635e-05
224,4,1-7,adjust,-0.0,-0.0,4.0681015437232105e-05
224,5,1-7,adjust,-0.0,-0.0,7.032416772017595e-05
224,6,1-7,adjust,0.0003503855210404949,6.178177969832928e-07,0.0001560922375960325
224,9,1-8,adjust,-0.0007886632680547128,-2.167029739710826e-05,3.464783741313929e-05
225,2,1-4,adjust,-0.0008368247652346951,2.2991047934973042e-05,9.892412018355209e-06
225,3,1-4,adjust,-0.0017513480802648796,2.0871781823264122e-05,6.846609127120434e-05
225,6,1-5,adjust,-0.00035038552102805977,-6.178177966089566e-07,3.057433061303365e-05
225,7,1-4,adjust,-0.0,-0.0,6.151241020803131e-05
225,8,1-5,within_tolerance,0.0,0.0,3.1081490137867354e-06
225,9,1-5,adjust,0.0007886632680634478,2.167029739799938e-05,2.4517414302501346e-05
226,2,1-7,adjust,0.000836824765209406,-2.2991047935014913e-05,4.4756224251130675e-05
226,3,1-7,adjust,0.0017513480802340848,-2.0871781823299718e-05,6.055579104512846e-05
226,4,1-7,adjust,-0.0,-0.0,4.0681015437232105e-05
226,5,1-7,adjust,-0.0,-0.0,7.032416772017595e-05
226,6,1-7,adjust,0.0003503855210379766,6.178177970713751e-07,0.00015609223759616072
226,9,1-8,adjust,-0.0007886632680708753,-2.1670297398218408e-05,3.46478374124983e-05
227,2,1-4,adjust,-0.0008368247652346951,2.2991047934973042e-05,9.892412018355209e-06
227,3,1-4,adjust,-0.001751348080253607,2.087178182335179e-05,6.846609127184534e-05
227,6,1-5,adjust,-0.0003503855210299587,-6.178177971674134e-07,3.057433061290545e-05
227,7,1-4,adjust,-0.0,-0.0,6.151241020803131e-05
227,8,1-5,within_tolerance,0.0,0.0,3.1081490137867354e-06
227,9,1-5,adjust,0.0007886632680507903,2.167029739728158e-05,2.4517414300610433e-05
228,2,1-7,adjust,0.000836824765209406,-2.2991047935014913e-05,4.4756224251130675e-05
228,3,1-7,adjust,0.001751348080244229,-2.0871781823337347e-05,6.0555791045240635e-05
228,4,1-7,adjust,-0.0,-0.0,4.0681015437232105e-05
228,5,1-7,adjust,-0.0,-0.0,7.032416772017595e-05
228,6,1-7,adjust,0.0003503855210404949,6.178177969832928e-07,0.0001560922375960325
228,9,1-8,adjust,-0.0007886632680547128,-2.167029739710826e-05,3.464783741313929e-05
229,2,1-4,adjust,-0.0008368247652346951,2.2991047934973042e-05,9.892412018355209e-06
229,3,1-4,adjust,-0.0017513480802648796,2.0871781823264122e-05,6.846609127120434e-05
229,6,1-5,adjust,-0.00035038552102805977,-6.178177966089566e-07,3.057433061303365e-05
229,7,1-4,adjust,-0.0,-0.0,6.151241020803131e-05
229,8,1-5,within_tolerance,0.0,0.0,3.1081490137867354e-06
229,9,1-5,adjust,0.0007886632680634478,2.167029739799938e-05,2.4517414302501346e-05
230,2,1-7,adjust,0.000836824765209406,-2.2991047935014913e-05,4.4756224251130675e-05
230,3,1-7,adjust,0.0017513480802340848,-2.0871781823299718e-05,6.055579104512846e-05
230,4,1-7,adjust,-0.0,-0.0,4.0681015437232105e-05
230,5,1-7,adjust,-0.0,-0.0,7.032416772017595e-05
230,6,1-7,adjust,0.0003503855210379766,6.178177970713751e-07,0.00015609223759616072
230,9,1-8,adjust,-0.0007886632680708753,-2.1670297398218408e-05,3.46478374124983e-05
231,2,1-4,adjust,-0.0008368247652346951,2.2991047934973042e-05,9.892412018355209e-06
231,3,1-4,adjust,-0.001751348080253607,2.087178182335179e-05,6.846609127184534e-05
231,6,1-5,adjust,-0.0003503855210299587,-6.178177971674134e-07,3.057433061290545e-05
231,7,1-4,adjust,-0.0,-0.0,6.151241020803131e-05
231,8,1-5,within_tolerance,0.0,0.0,3.1081490137867354e-06
231,9,1-5,adjust,0.0007886632680507903,2.167029739728158e-05,2.4517414300610433e-05
232,2,1-7,adjust,0.000836824765209406,-2.2991047935014913e-05,4.4756224251130675e-05
232,3,1-7,adjust,0.001751348080244229,-2.0871781823337347e-05,6.0555791045240635e-05
232,4,1-7,adjust,-0.0,-0.0,4.0681015437232105e-05
232,5,1-7,adjust,-0.0,-0.0,7.032416772017595e-05
232,6,1-7,adjust,0.0003503855210404949,6.178177969832928e-07,0.0001560922375960325
232,9,1-8,adjust,-0.0007886632680547128,-2.167029739710826e-05,3.464783741313929e-05
233,2,1-4,adjust,-0.0008368247652346951,2.2991047934973042e-05,9.892412018355209e-06
233,3,1-4,adjust,-0.0017513480802648796,2.0871781823264122e-05,6.846609127120434e-05
233,6,1-5,adjust,-0.00035038552102805977,-6.178177966089566e-07,3.057433061303365e-05
233,7,1-4,adjust,-0.0,-0.0,6.151241020803131e-05
233,8,1-5,within_tolerance,0.0,0.0,3.1081490137867354e-06
233,9,1-5,adjust,0.0007886632680634478,2.167029739799938e-05,2.4517414302501346e-05
234,2,1-7,adjust,0.000836824765209406,-2.2991047935014913e-05,4.4756224251130675e-05
234,3,1-7,adjust,0.0017513480802340848,-2.0871781823299718e-05,6.055579104512846e-05
234,4,1-7,adjust,-0.0,-0.0,4.0681015437232105e-05
234,5,1-7,adjust,-0.0,-0.0,7.032416772017595e-05
234,6,1-7,adjust,0.0003503855210379766,6.178177970713751e-07,0.00015609223759616072
234,9,1-8,adjust,-0.0007886632680708753,-2.1670297398218408e-05,3.46478374124983e-05
235,2,1-4,adjust,-0.0008368247652346951,2.2991047934973042e-05,9.892412018355209e-06
235,3,1-4,adjust,-0.001751348080253607,2.087178182335179e-05,6.846609127184534e-05
235,6,1-5,adjust,-0.0003503855210299587,-6.178177971674134e-07,3.057433061290545e-05
235,7,1-4,adjust,-0.0,-0.0,6.151241020803131e-05
235,8,1-5,within_tolerance,0.0,0.0,3.1081490137867354e-06
235,9,1-5,adjust,0.0007886632680507903,2.167029739728158e-05,2.4517414300610433e-05
236,2,1-7,adjust,0.000836824765209406,-2.2991047935014913e-05,4.4756224251130675e-05
236,3,1-7,adjust,0.001751348080244229,-2.0871781823337347e-05,6.0555791045240635e-05
236,4,1-7,adjust,-0.0,-0.0,4.0681015437232105e-05
236,5,1-7,adjust,-0.0,-0.0,7.032416772017595e-05
236,6,1-7,adjust,0.0003503855210404949,6.178177969832928e-07,0.0001560922375960325
236,9,1-8,adjust,-0.0007886632680547128,-2.167029739710826e-05,3.464783741313929e-05
237,2,1-4,adjust,-0.0008368247652346951,2.2991047934973042e-05,9.892412018355209e-06
237,3,1-4,adjust,-0.0017513480802648796,2.0871781823264122e-05,6.846609127120434e-05
237,6,1-5,adjust,-0.00035038552102805977,-6.178177966089566e-07,3.057433061303365e-05
237,7,1-4,adjust,-0.0,-0.0,6.151241020803131e-05
237,8,1-5,within_tolerance,0.0,0.0,3.1081490137867354e-06
237,9,1-5,adjust,0.0007886632680634478,2.167029739799938e-05,2.4517414302501346e-05
238,2,1-7,adjust,0.000836824765209406,-2.2991047935014913e-05,4.4756224251130675e-05
238,3,1-7,adjust,0.0017513480802340848,-2.0871781823299718e-05,6.055579104512846e-05
238,4,1-7,adjust,-0.0,-0.0,4.0681015437232105e-05
238,5,1-7,adjust,-0.0,-0.0,7.032416772017595e-05
238,6,1-7,adjust,0.0003503855210379766,6.178177970713751e-07,0.00015609223759616072
238,9,1-8,adjust,-0.0007886632680708753,-2.1670297398218408e-05,3.46478374124983e-05
239,2,1-4,adjust,-0.0008368247652346951,2.2991047934973042e-05,9.892412018355209e-06
239,3,1-4,adjust,-0.001751348080253607,2.087178182335179e-05,6.846609127184534e-05
239,6,1-5,adjust,-0.0003503855210299587,-6.178177971674134e-07,3.057433061290545e-05
239,7,1-4,adjust,-0.0,-0.0,6.151241020803131e-05
239,8,1-5,within_tolerance,0.0,0.0,3.1081490137867354e-06
239,9,1-5,adjust,0.0007886632680507903,2.167029739728158e-05,2.4517414300610433e-05
240,2,1-7,adjust,0.000836824765209406,-2.2991047935014913e-05,4.4756224251130675e-05
240,3,1-7,adjust,0.001751348080244229,-2.0871781823337347e-05,6.0555791045240635e-05
240,4,1-7,adjust,-0.0,-0.0,4.0681015437232105e-05
240,5,1-7,adjust,-0.0,-0.0,7.032416772017595e-05
240,6,1-7,adjust,0.0003503855210404949,6.178177969832928e-07,0.0001560922375960325
240,9,1-8,adjust,-0.0007886632680547128,-2.167029739710826e-05,3.464783741313929e-05
241,2,1-4,adjust,-0.0008368247652346951,2.2991047934973042e-05,9.892412018355209e-06
241,3,1-4,adjust,-0.0017513480802648796,2.0871781823264122e-05,6.846609127120434e-05
241,6,1-5,adjust,-0.00035038552102805977,-6.178177966089566e-07,3.057433061303365e-05
241,7,1-4,adjust,-0.0,-0.0,6.151241020803131e-05
241,8,1-5,within_tolerance,0.0,0.0,3.1081490137867354e-06
241,9,1-5,adjust,0.0007886632680634478,2.167029739799938e-05,2.4517414302501346e-05
242,2,1-7,adjust,0.000836824765209406,-2.2991047935014913e-05,4.4756224251130675e-05
242,3,1-7,adjust,0.0017513480802340848,-2.0871781823299718e-05,6.055579104512846e-05
242,4,1-7,adjust,-0.0,-0.0,4.0681015437232105e-05
242,5,1-7,adjust,-0.0,-0.0,7.032416772017595e-05
242,6,1-7,adjust,0.0003503855210379766,6.178177970713751e-07,0.00015609223759616072
242,9,1-8,adjust,-0.0007886632680708753,-2.1670297398218408e-05,3.46478374124983e-05
243,2,1-4,adjust,-0.0008368247652346951,2.2991047934973042e-05,9.892412018355209e-06
243,3,1-4,adjust,-0.001751348080253607,2.087178182335179e-05,6.846609127184534e-05
243,6,1-5,adjust,-0.0003503855210299587,-6.178177971674134e-07,3.057433061290545e-05
243,7,1-4,adjust,-0.0,-0.0,6.151241020803131e-05
243,8,1-5,within_tolerance,0.0,0.0,3.1081490137867354e-06
243,9,1-5,adjust,0.0007886632680507903,2.167029739728158e-05,2.4517414300610433e-05
244,2,1-7,adjust,0.000836824765209406,-2.2991047935014913e-05,4.4756224251130675e-05
244,3,1-7,adjust,0.001751348080244229,-2.0871781823337347e-05,6.0555791045240635e-05
244,4,1-7,adjust,-0.0,-0.0,4.0681015437232105e-05
244,5,1-7,adjust,-0.0,-0.0,7.032416772017595e-05
244,6,1-7,adjust,0.0003503855210404949,6.178177969832928e-07,0.0001560922375960325
244,9,1-8,adjust,-0.0007886632680547128,-2.167029739710826e-05,3.464783741313929e-05
245,2,1-4,adjust,-0.0008368247652346951,2.2991047934973042e-05,9.892412018355209e-06
245,3,1-4,adjust,-0.0017513480802648796,2.0871781823264122e-05,6.846609127120434e-05
245,6,1-5,adjust,-0.00035038552102805977,-6.178177966089566e-07,3.057433061303365e-05
245,7,1-4,adjust,-0.0,-0.0,6.151241020803131e-05
245,8,1-5,within_tolerance,0.0,0.0,3.1081490137867354e-06
245,9,1-5,adjust,0.0007886632680634478,2.167029739799938e-05,2.4517414302501346e-05
246,2,1-7,adjust,0.000836824765209406,-2.2991047935014913e-05,4.4756224251130675e-05
246,3,1-7,adjust,0.0017513480802340848,-2.0871781823299718e-05,6.055579104512846e-05
246,4,1-7,adjust,-0.0,-0.0,4.0681015437232105e-05
246,5,1-7,adjust,-0.0,-0.0,7.032416772017595e-05
246,6,1-7,adjust,0.0003503855210379766,6.178177970713751e-07,0.00015609223759616072
246,9,1-8,adjust,-0.0007886632680708753,-2.1670297398218408e-05,3.46478374124983e-05
247,2,1-4,adjust,-0.0008368247652346951,2.2991047934973042e-05,9.892412018355209e-06
247,3,1-4,adjust,-0.001751348080253607,2.087178182335179e-05,6.846609127184534e-05
247,6,1-5,adjust,-0.0003503855210299587,-6.178177971674134e-07,3.057433061290545e-05
247,7,1-4,adjust,-0.0,-0.0,6.151241020803131e-05
247,8,1-5,within_tolerance,0.0,0.0,3.1081490137867354e-06
247,9,1-5,adjust,0.0007886632680507903,2.167029739728158e-05,2.4517414300610433e-05
248,2,1-7,adjust,0.000836824765209406,-2.2991047935014913e-05,4.4756224251130675e-05
248,3,1-7,adjust,0.001751348080244229,-2.0871781823337347e-05,6.0555791045240635e-05
248,4,1-7,adjust,-0.0,-0.0,4.0681015437232105e-05
248,5,1-7,adjust,-0.0,-0.0,7.032416772017595e-05
248,6,1-7,adjust,0.0003503855210404949,6.178177969832928e-07,0.0001560922375960325
248,9,1-8,adjust,-0.0007886632680547128,-2.167029739710826e-05,3.464783741313929e-05
249,2,1-4,adjust,-0.0008368247652346951,2.2991047934973042e-05,9.892412018355209e-06
249,3,1-4,adjust,-0.0017513480802648796,2.0871781823264122e-05,6.846609127120434e-05
249,6,1-5,adjust,-0.00035038552102805977,-6.178177966089566e-07,3.057433061303365e-05
249,7,1-4,adjust,-0.0,-0.0,6.151241020803131e-05
249,8,1-5,within_tolerance,0.0,0.0,3.1081490137867354e-06
249,9,1-5,adjust,0.0007886632680634478,2.167029739799938e-05,2.4517414302501346e-05
250,2,1-7,adjust,0.000836824765209406,-2.2991047935014913e-05,4.4756224251130675e-05
250,3,1-7,adjust,0.0017513480802340848,-2.0871781823299718e-05,6.055579104512846e-05
250,4,1-7,adjust,-0.0,-0.0,4.0681015437232105e-05
250,5,1-7,adjust,-0.0,-0.0,7.032416772017595e-05
250,6,1-7,adjust,0.0003503855210379766,6.178177970713751e-07,0.00015609223759616072
250,9,1-8,adjust,-0.0007886632680708753,-2.1670297398218408e-05,3.46478374124983e-05
251,2,1-4,adjust,-0.0008368247652346951,2.2991047934973042e-05,9.892412018355209e-06
251,3,1-4,adjust,-0.001751348080253607,2.087178182335179e-05,6.846609127184534e-05
251,6,1-5,adjust,-0.0003503855210299587,-6.178177971674134e-07,3.057433061290545e-05
251,7,1-4,adjust,-0.0,-0.0,6.151241020803131e-05
251,8,1-5,within_tolerance,0.0,0.0,3.1081490137867354e-06
251,9,1-5,adjust,0.0007886632680507903,2.167029739728158e-05,2.4517414300610433e-05
252,2,1-7,adjust,0.000836824765209406,-2.2991047935014913e-05,4.4756224251130675e-05
252,3,1-7,adjust,0.001751348080244229,-2.0871781823337347e-05,6.0555791045240635e-05
252,4,1-7,adjust,-0.0,-0.0,4.0681015437232105e-05
252,5,1-7,adjust,-0.0,-0.0,7.032416772017595e-05
252,6,1-7,adjust,0.0003503855210404949,6.178177969832928e-07,0.0001560922375960325
252,9,1-8,adjust,-0.0007886632680547128,-2.167029739710826e-05,3.464783741313929e-05
253,2,1-4,adjust,-0.0008368247652346951,2.2991047934973042e-05,9.892412018355209e-06
253,3,1-4,adjust,-0.0017513480802648796,2.0871781823264122e-05,6.846609127120434e-05
253,6,1-5,adjust,-0.00035038552102805977,-6.178177966089566e-07,3.057433061303365e-05
253,7,1-4,adjust,-0.0,-0.0,6.151241020803131e-05
253,8,1-5,within_tolerance,0.0,0.0,3.1081490137867354e-06
253,9,1-5,adjust,0.0007886632680634478,2.167029739799938e-05,2.4517414302501346e-05
254,2,1-7,adjust,0.000836824765209406,-2.2991047935014913e-05,4.4756224251130675e-05
254,3,1-7,adjust,0.0017513480802340848,-2.0871781823299718e-05,6.055579104512846e-05
254,4,1-7,adjust,-0.0,-0.0,4.0681015437232105e-05
254,5,1-7,adjust,-0.0,-0.0,7.032416772017595e-05
254,6,1-7,adjust,0.0003503855210379766,6.178177970713751e-07,0.00015609223759616072
254,9,1-8,adjust,-0.0007886632680708753,-2.1670297398218408e-05,3.46478374124983e-05
255,2,1-4,adjust,-0.0008368247652346951,2.2991047934973042e-05,9.892412018355209e-06
255,3,1-4,adjust,-0.001751348080253607,2.087178182335179e-05,6.846609127184534e-05
255,6,1-5,adjust,-0.0003503855210299587,-6.178177971674134e-07,3.057433061290545e-05
255,7,1-4,adjust,-0.0,-0.0,6.151241020803131e-05
255,8,1-5,within_tolerance,0.0,0.0,3.1081490137867354e-06
255,9,1-5,adjust,0.0007886632680507903,2.167029739728158e-05,2.4517414300610433e-05
256,2,1-7,adjust,0.000836824765209406,-2.2991047935014913e-05,4.4756224251130675e-05
256,3,1-7,adjust,0.001751348080244229,-2.0871781823337347e-05,6.0555791045240635e-05
256,4,1-7,adjust,-0.0,-0.0,4.0681015437232105e-05
256,5,1-7,adjust,-0.0,-0.0,7.032416772017595e-05
256,6,1-7,adjust,0.0003503855210404949,6.178177969832928e-07,0.0001560922375960325
256,9,1-8,adjust,-0.0007886632680547128,-2.167029739710826e-05,3.464783741313929e-05
257,2,1-4,adjust,-0.0008368247652346951,2.2991047934973042e-05,9.892412018355209e-06
257,3,1-4,adjust,-0.0017513480802648796,2.0871781823264122e-05,6.846609127120434e-05
257,6,1-5,adjust,-0.00035038552102805977,-6.178177966089566e-07,3.057433061303365e-05
257,7,1-4,adjust,-0.0,-0.0,6.151241020803131e-05
257,8,1-5,within_tolerance,0.0,0.0,3.1081490137867354e-06
257,9,1-5,adjust,0.0007886632680634478,2.167029739799938e-05,2.4517414302501346e-05
258,2,1-7,adjust,0.000836824765209406,-2.2991047935014913e-05,4.4756224251130675e-05
258,3,1-7,adjust,0.0017513480802340848,-2.0871781823299718e-05,6.055579104512846e-05
258,4,1-7,adjust,-0.0,-0.0,4.0681015437232105e-05
258,5,1-7,adjust,-0.0,-0.0,7.032416772017595e-05
258,6,1-7,adjust,0.0003503855210379766,6.178177970713751e-07,0.00015609223759616072
258,9,1-8,adjust,-0.0007886632680708753,-2.1670297398218408e-05,3.46478374124983e-05
259,2,1-4,adjust,-0.0008368247652346951,2.2991047934973042e-05,9.892412018355209e-06
259,3,1-4,adjust,-0.001751348080253607,2.087178182335179e-05,6.846609127184534e-05
259,6,1-5,adjust,-0.0003503855210299587,-6.178177971674134e-07,3.057433061290545e-05
259,7,1-4,adjust,-0.0,-0.0,6.151241020803131e-05
259,8,1-5,within_tolerance,0.0,0.0,3.1081490137867354e-06
259,9,1-5,adjust,0.0007886632680507903,2.167029739728158e-05,2.4517414300610433e-05
260,2,1-7,adjust,0.000836824765209406,-2.2991047935014913e-05,4.4756224251130675e-05
260,3,1-7,adjust,0.001751348080244229,-2.0871781823337347e-05,6.0555791045240635e-05
260,4,1-7,adjust,-0.0,-0.0,4.0681015437232105e-05
260,5,1-7,adjust,-0.0,-0.0,7.032416772017595e-05
260,6,1-7,adjust,0.0003503855210404949,6.178177969832928e-07,0.0001560922375960325
260,9,1-8,adjust,-0.0007886632680547128,-2.167029739710826e-05,3.464783741313929e-05
261,2,1-4,adjust,-0.0008368247652346951,2.2991047934973042e-05,9.892412018355209e-06
261,3,1-4,adjust,-0.0017513480802648796,2.0871781823264122e-05,6.846609127120434e-05
261,6,1-5,adjust,-0.00035038552102805977,-6.178177966089566e-07,3.057433061303365e-05
261,7,1-4,adjust,-0.0,-0.0,6.151241020803131e-05
261,8,1-5,within_tolerance,0.0,0.0,3.1081490137867354e-06
261,9,1-5,adjust,0.0007886632680634478,2.167029739799938e-05,2.4517414302501346e-05
262,2,1-7,adjust,0.000836824765209406,-2.2991047935014913e-05,4.4756224251130675e-05
262,3,1-7,adjust,0.0017513480802340848,-2.0871781823299718e-05,6.055579104512846e-05
262,4,1-7,adjust,-0.0,-0.0,4.0681015437232105e-05
262,5,1-7,adjust,-0.0,-0.0,7.032416772017595e-05
262,6,1-7,adjust,0.0003503855210379766,6.178177970713751e-07,0.00015609223759616072
262,9,1-8,adjust,-0.0007886632680708753,-2.1670297398218408e-05,3.46478374124983e-05
263,2,1-4,adjust,-0.0008368247652346951,2.2991047934973042e-05,9.892412018355209e-06
263,3,1-4,adjust,-0.001751348080253607,2.087178182335179e-05,6.846609127184534e-05
263,6,1-5,adjust,-0.0003503855210299587,-6.178177971674134e-07,3.057433061290545e-05
263,7,1-4,adjust,-0.0,-0.0,6.151241020803131e-05
263,8,1-5,within_tolerance,0.0,0.0,3.1081490137867354e-06
263,9,1-5,adjust,0.0007886632680507903,2.167029739728158e-05,2.4517414300610433e-05
264,2,1-7,adjust,0.000836824765209406,-2.2991047935014913e-05,4.4756224251130675e-05
264,3,1-7,adjust,0.001751348080244229,-2.0871781823337347e-05,6.0555791045240635e-05
264,4,1-7,adjust,-0.0,-0.0,4.0681015437232105e-05
264,5,1-7,adjust,-0.0,-0.0,7.032416772017595e-05
264,6,1-7,adjust,0.0003503855210404949,6.178177969832928e-07,0.0001560922375960325
264,9,1-8,adjust,-0.0007886632680547128,-2.167029739710826e-05,3.464783741313929e-05
265,2,1-4,adjust,-0.0008368247652346951,2.2991047934973042e-05,9.892412018355209e-06
265,3,1-4,adjust,-0.0017513480802648796,2.0871781823264122e-05,6.846609127120434e-05
265,6,1-5,adjust,-0.00035038552102805977,-6.178177966089566e-07,3.057433061303365e-05
265,7,1-4,adjust,-0.0,-0.0,6.151241020803131e-05
265,8,1-5,within_tolerance,0.0,0.0,3.1081490137867354e-06
265,9,1-5,adjust,0.0007886632680634478,2.167029739799938e-05,2.4517414302501346e-05
266,2,1-7,adjust,0.000836824765209406,-2.2991047935014913e-05,4.4756224251130675e-05
266,3,1-7,adjust,0.0017513480802340848,-2.0871781823299718e-05,6.055579104512846e-05
266,4,1-7,adjust,-0.0,-0.0,4.0681015437232105e-05
266,5,1-7,adjust,-0.0,-0.0,7.032416772017595e-05
266,6,1-7,adjust,0.0003503855210379766,6.178177970713751e-07,0.00015609223759616072
266,9,1-8,adjust,-0.0007886632680708753,-2.1670297398218408e-05,3.46478374124983e-05
267,2,1-4,adjust,-0.0008368247652346951,2.2991047934973042e-05,9.892412018355209e-06
267,3,1-4,adjust,-0.001751348080253607,2.087178182335179e-05,6.846609127184534e-05
267,6,1-5,adjust,-0.0003503855210299587,-6.178177971674134e-07,3.057433061290545e-05
267,7,1-4,adjust,-0.0,-0.0,6.151241020803131e-05
267,8,1-5,within_tolerance,0.0,0.0,3.1081490137867354e-06
267,9,1-5,adjust,0.0007886632680507903,2.167029739728158e-05,2.4517414300610433e-05
268,2,1-7,adjust,0.000836824765209406,-2.2991047935014913e-05,4.4756224251130675e-05
268,3,1-7,adjust,0.001751348080244229,-2.0871781823337347e-05,6.0555791045240635e-05
268,4,1-7,adjust,-0.0,-0.0,4.0681015437232105e-05
268,5,1-7,adjust,-0.0,-0.0,7.032416772017595e-05
268,6,1-7,adjust,0.0003503855210404949,6.178177969832928e-07,0.0001560922375960325
268,9,1-8,adjust,-0.0007886632680547128,-2.167029739710826e-05,3.464783741313929e-05
269,2,1-4,adjust,-0.0008368247652346951,2.2991047934973042e-05,9.892412018355209e-06
269,3,1-4,adjust,-0.0017513480802648796,2.0871781823264122e-05,6.846609127120434e-05
269,6,1-5,adjust,-0.00035038552102805977,-6.178177966089566e-07,3.057433061303365e-05
269,7,1-4,adjust,-0.0,-0.0,6.151241020803131e-05
269,8,1-5,within_tolerance,0.0,0.0,3.1081490137867354e-06
269,9,1-5,adjust,0.0007886632680634478,2.167029739799938e-05,2.4517414302501346e-05
270,2,1-7,adjust,0.000836824765209406,-2.2991047935014913e-05,4.4756224251130675e-05
270,3,1-7,adjust,0.0017513480802340848,-2.0871781823299718e-05,6.055579104512846e-05
270,4,1-7,adjust,-0.0,-0.0,4.0681015437232105e-05
270,5,1-7,adjust,-0.0,-0.0,7.032416772017595e-05
270,6,1-7,adjust,0.0003503855210379766,6.178177970713751e-07,0.00015609223759616072
270,9,1-8,adjust,-0.0007886632680708753,-2.1670297398218408e-05,3.46478374124983e-05
271,2,1-4,adjust,-0.0008368247652346951,2.2991047934973042e-05,9.892412018355209e-06
271,3,1-4,adjust,-0.001751348080253607,2.087178182335179e-05,6.846609127184534e-05
271,6,1-5,adjust,-0.0003503855210299587,-6.178177971674134e-07,3.057433061290545e-05
271,7,1-4,adjust,-0.0,-0.0,6.151241020803131e-05
271,8,1-5,within_tolerance,0.0,0.0,3.1081490137867354e-06
271,9,1-5,adjust,0.0007886632680507903,2.167029739728158e-05,2.4517414300610433e-05
272,2,1-7,adjust,0.000836824765209406,-2.2991047935014913e-05,4.4756224251130675e-05
272,3,1-7,adjust,0.001751348080244229,-2.0871781823337347e-05,6.0555791045240635e-05
272,4,1-7,adjust,-0.0,-0.0,4.0681015437232105e-05
272,5,1-7,adjust,-0.0,-0.0,7.032416772017595e-05
272,6,1-7,adjust,0.0003503855210404949,6.178177969832928e-07,0.0001560922375960325
272,9,1-8,adjust,-0.0007886632680547128,-2.167029739710826e-05,3.464783741313929e-05
273,2,1-4,adjust,-0.0008368247652346951,2.2991047934973042e-05,9.892412018355209e-06
273,3,1-4,adjust,-0.0017513480802648796,2.0871781823264122e-05,6.846609127120434e-05
273,6,1-5,adjust,-0.00035038552102805977,-6.178177966089566e-07,3.057433061303365e-05
273,7,1-4,adjust,-0.0,-0.0,6.151241020803131e-05
273,8,1-5,within_tolerance,0.0,0.0,3.1081490137867354e-06
273,9,1-5,adjust,0.0007886632680634478,2.167029739799938e-05,2.4517414302501346e-05
274,2,1-7,adjust,0.000836824765209406,-2.2991047935014913e-05,4.4756224251130675e-05
274,3,1-7,adjust,0.0017513480802340848,-2.0871781823299718e-05,6.055579104512846e-05
274,4,1-7,adjust,-0.0,-0.0,4.0681015437232105e-05
274,5,1-7,adjust,-0.0,-0.0,7.032416772017595e-05
274,6,1-7,adjust,0.0003503855210379766,6.178177970713751e-07,0.00015609223759616072
274,9,1-8,adjust,-0.0007886632680708753,-2.1670297398218408e-05,3.46478374124983e-05
275,2,1-4,adjust,-0.0008368247652346951,2.2991047934973042e-05,9.892412018355209e-06
275,3,1-4,adjust,-0.001751348080253607,2.087178182335179e-05,6.846609127184534e-05
275,6,1-5,adjust,-0.0003503855210299587,-6.178177971674134e-07,3.057433061290545e-05
275,7,1-4,adjust,-0.0,-0.0,6.151241020803131e-05
275,8,1-5,within_tolerance,0.0,0.0,3.1081490137867354e-06
275,9,1-5,adjust,0.0007886632680507903,2.167029739728158e-05,2.4517414300610433e-05
276,2,1-7,adjust,0.000836824765209406,-2.2991047935014913e-05,4.4756224251130675e-05
276,3,1-7,adjust,0.001751348080244229,-2.0871781823337347e-05,6.0555791045240635e-05
276,4,1-7,adjust,-0.0,-0.0,4.0681015437232105e-05
276,5,1-7,adjust,-0.0,-0.0,7.032416772017595e-05
276,6,1-7,adjust,0.0003503855210404949,6.178177969832928e-07,0.0001560922375960325
276,9,1-8,adjust,-0.0007886632680547128,-2.167029739710826e-05,3.464783741313929e-05
277,2,1-4,adjust,-0.0008368247652346951,2.2991047934973042e-05,9.892412018355209e-06
277,3,1-4,adjust,-0.0017513480802648796,2.0871781823264122e-05,6.846609127120434e-05
277,6,1-5,adjust,-0.00035038552102805977,-6.178177966089566e-07,3.057433061303365e-05
277,7,1-4,adjust,-0.0,-0.0,6.151241020803131e-05
277,8,1-5,within_tolerance,0.0,0.0,3.1081490137867354e-06
277,9,1-5,adjust,0.0007886632680634478,2.167029739799938e-05,2.4517414302501346e-05
278,2,1-7,adjust,0.000836824765209406,-2.2991047935014913e-05,4.4756224251130675e-05
278,3,1-7,adjust,0.0017513480802340848,-2.0871781823299718e-05,6.055579104512846e-05
278,4,1-7,adjust,-0.0,-0.0,4.0681015437232105e-05
278,5,1-7,adjust,-0.0,-0.0,7.032416772017595e-05
278,6,1-7,adjust,0.0003503855210379766,6.178177970713751e-07,0.00015609223759616072
278,9,1-8,adjust,-0.0007886632680708753,-2.1670297398218408e-05,3.46478374124983e-05
279,2,1-4,adjust,-0.0008368247652346951,2.2991047934973042e-05,9.892412018355209e-06
279,3,1-4,adjust,-0.001751348080253607,2.087178182335179e-05,6.846609127184534e-05
279,6,1-5,adjust,-0.0003503855210299587,-6.178177971674134e-07,3.057433061290545e-05
279,7,1-4,adjust,-0.0,-0.0,6.151241020803131e-05
279,8,1-5,within_tolerance,0.0,0.0,3.1081490137867354e-06
279,9,1-5,adjust,0.0007886632680507903,2.167029739728158e-05,2.4517414300610433e-05
280,2,1-7,adjust,0.000836824765209406,-2.2991047935014913e-05,4.4756224251130675e-05
280,3,1-7,adjust,0.001751348080244229,-2.0871781823337347e-05,6.0555791045240635e-05
280,4,1-7,adjust,-0.0,-0.0,4.0681015437232105e-05
280,5,1-7,adjust,-0.0,-0.0,7.032416772017595e-05
280,6,1-7,adjust,0.0003503855210404949,6.178177969832928e-07,0.0001560922375960325
280,9,1-8,adjust,-0.0007886632680547128,-2.167029739710826e-05,3.464783741313929e-05
281,2,1-4,adjust,-0.0008368247652346951,2.2991047934973042e-05,9.892412018355209e-06
281,3,1-4,adjust,-0.0017513480802648796,2.0871781823264122e-05,6.846609127120434e-05
281,6,1-5,adjust,-0.00035038552102805977,-6.178177966089566e-07,3.057433061303365e-05
281,7,1-4,adjust,-0.0,-0.0,6.151241020803131e-05
281,8,1-5,within_tolerance,0.0,0.0,3.1081490137867354e-06
281,9,1-5,adjust,0.0007886632680634478,2.167029739799938e-05,2.4517414302501346e-05
282,2,1-7,adjust,0.000836824765209406,-2.2991047935014913e-05,4.4756224251130675e-05
282,3,1-7,adjust,0.0017513480802340848,-2.0871781823299718e-05,6.055579104512846e-05
282,4,1-7,adjust,-0.0,-0.0,4.0681015437232105e-05
282,5,1-7,adjust,-0.0,-0.0,7.032416772017595e-05
282,6,1-7,adjust,0.0003503855210379766,6.178177970713751e-07,0.00015609223759616072
282,9,1-8,adjust,-0.0007886632680708753,-2.1670297398218408e-05,3.46478374124983e-05
283,2,1-4,adjust,-0.0008368247652346951,2.2991047934973042e-05,9.892412018355209e-06
283,3,1-4,adjust,-0.001751348080253607,2.087178182335179e-05,6.846609127184534e-05
283,6,1-5,adjust,-0.0003503855210299587,-6.178177971674134e-07,3.057433061290545e-05
283,7,1-4,adjust,-0.0,-0.0,6.151241020803131e-05
283,8,1-5,within_tolerance,0.0,0.0,3.1081490137867354e-06
283,9,1-5,adjust,0.0007886632680507903,2.167029739728158e-05,2.4517414300610433e-05
284,2,1-7,adjust,0.000836824765209406,-2.2991047935014913e-05,4.4756224251130675e-05
284,3,1-7,adjust,0.001751348080244229,-2.0871781823337347e-05,6.0555791045240635e-05
284,4,1-7,adjust,-0.0,-0.0,4.0681015437232105e-05
284,5,1-7,adjust,-0.0,-0.0,7.032416772017595e-05
284,6,1-7,adjust,0.0003503855210404949,6.178177969832928e-07,0.0001560922375960325
284,9,1-8,adjust,-0.0007886632680547128,-2.167029739710826e-05,3.464783741313929e-05
285,2,1-4,adjust,-0.0008368247652346951,2.2991047934973042e-05,9.892412018355209e-06
285,3,1-4,adjust,-0.0017513480802648796,2.0871781823264122e-05,6.846609127120434e-05
285,6,1-5,adjust,-0.00035038552102805977,-6.178177966089566e-07,3.057433061303365e-05
285,7,1-4,adjust,-0.0,-0.0,6.151241020803131e-05
285,8,1-5,within_tolerance,0.0,0.0,3.1081490137867354e-06
285,9,1-5,adjust,0.0007886632680634478,2.167029739799938e-05,2.4517414302501346e-05
286,2,1-7,adjust,0.000836824765209406,-2.2991047935014913e-05,4.4756224251130675e-05
286,3,1-7,adjust,0.0017513480802340848,-2.0871781823299718e-05,6.055579104512846e-05
286,4,1-7,adjust,-0.0,-0.0,4.0681015437232105e-05
286,5,1-7,adjust,-0.0,-0.0,7.032416772017595e-05
286,6,1-7,adjust,0.0003503855210379766,6.178177970713751e-07,0.00015609223759616072
286,9,1-8,adjust,-0.0007886632680708753,-2.1670297398218408e-05,3.46478374124983e-05
287,2,1-4,adjust,-0.0008368247652346951,2.2991047934973042e-05,9.892412018355209e-06
287,3,1-4,adjust,-0.001751348080253607,2.087178182335179e-05,6.846609127184534e-05
287,6,1-5,adjust,-0.0003503855210299587,-6.178177971674134e-07,3.057433061290545e-05
287,7,1-4,adjust,-0.0,-0.0,6.151241020803131e-05
287,8,1-5,within_tolerance,0.0,0.0,3.1081490137867354e-06
287,9,1-5,adjust,0.0007886632680507903,2.167029739728158e-05,2.4517414300610433e-05
288,2,1-7,adjust,0.000836824765209406,-2.2991047935014913e-05,4.4756224251130675e-05
288,3,1-7,adjust,0.001751348080244229,-2.0871781823337347e-05,6.0555791045240635e-05
288,4,1-7,adjust,-0.0,-0.0,4.0681015437232105e-05
288,5,1-7,adjust,-0.0,-0.0,7.032416772017595e-05
288,6,1-7,adjust,0.0003503855210404949,6.178177969832928e-07,0.0001560922375960325
288,9,1-8,adjust,-0.0007886632680547128,-2.167029739710826e-05,3.464783741313929e-05
289,2,1-4,adjust,-0.0008368247652346951,2.2991047934973042e-05,9.892412018355209e-06
289,3,1-4,adjust,-0.0017513480802648796,2.0871781823264122e-05,6.846609127120434e-05
289,6,1-5,adjust,-0.00035038552102805977,-6.178177966089566e-07,3.057433061303365e-05
289,7,1-4,adjust,-0.0,-0.0,6.151241020803131e-05
289,8,1-5,within_tolerance,0.0,0.0,3.1081490137867354e-06
289,9,1-5,adjust,0.0007886632680634478,2.167029739799938e-05,2.4517414302501346e-05
290,2,1-7,adjust,0.000836824765209406,-2.2991047935014913e-05,4.4756224251130675e-05
290,3,1-7,adjust,0.0017513480802340848,-2.0871781823299718e-05,6.055579104512846e-05
290,4,1-7,adjust,-0.0,-0.0,4.0681015437232105e-05
290,5,1-7,adjust,-0.0,-0.0,7.032416772017595e-05
290,6,1-7,adjust,0.0003503855210379766,6.178177970713751e-07,0.00015609223759616072
290,9,1-8,adjust,-0.0007886632680708753,-2.1670297398218408e-05,3.46478374124983e-05
291,2,1-4,adjust,-0.0008368247652346951,2.2991047934973042e-05,9.892412018355209e-06
291,3,1-4,adjust,-0.001751348080253607,2.087178182335179e-05,6.846609127184534e-05
291,6,1-5,adjust,-0.0003503855210299587,-6.178177971674134e-07,3.057433061290545e-05
291,7,1-4,adjust,-0.0,-0.0,6.151241020803131e-05
291,8,1-5,within_tolerance,0.0,0.0,3.1081490137867354e-06
291,9,1-5,adjust,0.0007886632680507903,2.167029739728158e-05,2.4517414300610433e-05
292,2,1-7,adjust,0.000836824765209406,-2.2991047935014913e-05,4.4756224251130675e-05
292,3,1-7,adjust,0.001751348080244229,-2.0871781823337347e-05,6.0555791045240635e-05
292,4,1-7,adjust,-0.0,-0.0,4.0681015437232105e-05
292,5,1-7,adjust,-0.0,-0.0,7.032416772017595e-05
292,6,1-7,adjust,0.0003503855210404949,6.178177969832928e-07,0.0001560922375960325
292,9,1-8,adjust,-0.0007886632680547128,-2.167029739710826e-05,3.464783741313929e-05
293,2,1-4,adjust,-0.0008368247652346951,2.2991047934973042e-05,9.892412018355209e-06
293,3,1-4,adjust,-0.0017513480802648796,2.0871781823264122e-05,6.846609127120434e-05
293,6,1-5,adjust,-0.00035038552102805977,-6.178177966089566e-07,3.057433061303365e-05
293,7,1-4,adjust,-0.0,-0.0,6.151241020803131e-05
293,8,1-5,within_tolerance,0.0,0.0,3.1081490137867354e-06
293,9,1-5,adjust,0.0007886632680634478,2.167029739799938e-05,2.4517414302501346e-05
294,2,1-7,adjust,0.000836824765209406,-2.2991047935014913e-05,4.4756224251130675e-05
294,3,1-7,adjust,0.0017513480802340848,-2.0871781823299718e-05,6.055579104512846e-05
294,4,1-7,adjust,-0.0,-0.0,4.0681015437232105e-05
294,5,1-7,adjust,-0.0,-0.0,7.032416772017595e-05
294,6,1-7,adjust,0.0003503855210379766,6.178177970713751e-07,0.00015609223759616072
294,9,1-8,adjust,-0.0007886632680708753,-2.1670297398218408e-05,3.46478374124983e-05
295,2,1-4,adjust,-0.0008368247652346951,2.2991047934973042e-05,9.892412018355209e-06
295,3,1-4,adjust,-0.001751348080253607,2.087178182335179e-05,6.846609127184534e-05
295,6,1-5,adjust,-0.0003503855210299587,-6.178177971674134e-07,3.057433061290545e-05
295,7,1-4,adjust,-0.0,-0.0,6.151241020803131e-05
295,8,1-5,within_tolerance,0.0,0.0,3.1081490137867354e-06
295,9,1-5,adjust,0.0007886632680507903,2.167029739728158e-05,2.4517414300610433e-05
296,2,1-7,adjust,0.000836824765209406,-2.2991047935014913e-05,4.4756224251130675e-05
296,3,1-7,adjust,0.001751348080244229,-2.0871781823337347e-05,6.0555791045240635e-05
296,4,1-7,adjust,-0.0,-0.0,4.0681015437232105e-05
296,5,1-7,adjust,-0.0,-0.0,7.032416772017595e-05
296,6,1-7,adjust,0.0003503855210404949,6.178177969832928e-07,0.0001560922375960325
296,9,1-8,adjust,-0.0007886632680547128,-2.167029739710826e-05,3.464783741313929e-05
297,2,1-4,adjust,-0.0008368247652346951,2.2991047934973042e-05,9.892412018355209e-06
297,3,1-4,adjust,-0.0017513480802648796,2.0871781823264122e-05,6.846609127120434e-05
297,6,1-5,adjust,-0.00035038552102805977,-6.178177966089566e-07,3.057433061303365e-05
297,7,1-4,adjust,-0.0,-0.0,6.151241020803131e-05
297,8,1-5,within_tolerance,0.0,0.0,3.1081490137867354e-06
297,9,1-5,adjust,0.0007886632680634478,2.167029739799938e-05,2.4517414302501346e-05
298,2,1-7,adjust,0.000836824765209406,-2.2991047935014913e-05,4.4756224251130675e-05
298,3,1-7,adjust,0.0017513480802340848,-2.0871781823299718e-05,6.055579104512846e-05
298,4,1-7,adjust,-0.0,-0.0,4.0681015437232105e-05
298,5,1-7,adjust,-0.0,-0.0,7.032416772017595e-05
298,6,1-7,adjust,0.0003503855210379766,6.178177970713751e-07,0.00015609223759616072
298,9,1-8,adjust,-0.0007886632680708753,-2.1670297398218408e-05,3.46478374124983e-05
299,2,1-4,adjust,-0.0008368247652346951,2.2991047934973042e-05,9.892412018355209e-06
299,3,1-4,adjust,-0.001751348080253607,2.087178182335179e-05,6.846609127184534e-05
299,6,1-5,adjust,-0.0003503855210299587,-6.178177971674134e-07,3.057433061290545e-05
299,7,1-4,adjust,-0.0,-0.0,6.151241020803131e-05
299,8,1-5,within_tolerance,0.0,0.0,3.1081490137867354e-06
299,9,1-5,adjust,0.0007886632680507903,2.167029739728158e-05,2.4517414300610433e-05
300,2,1-7,adjust,0.000836824765209406,-2.2991047935014913e-05,4.4756224251130675e-05
300,3,1-7,adjust,0.001751348080244229,-2.0871781823337347e-05,6.0555791045240635e-05
300,4,1-7,adjust,-0.0,-0.0,4.0681015437232105e-05
300,5,1-7,adjust,-0.0,-0.0,7.032416772017595e-05
300,6,1-7,adjust,0.0003503855210404949,6.178177969832928e-07,0.0001560922375960325
300,9,1-8,adjust,-0.0007886632680547128,-2.167029739710826e-05,3.464783741313929e-05
301,2,1-4,adjust,-0.0008368247652346951,2.2991047934973042e-05,9.892412018355209e-06
301,3,1-4,adjust,-0.0017513480802648796,2.0871781823264122e-05,6.846609127120434e-05
301,6,1-5,adjust,-0.00035038552102805977,-6.178177966089566e-07,3.057433061303365e-05
301,7,1-4,adjust,-0.0,-0.0,6.151241020803131e-05
301,8,1-5,within_tolerance,0.0,0.0,3.1081490137867354e-06
301,9,1-5,adjust,0.0007886632680634478,2.167029739799938e-05,2.4517414302501346e-05
302,2,1-7,adjust,0.000836824765209406,-2.2991047935014913e-05,4.4756224251130675e-05
302,3,1-7,adjust,0.0017513480802340848,-2.0871781823299718e-05,6.055579104512846e-05
302,4,1-7,adjust,-0.0,-0.0,4.0681015437232105e-05
302,5,1-7,adjust,-0.0,-0.0,7.032416772017595e-05
302,6,1-7,adjust,0.0003503855210379766,6.178177970713751e-07,0.00015609223759616072
302,9,1-8,adjust,-0.0007886632680708753,-2.1670297398218408e-05,3.46478374124983e-05
303,2,1-4,adjust,-0.0008368247652346951,2.2991047934973042e-05,9.892412018355209e-06
303,3,1-4,adjust,-0.001751348080253607,2.087178182335179e-05,6.846609127184534e-05
303,6,1-5,adjust,-0.0003503855210299587,-6.178177971674134e-07,3.057433061290545e-05
303,7,1-4,adjust,-0.0,-0.0,6.151241020803131e-05
303,8,1-5,within_tolerance,0.0,0.0,3.1081490137867354e-06
303,9,1-5,adjust,0.0007886632680507903,2.167029739728158e-05,2.4517414300610433e-05
304,2,1-7,adjust,0.000836824765209406,-2.2991047935014913e-05,4.4756224251130675e-05
304,3,1-7,adjust,0.001751348080244229,-2.0871781823337347e-05,6.0555791045240635e-05
304,4,1-7,adjust,-0.0,-0.0,4.0681015437232105e-05
304,5,1-7,adjust,-0.0,-0.0,7.032416772017595e-05
304,6,1-7,adjust,0.0003503855210404949,6.178177969832928e-07,0.0001560922375960325
304,9,1-8,adjust,-0.0007886632680547128,-2.167029739710826e-05,3.464783741313929e-05
305,2,1-4,adjust,-0.0008368247652346951,2.2991047934973042e-05,9.892412018355209e-06
305,3,1-4,adjust,-0.0017513480802648796,2.0871781823264122e-05,6.846609127120434e-05
305,6,1-5,adjust,-0.00035038552102805977,-6.178177966089566e-07,3.057433061303365e-05
305,7,1-4,adjust,-0.0,-0.0,6.151241020803131e-05
305,8,1-5,within_tolerance,0.0,0.0,3.1081490137867354e-06
305,9,1-5,adjust,0.0007886632680634478,2.167029739799938e-05,2.4517414302501346e-05
306,2,1-7,adjust,0.000836824765209406,-2.2991047935014913e-05,4.4756224251130675e-05
306,3,1-7,adjust,0.0017513480802340848,-2.0871781823299718e-05,6.055579104512846e-05
306,4,1-7,adjust,-0.0,-0.0,4.0681015437232105e-05
306,5,1-7,adjust,-0.0,-0.0,7.032416772017595e-05
306,6,1-7,adjust,0.0003503855210379766,6.178177970713751e-07,0.00015609223759616072
306,9,1-8,adjust,-0.0007886632680708753,-2.1670297398218408e-05,3.46478374124983e-05
307,2,1-4,adjust,-0.0008368247652346951,2.2991047934973042e-05,9.892412018355209e-06
307,3,1-4,adjust,-0.001751348080253607,2.087178182335179e-05,6.846609127184534e-05
307,6,1-5,adjust,-0.0003503855210299587,-6.178177971674134e-07,3.057433061290545e-05
307,7,1-4,adjust,-0.0,-0.0,6.151241020803131e-05
307,8,1-5,within_tolerance,0.0,0.0,3.1081490137867354e-06
307,9,1-5,adjust,0.0007886632680507903,2.167029739728158e-05,2.4517414300610433e-05
308,2,1-7,adjust,0.000836824765209406,-2.2991047935014913e-05,4.4756224251130675e-05
308,3,1-7,adjust,0.001751348080244229,-2.0871781823337347e-05,6.0555791045240635e-05
308,4,1-7,adjust,-0.0,-0.0,4.0681015437232105e-05
308,5,1-7,adjust,-0.0,-0.0,7.032416772017595e-05
308,6,1-7,adjust,0.0003503855210404949,6.178177969832928e-07,0.0001560922375960325
308,9,1-8,adjust,-0.0007886632680547128,-2.167029739710826e-05,3.464783741313929e-05
309,2,1-4,adjust,-0.0008368247652346951,2.2991047934973042e-05,9.892412018355209e-06
309,3,1-4,adjust,-0.0017513480802648796,2.0871781823264122e-05,6.846609127120434e-05
309,6,1-5,adjust,-0.00035038552102805977,-6.178177966089566e-07,3.057433061303365e-05
309,7,1-4,adjust,-0.0,-0.0,6.151241020803131e-05
309,8,1-5,within_tolerance,0.0,0.0,3.1081490137867354e-06
309,9,1-5,adjust,0.0007886632680634478,2.167029739799938e-05,2.4517414302501346e-05
310,2,1-7,adjust,0.000836824765209406,-2.2991047935014913e-05,4.4756224251130675e-05
310,3,1-7,adjust,0.0017513480802340848,-2.0871781823299718e-05,6.055579104512846e-05
310,4,1-7,adjust,-0.0,-0.0,4.0681015437232105e-05
310,5,1-7,adjust,-0.0,-0.0,7.032416772017595e-05
310,6,1-7,adjust,0.0003503855210379766,6.178177970713751e-07,0.00015609223759616072
310,9,1-8,adjust,-0.0007886632680708753,-2.1670297398218408e-05,3.46478374124983e-05
311,2,1-4,adjust,-0.0008368247652346951,2.2991047934973042e-05,9.892412018355209e-06
311,3,1-4,adjust,-0.001751348080253607,2.087178182335179e-05,6.846609127184534e-05
311,6,1-5,adjust,-0.0003503855210299587,-6.178177971674134e-07,3.057433061290545e-05
311,7,1-4,adjust,-0.0,-0.0,6.151241020803131e-05
311,8,1-5,within_tolerance,0.0,0.0,3.1081490137867354e-06
311,9,1-5,adjust,0.0007886632680507903,2.167029739728158e-05,2.4517414300610433e-05
312,2,1-7,adjust,0.000836824765209406,-2.2991047935014913e-05,4.4756224251130675e-05
312,3,1-7,adjust,0.001751348080244229,-2.0871781823337347e-05,6.0555791045240635e-05
312,4,1-7,adjust,-0.0,-0.0,4.0681015437232105e-05
312,5,1-7,adjust,-0.0,-0.0,7.032416772017595e-05
312,6,1-7,adjust,0.0003503855210404949,6.178177969832928e-07,0.0001560922375960325
312,9,1-8,adjust,-0.0007886632680547128,-2.167029739710826e-05,3.464783741313929e-05
313,2,1-4,adjust,-0.0008368247652346951,2.2991047934973042e-05,9.892412018355209e-06
313,3,1-4,adjust,-0.0017513480802648796,2.0871781823264122e-05,6.846609127120434e-05
313,6,1-5,adjust,-0.00035038552102805977,-6.178177966089566e-07,3.057433061303365e-05
313,7,1-4,adjust,-0.0,-0.0,6.151241020803131e-05
313,8,1-5,within_tolerance,0.0,0.0,3.1081490137867354e-06
313,9,1-5,adjust,0.0007886632680634478,2.167029739799938e-05,2.4517414302501346e-05
314,2,1-7,adjust,0.000836824765209406,-2.2991047935014913e-05,4.4756224251130675e-05
314,3,1-7,adjust,0.0017513480802340848,-2.0871781823299718e-05,6.055579104512846e-05
314,4,1-7,adjust,-0.0,-0.0,4.0681015437232105e-05
314,5,1-7,adjust,-0.0,-0.0,7.032416772017595e-05
314,6,1-7,adjust,0.0003503855210379766,6.178177970713751e-07,0.00015609223759616072
314,9,1-8,adjust,-0.0007886632680708753,-2.1670297398218408e-05,3.46478374124983e-05
315,2,1-4,adjust,-0.0008368247652346951,2.2991047934973042e-05,9.892412018355209e-06
315,3,1-4,adjust,-0.001751348080253607,2.087178182335179e-05,6.846609127184534e-05
315,6,1-5,adjust,-0.0003503855210299587,-6.178177971674134e-07,3.057433061290545e-05
315,7,1-4,adjust,-0.0,-0.0,6.151241020803131e-05
315,8,1-5,within_tolerance,0.0,0.0,3.1081490137867354e-06
315,9,1-5,adjust,0.0007886632680507903,2.167029739728158e-05,2.4517414300610433e-05
316,2,1-7,adjust,0.000836824765209406,-2.2991047935014913e-05,4.4756224251130675e-05
316,3,1-7,adjust,0.001751348080244229,-2.0871781823337347e-05,6.0555791045240635e-05
316,4,1-7,adjust,-0.0,-0.0,4.0681015437232105e-05
316,5,1-7,adjust,-0.0,-0.0,7.032416772017595e-05
316,6,1-7,adjust,0.0003503855210404949,6.178177969832928e-07,0.0001560922375960325
316,9,1-8,adjust,-0.0007886632680547128,-2.167029739710826e-05,3.464783741313929e-05
317,2,1-4,adjust,-0.0008368247652346951,2.2991047934973042e-05,9.892412018355209e-06
317,3,1-4,adjust,-0.0017513480802648796,2.0871781823264122e-05,6.846609127120434e-05
317,6,1-5,adjust,-0.00035038552102805977,-6.178177966089566e-07,3.057433061303365e-05
317,7,1-4,adjust,-0.0,-0.0,6.151241020803131e-05
317,8,1-5,within_tolerance,0.0,0.0,3.1081490137867354e-06
317,9,1-5,adjust,0.0007886632680634478,2.167029739799938e-05,2.4517414302501346e-05
318,2,1-7,adjust,0.000836824765209406,-2.2991047935014913e-05,4.4756224251130675e-05
318,3,1-7,adjust,0.0017513480802340848,-2.0871781823299718e-05,6.055579104512846e-05
318,4,1-7,adjust,-0.0,-0.0,4.0681015437232105e-05
318,5,1-7,adjust,-0.0,-0.0,7.032416772017595e-05
318,6,1-7,adjust,0.0003503855210379766,6.178177970713751e-07,0.00015609223759616072
318,9,1-8,adjust,-0.0007886632680708753,-2.1670297398218408e-05,3.46478374124983e-05
319,2,1-4,adjust,-0.0008368247652346951,2.2991047934973042e-05,9.892412018355209e-06
319,3,1-4,adjust,-0.001751348080253607,2.087178182335179e-05,6.846609127184534e-05
319,6,1-5,adjust,-0.0003503855210299587,-6.178177971674134e-07,3.057433061290545e-05
319,7,1-4,adjust,-0.0,-0.0,6.151241020803131e-05
319,8,1-5,within_tolerance,0.0,0.0,3.1081490137867354e-06
319,9,1-5,adjust,0.0007886632680507903,2.167029739728158e-05,2.4517414300610433e-05
320,2,1-7,adjust,0.000836824765209406,-2.2991047935014913e-05,4.4756224251130675e-05
320,3,1-7,adjust,0.001751348080244229,-2.0871781823337347e-05,6.0555791045240635e-05
320,4,1-7,adjust,-0.0,-0.0,4.0681015437232105e-05
320,5,1-7,adjust,-0.0,-0.0,7.032416772017595e-05
320,6,1-7,adjust,0.0003503855210404949,6.178177969832928e-07,0.0001560922375960325
320,9,1-8,adjust,-0.0007886632680547128,-2.167029739710826e-05,3.464783741313929e-05
321,2,1-4,adjust,-0.0008368247652346951,2.2991047934973042e-05,9.892412018355209e-06
321,3,1-4,adjust,-0.0017513480802648796,2.0871781823264122e-05,6.846609127120434e-05
321,6,1-5,adjust,-0.00035038552102805977,-6.178177966089566e-07,3.057433061303365e-05
321,7,1-4,adjust,-0.0,-0.0,6.151241020803131e-05
321,8,1-5,within_tolerance,0.0,0.0,3.1081490137867354e-06
321,9,1-5,adjust,0.0007886632680634478,2.167029739799938e-05,2.4517414302501346e-05
322,2,1-7,adjust,0.000836824765209406,-2.2991047935014913e-05,4.4756224251130675e-05
322,3,1-7,adjust,0.0017513480802340848,-2.0871781823299718e-05,6.055579104512846e-05
322,4,1-7,adjust,-0.0,-0.0,4.0681015437232105e-05
322,5,1-7,adjust,-0.0,-0.0,7.032416772017595e-05
322,6,1-7,adjust,0.0003503855210379766,6.178177970713751e-07,0.00015609223759616072
322,9,1-8,adjust,-0.0007886632680708753,-2.1670297398218408e-05,3.46478374124983e-05
323,2,1-4,adjust,-0.0008368247652346951,2.2991047934973042e-05,9.892412018355209e-06
323,3,1-4,adjust,-0.001751348080253607,2.087178182335179e-05,6.846609127184534e-05
323,6,1-5,adjust,-0.0003503855210299587,-6.178177971674134e-07,3.057433061290545e-05
323,7,1-4,adjust,-0.0,-0.0,6.151241020803131e-05
323,8,1-5,within_tolerance,0.0,0.0,3.1081490137867354e-06
323,9,1-5,adjust,0.0007886632680507903,2.167029739728158e-05,2.4517414300610433e-05
324,2,1-7,adjust,0.000836824765209406,-2.2991047935014913e-05,4.4756224251130675e-05
324,3,1-7,adjust,0.001751348080244229,-2.0871781823337347e-05,6.0555791045240635e-05
324,4,1-7,adjust,-0.0,-0.0,4.0681015437232105e-05
324,5,1-7,adjust,-0.0,-0.0,7.032416772017595e-05
324,6,1-7,adjust,0.0003503855210404949,6.178177969832928e-07,0.0001560922375960325
324,9,1-8,adjust,-0.0007886632680547128,-2.167029739710826e-05,3.464783741313929e-05
325,2,1-4,adjust,-0.0008368247652346951,2.2991047934973042e-05,9.892412018355209e-06
325,3,1-4,adjust,-0.0017513480802648796,2.0871781823264122e-05,6.846609127120434e-05
325,6,1-5,adjust,-0.00035038552102805977,-6.178177966089566e-07,3.057433061303365e-05
325,7,1-4,adjust,-0.0,-0.0,6.151241020803131e-05
325,8,1-5,within_tolerance,0.0,0.0,3.1081490137867354e-06
325,9,1-5,adjust,0.0007886632680634478,2.167029739799938e-05,2.4517414302501346e-05
326,2,1-7,adjust,0.000836824765209406,-2.2991047935014913e-05,4.4756224251130675e-05
326,3,1-7,adjust,0.0017513480802340848,-2.0871781823299718e-05,6.055579104512846e-05
326,4,1-7,adjust,-0.0,-0.0,4.0681015437232105e-05
326,5,1-7,adjust,-0.0,-0.0,7.032416772017595e-05
326,6,1-7,adjust,0.0003503855210379766,6.178177970713751e-07,0.00015609223759616072
326,9,1-8,adjust,-0.0007886632680708753,-2.1670297398218408e-05,3.46478374124983e-05
327,2,1-4,adjust,-0.0008368247652346951,2.2991047934973042e-05,9.892412018355209e-06
327,3,1-4,adjust,-0.001751348080253607,2.087178182335179e-05,6.846609127184534e-05
327,6,1-5,adjust,-0.0003503855210299587,-6.178177971674134e-07,3.057433061290545e-05
327,7,1-4,adjust,-0.0,-0.0,6.151241020803131e-05
327,8,1-5,within_tolerance,0.0,0.0,3.1081490137867354e-06
327,9,1-5,adjust,0.0007886632680507903,2.167029739728158e-05,2.4517414300610433e-05
328,2,1-7,adjust,0.000836824765209406,-2.2991047935014913e-05,4.4756224251130675e-05
328,3,1-7,adjust,0.001751348080244229,-2.0871781823337347e-05,6.0555791045240635e-05
328,4,1-7,adjust,-0.0,-0.0,4.0681015437232105e-05
328,5,1-7,adjust,-0.0,-0.0,7.032416772017595e-05
328,6,1-7,adjust,0.0003503855210404949,6.178177969832928e-07,0.0001560922375960325
328,9,1-8,adjust,-0.0007886632680547128,-2.167029739710826e-05,3.464783741313929e-05
329,2,1-4,adjust,-0.0008368247652346951,2.2991047934973042e-05,9.892412018355209e-06
329,3,1-4,adjust,-0.0017513480802648796,2.0871781823264122e-05,6.846609127120434e-05
329,6,1-5,adjust,-0.00035038552102805977,-6.178177966089566e-07,3.057433061303365e-05
329,7,1-4,adjust,-0.0,-0.0,6.151241020803131e-05
329,8,1-5,within_tolerance,0.0,0.0,3.1081490137867354e-06
329,9,1-5,adjust,0.0007886632680634478,2.167029739799938e-05,2.4517414302501346e-05
330,2,1-7,adjust,0.000836824765209406,-2.2991047935014913e-05,4.4756224251130675e-05
330,3,1-7,adjust,0.0017513480802340848,-2.0871781823299718e-05,6.055579104512846e-05
330,4,1-7,adjust,-0.0,-0.0,4.0681015437232105e-05
330,5,1-7,adjust,-0.0,-0.0,7.032416772017595e-05
330,6,1-7,adjust,0.0003503855210379766,6.178177970713751e-07,0.00015609223759616072
330,9,1-8,adjust,-0.0007886632680708753,-2.1670297398218408e-05,3.46478374124983e-05
331,2,1-4,adjust,-0.0008368247652346951,2.2991047934973042e-05,9.892412018355209e-06
331,3,1-4,adjust,-0.001751348080253607,2.087178182335179e-05,6.846609127184534e-05
331,6,1-5,adjust,-0.0003503855210299587,-6.178177971674134e-07,3.057433061290545e-05
331,7,1-4,adjust,-0.0,-0.0,6.151241020803131e-05
331,8,1-5,within_tolerance,0.0,0.0,3.1081490137867354e-06
331,9,1-5,adjust,0.0007886632680507903,2.167029739728158e-05,2.4517414300610433e-05
332,2,1-7,adjust,0.000836824765209406,-2.2991047935014913e-05,4.4756224251130675e-05
332,3,1-7,adjust,0.001751348080244229,-2.0871781823337347e-05,6.0555791045240635e-05
332,4,1-7,adjust,-0.0,-0.0,4.0681015437232105e-05
332,5,1-7,adjust,-0.0,-0.0,7.032416772017595e-05
332,6,1-7,adjust,0.0003503855210404949,6.178177969832928e-07,0.0001560922375960325
332,9,1-8,adjust,-0.0007886632680547128,-2.167029739710826e-05,3.464783741313929e-05
333,2,1-4,adjust,-0.0008368247652346951,2.2991047934973042e-05,9.892412018355209e-06
333,3,1-4,adjust,-0.0017513480802648796,2.0871781823264122e-05,6.846609127120434e-05
333,6,1-5,adjust,-0.00035038552102805977,-6.178177966089566e-07,3.057433061303365e-05
333,7,1-4,adjust,-0.0,-0.0,6.151241020803131e-05
333,8,1-5,within_tolerance,0.0,0.0,3.1081490137867354e-06
333,9,1-5,adjust,0.0007886632680634478,2.167029739799938e-05,2.4517414302501346e-05
334,2,1-7,adjust,0.000836824765209406,-2.2991047935014913e-05,4.4756224251130675e-05
334,3,1-7,adjust,0.0017513480802340848,-2.0871781823299718e-05,6.055579104512846e-05
334,4,1-7,adjust,-0.0,-0.0,4.0681015437232105e-05
334,5,1-7,adjust,-0.0,-0.0,7.032416772017595e-05
334,6,1-7,adjust,0.0003503855210379766,6.178177970713751e-07,0.00015609223759616072
334,9,1-8,adjust,-0.0007886632680708753,-2.1670297398218408e-05,3.46478374124983e-05
335,2,1-4,adjust,-0.0008368247652346951,2.2991047934973042e-05,9.892412018355209e-06
335,3,1-4,adjust,-0.001751348080253607,2.087178182335179e-05,6.846609127184534e-05
335,6,1-5,adjust,-0.0003503855210299587,-6.178177971674134e-07,3.057433061290545e-05
335,7,1-4,adjust,-0.0,-0.0,6.151241020803131e-05
335,8,1-5,within_tolerance,0.0,0.0,3.1081490137867354e-06
335,9,1-5,adjust,0.0007886632680507903,2.167029739728158e-05,2.4517414300610433e-05
336,2,1-7,adjust,0.000836824765209406,-2.2991047935014913e-05,4.4756224251130675e-05
336,3,1-7,adjust,0.001751348080244229,-2.0871781823337347e-05,6.0555791045240635e-05
336,4,1-7,adjust,-0.0,-0.0,4.0681015437232105e-05
336,5,1-7,adjust,-0.0,-0.0,7.032416772017595e-05
336,6,1-7,adjust,0.0003503855210404949,6.178177969832928e-07,0.0001560922375960325
336,9,1-8,adjust,-0.0007886632680547128,-2.167029739710826e-05,3.464783741313929e-05
337,2,1-4,adjust,-0.0008368247652346951,2.2991047934973042e-05,9.892412018355209e-06
337,3,1-4,adjust,-0.0017513480802648796,2.0871781823264122e-05,6.846609127120434e-05
337,6,1-5,adjust,-0.00035038552102805977,-6.178177966089566e-07,3.057433061303365e-05
337,7,1-4,adjust,-0.0,-0.0,6.151241020803131e-05
337,8,1-5,within_tolerance,0.0,0.0,3.1081490137867354e-06
337,9,1-5,adjust,0.0007886632680634478,2.167029739799938e-05,2.4517414302501346e-05
338,2,1-7,adjust,0.000836824765209406,-2.2991047935014913e-05,4.4756224251130675e-05
338,3,1-7,adjust,0.0017513480802340848,-2.0871781823299718e-05,6.055579104512846e-05
338,4,1-7,adjust,-0.0,-0.0,4.0681015437232105e-05
338,5,1-7,adjust,-0.0,-0.0,7.032416772017595e-05
338,6,1-7,adjust,0.0003503855210379766,6.178177970713751e-07,0.00015609223759616072
338,9,1-8,adjust,-0.0007886632680708753,-2.1670297398218408e-05,3.46478374124983e-05
339,2,1-4,adjust,-0.0008368247652346951,2.2991047934973042e-05,9.892412018355209e-06
339,3,1-4,adjust,-0.001751348080253607,2.087178182335179e-05,6.846609127184534e-05
339,6,1-5,adjust,-0.0003503855210299587,-6.178177971674134e-07,3.057433061290545e-05
339,7,1-4,adjust,-0.0,-0.0,6.151241020803131e-05
339,8,1-5,within_tolerance,0.0,0.0,3.1081490137867354e-06
339,9,1-5,adjust,0.0007886632680507903,2.167029739728158e-05,2.4517414300610433e-05
340,2,1-7,adjust,0.000836824765209406,-2.2991047935014913e-05,4.4756224251130675e-05
340,3,1-7,adjust,0.001751348080244229,-2.0871781823337347e-05,6.0555791045240635e-05
340,4,1-7,adjust,-0.0,-0.0,4.0681015437232105e-05
340,5,1-7,adjust,-0.0,-0.0,7.032416772017595e-05
340,6,1-7,adjust,0.0003503855210404949,6.178177969832928e-07,0.0001560922375960325
340,9,1-8,adjust,-0.0007886632680547128,-2.167029739710826e-05,3.464783741313929e-05
341,2,1-4,adjust,-0.0008368247652346951,2.2991047934973042e-05,9.892412018355209e-06
341,3,1-4,adjust,-0.0017513480802648796,2.0871781823264122e-05,6.846609127120434e-05
341,6,1-5,adjust,-0.00035038552102805977,-6.178177966089566e-07,3.057433061303365e-05
341,7,1-4,adjust,-0.0,-0.0,6.151241020803131e-05
341,8,1-5,within_tolerance,0.0,0.0,3.1081490137867354e-06
341,9,1-5,adjust,0.0007886632680634478,2.167029739799938e-05,2.4517414302501346e-05
342,2,1-7,adjust,0.000836824765209406,-2.2991047935014913e-05,4.4756224251130675e-05
342,3,1-7,adjust,0.0017513480802340848,-2.0871781823299718e-05,6.055579104512846e-05
342,4,1-7,adjust,-0.0,-0.0,4.0681015437232105e-05
342,5,1-7,adjust,-0.0,-0.0,7.032416772017595e-05
342,6,1-7,adjust,0.0003503855210379766,6.178177970713751e-07,0.00015609223759616072
342,9,1-8,adjust,-0.0007886632680708753,-2.1670297398218408e-05,3.46478374124983e-05
343,2,1-4,adjust,-0.0008368247652346951,2.2991047934973042e-05,9.892412018355209e-06
343,3,1-4,adjust,-0.001751348080253607,2.087178182335179e-05,6.846609127184534e-05
343,6,1-5,adjust,-0.0003503855210299587,-6.178177971674134e-07,3.057433061290545e-05
343,7,1-4,adjust,-0.0,-0.0,6.151241020803131e-05
343,8,1-5,within_tolerance,0.0,0.0,3.1081490137867354e-06
343,9,1-5,adjust,0.0007886632680507903,2.167029739728158e-05,2.4517414300610433e-05
344,2,1-7,adjust,0.000836824765209406,-2.2991047935014913e-05,4.4756224251130675e-05
344,3,1-7,adjust,0.001751348080244229,-2.0871781823337347e-05,6.0555791045240635e-05
344,4,1-7,adjust,-0.0,-0.0,4.0681015437232105e-05
344,5,1-7,adjust,-0.0,-0.0,7.032416772017595e-05
344,6,1-7,adjust,0.0003503855210404949,6.178177969832928e-07,0.0001560922375960325
344,9,1-8,adjust,-0.0007886632680547128,-2.167029739710826e-05,3.464783741313929e-05
345,2,1-4,adjust,-0.0008368247652346951,2.2991047934973042e-05,9.892412018355209e-06
345,3,1-4,adjust,-0.0017513480802648796,2.0871781823264122e-05,6.846609127120434e-05
345,6,1-5,adjust,-0.00035038552102805977,-6.178177966089566e-07,3.057433061303365e-05
345,7,1-4,adjust,-0.0,-0.0,6.151241020803131e-05
345,8,1-5,within_tolerance,0.0,0.0,3.1081490137867354e-06
345,9,1-5,adjust,0.0007886632680634478,2.167029739799938e-05,2.4517414302501346e-05
346,2,1-7,adjust,0.000836824765209406,-2.2991047935014913e-05,4.4756224251130675e-05
346,3,1-7,adjust,0.0017513480802340848,-2.0871781823299718e-05,6.055579104512846e-05
346,4,1-7,adjust,-0.0,-0.0,4.0681015437232105e-05
346,5,1-7,adjust,-0.0,-0.0,7.032416772017595e-05
346,6,1-7,adjust,0.0003503855210379766,6.178177970713751e-07,0.00015609223759616072
346,9,1-8,adjust,-0.0007886632680708753,-2.1670297398218408e-05,3.46478374124983e-05
347,2,1-4,adjust,-0.0008368247652346951,2.2991047934973042e-05,9.892412018355209e-06
347,3,1-4,adjust,-0.001751348080253607,2.087178182335179e-05,6.846609127184534e-05
347,6,1-5,adjust,-0.0003503855210299587,-6.178177971674134e-07,3.057433061290545e-05
347,7,1-4,adjust,-0.0,-0.0,6.151241020803131e-05
347,8,1-5,within_tolerance,0.0,0.0,3.1081490137867354e-06
347,9,1-5,adjust,0.0007886632680507903,2.167029739728158e-05,2.4517414300610433e-05
348,2,1-7,adjust,0.000836824765209406,-2.2991047935014913e-05,4.4756224251130675e-05
348,3,1-7,adjust,0.001751348080244229,-2.0871781823337347e-05,6.0555791045240635e-05
348,4,1-7,adjust,-0.0,-0.0,4.0681015437232105e-05
348,5,1-7,adjust,-0.0,-0.0,7.032416772017595e-05
348,6,1-7,adjust,0.0003503855210404949,6.178177969832928e-07,0.0001560922375960325
348,9,1-8,adjust,-0.0007886632680547128,-2.167029739710826e-05,3.464783741313929e-05
349,2,1-4,adjust,-0.0008368247652346951,2.2991047934973042e-05,9.892412018355209e-06
349,3,1-4,adjust,-0.0017513480802648796,2.0871781823264122e-05,6.846609127120434e-05
349,6,1-5,adjust,-0.00035038552102805977,-6.178177966089566e-07,3.057433061303365e-05
349,7,1-4,adjust,-0.0,-0.0,6.151241020803131e-05
349,8,1-5,within_tolerance,0.0,0.0,3.1081490137867354e-06
349,9,1-5,adjust,0.0007886632680634478,2.167029739799938e-05,2.4517414302501346e-05
350,2,1-7,adjust,0.000836824765209406,-2.2991047935014913e-05,4.4756224251130675e-05
350,3,1-7,adjust,0.0017513480802340848,-2.0871781823299718e-05,6.055579104512846e-05
350,4,1-7,adjust,-0.0,-0.0,4.0681015437232105e-05
350,5,1-7,adjust,-0.0,-0.0,7.032416772017595e-05
350,6,1-7,adjust,0.0003503855210379766,6.178177970713751e-07,0.00015609223759616072
350,9,1-8,adjust,-0.0007886632680708753,-2.1670297398218408e-05,3.46478374124983e-05
351,2,1-4,adjust,-0.0008368247652346951,2.2991047934973042e-05,9.892412018355209e-06
351,3,1-4,adjust,-0.001751348080253607,2.087178182335179e-05,6.846609127184534e-05
351,6,1-5,adjust,-0.0003503855210299587,-6.178177971674134e-07,3.057433061290545e-05
351,7,1-4,adjust,-0.0,-0.0,6.151241020803131e-05
351,8,1-5,within_tolerance,0.0,0.0,3.1081490137867354e-06
351,9,1-5,adjust,0.0007886632680507903,2.167029739728158e-05,2.4517414300610433e-05
352,2,1-7,adjust,0.000836824765209406,-2.2991047935014913e-05,4.4756224251130675e-05
352,3,1-7,adjust,0.001751348080244229,-2.0871781823337347e-05,6.0555791045240635e-05
352,4,1-7,adjust,-0.0,-0.0,4.0681015437232105e-05
352,5,1-7,adjust,-0.0,-0.0,7.032416772017595e-05
352,6,1-7,adjust,0.0003503855210404949,6.178177969832928e-07,0.0001560922375960325
352,9,1-8,adjust,-0.0007886632680547128,-2.167029739710826e-05,3.464783741313929e-05
353,2,1-4,adjust,-0.0008368247652346951,2.2991047934973042e-05,9.892412018355209e-06
353,3,1-4,adjust,-0.0017513480802648796,2.0871781823264122e-05,6.846609127120434e-05
353,6,1-5,adjust,-0.00035038552102805977,-6.178177966089566e-07,3.057433061303365e-05
353,7,1-4,adjust,-0.0,-0.0,6.151241020803131e-05
353,8,1-5,within_tolerance,0.0,0.0,3.1081490137867354e-06
353,9,1-5,adjust,0.0007886632680634478,2.167029739799938e-05,2.4517414302501346e-05
354,2,1-7,adjust,0.000836824765209406,-2.2991047935014913e-05,4.4756224251130675e-05
354,3,1-7,adjust,0.0017513480802340848,-2.0871781823299718e-05,6.055579104512846e-05
354,4,1-7,adjust,-0.0,-0.0,4.0681015437232105e-05
354,5,1-7,adjust,-0.0,-0.0,7.032416772017595e-05
354,6,1-7,adjust,0.0003503855210379766,6.178177970713751e-07,0.00015609223759616072
354,9,1-8,adjust,-0.0007886632680708753,-2.1670297398218408e-05,3.46478374124983e-05
355,2,1-4,adjust,-0.0008368247652346951,2.2991047934973042e-05,9.892412018355209e-06
355,3,1-4,adjust,-0.001751348080253607,2.087178182335179e-05,6.846609127184534e-05
355,6,1-5,adjust,-0.0003503855210299587,-6.178177971674134e-07,3.057433061290545e-05
355,7,1-4,adjust,-0.0,-0.0,6.151241020803131e-05
355,8,1-5,within_tolerance,0.0,0.0,3.1081490137867354e-06
355,9,1-5,adjust,0.0007886632680507903,2.167029739728158e-05,2.4517414300610433e-05
356,2,1-7,adjust,0.000836824765209406,-2.2991047935014913e-05,4.4756224251130675e-05
356,3,1-7,adjust,0.001751348080244229,-2.0871781823337347e-05,6.0555791045240635e-05
356,4,1-7,adjust,-0.0,-0.0,4.0681015437232105e-05
356,5,1-7,adjust,-0.0,-0.0,7.032416772017595e-05
356,6,1-7,adjust,0.0003503855210404949,6.178177969832928e-07,0.0001560922375960325
356,9,1-8,adjust,-0.0007886632680547128,-2.167029739710826e-05,3.464783741313929e-05
357,2,1-4,adjust,-0.0008368247652346951,2.2991047934973042e-05,9.892412018355209e-06
357,3,1-4,adjust,-0.0017513480802648796,2.0871781823264122e-05,6.846609127120434e-05
357,6,1-5,adjust,-0.00035038552102805977,-6.178177966089566e-07,3.057433061303365e-05
357,7,1-4,adjust,-0.0,-0.0,6.151241020803131e-05
357,8,1-5,within_tolerance,0.0,0.0,3.1081490137867354e-06
357,9,1-5,adjust,0.0007886632680634478,2.167029739799938e-05,2.4517414302501346e-05
358,2,1-7,adjust,0.000836824765209406,-2.2991047935014913e-05,4.4756224251130675e-05
358,3,1-7,adjust,0.0017513480802340848,-2.0871781823299718e-05,6.055579104512846e-05
358,4,1-7,adjust,-0.0,-0.0,4.0681015437232105e-05
358,5,1-7,adjust,-0.0,-0.0,7.032416772017595e-05
358,6,1-7,adjust,0.0003503855210379766,6.178177970713751e-07,0.00015609223759616072
358,9,1-8,adjust,-0.0007886632680708753,-2.1670297398218408e-05,3.46478374124983e-05
359,2,1-4,adjust,-0.0008368247652346951,2.2991047934973042e-05,9.892412018355209e-06
359,3,1-4,adjust,-0.001751348080253607,2.087178182335179e-05,6.846609127184534e-05
359,6,1-5,adjust,-0.0003503855210299587,-6.178177971674134e-07,3.057433061290545e-05
359,7,1-4,adjust,-0.0,-0.0,6.151241020803131e-05
359,8,1-5,within_tolerance,0.0,0.0,3.1081490137867354e-06
359,9,1-5,adjust,0.0007886632680507903,2.167029739728158e-05,2.4517414300610433e-05
360,2,1-7,adjust,0.000836824765209406,-2.2991047935014913e-05,4.4756224251130675e-05
360,3,1-7,adjust,0.001751348080244229,-2.0871781823337347e-05,6.0555791045240635e-05
360,4,1-7,adjust,-0.0,-0.0,4.0681015437232105e-05
360,5,1-7,adjust,-0.0,-0.0,7.032416772017595e-05
360,6,1-7,adjust,0.0003503855210404949,6.178177969832928e-07,0.0001560922375960325
360,9,1-8,adjust,-0.0007886632680547128,-2.167029739710826e-05,3.464783741313929e-05
361,2,1-4,adjust,-0.0008368247652346951,2.2991047934973042e-05,9.892412018355209e-06
361,3,1-4,adjust,-0.0017513480802648796,2.0871781823264122e-05,6.846609127120434e-05
361,6,1-5,adjust,-0.00035038552102805977,-6.178177966089566e-07,3.057433061303365e-05
361,7,1-4,adjust,-0.0,-0.0,6.151241020803131e-05
361,8,1-5,within_tolerance,0.0,0.0,3.1081490137867354e-06
361,9,1-5,adjust,0.0007886632680634478,2.167029739799938e-05,2.4517414302501346e-05
362,2,1-7,adjust,0.000836824765209406,-2.2991047935014913e-05,4.4756224251130675e-05
362,3,1-7,adjust,0.0017513480802340848,-2.0871781823299718e-05,6.055579104512846e-05
362,4,1-7,adjust,-0.0,-0.0,4.0681015437232105e-05
362,5,1-7,adjust,-0.0,-0.0,7.032416772017595e-05
362,6,1-7,adjust,0.0003503855210379766,6.178177970713751e-07,0.00015609223759616072
362,9,1-8,adjust,-0.0007886632680708753,-2.1670297398218408e-05,3.46478374124983e-05
363,2,1-4,adjust,-0.0008368247652346951,2.2991047934973042e-05,9.892412018355209e-06
363,3,1-4,adjust,-0.001751348080253607,2.087178182335179e-05,6.846609127184534e-05
363,6,1-5,adjust,-0.0003503855210299587,-6.178177971674134e-07,3.057433061290545e-05
363,7,1-4,adjust,-0.0,-0.0,6.151241020803131e-05
363,8,1-5,within_tolerance,0.0,0.0,3.1081490137867354e-06
363,9,1-5,adjust,0.0007886632680507903,2.167029739728158e-05,2.4517414300610433e-05
364,2,1-7,adjust,0.000836824765209406,-2.2991047935014913e-05,4.4756224251130675e-05
364,3,1-7,adjust,0.001751348080244229,-2.0871781823337347e-05,6.0555791045240635e-05
364,4,1-7,adjust,-0.0,-0.0,4.0681015437232105e-05
364,5,1-7,adjust,-0.0,-0.0,7.032416772017595e-05
364,6,1-7,adjust,0.0003503855210404949,6.178177969832928e-07,0.0001560922375960325
364,9,1-8,adjust,-0.0007886632680547128,-2.167029739710826e-05,3.464783741313929e-05
365,2,1-4,adjust,-0.0008368247652346951,2.2991047934973042e-05,9.892412018355209e-06
365,3,1-4,adjust,-0.0017513480802648796,2.0871781823264122e-05,6.846609127120434e-05
365,6,1-5,adjust,-0.00035038552102805977,-6.178177966089566e-07,3.057433061303365e-05
365,7,1-4,adjust,-0.0,-0.0,6.151241020803131e-05
365,8,1-5,within_tolerance,0.0,0.0,3.1081490137867354e-06
365,9,1-5,adjust,0.0007886632680634478,2.167029739799938e-05,2.4517414302501346e-05
366,2,1-7,adjust,0.000836824765209406,-2.2991047935014913e-05,4.4756224251130675e-05
366,3,1-7,adjust,0.0017513480802340848,-2.0871781823299718e-05,6.055579104512846e-05
366,4,1-7,adjust,-0.0,-0.0,4.0681015437232105e-05
366,5,1-7,adjust,-0.0,-0.0,7.032416772017595e-05
366,6,1-7,adjust,0.0003503855210379766,6.178177970713751e-07,0.00015609223759616072
366,9,1-8,adjust,-0.0007886632680708753,-2.1670297398218408e-05,3.46478374124983e-05
367,2,1-4,adjust,-0.0008368247652346951,2.2991047934973042e-05,9.892412018355209e-06
367,3,1-4,adjust,-0.001751348080253607,2.087178182335179e-05,6.846609127184534e-05
367,6,1-5,adjust,-0.0003503855210299587,-6.178177971674134e-07,3.057433061290545e-05
367,7,1-4,adjust,-0.0,-0.0,6.151241020803131e-05
367,8,1-5,within_tolerance,0.0,0.0,3.1081490137867354e-06
367,9,1-5,adjust,0.0007886632680507903,2.167029739728158e-05,2.4517414300610433e-05
368,2,1-7,adjust,0.000836824765209406,-2.2991047935014913e-05,4.4756224251130675e-05
368,3,1-7,adjust,0.001751348080244229,-2.0871781823337347e-05,6.0555791045240635e-05
368,4,1-7,adjust,-0.0,-0.0,4.0681015437232105e-05
368,5,1-7,adjust,-0.0,-0.0,7.032416772017595e-05
368,6,1-7,adjust,0.0003503855210404949,6.178177969832928e-07,0.0001560922375960325
368,9,1-8,adjust,-0.0007886632680547128,-2.167029739710826e-05,3.464783741313929e-05
369,2,1-4,adjust,-0.0008368247652346951,2.2991047934973042e-05,9.892412018355209e-06
369,3,1-4,adjust,-0.0017513480802648796,2.0871781823264122e-05,6.846609127120434e-05
369,6,1-5,adjust,-0.00035038552102805977,-6.178177966089566e-07,3.057433061303365e-05
369,7,1-4,adjust,-0.0,-0.0,6.151241020803131e-05
369,8,1-5,within_tolerance,0.0,0.0,3.1081490137867354e-06
369,9,1-5,adjust,0.0007886632680634478,2.167029739799938e-05,2.4517414302501346e-05
370,2,1-7,adjust,0.000836824765209406,-2.2991047935014913e-05,4.4756224251130675e-05
370,3,1-7,adjust,0.0017513480802340848,-2.0871781823299718e-05,6.055579104512846e-05
370,4,1-7,adjust,-0.0,-0.0,4.0681015437232105e-05
370,5,1-7,adjust,-0.0,-0.0,7.032416772017595e-05
370,6,1-7,adjust,0.0003503855210379766,6.178177970713751e-07,0.00015609223759616072
370,9,1-8,adjust,-0.0007886632680708753,-2.1670297398218408e-05,3.46478374124983e-05
371,2,1-4,adjust,-0.0008368247652346951,2.2991047934973042e-05,9.892412018355209e-06
371,3,1-4,adjust,-0.001751348080253607,2.087178182335179e-05,6.846609127184534e-05
371,6,1-5,adjust,-0.0003503855210299587,-6.178177971674134e-07,3.057433061290545e-05
371,7,1-4,adjust,-0.0,-0.0,6.151241020803131e-05
371,8,1-5,within_tolerance,0.0,0.0,3.1081490137867354e-06
371,9,1-5,adjust,0.0007886632680507903,2.167029739728158e-05,2.4517414300610433e-05
372,2,1-7,adjust,0.000836824765209406,-2.2991047935014913e-05,4.4756224251130675e-05
372,3,1-7,adjust,0.001751348080244229,-2.0871781823337347e-05,6.0555791045240635e-05
372,4,1-7,adjust,-0.0,-0.0,4.0681015437232105e-05
372,5,1-7,adjust,-0.0,-0.0,7.032416772017595e-05
372,6,1-7,adjust,0.0003503855210404949,6.178177969832928e-07,0.0001560922375960325
372,9,1-8,adjust,-0.0007886632680547128,-2.167029739710826e-05,3.464783741313929e-05
373,2,1-4,adjust,-0.0008368247652346951,2.2991047934973042e-05,9.892412018355209e-06
373,3,1-4,adjust,-0.0017513480802648796,2.0871781823264122e-05,6.846609127120434e-05
373,6,1-5,adjust,-0.00035038552102805977,-6.178177966089566e-07,3.057433061303365e-05
373,7,1-4,adjust,-0.0,-0.0,6.151241020803131e-05
373,8,1-5,within_tolerance,0.0,0.0,3.1081490137867354e-06
373,9,1-5,adjust,0.0007886632680634478,2.167029739799938e-05,2.4517414302501346e-05
374,2,1-7,adjust,0.000836824765209406,-2.2991047935014913e-05,4.4756224251130675e-05
374,3,1-7,adjust,0.0017513480802340848,-2.0871781823299718e-05,6.055579104512846e-05
374,4,1-7,adjust,-0.0,-0.0,4.0681015437232105e-05
374,5,1-7,adjust,-0.0,-0.0,7.032416772017595e-05
374,6,1-7,adjust,0.0003503855210379766,6.178177970713751e-07,0.00015609223759616072
374,9,1-8,adjust,-0.0007886632680708753,-2.1670297398218408e-05,3.46478374124983e-05
375,2,1-4,adjust,-0.0008368247652346951,2.2991047934973042e-05,9.892412018355209e-06
375,3,1-4,adjust,-0.001751348080253607,2.087178182335179e-05,6.846609127184534e-05
375,6,1-5,adjust,-0.0003503855210299587,-6.178177971674134e-07,3.057433061290545e-05
375,7,1-4,adjust,-0.0,-0.0,6.151241020803131e-05
375,8,1-5,within_tolerance,0.0,0.0,3.1081490137867354e-06
375,9,1-5,adjust,0.0007886632680507903,2.167029739728158e-05,2.4517414300610433e-05
376,2,1-7,adjust,0.000836824765209406,-2.2991047935014913e-05,4.4756224251130675e-05
376,3,1-7,adjust,0.001751348080244229,-2.0871781823337347e-05,6.0555791045240635e-05
376,4,1-7,adjust,-0.0,-0.0,4.0681015437232105e-05
376,5,1-7,adjust,-0.0,-0.0,7.032416772017595e-05
376,6,1-7,adjust,0.0003503855210404949,6.178177969832928e-07,0.0001560922375960325
376,9,1-8,adjust,-0.0007886632680547128,-2.167029739710826e-05,3.464783741313929e-05
377,2,1-4,adjust,-0.0008368247652346951,2.2991047934973042e-05,9.892412018355209e-06
377,3,1-4,adjust,-0.0017513480802648796,2.0871781823264122e-05,6.846609127120434e-05
377,6,1-5,adjust,-0.00035038552102805977,-6.178177966089566e-07,3.057433061303365e-05
377,7,1-4,adjust,-0.0,-0.0,6.151241020803131e-05
377,8,1-5,within_tolerance,0.0,0.0,3.1081490137867354e-06
377,9,1-5,adjust,0.0007886632680634478,2.167029739799938e-05,2.4517414302501346e-05
378,2,1-7,adjust,0.000836824765209406,-2.2991047935014913e-05,4.4756224251130675e-05
378,3,1-7,adjust,0.0017513480802340848,-2.0871781823299718e-05,6.055579104512846e-05
378,4,1-7,adjust,-0.0,-0.0,4.0681015437232105e-05
378,5,1-7,adjust,-0.0,-0.0,7.032416772017595e-05
378,6,1-7,adjust,0.0003503855210379766,6.178177970713751e-07,0.00015609223759616072
378,9,1-8,adjust,-0.0007886632680708753,-2.1670297398218408e-05,3.46478374124983e-05
379,2,1-4,adjust,-0.0008368247652346951,2.2991047934973042e-05,9.892412018355209e-06
379,3,1-4,adjust,-0.001751348080253607,2.087178182335179e-05,6.846609127184534e-05
379,6,1-5,adjust,-0.0003503855210299587,-6.178177971674134e-07,3.057433061290545e-05
379,7,1-4,adjust,-0.0,-0.0,6.151241020803131e-05
379,8,1-5,within_tolerance,0.0,0.0,3.1081490137867354e-06
379,9,1-5,adjust,0.0007886632680507903,2.167029739728158e-05,2.4517414300610433e-05
380,2,1-7,adjust,0.000836824765209406,-2.2991047935014913e-05,4.4756224251130675e-05
380,3,1-7,adjust,0.001751348080244229,-2.0871781823337347e-05,6.0555791045240635e-05
380,4,1-7,adjust,-0.0,-0.0,4.0681015437232105e-05
380,5,1-7,adjust,-0.0,-0.0,7.032416772017595e-05
380,6,1-7,adjust,0.0003503855210404949,6.178177969832928e-07,0.0001560922375960325
380,9,1-8,adjust,-0.0007886632680547128,-2.167029739710826e-05,3.464783741313929e-05
381,2,1-4,adjust,-0.0008368247652346951,2.2991047934973042e-05,9.892412018355209e-06
381,3,1-4,adjust,-0.0017513480802648796,2.0871781823264122e-05,6.846609127120434e-05
381,6,1-5,adjust,-0.00035038552102805977,-6.178177966089566e-07,3.057433061303365e-05
381,7,1-4,adjust,-0.0,-0.0,6.151241020803131e-05
381,8,1-5,within_tolerance,0.0,0.0,3.1081490137867354e-06
381,9,1-5,adjust,0.0007886632680634478,2.167029739799938e-05,2.4517414302501346e-05
382,2,1-7,adjust,0.000836824765209406,-2.2991047935014913e-05,4.4756224251130675e-05
382,3,1-7,adjust,0.0017513480802340848,-2.0871781823299718e-05,6.055579104512846e-05
382,4,1-7,adjust,-0.0,-0.0,4.0681015437232105e-05
382,5,1-7,adjust,-0.0,-0.0,7.032416772017595e-05
382,6,1-7,adjust,0.0003503855210379766,6.178177970713751e-07,0.00015609223759616072
382,9,1-8,adjust,-0.0007886632680708753,-2.1670297398218408e-05,3.46478374124983e-05
383,2,1-4,adjust,-0.0008368247652346951,2.2991047934973042e-05,9.892412018355209e-06
383,3,1-4,adjust,-0.001751348080253607,2.087178182335179e-05,6.846609127184534e-05
383,6,1-5,adjust,-0.0003503855210299587,-6.178177971674134e-07,3.057433061290545e-05
383,7,1-4,adjust,-0.0,-0.0,6.151241020803131e-05
383,8,1-5,within_tolerance,0.0,0.0,3.1081490137867354e-06
383,9,1-5,adjust,0.0007886632680507903,2.167029739728158e-05,2.4517414300610433e-05
384,2,1-7,adjust,0.000836824765209406,-2.2991047935014913e-05,4.4756224251130675e-05
384,3,1-7,adjust,0.001751348080244229,-2.0871781823337347e-05,6.0555791045240635e-05
384,4,1-7,adjust,-0.0,-0.0,4.0681015437232105e-05
384,5,1-7,adjust,-0.0,-0.0,7.032416772017595e-05
384,6,1-7,adjust,0.0003503855210404949,6.178177969832928e-07,0.0001560922375960325
384,9,1-8,adjust,-0.0007886632680547128,-2.167029739710826e-05,3.464783741313929e-05
385,2,1-4,adjust,-0.0008368247652346951,2.2991047934973042e-05,9.892412018355209e-06
385,3,1-4,adjust,-0.0017513480802648796,2.0871781823264122e-05,6.846609127120434e-05
385,6,1-5,adjust,-0.00035038552102805977,-6.178177966089566e-07,3.057433061303365e-05
385,7,1-4,adjust,-0.0,-0.0,6.151241020803131e-05
385,8,1-5,within_tolerance,0.0,0.0,3.1081490137867354e-06
385,9,1-5,adjust,0.0007886632680634478,2.167029739799938e-05,2.4517414302501346e-05
386,2,1-7,adjust,0.000836824765209406,-2.2991047935014913e-05,4.4756224251130675e-05
386,3,1-7,adjust,0.0017513480802340848,-2.0871781823299718e-05,6.055579104512846e-05
386,4,1-7,adjust,-0.0,-0.0,4.0681015437232105e-05
386,5,1-7,adjust,-0.0,-0.0,7.032416772017595e-05
386,6,1-7,adjust,0.0003503855210379766,6.178177970713751e-07,0.00015609223759616072
386,9,1-8,adjust,-0.0007886632680708753,-2.1670297398218408e-05,3.46478374124983e-05
387,2,1-4,adjust,-0.0008368247652346951,2.2991047934973042e-05,9.892412018355209e-06
387,3,1-4,adjust,-0.001751348080253607,2.087178182335179e-05,6.846609127184534e-05
387,6,1-5,adjust,-0.0003503855210299587,-6.178177971674134e-07,3.057433061290545e-05
387,7,1-4,adjust,-0.0,-0.0,6.151241020803131e-05
387,8,1-5,within_tolerance,0.0,0.0,3.1081490137867354e-06
387,9,1-5,adjust,0.0007886632680507903,2.167029739728158e-05,2.4517414300610433e-05
388,2,1-7,adjust,0.000836824765209406,-2.2991047935014913e-05,4.4756224251130675e-05
388,3,1-7,adjust,0.001751348080244229,-2.0871781823337347e-05,6.0555791045240635e-05
388,4,1-7,adjust,-0.0,-0.0,4.0681015437232105e-05
388,5,1-7,adjust,-0.0,-0.0,7.032416772017595e-05
388,6,1-7,adjust,0.0003503855210404949,6.178177969832928e-07,0.0001560922375960325
388,9,1-8,adjust,-0.0007886632680547128,-2.167029739710826e-05,3.464783741313929e-05
389,2,1-4,adjust,-0.0008368247652346951,2.2991047934973042e-05,9.892412018355209e-06
389,3,1-4,adjust,-0.0017513480802648796,2.0871781823264122e-05,6.846609127120434e-05
389,6,1-5,adjust,-0.00035038552102805977,-6.178177966089566e-07,3.057433061303365e-05
389,7,1-4,adjust,-0.0,-0.0,6.151241020803131e-05
389,8,1-5,within_tolerance,0.0,0.0,3.1081490137867354e-06
389,9,1-5,adjust,0.0007886632680634478,2.167029739799938e-05,2.4517414302501346e-05
390,2,1-7,adjust,0.000836824765209406,-2.2991047935014913e-05,4.4756224251130675e-05
390,3,1-7,adjust,0.0017513480802340848,-2.0871781823299718e-05,6.055579104512846e-05
390,4,1-7,adjust,-0.0,-0.0,4.0681015437232105e-05
390,5,1-7,adjust,-0.0,-0.0,7.032416772017595e-05
390,6,1-7,adjust,0.0003503855210379766,6.178177970713751e-07,0.00015609223759616072
390,9,1-8,adjust,-0.0007886632680708753,-2.1670297398218408e-05,3.46478374124983e-05
391,2,1-4,adjust,-0.0008368247652346951,2.2991047934973042e-05,9.892412018355209e-06
391,3,1-4,adjust,-0.001751348080253607,2.087178182335179e-05,6.846609127184534e-05
391,6,1-5,adjust,-0.0003503855210299587,-6.178177971674134e-07,3.057433061290545e-05
391,7,1-4,adjust,-0.0,-0.0,6.151241020803131e-05
391,8,1-5,within_tolerance,0.0,0.0,3.1081490137867354e-06
391,9,1-5,adjust,0.0007886632680507903,2.167029739728158e-05,2.4517414300610433e-05
392,2,1-7,adjust,0.000836824765209406,-2.2991047935014913e-05,4.4756224251130675e-05
392,3,1-7,adjust,0.001751348080244229,-2.0871781823337347e-05,6.0555791045240635e-05
392,4,1-7,adjust,-0.0,-0.0,4.0681015437232105e-05
392,5,1-7,adjust,-0.0,-0.0,7.032416772017595e-05
392,6,1-7,adjust,0.0003503855210404949,6.178177969832928e-07,0.0001560922375960325
392,9,1-8,adjust,-0.0007886632680547128,-2.167029739710826e-05,3.464783741313929e-05
393,2,1-4,adjust,-0.0008368247652346951,2.2991047934973042e-05,9.892412018355209e-06
393,3,1-4,adjust,-0.0017513480802648796,2.0871781823264122e-05,6.846609127120434e-05
393,6,1-5,adjust,-0.00035038552102805977,-6.178177966089566e-07,3.057433061303365e-05
393,7,1-4,adjust,-0.0,-0.0,6.151241020803131e-05
393,8,1-5,within_tolerance,0.0,0.0,3.1081490137867354e-06
393,9,1-5,adjust,0.0007886632680634478,2.167029739799938e-05,2.4517414302501346e-05
394,2,1-7,adjust,0.000836824765209406,-2.2991047935014913e-05,4.4756224251130675e-05
394,3,1-7,adjust,0.0017513480802340848,-2.0871781823299718e-05,6.055579104512846e-05
394,4,1-7,adjust,-0.0,-0.0,4.0681015437232105e-05
394,5,1-7,adjust,-0.0,-0.0,7.032416772017595e-05
394,6,1-7,adjust,0.0003503855210379766,6.178177970713751e-07,0.00015609223759616072
394,9,1-8,adjust,-0.0007886632680708753,-2.1670297398218408e-05,3.46478374124983e-05
395,2,1-4,adjust,-0.0008368247652346951,2.2991047934973042e-05,9.892412018355209e-06
395,3,1-4,adjust,-0.001751348080253607,2.087178182335179e-05,6.846609127184534e-05
395,6,1-5,adjust,-0.0003503855210299587,-6.178177971674134e-07,3.057433061290545e-05
395,7,1-4,adjust,-0.0,-0.0,6.151241020803131e-05
395,8,1-5,within_tolerance,0.0,0.0,3.1081490137867354e-06
395,9,1-5,adjust,0.0007886632680507903,2.167029739728158e-05,2.4517414300610433e-05
396,2,1-7,adjust,0.000836824765209406,-2.2991047935014913e-05,4.4756224251130675e-05
396,3,1-7,adjust,0.001751348080244229,-2.0871781823337347e-05,6.0555791045240635e-05
396,4,1-7,adjust,-0.0,-0.0,4.0681015437232105e-05
396,5,1-7,adjust,-0.0,-0.0,7.032416772017595e-05
396,6,1-7,adjust,0.0003503855210404949,6.178177969832928e-07,0.0001560922375960325
396,9,1-8,adjust,-0.0007886632680547128,-2.167029739710826e-05,3.464783741313929e-05
397,2,1-4,adjust,-0.0008368247652346951,2.2991047934973042e-05,9.892412018355209e-06
397,3,1-4,adjust,-0.0017513480802648796,2.0871781823264122e-05,6.846609127120434e-05
397,6,1-5,adjust,-0.00035038552102805977,-6.178177966089566e-07,3.057433061303365e-05
397,7,1-4,adjust,-0.0,-0.0,6.151241020803131e-05
397,8,1-5,within_tolerance,0.0,0.0,3.1081490137867354e-06
397,9,1-5,adjust,0.0007886632680634478,2.167029739799938e-05,2.4517414302501346e-05
398,2,1-7,adjust,0.000836824765209406,-2.2991047935014913e-05,4.4756224251130675e-05
398,3,1-7,adjust,0.0017513480802340848,-2.0871781823299718e-05,6.055579104512846e-05
398,4,1-7,adjust,-0.0,-0.0,4.0681015437232105e-05
398,5,1-7,adjust,-0.0,-0.0,7.032416772017595e-05
398,6,1-7,adjust,0.0003503855210379766,6.178177970713751e-07,0.00015609223759616072
398,9,1-8,adjust,-0.0007886632680708753,-2.1670297398218408e-05,3.46478374124983e-05
399,2,1-4,adjust,-0.0008368247652346951,2.2991047934973042e-05,9.892412018355209e-06
399,3,1-4,adjust,-0.001751348080253607,2.087178182335179e-05,6.846609127184534e-05
399,6,1-5,adjust,-0.0003503855210299587,-6.178177971674134e-07,3.057433061290545e-05
399,7,1-4,adjust,-0.0,-0.0,6.151241020803131e-05
399,8,1-5,within_tolerance,0.0,0.0,3.1081490137867354e-06
399,9,1-5,adjust,0.0007886632680507903,2.167029739728158e-05,2.4517414300610433e-05
400,2,1-7,adjust,0.000836824765209406,-2.2991047935014913e-05,4.4756224251130675e-05
400,3,1-7,adjust,0.001751348080244229,-2.0871781823337347e-05,6.0555791045240635e-05
400,4,1-7,adjust,-0.0,-0.0,4.0681015437232105e-05
400,5,1-7,adjust,-0.0,-0.0,7.032416772017595e-05
400,6,1-7,adjust,0.0003503855210404949,6.178177969832928e-07,0.0001560922375960325
400,9,1-8,adjust,-0.0007886632680547128,-2.167029739710826e-05,3.464783741313929e-05
401,2,1-4,adjust,-0.0008368247652346951,2.2991047934973042e-05,9.892412018355209e-06
401,3,1-4,adjust,-0.0017513480802648796,2.0871781823264122e-05,6.846609127120434e-05
401,6,1-5,adjust,-0.00035038552102805977,-6.178177966089566e-07,3.057433061303365e-05
401,7,1-4,adjust,-0.0,-0.0,6.151241020803131e-05
401,8,1-5,within_tolerance,0.0,0.0,3.1081490137867354e-06
401,9,1-5,adjust,0.0007886632680634478,2.167029739799938e-05,2.4517414302501346e-05
402,2,1-7,adjust,0.000836824765209406,-2.2991047935014913e-05,4.4756224251130675e-05
402,3,1-7,adjust,0.0017513480802340848,-2.0871781823299718e-05,6.055579104512846e-05
402,4,1-7,adjust,-0.0,-0.0,4.0681015437232105e-05
402,5,1-7,adjust,-0.0,-0.0,7.032416772017595e-05
402,6,1-7,adjust,0.0003503855210379766,6.178177970713751e-07,0.00015609223759616072
402,9,1-8,adjust,-0.0007886632680708753,-2.1670297398218408e-05,3.46478374124983e-05
403,2,1-4,adjust,-0.0008368247652346951,2.2991047934973042e-05,9.892412018355209e-06
403,3,1-4,adjust,-0.001751348080253607,2.087178182335179e-05,6.846609127184534e-05
403,6,1-5,adjust,-0.0003503855210299587,-6.178177971674134e-07,3.057433061290545e-05
403,7,1-4,adjust,-0.0,-0.0,6.151241020803131e-05
403,8,1-5,within_tolerance,0.0,0.0,3.1081490137867354e-06
403,9,1-5,adjust,0.0007886632680507903,2.167029739728158e-05,2.4517414300610433e-05
404,2,1-7,adjust,0.000836824765209406,-2.2991047935014913e-05,4.4756224251130675e-05
404,3,1-7,adjust,0.001751348080244229,-2.0871781823337347e-05,6.0555791045240635e-05
404,4,1-7,adjust,-0.0,-0.0,4.0681015437232105e-05
404,5,1-7,adjust,-0.0,-0.0,7.032416772017595e-05
404,6,1-7,adjust,0.0003503855210404949,6.178177969832928e-07,0.0001560922375960325
404,9,1-8,adjust,-0.0007886632680547128,-2.167029739710826e-05,3.464783741313929e-05
405,2,1-4,adjust,-0.0008368247652346951,2.2991047934973042e-05,9.892412018355209e-06
405,3,1-4,adjust,-0.0017513480802648796,2.0871781823264122e-05,6.846609127120434e-05
405,6,1-5,adjust,-0.00035038552102805977,-6.178177966089566e-07,3.057433061303365e-05
405,7,1-4,adjust,-0.0,-0.0,6.151241020803131e-05
405,8,1-5,within_tolerance,0.0,0.0,3.1081490137867354e-06
405,9,1-5,adjust,0.0007886632680634478,2.167029739799938e-05,2.4517414302501346e-05
406,2,1-7,adjust,0.000836824765209406,-2.2991047935014913e-05,4.4756224251130675e-05
406,3,1-7,adjust,0.0017513480802340848,-2.0871781823299718e-05,6.055579104512846e-05
406,4,1-7,adjust,-0.0,-0.0,4.0681015437232105e-05
406,5,1-7,adjust,-0.0,-0.0,7.032416772017595e-05
406,6,1-7,adjust,0.0003503855210379766,6.178177970713751e-07,0.00015609223759616072
406,9,1-8,adjust,-0.0007886632680708753,-2.1670297398218408e-05,3.46478374124983e-05
407,2,1-4,adjust,-0.0008368247652346951,2.2991047934973042e-05,9.892412018355209e-06
407,3,1-4,adjust,-0.001751348080253607,2.087178182335179e-05,6.846609127184534e-05
407,6,1-5,adjust,-0.0003503855210299587,-6.178177971674134e-07,3.057433061290545e-05
407,7,1-4,adjust,-0.0,-0.0,6.151241020803131e-05
407,8,1-5,within_tolerance,0.0,0.0,3.1081490137867354e-06
407,9,1-5,adjust,0.0007886632680507903,2.167029739728158e-05,2.4517414300610433e-05
408,2,1-7,adjust,0.000836824765209406,-2.2991047935014913e-05,4.4756224251130675e-05
408,3,1-7,adjust,0.001751348080244229,-2.0871781823337347e-05,6.0555791045240635e-05
408,4,1-7,adjust,-0.0,-0.0,4.0681015437232105e-05
408,5,1-7,adjust,-0.0,-0.0,7.032416772017595e-05
408,6,1-7,adjust,0.0003503855210404949,6.178177969832928e-07,0.0001560922375960325
408,9,1-8,adjust,-0.0007886632680547128,-2.167029739710826e-05,3.464783741313929e-05
409,2,1-4,adjust,-0.0008368247652346951,2.2991047934973042e-05,9.892412018355209e-06
409,3,1-4,adjust,-0.0017513480802648796,2.0871781823264122e-05,6.846609127120434e-05
409,6,1-5,adjust,-0.00035038552102805977,-6.178177966089566e-07,3.057433061303365e-05
409,7,1-4,adjust,-0.0,-0.0,6.151241020803131e-05
409,8,1-5,within_tolerance,0.0,0.0,3.1081490137867354e-06
409,9,1-5,adjust,0.0007886632680634478,2.167029739799938e-05,2.4517414302501346e-05
410,2,1-7,adjust,0.000836824765209406,-2.2991047935014913e-05,4.4756224251130675e-05
410,3,1-7,adjust,0.0017513480802340848,-2.0871781823299718e-05,6.055579104512846e-05
410,4,1-7,adjust,-0.0,-0.0,4.0681015437232105e-05
410,5,1-7,adjust,-0.0,-0.0,7.032416772017595e-05
410,6,1-7,adjust,0.0003503855210379766,6.178177970713751e-07,0.00015609223759616072
410,9,1-8,adjust,-0.0007886632680708753,-2.1670297398218408e-05,3.46478374124983e-05
411,2,1-4,adjust,-0.0008368247652346951,2.2991047934973042e-05,9.892412018355209e-06
411,3,1-4,adjust,-0.001751348080253607,2.087178182335179e-05,6.846609127184534e-05
411,6,1-5,adjust,-0.0003503855210299587,-6.178177971674134e-07,3.057433061290545e-05
411,7,1-4,adjust,-0.0,-0.0,6.151241020803131e-05
411,8,1-5,within_tolerance,0.0,0.0,3.1081490137867354e-06
411,9,1-5,adjust,0.0007886632680507903,2.167029739728158e-05,2.4517414300610433e-05
412,2,1-7,adjust,0.000836824765209406,-2.2991047935014913e-05,4.4756224251130675e-05
412,3,1-7,adjust,0.001751348080244229,-2.0871781823337347e-05,6.0555791045240635e-05
412,4,1-7,adjust,-0.0,-0.0,4.0681015437232105e-05
412,5,1-7,adjust,-0.0,-0.0,7.032416772017595e-05
412,6,1-7,adjust,0.0003503855210404949,6.178177969832928e-07,0.0001560922375960325
412,9,1-8,adjust,-0.0007886632680547128,-2.167029739710826e-05,3.464783741313929e-05
413,2,1-4,adjust,-0.0008368247652346951,2.2991047934973042e-05,9.892412018355209e-06
413,3,1-4,adjust,-0.0017513480802648796,2.0871781823264122e-05,6.846609127120434e-05
413,6,1-5,adjust,-0.00035038552102805977,-6.178177966089566e-07,3.057433061303365e-05
413,7,1-4,adjust,-0.0,-0.0,6.151241020803131e-05
413,8,1-5,within_tolerance,0.0,0.0,3.1081490137867354e-06
413,9,1-5,adjust,0.0007886632680634478,2.167029739799938e-05,2.4517414302501346e-05
414,2,1-7,adjust,0.000836824765209406,-2.2991047935014913e-05,4.4756224251130675e-05
414,3,1-7,adjust,0.0017513480802340848,-2.0871781823299718e-05,6.055579104512846e-05
414,4,1-7,adjust,-0.0,-0.0,4.0681015437232105e-05
414,5,1-7,adjust,-0.0,-0.0,7.032416772017595e-05
414,6,1-7,adjust,0.0003503855210379766,6.178177970713751e-07,0.00015609223759616072
414,9,1-8,adjust,-0.0007886632680708753,-2.1670297398218408e-05,3.46478374124983e-05
415,2,1-4,adjust,-0.0008368247652346951,2.2991047934973042e-05,9.892412018355209e-06
415,3,1-4,adjust,-0.001751348080253607,2.087178182335179e-05,6.846609127184534e-05
415,6,1-5,adjust,-0.0003503855210299587,-6.178177971674134e-07,3.057433061290545e-05
415,7,1-4,adjust,-0.0,-0.0,6.151241020803131e-05
415,8,1-5,within_tolerance,0.0,0.0,3.1081490137867354e-06
415,9,1-5,adjust,0.0007886632680507903,2.167029739728158e-05,2.4517414300610433e-05
416,2,1-7,adjust,0.000836824765209406,-2.2991047935014913e-05,4.4756224251130675e-05
416,3,1-7,adjust,0.001751348080244229,-2.0871781823337347e-05,6.0555791045240635e-05
416,4,1-7,adjust,-0.0,-0.0,4.0681015437232105e-05
416,5,1-7,adjust,-0.0,-0.0,7.032416772017595e-05
416,6,1-7,adjust,0.0003503855210404949,6.178177969832928e-07,0.0001560922375960325
416,9,1-8,adjust,-0.0007886632680547128,-2.167029739710826e-05,3.464783741313929e-05
417,2,1-4,adjust,-0.0008368247652346951,2.2991047934973042e-05,9.892412018355209e-06
417,3,1-4,adjust,-0.0017513480802648796,2.0871781823264122e-05,6.846609127120434e-05
417,6,1-5,adjust,-0.00035038552102805977,-6.178177966089566e-07,3.057433061303365e-05
417,7,1-4,adjust,-0.0,-0.0,6.151241020803131e-05
417,8,1-5,within_tolerance,0.0,0.0,3.1081490137867354e-06
417,9,1-5,adjust,0.0007886632680634478,2.167029739799938e-05,2.4517414302501346e-05
418,2,1-7,adjust,0.000836824765209406,-2.2991047935014913e-05,4.4756224251130675e-05
418,3,1-7,adjust,0.0017513480802340848,-2.0871781823299718e-05,6.055579104512846e-05
418,4,1-7,adjust,-0.0,-0.0,4.0681015437232105e-05
418,5,1-7,adjust,-0.0,-0.0,7.032416772017595e-05
418,6,1-7,adjust,0.0003503855210379766,6.178177970713751e-07,0.00015609223759616072
418,9,1-8,adjust,-0.0007886632680708753,-2.1670297398218408e-05,3.46478374124983e-05
419,2,1-4,adjust,-0.0008368247652346951,2.2991047934973042e-05,9.892412018355209e-06
419,3,1-4,adjust,-0.001751348080253607,2.087178182335179e-05,6.846609127184534e-05
419,6,1-5,adjust,-0.0003503855210299587,-6.178177971674134e-07,3.057433061290545e-05
419,7,1-4,adjust,-0.0,-0.0,6.151241020803131e-05
419,8,1-5,within_tolerance,0.0,0.0,3.1081490137867354e-06
419,9,1-5,adjust,0.0007886632680507903,2.167029739728158e-05,2.4517414300610433e-05
420,2,1-7,adjust,0.000836824765209406,-2.2991047935014913e-05,4.4756224251130675e-05
420,3,1-7,adjust,0.001751348080244229,-2.0871781823337347e-05,6.0555791045240635e-05
420,4,1-7,adjust,-0.0,-0.0,4.0681015437232105e-05
420,5,1-7,adjust,-0.0,-0.0,7.032416772017595e-05
420,6,1-7,adjust,0.0003503855210404949,6.178177969832928e-07,0.0001560922375960325
420,9,1-8,adjust,-0.0007886632680547128,-2.167029739710826e-05,3.464783741313929e-05
421,2,1-4,adjust,-0.0008368247652346951,2.2991047934973042e-05,9.892412018355209e-06
421,3,1-4,adjust,-0.0017513480802648796,2.0871781823264122e-05,6.846609127120434e-05
421,6,1-5,adjust,-0.00035038552102805977,-6.178177966089566e-07,3.057433061303365e-05
421,7,1-4,adjust,-0.0,-0.0,6.151241020803131e-05
421,8,1-5,within_tolerance,0.0,0.0,3.1081490137867354e-06
421,9,1-5,adjust,0.0007886632680634478,2.167029739799938e-05,2.4517414302501346e-05
422,2,1-7,adjust,0.000836824765209406,-2.2991047935014913e-05,4.4756224251130675e-05
422,3,1-7,adjust,0.0017513480802340848,-2.0871781823299718e-05,6.055579104512846e-05
422,4,1-7,adjust,-0.0,-0.0,4.0681015437232105e-05
422,5,1-7,adjust,-0.0,-0.0,7.032416772017595e-05
422,6,1-7,adjust,0.0003503855210379766,6.178177970713751e-07,0.00015609223759616072
422,9,1-8,adjust,-0.0007886632680708753,-2.1670297398218408e-05,3.46478374124983e-05
423,2,1-4,adjust,-0.0008368247652346951,2.2991047934973042e-05,9.892412018355209e-06
423,3,1-4,adjust,-0.001751348080253607,2.087178182335179e-05,6.846609127184534e-05
423,6,1-5,adjust,-0.0003503855210299587,-6.178177971674134e-07,3.057433061290545e-05
423,7,1-4,adjust,-0.0,-0.0,6.151241020803131e-05
423,8,1-5,within_tolerance,0.0,0.0,3.1081490137867354e-06
423,9,1-5,adjust,0.0007886632680507903,2.167029739728158e-05,2.4517414300610433e-05
424,2,1-7,adjust,0.000836824765209406,-2.2991047935014913e-05,4.4756224251130675e-05
424,3,1-7,adjust,0.001751348080244229,-2.0871781823337347e-05,6.0555791045240635e-05
424,4,1-7,adjust,-0.0,-0.0,4.0681015437232105e-05
424,5,1-7,adjust,-0.0,-0.0,7.032416772017595e-05
424,6,1-7,adjust,0.0003503855210404949,6.178177969832928e-07,0.0001560922375960325
424,9,1-8,adjust,-0.0007886632680547128,-2.167029739710826e-05,3.464783741313929e-05
425,2,1-4,adjust,-0.0008368247652346951,2.2991047934973042e-05,9.892412018355209e-06
425,3,1-4,adjust,-0.0017513480802648796,2.0871781823264122e-05,6.846609127120434e-05
425,6,1-5,adjust,-0.00035038552102805977,-6.178177966089566e-07,3.057433061303365e-05
425,7,1-4,adjust,-0.0,-0.0,6.151241020803131e-05
425,8,1-5,within_tolerance,0.0,0.0,3.1081490137867354e-06
425,9,1-5,adjust,0.0007886632680634478,2.167029739799938e-05,2.4517414302501346e-05
426,2,1-7,adjust,0.000836824765209406,-2.2991047935014913e-05,4.4756224251130675e-05
426,3,1-7,adjust,0.0017513480802340848,-2.0871781823299718e-05,6.055579104512846e-05
426,4,1-7,adjust,-0.0,-0.0,4.0681015437232105e-05
426,5,1-7,adjust,-0.0,-0.0,7.032416772017595e-05
426,6,1-7,adjust,0.0003503855210379766,6.178177970713751e-07,0.00015609223759616072
426,9,1-8,adjust,-0.0007886632680708753,-2.1670297398218408e-05,3.46478374124983e-05
427,2,1-4,adjust,-0.0008368247652346951,2.2991047934973042e-05,9.892412018355209e-06
427,3,1-4,adjust,-0.001751348080253607,2.087178182335179e-05,6.846609127184534e-05
427,6,1-5,adjust,-0.0003503855210299587,-6.178177971674134e-07,3.057433061290545e-05
427,7,1-4,adjust,-0.0,-0.0,6.151241020803131e-05
427,8,1-5,within_tolerance,0.0,0.0,3.1081490137867354e-06
427,9,1-5,adjust,0.0007886632680507903,2.167029739728158e-05,2.4517414300610433e-05
428,2,1-7,adjust,0.000836824765209406,-2.2991047935014913e-05,4.4756224251130675e-05
428,3,1-7,adjust,0.001751348080244229,-2.0871781823337347e-05,6.0555791045240635e-05
428,4,1-7,adjust,-0.0,-0.0,4.0681015437232105e-05
428,5,1-7,adjust,-0.0,-0.0,7.032416772017595e-05
428,6,1-7,adjust,0.0003503855210404949,6.178177969832928e-07,0.0001560922375960325
428,9,1-8,adjust,-0.0007886632680547128,-2.167029739710826e-05,3.464783741313929e-05
429,2,1-4,adjust,-0.0008368247652346951,2.2991047934973042e-05,9.892412018355209e-06
429,3,1-4,adjust,-0.0017513480802648796,2.0871781823264122e-05,6.846609127120434e-05
429,6,1-5,adjust,-0.00035038552102805977,-6.178177966089566e-07,3.057433061303365e-05
429,7,1-4,adjust,-0.0,-0.0,6.151241020803131e-05
429,8,1-5,within_tolerance,0.0,0.0,3.1081490137867354e-06
429,9,1-5,adjust,0.0007886632680634478,2.167029739799938e-05,2.4517414302501346e-05
430,2,1-7,adjust,0.000836824765209406,-2.2991047935014913e-05,4.4756224251130675e-05
430,3,1-7,adjust,0.0017513480802340848,-2.0871781823299718e-05,6.055579104512846e-05
430,4,1-7,adjust,-0.0,-0.0,4.0681015437232105e-05
430,5,1-7,adjust,-0.0,-0.0,7.032416772017595e-05
430,6,1-7,adjust,0.0003503855210379766,6.178177970713751e-07,0.00015609223759616072
430,9,1-8,adjust,-0.0007886632680708753,-2.1670297398218408e-05,3.46478374124983e-05
431,2,1-4,adjust,-0.0008368247652346951,2.2991047934973042e-05,9.892412018355209e-06
431,3,1-4,adjust,-0.001751348080253607,2.087178182335179e-05,6.846609127184534e-05
431,6,1-5,adjust,-0.0003503855210299587,-6.178177971674134e-07,3.057433061290545e-05
431,7,1-4,adjust,-0.0,-0.0,6.151241020803131e-05
431,8,1-5,within_tolerance,0.0,0.0,3.1081490137867354e-06
431,9,1-5,adjust,0.0007886632680507903,2.167029739728158e-05,2.4517414300610433e-05
432,2,1-7,adjust,0.000836824765209406,-2.2991047935014913e-05,4.4756224251130675e-05
432,3,1-7,adjust,0.001751348080244229,-2.0871781823337347e-05,6.0555791045240635e-05
432,4,1-7,adjust,-0.0,-0.0,4.0681015437232105e-05
432,5,1-7,adjust,-0.0,-0.0,7.032416772017595e-05
432,6,1-7,adjust,0.0003503855210404949,6.178177969832928e-07,0.0001560922375960325
432,9,1-8,adjust,-0.0007886632680547128,-2.167029739710826e-05,3.464783741313929e-05
433,2,1-4,adjust,-0.0008368247652346951,2.2991047934973042e-05,9.892412018355209e-06
433,3,1-4,adjust,-0.0017513480802648796,2.0871781823264122e-05,6.846609127120434e-05
433,6,1-5,adjust,-0.00035038552102805977,-6.178177966089566e-07,3.057433061303365e-05
433,7,1-4,adjust,-0.0,-0.0,6.151241020803131e-05
433,8,1-5,within_tolerance,0.0,0.0,3.1081490137867354e-06
433,9,1-5,adjust,0.0007886632680634478,2.167029739799938e-05,2.4517414302501346e-05
434,2,1-7,adjust,0.000836824765209406,-2.2991047935014913e-05,4.4756224251130675e-05
434,3,1-7,adjust,0.0017513480802340848,-2.0871781823299718e-05,6.055579104512846e-05
434,4,1-7,adjust,-0.0,-0.0,4.0681015437232105e-05
434,5,1-7,adjust,-0.0,-0.0,7.032416772017595e-05
434,6,1-7,adjust,0.0003503855210379766,6.178177970713751e-07,0.00015609223759616072
434,9,1-8,adjust,-0.0007886632680708753,-2.1670297398218408e-05,3.46478374124983e-05
435,2,1-4,adjust,-0.0008368247652346951,2.2991047934973042e-05,9.892412018355209e-06
435,3,1-4,adjust,-0.001751348080253607,2.087178182335179e-05,6.846609127184534e-05
435,6,1-5,adjust,-0.0003503855210299587,-6.178177971674134e-07,3.057433061290545e-05
435,7,1-4,adjust,-0.0,-0.0,6.151241020803131e-05
435,8,1-5,within_tolerance,0.0,0.0,3.1081490137867354e-06
435,9,1-5,adjust,0.0007886632680507903,2.167029739728158e-05,2.4517414300610433e-05
436,2,1-7,adjust,0.000836824765209406,-2.2991047935014913e-05,4.4756224251130675e-05
436,3,1-7,adjust,0.001751348080244229,-2.0871781823337347e-05,6.0555791045240635e-05
436,4,1-7,adjust,-0.0,-0.0,4.0681015437232105e-05
436,5,1-7,adjust,-0.0,-0.0,7.032416772017595e-05
436,6,1-7,adjust,0.0003503855210404949,6.178177969832928e-07,0.0001560922375960325
436,9,1-8,adjust,-0.0007886632680547128,-2.167029739710826e-05,3.464783741313929e-05
437,2,1-4,adjust,-0.0008368247652346951,2.2991047934973042e-05,9.892412018355209e-06
437,3,1-4,adjust,-0.0017513480802648796,2.0871781823264122e-05,6.846609127120434e-05
437,6,1-5,adjust,-0.00035038552102805977,-6.178177966089566e-07,3.057433061303365e-05
437,7,1-4,adjust,-0.0,-0.0,6.151241020803131e-05
437,8,1-5,within_tolerance,0.0,0.0,3.1081490137867354e-06
437,9,1-5,adjust,0.0007886632680634478,2.167029739799938e-05,2.4517414302501346e-05
438,2,1-7,adjust,0.000836824765209406,-2.2991047935014913e-05,4.4756224251130675e-05
438,3,1-7,adjust,0.0017513480802340848,-2.0871781823299718e-05,6.055579104512846e-05
438,4,1-7,adjust,-0.0,-0.0,4.0681015437232105e-05
438,5,1-7,adjust,-0.0,-0.0,7.032416772017595e-05
438,6,1-7,adjust,0.0003503855210379766,6.178177970713751e-07,0.00015609223759616072
438,9,1-8,adjust,-0.0007886632680708753,-2.1670297398218408e-05,3.46478374124983e-05
439,2,1-4,adjust,-0.0008368247652346951,2.2991047934973042e-05,9.892412018355209e-06
439,3,1-4,adjust,-0.001751348080253607,2.087178182335179e-05,6.846609127184534e-05
439,6,1-5,adjust,-0.0003503855210299587,-6.178177971674134e-07,3.057433061290545e-05
439,7,1-4,adjust,-0.0,-0.0,6.151241020803131e-05
439,8,1-5,within_tolerance,0.0,0.0,3.1081490137867354e-06
439,9,1-5,adjust,0.0007886632680507903,2.167029739728158e-05,2.4517414300610433e-05
440,2,1-7,adjust,0.000836824765209406,-2.2991047935014913e-05,4.4756224251130675e-05
440,3,1-7,adjust,0.001751348080244229,-2.0871781823337347e-05,6.0555791045240635e-05
440,4,1-7,adjust,-0.0,-0.0,4.0681015437232105e-05
440,5,1-7,adjust,-0.0,-0.0,7.032416772017595e-05
440,6,1-7,adjust,0.0003503855210404949,6.178177969832928e-07,0.0001560922375960325
440,9,1-8,adjust,-0.0007886632680547128,-2.167029739710826e-05,3.464783741313929e-05
441,2,1-4,adjust,-0.0008368247652346951,2.2991047934973042e-05,9.892412018355209e-06
441,3,1-4,adjust,-0.0017513480802648796,2.0871781823264122e-05,6.846609127120434e-05
441,6,1-5,adjust,-0.00035038552102805977,-6.178177966089566e-07,3.057433061303365e-05
441,7,1-4,adjust,-0.0,-0.0,6.151241020803131e-05
441,8,1-5,within_tolerance,0.0,0.0,3.1081490137867354e-06
441,9,1-5,adjust,0.0007886632680634478,2.167029739799938e-05,2.4517414302501346e-05
442,2,1-7,adjust,0.000836824765209406,-2.2991047935014913e-05,4.4756224251130675e-05
442,3,1-7,adjust,0.0017513480802340848,-2.0871781823299718e-05,6.055579104512846e-05
442,4,1-7,adjust,-0.0,-0.0,4.0681015437232105e-05
442,5,1-7,adjust,-0.0,-0.0,7.032416772017595e-05
442,6,1-7,adjust,0.0003503855210379766,6.178177970713751e-07,0.00015609223759616072
442,9,1-8,adjust,-0.0007886632680708753,-2.1670297398218408e-05,3.46478374124983e-05
443,2,1-4,adjust,-0.0008368247652346951,2.2991047934973042e-05,9.892412018355209e-06
443,3,1-4,adjust,-0.001751348080253607,2.087178182335179e-05,6.846609127184534e-05
443,6,1-5,adjust,-0.0003503855210299587,-6.178177971674134e-07,3.057433061290545e-05
443,7,1-4,adjust,-0.0,-0.0,6.151241020803131e-05
443,8,1-5,within_tolerance,0.0,0.0,3.1081490137867354e-06
443,9,1-5,adjust,0.0007886632680507903,2.167029739728158e-05,2.4517414300610433e-05
444,2,1-7,adjust,0.000836824765209406,-2.2991047935014913e-05,4.4756224251130675e-05
444,3,1-7,adjust,0.001751348080244229,-2.0871781823337347e-05,6.0555791045240635e-05
444,4,1-7,adjust,-0.0,-0.0,4.0681015437232105e-05
444,5,1-7,adjust,-0.0,-0.0,7.032416772017595e-05
444,6,1-7,adjust,0.0003503855210404949,6.178177969832928e-07,0.0001560922375960325
444,9,1-8,adjust,-0.0007886632680547128,-2.167029739710826e-05,3.464783741313929e-05
445,2,1-4,adjust,-0.0008368247652346951,2.2991047934973042e-05,9.892412018355209e-06
445,3,1-4,adjust,-0.0017513480802648796,2.0871781823264122e-05,6.846609127120434e-05
445,6,1-5,adjust,-0.00035038552102805977,-6.178177966089566e-07,3.057433061303365e-05
445,7,1-4,adjust,-0.0,-0.0,6.151241020803131e-05
445,8,1-5,within_tolerance,0.0,0.0,3.1081490137867354e-06
445,9,1-5,adjust,0.0007886632680634478,2.167029739799938e-05,2.4517414302501346e-05
446,2,1-7,adjust,0.000836824765209406,-2.2991047935014913e-05,4.4756224251130675e-05
446,3,1-7,adjust,0.0017513480802340848,-2.0871781823299718e-05,6.055579104512846e-05
446,4,1-7,adjust,-0.0,-0.0,4.0681015437232105e-05
446,5,1-7,adjust,-0.0,-0.0,7.032416772017595e-05
446,6,1-7,adjust,0.0003503855210379766,6.178177970713751e-07,0.00015609223759616072
446,9,1-8,adjust,-0.0007886632680708753,-2.1670297398218408e-05,3.46478374124983e-05
447,2,1-4,adjust,-0.0008368247652346951,2.2991047934973042e-05,9.892412018355209e-06
447,3,1-4,adjust,-0.001751348080253607,2.087178182335179e-05,6.846609127184534e-05
447,6,1-5,adjust,-0.0003503855210299587,-6.178177971674134e-07,3.057433061290545e-05
447,7,1-4,adjust,-0.0,-0.0,6.151241020803131e-05
447,8,1-5,within_tolerance,0.0,0.0,3.1081490137867354e-06
447,9,1-5,adjust,0.0007886632680507903,2.167029739728158e-05,2.4517414300610433e-05
448,2,1-7,adjust,0.000836824765209406,-2.2991047935014913e-05,4.4756224251130675e-05
448,3,1-7,adjust,0.001751348080244229,-2.0871781823337347e-05,6.0555791045240635e-05
448,4,1-7,adjust,-0.0,-0.0,4.0681015437232105e-05
448,5,1-7,adjust,-0.0,-0.0,7.032416772017595e-05
448,6,1-7,adjust,0.0003503855210404949,6.178177969832928e-07,0.0001560922375960325
448,9,1-8,adjust,-0.0007886632680547128,-2.167029739710826e-05,3.464783741313929e-05
449,2,1-4,adjust,-0.0008368247652346951,2.2991047934973042e-05,9.892412018355209e-06
449,3,1-4,adjust,-0.0017513480802648796,2.0871781823264122e-05,6.846609127120434e-05
449,6,1-5,adjust,-0.00035038552102805977,-6.178177966089566e-07,3.057433061303365e-05
449,7,1-4,adjust,-0.0,-0.0,6.151241020803131e-05
449,8,1-5,within_tolerance,0.0,0.0,3.1081490137867354e-06
449,9,1-5,adjust,0.0007886632680634478,2.167029739799938e-05,2.4517414302501346e-05
450,2,1-7,adjust,0.000836824765209406,-2.2991047935014913e-05,4.4756224251130675e-05
450,3,1-7,adjust,0.0017513480802340848,-2.0871781823299718e-05,6.055579104512846e-05
450,4,1-7,adjust,-0.0,-0.0,4.0681015437232105e-05
450,5,1-7,adjust,-0.0,-0.0,7.032416772017595e-05
450,6,1-7,adjust,0.0003503855210379766,6.178177970713751e-07,0.00015609223759616072
450,9,1-8,adjust,-0.0007886632680708753,-2.1670297398218408e-05,3.46478374124983e-05
451,2,1-4,adjust,-0.0008368247652346951,2.2991047934973042e-05,9.892412018355209e-06
451,3,1-4,adjust,-0.001751348080253607,2.087178182335179e-05,6.846609127184534e-05
451,6,1-5,adjust,-0.0003503855210299587,-6.178177971674134e-07,3.057433061290545e-05
451,7,1-4,adjust,-0.0,-0.0,6.151241020803131e-05
451,8,1-5,within_tolerance,0.0,0.0,3.1081490137867354e-06
451,9,1-5,adjust,0.0007886632680507903,2.167029739728158e-05,2.4517414300610433e-05
452,2,1-7,adjust,0.000836824765209406,-2.2991047935014913e-05,4.4756224251130675e-05
452,3,1-7,adjust,0.001751348080244229,-2.0871781823337347e-05,6.0555791045240635e-05
452,4,1-7,adjust,-0.0,-0.0,4.0681015437232105e-05
452,5,1-7,adjust,-0.0,-0.0,7.032416772017595e-05
452,6,1-7,adjust,0.0003503855210404949,6.178177969832928e-07,0.0001560922375960325
452,9,1-8,adjust,-0.0007886632680547128,-2.167029739710826e-05,3.464783741313929e-05
453,2,1-4,adjust,-0.0008368247652346951,2.2991047934973042e-05,9.892412018355209e-06
453,3,1-4,adjust,-0.0017513480802648796,2.0871781823264122e-05,6.846609127120434e-05
453,6,1-5,adjust,-0.00035038552102805977,-6.178177966089566e-07,3.057433061303365e-05
453,7,1-4,adjust,-0.0,-0.0,6.151241020803131e-05
453,8,1-5,within_tolerance,0.0,0.0,3.1081490137867354e-06
453,9,1-5,adjust,0.0007886632680634478,2.167029739799938e-05,2.4517414302501346e-05
454,2,1-7,adjust,0.000836824765209406,-2.2991047935014913e-05,4.4756224251130675e-05
454,3,1-7,adjust,0.0017513480802340848,-2.0871781823299718e-05,6.055579104512846e-05
454,4,1-7,adjust,-0.0,-0.0,4.0681015437232105e-05
454,5,1-7,adjust,-0.0,-0.0,7.032416772017595e-05
454,6,1-7,adjust,0.0003503855210379766,6.178177970713751e-07,0.00015609223759616072
454,9,1-8,adjust,-0.0007886632680708753,-2.1670297398218408e-05,3.46478374124983e-05
455,2,1-4,adjust,-0.0008368247652346951,2.2991047934973042e-05,9.892412018355209e-06
455,3,1-4,adjust,-0.001751348080253607,2.087178182335179e-05,6.846609127184534e-05
455,6,1-5,adjust,-0.0003503855210299587,-6.178177971674134e-07,3.057433061290545e-05
455,7,1-4,adjust,-0.0,-0.0,6.151241020803131e-05
455,8,1-5,within_tolerance,0.0,0.0,3.1081490137867354e-06
455,9,1-5,adjust,0.0007886632680507903,2.167029739728158e-05,2.4517414300610433e-05
456,2,1-7,adjust,0.000836824765209406,-2.2991047935014913e-05,4.4756224251130675e-05
456,3,1-7,adjust,0.001751348080244229,-2.0871781823337347e-05,6.0555791045240635e-05
456,4,1-7,adjust,-0.0,-0.0,4.0681015437232105e-05
456,5,1-7,adjust,-0.0,-0.0,7.032416772017595e-05
456,6,1-7,adjust,0.0003503855210404949,6.178177969832928e-07,0.0001560922375960325
456,9,1-8,adjust,-0.0007886632680547128,-2.167029739710826e-05,3.464783741313929e-05
457,2,1-4,adjust,-0.0008368247652346951,2.2991047934973042e-05,9.892412018355209e-06
457,3,1-4,adjust,-0.0017513480802648796,2.0871781823264122e-05,6.846609127120434e-05
457,6,1-5,adjust,-0.00035038552102805977,-6.178177966089566e-07,3.057433061303365e-05
457,7,1-4,adjust,-0.0,-0.0,6.151241020803131e-05
457,8,1-5,within_tolerance,0.0,0.0,3.1081490137867354e-06
457,9,1-5,adjust,0.0007886632680634478,2.167029739799938e-05,2.4517414302501346e-05
458,2,1-7,adjust,0.000836824765209406,-2.2991047935014913e-05,4.4756224251130675e-05
458,3,1-7,adjust,0.0017513480802340848,-2.0871781823299718e-05,6.055579104512846e-05
458,4,1-7,adjust,-0.0,-0.0,4.0681015437232105e-05
458,5,1-7,adjust,-0.0,-0.0,7.032416772017595e-05
458,6,1-7,adjust,0.0003503855210379766,6.178177970713751e-07,0.00015609223759616072
458,9,1-8,adjust,-0.0007886632680708753,-2.1670297398218408e-05,3.46478374124983e-05
459,2,1-4,adjust,-0.0008368247652346951,2.2991047934973042e-05,9.892412018355209e-06
459,3,1-4,adjust,-0.001751348080253607,2.087178182335179e-05,6.846609127184534e-05
459,6,1-5,adjust,-0.0003503855210299587,-6.178177971674134e-07,3.057433061290545e-05
459,7,1-4,adjust,-0.0,-0.0,6.151241020803131e-05
459,8,1-5,within_tolerance,0.0,0.0,3.1081490137867354e-06
459,9,1-5,adjust,0.0007886632680507903,2.167029739728158e-05,2.4517414300610433e-05
460,2,1-7,adjust,0.000836824765209406,-2.2991047935014913e-05,4.4756224251130675e-05
460,3,1-7,adjust,0.001751348080244229,-2.0871781823337347e-05,6.0555791045240635e-05
460,4,1-7,adjust,-0.0,-0.0,4.0681015437232105e-05
460,5,1-7,adjust,-0.0,-0.0,7.032416772017595e-05
460,6,1-7,adjust,0.0003503855210404949,6.178177969832928e-07,0.0001560922375960325
460,9,1-8,adjust,-0.0007886632680547128,-2.167029739710826e-05,3.464783741313929e-05
461,2,1-4,adjust,-0.0008368247652346951,2.2991047934973042e-05,9.892412018355209e-06
461,3,1-4,adjust,-0.0017513480802648796,2.0871781823264122e-05,6.846609127120434e-05
461,6,1-5,adjust,-0.00035038552102805977,-6.178177966089566e-07,3.057433061303365e-05
461,7,1-4,adjust,-0.0,-0.0,6.151241020803131e-05
461,8,1-5,within_tolerance,0.0,0.0,3.1081490137867354e-06
461,9,1-5,adjust,0.0007886632680634478,2.167029739799938e-05,2.4517414302501346e-05
462,2,1-7,adjust,0.000836824765209406,-2.2991047935014913e-05,4.4756224251130675e-05
462,3,1-7,adjust,0.0017513480802340848,-2.0871781823299718e-05,6.055579104512846e-05
462,4,1-7,adjust,-0.0,-0.0,4.0681015437232105e-05
462,5,1-7,adjust,-0.0,-0.0,7.032416772017595e-05
462,6,1-7,adjust,0.0003503855210379766,6.178177970713751e-07,0.00015609223759616072
462,9,1-8,adjust,-0.0007886632680708753,-2.1670297398218408e-05,3.46478374124983e-05
463,2,1-4,adjust,-0.0008368247652346951,2.2991047934973042e-05,9.892412018355209e-06
463,3,1-4,adjust,-0.001751348080253607,2.087178182335179e-05,6.846609127184534e-05
463,6,1-5,adjust,-0.0003503855210299587,-6.178177971674134e-07,3.057433061290545e-05
463,7,1-4,adjust,-0.0,-0.0,6.151241020803131e-05
463,8,1-5,within_tolerance,0.0,0.0,3.1081490137867354e-06
463,9,1-5,adjust,0.0007886632680507903,2.167029739728158e-05,2.4517414300610433e-05
464,2,1-7,adjust,0.000836824765209406,-2.2991047935014913e-05,4.4756224251130675e-05
464,3,1-7,adjust,0.001751348080244229,-2.0871781823337347e-05,6.0555791045240635e-05
464,4,1-7,adjust,-0.0,-0.0,4.0681015437232105e-05
464,5,1-7,adjust,-0.0,-0.0,7.032416772017595e-05
464,6,1-7,adjust,0.0003503855210404949,6.178177969832928e-07,0.0001560922375960325
464,9,1-8,adjust,-0.0007886632680547128,-2.167029739710826e-05,3.464783741313929e-05
465,2,1-4,adjust,-0.0008368247652346951,2.2991047934973042e-05,9.892412018355209e-06
465,3,1-4,adjust,-0.0017513480802648796,2.0871781823264122e-05,6.846609127120434e-05
465,6,1-5,adjust,-0.00035038552102805977,-6.178177966089566e-07,3.057433061303365e-05
465,7,1-4,adjust,-0.0,-0.0,6.151241020803131e-05
465,8,1-5,within_tolerance,0.0,0.0,3.1081490137867354e-06
465,9,1-5,adjust,0.0007886632680634478,2.167029739799938e-05,2.4517414302501346e-05
466,2,1-7,adjust,0.000836824765209406,-2.2991047935014913e-05,4.4756224251130675e-05
466,3,1-7,adjust,0.0017513480802340848,-2.0871781823299718e-05,6.055579104512846e-05
466,4,1-7,adjust,-0.0,-0.0,4.0681015437232105e-05
466,5,1-7,adjust,-0.0,-0.0,7.032416772017595e-05
466,6,1-7,adjust,0.0003503855210379766,6.178177970713751e-07,0.00015609223759616072
466,9,1-8,adjust,-0.0007886632680708753,-2.1670297398218408e-05,3.46478374124983e-05
467,2,1-4,adjust,-0.0008368247652346951,2.2991047934973042e-05,9.892412018355209e-06
467,3,1-4,adjust,-0.001751348080253607,2.087178182335179e-05,6.846609127184534e-05
467,6,1-5,adjust,-0.0003503855210299587,-6.178177971674134e-07,3.057433061290545e-05
467,7,1-4,adjust,-0.0,-0.0,6.151241020803131e-05
467,8,1-5,within_tolerance,0.0,0.0,3.1081490137867354e-06
467,9,1-5,adjust,0.0007886632680507903,2.167029739728158e-05,2.4517414300610433e-05
468,2,1-7,adjust,0.000836824765209406,-2.2991047935014913e-05,4.4756224251130675e-05
468,3,1-7,adjust,0.001751348080244229,-2.0871781823337347e-05,6.0555791045240635e-05
468,4,1-7,adjust,-0.0,-0.0,4.0681015437232105e-05
468,5,1-7,adjust,-0.0,-0.0,7.032416772017595e-05
468,6,1-7,adjust,0.0003503855210404949,6.178177969832928e-07,0.0001560922375960325
468,9,1-8,adjust,-0.0007886632680547128,-2.167029739710826e-05,3.464783741313929e-05
469,2,1-4,adjust,-0.0008368247652346951,2.2991047934973042e-05,9.892412018355209e-06
469,3,1-4,adjust,-0.0017513480802648796,2.0871781823264122e-05,6.846609127120434e-05
469,6,1-5,adjust,-0.00035038552102805977,-6.178177966089566e-07,3.057433061303365e-05
469,7,1-4,adjust,-0.0,-0.0,6.151241020803131e-05
469,8,1-5,within_tolerance,0.0,0.0,3.1081490137867354e-06
469,9,1-5,adjust,0.0007886632680634478,2.167029739799938e-05,2.4517414302501346e-05
470,2,1-7,adjust,0.000836824765209406,-2.2991047935014913e-05,4.4756224251130675e-05
470,3,1-7,adjust,0.0017513480802340848,-2.0871781823299718e-05,6.055579104512846e-05
470,4,1-7,adjust,-0.0,-0.0,4.0681015437232105e-05
470,5,1-7,adjust,-0.0,-0.0,7.032416772017595e-05
470,6,1-7,adjust,0.0003503855210379766,6.178177970713751e-07,0.00015609223759616072
470,9,1-8,adjust,-0.0007886632680708753,-2.1670297398218408e-05,3.46478374124983e-05
471,2,1-4,adjust,-0.0008368247652346951,2.2991047934973042e-05,9.892412018355209e-06
471,3,1-4,adjust,-0.001751348080253607,2.087178182335179e-05,6.846609127184534e-05
471,6,1-5,adjust,-0.0003503855210299587,-6.178177971674134e-07,3.057433061290545e-05
471,7,1-4,adjust,-0.0,-0.0,6.151241020803131e-05
471,8,1-5,within_tolerance,0.0,0.0,3.1081490137867354e-06
471,9,1-5,adjust,0.0007886632680507903,2.167029739728158e-05,2.4517414300610433e-05
472,2,1-7,adjust,0.000836824765209406,-2.2991047935014913e-05,4.4756224251130675e-05
472,3,1-7,adjust,0.001751348080244229,-2.0871781823337347e-05,6.0555791045240635e-05
472,4,1-7,adjust,-0.0,-0.0,4.0681015437232105e-05
472,5,1-7,adjust,-0.0,-0.0,7.032416772017595e-05
472,6,1-7,adjust,0.0003503855210404949,6.178177969832928e-07,0.0001560922375960325
472,9,1-8,adjust,-0.0007886632680547128,-2.167029739710826e-05,3.464783741313929e-05
473,2,1-4,adjust,-0.0008368247652346951,2.2991047934973042e-05,9.892412018355209e-06
473,3,1-4,adjust,-0.0017513480802648796,2.0871781823264122e-05,6.846609127120434e-05
473,6,1-5,adjust,-0.00035038552102805977,-6.178177966089566e-07,3.057433061303365e-05
473,7,1-4,adjust,-0.0,-0.0,6.151241020803131e-05
473,8,1-5,within_tolerance,0.0,0.0,3.1081490137867354e-06
473,9,1-5,adjust,0.0007886632680634478,2.167029739799938e-05,2.4517414302501346e-05
474,2,1-7,adjust,0.000836824765209406,-2.2991047935014913e-05,4.4756224251130675e-05
474,3,1-7,adjust,0.0017513480802340848,-2.0871781823299718e-05,6.055579104512846e-05
474,4,1-7,adjust,-0.0,-0.0,4.0681015437232105e-05
474,5,1-7,adjust,-0.0,-0.0,7.032416772017595e-05
474,6,1-7,adjust,0.0003503855210379766,6.178177970713751e-07,0.00015609223759616072
474,9,1-8,adjust,-0.0007886632680708753,-2.1670297398218408e-05,3.46478374124983e-05
475,2,1-4,adjust,-0.0008368247652346951,2.2991047934973042e-05,9.892412018355209e-06
475,3,1-4,adjust,-0.001751348080253607,2.087178182335179e-05,6.846609127184534e-05
475,6,1-5,adjust,-0.0003503855210299587,-6.178177971674134e-07,3.057433061290545e-05
475,7,1-4,adjust,-0.0,-0.0,6.151241020803131e-05
475,8,1-5,within_tolerance,0.0,0.0,3.1081490137867354e-06
475,9,1-5,adjust,0.0007886632680507903,2.167029739728158e-05,2.4517414300610433e-05
476,2,1-7,adjust,0.000836824765209406,-2.2991047935014913e-05,4.4756224251130675e-05
476,3,1-7,adjust,0.001751348080244229,-2.0871781823337347e-05,6.0555791045240635e-05
476,4,1-7,adjust,-0.0,-0.0,4.0681015437232105e-05
476,5,1-7,adjust,-0.0,-0.0,7.032416772017595e-05
476,6,1-7,adjust,0.0003503855210404949,6.178177969832928e-07,0.0001560922375960325
476,9,1-8,adjust,-0.0007886632680547128,-2.167029739710826e-05,3.464783741313929e-05
477,2,1-4,adjust,-0.0008368247652346951,2.2991047934973042e-05,9.892412018355209e-06
477,3,1-4,adjust,-0.0017513480802648796,2.0871781823264122e-05,6.846609127120434e-05
477,6,1-5,adjust,-0.00035038552102805977,-6.178177966089566e-07,3.057433061303365e-05
477,7,1-4,adjust,-0.0,-0.0,6.151241020803131e-05
477,8,1-5,within_tolerance,0.0,0.0,3.1081490137867354e-06
477,9,1-5,adjust,0.0007886632680634478,2.167029739799938e-05,2.4517414302501346e-05
478,2,1-7,adjust,0.000836824765209406,-2.2991047935014913e-05,4.4756224251130675e-05
478,3,1-7,adjust,0.0017513480802340848,-2.0871781823299718e-05,6.055579104512846e-05
478,4,1-7,adjust,-0.0,-0.0,4.0681015437232105e-05
478,5,1-7,adjust,-0.0,-0.0,7.032416772017595e-05
478,6,1-7,adjust,0.0003503855210379766,6.178177970713751e-07,0.00015609223759616072
478,9,1-8,adjust,-0.0007886632680708753,-2.1670297398218408e-05,3.46478374124983e-05
479,2,1-4,adjust,-0.0008368247652346951,2.2991047934973042e-05,9.892412018355209e-06
479,3,1-4,adjust,-0.001751348080253607,2.087178182335179e-05,6.846609127184534e-05
479,6,1-5,adjust,-0.0003503855210299587,-6.178177971674134e-07,3.057433061290545e-05
479,7,1-4,adjust,-0.0,-0.0,6.151241020803131e-05
479,8,1-5,within_tolerance,0.0,0.0,3.1081490137867354e-06
479,9,1-5,adjust,0.0007886632680507903,2.167029739728158e-05,2.4517414300610433e-05
480,2,1-7,adjust,0.000836824765209406,-2.2991047935014913e-05,4.4756224251130675e-05
480,3,1-7,adjust,0.001751348080244229,-2.0871781823337347e-05,6.0555791045240635e-05
480,4,1-7,adjust,-0.0,-0.0,4.0681015437232105e-05
480,5,1-7,adjust,-0.0,-0.0,7.032416772017595e-05
480,6,1-7,adjust,0.0003503855210404949,6.178177969832928e-07,0.0001560922375960325
480,9,1-8,adjust,-0.0007886632680547128,-2.167029739710826e-05,3.464783741313929e-05
481,2,1-4,adjust,-0.0008368247652346951,2.2991047934973042e-05,9.892412018355209e-06
481,3,1-4,adjust,-0.0017513480802648796,2.0871781823264122e-05,6.846609127120434e-05
481,6,1-5,adjust,-0.00035038552102805977,-6.178177966089566e-07,3.057433061303365e-05
481,7,1-4,adjust,-0.0,-0.0,6.151241020803131e-05
481,8,1-5,within_tolerance,0.0,0.0,3.1081490137867354e-06
481,9,1-5,adjust,0.0007886632680634478,2.167029739799938e-05,2.4517414302501346e-05
482,2,1-7,adjust,0.000836824765209406,-2.2991047935014913e-05,4.4756224251130675e-05
482,3,1-7,adjust,0.0017513480802340848,-2.0871781823299718e-05,6.055579104512846e-05
482,4,1-7,adjust,-0.0,-0.0,4.0681015437232105e-05
482,5,1-7,adjust,-0.0,-0.0,7.032416772017595e-05
482,6,1-7,adjust,0.0003503855210379766,6.178177970713751e-07,0.00015609223759616072
482,9,1-8,adjust,-0.0007886632680708753,-2.1670297398218408e-05,3.46478374124983e-05
483,2,1-4,adjust,-0.0008368247652346951,2.2991047934973042e-05,9.892412018355209e-06
483,3,1-4,adjust,-0.001751348080253607,2.087178182335179e-05,6.846609127184534e-05
483,6,1-5,adjust,-0.0003503855210299587,-6.178177971674134e-07,3.057433061290545e-05
483,7,1-4,adjust,-0.0,-0.0,6.151241020803131e-05
483,8,1-5,within_tolerance,0.0,0.0,3.1081490137867354e-06
483,9,1-5,adjust,0.0007886632680507903,2.167029739728158e-05,2.4517414300610433e-05
484,2,1-7,adjust,0.000836824765209406,-2.2991047935014913e-05,4.4756224251130675e-05
484,3,1-7,adjust,0.001751348080244229,-2.0871781823337347e-05,6.0555791045240635e-05
484,4,1-7,adjust,-0.0,-0.0,4.0681015437232105e-05
484,5,1-7,adjust,-0.0,-0.0,7.032416772017595e-05
484,6,1-7,adjust,0.0003503855210404949,6.178177969832928e-07,0.0001560922375960325
484,9,1-8,adjust,-0.0007886632680547128,-2.167029739710826e-05,3.464783741313929e-05
485,2,1-4,adjust,-0.0008368247652346951,2.2991047934973042e-05,9.892412018355209e-06
485,3,1-4,adjust,-0.0017513480802648796,2.0871781823264122e-05,6.846609127120434e-05
485,6,1-5,adjust,-0.00035038552102805977,-6.178177966089566e-07,3.057433061303365e-05
485,7,1-4,adjust,-0.0,-0.0,6.151241020803131e-05
485,8,1-5,within_tolerance,0.0,0.0,3.1081490137867354e-06
485,9,1-5,adjust,0.0007886632680634478,2.167029739799938e-05,2.4517414302501346e-05
486,2,1-7,adjust,0.000836824765209406,-2.2991047935014913e-05,4.4756224251130675e-05
486,3,1-7,adjust,0.0017513480802340848,-2.0871781823299718e-05,6.055579104512846e-05
486,4,1-7,adjust,-0.0,-0.0,4.0681015437232105e-05
486,5,1-7,adjust,-0.0,-0.0,7.032416772017595e-05
486,6,1-7,adjust,0.0003503855210379766,6.178177970713751e-07,0.00015609223759616072
486,9,1-8,adjust,-0.0007886632680708753,-2.1670297398218408e-05,3.46478374124983e-05
487,2,1-4,adjust,-0.0008368247652346951,2.2991047934973042e-05,9.892412018355209e-06
487,3,1-4,adjust,-0.001751348080253607,2.087178182335179e-05,6.846609127184534e-05
487,6,1-5,adjust,-0.0003503855210299587,-6.178177971674134e-07,3.057433061290545e-05
487,7,1-4,adjust,-0.0,-0.0,6.151241020803131e-05
487,8,1-5,within_tolerance,0.0,0.0,3.1081490137867354e-06
487,9,1-5,adjust,0.0007886632680507903,2.167029739728158e-05,2.4517414300610433e-05
488,2,1-7,adjust,0.000836824765209406,-2.2991047935014913e-05,4.4756224251130675e-05
488,3,1-7,adjust,0.001751348080244229,-2.0871781823337347e-05,6.0555791045240635e-05
488,4,1-7,adjust,-0.0,-0.0,4.0681015437232105e-05
488,5,1-7,adjust,-0.0,-0.0,7.032416772017595e-05
488,6,1-7,adjust,0.0003503855210404949,6.178177969832928e-07,0.0001560922375960325
488,9,1-8,adjust,-0.0007886632680547128,-2.167029739710826e-05,3.464783741313929e-05
489,2,1-4,adjust,-0.0008368247652346951,2.2991047934973042e-05,9.892412018355209e-06
489,3,1-4,adjust,-0.0017513480802648796,2.0871781823264122e-05,6.846609127120434e-05
489,6,1-5,adjust,-0.00035038552102805977,-6.178177966089566e-07,3.057433061303365e-05
489,7,1-4,adjust,-0.0,-0.0,6.151241020803131e-05
489,8,1-5,within_tolerance,0.0,0.0,3.1081490137867354e-06
489,9,1-5,adjust,0.0007886632680634478,2.167029739799938e-05,2.4517414302501346e-05
490,2,1-7,adjust,0.000836824765209406,-2.2991047935014913e-05,4.4756224251130675e-05
490,3,1-7,adjust,0.0017513480802340848,-2.0871781823299718e-05,6.055579104512846e-05
490,4,1-7,adjust,-0.0,-0.0,4.0681015437232105e-05
490,5,1-7,adjust,-0.0,-0.0,7.032416772017595e-05
490,6,1-7,adjust,0.0003503855210379766,6.178177970713751e-07,0.00015609223759616072
490,9,1-8,adjust,-0.0007886632680708753,-2.1670297398218408e-05,3.46478374124983e-05
491,2,1-4,adjust,-0.0008368247652346951,2.2991047934973042e-05,9.892412018355209e-06
491,3,1-4,adjust,-0.001751348080253607,2.087178182335179e-05,6.846609127184534e-05
491,6,1-5,adjust,-0.0003503855210299587,-6.178177971674134e-07,3.057433061290545e-05
491,7,1-4,adjust,-0.0,-0.0,6.151241020803131e-05
491,8,1-5,within_tolerance,0.0,0.0,3.1081490137867354e-06
491,9,1-5,adjust,0.0007886632680507903,2.167029739728158e-05,2.4517414300610433e-05
492,2,1-7,adjust,0.000836824765209406,-2.2991047935014913e-05,4.4756224251130675e-05
492,3,1-7,adjust,0.001751348080244229,-2.0871781823337347e-05,6.0555791045240635e-05
492,4,1-7,adjust,-0.0,-0.0,4.0681015437232105e-05
492,5,1-7,adjust,-0.0,-0.0,7.032416772017595e-05
492,6,1-7,adjust,0.0003503855210404949,6.178177969832928e-07,0.0001560922375960325
492,9,1-8,adjust,-0.0007886632680547128,-2.167029739710826e-05,3.464783741313929e-05
493,2,1-4,adjust,-0.0008368247652346951,2.2991047934973042e-05,9.892412018355209e-06
493,3,1-4,adjust,-0.0017513480802648796,2.0871781823264122e-05,6.846609127120434e-05
493,6,1-5,adjust,-0.00035038552102805977,-6.178177966089566e-07,3.057433061303365e-05
493,7,1-4,adjust,-0.0,-0.0,6.151241020803131e-05
493,8,1-5,within_tolerance,0.0,0.0,3.1081490137867354e-06
493,9,1-5,adjust,0.0007886632680634478,2.167029739799938e-05,2.4517414302501346e-05
494,2,1-7,adjust,0.000836824765209406,-2.2991047935014913e-05,4.4756224251130675e-05
494,3,1-7,adjust,0.0017513480802340848,-2.0871781823299718e-05,6.055579104512846e-05
494,4,1-7,adjust,-0.0,-0.0,4.0681015437232105e-05
494,5,1-7,adjust,-0.0,-0.0,7.032416772017595e-05
494,6,1-7,adjust,0.0003503855210379766,6.178177970713751e-07,0.00015609223759616072
494,9,1-8,adjust,-0.0007886632680708753,-2.1670297398218408e-05,3.46478374124983e-05
495,2,1-4,adjust,-0.0008368247652346951,2.2991047934973042e-05,9.892412018355209e-06
495,3,1-4,adjust,-0.001751348080253607,2.087178182335179e-05,6.846609127184534e-05
495,6,1-5,adjust,-0.0003503855210299587,-6.178177971674134e-07,3.057433061290545e-05
495,7,1-4,adjust,-0.0,-0.0,6.151241020803131e-05
495,8,1-5,within_tolerance,0.0,0.0,3.1081490137867354e-06
495,9,1-5,adjust,0.0007886632680507903,2.167029739728158e-05,2.4517414300610433e-05
496,2,1-7,adjust,0.000836824765209406,-2.2991047935014913e-05,4.4756224251130675e-05
496,3,1-7,adjust,0.001751348080244229,-2.0871781823337347e-05,6.0555791045240635e-05
496,4,1-7,adjust,-0.0,-0.0,4.0681015437232105e-05
496,5,1-7,adjust,-0.0,-0.0,7.032416772017595e-05
496,6,1-7,adjust,0.0003503855210404949,6.178177969832928e-07,0.0001560922375960325
496,9,1-8,adjust,-0.0007886632680547128,-2.167029739710826e-05,3.464783741313929e-05
497,2,1-4,adjust,-0.0008368247652346951,2.2991047934973042e-05,9.892412018355209e-06
497,3,1-4,adjust,-0.0017513480802648796,2.0871781823264122e-05,6.846609127120434e-05
497,6,1-5,adjust,-0.00035038552102805977,-6.178177966089566e-07,3.057433061303365e-05
497,7,1-4,adjust,-0.0,-0.0,6.151241020803131e-05
497,8,1-5,within_tolerance,0.0,0.0,3.1081490137867354e-06
497,9,1-5,adjust,0.0007886632680634478,2.167029739799938e-05,2.4517414302501346e-05
498,2,1-7,adjust,0.000836824765209406,-2.2991047935014913e-05,4.4756224251130675e-05
498,3,1-7,adjust,0.0017513480802340848,-2.0871781823299718e-05,6.055579104512846e-05
498,4,1-7,adjust,-0.0,-0.0,4.0681015437232105e-05
498,5,1-7,adjust,-0.0,-0.0,7.032416772017595e-05
498,6,1-7,adjust,0.0003503855210379766,6.178177970713751e-07,0.00015609223759616072
498,9,1-8,adjust,-0.0007886632680708753,-2.1670297398218408e-05,3.46478374124983e-05
499,2,1-4,adjust,-0.0008368247652346951,2.2991047934973042e-05,9.892412018355209e-06
499,3,1-4,adjust,-0.001751348080253607,2.087178182335179e-05,6.846609127184534e-05
499,6,1-5,adjust,-0.0003503855210299587,-6.178177971674134e-07,3.057433061290545e-05
499,7,1-4,adjust,-0.0,-0.0,6.151241020803131e-05
499,8,1-5,within_tolerance,0.0,0.0,3.1081490137867354e-06
499,9,1-5,adjust,0.0007886632680507903,2.167029739728158e-05,2.4517414300610433e-05
500,2,1-7,adjust,0.000836824765209406,-2.2991047935014913e-05,4.4756224251130675e-05
500,3,1-7,adjust,0.001751348080244229,-2.0871781823337347e-05,6.0555791045240635e-05
500,4,1-7,adjust,-0.0,-0.0,4.0681015437232105e-05
500,5,1-7,adjust,-0.0,-0.0,7.032416772017595e-05
500,6,1-7,adjust,0.0003503855210404949,6.178177969832928e-07,0.0001560922375960325
500,9,1-8,adjust,-0.0007886632680547128,-2.167029739710826e-05,3.464783741313929e-05
501,2,1-4,adjust,-0.0008368247652346951,2.2991047934973042e-05,9.892412018355209e-06
501,3,1-4,adjust,-0.0017513480802648796,2.0871781823264122e-05,6.846609127120434e-05
501,6,1-5,adjust,-0.00035038552102805977,-6.178177966089566e-07,3.057433061303365e-05
501,7,1-4,adjust,-0.0,-0.0,6.151241020803131e-05
501,8,1-5,within_tolerance,0.0,0.0,3.1081490137867354e-06
501,9,1-5,adjust,0.0007886632680634478,2.167029739799938e-05,2.4517414302501346e-05
502,2,1-7,adjust,0.000836824765209406,-2.2991047935014913e-05,4.4756224251130675e-05
502,3,1-7,adjust,0.0017513480802340848,-2.0871781823299718e-05,6.055579104512846e-05
502,4,1-7,adjust,-0.0,-0.0,4.0681015437232105e-05
502,5,1-7,adjust,-0.0,-0.0,7.032416772017595e-05
502,6,1-7,adjust,0.0003503855210379766,6.178177970713751e-07,0.00015609223759616072
502,9,1-8,adjust,-0.0007886632680708753,-2.1670297398218408e-05,3.46478374124983e-05
503,2,1-4,adjust,-0.0008368247652346951,2.2991047934973042e-05,9.892412018355209e-06
503,3,1-4,adjust,-0.001751348080253607,2.087178182335179e-05,6.846609127184534e-05
503,6,1-5,adjust,-0.0003503855210299587,-6.178177971674134e-07,3.057433061290545e-05
503,7,1-4,adjust,-0.0,-0.0,6.151241020803131e-05
503,8,1-5,within_tolerance,0.0,0.0,3.1081490137867354e-06
503,9,1-5,adjust,0.0007886632680507903,2.167029739728158e-05,2.4517414300610433e-05
504,2,1-7,adjust,0.000836824765209406,-2.2991047935014913e-05,4.4756224251130675e-05
504,3,1-7,adjust,0.001751348080244229,-2.0871781823337347e-05,6.0555791045240635e-05
504,4,1-7,adjust,-0.0,-0.0,4.0681015437232105e-05
504,5,1-7,adjust,-0.0,-0.0,7.032416772017595e-05
504,6,1-7,adjust,0.0003503855210404949,6.178177969832928e-07,0.0001560922375960325
504,9,1-8,adjust,-0.0007886632680547128,-2.167029739710826e-05,3.464783741313929e-05
505,2,1-4,adjust,-0.0008368247652346951,2.2991047934973042e-05,9.892412018355209e-06
505,3,1-4,adjust,-0.0017513480802648796,2.0871781823264122e-05,6.846609127120434e-05
505,6,1-5,adjust,-0.00035038552102805977,-6.178177966089566e-07,3.057433061303365e-05
505,7,1-4,adjust,-0.0,-0.0,6.151241020803131e-05
505,8,1-5,within_tolerance,0.0,0.0,3.1081490137867354e-06
505,9,1-5,adjust,0.0007886632680634478,2.167029739799938e-05,2.4517414302501346e-05
506,2,1-7,adjust,0.000836824765209406,-2.2991047935014913e-05,4.4756224251130675e-05
506,3,1-7,adjust,0.0017513480802340848,-2.0871781823299718e-05,6.055579104512846e-05
506,4,1-7,adjust,-0.0,-0.0,4.0681015437232105e-05
506,5,1-7,adjust,-0.0,-0.0,7.032416772017595e-05
506,6,1-7,adjust,0.0003503855210379766,6.178177970713751e-07,0.00015609223759616072
506,9,1-8,adjust,-0.0007886632680708753,-2.1670297398218408e-05,3.46478374124983e-05
507,2,1-4,adjust,-0.0008368247652346951,2.2991047934973042e-05,9.892412018355209e-06
507,3,1-4,adjust,-0.001751348080253607,2.087178182335179e-05,6.846609127184534e-05
507,6,1-5,adjust,-0.0003503855210299587,-6.178177971674134e-07,3.057433061290545e-05
507,7,1-4,adjust,-0.0,-0.0,6.151241020803131e-05
507,8,1-5,within_tolerance,0.0,0.0,3.1081490137867354e-06
507,9,1-5,adjust,0.0007886632680507903,2.167029739728158e-05,2.4517414300610433e-05
508,2,1-7,adjust,0.000836824765209406,-2.2991047935014913e-05,4.4756224251130675e-05
508,3,1-7,adjust,0.001751348080244229,-2.0871781823337347e-05,6.0555791045240635e-05
508,4,1-7,adjust,-0.0,-0.0,4.0681015437232105e-05
508,5,1-7,adjust,-0.0,-0.0,7.032416772017595e-05
508,6,1-7,adjust,0.0003503855210404949,6.178177969832928e-07,0.0001560922375960325
508,9,1-8,adjust,-0.0007886632680547128,-2.167029739710826e-05,3.464783741313929e-05
509,2,1-4,adjust,-0.0008368247652346951,2.2991047934973042e-05,9.892412018355209e-06
509,3,1-4,adjust,-0.0017513480802648796,2.0871781823264122e-05,6.846609127120434e-05
509,6,1-5,adjust,-0.00035038552102805977,-6.178177966089566e-07,3.057433061303365e-05
509,7,1-4,adjust,-0.0,-0.0,6.151241020803131e-05
509,8,1-5,within_tolerance,0.0,0.0,3.1081490137867354e-06
509,9,1-5,adjust,0.0007886632680634478,2.167029739799938e-05,2.4517414302501346e-05
510,2,1-7,adjust,0.000836824765209406,-2.2991047935014913e-05,4.4756224251130675e-05
510,3,1-7,adjust,0.0017513480802340848,-2.0871781823299718e-05,6.055579104512846e-05
510,4,1-7,adjust,-0.0,-0.0,4.0681015437232105e-05
510,5,1-7,adjust,-0.0,-0.0,7.032416772017595e-05
510,6,1-7,adjust,0.0003503855210379766,6.178177970713751e-07,0.00015609223759616072
510,9,1-8,adjust,-0.0007886632680708753,-2.1670297398218408e-05,3.46478374124983e-05
511,2,1-4,adjust,-0.0008368247652346951,2.2991047934973042e-05,9.892412018355209e-06
511,3,1-4,adjust,-0.001751348080253607,2.087178182335179e-05,6.846609127184534e-05
511,6,1-5,adjust,-0.0003503855210299587,-6.178177971674134e-07,3.057433061290545e-05
511,7,1-4,adjust,-0.0,-0.0,6.151241020803131e-05
511,8,1-5,within_tolerance,0.0,0.0,3.1081490137867354e-06
511,9,1-5,adjust,0.0007886632680507903,2.167029739728158e-05,2.4517414300610433e-05
512,2,1-7,adjust,0.000836824765209406,-2.2991047935014913e-05,4.4756224251130675e-05
512,3,1-7,adjust,0.001751348080244229,-2.0871781823337347e-05,6.0555791045240635e-05
512,4,1-7,adjust,-0.0,-0.0,4.0681015437232105e-05
512,5,1-7,adjust,-0.0,-0.0,7.032416772017595e-05
512,6,1-7,adjust,0.0003503855210404949,6.178177969832928e-07,0.0001560922375960325
512,9,1-8,adjust,-0.0007886632680547128,-2.167029739710826e-05,3.464783741313929e-05
513,2,1-4,adjust,-0.0008368247652346951,2.2991047934973042e-05,9.892412018355209e-06
513,3,1-4,adjust,-0.0017513480802648796,2.0871781823264122e-05,6.846609127120434e-05
513,6,1-5,adjust,-0.00035038552102805977,-6.178177966089566e-07,3.057433061303365e-05
513,7,1-4,adjust,-0.0,-0.0,6.151241020803131e-05
513,8,1-5,within_tolerance,0.0,0.0,3.1081490137867354e-06
513,9,1-5,adjust,0.0007886632680634478,2.167029739799938e-05,2.4517414302501346e-05
514,2,1-7,adjust,0.000836824765209406,-2.2991047935014913e-05,4.4756224251130675e-05
514,3,1-7,adjust,0.0017513480802340848,-2.0871781823299718e-05,6.055579104512846e-05
514,4,1-7,adjust,-0.0,-0.0,4.0681015437232105e-05
514,5,1-7,adjust,-0.0,-0.0,7.032416772017595e-05
514,6,1-7,adjust,0.0003503855210379766,6.178177970713751e-07,0.00015609223759616072
514,9,1-8,adjust,-0.0007886632680708753,-2.1670297398218408e-05,3.46478374124983e-05
515,2,1-4,adjust,-0.0008368247652346951,2.2991047934973042e-05,9.892412018355209e-06
515,3,1-4,adjust,-0.001751348080253607,2.087178182335179e-05,6.846609127184534e-05
515,6,1-5,adjust,-0.0003503855210299587,-6.178177971674134e-07,3.057433061290545e-05
515,7,1-4,adjust,-0.0,-0.0,6.151241020803131e-05
515,8,1-5,within_tolerance,0.0,0.0,3.1081490137867354e-06
515,9,1-5,adjust,0.0007886632680507903,2.167029739728158e-05,2.4517414300610433e-05
516,2,1-7,adjust,0.000836824765209406,-2.2991047935014913e-05,4.4756224251130675e-05
516,3,1-7,adjust,0.001751348080244229,-2.0871781823337347e-05,6.0555791045240635e-05
516,4,1-7,adjust,-0.0,-0.0,4.0681015437232105e-05
516,5,1-7,adjust,-0.0,-0.0,7.032416772017595e-05
516,6,1-7,adjust,0.0003503855210404949,6.178177969832928e-07,0.0001560922375960325
516,9,1-8,adjust,-0.0007886632680547128,-2.167029739710826e-05,3.464783741313929e-05
517,2,1-4,adjust,-0.0008368247652346951,2.2991047934973042e-05,9.892412018355209e-06
517,3,1-4,adjust,-0.0017513480802648796,2.0871781823264122e-05,6.846609127120434e-05
517,6,1-5,adjust,-0.00035038552102805977,-6.178177966089566e-07,3.057433061303365e-05
517,7,1-4,adjust,-0.0,-0.0,6.151241020803131e-05
517,8,1-5,within_tolerance,0.0,0.0,3.1081490137867354e-06
517,9,1-5,adjust,0.0007886632680634478,2.167029739799938e-05,2.4517414302501346e-05
518,2,1-7,adjust,0.000836824765209406,-2.2991047935014913e-05,4.4756224251130675e-05
518,3,1-7,adjust,0.0017513480802340848,-2.0871781823299718e-05,6.055579104512846e-05
518,4,1-7,adjust,-0.0,-0.0,4.0681015437232105e-05
518,5,1-7,adjust,-0.0,-0.0,7.032416772017595e-05
518,6,1-7,adjust,0.0003503855210379766,6.178177970713751e-07,0.00015609223759616072
518,9,1-8,adjust,-0.0007886632680708753,-2.1670297398218408e-05,3.46478374124983e-05
519,2,1-4,adjust,-0.0008368247652346951,2.2991047934973042e-05,9.892412018355209e-06
519,3,1-4,adjust,-0.001751348080253607,2.087178182335179e-05,6.846609127184534e-05
519,6,1-5,adjust,-0.0003503855210299587,-6.178177971674134e-07,3.057433061290545e-05
519,7,1-4,adjust,-0.0,-0.0,6.151241020803131e-05
519,8,1-5,within_tolerance,0.0,0.0,3.1081490137867354e-06
519,9,1-5,adjust,0.0007886632680507903,2.167029739728158e-05,2.4517414300610433e-05
520,2,1-7,adjust,0.000836824765209406,-2.2991047935014913e-05,4.4756224251130675e-05
520,3,1-7,adjust,0.001751348080244229,-2.0871781823337347e-05,6.0555791045240635e-05
520,4,1-7,adjust,-0.0,-0.0,4.0681015437232105e-05
520,5,1-7,adjust,-0.0,-0.0,7.032416772017595e-05
520,6,1-7,adjust,0.0003503855210404949,6.178177969832928e-07,0.0001560922375960325
520,9,1-8,adjust,-0.0007886632680547128,-2.167029739710826e-05,3.464783741313929e-05
521,2,1-4,adjust,-0.0008368247652346951,2.2991047934973042e-05,9.892412018355209e-06
521,3,1-4,adjust,-0.0017513480802648796,2.0871781823264122e-05,6.846609127120434e-05
521,6,1-5,adjust,-0.00035038552102805977,-6.178177966089566e-07,3.057433061303365e-05
521,7,1-4,adjust,-0.0,-0.0,6.151241020803131e-05
521,8,1-5,within_tolerance,0.0,0.0,3.1081490137867354e-06
521,9,1-5,adjust,0.0007886632680634478,2.167029739799938e-05,2.4517414302501346e-05
522,2,1-7,adjust,0.000836824765209406,-2.2991047935014913e-05,4.4756224251130675e-05
522,3,1-7,adjust,0.0017513480802340848,-2.0871781823299718e-05,6.055579104512846e-05
522,4,1-7,adjust,-0.0,-0.0,4.0681015437232105e-05
522,5,1-7,adjust,-0.0,-0.0,7.032416772017595e-05
522,6,1-7,adjust,0.0003503855210379766,6.178177970713751e-07,0.00015609223759616072
522,9,1-8,adjust,-0.0007886632680708753,-2.1670297398218408e-05,3.46478374124983e-05
523,2,1-4,adjust,-0.0008368247652346951,2.2991047934973042e-05,9.892412018355209e-06
523,3,1-4,adjust,-0.001751348080253607,2.087178182335179e-05,6.846609127184534e-05
523,6,1-5,adjust,-0.0003503855210299587,-6.178177971674134e-07,3.057433061290545e-05
523,7,1-4,adjust,-0.0,-0.0,6.151241020803131e-05
523,8,1-5,within_tolerance,0.0,0.0,3.1081490137867354e-06
523,9,1-5,adjust,0.0007886632680507903,2.167029739728158e-05,2.4517414300610433e-05
524,2,1-7,adjust,0.000836824765209406,-2.2991047935014913e-05,4.4756224251130675e-05
524,3,1-7,adjust,0.001751348080244229,-2.0871781823337347e-05,6.0555791045240635e-05
524,4,1-7,adjust,-0.0,-0.0,4.0681015437232105e-05
524,5,1-7,adjust,-0.0,-0.0,7.032416772017595e-05
524,6,1-7,adjust,0.0003503855210404949,6.178177969832928e-07,0.0001560922375960325
524,9,1-8,adjust,-0.0007886632680547128,-2.167029739710826e-05,3.464783741313929e-05
525,2,1-4,adjust,-0.0008368247652346951,2.2991047934973042e-05,9.892412018355209e-06
525,3,1-4,adjust,-0.0017513480802648796,2.0871781823264122e-05,6.846609127120434e-05
525,6,1-5,adjust,-0.00035038552102805977,-6.178177966089566e-07,3.057433061303365e-05
525,7,1-4,adjust,-0.0,-0.0,6.151241020803131e-05
525,8,1-5,within_tolerance,0.0,0.0,3.1081490137867354e-06
525,9,1-5,adjust,0.0007886632680634478,2.167029739799938e-05,2.4517414302501346e-05
526,2,1-7,adjust,0.000836824765209406,-2.2991047935014913e-05,4.4756224251130675e-05
526,3,1-7,adjust,0.0017513480802340848,-2.0871781823299718e-05,6.055579104512846e-05
526,4,1-7,adjust,-0.0,-0.0,4.0681015437232105e-05
526,5,1-7,adjust,-0.0,-0.0,7.032416772017595e-05
526,6,1-7,adjust,0.0003503855210379766,6.178177970713751e-07,0.00015609223759616072
526,9,1-8,adjust,-0.0007886632680708753,-2.1670297398218408e-05,3.46478374124983e-05
527,2,1-4,adjust,-0.0008368247652346951,2.2991047934973042e-05,9.892412018355209e-06
527,3,1-4,adjust,-0.001751348080253607,2.087178182335179e-05,6.846609127184534e-05
527,6,1-5,adjust,-0.0003503855210299587,-6.178177971674134e-07,3.057433061290545e-05
527,7,1-4,adjust,-0.0,-0.0,6.151241020803131e-05
527,8,1-5,within_tolerance,0.0,0.0,3.1081490137867354e-06
527,9,1-5,adjust,0.0007886632680507903,2.167029739728158e-05,2.4517414300610433e-05
528,2,1-7,adjust,0.000836824765209406,-2.2991047935014913e-05,4.4756224251130675e-05
528,3,1-7,adjust,0.001751348080244229,-2.0871781823337347e-05,6.0555791045240635e-05
528,4,1-7,adjust,-0.0,-0.0,4.0681015437232105e-05
528,5,1-7,adjust,-0.0,-0.0,7.032416772017595e-05
528,6,1-7,adjust,0.0003503855210404949,6.178177969832928e-07,0.0001560922375960325
528,9,1-8,adjust,-0.0007886632680547128,-2.167029739710826e-05,3.464783741313929e-05
529,2,1-4,adjust,-0.0008368247652346951,2.2991047934973042e-05,9.892412018355209e-06
529,3,1-4,adjust,-0.0017513480802648796,2.0871781823264122e-05,6.846609127120434e-05
529,6,1-5,adjust,-0.00035038552102805977,-6.178177966089566e-07,3.057433061303365e-05
529,7,1-4,adjust,-0.0,-0.0,6.151241020803131e-05
529,8,1-5,within_tolerance,0.0,0.0,3.1081490137867354e-06
529,9,1-5,adjust,0.0007886632680634478,2.167029739799938e-05,2.4517414302501346e-05
530,2,1-7,adjust,0.000836824765209406,-2.2991047935014913e-05,4.4756224251130675e-05
530,3,1-7,adjust,0.0017513480802340848,-2.0871781823299718e-05,6.055579104512846e-05
530,4,1-7,adjust,-0.0,-0.0,4.0681015437232105e-05
530,5,1-7,adjust,-0.0,-0.0,7.032416772017595e-05
530,6,1-7,adjust,0.0003503855210379766,6.178177970713751e-07,0.00015609223759616072
530,9,1-8,adjust,-0.0007886632680708753,-2.1670297398218408e-05,3.46478374124983e-05
531,2,1-4,adjust,-0.0008368247652346951,2.2991047934973042e-05,9.892412018355209e-06
531,3,1-4,adjust,-0.001751348080253607,2.087178182335179e-05,6.846609127184534e-05
531,6,1-5,adjust,-0.0003503855210299587,-6.178177971674134e-07,3.057433061290545e-05
531,7,1-4,adjust,-0.0,-0.0,6.151241020803131e-05
531,8,1-5,within_tolerance,0.0,0.0,3.1081490137867354e-06
531,9,1-5,adjust,0.0007886632680507903,2.167029739728158e-05,2.4517414300610433e-05
532,2,1-7,adjust,0.000836824765209406,-2.2991047935014913e-05,4.4756224251130675e-05
532,3,1-7,adjust,0.001751348080244229,-2.0871781823337347e-05,6.0555791045240635e-05
532,4,1-7,adjust,-0.0,-0.0,4.0681015437232105e-05
532,5,1-7,adjust,-0.0,-0.0,7.032416772017595e-05
532,6,1-7,adjust,0.0003503855210404949,6.178177969832928e-07,0.0001560922375960325
532,9,1-8,adjust,-0.0007886632680547128,-2.167029739710826e-05,3.464783741313929e-05
533,2,1-4,adjust,-0.0008368247652346951,2.2991047934973042e-05,9.892412018355209e-06
533,3,1-4,adjust,-0.0017513480802648796,2.0871781823264122e-05,6.846609127120434e-05
533,6,1-5,adjust,-0.00035038552102805977,-6.178177966089566e-07,3.057433061303365e-05
533,7,1-4,adjust,-0.0,-0.0,6.151241020803131e-05
533,8,1-5,within_tolerance,0.0,0.0,3.1081490137867354e-06
533,9,1-5,adjust,0.0007886632680634478,2.167029739799938e-05,2.4517414302501346e-05
534,2,1-7,adjust,0.000836824765209406,-2.2991047935014913e-05,4.4756224251130675e-05
534,3,1-7,adjust,0.0017513480802340848,-2.0871781823299718e-05,6.055579104512846e-05
534,4,1-7,adjust,-0.0,-0.0,4.0681015437232105e-05
534,5,1-7,adjust,-0.0,-0.0,7.032416772017595e-05
534,6,1-7,adjust,0.0003503855210379766,6.178177970713751e-07,0.00015609223759616072
534,9,1-8,adjust,-0.0007886632680708753,-2.1670297398218408e-05,3.46478374124983e-05
535,2,1-4,adjust,-0.0008368247652346951,2.2991047934973042e-05,9.892412018355209e-06
535,3,1-4,adjust,-0.001751348080253607,2.087178182335179e-05,6.846609127184534e-05
535,6,1-5,adjust,-0.0003503855210299587,-6.178177971674134e-07,3.057433061290545e-05
535,7,1-4,adjust,-0.0,-0.0,6.151241020803131e-05
535,8,1-5,within_tolerance,0.0,0.0,3.1081490137867354e-06
535,9,1-5,adjust,0.0007886632680507903,2.167029739728158e-05,2.4517414300610433e-05
536,2,1-7,adjust,0.000836824765209406,-2.2991047935014913e-05,4.4756224251130675e-05
536,3,1-7,adjust,0.001751348080244229,-2.0871781823337347e-05,6.0555791045240635e-05
536,4,1-7,adjust,-0.0,-0.0,4.0681015437232105e-05
536,5,1-7,adjust,-0.0,-0.0,7.032416772017595e-05
536,6,1-7,adjust,0.0003503855210404949,6.178177969832928e-07,0.0001560922375960325
536,9,1-8,adjust,-0.0007886632680547128,-2.167029739710826e-05,3.464783741313929e-05
537,2,1-4,adjust,-0.0008368247652346951,2.2991047934973042e-05,9.892412018355209e-06
537,3,1-4,adjust,-0.0017513480802648796,2.0871781823264122e-05,6.846609127120434e-05
537,6,1-5,adjust,-0.00035038552102805977,-6.178177966089566e-07,3.057433061303365e-05
537,7,1-4,adjust,-0.0,-0.0,6.151241020803131e-05
537,8,1-5,within_tolerance,0.0,0.0,3.1081490137867354e-06
537,9,1-5,adjust,0.0007886632680634478,2.167029739799938e-05,2.4517414302501346e-05
538,2,1-7,adjust,0.000836824765209406,-2.2991047935014913e-05,4.4756224251130675e-05
538,3,1-7,adjust,0.0017513480802340848,-2.0871781823299718e-05,6.055579104512846e-05
538,4,1-7,adjust,-0.0,-0.0,4.0681015437232105e-05
538,5,1-7,adjust,-0.0,-0.0,7.032416772017595e-05
538,6,1-7,adjust,0.0003503855210379766,6.178177970713751e-07,0.00015609223759616072
538,9,1-8,adjust,-0.0007886632680708753,-2.1670297398218408e-05,3.46478374124983e-05
539,2,1-4,adjust,-0.0008368247652346951,2.2991047934973042e-05,9.892412018355209e-06
539,3,1-4,adjust,-0.001751348080253607,2.087178182335179e-05,6.846609127184534e-05
539,6,1-5,adjust,-0.0003503855210299587,-6.178177971674134e-07,3.057433061290545e-05
539,7,1-4,adjust,-0.0,-0.0,6.151241020803131e-05
539,8,1-5,within_tolerance,0.0,0.0,3.1081490137867354e-06
539,9,1-5,adjust,0.0007886632680507903,2.167029739728158e-05,2.4517414300610433e-05
540,2,1-7,adjust,0.000836824765209406,-2.2991047935014913e-05,4.4756224251130675e-05
540,3,1-7,adjust,0.001751348080244229,-2.0871781823337347e-05,6.0555791045240635e-05
540,4,1-7,adjust,-0.0,-0.0,4.0681015437232105e-05
540,5,1-7,adjust,-0.0,-0.0,7.032416772017595e-05
540,6,1-7,adjust,0.0003503855210404949,6.178177969832928e-07,0.0001560922375960325
540,9,1-8,adjust,-0.0007886632680547128,-2.167029739710826e-05,3.464783741313929e-05
541,2,1-4,adjust,-0.0008368247652346951,2.2991047934973042e-05,9.892412018355209e-06
541,3,1-4,adjust,-0.0017513480802648796,2.0871781823264122e-05,6.846609127120434e-05
541,6,1-5,adjust,-0.00035038552102805977,-6.178177966089566e-07,3.057433061303365e-05
541,7,1-4,adjust,-0.0,-0.0,6.151241020803131e-05
541,8,1-5,within_tolerance,0.0,0.0,3.1081490137867354e-06
541,9,1-5,adjust,0.0007886632680634478,2.167029739799938e-05,2.4517414302501346e-05
542,2,1-7,adjust,0.000836824765209406,-2.2991047935014913e-05,4.4756224251130675e-05
542,3,1-7,adjust,0.0017513480802340848,-2.0871781823299718e-05,6.055579104512846e-05
542,4,1-7,adjust,-0.0,-0.0,4.0681015437232105e-05
542,5,1-7,adjust,-0.0,-0.0,7.032416772017595e-05
542,6,1-7,adjust,0.0003503855210379766,6.178177970713751e-07,0.00015609223759616072
542,9,1-8,adjust,-0.0007886632680708753,-2.1670297398218408e-05,3.46478374124983e-05
543,2,1-4,adjust,-0.0008368247652346951,2.2991047934973042e-05,9.892412018355209e-06
543,3,1-4,adjust,-0.001751348080253607,2.087178182335179e-05,6.846609127184534e-05
543,6,1-5,adjust,-0.0003503855210299587,-6.178177971674134e-07,3.057433061290545e-05
543,7,1-4,adjust,-0.0,-0.0,6.151241020803131e-05
543,8,1-5,within_tolerance,0.0,0.0,3.1081490137867354e-06
543,9,1-5,adjust,0.0007886632680507903,2.167029739728158e-05,2.4517414300610433e-05
544,2,1-7,adjust,0.000836824765209406,-2.2991047935014913e-05,4.4756224251130675e-05
544,3,1-7,adjust,0.001751348080244229,-2.0871781823337347e-05,6.0555791045240635e-05
544,4,1-7,adjust,-0.0,-0.0,4.0681015437232105e-05
544,5,1-7,adjust,-0.0,-0.0,7.032416772017595e-05
544,6,1-7,adjust,0.0003503855210404949,6.178177969832928e-07,0.0001560922375960325
544,9,1-8,adjust,-0.0007886632680547128,-2.167029739710826e-05,3.464783741313929e-05
545,2,1-4,adjust,-0.0008368247652346951,2.2991047934973042e-05,9.892412018355209e-06
545,3,1-4,adjust,-0.0017513480802648796,2.0871781823264122e-05,6.846609127120434e-05
545,6,1-5,adjust,-0.00035038552102805977,-6.178177966089566e-07,3.057433061303365e-05
545,7,1-4,adjust,-0.0,-0.0,6.151241020803131e-05
545,8,1-5,within_tolerance,0.0,0.0,3.1081490137867354e-06
545,9,1-5,adjust,0.0007886632680634478,2.167029739799938e-05,2.4517414302501346e-05
546,2,1-7,adjust,0.000836824765209406,-2.2991047935014913e-05,4.4756224251130675e-05
546,3,1-7,adjust,0.0017513480802340848,-2.0871781823299718e-05,6.055579104512846e-05
546,4,1-7,adjust,-0.0,-0.0,4.0681015437232105e-05
546,5,1-7,adjust,-0.0,-0.0,7.032416772017595e-05
546,6,1-7,adjust,0.0003503855210379766,6.178177970713751e-07,0.00015609223759616072
546,9,1-8,adjust,-0.0007886632680708753,-2.1670297398218408e-05,3.46478374124983e-05
547,2,1-4,adjust,-0.0008368247652346951,2.2991047934973042e-05,9.892412018355209e-06
547,3,1-4,adjust,-0.001751348080253607,2.087178182335179e-05,6.846609127184534e-05
547,6,1-5,adjust,-0.0003503855210299587,-6.178177971674134e-07,3.057433061290545e-05
547,7,1-4,adjust,-0.0,-0.0,6.151241020803131e-05
547,8,1-5,within_tolerance,0.0,0.0,3.1081490137867354e-06
547,9,1-5,adjust,0.0007886632680507903,2.167029739728158e-05,2.4517414300610433e-05
548,2,1-7,adjust,0.000836824765209406,-2.2991047935014913e-05,4.4756224251130675e-05
548,3,1-7,adjust,0.001751348080244229,-2.0871781823337347e-05,6.0555791045240635e-05
548,4,1-7,adjust,-0.0,-0.0,4.0681015437232105e-05
548,5,1-7,adjust,-0.0,-0.0,7.032416772017595e-05
548,6,1-7,adjust,0.0003503855210404949,6.178177969832928e-07,0.0001560922375960325
548,9,1-8,adjust,-0.0007886632680547128,-2.167029739710826e-05,3.464783741313929e-05
549,2,1-4,adjust,-0.0008368247652346951,2.2991047934973042e-05,9.892412018355209e-06
549,3,1-4,adjust,-0.0017513480802648796,2.0871781823264122e-05,6.846609127120434e-05
549,6,1-5,adjust,-0.00035038552102805977,-6.178177966089566e-07,3.057433061303365e-05
549,7,1-4,adjust,-0.0,-0.0,6.151241020803131e-05
549,8,1-5,within_tolerance,0.0,0.0,3.1081490137867354e-06
549,9,1-5,adjust,0.0007886632680634478,2.167029739799938e-05,2.4517414302501346e-05
550,2,1-7,adjust,0.000836824765209406,-2.2991047935014913e-05,4.4756224251130675e-05
550,3,1-7,adjust,0.0017513480802340848,-2.0871781823299718e-05,6.055579104512846e-05
550,4,1-7,adjust,-0.0,-0.0,4.0681015437232105e-05
550,5,1-7,adjust,-0.0,-0.0,7.032416772017595e-05
550,6,1-7,adjust,0.0003503855210379766,6.178177970713751e-07,0.00015609223759616072
550,9,1-8,adjust,-0.0007886632680708753,-2.1670297398218408e-05,3.46478374124983e-05
551,2,1-4,adjust,-0.0008368247652346951,2.2991047934973042e-05,9.892412018355209e-06
551,3,1-4,adjust,-0.001751348080253607,2.087178182335179e-05,6.846609127184534e-05
551,6,1-5,adjust,-0.0003503855210299587,-6.178177971674134e-07,3.057433061290545e-05
551,7,1-4,adjust,-0.0,-0.0,6.151241020803131e-05
551,8,1-5,within_tolerance,0.0,0.0,3.1081490137867354e-06
551,9,1-5,adjust,0.0007886632680507903,2.167029739728158e-05,2.4517414300610433e-05
552,2,1-7,adjust,0.000836824765209406,-2.2991047935014913e-05,4.4756224251130675e-05
552,3,1-7,adjust,0.001751348080244229,-2.0871781823337347e-05,6.0555791045240635e-05
552,4,1-7,adjust,-0.0,-0.0,4.0681015437232105e-05
552,5,1-7,adjust,-0.0,-0.0,7.032416772017595e-05
552,6,1-7,adjust,0.0003503855210404949,6.178177969832928e-07,0.0001560922375960325
552,9,1-8,adjust,-0.0007886632680547128,-2.167029739710826e-05,3.464783741313929e-05
553,2,1-4,adjust,-0.0008368247652346951,2.2991047934973042e-05,9.892412018355209e-06
553,3,1-4,adjust,-0.0017513480802648796,2.0871781823264122e-05,6.846609127120434e-05
553,6,1-5,adjust,-0.00035038552102805977,-6.178177966089566e-07,3.057433061303365e-05
553,7,1-4,adjust,-0.0,-0.0,6.151241020803131e-05
553,8,1-5,within_tolerance,0.0,0.0,3.1081490137867354e-06
553,9,1-5,adjust,0.0007886632680634478,2.167029739799938e-05,2.4517414302501346e-05
554,2,1-7,adjust,0.000836824765209406,-2.2991047935014913e-05,4.4756224251130675e-05
554,3,1-7,adjust,0.0017513480802340848,-2.0871781823299718e-05,6.055579104512846e-05
554,4,1-7,adjust,-0.0,-0.0,4.0681015437232105e-05
554,5,1-7,adjust,-0.0,-0.0,7.032416772017595e-05
554,6,1-7,adjust,0.0003503855210379766,6.178177970713751e-07,0.00015609223759616072
554,9,1-8,adjust,-0.0007886632680708753,-2.1670297398218408e-05,3.46478374124983e-05
555,2,1-4,adjust,-0.0008368247652346951,2.2991047934973042e-05,9.892412018355209e-06
555,3,1-4,adjust,-0.001751348080253607,2.087178182335179e-05,6.846609127184534e-05
555,6,1-5,adjust,-0.0003503855210299587,-6.178177971674134e-07,3.057433061290545e-05
555,7,1-4,adjust,-0.0,-0.0,6.151241020803131e-05
555,8,1-5,within_tolerance,0.0,0.0,3.1081490137867354e-06
555,9,1-5,adjust,0.0007886632680507903,2.167029739728158e-05,2.4517414300610433e-05
556,2,1-7,adjust,0.000836824765209406,-2.2991047935014913e-05,4.4756224251130675e-05
556,3,1-7,adjust,0.001751348080244229,-2.0871781823337347e-05,6.0555791045240635e-05
556,4,1-7,adjust,-0.0,-0.0,4.0681015437232105e-05
556,5,1-7,adjust,-0.0,-0.0,7.032416772017595e-05
556,6,1-7,adjust,0.0003503855210404949,6.178177969832928e-07,0.0001560922375960325
556,9,1-8,adjust,-0.0007886632680547128,-2.167029739710826e-05,3.464783741313929e-05
557,2,1-4,adjust,-0.0008368247652346951,2.2991047934973042e-05,9.892412018355209e-06
557,3,1-4,adjust,-0.0017513480802648796,2.0871781823264122e-05,6.846609127120434e-05
557,6,1-5,adjust,-0.00035038552102805977,-6.178177966089566e-07,3.057433061303365e-05
557,7,1-4,adjust,-0.0,-0.0,6.151241020803131e-05
557,8,1-5,within_tolerance,0.0,0.0,3.1081490137867354e-06
557,9,1-5,adjust,0.0007886632680634478,2.167029739799938e-05,2.4517414302501346e-05
558,2,1-7,adjust,0.000836824765209406,-2.2991047935014913e-05,4.4756224251130675e-05
558,3,1-7,adjust,0.0017513480802340848,-2.0871781823299718e-05,6.055579104512846e-05
558,4,1-7,adjust,-0.0,-0.0,4.0681015437232105e-05
558,5,1-7,adjust,-0.0,-0.0,7.032416772017595e-05
558,6,1-7,adjust,0.0003503855210379766,6.178177970713751e-07,0.00015609223759616072
558,9,1-8,adjust,-0.0007886632680708753,-2.1670297398218408e-05,3.46478374124983e-05
559,2,1-4,adjust,-0.0008368247652346951,2.2991047934973042e-05,9.892412018355209e-06
559,3,1-4,adjust,-0.001751348080253607,2.087178182335179e-05,6.846609127184534e-05
559,6,1-5,adjust,-0.0003503855210299587,-6.178177971674134e-07,3.057433061290545e-05
559,7,1-4,adjust,-0.0,-0.0,6.151241020803131e-05
559,8,1-5,within_tolerance,0.0,0.0,3.1081490137867354e-06
559,9,1-5,adjust,0.0007886632680507903,2.167029739728158e-05,2.4517414300610433e-05
560,2,1-7,adjust,0.000836824765209406,-2.2991047935014913e-05,4.4756224251130675e-05
560,3,1-7,adjust,0.001751348080244229,-2.0871781823337347e-05,6.0555791045240635e-05
560,4,1-7,adjust,-0.0,-0.0,4.0681015437232105e-05
560,5,1-7,adjust,-0.0,-0.0,7.032416772017595e-05
560,6,1-7,adjust,0.0003503855210404949,6.178177969832928e-07,0.0001560922375960325
560,9,1-8,adjust,-0.0007886632680547128,-2.167029739710826e-05,3.464783741313929e-05
