slot,receiver_id,selected_pair,status,radial_command_m,angular_command_rad,consistency_rad
1,2,1-4,adjust,5.0,0.008326610642335001,0.03417945365171382
1,3,1-4,adjust,5.0,0.009762527946572156,0.06842065917749061
1,6,1-5,adjust,5.0,0.007660796255856212,0.07488017285948252
1,7,1-5,adjust,5.0,0.012525093100954782,0.0440719549898788
1,8,1-5,adjust,-1.6497960686655793,0.016971606806631373,0.025839462114942403
1,9,1-5,adjust,-5.0,0.007620839984506075,0.00862217462046118
2,2,1-7,adjust,5.0,0.0008602877838678455,0.020981952599083045
2,3,1-7,adjust,2.2450994729644607,0.011302718195624655,0.005167141139113407
2,4,1-7,adjust,-1.944143027689427,0.02366895722155612,0.007898809688059762
2,5,1-7,adjust,-5.0,0.005943904959464715,0.022820241913591437
2,6,1-7,adjust,-2.597453751715379,-0.017728326277175726,0.04415929548842886
2,9,1-8,adjust,-4.626895758346357,0.030589090807014628,0.07511536899763514
3,2,1-4,adjust,0.3191581388790922,0.033350051667939744,0.04021665364915864
3,3,1-4,adjust,-1.3034955458146702,0.014820644633388178,0.0578455219014701
3,6,1-5,adjust,5.0,0.010218682747700379,0.024534115600706282
3,7,1-5,adjust,4.589235964583471,-0.015071807063539272,0.005260832021873223
3,8,1-5,adjust,-1.3308435172224786,-0.014826238485882754,0.00641709693259712
3,9,1-5,adjust,-1.0374010660133164,-0.03425326666363944,0.01813304077548268
4,2,1-7,adjust,1.4703630540338462,-0.03490658503988659,0.004972070406982514
4,3,1-7,adjust,2.979472467983946,-0.03490658503988659,0.004767034505535289
4,4,1-7,adjust,3.6271909136339784,-0.020111103979337165,0.004111578847070675
4,5,1-7,adjust,0.17565494396153541,-0.008991325966638875,0.004947845761776904
4,6,1-7,adjust,0.5041952840967596,-0.00032458971017797813,0.003721869713657165
4,9,1-8,adjust,0.1140135907114142,0.0014439692967260903,0.004690902177800883
5,2,1-4,adjust,0.17081469065073016,-0.009268189494663683,0.0025526946001963547
5,3,1-4,adjust,0.14363242685608027,-0.002200187669588066,0.003782439047824377
5,6,1-5,adjust,-0.25530042128198766,-0.00032585895800188257,0.001603170686761424
5,7,1-4,adjust,-0.3181012864926079,-0.0022713304012084807,4.4978782019856425e-05
5,8,1-5,adjust,-0.47344786512533305,-0.0054722790302210575,0.0006263906466955966
5,9,1-5,adjust,-0.35182566859454084,-0.008537172970858346,0.000803556647802136
6,2,1-7,adjust,-0.01721910010254748,0.0005190565012273009,5.8691485285546005e-05
6,3,1-7,adjust,0.011068143504944573,-3.30942120577067e-05,0.0009335141903319045
6,4,1-7,adjust,-0.011653743451388355,-0.0004913432570699007,0.0005898740255351309
6,5,1-7,adjust,-0.03446010131410362,0.0012356398494047212,0.0014995776914098519
6,6,1-7,adjust,-0.005086932895496584,0.0002817791903536787,0.002083052302393257
6,9,1-8,adjust,0.017241009138435192,6.088779818197675e-06,0.0016117864954210206
7,2,1-4,adjust,0.030160302026694275,-0.00031948795571663287,0.0005510403357771878
7,3,1-4,adjust,-0.004411321117169849,0.0001309315074943196,0.0013196718002898627
7,6,1-5,adjust,0.0427220871888679,-0.0006624484001869804,0.0016818421507850732
7,7,1-5,adjust,-0.04312345789580849,0.0005626489079244274,0.0011330443558641174
7,8,1-5,adjust,0.09208196854726915,-0.00011869201048072404,0.00039338227875486436
7,9,1-5,adjust,0.006836042172014775,0.0006128220827449083,0.0002985908407535732
8,2,1-7,adjust,-0.04156349977050062,0.0010644796617688861,2.0379923735489656e-05
8,3,1-7,adjust,-0.005245041132287151,0.0003836249794651172,0.0006286889434165006
8,4,1-7,adjust,0.029742814064316885,-0.0009019625439211393,0.0008075674956638435
8,5,1-7,adjust,-0.12957619144559526,-0.0006115698734328612,0.00024151782011152376
8,6,1-7,adjust,-0.11336095916495591,0.0006377652469502627,0.0007429502009006912
8,9,1-8,adjust,0.03292285609029504,0.0007046691706156339,0.00021782821041899247
9,2,1-4,adjust,0.06624975165437591,-0.001491487466612803,0.00024538587225526317
9,3,1-4,adjust,0.047947913162491244,-0.0010069734388319048,0.0001385329731202526
9,6,1-5,adjust,-0.02128661537060328,-0.0003990002556098369,0.00020143487267897749
9,7,1-5,adjust,-0.07060204889443182,-0.0010171446051786834,0.0011200101470292265
9,8,1-5,adjust,-0.1057820270032189,-0.0007610249165658839,0.000370377196844711
9,9,1-5,adjust,-0.030626512104294384,-0.0010875947808314712,0.001338498423347769
10,2,1-7,adjust,0.0009711489164217763,0.00012668799507748333,0.00034529978575576175
10,3,1-7,adjust,-0.030063405708458547,0.0011151282442868177,0.00012951650681690353
10,4,1-7,adjust,-0.0043950018856079255,0.0001018418526276772,3.866740158801775e-05
10,5,1-7,adjust,-0.027590956212027153,-0.00016498708984167187,3.888884415539768e-05
10,6,1-7,adjust,-0.0068554304576202915,-0.0003792697112714763,0.00041714042418563137
10,9,1-8,adjust,-0.05046565780121123,-0.0007830205059825082,0.0013542958937951817
11,2,1-4,adjust,0.0018526185777429224,-0.0006074868589878635,2.5513304664150134e-05
11,3,1-4,adjust,0.006686557280865692,-0.0013089094367207687,0.00023535352936306005
11,6,1-5,adjust,-0.09355020165028458,0.0004691869983041195,0.0004175203676860467
11,7,1-5,adjust,-0.04143869690550135,0.0004985524018021477,0.0006093923975114797
11,8,1-5,adjust,0.034303722631572706,-0.00015014420354302519,0.0004868251338147258
11,9,1-5,adjust,0.005030942485847463,-0.00014112482715983212,0.00016765622311283522
12,2,1-7,adjust,-0.04798909797802757,0.00047042484846465725,0.0011379141969573435
12,3,1-7,adjust,0.024373033508353147,0.0008757460179009322,0.0003301231700497045
12,4,1-7,adjust,-0.010732744045274044,0.0001129990688192243,2.3955136088251975e-05
12,5,1-7,adjust,-0.06646581014605789,0.00017978279407665547,0.0009566407250548266
12,6,1-7,adjust,0.03517300857613708,0.0001136841793153459,0.00028272893850325845
12,9,1-8,adjust,0.016715897493973505,0.0005957874222291438,0.00010201853799080361
13,2,1-4,adjust,0.02806164975779854,-0.0009745553543363756,0.0009863503701642597
13,3,1-4,adjust,0.001599030777644096,-0.00032854927248955157,0.0012643492690680373
13,6,1-5,adjust,-0.04920731958114149,-0.0008765574494507888,0.0005723603156456555
13,7,1-5,adjust,-0.0028371374721989718,-0.0003725949500765363,9.448355744261717e-05
13,8,1-5,adjust,-0.053891901887062506,-0.00028343881557056183,0.0006144961722462676
13,9,1-5,adjust,-0.006246806748906715,-0.00010111355005103158,0.0005173102773292677
14,2,1-7,adjust,-0.006074199360540958,0.0005479038094047461,0.0002755929469589944
14,3,1-7,adjust,-0.053216757491432475,0.0005358032863319894,0.000442467813165027
14,4,1-7,adjust,0.06642727717973207,0.0013547430816419916,0.0006128139581776807
14,5,1-7,adjust,0.04416851206263173,-0.00027299479849506064,0.00011807440025130415
14,6,1-7,adjust,0.05383592621326143,0.0002776334011160458,0.00013625215353617117
14,9,1-8,adjust,-0.01970170766793956,-0.00202317949888934,0.0011204407316944593
15,2,1-4,adjust,-0.0025959755127269645,0.00028411195286252475,0.0006573777887320186
15,3,1-4,adjust,0.03963485174869293,-0.0007441408081370585,0.00033082419781616917
15,6,1-5,adjust,-0.04985065455701706,0.0007554776764728726,0.0014720359179125613
15,7,1-5,adjust,-0.04702772888408757,0.00048305322781593723,0.0013558390897071577
15,8,1-5,adjust,0.05543091053123937,0.0003296955536536117,0.0016358659343913022
15,9,1-5,adjust,0.029796792339710665,0.0012428493225404953,0.0012723635773708587
16,2,1-7,adjust,-0.02767896539976217,0.0007723170993209885,0.0008225081822694788
16,3,1-7,adjust,0.0064780582601426774,0.0005854281467767512,0.0009238338040674976
16,4,1-7,adjust,-0.08142305385349924,-0.00020828918458662342,0.00021702940083939457
16,5,1-7,adjust,-0.11354631952305737,0.0004338679744844666,0.0008742629243406637
16,6,1-7,adjust,-0.018135555978088313,-0.00035123824400566813,0.0012100211907340092
16,9,1-8,adjust,-0.0011741146226433477,0.0007026278727240555,7.318968882271234e-05
17,2,1-4,adjust,0.005070400602433414,0.0005330547482023519,1.0767457032942618e-05
17,3,1-4,adjust,-0.058202053857480965,-4.588183677205532e-05,0.001418259733911593
17,6,1-5,adjust,-0.0797781763843381,8.1145540645942e-05,0.0016058084252307864
17,7,1-5,adjust,-0.05330150076293893,-0.0003431439186755576,0.0009567286763902565
17,8,1-5,adjust,-0.024984716220570358,-0.0001963340952304142,0.0006895964734696771
17,9,1-5,adjust,-0.019497978080911176,-0.00015460806845112943,0.0007636180160430157
18,2,1-7,adjust,0.054218996168454325,-0.0012465511857090229,0.001013009261066381
18,3,1-7,adjust,0.03281128264168127,0.0005471209706754029,0.0008811045640429431
18,4,1-7,adjust,-0.05669794223946687,-0.000612833094576202,0.0013051548825600682
18,5,1-7,adjust,0.0007466857547916956,6.92158606070541e-05,0.0013047283923169363
18,6,1-7,adjust,0.024554003306568355,-0.0001927407161053929,0.0009080062002113142
18,9,1-8,adjust,-0.006149593514907623,0.0002202247642044215,0.00042061805636020507
19,2,1-4,adjust,-0.04659749142693715,0.0008356986484375615,3.953812025538801e-05
19,3,1-4,adjust,-0.058883037381081374,-0.0003742145506000554,0.0011594772971352297
19,6,1-5,adjust,0.010198661397375106,0.0008852931256235118,7.180437488025391e-05
19,7,1-5,adjust,0.047799869557705044,-7.54397062646647e-05,0.0002842428464225706
19,8,1-5,adjust,-0.027191035386734636,0.00022975908817641821,0.001474740070817429
19,9,1-5,adjust,0.06034523567638966,0.00023014314841816367,7.762742302088009e-05
20,2,1-7,adjust,-0.016422259559708764,-0.00016780546384733783,0.0014318903052943758
20,3,1-7,adjust,0.04553873904980433,-0.00016163092993865834,0.0007658785946370938
20,4,1-7,adjust,0.02137832957095125,-0.0007439653035757378,0.0005094111161721306
20,5,1-7,adjust,0.06168156160119909,0.00019238405966008526,0.00045780850156787966
20,6,1-7,adjust,0.05960939562554906,-0.000740604329947082,4.796756211473758e-05
20,9,1-8,adjust,-0.06060655415311146,-0.00017031739861451806,2.123370566994325e-05
21,2,1-4,adjust,0.013686874612677112,-0.00014397838462750667,2.531363386921636e-05
21,3,1-4,adjust,0.007190825206870521,0.0004992324669067772,0.00042757157682503415
21,6,1-5,adjust,-0.004686827496738396,-0.00019927251869860177,0.0002661949627200599
21,7,1-5,adjust,0.005899733363066382,0.00025989071477145365,0.0015146825466133803
21,8,1-5,adjust,0.04801775209165644,0.00018113241788849093,0.0009487290252980138
21,9,1-5,adjust,0.034519306292336294,-5.3925937444922425e-05,0.0004990106827357207
22,2,1-7,adjust,0.01784712856892444,0.000246473739789938,7.05751717687162e-05
22,3,1-7,adjust,0.0156972427704912,-0.0005158458616904597,0.00038248536286803397
22,4,1-7,adjust,0.019408903770474044,0.0005730113194119625,0.0004003894235805744
22,5,1-7,adjust,0.044571875383627266,-1.804483228005333e-05,0.0004863394571655102
22,6,1-7,adjust,0.00016126314355063118,0.000618489667627475,0.0006660004178291924
22,9,1-8,adjust,-0.00934118310380061,0.0002499312787274113,5.990628750249588e-05
23,2,1-4,adjust,-0.006966278355829381,-0.0006273609868879056,0.00036520422120942366
23,3,1-4,adjust,-0.007487422815942822,0.0004589381729892435,9.47527715520197e-05
23,6,1-5,adjust,0.03744214516648016,-0.00029292180543735415,0.0001232892469242392
23,7,1-5,adjust,0.026278728648129874,-0.0005278007273384341,0.0001459598106038134
23,8,1-5,adjust,-0.010732554116780995,0.0008446363397187648,4.731294684551918e-06
23,9,1-5,adjust,0.010015641297546283,0.0003645832202545829,0.0003444161907131089
24,2,1-7,adjust,0.023770614901419136,0.00010339271767428299,0.001255342801417481
24,3,1-7,adjust,-0.0019748144897787094,-0.00043101885994558666,0.0005744695301978478
24,4,1-7,adjust,0.07804147512733649,8.61963742150872e-05,0.0007569770527018142
24,5,1-7,adjust,0.012130778151253269,-0.0005179576033674642,0.0010148221996470325
24,6,1-7,adjust,0.02919305310437708,0.0006206672478941958,0.00025034513850293527
24,9,1-8,adjust,0.0060288461349345766,-0.00020603445512644788,0.0008291623536194828
25,2,1-4,adjust,0.0022435498641214914,-0.0005957204014176505,0.00011787647418246571
25,3,1-5,adjust,0.025880133288088476,-0.0007211099926809409,5.870557300736033e-07
25,6,1-5,adjust,-0.05151073500862225,-0.0005502450840062989,0.0006262017185938861
25,7,1-5,adjust,-0.0014553493697859092,-0.0005432323600734712,0.0007065047361671501
25,8,1-5,adjust,0.0024899786445684107,-0.0015722503549360975,0.0006153508818010151
25,9,1-5,adjust,-0.0029130231975767608,0.00011495882738599478,0.00023114326785604624
26,2,1-7,adjust,0.028756745128853043,-0.0007634744116340041,0.00018478544658118178
26,3,1-7,adjust,-0.02869895513084784,0.0007456727572417739,0.0007903360716266459
26,4,1-7,adjust,0.06870911254624383,-0.0005837739607431882,0.0001597791920374192
26,5,1-7,adjust,0.05649872155324413,0.0006316708674290208,0.0005721659644073331
26,6,1-7,adjust,0.024693057040792294,-0.00022404363275056155,0.0002957661198214998
26,9,1-8,adjust,-0.032302180118797146,-0.0014475553860253732,1.177289355234231e-05
27,2,1-4,adjust,0.0038915017439136636,-0.0001604565023600292,0.001185787602951218
27,3,1-4,adjust,0.09282678994785852,-0.0016360717996068664,0.0018800993460366248
27,6,1-5,adjust,0.04829314136186463,0.0006373341134521676,0.00022981828448335128
27,7,1-5,adjust,0.09016607807331896,0.001809971265049703,0.000617472208122935
27,8,1-5,adjust,0.054122239861815066,0.0010985047249770805,0.0009961743250503025
27,9,1-5,adjust,0.03953642561572542,0.0012422337038749997,0.00034864231125603606
28,2,1-7,adjust,-0.09632001111239867,0.002700126994760563,0.00036388018615691466
28,3,1-7,adjust,-0.12382873751013293,0.001858569486533733,7.621123719755967e-05
28,4,1-7,adjust,-0.2497503898185968,0.0008692246331262917,0.0001110462423814559
28,5,1-7,adjust,-0.06582536540079266,-0.00016646016302447166,2.12536452321002e-05
28,6,1-7,adjust,0.0010445014372951857,-0.0006190513922454123,0.000216411315048545
28,9,1-8,adjust,0.01829661069424323,0.00028404915313737017,0.000895050350365324
29,2,1-4,adjust,0.028550563377552313,-0.0010195982345019292,0.0006052062484528765
29,3,1-4,adjust,-0.06126558729135507,0.0017978976552882444,0.002013718568209398
29,6,1-5,adjust,-0.04119800163546697,-0.0007135555036736324,0.0008887161989695963
29,7,1-5,adjust,-0.008615184567587844,-0.0009093705710499374,0.00031671182581174555
29,8,1-5,adjust,0.0023274385995126256,-0.0002220200300584272,0.0001320620814332028
29,9,1-5,adjust,-0.05663048247593922,-0.00023802516193517347,0.0006506750500948767
30,2,1-7,adjust,0.025626888992233962,-0.0008593031536144915,0.00011832779668855404
30,3,1-7,adjust,0.07398282628774437,-0.0024180134978123813,0.001072376595673789
30,4,1-7,adjust,0.104797097443183,0.00035289259679924717,0.000640015839449412
30,5,1-7,adjust,0.09542659562856783,0.0002189656504425683,8.155493204178289e-05
30,6,1-7,adjust,0.07554432444733866,0.0013883050406706809,0.0007140100602207501
30,9,1-8,adjust,0.05328186230110559,-0.00012698665498599892,0.0001747556428612761
31,2,1-4,adjust,-0.015244326728621667,0.00119592903526515,0.00028349051142342153
31,3,1-4,adjust,-0.016740126440709144,0.0007539647422923342,0.000781458515993729
31,6,1-5,adjust,-0.0038827553427890657,-0.00013439126137520358,0.0006609285961061685
31,7,1-5,adjust,0.033920762596624805,0.00023027959392519097,0.0006062055861240432
31,8,1-5,adjust,-0.03395923226266266,0.0013169143718571954,0.0001649024081176953
31,9,1-5,adjust,-0.02421881804157086,2.4071471904096444e-05,0.00024385601718052898
32,2,1-7,adjust,0.005861321776922408,0.0005315130549576182,0.000781487192703284
32,3,1-7,adjust,0.11167186462775963,-0.0011055458026615372,0.0015265201023436246
32,4,1-7,adjust,0.12164573700798197,-0.0010359826652648844,0.002040785037615089
32,5,1-7,adjust,0.010648154114123409,-0.000378558267973023,0.00109720374892732
32,6,1-7,adjust,0.024555608029850982,-0.00034880807546960825,0.0019530495482883775
32,9,1-8,adjust,0.024884488835317013,0.0005057707864535916,0.00041902206555840865
33,2,1-4,adjust,0.05159141820738186,-0.0019503621274098249,0.0008872050877544941
33,3,1-4,adjust,0.01572011917553122,0.000521985004874094,0.0010462163470508316
33,6,1-5,adjust,-0.018159993786672015,9.365999527226451e-05,0.0005040909907435616
33,7,1-5,adjust,0.0008490325299399974,0.0001864536681824503,0.0011104408627995283
33,8,1-5,adjust,0.06611890647247644,-1.2662874877847172e-05,0.001052523142900185
33,9,1-5,adjust,-0.037321858919678985,-0.00016844406752436394,0.0011475628034890036
34,2,1-7,adjust,-0.08817307740191078,0.00154003556601471,0.0007242928130583255
34,3,1-7,adjust,-0.15879123433479111,0.001790633936584368,0.0009562499193048449
34,4,1-7,adjust,-0.0476438236239035,0.0006962987823447927,0.0012947435461421687
34,5,1-7,adjust,-0.09733495269811489,0.000368207460541514,0.0006115309676338117
34,6,1-7,adjust,0.0463855203057717,0.001081180196305598,0.0007020521597430484
34,9,1-8,adjust,0.05850251183359899,0.0017245646125602404,0.0009231195668911598
35,2,1-4,adjust,0.04527307238896851,-0.0009121312777499436,0.0005821342880592406
35,3,1-4,adjust,0.09565864076654602,-0.0021291962689723044,0.0006647344463924812
35,6,1-5,adjust,-0.11133024267177435,-0.0011513615815191345,0.0008840617400888072
35,7,1-5,adjust,-0.05785092729059322,-2.3617126478070057e-05,0.00039038095001785937
35,8,1-5,adjust,0.0023370751120319576,-0.001105251972331981,0.00023596886196714659
35,9,1-5,adjust,-0.05100363062757501,-0.0014773462460273045,0.0002049620942675001
36,2,1-7,adjust,0.00159900719562841,0.0007215491178680877,0.0003478809611745739
36,3,1-7,adjust,-0.14248821739084344,0.0015633261415094997,0.0006119307963704286
36,4,1-7,adjust,-0.11427973436103699,-0.00012318039830542545,6.59611806507815e-05
36,5,1-7,adjust,-0.020954471073401478,-0.0008773334937523084,0.00022006135198661704
36,6,1-7,adjust,0.00347036236767617,0.00010883181872710677,0.0010850666963236246
36,9,1-8,adjust,0.03972561877578086,7.386959435043589e-05,0.0010665412537451458
37,2,1-4,adjust,-0.04835759229385675,-0.00019597054179302097,0.0005396787173560382
37,3,1-4,adjust,0.06608455636387851,-0.000861935603050393,0.0014858297292947645
37,6,1-5,adjust,-0.07633096559201566,0.00022589434553031782,6.889912945539328e-05
37,7,1-5,adjust,-0.07824359607876215,-0.0014179526784706643,0.0006019315344408023
37,8,1-5,adjust,-0.1571161574406314,-0.0006896368451302916,0.000608915575786063
37,9,1-5,adjust,-0.07004735910850043,-0.0018230838007860246,0.0009041197033992074
38,2,1-7,adjust,0.078488311583718,-0.00048341842813591984,0.0004313913888677275
38,3,1-7,adjust,0.11250078924725924,-0.0015664334446300662,0.0001368428677105276
38,4,1-7,adjust,0.16541764319164576,-0.0003606351638176281,0.0001311224560692496
38,5,1-7,adjust,0.035423575632020164,0.00031550284185710627,0.0010707803022917469
38,6,1-7,adjust,0.06319351671245113,-0.000999945015661354,0.00026775232817322016
38,9,1-8,adjust,-0.009740173053907852,-0.0008910079009474324,0.00034465171553785197
39,2,1-4,adjust,7.840738395676928e-05,-0.00018881424078618595,0.0012220150079526666
39,3,1-4,adjust,-0.0003127231043715712,0.0011533782997079647,0.001035362627198977
39,6,1-5,adjust,0.03162185651038326,0.0007533469473252496,0.0009730042070122544
39,7,1-5,adjust,0.026152456735736528,0.0006807474807592308,0.0006195476648294928
39,8,1-5,adjust,0.05712344723401845,-0.0003144007264295914,7.195180187511278e-05
39,9,1-5,adjust,0.028672043905847152,0.0013499273342117979,0.00019225904849221945
40,2,1-7,adjust,0.006338829683783192,-0.0008918792071315279,0.0005208269025389199
40,3,1-7,adjust,-0.010615725445456619,-0.0003276128436470353,0.0006093076674907563
40,4,1-7,adjust,-0.042062358205048826,-5.890893719243576e-05,0.00017239154421780652
40,5,1-7,adjust,0.03844787575202997,0.0005343718429029572,6.864857034830518e-05
40,6,1-7,adjust,-0.05523590441918235,-0.0001360913449116362,0.000711397221008233
40,9,1-8,adjust,-0.017774779081100422,-0.00039908982693612476,0.0008643686817348715
41,2,1-4,adjust,-0.009501755199904887,0.0012169931221317097,0.0001868553307638164
41,3,1-4,adjust,-0.0078022510845493125,-0.0005502102296199343,0.0010244665361643468
41,6,1-5,adjust,0.11471683460641717,-0.000506961499760926,0.00043977502944467467
41,7,1-5,adjust,0.07930292519727816,0.0005778541261665192,0.000619623525919958
41,8,1-5,adjust,0.07865379790053084,0.0013525975007118536,0.0003653084528553397
41,9,1-5,adjust,0.057561390548178715,0.0016036209923426335,0.0016274976777612962
42,2,1-7,adjust,-0.037891496054889326,0.0005967281145213717,0.0002031669960263253
42,3,1-7,adjust,-0.05134081921494259,0.0012680455182654095,0.0009216176068398057
42,4,1-7,adjust,0.002256875219409237,0.0004358835098027514,0.0005386373783551403
42,5,1-7,adjust,-0.0032466932803478245,-0.000524370492679887,0.000496270108226188
42,6,1-7,adjust,-0.025316503529034588,0.0008604570942226901,0.00019155439920059283
42,9,1-8,adjust,-0.009993635286006396,0.0006099259936956083,0.00022815707329453845
43,2,1-4,adjust,0.016482828264043004,-0.00015048411256730294,0.0004681382210457429
43,3,1-5,adjust,0.019320858003304575,3.2635586763713316e-05,5.549559845683397e-06
43,6,1-5,adjust,-0.0821006531951541,0.00028478835392367835,0.000266849116841193
43,7,1-5,adjust,-0.0820627187077212,0.00013540134547882182,0.0004230269490827866
43,8,1-5,adjust,-0.06107459089826619,-0.0005532773925470799,2.2750561219066602e-05
43,9,1-5,adjust,-0.0318762138542699,-0.0010997757852509867,0.00032985901386668666
44,2,1-7,adjust,-0.033214126432789114,-0.0007358537672195461,0.00018698751057944247
44,3,1-7,adjust,-0.0880475357656614,0.0006374996776045091,0.0007869617566663499
44,4,1-7,adjust,-0.12100118697706064,-0.0004167617435593752,0.00018550072789879198
44,5,1-7,adjust,-0.11997746551242346,0.00045781936914816054,0.0004893773526462026
44,6,1-7,adjust,-0.016532898805371368,-0.0015615983523778756,5.5901824554959825e-05
44,9,1-8,adjust,-0.0061512674242794,-7.443294119669424e-05,0.0002814583134389649
45,2,1-4,adjust,0.0037488567841124053,0.0005445138006374517,0.0007078910025820318
45,3,1-4,adjust,0.05064064480756152,0.00023877866692528202,0.00032928314520936676
45,6,1-5,adjust,-0.018277696473179828,0.000694662804218844,0.0005580610379291857
45,7,1-4,adjust,-0.022349267718436285,-0.000833351594930807,5.534488836270199e-05
45,8,1-5,adjust,0.0062065826301633,0.00037759407641711095,0.0004724167780687408
45,9,1-5,adjust,0.04239097633112276,0.00039245265016069563,0.0002250534570232397
46,2,1-7,adjust,0.04823950088066991,-0.0009035791506630212,0.00046517767149858834
46,3,1-7,adjust,0.053973173062176596,-0.0019390668515475193,0.000777490953518372
46,4,1-7,adjust,0.023381766244171803,-0.00010782636159783042,0.0007526482604174177
46,5,1-7,adjust,0.07913045508067448,0.0002348509186396008,0.00018310674007670637
46,6,1-7,adjust,0.004673066543456846,0.0002184968347328133,0.0003371656767369138
46,9,1-8,adjust,-0.028229801366183596,-0.0002747274062296441,0.001436579288852344
47,2,1-4,adjust,-0.044081767110559146,0.0012530751252515931,6.84103399386507e-05
47,3,1-4,adjust,-0.03014016368641269,0.00102617240752338,0.0003378700179013484
47,6,1-5,adjust,0.06980912401068605,1.429871467766527e-05,0.001188705084573014
47,7,1-5,adjust,0.07652520608000687,0.0005838806347647646,0.000976962195331492
47,8,1-5,adjust,-0.023529928647565843,0.00016396213512030226,0.0013092861541389327
47,9,1-5,adjust,0.009645660721350795,0.0006536643440031141,0.00039518848426941486
48,2,1-7,adjust,0.03842981219587501,-0.0007028242124028697,0.00043141026426835906
48,3,1-7,adjust,-0.006779392916224883,-0.00010690342214070033,8.521919458078585e-05
48,4,1-7,adjust,0.09439642780585024,0.0005337729562263537,0.0010731560224656379
48,5,1-7,adjust,0.02502743064950725,-0.00020988352337204835,0.00038207689718213714
48,6,1-7,adjust,-0.025515774001177664,-0.00027256015130179377,0.0006490445518820389
48,9,1-8,adjust,-0.001651530628212334,-0.00032762671631027924,0.0012651443416080376
49,2,1-4,adjust,-0.019594444661471214,-0.0006591810148145507,0.0009010222716263579
49,3,1-4,adjust,0.041490964966958206,-0.0010561497116541613,0.0005395948145485285
49,6,1-5,adjust,0.0069746150720648445,-2.6960338951108526e-05,0.0011924415413886163
49,7,1-4,adjust,0.026396614949954537,0.0007003714338983294,4.4892017917775245e-05
49,8,1-5,adjust,-0.007899238306939534,0.0003681298328522024,0.0003326371380286149
49,9,1-5,adjust,-0.004598460372779424,-0.00017929089944678105,0.00024675052137231994
50,2,1-7,adjust,-0.03439529019523507,0.001371880814619808,0.00021988595714443507
50,3,1-7,adjust,-0.14345609894042557,0.002001567468826382,0.0006270142087535235
50,4,1-7,adjust,-0.12957993021645978,-9.637524703399923e-05,0.0005784400782431821
50,5,1-7,adjust,-0.055730095617467744,-0.000290059796878195,0.0002552963619600048
50,6,1-7,adjust,-0.004685435596761456,4.628413837560342e-05,0.00118445485699863
50,9,1-8,adjust,0.01902784594084152,1.2879752776098219e-05,0.000637456267159635
51,2,1-4,adjust,-0.005404323865043876,-0.0003333089489101927,0.00046934296482035895
51,3,1-4,adjust,0.05448543072594532,-4.668865462118513e-05,0.001605946095664881
51,6,1-5,adjust,-0.040226487304006374,-2.461811288545218e-05,0.0002065884978780715
51,7,1-5,adjust,-0.10275268208198667,-0.0006338355395071273,0.0007724893228967987
51,8,1-5,adjust,0.013459889238533519,-0.0004229773384873393,0.00015836160775049407
51,9,1-5,adjust,-0.05440360440916278,-0.0011655264737472368,0.0006213844857933923
52,2,1-7,adjust,0.005640423697237023,0.0003762806153314517,5.777795310901706e-05
52,3,1-7,adjust,0.04536447520642158,-0.0009172736669244466,0.000452496836182866
52,4,1-7,adjust,0.09206355750434635,-9.646534875198487e-05,0.00024622334319257603
52,5,1-7,adjust,-0.006977376593268377,0.0003374194636401852,0.0004234487548368202
52,6,1-7,adjust,-0.01666045292636727,0.0005133317956330528,0.0004186930628249161
52,9,1-8,adjust,0.036008171690800034,0.000626367488463944,0.0005041172415782552
53,2,1-4,adjust,0.033555062462291445,-0.0008389843616335009,0.00032429700748553793
53,3,1-4,adjust,0.03227793976605001,0.00026861136421698587,0.0005623274106329037
53,6,1-5,adjust,0.010709039470281938,-4.2939173634825874e-05,0.0002960037397803358
53,7,1-5,adjust,0.022323246083080717,0.0009086934834796486,0.00036030874298510984
53,8,1-5,adjust,-0.0031153115057166343,-0.00013846081203345981,0.00033215216629984613
53,9,1-5,adjust,-0.014273585375790527,6.583598944336891e-05,5.0717697173169546e-05
54,2,1-7,adjust,-0.03984485840946523,0.00035612957140057383,5.646832456271765e-05
54,3,1-7,adjust,-0.13573331996771962,8.874467439638496e-05,0.0002661803262616937
54,4,1-7,adjust,-0.005176507043274383,0.00047097974709179436,0.00048626990867782315
54,5,1-7,adjust,-0.08723529282879132,-0.0003005239920983327,0.0005522415908444087
54,6,1-7,adjust,0.006567893947824118,0.00011884257213750875,0.00031269912597106745
54,9,1-8,adjust,0.02574559948848363,0.0002533973566624728,0.0007175720046441831
55,2,1-4,adjust,0.0041728961817098205,0.0005906414939486544,7.370663347598832e-05
55,3,1-4,adjust,0.12248479529020438,-0.0003957152699634619,0.001325109266817675
55,6,1-5,adjust,-0.07099872506442027,-1.3941430437699666e-05,0.00172292403382562
55,7,1-5,adjust,-0.04439164956363463,-0.0013189172211164639,0.001685821189138447
55,8,1-5,adjust,0.009676962517187079,-0.0005330216443616008,0.0005068871457949768
55,9,1-5,adjust,-0.010691630696929093,-0.0005137320858612042,0.00033447206294183495
56,2,1-7,adjust,0.03326296006374247,-0.0005416209687160823,0.0003608982996580212
56,3,1-7,adjust,-0.06518847185547043,-0.0003976263079724867,0.0003988383996362636
56,4,1-7,adjust,-0.018427300495166943,-0.000219212369814145,0.0007407942559747042
56,5,1-7,adjust,0.07185866863335012,0.00018440218046034931,0.0004480261029286821
56,6,1-7,adjust,0.06865871125039855,0.00014697990701243845,0.0011521976639790666
56,9,1-8,adjust,-0.012556881976028092,0.000275241952563285,0.0004471253938739647
57,2,1-4,adjust,0.005301937853209824,-0.00048232046859336827,0.0005503100464875766
57,3,1-4,adjust,0.05642402525827622,0.0006235305051731488,0.0006387145500651151
57,6,1-5,adjust,-0.017905310740450688,-0.0013436311671953785,0.0008242587618772938
57,7,1-5,adjust,0.055308982260309995,-0.00029984941522198064,0.00025482524055186497
57,8,1-5,adjust,0.030642567161193356,-0.00039747894189476633,1.8693828476733877e-05
57,9,1-5,adjust,-0.007258384246908581,0.0003563952100353537,0.0003710828713810884
58,2,1-7,adjust,0.0032996667026862513,0.00017262759776431617,0.00010072522489618803
58,3,1-7,adjust,0.011837330839682091,-0.0010723328979531312,0.0009411219527878229
58,4,1-7,adjust,-0.010006540160485215,-0.0002622070235321755,7.426670818431358e-05
58,5,1-7,adjust,0.06375559645725047,0.0002587696610573433,0.0006565078777661847
58,6,1-7,adjust,0.055026507486966844,0.0006023260636554495,0.0005907871010465291
58,9,1-8,adjust,0.004143072942861933,-0.0005897921883087913,0.0005332785338289531
59,2,1-4,adjust,-0.01695588617564558,-4.8650112547641566e-05,0.0005525107646222328
59,3,1-4,adjust,-0.014978595789885701,0.0012667604861337023,0.00024259554463894182
59,6,1-5,adjust,0.026136011601260452,6.711762307943912e-05,0.0007625566664191342
59,7,1-4,adjust,0.031905042418064064,0.0003017650230572646,1.7598447242968422e-05
59,8,1-5,adjust,-0.023509413277656703,0.0010063796005201097,0.0009458323832365117
59,9,1-5,adjust,0.020275602526070937,0.0006677973694162942,0.0006143213138078928
60,2,1-7,adjust,-0.024548190692205075,0.0007079088288428923,0.0001965869271346263
60,3,1-7,adjust,0.018262966943849396,-0.0002769400786495261,0.00038537746279271843
60,4,1-7,adjust,0.049477336931986526,0.000459911682989888,0.0009016689038369383
60,5,1-7,adjust,0.022635846793482035,-0.0006516881923645929,0.0009719873046561487
60,6,1-7,adjust,0.006340486316160027,0.0008774800360162122,0.00019809042184860937
60,9,1-8,adjust,0.004181610055574138,-2.6002692407399082e-05,5.398912693530191e-05
61,2,1-4,adjust,0.038140718750969194,-0.0002551098623939116,0.000345542666682414
61,3,1-4,adjust,-0.009540219786357983,-0.0008182413126395934,0.00021886963243324413
61,6,1-5,adjust,-0.00453248815305377,-0.0006547724974452546,0.0005206562774503061
61,7,1-5,adjust,-0.017546963769203474,-0.00010273941824502556,0.0003973867214994019
61,8,1-5,adjust,0.0291678910796314,-0.000569869109680507,0.00020174902036063143
61,9,1-5,adjust,-0.011297104640068494,-0.0003896595373713691,0.0005377933917812936
62,2,1-7,adjust,0.009725718657774274,-0.0010017949076359018,0.0013994562998326146
62,3,1-7,adjust,0.036545405176072666,0.0013894804058959167,0.0009648555096045565
62,4,1-7,adjust,-0.027096697238501416,-0.0007748032389250266,0.0006954748150512766
62,5,1-7,adjust,-0.001640530874749995,0.0009424793273826641,0.0002523251049781093
62,6,1-7,adjust,-0.013111322848880745,2.0140295530202107e-06,0.00014669520836680644
62,9,1-8,adjust,0.010055545996083977,0.00031748299993522426,0.0005735045456797069
63,2,1-4,adjust,0.00971299447016469,0.00036702536094170344,0.0012423532240599035
63,3,1-4,adjust,-0.0441151278358786,-0.0014644962119241137,8.447078100108245e-05
63,6,1-5,adjust,0.057603433734774674,0.0007655928887716405,0.0013447720752377912
63,7,1-5,adjust,0.054449184521521365,0.0007003678608113675,0.0006777850680132413
63,8,1-5,adjust,-0.011745674507683757,0.0019045219698127166,0.0020178204371738666
63,9,1-5,adjust,0.016297578169151596,-0.0004831591650162907,0.0006182259090499133
64,2,1-7,adjust,-0.04287795991180646,0.000332187228823581,0.0017987553122329836
64,3,1-7,adjust,0.0026817375925815958,0.0011922282486026457,0.0013131841699212236
64,4,1-7,adjust,-0.00791836088011438,0.0006599544474092178,0.0015035395892512768
64,5,1-7,adjust,0.025482655326060488,-0.0013992523615850897,0.0021006743787107714
64,6,1-7,adjust,-0.0263927283516463,-0.0010932857743296835,0.0011197247464645474
64,9,1-8,adjust,0.004468015309170009,0.0011786547988080474,0.0006084917452211787
65,2,1-4,adjust,0.010596710610878532,0.000709868240355777,0.0013086892111447857
65,3,1-4,adjust,-0.023330854520544567,-0.0002190997057770265,0.0013271556095452697
65,6,1-5,adjust,-0.028797007762904087,0.0008247330423675868,0.00010674008978919543
65,7,1-4,adjust,-0.06415465770593848,-0.0001562582962358189,2.6296436141926846e-06
65,8,1-5,adjust,-0.035850471969450196,-0.0019084471310418687,0.000483252602263267
65,9,1-5,adjust,-0.04881668491575158,-0.0012171047400893562,0.0006280739501519346
66,2,1-7,adjust,-0.026813766945139705,-5.561496346678644e-05,9.938697800423828e-05
66,3,1-7,adjust,0.040429790477017134,-5.8241934338773736e-05,0.0003040268237238775
66,4,1-7,adjust,-0.07155333786015486,6.5093225733255e-05,0.00028631392967547886
66,5,1-7,adjust,-0.12643565769729237,0.0003747010551057412,9.531505383062699e-05
66,6,1-7,adjust,-0.03213711621713916,-0.0008110214974881969,0.0004673028476532451
66,9,1-8,adjust,0.018623917043155473,-6.804430101490826e-05,0.00023720837497431734
67,2,1-4,adjust,0.005413527096071808,4.2940094311276445e-05,0.0010287500548073353
67,3,1-4,adjust,-0.07914896740625828,0.0012048229544103148,0.0006681964061478117
67,6,1-5,adjust,-0.051370917670427604,0.00018311647661264273,0.0007854252217666947
67,7,1-5,adjust,-0.061226054118857454,-0.0009628754168064448,0.001161236277117693
67,8,1-5,adjust,-0.03901994246987536,-4.813606062270629e-05,8.695540075375991e-05
67,9,1-5,adjust,-0.03153516636509537,-0.00018743289899196642,0.00040528380974787264
68,2,1-7,adjust,0.07203927265525563,-0.0021352962560212676,0.00046464978262906087
68,3,1-7,adjust,0.10250153697523291,-0.0017054639055036536,7.771032161788628e-05
68,4,1-7,adjust,0.1188029008864551,-0.00014689786518944035,0.00018401434265741557
68,5,1-7,adjust,0.024236792274444342,0.0006769803297944125,0.00018484104388833428
68,6,1-7,adjust,0.03487512167958623,0.0006724396506053075,0.0002799118528671493
68,9,1-8,adjust,0.0058602683939114,-0.0005134526094757942,0.00019045540219283017
69,2,1-4,adjust,-0.036297389986531224,0.001194979661005824,0.00021095593766373038
69,3,1-4,adjust,-0.03658921477214159,4.870864131694111e-06,0.0015655194196163172
69,6,1-5,adjust,0.0008956426543308443,-0.0005216016567332947,0.0011241855359749684
69,7,1-5,adjust,0.04560534066131067,0.0009136684077105388,8.399599200748806e-05
69,8,1-5,adjust,0.06516985227449021,-7.46572255617129e-05,0.00022025437415524113
69,9,1-5,adjust,0.017021884594627147,0.0013259661244342058,0.0003131271048745931
70,2,1-7,adjust,0.012545598019349367,-0.00011770880732640052,6.538339299292764e-05
70,3,1-7,adjust,-0.021121540355375723,-0.00042358688200287134,0.0006757860867089879
70,4,1-7,adjust,-0.0925299807884461,0.0002770838736207475,0.0005941965981846718
70,5,1-7,adjust,0.024295309822970696,-0.0007417201123181011,0.0003372178694000426
70,6,1-7,adjust,-0.0017878821125970827,-0.000453207136055399,0.000631558487136942
70,9,1-8,adjust,0.016548057983894904,0.0004997528359724861,6.43487079353152e-05
71,2,1-4,adjust,-0.04575452354864796,0.0020656964242038657,0.0012802502979970777
71,3,1-4,adjust,-0.05689378405566724,0.0010839599252920197,0.001090934153970648
71,6,1-5,adjust,0.014468733683217872,-1.129399028363877e-05,0.0005924529588210028
71,7,1-5,adjust,-0.037131460051739125,-3.210742357239009e-05,0.000286907887628143
71,8,1-5,adjust,-0.014535147938392732,-0.0001444449128891125,0.0003603643698550574
71,9,1-5,adjust,-0.026197714487708208,-0.0004280007296213865,0.0008502719908080389
72,2,1-7,adjust,0.031432343487637994,-0.0014597644529524506,0.0007018968141581092
72,3,1-7,adjust,0.03817101832411264,-9.503317346085298e-05,8.159426312557707e-06
72,4,1-7,adjust,0.02673477333868927,0.00019193271806001538,0.0008627398099247417
72,5,1-7,adjust,-0.09314751524067241,2.1420218948055058e-05,0.00044072059935891175
72,6,1-7,adjust,0.0045756392140603045,0.001386068484106869,0.0011587372781301985
72,9,1-8,adjust,0.010627293909537296,-0.0004718347160557748,0.0004120695944761432
73,2,1-4,adjust,-0.051920310411739466,0.0002491959236947422,0.0002785925463950134
73,3,1-4,adjust,0.004157634931881787,-0.00013544055848581856,0.00044885533743202434
73,6,1-5,adjust,-0.1222585429586856,-0.0014945830450289357,0.0020457925484427875
73,7,1-5,adjust,-0.026179593028313766,-0.0005421507237942633,0.0011896765220552258
73,8,1-5,adjust,-0.06829807657754872,-0.0001570816838446446,0.0014700667677489615
73,9,1-5,adjust,0.004263477397685322,-0.00032560615481653566,0.000640196591261063
74,2,1-7,adjust,0.047253980778387314,-0.00033650524177047806,0.0007510685808744292
74,3,1-7,adjust,0.011602577374847198,-5.895111733922817e-05,0.0004944013507755045
74,4,1-7,adjust,-0.08127287115823345,0.0001813572453831506,0.0005822160663579763
74,5,1-7,adjust,0.07722960693143828,0.0010179842336869706,0.00044516223860150436
74,6,1-7,adjust,0.06200526421880194,0.0007820603682370545,0.0011564019061128218
74,9,1-8,adjust,-0.050619636894207336,-0.0006077194657983124,0.001323529042270669
75,2,1-4,adjust,-0.0634514086386276,0.0009994429078610404,0.0006672128779096716
75,3,1-4,adjust,-0.08545297690168084,0.0015316920947039832,0.0013681100004883438
75,6,1-5,adjust,0.06843509995535223,0.0010236402542971204,0.00030027790075766095
75,7,1-4,adjust,0.07800969823439166,0.0005634440850081487,5.813408561261686e-05
75,8,1-5,adjust,0.10519097320022708,0.0007320403236448254,7.57659498477188e-05
75,9,1-5,adjust,0.06276528224122256,0.0019068419251309424,0.0004683604749743297
76,2,1-7,adjust,0.03270430044911408,-0.0009217545717735222,0.0007464158113735361
76,3,1-7,adjust,0.10549162949390173,-0.0012907881706022875,0.00011543431793233579
76,4,1-7,adjust,0.08874135492260685,-0.0002194385472634992,0.00038641492934578074
76,5,1-7,adjust,-0.04235076136124765,-0.0015085770272880747,0.0007224488644665723
76,6,1-7,adjust,0.008707943284375342,-0.00011108896490692682,0.00079744356200567
76,9,1-8,adjust,0.015764969195159306,0.00010932081839235381,0.00046043738871547285
77,2,1-4,adjust,0.01684606882545084,0.0005473420350517063,0.0006884462081431683
77,3,1-4,adjust,-0.03653687658762418,3.637058961573854e-05,0.0003177330352495463
77,6,1-5,adjust,-0.08955591948178264,-0.001059550583948319,0.0016863680669031136
77,7,1-5,adjust,-0.0902507585799769,-0.0009875106224036872,0.0019778449678799982
77,8,1-5,adjust,-0.09634082514645374,-0.0013898307985791968,0.0012544680480690122
77,9,1-5,adjust,-0.09092337479273042,-0.002990046325395506,0.0018924287993927836
78,2,1-7,adjust,0.04067928994964752,-0.00204816696504648,1.8930844360157822e-05
78,3,1-7,adjust,0.09175058465667282,-0.00032113205738976635,0.0011357681313829513
78,4,1-7,adjust,0.06116146838203662,-0.0016247068851769917,0.00016652381158599726
78,5,1-7,adjust,0.05739916477730881,0.0012730675604991377,0.0006382622255282656
78,6,1-7,adjust,0.043310791970431466,-0.0006444710576179115,0.001069824375873139
78,9,1-8,adjust,0.017942966778888274,0.0005235581925101826,0.00010266115054761399
79,2,1-4,adjust,-0.017153164246017916,0.0002771012527603288,0.0011704634966296743
79,3,1-4,adjust,-0.002641929943387632,-0.0005322728429804897,0.0015909077519656743
79,6,1-5,adjust,0.06521563414707021,-0.00011382758521322607,0.0006133609634109608
79,7,1-5,adjust,0.08175514078362106,0.0006204787253410054,0.0009205860400510019
79,8,1-5,adjust,0.0425375282664636,0.001706140741113945,0.0006721920709017525
79,9,1-5,adjust,0.08031106094287556,0.0014799717903055268,0.0017656421325928883
80,2,1-7,adjust,0.03521496077957314,0.00033502764779715956,0.0006711335442665291
80,3,1-7,adjust,-0.018741700461169786,0.0004085748399726283,0.0005365605838889838
80,4,1-7,adjust,0.00994029053452695,0.0007836752771116686,0.001181186637913118
80,5,1-7,adjust,0.07338065800448564,-0.00027145277794840393,0.0004334526232129696
80,6,1-7,adjust,-0.03061509141455659,0.0006374663308072081,0.0007885791101742688
80,9,1-8,adjust,-0.03829892511998504,9.941155321496729e-05,0.00045262984536117756
81,2,1-4,adjust,-0.022888684375198937,0.0001729130773904644,0.0006422824718517866
81,3,1-4,adjust,0.01202506256580865,-0.0001394534836114178,0.0005845410780693333
81,6,1-5,adjust,0.05750667101106578,3.382122622999975e-05,0.00018535219022760692
81,7,1-5,adjust,0.05079632942483648,0.0016988837007508666,0.0010547509308536061
81,8,1-5,adjust,0.05715929151001551,0.0008569282401200543,0.0008280865377917363
81,9,1-5,adjust,0.01003320118487474,0.000300469576437097,0.001103024284161236
82,2,1-7,adjust,-0.12439446632770147,0.003276935627671398,0.00017632834221010415
82,3,1-7,adjust,-0.1883293467922396,0.0018913529728263887,5.7973620556888294e-05
82,4,1-7,adjust,-0.2145984706238784,0.0014734264218241521,6.294598810135292e-05
82,5,1-7,adjust,-0.06949256581785465,0.00017859988222011254,0.0006021227439801213
82,6,1-7,adjust,-0.08297519127915817,0.0002457102084248512,0.0002776819877416452
82,9,1-8,adjust,0.043637893513547195,0.0014756592930342766,0.00013236610328003605
83,2,1-4,adjust,0.0037650657091319027,-0.001101836436020023,0.0021063285877906245
83,3,1-4,adjust,-0.02814764465190641,-0.0008343268181961464,0.0021202788995349667
83,6,1-5,adjust,0.05894316389570769,-0.0003251042496271079,0.0001656631801434657
83,7,1-5,adjust,-0.0764587444848317,-0.0008895811892517292,0.0002985200704490471
83,8,1-5,adjust,-0.03379085510606293,-0.0011225618835390089,0.0006410956948756733
83,9,1-5,adjust,-0.017650200568974043,-0.0017626243880352237,8.820724344551716e-06
84,2,1-7,adjust,0.06191022523386082,-0.0008012682447995989,0.0004247502175093163
84,3,1-7,adjust,0.14649059838117634,-0.00015536331159666703,0.0005343027022262126
84,4,1-7,adjust,0.0063724972322634224,-0.001175809801831107,0.0003190477125899364
84,5,1-7,adjust,-0.04505259283862955,-0.00037708363920733415,0.0005963147356012581
84,6,1-7,adjust,-0.08295847071577592,-0.00021301543832255077,0.0008337578229756973
84,9,1-8,adjust,-0.02870730647044419,0.00045096537732834544,0.0004787031757662895
85,2,1-4,adjust,-0.008047346355363775,0.00023419101988625312,0.0006708020138410187
85,3,1-4,adjust,-0.07365643559571257,0.0005461057111752739,0.0015825405073630634
85,6,1-5,adjust,0.03352778681303936,3.552089475509932e-05,0.0008314147969897797
85,7,1-4,adjust,0.042460445899002566,-0.0007284228643447538,1.2668101165580404e-05
85,8,1-5,adjust,0.002952257188392061,-0.0004288256668849093,0.0005216087810381981
85,9,1-5,adjust,-0.017206546864559857,-0.000812158762770922,2.4961850868253005e-05
86,2,1-7,adjust,0.021291039899273445,-0.0006734728428009607,0.0004773405376896835
86,3,1-7,adjust,0.06478637021017802,1.7064426934799872e-05,0.0008515796336633752
86,4,1-7,adjust,0.23402597690793306,-0.00028535033441684114,0.00019253467262330833
86,5,1-7,adjust,0.07814734455112858,0.0011428477072714894,1.4621387872183437e-05
86,6,1-7,adjust,0.040860663415906946,0.00035793360625395524,3.850073202127958e-06
86,9,1-8,adjust,0.016229945256664546,0.0004229276761718817,0.00025059456748943563
87,2,1-4,adjust,0.014370161350356677,-0.0020537492559270358,0.001398771725136293
87,3,1-4,adjust,0.10774166043583354,-0.0015643647998010177,0.001784361772042001
87,6,1-5,adjust,0.05966254776363947,-0.0002978758041212837,0.00017642656923486582
87,7,1-5,adjust,0.08668118913475287,0.0002746310950684741,0.0005645924261917141
87,8,1-5,adjust,0.031144342951626002,0.0010233222220662492,0.0004912735825154037
87,9,1-5,adjust,0.036097296682484445,0.0006189737765565703,0.0014208696511513004
88,2,1-7,adjust,-0.0058353573430100026,0.0024139197270496788,0.0008481117778100747
88,3,1-7,adjust,-0.15081677891762227,0.0013375804120016393,0.00030886730949997805
88,4,1-7,adjust,-0.029930510053302807,0.0002519440670264145,0.0008343465933882344
88,5,1-7,adjust,0.008715138154246262,-0.001222274703228927,0.00023720203997918356
88,6,1-7,adjust,0.005374029027865618,0.0004341381122349837,0.0005806691948332502
88,9,1-8,adjust,-0.0021893661287536357,0.0002574820748626334,9.051523292831548e-05
89,2,1-4,adjust,0.02754910700758624,-0.0010177229255917233,0.0001027662364210365
89,3,1-4,adjust,0.10566993510149635,-0.0012674320788903137,0.0003991660747194126
89,6,1-5,adjust,-0.07533087097008855,-0.0004351816502642857,0.0003463155544668417
89,7,1-4,adjust,-0.1176409724115829,0.0002980231707969573,1.269894453552396e-05
89,8,1-5,adjust,-0.06535450145996284,-0.0009857842276959395,0.00016243883692930553
89,9,1-5,adjust,-0.01816948196307875,-0.0009300102457040203,0.00027158774131110853
90,2,1-7,adjust,-0.07113280779441175,0.0012473339635933921,0.0012246276192915736
90,3,1-7,adjust,-0.13845370395960618,0.0009317540161607165,0.0007333408953233653
90,4,1-7,adjust,-0.10127247635052085,0.0003785861400028967,0.0005943498656191084
90,5,1-7,adjust,-0.08942596716206444,0.0008843648673995433,0.0007541032571434474
90,6,1-7,adjust,-0.05835210766007126,0.0002757134281840044,0.0008985970315903316
90,9,1-8,adjust,-0.021212813040234136,2.9787069006371863e-05,0.00048599008141823885
91,2,1-4,adjust,0.03721620529388565,8.236707735888147e-05,3.0308092993506662e-05
91,3,1-4,adjust,0.08205577470605971,0.0004159454559800272,0.0004625611371860012
91,6,1-5,adjust,0.01631757825702852,-0.0002705705699434045,0.0005916969067063609
91,7,1-4,adjust,0.004794400926474497,-0.0005090055615917109,3.9611341934702975e-05
91,8,1-5,adjust,0.03273000814183913,0.0004220745968962595,0.00021462592961307367
91,9,1-5,adjust,-0.00358954140699128,-0.00033911247709088766,0.0003635383977013278
92,2,1-7,adjust,0.026922757703451795,-0.0009863844956675598,0.00036212711648580794
92,3,1-7,adjust,0.04037545314379641,-0.0010117338896571684,0.0004390731758256044
92,4,1-7,adjust,0.053973934051451226,-0.0011387011958590024,0.00022437946221647956
92,5,1-7,adjust,0.05596458730786555,-0.000999862685180691,5.6607236722661015e-06
92,6,1-7,adjust,0.020200842919376415,0.0005049841414557758,0.0003112229457216362
92,9,1-8,adjust,0.02315911689838292,-6.484113184034548e-05,0.0006272385761064146
93,2,1-4,adjust,-0.01184485076498931,-8.25135872236909e-05,0.00015432690615425348
93,3,1-4,adjust,-0.0004825924056998885,0.00036744625501569547,0.0006454151850102271
93,6,1-5,adjust,0.023695116787468374,-0.0008235649127161146,3.081969994653758e-05
93,7,1-5,adjust,0.030011667265252874,-6.961243913390137e-05,0.00029507356013678285
93,8,1-5,adjust,0.03891806145388824,6.992353001685645e-05,0.0009322447329533548
93,9,1-5,adjust,-0.03915530032931331,0.0003415860692524125,0.0001861487487926287
94,2,1-7,adjust,-0.03548168762240312,0.001625537117874772,0.00013354080282143322
94,3,1-7,adjust,0.05325148920601522,-0.0002621263871001313,0.00017266179739907104
94,4,1-7,adjust,0.03720608139229619,0.00030268735427028265,0.00030644894499420167
94,5,1-7,adjust,0.004697060195400174,0.00030842711116696,1.3283061155168096e-05
94,6,1-7,adjust,0.003653299430596767,0.0005559021574139774,0.0002468844044121318
94,9,1-8,adjust,0.04339446932902008,0.0014399214670057995,0.0007147495462958704
95,2,1-4,adjust,0.06447632572478493,-0.0021886210012422758,0.0009524808864716687
95,3,1-4,adjust,-0.011976849374156077,-0.00030435172664025915,0.0007313379597787315
95,6,1-5,adjust,0.02115386282317048,0.00022130509040790448,0.000638649065075132
95,7,1-5,adjust,0.03234537172520202,0.00010581993951619444,0.00014852696586609246
95,8,1-5,adjust,-0.04894774708829476,-8.33781067173783e-05,0.00030873761342342003
95,9,1-5,adjust,-0.0166234039904386,-0.00187941736765078,0.0005061298665018112
96,2,1-7,adjust,-0.02149089747487853,-0.00013111527071659382,0.00035321746386456825
96,3,1-7,adjust,-0.07799090134773526,0.0006568941151105839,0.0005844728479436153
96,4,1-7,adjust,-0.11509810877624843,0.0009051132149410558,2.45745994002164e-05
96,5,1-7,adjust,-0.0154946152005288,0.0007113494995030173,0.0005317460068802216
96,6,1-7,adjust,-0.001289169176454274,-0.0003641402985081808,7.052143638960673e-05
96,9,1-8,adjust,-0.0077394038186238065,0.0005307430038525142,0.0004693264199797382
97,2,1-4,adjust,-0.05145051756950366,0.002076346840431251,4.350096151504665e-05
97,3,1-4,adjust,-0.011536577778824136,0.0005301897066555322,0.0005936276325689643
97,6,1-5,adjust,-0.023531781395593844,0.0010778557472399702,0.000964328052393408
97,7,1-5,adjust,0.016806890824613903,0.00027343100828156904,0.00028242112719133606
97,8,1-5,adjust,0.09886801849100157,0.0002230763175831815,0.0005962930185434622
97,9,1-5,adjust,0.06613207805745164,0.000879468811487882,0.0006259175975784496
98,2,1-7,adjust,0.06485079759499981,-0.0009032700360267606,0.00034888495643536313
98,3,1-7,adjust,-0.06832129493908594,0.0001921940664984773,2.2547105721244838e-05
98,4,1-7,adjust,0.10851500432717713,-0.0001439448127672227,0.0004218084926985274
98,5,1-7,adjust,0.03899050986856933,-0.0010427990023104735,8.001103333181423e-05
98,6,1-7,adjust,0.0391003694281491,-0.0006548040430399117,0.000531699045772009
98,9,1-8,adjust,-0.007789768039389421,0.00047589880416730554,0.0012533636351676528
99,2,1-4,adjust,-0.004966923340027044,-0.00046457373853197334,8.038999690214262e-05
99,3,1-4,adjust,0.11695020074547284,-0.0014455223078298526,0.0006541715159606848
99,6,1-5,adjust,-0.04268580842095836,-0.000519482120103656,0.0007196633726910469
99,7,1-5,adjust,-0.04840886715137784,-0.0011885113463575548,0.0008079677232597464
99,8,1-5,adjust,-0.08971539035747463,-0.0007967155260338563,0.00017630567093240867
99,9,1-5,adjust,-0.058108594963173915,-0.0012440297199015193,0.0003298673715205874
100,2,1-7,adjust,0.01603569004240642,-0.001133207277206812,0.00038548118020150727
100,3,1-7,adjust,0.029463888989103123,-0.000263536262093798,0.0002701141575589025
100,4,1-7,adjust,0.05242075238980443,-0.0007790321767386376,0.00026345393846811016
100,5,1-7,adjust,0.12832874643527412,0.0009199912490624756,2.803716469431755e-05
100,6,1-7,adjust,0.053203543359333666,0.0018375275038656593,0.00024336608181426127
100,9,1-8,adjust,-0.01341118556113767,-0.0007486748929201187,0.0004924492171749347
101,2,1-4,adjust,0.023557950822202398,-0.00025990573805409234,0.0012608561226694058
101,3,1-4,adjust,0.04278248333703276,5.8342976270760785e-05,0.0007116706336190821
101,6,1-5,adjust,0.09680480432118926,-0.0006301216854947861,0.0018535368578732488
101,7,1-5,adjust,0.14630878944467685,0.001764637432273162,0.0006923101327133629
101,8,1-5,adjust,0.042425787035742374,0.001418587886743661,0.001287146809577762
101,9,1-5,adjust,0.05754047737459901,0.0008929528602227726,0.00135775557661754
102,2,1-7,adjust,-0.08531168552027846,0.0026683923088176792,0.00039690452127685274
102,3,1-7,adjust,-0.15941735423580988,0.0014452362190306856,0.0004534193128364954
102,4,1-7,adjust,-0.08866479335680572,0.0005127883164641819,0.000812522044926896
102,5,1-7,adjust,-0.06973337849683157,-0.0007670393386192067,0.0011141508128320204
102,6,1-7,adjust,-0.02970048956741254,-0.0013615571411627048,0.0017598072606254448
102,9,1-8,adjust,-0.0012087408383608738,0.00039035318773889964,0.0014734569869434312
103,2,1-4,adjust,0.03159370179414115,-0.0011420555097110007,0.0007475461056780581
103,3,1-4,adjust,0.06000447305617679,-0.001047807589482898,0.001211424670172189
103,6,1-5,adjust,-0.051023874557046746,0.0002951492841578927,0.0005400889027557183
103,7,1-5,adjust,-0.07499194259155977,-0.0008414639399624056,0.0007581393067949731
103,8,1-5,adjust,-0.005578026576041708,-0.00020518029730833706,0.0006633672935077384
103,9,1-5,adjust,-0.051872235450546166,-0.0005443103492487257,0.0003389003837098637
104,2,1-7,adjust,0.013043480725119943,-0.000860810526748233,0.0013764633814641292
104,3,1-7,adjust,-0.019234501369643015,0.0003417556982741443,0.0005910632044051102
104,4,1-7,adjust,-0.0024474396409724128,-0.0007814605244481046,0.0012680304586147814
104,5,1-7,adjust,0.011441272050067782,-0.00025503074433361547,0.0014937594715891543
104,6,1-7,adjust,0.03273445768692241,4.718002895024898e-05,0.0013941372135699885
104,9,1-8,adjust,0.057207898237064674,0.000520016719354204,0.0003482322427046549
105,2,1-4,adjust,0.013512210500070324,-0.00040114237865098476,0.00011812597729212678
105,3,1-4,adjust,0.04425571382190406,-0.0006059005085556276,0.0010077870343182173
105,6,1-5,adjust,-0.023688811857663198,0.00016412619668970584,0.0017646990646379669
105,7,1-5,adjust,-0.020105534608121717,-6.901370642855824e-05,0.0009942700444725877
105,8,1-5,adjust,-0.024700811206779655,-0.00046281646769897705,0.00043990201910975175
105,9,1-5,adjust,-0.06313499608742129,-0.0015801995398000612,0.0005227591097762122
106,2,1-7,adjust,-0.005849849663274182,0.0014522426054299636,0.0002692232683377292
106,3,1-7,adjust,-0.0014672268609489745,0.0004078356171879101,0.0007711092368996792
106,4,1-7,adjust,0.05144292966836954,0.0005568768017817847,0.00025522238206598924
106,5,1-7,adjust,-0.037945052399053734,0.0006919732576192625,0.0006058518929297951
106,6,1-7,adjust,-0.007034859905872711,-9.170506624882681e-05,0.000643168276440197
106,9,1-8,adjust,0.0312159417827029,0.001225248751793145,0.00026217521462504985
107,2,1-4,adjust,-0.008792706084217339,0.00023320242406234696,0.00025540608137668985
107,3,1-4,adjust,0.0253686781394732,4.0632310215370366e-05,0.00034499178420058983
107,6,1-5,adjust,0.0009367444107995083,-0.0005858680526018167,0.0005119922846296736
107,7,1-5,adjust,0.00220866318981801,0.001049854082557287,0.00041243021680772903
107,8,1-5,adjust,0.002670691317248184,0.0003679669689136526,0.0007727477324290261
107,9,1-5,adjust,-0.01266049521048028,-0.0009980393164422225,0.0003640562951438993
108,2,1-7,adjust,-0.08454343880909569,0.0014105957143272754,0.0006629701591221009
108,3,1-7,adjust,-0.05908629083728085,0.00028324873749037573,0.00016182552675276574
108,4,1-7,adjust,-0.07352248782921283,0.0007216830701382934,0.0006072772439150065
108,5,1-7,adjust,-0.08108332358993874,-0.00018330513603793708,0.00044566341276107494
108,6,1-7,adjust,-0.012893092007384263,0.0006327043609924925,0.0014198963807212947
108,9,1-8,adjust,0.026584387502419503,0.0016329151986290659,0.00042586673366440267
109,2,1-4,adjust,0.06522846954256717,-0.0012404133338204902,0.0003948513494313628
109,3,1-4,adjust,-0.018081449091670067,1.270980830018765e-05,8.852679755201935e-05
109,6,1-5,adjust,-0.07960885224845307,-0.0004690123771034271,0.0002518347969386283
109,7,1-5,adjust,-0.07641984933286351,-0.0007774975991696982,0.0005868497632735256
109,8,1-5,adjust,-0.03548032743299036,-0.000913554767560879,0.0007245379178147105
109,9,1-5,adjust,-0.01511222451932794,-0.0005930129678008895,0.00046807623235147015
110,2,1-7,adjust,0.004981645194171771,-0.0008216945102150105,0.00031581359332189104
110,3,1-7,adjust,0.07103215709347695,-0.00027899095878883035,0.0004394995130611432
110,4,1-7,adjust,-0.011359228892633126,-0.0008924747429621319,0.0005135992794101809
110,5,1-7,adjust,0.004813797722631512,-0.00024119556171506708,0.00015084745896118973
110,6,1-7,adjust,-0.019999441888728656,-0.0002556231736414781,0.00016313526889505717
110,9,1-8,adjust,-0.023488919653413723,-0.0006937228909295869,0.0003169518974481087
111,2,1-4,adjust,-0.010052921588616945,-0.0002689018924357624,0.0003477735605718347
111,3,1-4,adjust,-0.05429795799871827,0.0002852723895001645,0.0003679547813707267
111,6,1-5,adjust,-0.019124608532927145,0.0009146726047295308,0.00011576258389735369
111,7,1-5,adjust,0.005106293799265402,-0.0002810951993029034,0.0002665864262571987
111,8,1-5,adjust,-0.025378091931318153,-0.00011015377227014955,0.00039122752430523845
111,9,1-5,adjust,0.01979807945722867,-1.79025020978963e-05,0.0004025666574508319
112,2,1-7,adjust,-0.0029999186298266794,0.0005901935358242042,0.0008892373078176391
112,3,1-7,adjust,0.0796257544175649,-0.0009628178067135924,0.00021397046637028794
112,4,1-7,adjust,0.0650335528557232,0.0005670015069249045,0.00024180933545222356
112,5,1-7,adjust,0.06102656762586666,-2.093606251492193e-05,0.0003266239359524021
112,6,1-7,adjust,0.031706938498264836,-0.00037963241871553135,0.0002827953045195246
112,9,1-8,adjust,-0.047904285729382746,-0.0008537706856242951,0.0009684603841691778
113,2,1-4,adjust,0.012755361778817273,-0.0003300946555401121,8.715274898211821e-05
113,3,1-4,adjust,-0.039489897235043585,-0.0003709663128553011,0.000640013586756442
113,6,1-5,adjust,0.0902935909206324,0.0002166180670904115,0.00030762052189265896
113,7,1-4,adjust,0.00027068424337425124,-4.543557917654801e-05,3.1088274280132926e-05
113,8,1-5,adjust,0.07787287877943819,0.000666689613690659,2.9229644030230636e-05
113,9,1-5,adjust,0.03296360942966918,0.0012879796661307119,3.8821627374384126e-05
114,2,1-7,adjust,0.022534428585724003,1.5479565091294625e-05,0.0007442726725231297
114,3,1-7,adjust,0.061969141157733686,0.0006137160721582514,0.0001811010826488024
114,4,1-7,adjust,-0.007950922898402667,-0.00036836048997256066,0.0003004029209032181
114,5,1-7,adjust,-0.04525319199954465,-0.00021860678422270355,0.0001362246812160291
114,6,1-7,adjust,-0.08779226494217232,-0.00015270257144235462,7.17195273253428e-05
114,9,1-8,adjust,0.0374588320186505,7.936254444851434e-05,0.0007570640107371661
115,2,1-4,adjust,0.0028501035506903433,-8.359560598648098e-05,0.0003852641673207183
115,3,1-4,adjust,-0.06685548154752088,-0.0003929128309341249,0.00014370535094131046
115,6,1-5,adjust,0.011243767174981297,-0.0002198137751989631,0.001159899049843248
115,7,1-5,adjust,-0.004692910862700982,0.0003802894765539396,0.00043556452865814167
115,8,1-5,adjust,-0.12178577672555224,-0.0007727546259044368,0.0004195697388758784
115,9,1-5,adjust,-0.03191901654841533,-0.0007604050616678917,4.917356839563459e-06
116,2,1-7,adjust,-0.061500925885980655,0.0008784831504433569,0.001118390599625021
116,3,1-7,adjust,-0.05337555487132965,0.001063947495929734,0.0009984061339569676
116,4,1-7,adjust,-0.03720747476151394,0.00042260592833101156,0.0002544475344334542
116,5,1-7,adjust,-0.02305894539520359,0.00041346998898031693,0.00010329917422232277
116,6,1-7,adjust,-0.0049326744276741875,0.0008157012800308393,0.0005914714895438161
116,9,1-8,adjust,-0.05117643514354877,-0.0014531533455571434,0.002159305106737175
117,2,1-4,adjust,0.04666494067612423,-0.0007946055807887572,0.0005092185685615165
117,3,1-4,adjust,0.017990282346916554,-7.1418625345601005e-06,0.00046955495959201323
117,6,1-5,adjust,0.008834977298855826,-0.0002704351696002998,0.0009236748636698802
117,7,1-5,adjust,0.001810576785554662,-0.0007611427580980024,0.0008928752100220433
117,8,1-5,adjust,0.0726918663808768,-0.00027849227446305274,0.00010596713459208976
117,9,1-5,adjust,0.05119769130166021,0.0014422338004350535,0.0007679613012974276
118,2,1-7,adjust,0.01182598735594006,-0.0013421832556233468,0.00013573267670418873
118,3,1-7,adjust,0.05505046162340175,-0.0003613847019414128,0.0005714059996995963
118,4,1-7,adjust,-0.018444312575077174,-0.0011235889361257568,0.0006738658782354922
118,5,1-7,adjust,0.06797905075116255,0.00011386732268406203,0.0003227032946342175
118,6,1-7,adjust,0.016862861217656788,-0.0007113586272475612,0.00010499486850684255
118,9,1-8,adjust,-0.02498033574376804,-0.00037536060260272617,0.0004348884862590156
119,2,1-4,adjust,-0.019860588728871687,0.0012427777796217582,0.00014379912637055837
119,3,1-4,adjust,-0.032610534865515274,-0.00017664181100608228,0.00023689316373357022
119,6,1-5,adjust,0.03650907340022451,0.0009729270974268628,0.0018462697049012892
119,7,1-5,adjust,0.018100591994755506,0.001520198349799984,0.0014815834181931328
119,8,1-5,adjust,0.07426746842617897,0.001115832482136034,0.0011608158093207783
119,9,1-5,adjust,0.0257875726518255,0.0009559836873481728,0.0012529808646350698
120,2,1-7,adjust,-0.051996463883495915,0.001542346788399414,0.00010777959503039299
120,3,1-7,adjust,-0.07321947753930787,0.00037488781468746497,0.0005749224370703111
120,4,1-7,adjust,-0.08578781507577839,0.0008484278736750264,0.00034101104038886814
120,5,1-7,adjust,-0.12961696969534903,-0.00104836666584473,0.00010009871569337302
120,6,1-7,adjust,-0.11919312058943413,-0.0010758534938428023,0.0005649064907051357
120,9,1-8,adjust,0.04611698809891447,0.0008544963534020325,0.0004923572362482802
121,2,1-4,adjust,0.017300412425503783,-0.000583988083129092,0.001176177940849463
121,3,1-4,adjust,0.008408411266789631,0.0005657906452699287,0.001144846761796274
121,6,1-5,adjust,-0.04622560032679936,0.0007531581846124274,0.0005551244066829209
121,7,1-5,adjust,-0.130637514784539,-0.0018416607963031286,0.0006973377309442918
121,8,1-5,adjust,-0.08223116855885376,-0.001277400179347396,2.7166819764504424e-05
121,9,1-5,adjust,-0.05435674598534341,-0.0015718892306123774,0.0005891687202526827
122,2,1-7,adjust,0.08079353718994456,-0.0015664527648392818,0.0004587028733249398
122,3,1-7,adjust,0.09991000615382231,-0.0011640121805628334,5.862585137269514e-05
122,4,1-7,adjust,0.11290104785137627,-0.0008221279868645688,0.0002665669623814944
122,5,1-7,adjust,0.007768311056189082,-2.6475961303757445e-05,0.0012005650112230277
122,6,1-7,adjust,-0.0007650711656326379,-0.00012079235816695443,0.001678009586242495
122,9,1-8,adjust,-0.019645138722404688,-0.0001500429141186034,0.0013423568536150665
123,2,1-4,adjust,-0.013093749637625218,0.0006374934319926126,9.773439185326557e-05
123,3,1-4,adjust,-0.012652372858814764,-7.382184018170575e-06,0.0009783738851661505
123,6,1-5,adjust,-0.014132694454904062,0.0005235749132073502,6.768842068286191e-06
123,7,1-5,adjust,0.023544381516821488,0.00039535592010939326,0.0002316291259377207
123,8,1-5,adjust,-0.02117691707369557,0.0002264334060446727,0.0004314219147001567
123,9,1-5,adjust,-0.004592345974758185,3.12457138983923e-05,0.00046446863526382516
124,2,1-7,adjust,-0.0048896147947684095,-0.0006134426692737621,0.00035694157706333494
124,3,1-7,adjust,-0.012428454571939827,0.0010271986274099244,0.0008350218642110337
124,4,1-7,adjust,-0.03877569623919865,0.0003199474136422335,7.74505921300185e-05
124,5,1-7,adjust,0.026379154808113422,0.0017509695752176858,0.0007114844899350037
124,6,1-7,adjust,0.04468319952904542,-0.0002794293095434721,0.00111676317739328
124,9,1-8,adjust,-0.0027213693553870817,-0.00013122945723744058,0.00046710128630751354
125,2,1-4,adjust,-0.05001065281562263,0.0011512379800072338,0.000843155333159813
125,3,1-4,adjust,-0.04225401589131386,-0.0008526826807921179,0.0007147821410457448
125,6,1-5,adjust,0.08933044371855565,-0.001015297033752508,0.00016502938496906248
125,7,1-5,adjust,0.10081952243639349,0.0008954541909102151,0.0008499574207712032
125,8,1-5,adjust,0.06542487097433809,0.0010696763790655464,0.0005989607256944259
125,9,1-5,adjust,0.06860797897819017,0.001216349908831686,0.0014726088502484207
126,2,1-7,adjust,0.00010407483731909,0.0004630143893301363,0.0005156545837295487
126,3,1-7,adjust,-0.001459455425270205,0.0006373277052938507,0.0008285197390316232
126,4,1-7,adjust,-0.005358255043030615,0.0003456415618722651,0.00022034359687142464
126,5,1-7,adjust,0.013924999031998014,-0.0017575742630316726,0.000897421973604427
126,6,1-7,adjust,-0.0017043772200091521,0.0011081106835428192,0.000290591290229587
126,9,1-8,adjust,-0.012362184113044447,9.758205459046427e-05,0.00027564347093477995
127,2,1-4,adjust,-0.009253941218903683,-0.00048149040317039177,0.0005131246503340895
127,3,1-4,adjust,0.013718852149623744,0.00035106042796210953,0.0007500509968218657
127,6,1-5,adjust,-0.05728262018102477,-0.0006879059068332738,0.00011984156012423795
127,7,1-5,adjust,-0.12011118069633954,-0.0010803270074009215,0.0007782470119657627
127,8,1-5,adjust,-0.052022211380936684,-0.0009770242595339967,0.0011691549568935001
127,9,1-5,adjust,-0.029632175581771503,-0.00030706737362281265,0.0005905106629897223
128,2,1-7,adjust,0.0854843012784636,-0.0014030975425847788,0.00024244208073567996
128,3,1-7,adjust,0.0632617158085383,-0.0004884251202693175,0.000581306705943617
128,4,1-7,adjust,0.010927847028644529,-0.00022851985074811548,0.0005042107956653799
128,5,1-7,adjust,0.009976708600569534,0.0011503142659108556,0.0012859886836616697
128,6,1-7,adjust,-0.02656390050441136,-7.12908911498209e-05,0.0004101133703868927
128,9,1-8,adjust,-0.021319772532561915,-0.0011239978930974886,0.0007999431863821339
129,2,1-4,adjust,-0.05035259107729006,0.001343353461485998,0.000394284005987076
129,3,1-4,adjust,-0.058138579221881585,-0.00023937750460023205,0.0005894325271702473
129,6,1-5,adjust,0.0778444120336721,-0.0005733705222528379,0.0003445659181560656
129,7,1-5,adjust,0.15470304429060772,0.0009171997967752292,0.0008182891930076019
129,8,1-5,adjust,-0.0030303187667048946,-0.00038796126614271137,0.00012895119873303305
129,9,1-5,adjust,0.02261884172319206,0.0014031129461873843,0.0007374075393914992
130,2,1-7,adjust,-0.024360187752173402,0.0003939591020809068,0.0012170561367368154
130,3,1-7,adjust,0.013398346429071652,0.00045222365603245186,0.0011038032119776952
130,4,1-7,adjust,0.03660488579082644,0.0012415888579915282,0.0010051077285931926
130,5,1-7,adjust,0.08801880326379558,-0.0003088268724854038,0.0003643598292803468
130,6,1-7,adjust,0.01176470765706188,0.0003932688101835536,0.00034448091798666307
130,9,1-8,adjust,-0.040513539669669536,-0.0011230036622111356,0.0015583856076686925
131,2,1-4,adjust,-0.008996444816605643,0.00027757553564232234,0.0005750094424008822
131,3,1-4,adjust,-0.02820682693983972,-0.00025034236135757686,0.0006907629867863645
131,6,1-5,adjust,0.04258216821438137,0.0007826866957563689,0.0005057247912390842
131,7,1-5,adjust,-0.013588021840568818,-3.3532650946128675e-05,0.0001451078382229821
131,8,1-5,adjust,0.11266354240715258,0.0014498062826562993,2.8470941836594666e-05
131,9,1-5,adjust,0.0579502941357979,0.000647986114937241,0.0009526727004566663
132,2,1-7,adjust,0.03569006056970764,-0.0005613272594876107,0.0006401619392596689
132,3,1-7,adjust,-0.02953943518024666,-0.00029189105941717904,0.0003479648082354274
132,4,1-7,adjust,0.015222380685612524,-0.0008595613666566307,0.0001490699569698256
132,5,1-7,adjust,-0.01723312688046954,0.00037955068161187467,9.203549868855167e-05
132,6,1-7,adjust,-0.032622052655960014,-0.00010099992648479216,0.0010425664548626861
132,9,1-8,adjust,0.04394565949202512,0.0010097124055686588,0.0008402618778514006
133,2,1-4,adjust,-0.005674556191652461,9.54986937354914e-05,0.00029115568632649767
133,3,1-4,adjust,0.06992389819351116,-0.00023991675578111354,0.00012107082205939651
133,6,1-5,adjust,0.03776402232385928,0.0003184959761986787,0.0005867216609157997
133,7,1-5,adjust,-0.003915450367816898,0.0006016338091519793,0.0001345689390043421
133,8,1-5,adjust,-0.08070018560733712,-0.001144863848602043,0.00040762825830280595
133,9,1-5,adjust,-0.0716006267606048,-0.0007353466618129015,0.0006204620434029518
134,2,1-7,adjust,-0.03815065040184448,0.0002598753518985365,0.0011147449193447054
134,3,1-7,adjust,-0.10264057911294155,0.0012383868645739569,0.0010249439169561989
134,4,1-7,adjust,-0.09164862901670731,2.9414442361896686e-05,0.0005848777992028917
134,5,1-7,adjust,-0.0985892488341155,-0.00014714414356306867,0.00014579812778259163
134,6,1-7,adjust,-0.05889059164274919,-0.0001953519872806999,0.0007964208061047073
134,9,1-8,adjust,0.021565012953332668,-0.00109746453549841,0.0009771605610189255
135,2,1-4,adjust,0.0007782602489680006,0.0004702832410794239,0.00027581356696104145
135,3,1-4,adjust,0.03699363431390342,-0.0007339079313995144,0.00013272516788768665
135,6,1-5,adjust,-0.05315461519014639,-0.00032393996481773013,0.00027491485775399426
135,7,1-5,adjust,-0.020708674431760245,-0.0008821978049304735,8.823102981321894e-05
135,8,1-5,adjust,-0.013138877986468856,0.0014800248031208681,0.00038018798073579405
135,9,1-5,adjust,-0.0008018966373295354,0.001392104501626109,0.0004285761232215278
136,2,1-7,adjust,0.04407988142859688,-0.0014487236880460794,0.001289125295825727
136,3,1-7,adjust,0.05023181510999161,0.00019089771824613839,0.00048023425129861664
136,4,1-7,adjust,0.0949565008709359,0.00040988589034191827,0.0005956317309229972
136,5,1-7,adjust,0.08554951787796347,0.0007475351173103895,0.000486936276991782
136,6,1-7,adjust,0.08265535584923142,8.831265260104499e-05,0.0009148969105999768
136,9,1-8,adjust,0.004382402131617904,-0.0007715733080979806,1.0771187570907428e-06
137,2,1-4,adjust,-0.009773385887332498,-0.00026006752679863103,0.0006417936725448243
137,3,1-4,adjust,0.0038382837798658347,-0.0009398413421760652,0.0007915717240757554
137,6,1-5,adjust,0.05881963124279029,-0.0008384328732222524,0.0002114954794908349
137,7,1-5,adjust,0.07161437236698574,-4.988947422166138e-05,0.0003625955952996213
137,8,1-5,adjust,0.057632351098949354,0.00015642102719796758,0.0004565355456481922
137,9,1-5,adjust,0.042546761025885525,0.001523284877655161,0.00047849401465176205
138,2,1-7,adjust,-0.010348682827680646,0.0009375879211328095,0.0007590516115537778
138,3,1-7,adjust,-0.01720068545164753,0.0007830587271502877,0.0009127432930813354
138,4,1-7,adjust,-0.013161601249735966,-0.00122850449791717,0.0008245580804215471
138,5,1-7,adjust,0.026041117505612252,-0.0014929491840507006,0.0006171050871481808
138,6,1-7,adjust,-0.014998881632824708,0.0008391178774082443,0.0008954537838876806
138,9,1-8,adjust,-0.0065327705677366244,-7.313898870162703e-05,0.0011001652075632892
139,2,1-4,adjust,0.02622466025736277,-0.0017617462265833287,0.0003415205716452573
139,3,1-4,adjust,0.039338565941077944,-0.0002776228280263212,8.20700044447765e-05
139,6,1-5,adjust,-0.016314578716774396,0.0001703429195214868,0.0017042714490250375
139,7,1-5,adjust,-0.048075704477204155,-0.00034112621450733586,0.0008167237813545225
139,8,1-5,adjust,-0.0737007241426386,-0.0016270438935909023,0.0005307377293681374
139,9,1-5,adjust,-0.057139386501090524,-0.002040866473948237,4.6364237035280346e-05
140,2,1-7,adjust,-0.01946458229673507,0.0019671930046212325,0.0010074265890314344
140,3,1-7,adjust,-0.036292587570991124,-0.0001826719811745624,1.2660792091967174e-05
140,4,1-7,adjust,0.15883052983341858,0.0006430975398271883,7.227916880472523e-05
140,5,1-7,adjust,-0.0016055359990442611,0.0008749932400260868,0.0005518054711453654
140,6,1-7,adjust,-0.008575185928111346,-0.0008092355375550129,0.0012357293439881859
140,9,1-8,adjust,-0.013330265937262536,0.0004031359829130519,0.0004393724015070892
141,2,1-4,adjust,0.043083273671766564,-0.0023327617546099614,0.0013705493210583101
141,3,1-4,adjust,0.1730948342420275,-0.001436136860439804,0.002719738367905076
141,6,1-5,adjust,0.014957175441312332,0.0008752403292431508,0.0005903713628058592
141,7,1-5,adjust,0.03804506213305933,0.0011413271745983101,0.0005833473177719377
141,8,1-5,adjust,0.06550253824116714,0.0008710558605127975,0.000239688118056541
141,9,1-5,adjust,0.039311628282964056,0.0009149407016122621,0.0005979945670497539
142,2,1-7,adjust,-0.06998385374936156,0.0021242760701403697,0.00039930816174126076
142,3,1-7,adjust,-0.20626112904222055,0.003216407646300047,0.00042324972381056265
142,4,1-7,adjust,-0.15514553449868165,0.0005941846576192097,0.00022356167996536193
142,5,1-7,adjust,-0.058734130858981486,-0.000580749607973011,0.0001267581664971683
142,6,1-7,adjust,-0.022121862018520545,-0.0009968497180881863,0.0006604433790025215
142,9,1-8,adjust,0.02099968076718259,-0.0005047301689074971,0.0005760353313195051
143,2,1-4,adjust,0.05159383748731851,-0.00024046178055175715,0.00023259518441364795
143,3,1-4,adjust,0.05080078422083028,-0.0010857862432106815,0.0007142015913468622
143,6,1-5,adjust,-0.054920670449069835,6.8526617124712e-05,0.0007609583760339803
143,7,1-5,adjust,-0.0892242126626016,-0.00025230438786012365,0.0004061389865716561
143,8,1-5,adjust,-0.057186214583481776,-0.0009395979557170416,0.0009933730858277155
143,9,1-5,adjust,-0.07031147760012392,-0.0015542771208522713,0.001519031091023136
144,2,1-7,adjust,-0.059611489566303945,0.001232165933288299,0.0017526386080763323
144,3,1-7,adjust,-0.04798653486533783,-0.00010868793728396184,0.001371714500182671
144,4,1-7,adjust,-0.06009477757334336,0.0008257896541443174,0.0013724008439159672
144,5,1-7,adjust,-0.08698485592389871,0.0004148072994786008,0.0014366312347534336
144,6,1-7,adjust,-0.01749337286218699,0.0007892026504177667,0.00025209820851120144
144,9,1-8,adjust,0.009920718636059088,0.000712843100347414,0.0008182710938550228
145,2,1-4,adjust,-0.013346284061392233,-0.00039991753394507583,0.00028851051636980067
145,3,1-4,adjust,-0.009401613576168479,0.0013101955459590814,5.026823702937727e-05
145,6,1-5,adjust,-0.02334939590544612,-0.0007474611652411158,0.0018166530554704712
145,7,1-5,adjust,-0.02392696103966547,-0.0006843818594628315,0.0012068993552861236
145,8,1-5,adjust,0.02110712336302766,0.0007465668684136255,0.0006628937662331959
145,9,1-5,adjust,0.031037612320548764,3.538380343973166e-05,0.0012697678780783062
146,2,1-7,adjust,0.05973984791757223,-0.0008087909387945727,0.000322510519909259
146,3,1-7,adjust,0.10067770780470787,-0.0023326785022225118,0.000574181924596294
146,4,1-7,adjust,0.08531142934685092,-0.001713897926192695,0.0007109283631375311
146,5,1-7,adjust,-0.014265771023496646,-0.0006835873043034518,0.0002607689049240129
146,6,1-7,adjust,0.02208535835232157,0.0004796793305017955,0.00044067973796035534
146,9,1-8,adjust,-0.0023198042759271366,0.0013732798520233913,0.0008467780006588427
147,2,1-4,adjust,-0.005979880682753425,-0.0006070263813584793,0.0007595949202245749
147,3,1-4,adjust,0.0036750693135468066,0.0007445706917958076,0.0007843148637270255
147,6,1-5,adjust,-0.078132242297658,-0.0004910272887684707,0.0012844737022683086
147,7,1-5,adjust,-0.06744713762147164,-0.0003630276519477133,0.001204006400253184
147,8,1-5,adjust,-0.017096776979236717,-0.0002375334867843702,0.00011685515064206839
147,9,1-5,adjust,-0.04453581963970429,-0.0009746088870102812,1.970819490953195e-05
148,2,1-7,adjust,0.03347430635384679,0.000690016295191529,2.9496494430614008e-05
148,3,1-7,adjust,-0.027024896428986575,-0.0004942570407239111,7.34065313892281e-05
148,4,1-7,adjust,-0.024892152661019625,9.647669462806148e-05,0.00035196261052433973
148,5,1-7,adjust,0.062451828413129504,0.0009784586290586808,0.0007232267382485488
148,6,1-7,adjust,0.0023963026978180224,0.00017807559841816287,0.000706601548518645
148,9,1-8,adjust,0.04216547077692734,-0.0004751053462343165,0.0012476875434193136
149,2,1-4,adjust,-0.040275454076118336,-0.00023066594335346705,0.00086570113717084
149,3,1-4,adjust,-0.014417586632098297,0.00010456462213004188,0.0010638183993064332
149,6,1-5,adjust,0.07041334594240087,0.00030349316089725386,0.0004009223735317318
149,7,1-5,adjust,0.12627080126161752,0.0012472607206138187,0.00047781044368614865
149,8,1-5,adjust,0.02258825268314985,0.00022221878390471183,0.0002003888194197723
149,9,1-5,adjust,0.054784809329995764,0.0011985093029581923,0.001222206201901742
150,2,1-7,adjust,-0.08896294753995972,0.0014509567592643955,0.000686052276849856
150,3,1-7,adjust,-0.023338345934826962,0.0006742459789170208,0.0009511253507199646
150,4,1-7,adjust,-0.10212710480567086,0.001278122848821371,0.00021603992207004392
150,5,1-7,adjust,-0.0025092939181531816,-0.00010441743493545732,0.0006852934196909228
150,6,1-7,adjust,0.02049066067468471,-0.00011084349206107663,0.0003932107842362659
150,9,1-8,adjust,-0.05427941410089631,-0.0009313470441894989,0.0007637964408320257
151,2,1-4,adjust,0.04825052140121956,-0.0005759999088848721,0.0009783100288689316
151,3,1-4,adjust,-0.09060172785044934,0.0007984320818965383,0.0013284140308610852
151,6,1-5,adjust,-0.01825391814881937,0.0002883113547861178,0.00018935736463746074
151,7,1-5,adjust,-0.011867606847132974,-0.00018756412609501335,0.0005889749733001124
151,8,1-5,adjust,0.02409276021698128,-0.00033093029576376694,0.001178000621129951
151,9,1-5,adjust,0.0313337272015932,0.001335663912953741,0.000331435025723153
152,2,1-7,adjust,0.020173469773671557,-0.00010279983082180444,0.00044979746648188946
152,3,1-7,adjust,0.06874306162328651,-0.0007053666408832746,0.0005950366514216559
152,4,1-7,adjust,0.06423989498000282,-0.0003831591840230825,0.0006114810694880273
152,5,1-7,adjust,-0.006513885487639503,-0.00032780615844953,9.723122701044827e-05
152,6,1-7,adjust,0.026727625458545918,0.00022505017780227152,0.0007029743192955157
152,9,1-8,adjust,-0.03238763502040812,-0.00038249148891082897,0.0001592099383804739
153,2,1-4,adjust,0.016035827947213505,-0.00017811968568291086,0.00013302691858106002
153,3,1-4,adjust,-0.002927631839346243,-0.00042752969072848077,0.000178420140204343
153,6,1-5,adjust,-0.05484625378580338,-3.967360611020928e-05,0.0007107487781214365
153,7,1-5,adjust,-0.028453061192655397,-0.0012426123171832577,0.0013865195308523576
153,8,1-5,adjust,0.02464494380713638,-0.00018178176933940054,0.0001567387052034428
153,9,1-5,adjust,0.0025482408802757896,-0.00014292472174582378,0.0008416725788856018
154,2,1-7,adjust,0.037045875764094884,-0.0018141377291204035,0.0007234118354799217
154,3,1-7,adjust,0.06229134287383449,-0.00015244122182558466,5.105660596775996e-05
154,4,1-7,adjust,0.08209941363743407,-0.0014150393453419546,0.00017585286857069187
154,5,1-7,adjust,0.017360797136386195,1.3186674324732013e-06,0.0010977425291390926
154,6,1-7,adjust,0.08022407233223952,0.00012364582037749293,0.0012796515313767468
154,9,1-8,adjust,0.010203004213557286,0.0006354256145359113,0.0015212292451076616
155,2,1-4,adjust,0.0001253119722985072,0.0003355906866099348,0.0011169590430539433
155,3,1-4,adjust,0.03883121629034788,-0.00031698806564720494,0.0014853660453762949
155,6,1-5,adjust,-0.01864500556263359,-0.0011938073328807322,0.0005828611376987987
155,7,1-4,adjust,0.02000665820683749,0.0013342855214123006,3.0447967359141e-05
155,8,1-5,adjust,-0.0031492454852624883,0.00042974257008533494,0.0008662856492598272
155,9,1-5,adjust,-0.008946798478951468,0.0002841081159289324,0.0014442067864614409
156,2,1-7,adjust,-0.03644273821634773,0.0007318796162805066,1.9032179187827492e-05
156,3,1-7,adjust,-0.008756807242098352,0.00017955681688222293,4.8537260246480066e-05
156,4,1-7,adjust,-0.138191302567721,0.0008078572985026422,0.0011613617844626887
156,5,1-7,adjust,-0.017419690550312256,-0.00045174678070781127,0.0004252313791687873
156,6,1-7,adjust,-0.018669975380935785,0.0015934566138986151,0.0008644812392330198
156,9,1-8,adjust,0.02397730966810297,-0.00035719862830159264,7.58262659940122e-05
157,2,1-4,adjust,-0.007159237827672556,0.0006862869514613639,0.0008850411647439002
157,3,1-4,adjust,-0.12569674226056665,0.0012863304068951864,0.0009704049770457453
157,6,1-5,adjust,-0.04431042897781043,-0.0005463451084384067,2.504017956706186e-05
157,7,1-5,adjust,-0.01702000087611268,-0.0013936094575660823,0.0009815694589431073
157,8,1-5,adjust,-0.08866596115938608,-0.0001139103005876469,0.0003788190616038306
157,9,1-5,adjust,-0.04404947661242882,-0.001156502070789894,0.0004936748933347145
158,2,1-7,adjust,0.026022213547385983,-0.0014349328466078425,9.966173272269714e-05
158,3,1-7,adjust,0.1713790854512762,-0.0011919705013461593,0.0003434480528992337
158,4,1-7,adjust,0.08036988252693929,-0.00042568668745230715,0.0007565527096506282
158,5,1-7,adjust,0.056217801078896706,-3.299071489985854e-05,9.848685990133752e-05
158,6,1-7,adjust,0.10504825299033567,0.00045088956266254465,0.00023950613520778145
158,9,1-8,adjust,0.00034185729194757006,0.00030866704621576287,0.0003778152646776212
159,2,1-4,adjust,-0.014010177131263329,0.0010963575115386427,0.0001354259140062859
159,3,1-5,adjust,-0.0986823277811393,0.00038814130149331485,3.096259550179585e-06
159,6,1-5,adjust,-0.05483383362364404,-0.0005163500936198434,0.0004565825343470253
159,7,1-5,adjust,-0.005399149636659569,0.0010538919548981544,0.0001691302825119449
159,8,1-5,adjust,0.05639082809347716,-0.0003510028201417987,0.00046075969497762947
159,9,1-5,adjust,0.009279105753831167,-0.0005214787284049622,0.0005278594988484288
160,2,1-7,adjust,-0.026268975453172985,9.092057197606805e-05,0.00032126071415832094
160,3,1-7,adjust,-0.0307953291306393,-0.0003378978113540074,0.000922338842145857
160,4,1-7,adjust,-0.06546364569451862,0.0007993664427725547,0.0015849871305443986
160,5,1-7,adjust,-0.0766227818525797,0.00024019476665549638,0.00012889101636082782
160,6,1-7,adjust,-0.01725113098212347,-1.628599004647964e-05,0.0015823625569790117
160,9,1-8,adjust,0.00991064060310998,0.00027120903979886625,0.00012751629720864833
161,2,1-4,adjust,0.005905389558352923,0.0005179853801865428,0.0009318153046114482
161,3,1-4,adjust,-0.023540673890087224,0.0005848559997784161,0.0005322611090623757
161,6,1-5,adjust,-0.024962685234376343,-0.0009807272109585415,0.000505169600579893
161,7,1-5,adjust,-0.026740760920311153,-0.0007120182223852594,0.0004615349918835068
161,8,1-5,adjust,-0.06458153530128677,-0.00023576666686481531,0.0007393422795660586
161,9,1-5,adjust,0.007924381436729789,-0.00012174467049863486,0.0007818337935814426
162,2,1-7,adjust,0.06249801202074795,-0.0011619867754725712,0.0011079511202524929
162,3,1-7,adjust,0.09855281307580971,-0.00046847809482857987,0.0005423655871768498
162,4,1-7,adjust,0.09315242966504737,-0.0006353916821778515,0.00019020252480086736
162,5,1-7,adjust,0.07319940458746145,2.0816430075139454e-05,0.0005360594775687965
162,6,1-7,adjust,-0.0012216968211967538,-0.0005101181211417576,0.00047348165547631785
162,9,1-8,adjust,-0.037461585880453264,-5.401848942563088e-05,9.673578162452498e-05
163,2,1-4,adjust,-0.024537282414298523,6.284337564070162e-05,0.0001946223005195734
163,3,1-4,adjust,-0.019747464786578052,-0.0005112213650733684,0.0002511687894632012
163,6,1-5,adjust,0.0873476178793241,0.001319816764377774,0.00017059789735912796
163,7,1-5,adjust,0.056753370658127196,0.0008390965134429276,0.0006141355313924968
163,8,1-5,adjust,-0.01403234926005417,0.0012639973120355745,7.842459928592115e-05
163,9,1-5,adjust,0.008402441245355363,0.00045766992385235054,0.0002973616170300389
164,2,1-7,adjust,-0.018892829732884916,0.0002532679704164888,0.0010883240483782358
164,3,1-7,adjust,-0.0499161010290831,0.0004021139745837585,2.542939641356635e-05
164,4,1-7,adjust,-0.08254269253402721,0.0004264154711792862,0.0003970908490982775
164,5,1-7,adjust,-0.06905612002854884,0.0006075983352177588,0.0002292156117409994
164,6,1-7,adjust,-0.06574646771995653,-0.0006934448877191184,0.0008157782084332205
164,9,1-8,adjust,0.0036431990656001375,-0.0006465271240759852,0.0013284930401689166
165,2,1-4,adjust,-0.012799839761296275,0.0005545428043311701,4.988985188817995e-05
165,3,1-4,adjust,-0.011320235279888017,0.000688375881676795,0.000228634129111225
165,6,1-5,adjust,-0.012577719396877492,0.0005296157553477373,4.2562344222841945e-05
165,7,1-5,adjust,0.03023397322940773,-0.0021295543051840274,0.00011299601495730227
165,8,1-5,adjust,0.04155821712259617,-0.0010297149063698318,0.00043927224978338207
165,9,1-5,adjust,0.048730194383675145,0.001544619802838141,0.0003900449327619091
166,2,1-7,adjust,0.03970628555823336,-0.001480645122112052,2.760187710917457e-05
166,3,1-7,adjust,0.1603195583398449,-0.0018749473687855935,0.000945823474567268
166,4,1-7,adjust,0.253661154996304,-0.0011903128337167673,0.00043171316532105374
166,5,1-7,adjust,0.22496993752650518,-0.00035034964673767987,0.0007723355794042488
166,6,1-7,adjust,0.15218819815734289,8.933805962757194e-05,0.00042345014133502996
166,9,1-8,adjust,-0.03601734445801929,-0.001052850838832162,0.0008365738712438497
167,2,1-4,adjust,0.06948514993670664,-0.0014757335152453662,0.0020889776053568993
167,3,1-4,adjust,0.030787834138092003,-0.0012891056195003482,0.0018255162698763453
167,6,1-5,adjust,0.02965220045997358,-0.00022439689777384417,0.00026872283387235685
167,7,1-5,adjust,0.09454136972031524,0.001972749175606272,0.0008560727024963512
167,8,1-5,adjust,0.07715166132470705,0.0007163173513823632,0.0013181918265909797
167,9,1-5,adjust,0.011829306381839506,0.00017516107898825985,0.0015235492599713775
168,2,1-7,adjust,-0.1054752779108136,0.0026793475156243517,0.0008272136244144738
168,3,1-7,adjust,-0.13801472416298802,0.0018561227824180201,0.0005088082743895644
168,4,1-7,adjust,-0.2576860992965264,0.000554316975127179,0.0003356695858530782
168,5,1-7,adjust,-0.08913319043757614,4.631765287015398e-05,0.00026566949600099967
168,6,1-7,adjust,0.02159742693752388,0.0012278362444609844,0.0007131806461391015
168,9,1-8,adjust,0.023782107743560953,0.0007265229825401114,0.0007316158875118653
169,2,1-4,adjust,-0.0003349289683287877,0.0004783809445996009,0.0006022426219186435
169,3,1-4,adjust,-0.028954898572114408,0.0017082843949497997,0.0013126352981139907
169,6,1-5,adjust,-0.08010403342970952,-0.0007770294603872749,0.0021243979490675456
169,7,1-5,adjust,-0.07502134066803887,0.00018783487532044582,0.0011254754145309258
169,8,1-5,adjust,-0.013882875698832479,-0.00020629107584523438,0.0013099397111141942
169,9,1-5,adjust,-0.034897558813886634,-0.0008599675164901767,3.613608901274424e-05
170,2,1-7,adjust,-0.03442182289159806,-1.9086030083152905e-05,0.00023308737261310168
170,3,1-7,adjust,-0.023836757979069496,-0.000488491069199816,0.0003451353922765325
170,4,1-7,adjust,0.04084722389843839,0.0006666569260059213,3.942802183745212e-05
170,5,1-7,adjust,-0.012827028921076788,0.00027383622867738184,6.159078134040904e-05
170,6,1-7,adjust,-0.06999094335180107,0.00012983938902121447,8.092129081506107e-05
170,9,1-8,adjust,0.041712750879728554,-4.350705934563776e-05,0.0002058993465213901
171,2,1-4,adjust,0.06208867228116557,-0.000289152134541029,0.0004944987330635421
171,3,1-4,adjust,-0.002707041914309232,7.567512053777045e-05,0.000758234164354102
171,6,1-5,adjust,0.050037068728974975,5.930229923975465e-05,0.0008176678843521221
171,7,1-5,adjust,0.06265517102380466,-0.0004579201735191213,0.0004128799013393291
171,8,1-5,adjust,-0.019617263389636014,0.00037974351795920904,0.00020630955295534935
171,9,1-5,adjust,-0.01323263698247333,0.0013062102335702776,0.0012727823098007374
172,2,1-7,adjust,0.022857105469899684,-0.0008612497132455364,0.0004819611828548399
172,3,1-7,adjust,0.04444876714397436,-0.00013321366236906024,0.00039199285155458116
172,4,1-7,adjust,0.1263507131505199,-0.000554915235963735,0.0014879484908716274
172,5,1-7,adjust,0.0619416830805739,0.00013825858047830842,0.00048601521013090797
172,6,1-7,adjust,0.04049257376592602,0.00024367927435124385,0.0005230022250128231
172,9,1-8,adjust,-0.002084186570765217,9.680733363416848e-05,0.00012440243224159044
173,2,1-4,adjust,0.028612396786555673,-0.0008922997622826296,0.0016777613029652714
173,3,1-4,adjust,0.07076488761211257,-0.0015891321169542961,0.001243078835031316
173,6,1-5,adjust,0.03402008231725492,-0.0007993877764662935,0.0007489420525841368
173,7,1-5,adjust,0.014218456599726268,0.0011154177216012766,0.0009133479700709038
173,8,1-5,adjust,0.07788824528471233,0.0011958712639891685,0.0019540834890797235
173,9,1-5,adjust,-0.008251796614855724,-0.0009553086520373069,0.0005087266526630498
174,2,1-7,adjust,-0.08916423528059554,0.001970813909600667,0.0011184980769929115
174,3,1-7,adjust,-0.15943257545856795,0.0022837840062186095,0.001206739044729935
174,4,1-7,adjust,-0.16671204921873714,0.0010344047082556838,0.000904529011974422
174,5,1-7,adjust,-0.0927559054985968,-6.520839525925067e-05,0.0013652466272501972
174,6,1-7,adjust,-0.012119839728946886,0.000809748168737844,0.0010971935875026425
174,9,1-8,adjust,0.059730456419098264,0.0026056865954560996,0.0005320858673460649
175,2,1-4,adjust,-0.00591134131811506,-4.741539816129889e-06,0.00048285937291013195
175,3,1-4,adjust,0.025953184760599747,-0.0006240924100552941,0.0011419483591241395
175,6,1-5,adjust,-0.09350019036627055,-0.0007150737500148989,0.0003816555486582167
175,7,1-5,adjust,-0.08317587570483961,-0.0006143957002404799,0.00026972402600156163
175,8,1-5,adjust,-0.06715822441460369,-0.001776179905382764,9.32914008164112e-05
175,9,1-5,adjust,-0.05886150783908203,-0.002293712400734063,0.0006309962581833078
176,2,1-7,adjust,-0.004461099313735809,0.0004987135561841724,0.0007420231916307843
176,3,1-7,adjust,0.014892737212528987,-0.0006854818902304881,0.0003731420950215008
176,4,1-7,adjust,0.013824660575971537,-0.0004483979416594845,0.00036414180924334785
176,5,1-7,adjust,-0.08309578870258416,-0.00036690876209297373,0.0005266707694236725
176,6,1-7,adjust,-0.004661537132986389,2.0474712556407874e-05,0.0006856494181955599
176,9,1-8,adjust,-0.005051843942035218,-0.0004522915621310252,0.0006163807609631359
177,2,1-4,adjust,0.017723944107673913,7.335310954192876e-05,0.000346809399421463
177,3,1-4,adjust,0.0013608323884788042,0.0008496622225691064,6.46947914761462e-05
177,6,1-5,adjust,-0.0783788730115699,6.78385894941126e-07,0.0004671551506919721
177,7,1-5,adjust,-0.1007361633801104,-0.0007212257683383082,0.000325230805640057
177,8,1-5,adjust,-0.03290510471597122,-0.0007565357322141327,0.0004383250604442117
177,9,1-5,adjust,0.003477643635852824,-5.238502672740705e-05,0.0003511813985341524
178,2,1-7,adjust,0.03952866201887672,-0.0009462852232621726,0.0005326495479066691
178,3,1-7,adjust,0.06955845139385053,-0.0006851152086602019,0.0007421465863250835
178,4,1-7,adjust,0.1774661186589183,-6.606062504858348e-05,0.0007621962483398376
178,5,1-7,adjust,0.007748351515182549,0.0003065266068219534,0.0011061032248227078
178,6,1-7,adjust,-0.019654200465919966,0.00028777743362700195,0.001481297892072355
178,9,1-8,adjust,-0.029133518079604372,0.000675942012133769,5.9066889385343306e-05
179,2,1-4,adjust,0.016132752239079555,-0.0012128142936745,0.002275009474038011
179,3,1-4,adjust,0.05744346998292123,-0.0006102412075039502,0.002438488773254015
179,6,1-5,adjust,0.031193837904862694,0.00013886937841588228,0.0015416731325417466
179,7,1-5,adjust,0.007463834573975606,0.00015313161357396224,0.0015076974172887623
179,8,1-5,adjust,-0.012348607544512585,0.0014973303660487948,2.542223471611787e-05
179,9,1-5,adjust,0.03043361712056059,-0.0004549369385478238,0.0005870114725699053
180,2,1-7,adjust,-0.040614587530841066,0.0014053657222173775,0.0004370136091160373
180,3,1-7,adjust,-0.08436294998919013,0.0006328108260339,0.0007716526799532142
180,4,1-7,adjust,-0.16293655615045258,0.000501389671864065,0.0007287650549688469
180,5,1-7,adjust,0.021881406396017253,-7.153799996365587e-05,1.7676634914866753e-05
180,6,1-7,adjust,0.009003044575370097,-0.00032097390227815486,0.0006405868347784514
180,9,1-8,adjust,0.0012013901060572915,-0.00036603742921374706,0.0016345466110933389
181,2,1-4,adjust,-0.01851192818694993,0.0004845874754031514,0.00046444349692020565
181,3,1-4,adjust,-0.0246094610935129,0.0002818953237205855,0.00043733551716382165
181,6,1-5,adjust,0.012802965355950284,0.0008451125840516078,0.00040923988571784763
181,7,1-4,adjust,0.09736444570310308,-1.241355175008765e-05,8.02102757503374e-05
181,8,1-5,adjust,0.025889242582429348,5.55556082776615e-05,0.0002700348402838857
181,9,1-5,adjust,-0.024892607230318692,0.00020677625170219756,0.0005940163798057545
182,2,1-7,adjust,0.021357656456075066,-0.0011322623664494454,0.00025893761392909673
182,3,1-7,adjust,0.0949891151643957,-2.4375138801373745e-05,0.000544149444416135
182,4,1-7,adjust,0.08028903499059728,-0.0011758249378982608,0.0007305930311452364
182,5,1-7,adjust,0.03709098989784021,-0.0006062687796103894,0.0010427071668981085
182,6,1-7,adjust,0.08990012656189687,-0.0012863058231218927,0.0013750423720451667
182,9,1-8,adjust,0.0231588343327924,-0.00012641009152363926,0.00012190144780275017
183,2,1-4,adjust,0.014373761345762747,5.7027726384335176e-05,0.00020667190514678227
183,3,1-4,adjust,-0.02121836415024007,-0.0013125576063657773,0.001360623946553433
183,6,1-5,adjust,-0.06758815434685728,0.0009461490577627191,0.00021595526208514375
183,7,1-5,adjust,-0.05252933524276029,0.00020394017910627322,0.00023259300877747846
183,8,1-5,adjust,-0.05641789593126339,-0.0006298212641833807,8.585598806062762e-05
183,9,1-5,adjust,0.0041598802041569495,0.0006839232940708281,0.0012348900127203152
184,2,1-7,adjust,0.006862036767970835,-0.00018600627107027095,0.00011881858795339878
184,3,1-7,adjust,-0.07288293187153862,0.0014969610828326448,0.0004698784283575453
184,4,1-7,adjust,-0.0901761732944221,0.0003702194126794896,0.00037219886022091427
184,5,1-7,adjust,-0.029528053548523735,0.00035016807413172977,0.0001358358771046849
184,6,1-7,adjust,0.02333447938130756,-0.0005155324895549623,5.780877136365776e-05
184,9,1-8,adjust,-0.05134578758054643,-0.0002491370409904542,0.0007049104502666994
185,2,1-4,adjust,-0.027179075904778482,0.0006466247786511856,0.00042033225429723023
185,3,1-4,adjust,-0.011889870171568792,-0.0002378368584913764,0.00036636750040259836
185,6,1-5,adjust,-0.04377858179942897,0.0007590007197908403,0.00018603085464465364
185,7,1-5,adjust,0.0013794890906932659,-0.0003245489031096321,0.0003063729435365143
185,8,1-5,adjust,0.027240911573326938,0.0003470408386194981,0.0007215668480520456
185,9,1-5,adjust,0.048986318946348285,0.00032187559901221635,0.0006196727372489157
186,2,1-7,adjust,-0.008862847425612545,0.0003190225563606585,0.00024524447081486635
186,3,1-7,adjust,0.11164524943287892,-0.0002696239409352376,0.0005285914233809438
186,4,1-7,adjust,-0.03471597602576955,-0.0006222529268055791,0.0005637559531166441
186,5,1-7,adjust,0.009166196086705452,-0.0006200661905132573,0.0005332547452805156
186,6,1-7,adjust,0.053564014524376063,-0.00014382226219058757,0.0007443755687991608
186,9,1-8,adjust,-0.0017251972574448295,-0.0011083953233855227,0.00036439021883378846
187,2,1-4,adjust,0.026583286367442335,-0.0017663665714589354,0.00029483169974453614
187,3,1-4,adjust,-0.10981374997103814,0.0009505786469867905,0.0005223334624156517
187,6,1-5,adjust,-0.04695760262418678,-0.0010894465715594788,0.0011849464122528003
187,7,1-5,adjust,-0.013785043352168914,0.00012836292833878952,0.0007169969473302025
187,8,1-5,adjust,-0.04270628990921419,-0.00023636414379541018,0.0001427106133186974
187,9,1-5,adjust,-0.024109749359525586,4.483535479549409e-05,0.00030799501740992564
188,2,1-7,adjust,0.0036157808130298733,0.0009496942539878068,0.0001629481832327718
188,3,1-7,adjust,-0.022397772683308156,-0.00037156122684067,0.00044704191861201747
188,4,1-7,adjust,0.02030290780313966,0.0006726878918383916,0.0006285263638744474
188,5,1-7,adjust,0.024860254958977937,0.0013453918543294577,2.4712682400699207e-05
188,6,1-7,adjust,0.015125826699639104,0.0011819263532535868,0.0003087399762707917
188,9,1-8,adjust,-0.02438332280689821,-0.00016651630793938267,0.0008423090857819236
189,2,1-4,adjust,-0.05008803561880009,0.0007106519231161265,0.0007028673649337988
189,3,1-4,adjust,0.006179767961574577,-0.000887081933096057,7.884546974707184e-05
189,6,1-5,adjust,0.0504017643491926,-0.00026528622958478277,0.001192127973658567
189,7,1-5,adjust,0.07170886017760043,0.00014375938178343465,0.0003999014912658731
189,8,1-5,adjust,0.07494333204367987,0.00014520892197039673,0.0007650580253384362
189,9,1-5,adjust,0.05943693417984007,0.0016408763873163007,0.0007492539838478451
190,2,1-7,adjust,0.020615088367106155,-0.000699308503487553,0.0003736801682158678
190,3,1-7,adjust,0.08587550471913909,4.456148175903545e-05,0.001188280173213602
190,4,1-7,adjust,0.06188161916720745,0.0006199549816601336,0.0004712205097158531
190,5,1-7,adjust,-0.10072688404074054,-0.0007905368837979944,0.00022102917419337603
190,6,1-7,adjust,0.0024419722076643112,-0.00048352197625396254,0.000986887199836138
190,9,1-8,adjust,-0.019075100782391576,-0.0007870007931963301,0.0004910236378729983
191,2,1-4,adjust,-0.00303856346212836,0.0001521667035668556,0.00035961175307630175
191,3,1-4,adjust,-0.03637981628349172,0.0007424529817332246,0.0006780039837439051
191,6,1-5,adjust,-0.1426090370148001,-0.00018988923765911217,0.001494026305005723
191,7,1-5,adjust,-0.11432063433752779,-0.00018676386639314912,0.0013437344704630525
191,8,1-5,adjust,-0.0476165000393994,6.0197969657589276e-05,0.0006527536122172247
191,9,1-5,adjust,-0.02173640487235941,-0.0007812120254079444,0.0008340278722786568
192,2,1-7,adjust,0.015345189279546891,-0.0004046091361815079,0.0007638346028094713
192,3,1-7,adjust,0.04950549267567051,-0.00033197288176656703,0.00028166188065314676
192,4,1-7,adjust,-0.02160815813546622,-1.5135277567029602e-05,4.709271717126141e-05
192,5,1-7,adjust,0.00225840163377185,-0.0004220396913897738,0.0002729243547796617
192,6,1-7,adjust,0.03220077459869838,0.00042923496360454166,0.00013327716995226302
192,9,1-8,adjust,0.01635431190349535,1.3717733067717185e-05,0.0003863357535243959
193,2,1-4,adjust,-0.004472002310143354,0.00047623430846405505,0.00014385243404254442
193,3,1-4,adjust,-0.10475719991093599,0.00032996446537515185,0.00038404092815388924
193,6,1-5,adjust,-0.00662046781341907,-0.000353793606024511,0.0011592380980643062
193,7,1-5,adjust,-0.012074307395670844,-0.0003357761959750964,0.001350402417738169
193,8,1-5,adjust,-0.020708594980086113,-0.001051722623633602,0.00109347085515029
193,9,1-5,adjust,0.004065897046890094,0.0003403715586014248,0.0009356810987319734
194,2,1-7,adjust,0.07097127658690805,-0.001879190608111256,6.984180449904073e-05
194,3,1-7,adjust,0.02739036165651461,8.750448048991532e-05,0.0003148252513101697
194,4,1-7,adjust,0.07471001473504228,-0.00045364456347926554,0.0009348552148662157
194,5,1-7,adjust,0.007950559820706691,0.00028267256207878595,0.000783189997648781
194,6,1-7,adjust,-0.007831050496362313,4.174639951308754e-05,0.0007467122266175243
194,9,1-8,adjust,-0.0500975750996307,-0.0010244421972776582,9.846341788721733e-05
195,2,1-4,adjust,-0.04177904804228746,0.0009799171744338774,0.0008432602250211715
195,3,1-4,adjust,0.06678528148740463,-0.0009229917425490387,0.0014875980207573014
195,6,1-5,adjust,0.030231044131928814,-0.00010625204086551796,0.0019020607306799672
195,7,1-5,adjust,0.015641525150293666,-0.0005389319916058696,0.0012280988329865178
195,8,1-5,adjust,-0.01743230249878534,0.0004459311443515776,0.0004837592236501658
195,9,1-5,adjust,0.024252884735473223,0.0010076820013575378,0.0004328997867766143
196,2,1-7,adjust,0.0042766331500914325,-0.00042999668484198,7.164464065965057e-05
196,3,1-7,adjust,0.02563096010555296,-0.0012708107455085638,0.000631049915190102
196,4,1-7,adjust,0.05858910692548056,-0.0005309441004449962,0.00029372888388476035
196,5,1-7,adjust,0.10498616597963868,0.0005930810767980248,0.0004907266564705923
196,6,1-7,adjust,0.03834768812221055,-3.823218798609345e-05,0.00043748279415965877
196,9,1-8,adjust,-0.005493472353906055,-0.0004401838507233415,0.0006277879328510571
197,2,1-4,adjust,-0.0035418349152535195,-4.530655636199326e-05,0.002064763535547528
197,3,1-4,adjust,0.03209676959374528,0.0009444852082380597,0.0025508267223846165
197,6,1-5,adjust,0.062353100297764884,0.0006660800437723959,0.00042728459667941697
197,7,1-5,adjust,0.13331257205345495,0.001857207016368433,0.0002481628942805822
197,8,1-5,adjust,0.07251042723586015,0.0009021888074611533,0.0005976032199264846
197,9,1-5,adjust,0.06647262860578669,0.0012328796517179436,0.0007758710243002303
198,2,1-7,adjust,-0.016656193395069338,0.0016084576062889223,0.00038133262919628623
198,3,1-7,adjust,-0.1146623693261782,0.001093254890015197,0.00014358862300501625
198,4,1-7,adjust,-0.11891673314385195,0.0005191246224597467,2.6787997984294423e-06
198,5,1-7,adjust,-0.067566782342771,-0.000991679823341793,1.5906650133765058e-06
198,6,1-7,adjust,-0.00622565535337759,-0.0010529581158228865,0.0007993461517943575
198,9,1-8,adjust,-0.03163383994861891,7.385461589773097e-05,0.0009453037792926054
199,2,1-4,adjust,0.0105481462784705,-0.00042396180845667307,0.00024287705604065648
199,3,1-4,adjust,0.00684959126075153,-0.0003066549772823798,6.183298430188819e-05
199,6,1-5,adjust,-0.12023209585817073,0.0002396163745102205,0.0013581018647348395
199,7,1-5,adjust,-0.12156289709182326,-0.0017053523466577273,0.0011330079492101505
199,8,1-5,adjust,-0.021826307427187698,-0.0013124979624079267,0.0002712575390315372
199,9,1-5,adjust,-0.0029840653297355624,-0.0012213608574328935,0.0007540710292316522
200,2,1-7,adjust,0.02218074086238754,-0.0010076839524607339,0.00012454163109911726
200,3,1-7,adjust,0.05808734530902106,-0.0009228540192178481,0.0007413190714021349
200,4,1-7,adjust,0.09382722446925147,-0.0009724478404354897,0.0002692346989211449
200,5,1-7,adjust,0.0642900855669376,0.0006077554978060021,0.0009113952345948233
200,6,1-7,adjust,0.03787347445573096,-3.148780074927396e-05,0.0003244353922468762
200,9,1-8,adjust,-0.013348557474904864,0.0003125844871624165,0.0007406613641319221
201,2,1-4,adjust,0.024502304974431007,-0.0006078844738882366,0.0013538599606821695
201,3,1-4,adjust,0.04809457004125402,-0.0006188262890793009,0.001697887621328263
201,6,1-5,adjust,0.04522122125399253,0.0009345423706207746,3.475904467335968e-05
201,7,1-5,adjust,0.06413149440956047,0.0009022869826335506,0.0006009852694158722
201,8,1-5,adjust,0.051157930451674334,0.0014500681172954113,0.0011648054382433835
201,9,1-5,adjust,-0.004594266799706805,0.0009297215156179856,0.0010455900503677632
202,2,1-7,adjust,-0.057625131454298206,0.0020374295542084507,0.0011682349094237984
202,3,1-7,adjust,-0.1128759809086262,0.001350224796795446,8.343853021084563e-05
202,4,1-7,adjust,-0.138570558789613,0.00041256391987192013,0.0001794661715403474
202,5,1-7,adjust,0.03848910504695536,0.0007320350169511124,0.0006382894145307193
202,6,1-7,adjust,-0.0013818392358636924,-0.0009478104555722131,0.00026117236989267443
202,9,1-8,adjust,0.02966222866618171,-0.00018034296907241655,0.0011129714772721872
203,2,1-4,adjust,-0.014096652844717757,-0.0003035764140429759,0.0010618646111169292
203,3,1-4,adjust,-0.0014162461021099062,0.0004983595401263758,0.0003574647212976097
203,6,1-5,adjust,0.07763680532904757,0.0012913485875026397,0.0026640571119060526
203,7,1-5,adjust,0.0608978799486284,0.00043269434334951165,0.001610015314603496
203,8,1-5,adjust,0.03340091020266756,0.0002320269065088033,0.0016727485214046312
203,9,1-5,adjust,0.018830240850236955,0.00032710674114315143,0.0009910569410948417
204,2,1-7,adjust,-0.013843339758112146,0.00025264969323208103,0.0009891795584216815
204,3,1-7,adjust,0.019841681290356114,0.00012981494628460093,9.682683099214525e-05
204,4,1-7,adjust,0.08710408662569193,0.0003106758691919324,0.0013783276985437924
204,5,1-7,adjust,0.012661615892595662,-0.00017514003018223554,0.001039775755460727
204,6,1-7,adjust,-0.04343694142103734,-0.0006740785307360084,0.0006842334046515723
204,9,1-8,adjust,0.0032017531201216165,0.0004585241794106583,0.000759725016971481
205,2,1-4,adjust,0.03153543753664675,-0.00016933649612165948,0.0007651264416929148
205,3,1-5,adjust,0.023769820570199794,-0.0005553239375908085,9.85834366461239e-07
205,6,1-5,adjust,0.053789683896425834,0.0004702536968607564,0.00016926046156905749
205,7,1-5,adjust,-0.00871235749109128,-3.13939949992749e-05,0.0005421956208725134
205,8,1-5,adjust,-0.046207807770956406,-0.000284127516981629,0.00017332508862106987
205,9,1-5,adjust,-0.02217695124136655,-0.0006006867593308517,0.0014365572194516816
206,2,1-7,adjust,-0.04008144110310635,0.0006346131830522386,0.00021525512804520118
206,3,1-7,adjust,-0.041949486269485116,0.000541383363727061,0.0007168399134892268
206,4,1-7,adjust,-0.054639095510694825,3.823503365832659e-05,0.0006044249799889447
206,5,1-7,adjust,0.04210197120473951,0.00010486481425586806,0.0007518539563606908
206,6,1-7,adjust,-0.043619800200430214,0.00020631209890607758,0.0005362559439820405
206,9,1-8,adjust,0.0047086758661314876,9.509022032923383e-05,0.00018313201878328541
207,2,1-4,adjust,0.03114876999823353,-0.0019652402930296006,0.00011278456127597162
207,3,1-4,adjust,-0.010251607591426874,-0.0003820526652804255,0.0005939660740345222
207,6,1-5,adjust,0.07670273564073958,-0.0008350202541053467,0.0018850733877147118
207,7,1-5,adjust,0.030948071616378223,4.7729847657213155e-05,0.0012247487244111354
207,8,1-5,adjust,0.09845991476501863,0.0003628422466217983,0.0011477917805305328
207,9,1-5,adjust,0.014955656001328884,-2.7439830853889415e-05,0.001162034192158429
208,2,1-7,adjust,-0.032871458130776625,0.0022217989741805744,0.0014957037710367433
208,3,1-7,adjust,0.030985693339759264,0.0006616427289589548,0.0006918926510787461
208,4,1-7,adjust,0.08218878951105382,-9.536827968478328e-05,0.0005156730800460977
208,5,1-7,adjust,-0.06713317297725793,-0.000511689064021191,0.00029086051315727973
208,6,1-7,adjust,-0.030786983474631373,-0.0003427609925795966,0.001028717843697074
208,9,1-8,adjust,0.052754152976395116,0.0011289737437975194,0.0014595555881211266
209,2,1-4,adjust,0.06467647600611422,-0.001720370108512406,0.0005811926478938902
209,3,1-4,adjust,0.05243274755023899,-0.0013976688146518728,0.0008437513060617824
209,6,1-5,adjust,-0.033627070655465156,0.0006438894542881777,7.218585180133676e-05
209,7,1-5,adjust,-0.060404547037486725,-0.0007449614862989279,0.0007826707792783032
209,8,1-5,adjust,-0.11089673019027835,-0.0010261321277052337,0.0003574317821017554
209,9,1-5,adjust,-0.07210694402832706,-0.0020837902045356543,0.000477978172616573
210,2,1-7,adjust,-0.046853833382576614,0.0006015352846095397,0.00017283580852911173
210,3,1-7,adjust,-0.028523404775008178,-0.0003357236750784736,0.0014349483255158076
210,4,1-7,adjust,-0.016455816418258464,6.68871379575549e-05,0.000217105744834265
210,5,1-7,adjust,-0.013737223622097316,0.00027134924862787864,0.000518373128209814
210,6,1-7,adjust,-0.010661246160268345,-0.0007493303369947313,0.0005247247498373417
210,9,1-8,adjust,-0.02490824285013674,0.00027917051843011126,6.315419911171389e-05
211,2,1-4,adjust,0.029460547556810192,-0.00043731240062163057,0.0013268416547050767
211,3,1-4,adjust,0.0062493639082601225,0.0007405194561894017,0.000563109819222502
211,6,1-5,adjust,0.017931105042199372,0.0005650148517298787,3.3680735265591206e-05
211,7,1-5,adjust,-0.023017759931905662,0.0007380160539073809,0.0005596166217660384
211,8,1-5,adjust,0.04941098251987643,0.00044660957544214483,0.0009245375531179891
211,9,1-5,adjust,0.04164514302890764,0.0001773683115846346,0.0008637039598708912
212,2,1-7,adjust,-0.03129307829835296,0.0008849720272815381,1.332351517830996e-05
212,3,1-7,adjust,-0.07726636216692688,0.0014624571006858634,8.39454441738731e-05
212,4,1-7,adjust,-0.09037685229570182,-0.0005622639749435864,0.00047772577704983276
212,5,1-7,adjust,-0.031910589532094746,-1.2468447290113429e-05,0.0004323045899067487
212,6,1-7,adjust,-0.07337731610826212,0.0001652614321371428,0.0005058610618734834
212,9,1-8,adjust,0.004219883088027929,0.0015980830179458234,0.0011654563545405348
213,2,1-4,adjust,0.018733080014013005,-0.0006287373214871852,0.0003941719829389727
213,3,1-4,adjust,0.027242024149883724,-0.0011783897452253436,0.00039874566843208116
213,6,1-5,adjust,0.04779628629441784,-0.00022931168256018277,0.001765326914958739
213,7,1-5,adjust,-0.024644759393546576,-0.00010273839141489559,0.0011203338983682123
213,8,1-5,adjust,-0.024449399559954406,0.00038636370627299335,0.0009729412472479613
213,9,1-5,adjust,-0.02312241025907389,-0.001758961943689047,0.0011468252363704134
214,2,1-7,adjust,0.005808112554421374,0.0008003811629114144,0.0006467719904066341
214,3,1-7,adjust,-0.06070865793641848,0.001067214764146407,0.00023515962545234614
214,4,1-7,adjust,0.021099802422446565,1.9912706758747374e-05,2.0944514044548743e-05
214,5,1-7,adjust,-0.08996560321102148,-0.0011656789640548926,0.00016534973669372576
214,6,1-7,adjust,-0.06985168191444338,-0.0002616311773546733,6.0378112772507604e-05
214,9,1-8,adjust,0.022165458598077163,0.0013429205338117514,0.0011249801445898685
215,2,1-4,adjust,0.005903438207365202,-0.0009749704493666368,1.8957577340375443e-05
215,3,1-4,adjust,0.08369413173960791,-0.0008692311023915432,0.00014964201695731594
215,6,1-5,adjust,-0.08999466957948658,5.227994077575557e-05,0.00014593834858931174
215,7,1-5,adjust,-0.06056840288534473,-0.0016699571888805587,0.00037289940262571586
215,8,1-5,adjust,-0.0951542170745645,-0.0011030254533677345,0.0003633976840103947
215,9,1-5,adjust,-0.07384348206233332,-0.0018096059975023662,7.541480447884383e-05
216,2,1-7,adjust,0.05451178982031996,-0.0007665376241081913,0.0003778594525251351
216,3,1-7,adjust,0.04142289866033573,-0.0008970970875838763,0.0005997245546773269
216,4,1-7,adjust,0.12866116722236134,0.0002671115005840345,8.990570897007045e-05
216,5,1-7,adjust,0.13978366171190246,0.0008388959666698747,0.00024952057492733337
216,6,1-7,adjust,0.0751305217407215,-0.0001448301790115586,0.00015871195163475493
216,9,1-8,adjust,0.007109695093290453,-5.3549051861026383e-05,0.0012987750545881676
217,2,1-4,adjust,-0.02360679322137091,0.001152032382291578,0.0010154735103585573
217,3,1-4,adjust,0.015318162572484414,-0.0009434880499525244,0.0016362130843270836
217,6,1-5,adjust,0.08677747622586378,0.0004799219328426158,0.0005515357451763066
217,7,1-4,adjust,0.05026997834790877,0.0017780888223640973,8.785253389116684e-05
217,8,1-5,adjust,0.052392883697554175,0.0002178153330846906,0.0002164913731955587
217,9,1-5,adjust,0.029630393736710878,0.0005453876603956305,0.00040826151252150894
218,2,1-7,adjust,-0.07586194839714328,0.00035474084750081473,0.00021599881076691038
218,3,1-7,adjust,-0.1005933039003253,0.002361554684702779,0.0004429481143662079
218,4,1-7,adjust,-0.10304479453583477,0.0010135880703615841,0.0003767270180543076
218,5,1-7,adjust,-0.11143014391922262,0.0011546942926061927,0.001023106264835602
218,6,1-7,adjust,-0.09647578666090727,0.00016793667722743804,0.0009380595693820353
218,9,1-8,adjust,0.001026108049835784,-7.807112694440845e-05,0.00039378258240052816
219,2,1-4,adjust,0.025756970159173193,0.00030382953872006013,0.000507001578644922
219,3,1-4,adjust,0.025694889154018595,-0.0007745258807955548,0.0020814480378855697
219,6,1-5,adjust,0.038629740190475,-0.0009159626525807238,0.0005856167065822942
219,7,1-5,adjust,0.040107754053603895,-0.0007269282186737005,0.0001461220166956161
219,8,1-5,adjust,0.021093863739834958,0.0011344554067742466,0.00030174304675050065
219,9,1-5,adjust,0.01864467512402024,0.0005193101815002587,0.0003401495807024949
220,2,1-7,adjust,-0.014041964830782284,-0.000207559328014303,0.000859116857429101
220,3,1-7,adjust,-0.00506174150827655,-0.00020608449114392792,0.0010194688352269524
220,4,1-7,adjust,0.06121115313587135,-0.0010121391306138461,0.0012942277668632196
220,5,1-7,adjust,0.10587467103624817,-0.0014677570259210573,0.0015599608662591705
220,6,1-7,adjust,0.033401966767803284,0.0005500153247503115,0.0012627764863216316
220,9,1-8,adjust,0.0058533533197275165,-0.00047260524438707657,0.0003095984204074143
221,2,1-4,adjust,0.03071954552245933,-0.0005042271513588611,4.946363918428161e-05
221,3,1-4,adjust,0.07564664286385361,-0.0005031613911343516,0.00019800141701534755
221,6,1-5,adjust,0.021394532461442635,0.0004169220159489092,0.0003588320840731207
221,7,1-5,adjust,-0.0010627523561977678,0.0007857906215019854,0.0005512138904254844
221,8,1-5,adjust,-0.01068764146966993,-0.0009558101825262336,0.0006034135778985548
221,9,1-5,adjust,-0.05315165036817486,-0.0013180250000665136,0.0003535906739458906
222,2,1-7,adjust,-0.02427636655209742,0.0012362452018263752,0.00037326771574375153
222,3,1-7,adjust,-0.09619591689373369,0.0015468389370105655,0.00026505862235735796
222,4,1-7,adjust,-0.1318192186644513,0.0007023125051895312,0.00024196158983519152
222,5,1-7,adjust,-0.06818474420051399,0.0004633148413270955,0.00014385893252104312
222,6,1-7,adjust,-0.11461111279231015,-0.0014988727001026868,0.00028300677678661006
222,9,1-8,adjust,0.0402615180181774,0.0020717581883457205,0.00023221473590137465
223,2,1-4,adjust,-0.0284019741926406,-0.0002961378581720309,0.000602472344369368
223,3,1-4,adjust,-0.015416963925573878,0.00044264078109969225,0.00048377369448191306
223,6,1-5,adjust,0.08314088410118776,0.0012220507721161364,0.0007959024413365968
223,7,1-4,adjust,0.011342418453858411,-0.00044524815317677457,2.248241113364951e-05
223,8,1-5,adjust,-0.034043485818911944,-0.0006388016176437024,0.0008268731612418712
223,9,1-5,adjust,-0.017208046938792593,-0.0010648350097653381,0.0004644512673975303
224,2,1-7,adjust,0.05231998907085933,-0.0008568000426001883,3.8023194239890826e-05
224,3,1-7,adjust,0.04720443894334936,-0.001506123789530928,9.848261995757719e-05
224,4,1-7,adjust,0.070085850900053,-4.792624380731875e-06,0.0007707579308009777
224,5,1-7,adjust,0.09554088591425226,0.00030120288447999243,0.00014705359034491362
224,6,1-7,adjust,0.014317718491146618,0.000508115286834163,3.7752651604123076e-05
224,9,1-8,adjust,-0.035557683388394504,-7.601410009866786e-05,0.0013933423717920489
225,2,1-4,adjust,-0.016080451156772622,0.0003679696758585142,0.0001814121094724585
225,3,1-4,adjust,-0.004793102269569897,0.00012823442257267622,0.00015990027300122057
225,6,1-5,adjust,0.07726334526084525,-0.0011973769521536975,0.0006634220909048147
225,7,1-5,adjust,0.10578267635580701,0.0009445375316283548,0.001146229135645541
225,8,1-5,adjust,0.10988056460005607,0.0018934539256631408,0.00094143503843071
225,9,1-5,adjust,0.062362259172040815,0.0006077802991120916,0.00030867692607159855
226,2,1-7,adjust,-0.056255922063386594,0.0013094973404319179,9.321494305692092e-05
226,3,1-7,adjust,-0.017510109583106108,0.00046897166822308927,0.00030151571217830497
226,4,1-7,adjust,-0.08907837127125198,-0.0005185497671935435,0.0009700496263707158
226,5,1-7,adjust,0.002119093305030478,-0.00026923523101523195,0.0007051762757751637
226,6,1-7,adjust,0.016239629130159795,0.00035887978936488324,0.0012818920832957503
226,9,1-8,adjust,0.06338397541482244,0.0019285223959544162,0.00021707206330025088
227,2,1-4,adjust,0.05141126808387565,-0.0011116648489961855,0.0002375628590315188
227,3,1-4,adjust,-0.03977818967735605,-0.0010919696658044289,0.0017676211702734631
227,6,1-5,adjust,-0.04074886648541164,0.00042784695443995395,0.0023430817502089222
227,7,1-5,adjust,-0.028392482695016784,-0.00035766955626245387,0.0012828252934814163
227,8,1-5,adjust,-0.008775940137240429,-0.000852937276290776,0.0012836552095730337
227,9,1-5,adjust,-0.08318213117190143,-0.0017917523229685718,0.0003421428126937763
228,2,1-7,adjust,-0.02661796792361544,0.00042569479681104304,8.149896724309645e-05
228,3,1-7,adjust,0.03610123034510467,0.001187983083980432,7.1053884459922145e-06
228,4,1-7,adjust,0.0837324233947604,-0.00024062055812053791,0.0005317153406527995
228,5,1-7,adjust,-0.05074757568176611,-0.0004992142022992507,0.00035550849762419986
228,6,1-7,adjust,0.008584410738846056,-0.0001537127354971138,7.385224414825197e-05
228,9,1-8,adjust,0.03694585033836796,0.0005985984732911185,0.0005779252935263993
229,2,1-4,adjust,0.04213960904859474,-0.0011260660713019908,0.000463121763504554
229,3,1-5,adjust,0.01816350555836316,-0.0003825686799053934,3.6785038379276104e-05
229,6,1-5,adjust,-0.036658669717092196,-0.0008779611468024188,0.00031480776973112694
229,7,1-5,adjust,-0.11994699922276159,-0.0002636362818919598,0.00047772525348700956
229,8,1-5,adjust,-0.06894306195632798,-0.0010891630896668002,0.00059335527403157
229,9,1-5,adjust,-0.05278907411035575,-0.0019904088350450946,5.630097926681058e-05
230,2,1-7,adjust,-0.05302442478003762,0.0005239330451162058,0.00012051544455771523
230,3,1-7,adjust,-0.035592433486158113,8.856725396500955e-06,0.00012530578461015894
230,4,1-7,adjust,-0.14485037460295905,0.0014505121205126053,0.0012032273726535338
230,5,1-7,adjust,-0.08738775126419225,0.00024785685675667946,0.0008015000582019269
230,6,1-7,adjust,-0.06731615631331692,0.0007905522696698733,0.0007768046316873962
230,9,1-8,adjust,-0.0038552177177549503,0.0006478717770103407,0.0005590712436507441
231,2,1-4,adjust,0.006782777444684815,0.0017472744020041134,0.001442260088294605
231,3,1-4,adjust,-0.09149627786469221,0.0010032965750966058,0.0013408415512387866
231,6,1-5,adjust,-0.04016534189280361,0.00011412160437639035,0.000511727318702933
231,7,1-5,adjust,-0.0076806680718819265,-0.0011460703221734736,8.300735596384319e-05
231,8,1-5,adjust,-0.03305643895804495,-3.4073745270576654e-05,0.0012538462751261943
231,9,1-5,adjust,-0.019296440044193387,-0.0004858881337132763,0.0012583242900206372
232,2,1-7,adjust,0.07263376774997676,-0.00261665939994042,0.0002002456378200486
232,3,1-7,adjust,0.1602209120852164,-0.0012824811845443779,0.00025579593540542164
232,4,1-7,adjust,0.23912999138292895,-0.0017092752152130424,0.00023265698649495227
232,5,1-7,adjust,0.06806588459664352,-0.0002751703254084324,0.00012490137499205487
232,6,1-7,adjust,0.05031350114944699,-0.00037979868251761505,0.0003297124593669029
232,9,1-8,adjust,0.021565665961734426,0.0003343994299981124,0.0004431450387652252
233,2,1-4,adjust,-0.001895055996210515,-0.0006259435409052925,0.0007132480930000367
233,3,1-4,adjust,0.0678509027153367,-0.00024217041264639602,0.001327165148997057
233,6,1-5,adjust,0.02417158921136477,-0.0009607789304341536,0.0005589423508911272
233,7,1-5,adjust,-0.007311109348369125,0.0004852925618350344,0.00026686979880008005
233,8,1-5,adjust,0.0036515924675385512,0.0006783104015091839,7.810344670461932e-05
233,9,1-5,adjust,0.006187752511430606,0.000878825940739393,0.0007187256316625556
234,2,1-7,adjust,-0.031174897797431753,0.0010987973266665051,0.0003471858659554524
234,3,1-7,adjust,-0.1267078638662733,0.0015509197409991045,9.803186070150563e-05
234,4,1-7,adjust,-0.08972077895889077,0.0005023531277877449,0.0004788123732820078
234,5,1-7,adjust,0.013638125734765168,0.00047019366480325334,0.0005180511474117041
234,6,1-7,adjust,-0.03523939884849179,0.001234364923864601,0.00021754202979988455
234,9,1-8,adjust,0.008455107265219362,-0.000773544874021285,0.00032031061030237225
235,2,1-4,adjust,0.03142902550211329,-0.00018591443736751137,0.0012360146964077762
235,3,1-4,adjust,0.038940964118153724,-0.0012122366196653522,9.43817873156469e-05
235,6,1-5,adjust,0.029176973302989385,5.598227272093428e-06,0.0009439760757325493
235,7,1-5,adjust,0.09099072050677406,-0.00011229282160015556,0.0008148020157552933
235,8,1-5,adjust,0.06195117535197426,5.061131543096635e-05,0.00026075458347866353
235,9,1-5,adjust,0.042367192937901595,0.0011304978157131269,0.0006380989012801324
236,2,1-7,adjust,-0.04929896547685388,0.00035199601179546536,0.0004115845176109279
236,3,1-7,adjust,0.0031045193932739247,-0.00011838764112850313,0.00029264936637326443
236,4,1-7,adjust,0.03246541328622924,0.00020085122053579437,0.00048254874569996376
236,5,1-7,adjust,0.028977754426976168,-0.0013611062510770734,0.0005134394149551508
236,6,1-7,adjust,0.08695382138530058,0.0011484445497337576,9.967137189106043e-05
236,9,1-8,adjust,-0.014710868264868456,0.00022376638146125212,0.0004628120531111548
237,2,1-4,adjust,0.027044931650386735,-0.0009360348081251227,0.0003316659685689741
237,3,1-4,adjust,0.028078385578075876,-0.00012284035768638576,0.0008098557487632641
237,6,1-5,adjust,-0.10477732461839215,-0.0014741475803930757,6.72963959814959e-05
237,7,1-5,adjust,-0.09425900836647574,0.000406577564382569,0.0009666258857793533
237,8,1-5,adjust,-0.06548542109225979,-0.0001414933935679114,0.00023881358001234901
237,9,1-5,adjust,-0.050263179562321035,-0.0013222256570075402,0.00036890435956759855
238,2,1-7,adjust,-0.021015226581464312,0.0012133707588401956,8.483243553365646e-07
238,3,1-7,adjust,-0.01697540170255749,0.0005495526521770528,0.00022436005227720245
238,4,1-7,adjust,0.008573672619136797,0.00011755901595269891,5.857409746826079e-05
238,5,1-7,adjust,-0.1307929856134721,0.0016600662334845726,0.00015795300741067346
238,6,1-7,adjust,-0.04223206990329451,-0.0004610042168135175,0.00034442524521924984
238,9,1-8,adjust,-0.008847819048484392,-0.00018744957835534301,0.0008842219611458739
239,2,1-4,adjust,0.008042166628267695,-0.0003580688376082368,0.001388979799474057
239,3,1-4,adjust,0.014212786486111443,-0.00046667566473294496,0.0021893838878515276
239,6,1-5,adjust,-0.01620581025869049,5.20658407117214e-06,0.0017081894689061961
239,7,1-5,adjust,0.06851080304301686,-0.00014080648971057547,0.00012910546941532203
239,8,1-5,adjust,0.05518686653715701,1.7825299423454102e-05,1.480111675965086e-05
239,9,1-5,adjust,0.07005275823659919,0.0014695341496785367,1.023370717174103e-05
240,2,1-7,adjust,-0.009282061784772424,0.00036724178673410205,0.000295044739212526
240,3,1-7,adjust,-0.046236790622474884,-0.000597453373673828,0.0006088805475462347
240,4,1-7,adjust,0.04407152115459588,-0.000398842133618841,6.589461718446634e-06
240,5,1-7,adjust,0.15793936073955941,-0.0007518537337591897,4.930808212946933e-05
240,6,1-7,adjust,0.08692940934965868,0.0013455335655782363,9.497350254433216e-05
240,9,1-8,adjust,-0.024229984393236013,-0.000837800870748626,0.00024171107213136493
241,2,1-4,adjust,0.047043186065932684,-0.002518829113785519,0.0012622645580403179
241,3,1-4,adjust,0.1087421213518067,0.00039810169679109107,0.0007580179240082206
241,6,1-5,adjust,0.044211313769854314,-0.0007517615786331699,0.0002547361907376215
241,7,1-5,adjust,0.0049251901435692375,0.00044306105240775903,0.00045140986513039365
241,8,1-5,adjust,0.015845468836821874,-2.167506227199408e-05,0.0008819972203583541
241,9,1-5,adjust,-0.02479084749447034,-0.00021946716754049766,0.0005575557603120575
242,2,1-7,adjust,-0.010541938520264724,0.001604449041188721,0.0007984730464525857
242,3,1-7,adjust,-0.12408462969873596,0.0009778024321020224,0.0005244185914078843
242,4,1-7,adjust,-0.1516557479874598,0.0005429021457371335,0.000254261462482422
242,5,1-7,adjust,-0.08626215041071582,-0.0006906065905462184,1.54093467182777e-05
242,6,1-7,adjust,-0.041310244405900386,-0.00027377508017525616,0.00033902721741390144
242,9,1-8,adjust,0.029555821015858498,0.0014284736922911762,0.0001874548354577367
243,2,1-4,adjust,-0.05959507475670995,0.0011365880197305755,0.0014473245198747932
243,3,1-4,adjust,-0.027295878785219153,-0.00040366373844408167,0.0015294775300903694
243,6,1-5,adjust,-0.04996916125250922,-0.0003006310531107403,0.0003611088972253709
243,7,1-5,adjust,-0.01892953475045725,-0.0008180764713101848,0.0007551102112237195
243,8,1-5,adjust,-0.15136383737357062,-0.00042257523787598,0.0011025134740077287
243,9,1-5,adjust,-0.06135025245097757,-0.002976093555053316,0.0015205420628222736
244,2,1-7,adjust,0.029312697622251693,-0.0004118645783660832,0.0004929954551764537
244,3,1-7,adjust,0.07109284153912739,8.430975656872086e-05,9.145653308333591e-05
244,4,1-7,adjust,0.112951191663496,-0.0005069836790532894,0.0005467973877721123
244,5,1-7,adjust,0.061143459787911976,0.0011347726008030393,2.7751556181607347e-05
244,6,1-7,adjust,0.0750382657634073,0.001080623452313189,0.0007065177071625487
244,9,1-8,adjust,-0.01469603131486304,-0.00018165166539088498,0.0026907607571510085
245,2,1-4,adjust,0.040023372431691795,-0.0014142756744551124,0.0007713438121457534
245,3,1-4,adjust,0.02923219923281318,-0.0014702273378680304,0.0015137481015230307
245,6,1-5,adjust,0.00391686521419858,-0.00017580511838758653,3.7496335342349295e-05
245,7,1-5,adjust,0.03669347783483508,0.001133695204561735,0.0008681635901106612
245,8,1-5,adjust,0.1284464763530805,0.0001568543982031596,0.000736159153714757
245,9,1-5,adjust,0.04538322761331514,0.002437661832392342,0.0003133808671023402
246,2,1-7,adjust,-0.05817266021560708,0.0021104002690691347,0.0009685317003169824
246,3,1-7,adjust,-0.05930912744173545,0.0013378851464936892,0.0007999666820197993
246,4,1-7,adjust,0.012854698099413303,0.0005904797300550281,0.0002627968620479367
246,5,1-7,adjust,-0.07793379468775978,0.0001376344156429521,0.0008469421855537966
246,6,1-7,adjust,-0.012116890085839268,0.0005716112845391728,0.001042581842445389
246,9,1-8,adjust,0.00012073533892257714,-0.0009955000483067968,0.0011458413321593364
247,2,1-4,adjust,0.052165468150870774,-0.0014144847524924001,0.0009112896553028926
247,3,1-4,adjust,0.05235892786241856,-0.0011068404287534897,0.0014626930875097526
247,6,1-5,adjust,-0.06051001350635283,-0.00044267369627722396,0.0007113795216308787
247,7,1-5,adjust,-0.039867378349658346,-0.0010134818209130221,0.0006417517204724073
247,8,1-5,adjust,0.014794207712339047,0.0006774159583083223,0.0005937501045498096
247,9,1-5,adjust,0.019060066968175086,0.0004194048035920555,5.49879355865177e-06
248,2,1-7,adjust,-0.010880799652787954,-0.0006923886009935434,0.0003749932742547799
248,3,1-7,adjust,0.039466623068696464,-5.355579866611071e-05,0.0005067099648249603
248,4,1-7,adjust,-0.046823014239034115,0.0002926526894957687,0.000445758833645088
248,5,1-7,adjust,0.07255700130198497,-0.0014822027480906985,0.0007737273901489595
248,6,1-7,adjust,0.04988308262182187,-0.0004924471237728319,0.0002420158938303772
248,9,1-8,adjust,0.020825542828438518,8.073928569717132e-05,0.0005915450414110798
249,2,1-4,adjust,-0.018695438036392186,0.001550376525544138,0.000838935137365702
249,3,1-4,adjust,-0.0829864748248903,0.0005036638897042207,0.001468160568828366
249,6,1-5,adjust,-0.034689331993760945,-0.00028335602683155956,0.0009731011243598516
249,7,1-5,adjust,-0.04933387186491337,0.00013120432493151347,0.0005337005039455303
249,8,1-5,adjust,-0.11856841762841475,-0.001174110176882625,0.0015300351060363844
249,9,1-5,adjust,-0.07155301988284994,-0.0012041052192134393,0.0012663220079122278
250,2,1-7,adjust,0.01047844272489227,-0.0006180333490958085,0.0009934711364544468
250,3,1-7,adjust,0.015516735118106762,0.00037743885821542924,0.0006469795908702848
250,4,1-7,adjust,-0.05636387354365164,-0.0007012672107289042,0.0001610980799051441
250,5,1-7,adjust,-0.10101354685570486,0.0010815689297298398,0.0005836649430349491
250,6,1-7,adjust,-0.022628566988648267,0.0005015932012020386,0.00021074371161853967
250,9,1-8,adjust,-0.009044889693395938,-0.00023840369815763063,0.000686227926515169
251,2,1-4,adjust,-0.004100791022177832,0.0005657831466804595,4.0020425048103234e-05
251,3,1-4,adjust,-0.02385400027002741,0.0008230111692872963,0.00010032740567674699
251,6,1-5,adjust,-0.023284924507691807,-0.00011984047440121662,0.00010753838786975668
251,7,1-5,adjust,-0.0252800074901383,8.481636007668452e-05,0.00020678682645588285
251,8,1-5,adjust,0.06238580429879248,8.543587084763613e-05,0.0003158185331302927
251,9,1-5,adjust,0.0352969773829051,0.0009319065364721786,0.0002213939981956113
252,2,1-7,adjust,0.00967407019171298,-0.0001052027442043074,0.0010613827379066844
252,3,1-7,adjust,-0.0012471882624162114,-0.0009424533806426254,7.507437735725656e-05
252,4,1-7,adjust,-0.012698217500607768,-0.0002657718723668886,7.390631222726034e-05
252,5,1-7,adjust,0.015001519130064667,0.0004421996973025978,0.0006866724812265463
252,6,1-7,adjust,-0.019006093833981608,0.0005597131645980678,0.0005174177912940706
252,9,1-8,adjust,-0.0036686845274062777,-0.0003715412979788104,0.0004383284124895652
253,2,1-4,adjust,-0.0151756792534754,-0.00021777605059781105,0.000574223548623776
253,3,1-4,adjust,-0.0064300259298742755,0.0003209455638180426,0.0010260981380099388
253,6,1-5,adjust,0.06949211607758178,-0.00029316045065812187,0.0010185483206548874
253,7,1-4,adjust,0.04205303146664149,0.00011414479911983714,1.3657174566833107e-06
253,8,1-5,adjust,0.0879001068357729,0.0008414840140422801,0.0004847516475801955
253,9,1-5,adjust,0.040178081738654614,0.0012264562049612252,0.0009548688427827229
254,2,1-7,adjust,0.0007842444811618139,-0.0004996517056604492,0.0006969929490719343
254,3,1-7,adjust,-0.007836093165864559,0.00021008786026612545,5.730746817567856e-05
254,4,1-7,adjust,0.007353566325689105,0.0006121022499240612,0.00016430934817336618
254,5,1-7,adjust,-0.0319998228336859,-2.018807036571852e-06,0.0002921485281568295
254,6,1-7,adjust,-0.02685676710309772,-0.00039465646841299194,0.000249702420579019
254,9,1-8,adjust,0.018444418616872762,0.0004659769806552902,0.0011464306446227167
255,2,1-4,adjust,-0.016835858688168157,0.0018037991987556912,0.000700884676779317
255,3,1-4,adjust,-0.007042388466429388,-1.3973814271851972e-05,0.00032695480251420945
255,6,1-5,adjust,-0.019018260934941866,-0.00015678790612824527,6.264233898936393e-06
255,7,1-5,adjust,-0.013398623136643193,-0.0008219312284022657,0.0009019543521572741
255,8,1-5,adjust,-0.035648530618209155,0.00019216419139869993,0.0003388824126411659
255,9,1-5,adjust,-0.03907938206373702,-0.00011822548172725311,6.578100670855132e-05
256,2,1-7,adjust,0.014833295288614845,-0.001946163558684933,0.0010158446766048868
256,3,1-7,adjust,0.041098976910503085,-0.00030868621671194886,0.000935474342787127
256,4,1-7,adjust,0.1204707963281591,-0.0003034908848082975,0.0009747663136062197
256,5,1-7,adjust,0.10649257722208076,-0.0008239553836808796,0.0008624205107261571
256,6,1-7,adjust,0.05562303441550463,0.0001808019062022763,0.00043231538765650895
256,9,1-8,adjust,0.023651577264998183,-0.0005540347683648801,0.001038535518825006
257,2,1-4,adjust,0.02707098651400913,-0.0006957836410535323,0.0004219168678565126
257,3,1-4,adjust,0.04980892172068979,-0.0011918508143989462,0.0003541566498555526
257,6,1-5,adjust,0.04002837962550517,-0.0005379268398580806,0.0006338221319754834
257,7,1-5,adjust,0.031067050659825558,0.0008479410500287851,0.0005079806693521615
257,8,1-5,adjust,-0.010361794580320275,0.00015697345537487673,6.605019533772075e-05
257,9,1-5,adjust,-0.037113018055870466,-0.000957916229813225,0.0005155567176566934
258,2,1-7,adjust,-0.045236755403287074,0.0014417249836448883,0.0008008099919120345
258,3,1-7,adjust,-0.03754694222269344,0.0014753700767234815,1.115187271098235e-05
258,4,1-7,adjust,-0.11646164597093034,-8.126430839274756e-05,0.00016167384139995197
258,5,1-7,adjust,-0.06404955733322602,0.000540562701653921,0.0002540250291393593
258,6,1-7,adjust,-0.025943941186003898,0.0008448640918773788,4.913289961569928e-05
258,9,1-8,adjust,0.021168682055182537,0.0017115606489029364,0.0010752298663321436
259,2,1-4,adjust,0.010498160244680999,0.00028420657343131964,0.00041478020098579697
259,3,1-4,adjust,-0.030275205299501506,0.0005524147493394894,8.902542391002957e-05
259,6,1-5,adjust,-0.05903295274360682,0.0004754455099575426,0.0005322198875079712
259,7,1-5,adjust,0.022898269925707183,-0.0004036041100520613,0.0005323725131506147
259,8,1-5,adjust,-0.07604601128034245,-0.0007479874818116203,0.0005372547459626108
259,9,1-5,adjust,0.011807793341515294,-0.0008651228056037211,0.00026658169728684876
260,2,1-7,adjust,0.04367407130348455,-0.0006955411885961029,0.00023160838636969195
260,3,1-7,adjust,-0.0385380710200574,-0.00033654441052620714,0.0005738351427627955
260,4,1-7,adjust,0.047428239872411904,1.000577405561429e-06,4.776208992675258e-05
260,5,1-7,adjust,0.08120432174635751,-0.00022801799723480516,0.0006790000741269245
260,6,1-7,adjust,0.08310855206125828,-0.0005451647127350224,0.00042349785172837755
260,9,1-8,adjust,-0.05348487964450447,-0.0017649827477372682,0.0006318791364476446
261,2,1-4,adjust,-0.01837039667834137,-2.8259249204409856e-05,0.00017902381668693788
261,3,1-4,adjust,0.06377454432869473,-0.0006765592895976164,0.00020452591762105466
261,6,1-5,adjust,0.00559368603083552,-0.00035620070610209643,0.00041419913639673307
261,7,1-5,adjust,0.03484056900597547,0.0016257814625282169,0.0007318006806743788
261,8,1-5,adjust,0.09017938491083966,0.0007066767003732528,0.00036535107332873846
261,9,1-5,adjust,0.035579095790187094,0.0018422403309242296,0.0006939055901613632
262,2,1-7,adjust,-0.06767675809630758,0.0018130228010725727,0.0006967966072647815
262,3,1-7,adjust,-0.15074319775652437,0.002038634963512872,0.0009392168031217539
262,4,1-7,adjust,-0.12181794497238692,0.0001868280487198654,0.00021501658568587347
262,5,1-7,adjust,-0.15333944651486248,-0.00021503465080499343,0.00031830921888841067
262,6,1-7,adjust,-0.031392778934992004,0.0005254048920542544,0.00013462951880287348
262,9,1-8,adjust,0.025270576140635607,0.0011504426126267928,0.0006648070135326031
263,2,1-4,adjust,0.009592807385602429,-0.0007629444381937862,0.00045835923602558073
263,3,1-4,adjust,0.05526751808534509,-0.0009244955353824853,0.0006992242807876209
263,6,1-5,adjust,-0.13252192104949345,-0.0007284559046413547,0.0004953049451795662
263,7,1-5,adjust,-0.10591796043664922,-0.001911125097522801,0.0003548219611381394
263,8,1-5,adjust,-0.09942868152314184,-0.0008575056288899841,5.39911174783005e-06
263,9,1-5,adjust,-0.05102858226789143,-0.002033183749578792,0.00043786899863716916
264,2,1-7,adjust,0.09545254249267165,-0.0015771111955948615,4.694331095112903e-05
264,3,1-7,adjust,0.1740107516275129,-0.0011905155685736843,0.0003743569690550977
264,4,1-7,adjust,0.18654461063798125,0.0004621645307878992,0.00034265547230936824
264,5,1-7,adjust,0.10289932348683263,0.0004528540151774906,5.965087636131094e-05
264,6,1-7,adjust,0.08595802705470007,0.0005051252294345519,0.0006558032734235705
264,9,1-8,adjust,-0.020348549189349457,0.0006647963291119181,0.00020248183025588657
265,2,1-4,adjust,-0.0282958826195324,0.0006117661147213645,0.000840767854376961
265,3,1-4,adjust,-0.034188880887825644,0.00017489533739242766,0.0003100618222870298
265,6,1-5,adjust,0.022304350203019123,0.0006992560219903289,0.0007826417145636894
265,7,1-5,adjust,0.03737046238797428,3.481957481604288e-05,0.0015102181569803881
265,8,1-5,adjust,0.09682406980043055,0.00044603288145030957,0.0003911732704156819
265,9,1-5,adjust,0.040635662380901647,-0.00012914687239138687,0.0008109570569882765
266,2,1-7,adjust,0.0105062322719202,-0.00021573755949380065,0.0009654875739872449
266,3,1-7,adjust,0.06837698065847557,-0.0003203914597850517,0.0009884513895911814
266,4,1-7,adjust,0.0038524963062687707,-0.0010927975072687137,0.00026156790664804547
266,5,1-7,adjust,0.054249245093653496,-2.9926629570925907e-05,0.0006708480344372193
266,6,1-7,adjust,0.03745617798271435,-9.506320575359683e-05,4.792121275098459e-05
266,9,1-8,adjust,0.009503645287281388,0.001041640076228971,0.0005531049886766208
267,2,1-4,adjust,-0.005131128638526008,-0.0008804208863653855,0.0010111303732610812
267,3,1-4,adjust,-0.05385886613778956,1.5282116175587322e-05,0.0009187622428220926
267,6,1-5,adjust,0.00676851093675556,-0.0003349278665234929,0.00015598704838400542
267,7,1-5,adjust,0.04254049939085139,0.0007769808601831912,0.0005822034344441166
267,8,1-5,adjust,0.01777093464752745,0.00039677547873885616,0.00021941400891424401
267,9,1-5,adjust,-0.009671730148036895,-0.000963214757804813,0.0006279312801478283
268,2,1-7,adjust,-0.04477146393882984,0.001995175595567295,0.00013608025156277176
268,3,1-7,adjust,-0.05407659480647239,0.0009370291673789589,0.0004641316151046174
268,4,1-7,adjust,-0.040115760796113537,0.0003843268322108469,0.0011368137902231037
268,5,1-7,adjust,0.005143496781453031,-2.4000983598993528e-05,6.50301674908635e-05
268,6,1-7,adjust,-0.006513181929077202,0.0001303115962622055,2.528814369548833e-05
268,9,1-8,adjust,0.027660118316253587,0.00045290066109437125,0.0003219822440381066
269,2,1-4,adjust,0.04666916998195627,-0.001492095783166341,0.0007663918608256737
269,3,1-4,adjust,0.012873154614005863,-0.0011972174541181827,0.00010817251493828938
269,6,1-5,adjust,0.007508637099023236,-0.00019413689835366004,0.0006934849447026953
269,7,1-4,adjust,-0.009035761357233146,-3.279550663157472e-05,2.017209739924762e-05
269,8,1-5,adjust,-0.037917511639808,-0.0005849495739664128,8.344439961685962e-05
269,9,1-5,adjust,-0.014537297020710833,-0.0002566278692069335,0.0001287769339659447
270,2,1-7,adjust,-0.010902903108792994,0.0002350113519622529,0.0005989441973530174
270,3,1-7,adjust,0.016072048080944524,0.0007010163924743046,0.0003655968288671358
270,4,1-7,adjust,0.01975716549447149,-0.00017646461634910826,0.00024747682550931656
270,5,1-7,adjust,-0.043321919302708393,0.00043223634846700776,0.00038393308380132584
270,6,1-7,adjust,-0.009832661308650984,0.0002500727812707994,0.00018121663799837778
270,9,1-8,adjust,-0.016641332345085347,-8.227729808161428e-05,0.0006784806248782393
271,2,1-4,adjust,0.011387236971899528,5.863489481550321e-05,0.0012032681528348957
271,3,1-4,adjust,0.008633608811980116,-0.000717905938315793,0.0012146830849962928
271,6,1-5,adjust,0.0030696058848289445,-0.00018531206413710993,0.00030084601518915875
271,7,1-5,adjust,0.10285243206185236,-0.00032811919471924006,0.0006302916274334163
271,8,1-5,adjust,-0.01352085885161619,0.000535688983934276,0.0005630377273269678
271,9,1-5,adjust,0.024679132046881453,0.000652841999428409,0.0013703281427805821
272,2,1-7,adjust,-0.006138569318599052,-9.808602581632002e-05,0.0003172146364494511
272,3,1-7,adjust,-0.046587517131259304,0.0005960006312036231,0.00015347914333844236
272,4,1-7,adjust,-0.0058745846800817595,0.0004957142764620974,0.0008300136256209598
272,5,1-7,adjust,0.13429948137737904,-0.0002969025696846691,0.0011057186876284896
272,6,1-7,adjust,0.12379936352001229,0.0002728561227545192,0.0016239324336591583
272,9,1-8,adjust,-0.011411890282712061,0.00014081311812581975,0.0007866802296837821
273,2,1-4,adjust,-0.03387414054066658,0.0006048564214915816,0.00012019779558027938
273,3,1-4,adjust,0.03483247330461473,0.00015606419015178524,0.0010651521358935364
273,6,1-5,adjust,0.010729354489235041,-0.0005488114448361204,0.001164809881870765
273,7,1-5,adjust,-0.07356914468818183,0.0015988441015367145,0.00015559023380984976
273,8,1-5,adjust,0.0583007773622132,0.0005519801256768954,0.0010427573647183018
273,9,1-5,adjust,0.02120080590379723,-0.0007257678422492383,6.247435513890739e-06
274,2,1-7,adjust,-0.04852099949769953,0.0017467094395360902,2.1772315534335576e-05
274,3,1-7,adjust,-0.10933605675468218,0.0014226185308688158,0.00020794523441528397
274,4,1-7,adjust,-0.1459671147193177,0.0003637068313598793,0.0004011156773363813
274,5,1-7,adjust,-0.2245674232263969,0.0009021458672340045,0.0003213929761988059
274,6,1-7,adjust,-0.1872929574050159,-0.0007352109071065423,0.0003654201421984757
274,9,1-8,adjust,0.02859381833244445,0.001340033608817349,0.0004480883226826418
275,2,1-4,adjust,0.028658589456293976,-0.00035438396595654847,0.0005577764627575242
275,3,1-4,adjust,-0.001855103345178694,-0.0006042398941641136,0.0006099973017016856
275,6,1-5,adjust,-0.006468461549764907,-0.00011395778373604443,0.0005183147934335224
275,7,1-4,adjust,-0.030468683367605,-0.0014496145092896295,9.014685152141996e-05
275,8,1-5,adjust,-0.025006938014930584,-0.0010619474282119099,0.00035547282220964506
275,9,1-5,adjust,-0.01440744091031657,-0.00035032369859307443,1.0607472877235162e-05
276,2,1-7,adjust,0.007286158091605489,-0.0008460793374403956,0.0005149282755792648
276,3,1-7,adjust,0.09145929965520307,-0.0009185201035011501,0.00021000439409459224
276,4,1-7,adjust,0.14012622365868382,-0.00044868598593025166,0.0006212030441648845
276,5,1-7,adjust,0.12451686837841423,-0.0009980121064298699,8.420439624446305e-05
276,6,1-7,adjust,0.05971455787061272,0.000748739502883849,0.00014198017869736733
276,9,1-8,adjust,-0.016781365179660106,-0.0011291186953069005,9.716116360453664e-05
277,2,1-4,adjust,0.022698529435769863,-0.0006480093555962995,9.287843082418967e-05
277,3,1-4,adjust,0.026583811930337247,-0.00033475003949172584,0.0002923159728861084
277,6,1-5,adjust,0.014913084913646004,0.0002118356018921746,0.00023027264088487924
277,7,1-4,adjust,0.0005446664082376718,0.0009913069631065075,8.450076312827926e-05
277,8,1-5,adjust,-0.009016343003080825,-0.00021211836910779787,0.0008222865918856077
277,9,1-5,adjust,-0.010192874112138353,-0.0003137313905204603,0.0004038322707286599
278,2,1-7,adjust,-0.038363976742102665,0.0007899453243517616,0.001220864462773456
278,3,1-7,adjust,-0.13662700864132926,0.002228060822240709,0.0009967626833324189
278,4,1-7,adjust,-0.1794757889492662,0.000515027265940002,0.0005552289670286689
278,5,1-7,adjust,-0.10449852839509836,-0.0005295864437795375,0.0005110395771751587
278,6,1-7,adjust,-0.06473633036200982,-1.3118169435291236e-05,0.0006713724984972543
278,9,1-8,adjust,0.00905572240547471,0.00045961052893722263,0.0014198163641234633
279,2,1-4,adjust,-0.024120152891683188,0.0008741833098305349,0.0016027781714398452
279,3,1-4,adjust,-0.0036589413913670848,-0.0004794167820375529,0.00208996271649969
279,6,1-5,adjust,-0.05358649865863281,0.0007761543388509585,0.0006213487984362456
279,7,1-5,adjust,-0.0726185648649472,-0.0007010094069411876,0.00017874062307544607
279,8,1-5,adjust,-0.020647765531798666,-9.140754362691864e-05,0.00048042307719639875
279,9,1-5,adjust,-0.0577725632876957,-0.0003498488107857403,0.0011706604136770612
280,2,1-7,adjust,0.0420207703979548,-0.000788287973092289,0.0013835801457228007
280,3,1-7,adjust,0.029429782668464105,-0.0009950873259016674,9.567339366149438e-05
280,4,1-7,adjust,0.015907863166754153,0.00018718664223003244,0.001338762921410044
280,5,1-7,adjust,0.03315218049255758,0.0010758897314129658,0.0010505050408143965
280,6,1-7,adjust,-0.0021768901050939894,-0.001054633530123305,0.0009574658443527033
280,9,1-8,adjust,0.035898159852630174,0.00035516965500865394,0.0005285523802229135
281,2,1-4,adjust,-0.031959543878359115,0.0008572129816609708,0.0007439711196506967
281,3,1-4,adjust,-0.04243020610940338,0.0003874670856086778,0.0007365283578322493
281,6,1-5,adjust,0.07726460335485959,-0.00014836772010879713,0.0006744352411619879
281,7,1-5,adjust,0.07679503695235361,-0.0004866948384068857,0.00032986994904180857
281,8,1-5,adjust,0.016818511265635182,0.0012807763029624522,0.00027433448839032806
281,9,1-5,adjust,0.024674562661335428,0.0002807365246967073,0.0004175644792729628
282,2,1-7,adjust,0.07474969886025484,-0.0017317144780851041,0.0015463526401703718
282,3,1-7,adjust,0.1798527633969276,-0.0012984290747654786,0.0018424075157213184
282,4,1-7,adjust,0.21362830304747613,-0.0001294468331027393,0.0008226662695719424
282,5,1-7,adjust,0.05808747176704252,-0.0005258941670683406,0.001192734152802295
282,6,1-7,adjust,0.05109147378071045,0.00047995391721944425,0.00044550686450309544
282,9,1-8,adjust,0.001853732141594688,0.00012388183617122246,0.0009929745786101236
283,2,1-4,adjust,0.011391891879268248,0.00035669349125498623,0.0004586885807571217
283,3,1-4,adjust,-0.014921438378314889,-0.0003533379232059499,0.00048026120933600925
283,6,1-5,adjust,-0.03567503914991993,0.00030313392029768395,0.0009267232634723156
283,7,1-5,adjust,-0.03014263611704039,0.0007792906774180774,0.00043100531741766695
283,8,1-5,adjust,-0.055067877133308185,-0.0006870320095615669,8.010235382196584e-05
283,9,1-5,adjust,-0.024615894282750708,-0.0003120059069494748,0.00022163753961432404
284,2,1-7,adjust,-0.04875127099875514,0.00016454672919049873,0.0006198852834253771
284,3,1-7,adjust,-0.07550034770845877,0.0018995570297665246,0.00010757905411570776
284,4,1-7,adjust,-0.16528780231438828,4.37875394866199e-05,0.0005672698840750545
284,5,1-7,adjust,-0.08434971576310832,0.00040698735903328236,9.968897097344322e-05
284,6,1-7,adjust,-0.03636840488615404,-2.616367095407398e-06,0.00021217384359129934
284,9,1-8,adjust,-0.02668839836393244,-0.0006390507756216792,0.0007342107131180996
285,2,1-4,adjust,-0.020939442994406875,0.0002905666057382196,0.0006013420998707653
285,3,1-4,adjust,-0.06853265940040142,-0.0008907348823311205,0.00039628826390597266
285,6,1-5,adjust,0.0035344481034670578,-0.0007499158636465667,0.0007366704452947763
285,7,1-5,adjust,0.02244696946655145,0.00052155421562192,0.0009474296513537092
285,8,1-5,adjust,0.03727301878897912,0.0004102600451546552,0.0006220661414613607
285,9,1-5,adjust,0.005610188698584452,0.0002886510022388948,7.6390413019213e-05
286,2,1-7,adjust,-0.0029244223264278573,-2.0560677979985822e-05,0.00014544475184994482
286,3,1-7,adjust,-0.0039336824455892365,0.0011376273044442964,2.1430234567007296e-06
286,4,1-7,adjust,0.021136344697994552,-9.128910263544035e-05,1.5765120527176658e-05
286,5,1-7,adjust,-0.017041676181285725,-0.00020166754803309188,0.00019910119333681382
286,6,1-7,adjust,-0.015449886455831658,-0.0008358700348277017,0.00046985247389173584
286,9,1-8,adjust,0.029614408589438937,0.000504810678916297,0.000702378231591392
287,2,1-4,adjust,0.006949481863162715,0.00021509494402144612,0.0008018092697202511
287,3,1-4,adjust,0.03470924274398559,-0.0006243944842449563,0.0007302232471177235
287,6,1-5,adjust,-0.015344383509716142,0.0012773534101554007,0.00015556540378744926
287,7,1-4,adjust,-0.034373379746893105,-0.0005853573527979769,8.59716261291351e-05
287,8,1-5,adjust,-0.018718498460100264,-0.0005449705598080639,0.0007735444602200043
287,9,1-5,adjust,-0.019846025605178636,-0.0003237140192943416,0.0001324753284677963
288,2,1-7,adjust,0.04841871082350967,-0.0010982321874533675,0.00033175807984871806
288,3,1-7,adjust,0.06353659673433433,-0.00011286479216360688,0.00010476589335638694
288,4,1-7,adjust,0.020571898047367546,3.372172287495021e-05,0.00011785922540999333
288,5,1-7,adjust,-0.016362654387189386,-7.010193530362589e-05,0.0004511547264548173
288,6,1-7,adjust,0.014656409675430741,-0.000888635290902935,0.0005330672361305356
288,9,1-8,adjust,-0.0015752201793235116,-0.0002139066105654108,0.00040343745483741993
289,2,1-4,adjust,-0.053598349456097025,0.0014923556199829113,4.096459293380318e-05
289,3,1-4,adjust,-0.04528748229463742,-0.00036231528423607347,0.00024637881456244647
289,6,1-5,adjust,-0.03458162033943707,0.0008825778374152388,0.001244839590866679
289,7,1-5,adjust,-0.03025568186823527,0.00014474916824785391,0.0007142485492633093
289,8,1-5,adjust,-6.855837212788264e-05,-0.0003559518265790137,0.000309248199038888
289,9,1-5,adjust,0.018823996928274203,0.00038135953804837523,0.00028346963882826346
290,2,1-7,adjust,0.03323513632396922,-0.0017363736473192302,0.0006410141030445462
290,3,1-7,adjust,-0.034760263889804466,0.0006683568375148851,0.0004573392422358669
290,4,1-7,adjust,-0.04766744502738628,-0.0009076660052226694,0.00027551621243576945
290,5,1-7,adjust,-0.013265430840728789,5.63483649160823e-05,0.0013318958220230428
290,6,1-7,adjust,-0.008862675800875767,-0.0004995312750592552,0.0010932186061076497
290,9,1-8,adjust,-0.02889323737968161,-0.0010082084583912087,0.0007542516325786134
291,2,1-4,adjust,0.025055407690172424,0.0008970985682075698,0.0014230591665404
291,3,1-4,adjust,0.03503094794359239,-0.0004915242130117015,0.0007784669624299565
291,6,1-5,adjust,-0.003029303380832647,-4.255135551219421e-05,5.153556317131525e-05
291,7,1-5,adjust,-0.0267321947494072,-0.00036440739387566957,0.0006429340095438336
291,8,1-5,adjust,-0.03179299316942832,-0.0003594275786093644,0.00015637425136128487
291,9,1-5,adjust,0.026757701696947134,0.0004818970211307137,0.0002187184382665231
292,2,1-7,adjust,-0.005718279076017688,-0.0007476957202005328,0.0006655093478630838
292,3,1-7,adjust,0.07468203918504444,0.0002533016569061285,0.0009953856745953584
292,4,1-7,adjust,0.011566691801491528,0.0004775820109016739,0.00040928531584532793
292,5,1-7,adjust,0.04091625617989054,3.6633344979999552e-06,0.0009837856967682595
292,6,1-7,adjust,-0.011237628988814793,0.00031917476391731344,0.0009701628222307008
292,9,1-8,adjust,-0.04351410329027757,-0.00011316638151150511,0.00044568177125241433
293,2,1-4,adjust,-0.036535780951615957,0.0008457112837900206,0.0005160452345588779
293,3,1-4,adjust,-0.10065820657213762,-0.0005733900549668252,0.00018000266230719863
293,6,1-5,adjust,0.059706298023393875,6.401218710084087e-05,0.000136129109546791
293,7,1-5,adjust,0.05781726260133088,-0.00034793672570929677,0.00035348485295998486
293,8,1-5,adjust,0.04587827121608086,0.0003567878038531125,0.0003379019603519929
293,9,1-5,adjust,0.032613565719778984,0.0003394368169729996,0.00013317441297370993
294,2,1-7,adjust,0.03284232885234045,-0.0005998677109107338,0.00029718673757972317
294,3,1-7,adjust,0.07905761337072481,6.466939632640464e-05,0.00027892543940840725
294,4,1-7,adjust,0.1407399661909711,-0.0001245947671654451,0.00010385289194042669
294,5,1-7,adjust,0.03877691113366269,9.1233121406417e-05,0.00015034548625655797
294,6,1-7,adjust,-0.002611619362678933,0.00015846861446528363,0.0002541719552702388
294,9,1-8,adjust,-0.001121494289871659,-0.0005439433291792611,0.0002652364265024531
295,2,1-4,adjust,0.006432784552161539,-0.0011407182719210109,0.001469893894849267
295,3,1-4,adjust,0.051274650773662576,1.3297438293239537e-05,0.0018910287902062365
295,6,1-5,adjust,0.02511253571266331,0.0006386983576873667,0.00010295105579196097
295,7,1-4,adjust,-0.01765993006093148,0.0005498096534559643,9.907194636016166e-05
295,8,1-5,adjust,-0.04350557135652819,-0.00018586893946518441,0.00022161617410649308
295,9,1-5,adjust,-0.005224246628186757,0.0010846668331639133,0.0004917601247307951
296,2,1-7,adjust,-0.0242623962233075,0.0011428958567483772,0.0008885684078893634
296,3,1-7,adjust,-0.08593004010158352,0.00029955688335046334,0.001340887448266094
296,4,1-7,adjust,-0.13303219357055204,0.0009346706726172138,0.0001426496283879515
296,5,1-7,adjust,-0.06583386595366704,-0.0008685579506633626,0.0005924433098774831
296,6,1-7,adjust,-0.04179093127196813,-0.0003039030435461066,0.0010432436663114332
296,9,1-8,adjust,-0.0036057441627577445,-0.0018876751505757707,0.0013857786464205014
297,2,1-4,adjust,-0.03577452696418031,0.0014471984472501098,0.0013961811014928062
297,3,1-4,adjust,-0.04619226851267266,0.0006148504579266112,0.0007094887181403727
297,6,1-5,adjust,-0.05345882856225095,-0.00097225721649324,0.0009994987157092845
297,7,1-5,adjust,-0.02019218419856289,-0.001582308146905954,0.0011705084034640911
297,8,1-5,adjust,0.03392513089727569,0.0004275803672636707,0.0008020611385306239
297,9,1-5,adjust,0.005169825933164143,0.0012596218846728134,0.0010984093513422251
298,2,1-7,adjust,0.08557884316946716,-0.002346677942646909,0.0009013691161566926
298,3,1-7,adjust,0.17774118420887658,-0.002340865126139339,0.001436632470645991
298,4,1-7,adjust,0.1310018508222973,-0.0011956085777459474,0.000610774066043176
298,5,1-7,adjust,0.18111966649377084,0.0008231825497800792,0.0007377943225841654
298,6,1-7,adjust,0.08465077795530841,0.0005836794671262504,1.561181298111651e-05
298,9,1-8,adjust,0.003733726135797239,-0.00047042795610082404,0.001278998215831502
299,2,1-4,adjust,-0.03389969181504525,-0.0003644410210402395,0.0007194976152362444
299,3,1-4,adjust,-0.06418846219002763,0.00012662682889871268,0.0007909829681391212
299,6,1-5,adjust,0.12351568091081822,0.00012500122750681421,0.00017667562079590315
299,7,1-5,adjust,0.12169581335615055,0.0019432629240623029,0.0008178390229547811
299,8,1-5,adjust,0.0278982302810137,0.0011832293187790922,0.0010188810441377595
299,9,1-5,adjust,0.03931075716373378,0.002242341659185934,0.0012070242593989586
300,2,1-7,adjust,-0.0535297063450733,0.0022120443729188666,0.000847801499219693
300,3,1-7,adjust,-0.1053072928457787,0.0011500915356662269,0.0005128862217908369
300,4,1-7,adjust,-0.12920805127550455,-0.0006830974114247816,0.0009690525085588607
300,5,1-7,adjust,-0.03762334106830988,-0.00027554938075130536,0.0006240486214477284
300,6,1-7,adjust,-0.06360739439345131,-0.0007842771274143832,0.001705654593007688
300,9,1-8,adjust,0.00012816022367940997,-0.0014349965151430008,0.0007222270285324648
301,2,1-4,adjust,0.0222048200341177,-0.0006844378182997084,0.0004836132424532151
301,3,1-4,adjust,0.03712311521124517,0.0003141317244312981,0.0010385398234847294
301,6,1-5,adjust,0.0574186450512382,0.0004539491206980348,0.00199592972289368
301,7,1-5,adjust,-0.0003346270894034412,-0.0005321877070361878,0.002394841027749068
301,8,1-5,adjust,0.006695944843085633,-0.0015399848810411431,0.0009473297007622523
301,9,1-5,adjust,-0.03617000672179191,-0.0005298050149118474,0.0013460188116857137
302,2,1-7,adjust,0.032934107770116815,-4.0748437175332356e-05,0.0008493890918909066
302,3,1-7,adjust,0.05412476772410268,7.391509992348684e-05,0.00024014412345041243
302,4,1-7,adjust,0.10540806847186834,0.0004229687555093496,0.0003169981500126282
302,5,1-7,adjust,-0.0670405227788225,-0.0005232987215590112,0.0003909193204344252
302,6,1-7,adjust,-0.020875486289368392,7.738815197080078e-05,0.000591687913935719
302,9,1-8,adjust,0.01015845091626303,0.00018109398959512398,0.0012342401980337146
303,2,1-4,adjust,0.034991367410564175,-0.0005495143975684725,0.00044855640217911956
303,3,1-4,adjust,0.018735145201756245,-0.0006290327772352216,0.000547122844984181
303,6,1-5,adjust,-0.0957083117434218,6.797395844577767e-05,0.0004675400676390472
303,7,1-5,adjust,-0.09240573528386595,-0.0007309838004843856,0.0005630817037953083
303,8,1-5,adjust,-0.04963144071471012,0.00027122685628213624,3.3111900646957386e-05
303,9,1-5,adjust,-0.04804938742476748,-0.000520612335660505,8.58042135416006e-05
304,2,1-7,adjust,-0.005054177868666417,0.0004104373800543965,0.0002377075330030505
304,3,1-7,adjust,-0.0038765101110751093,-0.00029218688505642214,0.0004318259928512694
304,4,1-7,adjust,-0.051237046773278304,0.0006230656146826157,0.00036930074271945086
304,5,1-7,adjust,0.04386683272963023,0.0008991617525049605,0.00017950507029232494
304,6,1-7,adjust,0.02540127024556611,0.001465769000925314,8.473062979344928e-05
304,9,1-8,adjust,0.023832257545791435,0.0004172956632570722,0.0002024793593028698
305,2,1-4,adjust,-0.026447619676274358,-1.6417546003773653e-05,0.0004683451443164022
305,3,1-4,adjust,-0.04960359115804665,0.0011284077450521108,0.0003831097684571156
305,6,1-5,adjust,0.010437869060801868,-0.0006311376844245372,0.0007105774114163989
305,7,1-5,adjust,0.019805636778246632,0.0015827210195950617,0.0006589979720574846
305,8,1-5,adjust,0.06558598130785379,0.00041055968123211093,0.0008404757433826726
305,9,1-5,adjust,0.04835550296639701,0.0007283027100441858,0.00025662684546611577
306,2,1-7,adjust,-0.06884724873577303,0.0012808237643501246,0.0007540975826527611
306,3,1-7,adjust,-0.09119530576675758,0.0007042169646019558,0.0010909531170967572
306,4,1-7,adjust,-0.07947839201455151,0.0004473466486940271,0.0004862065219374049
306,5,1-7,adjust,-0.17136316488654432,-0.000568934759956605,0.0010919302192890026
306,6,1-7,adjust,-0.0510969013052992,-0.00014081835835155402,0.000522433516593439
306,9,1-8,adjust,-0.015315016822185256,0.001521108763106047,0.00015862604642168213
307,2,1-4,adjust,0.024599093717488415,-0.0006163875551934169,0.000487313383819176
307,3,1-4,adjust,0.037560777825332896,0.00019742516266364158,0.0008046148557503141
307,6,1-5,adjust,-0.1394682319991933,-0.0012817401835427487,0.0012412090622422483
307,7,1-5,adjust,-0.046696468951110216,-0.0014498626548142162,0.0007861918796349707
307,8,1-5,adjust,-0.08397486327881837,-0.0006820162380419252,0.001302541199155442
307,9,1-5,adjust,-0.019682940690069442,-0.002026170462853587,0.0006660362034123948
308,2,1-7,adjust,0.047125335864809305,-0.0012763597254794037,0.00030926676428985156
308,3,1-7,adjust,0.11298111265443395,-0.001933591003544842,0.00024514216224353713
308,4,1-7,adjust,0.0485261964289047,-0.00037303772366448456,0.00026270146876435134
308,5,1-7,adjust,0.07230603453294175,-0.00037881790388570396,3.269151454430823e-05
308,6,1-7,adjust,0.12485146037616307,0.00019525135438568192,0.00015272654398823472
308,9,1-8,adjust,-0.029853098878123922,-0.0007474593364718519,0.0003257759818356478
309,2,1-4,adjust,-0.03701422285675612,0.0002054639307336314,0.00016661469927857465
309,3,1-4,adjust,-0.08909735710032461,0.0005337816828847782,0.00016922636647571728
309,6,1-5,adjust,-0.04960699201998914,0.000409543440570335,0.0012854084836340658
309,7,1-5,adjust,-0.028703751536167187,0.00048555348274635624,0.001316294492425426
309,8,1-5,adjust,-0.0405717052863377,-0.0006499685598296079,0.0010315397261254175
309,9,1-5,adjust,0.010769814300322235,0.0005507471350980407,0.0005434310000932072
310,2,1-7,adjust,0.014053178428949752,0.0009905766709185089,0.001211165345915969
310,3,1-7,adjust,-0.073180791898903,0.001174035201786677,0.0008910271390282328
310,4,1-7,adjust,-0.10612804057539234,-0.0006713242365373408,0.0007411666147960041
310,5,1-7,adjust,-0.012985874848334715,0.0010753405910774233,0.0011248702349296454
310,6,1-7,adjust,-0.01799025779535854,-0.0005168371057759976,0.0005445724507583009
310,9,1-8,adjust,-0.047199498429020645,-0.0020503928593505845,0.0018609589122708283
311,2,1-4,adjust,-0.03627004379311216,0.0008891779228634845,0.0003990525658816583
311,3,1-4,adjust,0.019654857021089,0.0003346539950529252,0.0006287638586512489
311,6,1-5,adjust,0.07592435698012862,0.0007080206304931098,0.0015879548005578452
311,7,1-5,adjust,0.08274721716058701,-7.316389460390216e-05,0.000732685530130492
311,8,1-5,adjust,0.05500500607249253,0.001144926479325178,0.0008206546076620905
311,9,1-5,adjust,0.07834351779306183,0.00304509215213223,0.0006148920055994995
312,2,1-7,adjust,0.02709659205515117,-0.0012353039086305233,0.0002461517959353278
312,3,1-7,adjust,0.052769142795754495,-0.001170051760733418,0.00030030141556990834
312,4,1-7,adjust,0.16979726408109286,5.7704336941048096e-05,0.0005579204981484181
312,5,1-7,adjust,0.06728575234342431,-0.0005874075771140279,0.0006875764668607798
312,6,1-7,adjust,0.00644789347446175,-0.00019954823691995812,0.00021545693591430042
312,9,1-8,adjust,-0.03307709963891314,-0.0007091910724218855,0.0008524117034925111
313,2,1-4,adjust,0.048102215526473396,-0.00016247416469244842,0.00070510266670617
313,3,1-4,adjust,0.04067701975717836,-0.0007140920054040359,0.0005970925785451308
313,6,1-5,adjust,0.01786435033330624,0.0002634298966741213,0.0004947982759239728
313,7,1-5,adjust,0.00736427031859045,0.00022470436542385686,0.0006747759126761561
313,8,1-5,adjust,0.06065102258640506,-2.1984238360967687e-05,0.00044835101814921465
313,9,1-5,adjust,0.025539513820228198,0.0008399502185404853,0.0010187445680367364
314,2,1-7,adjust,-0.05232715759707244,0.0003645486527102697,9.400723805509855e-05
314,3,1-7,adjust,0.03651177810814954,0.0004097017719306114,0.0002441445999644965
314,4,1-7,adjust,0.016546007927205134,0.0010663066464299722,0.00015945415572981715
314,5,1-7,adjust,-0.08796047743303542,-0.0012821470129112183,7.374238402707313e-05
314,6,1-7,adjust,-0.0026713782065463944,-0.00025432565748179916,0.00041689842680790073
314,9,1-8,adjust,0.008052037586287761,-0.001258223322632473,0.0006825570043436833
315,2,1-4,adjust,0.0026676154967004194,0.0003107525956491076,0.0015920760044812535
315,3,1-4,adjust,-0.033033153940308264,-0.0005728266029034483,0.0012432029609361346
315,6,1-5,adjust,-0.12380211151830187,-0.00016694977426347284,0.002288526863696844
315,7,1-5,adjust,-0.11714584956869907,-0.001321199796456598,0.001789051418181633
315,8,1-5,adjust,-0.1519620254485875,-0.0011232998666206987,0.0022282950365444844
315,9,1-5,adjust,-0.021144532837275628,-0.001228679368343485,0.0008854847985637986
316,2,1-7,adjust,0.07238556388437409,-0.002581484024022858,0.00027589802029953186
316,3,1-7,adjust,0.053564227404741156,-0.00022529979718204245,8.862848961697639e-05
316,4,1-7,adjust,-0.10565226922261976,-0.000464234554246589,0.000845267386968463
316,5,1-7,adjust,0.07499510456011278,0.001025338284822679,0.000645522773643719
316,6,1-7,adjust,0.0389034574553159,-0.0003162175769107749,7.139004542787982e-05
316,9,1-8,adjust,-0.08254715703898834,-0.00045365826029338115,0.0002502883808941675
317,2,1-4,adjust,-0.07232585218410661,0.002612406983307554,0.00022872868703030193
317,3,1-4,adjust,-0.10567682249015976,0.001566944467722275,0.001082753938731359
317,6,1-5,adjust,0.10176636502309865,0.00010255272027993891,1.3019523733660986e-05
317,7,1-4,adjust,0.06617034053426106,0.0011533921624561135,5.3812229040327874e-05
317,8,1-5,adjust,0.14253570681507088,0.0013487631687246623,0.0001807296415403721
317,9,1-5,adjust,0.1009213044754856,0.0023388813858029735,0.00039757301451408023
318,2,1-7,adjust,0.040133406968417405,-0.0014334282662385746,0.0006979020169126486
318,3,1-7,adjust,0.019040725910911268,0.0006943214589755907,0.0005076805966868425
318,4,1-7,adjust,0.1273511116143335,0.0011520489408684388,0.0003159907073349237
318,5,1-7,adjust,-0.027883828067296883,0.001102556951373386,0.0007927109087809429
318,6,1-7,adjust,-0.04606477273351759,0.001173077304556305,0.0004305783840135701
318,9,1-8,adjust,0.01683072563818907,-0.0004550843793777466,0.0011115366006190495
319,2,1-4,adjust,-0.04218510930160152,0.0010476241508627817,0.0007248560326247132
319,3,1-4,adjust,0.046700841072693636,-0.002357515207070105,0.0014342516423676223
319,6,1-5,adjust,0.03780405688707317,-0.0005759208189657732,0.0023100355278138484
319,7,1-5,adjust,0.02085164122214934,0.0006021691217355918,0.00146917016336572
319,8,1-5,adjust,0.03867393452962749,0.00010148051062132601,0.0005703992609944941
319,9,1-5,adjust,-0.020462258483330657,0.0007648685930165152,3.606552327015229e-05
320,2,1-7,adjust,-0.002985192162696025,-0.0003808797433558999,0.000526727271206356
320,3,1-7,adjust,-0.08655517136558835,0.0015813426304529055,0.00035706047138854346
320,4,1-7,adjust,-0.08470482947662288,-0.0005135245543136381,0.0004911143942323361
320,5,1-7,adjust,-0.022197787238045594,-0.0008284525479250961,0.00015896005283016695
320,6,1-7,adjust,-0.04122066760672235,0.00029811084539072235,0.0011338571038934998
320,9,1-8,adjust,0.04197434588109832,5.0169755359993975e-05,0.0008710985431107916
321,2,1-4,adjust,0.004556737143592291,0.0005362195224921858,0.00025615054960080553
321,3,1-4,adjust,0.02650060413432608,-0.0012759856420167584,0.0005340980379993159
321,6,1-5,adjust,-0.0011692257050513544,-0.0002877073458063251,0.001693777658995171
321,7,1-5,adjust,0.0330956336468821,-0.0008875054936939658,0.0010967439029598894
321,8,1-5,adjust,-0.06549866965334164,-0.0005451071957223954,0.0010680519092708767
321,9,1-5,adjust,-0.026614602166691006,-0.0004562617402291718,0.00010800581502509999
322,2,1-7,adjust,0.045055411621598755,-0.0009211501909268046,6.80287896518942e-05
322,3,1-7,adjust,0.03672632694354718,-0.0006567193388287168,0.000257400988532542
322,4,1-7,adjust,0.030266075853423075,-0.0006075897177721527,0.0002540053767361528
322,5,1-7,adjust,0.0674303078456921,-0.0005989820798825937,0.00019703251656033594
322,6,1-7,adjust,0.0816695552352525,-0.0006195743146698463,0.000392186885457781
322,9,1-8,adjust,-0.021171503865595836,-0.0007730897698228672,0.0005823252088800384
323,2,1-4,adjust,-0.02335947676233498,0.0005263960942118305,0.0009650629588767081
323,3,1-4,adjust,0.006785329690645702,0.0015131649512661984,0.00042440650513121225
323,6,1-5,adjust,-0.06579065282049233,2.4156512846669124e-05,0.001291474122228632
323,7,1-5,adjust,-0.01817597560707151,4.0844304310211996e-05,0.00027299675281537456
323,8,1-5,adjust,0.007429174737405285,-8.21248507970287e-05,0.0003690392409418848
323,9,1-5,adjust,-0.009707050427556832,0.00026073020159907563,0.0005984120414431181
324,2,1-7,adjust,0.05057437964250959,-0.0010909134733329657,9.463551912896681e-05
324,3,1-7,adjust,-0.028782776377193824,0.00019293216512772138,0.00047557186836778316
324,4,1-7,adjust,-0.11540427129252606,6.27448095623792e-05,0.0003028437094012201
324,5,1-7,adjust,-0.014314557415261098,0.00036888510085367687,8.45101245478542e-05
324,6,1-7,adjust,0.0485269696734095,0.0002742285656036817,0.0002007037849450364
324,9,1-8,adjust,0.0007392647990056401,0.0006110527708130185,0.00013421504034467183
325,2,1-4,adjust,-0.09881736014981811,0.002283435557239347,0.0018979355808137624
325,3,1-4,adjust,-0.040699928273833834,0.000489615686514292,0.001447537155035167
325,6,1-5,adjust,-0.034797216059557164,0.001148916108608753,0.0017248313576926555
325,7,1-5,adjust,-0.055403495697102956,8.239914100165654e-05,0.00020408265466261824
325,8,1-5,adjust,0.018763191182628557,0.00025840903349263615,5.777694056094796e-05
325,9,1-5,adjust,-0.026333095610186243,-0.0019388945078133418,0.0008769830002990196
326,2,1-7,adjust,0.0616201338615056,-0.0013524124897622042,0.00026997711491948405
326,3,1-7,adjust,0.04729767660018305,-0.001124617935998502,0.00019724198786731734
326,4,1-7,adjust,0.04006449582946145,-0.0003033654646548735,0.0004027598735480635
326,5,1-7,adjust,-0.0832612203356568,0.0004114955260657481,0.0008801442949413579
326,6,1-7,adjust,-0.010584415755829822,-0.000826292364043605,0.00028410708038377193
326,9,1-8,adjust,0.04855528175395271,0.0012032088037401082,0.0009858312595796544
327,2,1-4,adjust,-0.04452199330702168,0.00032235558524334925,0.0002942845367441541
327,3,1-5,adjust,-0.0384414968346998,0.0012265856553702636,1.6396901856968764e-05
327,6,1-5,adjust,-0.050878469526065305,-0.0010463801914151985,0.000167678200237377
327,7,1-5,adjust,0.07107640700243716,-0.0002588364820130509,0.00012063644644565333
327,8,1-5,adjust,-0.049738827156425566,-0.00046545766093490095,5.6504750509272466e-05
327,9,1-5,adjust,-0.005667700688548721,0.0007166684493632516,0.0005610257528167762
328,2,1-7,adjust,0.05351267020378545,-0.001483436658895834,0.0002210487491623845
328,3,1-7,adjust,0.11041850406984363,-0.0014700093233719102,2.6099555498818692e-05
328,4,1-7,adjust,0.047585015326344654,2.8774971947456688e-05,0.0003520985227729301
328,5,1-7,adjust,0.14985625270338143,-0.000494063446424935,4.868783024031314e-06
328,6,1-7,adjust,0.1063301915206851,0.000764909429423135,0.00038992085866362803
328,9,1-8,adjust,-0.020902104187202442,-0.0011607917396655185,0.00045751534910948354
329,2,1-4,adjust,-0.0425599505359296,0.0025467963966856523,0.00024807022900830036
329,3,1-4,adjust,-0.06520306197491847,0.0005180495742738299,0.001342626056586541
329,6,1-5,adjust,0.0014277486121359007,0.0006876703878225413,0.0006678555859900701
329,7,1-5,adjust,-0.005161894839700129,0.00013792418009566908,8.675797663321139e-05
329,8,1-5,adjust,0.0014180531188128151,5.4237937149680045e-05,0.00017850076372712863
329,9,1-5,adjust,0.018156038632069396,0.0005020393410125174,4.902002661879364e-05
330,2,1-7,adjust,0.06558663105555913,-0.0016129679138797693,0.0007995034572727057
330,3,1-7,adjust,-0.07176188786162471,0.00031425672303177313,0.0009910041042884888
330,4,1-7,adjust,0.023040897198986866,-0.0001516787180976826,0.00015777740840435415
330,5,1-7,adjust,-0.08906963702637126,-6.791183367895297e-05,0.0002601686861608463
330,6,1-7,adjust,0.0097839039923534,-0.00028173334155037657,9.528782065570116e-05
330,9,1-8,adjust,-0.024588412166267653,7.475027950800286e-05,0.0003718914269877335
331,2,1-4,adjust,-0.025984308291782294,-0.00037784555632479897,0.0009633783217137837
331,3,1-4,adjust,0.0748760423823569,-0.0005305658432929385,0.0006053471312921265
331,6,1-5,adjust,-0.08990613015181957,-0.0005876611116924749,1.672172495430423e-05
331,7,1-5,adjust,-0.053651991246957687,0.00012998974886059626,0.0005269333965453472
331,8,1-5,adjust,-0.017178849577968364,-0.0004894211472687811,9.766517787678003e-05
331,9,1-5,adjust,-0.0007007113205608094,-0.00044233168307862683,0.0004400455822351757
332,2,1-7,adjust,-0.011440554679508465,0.0002433920441424802,0.0007777891051376855
332,3,1-7,adjust,0.03862977649264037,0.00027776279402574834,0.0011034162227782126
332,4,1-7,adjust,0.012332771999451087,0.00013719974929118112,0.0004531298414359586
332,5,1-7,adjust,-0.013862592171716174,0.0008577852002507652,0.001039668050498184
332,6,1-7,adjust,0.005224852440777787,-0.00021819789984570587,0.000664844103550493
332,9,1-8,adjust,-0.017289776128973196,-0.0007373144360913192,0.001305162197855892
333,2,1-4,adjust,-0.0245316625562615,0.0011142624689380331,0.0004648590915529966
333,3,1-4,adjust,-0.03489033798398884,-0.0006170689361695513,0.00160772224373078
333,6,1-5,adjust,-0.02564269551904208,0.0005006730799179894,0.0007026945323210382
333,7,1-4,adjust,0.07422155316958853,0.00024717499968639954,1.6075306343149918e-05
333,8,1-5,adjust,0.06687407789261032,0.0010700870761864117,0.00040115665919332656
333,9,1-5,adjust,0.07130767205694227,0.0019997105691431393,0.0007740141127714296
334,2,1-7,adjust,0.030981143899080747,-0.0013429733581609964,0.000260654685162787
334,3,1-7,adjust,-0.0197690697567268,0.00038057497784159655,0.00048276047937123167
334,4,1-7,adjust,-0.016845337130194205,0.0008560970379323353,0.00013889887035126305
334,5,1-7,adjust,0.07098376394907675,-0.00025424591368384235,0.0002256340768493184
334,6,1-7,adjust,0.08531992807057732,-0.0003197275543239945,0.0005150162171539605
334,9,1-8,adjust,-0.004546914649930602,0.0003396326477229063,0.0002377018243564767
335,2,1-4,adjust,-0.046203855590677224,0.0015001475922743334,0.0005733119241911259
335,3,1-4,adjust,0.015851586235999873,0.0001827268816364122,0.000551614988547028
335,6,1-5,adjust,-0.010320487824193786,0.0009642197376723774,9.273962323909179e-05
335,7,1-5,adjust,0.015647666957166996,-0.0005794893427875574,0.0011934847577739628
335,8,1-5,adjust,-0.0558422361053021,0.00015208461648536734,0.0006195589849127743
335,9,1-5,adjust,0.0001351458506492078,-0.00040910366828449595,0.00042595229310814475
336,2,1-7,adjust,0.04901637342248711,-0.0015497741749333047,0.0006540783940530301
336,3,1-7,adjust,0.06301915814411066,-0.0003007337577051341,0.0011247570477130732
336,4,1-7,adjust,0.014246041991816678,-0.0006904102812634256,0.0007425427482439247
336,5,1-7,adjust,0.12158368116402832,-0.00028427803884542883,0.0019476122425934788
336,6,1-7,adjust,0.06682550716805635,-0.00039250409319804917,0.001067918852384534
336,9,1-8,adjust,-0.036918297878729085,-0.001096169487698906,0.0002919581933405782
337,2,1-4,adjust,-0.01826679845385017,0.0007639215310996406,0.0006536914824830064
337,3,1-4,adjust,-0.034689389328482735,0.00012470022822219903,0.0014847046781521936
337,6,1-5,adjust,0.058218102334796226,0.0007740435621052444,0.002215004294399112
337,7,1-5,adjust,0.05740219176231669,0.0013992783525826045,0.0007549125759678933
337,8,1-5,adjust,0.058355291016904245,-0.0004331742122276461,0.0005083802955071112
337,9,1-5,adjust,0.025601375471582324,0.0014336833392624654,0.00015970547227886332
338,2,1-7,adjust,-0.01671319824651097,0.00048145986203352155,0.0004128620810429404
338,3,1-7,adjust,-0.15028463972826017,0.0011965046907110091,0.0006647055387897197
338,4,1-7,adjust,-0.04563496490590995,-7.582902484601834e-05,0.0005536447864839831
338,5,1-7,adjust,-0.14422922224510398,0.0003686593114940713,0.0006884641661652855
338,6,1-7,adjust,-0.05554210149013845,-0.0012667199538516638,0.0002073476328979979
338,9,1-8,adjust,-0.014644921228661633,-0.00133695578123571,0.0023064889616387693
339,2,1-4,adjust,0.017862643062779036,1.6113721010506504e-05,0.00114974299343583
339,3,1-4,adjust,0.10402954803292545,-0.0009754838309385097,0.000336852057238049
339,6,1-5,adjust,-0.057396931857319734,0.00029832268481764563,0.0005180105861174348
339,7,1-5,adjust,-0.1026624190245003,-0.0003509691240678635,0.0001560434887161087
339,8,1-5,adjust,-0.016548122191809192,-0.00029303452995582896,0.0004324788485211256
339,9,1-5,adjust,0.006367526508107142,0.000517798113994403,3.30030640056181e-05
340,2,1-7,adjust,-0.07185476139806345,0.0006412316899702971,0.0019419225263761254
340,3,1-7,adjust,-0.019933176917458516,0.000649450681811761,0.0008314792112919745
340,4,1-7,adjust,-0.037995053288079506,0.00017160808214545836,0.0010436481302098705
340,5,1-7,adjust,0.015097499443743152,0.0007078537216823814,0.0004597932227974488
340,6,1-7,adjust,-0.004346475530388725,0.0006530290192140292,0.0012467767195068638
340,9,1-8,adjust,-0.008707758764462186,0.0006017495431431783,0.0003641107306581949
341,2,1-4,adjust,0.03678761895801266,4.326807461657995e-05,0.0004839903250097753
341,3,1-4,adjust,-0.011732041826852436,-0.0001601441046118558,0.0011012000019482852
341,6,1-5,adjust,0.008465715454294956,-0.0006490600797781584,0.0008609363560166474
341,7,1-5,adjust,0.04059363049756852,-0.0006518842032932769,0.000640903436516049
341,8,1-5,adjust,0.07221388241104733,0.000889610446021294,0.0008164390853537409
341,9,1-5,adjust,0.03899663775652065,0.000869231944021089,0.0017857593749535479
342,2,1-7,adjust,0.003167377202717513,-0.0006558305673331533,0.0005461332587216969
342,3,1-7,adjust,0.06371113780212273,-0.00015792518583159076,0.00014909064277106448
342,4,1-7,adjust,0.09710863581460605,-0.0012752583648483842,0.0007585851948038424
342,5,1-7,adjust,0.015247018265147651,-0.00017186719065559466,6.822452931225439e-05
342,6,1-7,adjust,0.002886203402050454,8.779803807275251e-05,0.00024608845114355534
342,9,1-8,adjust,0.008480630450475752,1.289591785164563e-05,0.0012004415674268859
343,2,1-4,adjust,0.08854206265359056,-0.0015792303661222504,0.0017393438571689781
343,3,1-4,adjust,0.03579652717383297,-0.0012711397692765694,0.0019419921196892585
343,6,1-5,adjust,0.05291948769699009,-0.0003855640690769163,0.0017420451212619985
343,7,1-5,adjust,-0.01151933535908375,0.0009324951852396171,0.0014500395203354687
343,8,1-5,adjust,-0.05742859970217538,-0.00027320197312296935,0.0011632994004170008
343,9,1-5,adjust,-0.031917074658212544,-0.0003714813419672208,0.001226393667576152
344,2,1-7,adjust,-0.11445340461112108,0.0022461680330278103,0.00047671830415751287
344,3,1-7,adjust,-0.052408627221236306,0.0016388490163280296,0.000163548568538785
344,4,1-7,adjust,-0.10805407917035431,0.0007568133537784277,0.0006225785190885123
344,5,1-7,adjust,-0.07556326940273435,6.401404649358181e-05,0.0011029604776012865
344,6,1-7,adjust,-0.1050558427528068,4.3924868774590416e-05,0.00016527560127285975
344,9,1-8,adjust,-0.014022359289935856,-0.0009251257788411778,0.0011284715254517499
345,2,1-4,adjust,0.034787249219830126,-0.00020221638291003253,0.0007249180617893543
345,3,1-4,adjust,-0.038669487478413464,0.00027165099663224875,0.0005528778177803107
345,6,1-5,adjust,-0.010623916837873634,0.0004792567267085263,0.0011960145147259294
345,7,1-5,adjust,0.00831334833934719,-0.00034352885361749907,0.0011110408855249498
345,8,1-5,adjust,0.0310487582842907,0.0006503995244902553,0.001221928450907147
345,9,1-5,adjust,0.007390392262852871,0.0001942108051411739,0.0008101103200335737
346,2,1-7,adjust,0.002114899617863112,-0.0004999134850214734,0.0007937276638821749
346,3,1-7,adjust,0.008449800046697703,-0.0006373230045092501,0.0007148303032446399
346,4,1-7,adjust,0.005751018242179159,-0.0001647023325251893,0.000606523525465127
346,5,1-7,adjust,0.051294803050002495,-0.0007745732428782169,0.0007521004331851332
346,6,1-7,adjust,0.0497742693636774,0.00022056137492278613,0.00027385225859283713
346,9,1-8,adjust,0.028906691866398587,0.0008643788779686656,0.00020286717679051828
347,2,1-4,adjust,0.010977105329055065,0.00028157410278715963,1.850534847806655e-05
347,3,1-4,adjust,0.012273899457804435,-0.000976797927936294,0.00028810342838213955
347,6,1-5,adjust,0.02355947704083277,-0.0008407923813275131,0.0016201405897854839
347,7,1-5,adjust,-0.036155361529552794,-0.00017837004441389703,0.0011865328326605131
347,8,1-5,adjust,-0.046821933926170366,-0.0007606001824481664,0.0005386622466487127
347,9,1-5,adjust,-0.028582531519381144,-0.0014528366081310313,0.00019006078647729456
348,2,1-7,adjust,-0.047820102146563084,0.0007261766870546878,0.0006060880861553436
348,3,1-7,adjust,-0.040243945235717234,0.0016808081616115434,0.00030458248897673374
348,4,1-7,adjust,0.033797705385727836,0.0017653078901471323,0.00019292521769658042
348,5,1-7,adjust,-0.025545157608011904,0.0009336132877447047,0.0010273042410722656
348,6,1-7,adjust,-0.07389971476972028,4.784199090372632e-06,0.0002407821210232263
348,9,1-8,adjust,-0.0006282537279424919,0.00014744714428539834,0.0001865519729153417
349,2,1-4,adjust,0.0012444259845382456,-0.0009397457047660237,0.0006369412751857416
349,3,1-4,adjust,0.008682796995365574,-0.0011599339196562643,0.0003675962469492398
349,6,1-5,adjust,0.0732294980109177,0.000714521871419601,0.0002863881982168982
349,7,1-5,adjust,0.012774197818323747,0.0003930770290332352,0.0004411491800516872
349,8,1-5,adjust,0.022307230147676382,0.00019674129855571526,0.0009282418663366754
349,9,1-5,adjust,0.020547026828679295,0.00048108334617651865,8.200008767247758e-05
350,2,1-7,adjust,-0.023653658418230316,0.0008967466917873409,0.00044998542808309986
350,3,1-7,adjust,-0.03068208004180365,0.0007630545897442511,0.0004845408870289864
350,4,1-7,adjust,-0.07631742340851055,-0.0008883163708806582,0.000667080170908585
350,5,1-7,adjust,-0.02231798850740277,-0.001127644258451614,0.00022601219832839054
350,6,1-7,adjust,-0.03310358285307568,0.00023508642227513906,0.0008557631053065154
350,9,1-8,adjust,-0.0051831747549848225,-8.164332078649743e-05,0.0001664732154333938
351,2,1-4,adjust,0.04343506222716781,-0.0005186150921785911,5.878640152650934e-05
351,3,1-4,adjust,-0.0011261575636657755,0.00015317539307868966,0.0010950972019233404
351,6,1-5,adjust,-0.0011183425841927565,-0.0016868868113622212,0.00012179221902223861
351,7,1-5,adjust,-0.027986875599743482,-0.0010520416382265542,0.00019968477249492517
351,8,1-5,adjust,-0.00947999749187468,-0.00021258783687145888,1.8347850323536375e-05
351,9,1-5,adjust,-0.05392045381211453,-0.0006409581616441632,0.0016102872375011134
352,2,1-7,adjust,0.03267494667471563,-0.00185106312754288,0.0008962773311626317
352,3,1-7,adjust,0.1254256285676529,-0.0008203713152667073,0.0002737522134395619
352,4,1-7,adjust,0.15815470324328987,-0.0008824954705721734,0.0004959823942992583
352,5,1-7,adjust,0.10787500299127584,0.000933637627044912,7.908049308542065e-05
352,6,1-7,adjust,-0.019246456327219327,0.0008323533364255767,0.0005624695214612543
352,9,1-8,adjust,0.036547587503987414,0.0014392605281546525,0.0007080062074080395
353,2,1-4,adjust,0.009706589070706416,0.00017271513255544952,0.0008825066576667826
353,3,1-4,adjust,-0.015734590661338914,-0.0005344453318586364,0.0008827031855796744
353,6,1-5,adjust,0.1178748015155553,-0.00015911400552067305,0.000723932900482396
353,7,1-5,adjust,0.10181632423608296,0.0008063452403559931,0.0012566445014086031
353,8,1-5,adjust,0.06976415163626455,0.0009234418483578477,0.0019778987833874565
353,9,1-5,adjust,0.044292482533049765,0.0001767631432812658,0.0011734004218224832
354,2,1-7,adjust,-0.05145962030854922,0.0019098320287199494,0.0009653167973618001
354,3,1-7,adjust,-0.0998626559920951,0.0015046415754537163,0.0003180938871402833
354,4,1-7,adjust,-0.12080210142701304,0.0005727322714651834,0.000411950860824162
354,5,1-7,adjust,-0.10586582128525139,-0.0012791551751009508,0.00024120387202461514
354,6,1-7,adjust,-0.05987735735035054,0.0004301597630737737,0.000729802126558754
354,9,1-8,adjust,-0.0026044154976210187,0.001376606126092875,0.0008581871446465634
355,2,1-4,adjust,0.021057139838952223,-0.0011000691329134584,0.0006073255893746654
355,3,1-4,adjust,0.028412220928353188,-0.0006434027012596294,0.000731757295954859
355,6,1-5,adjust,-0.08538644519542396,-0.000341867902614685,0.0004724093592188285
355,7,1-5,adjust,-0.14689458133985578,-0.0010542624986863145,0.000525661190278385
355,8,1-5,adjust,-0.12332712884949541,-0.0012864695550144861,0.0005332093875171979
355,9,1-5,adjust,-0.0482610274574637,-0.002818798959487295,0.0001808746288384183
356,2,1-7,adjust,0.04215674396666497,-5.651775114058102e-05,0.00018354867618066545
356,3,1-7,adjust,0.07511719121637109,-0.000649119105206016,2.1000043034750096e-05
356,4,1-7,adjust,0.14742660562839946,-0.0002898615465129996,0.00010269131278638665
356,5,1-7,adjust,0.008742412458427547,-8.018952879334883e-05,9.836587355353392e-05
356,6,1-7,adjust,-0.00538408181995214,0.00047042179815921635,0.0007284196228301837
356,9,1-8,adjust,-0.023405202428159598,-8.904891527718075e-05,0.0003080026649667641
357,2,1-4,adjust,-0.017455935486956623,-0.0008653954729838553,0.00014381385843076125
357,3,1-4,adjust,0.08049984327121187,0.0005094219384341518,0.0001369196387331067
357,6,1-5,adjust,0.03947399058189712,0.00020571499895425904,0.0015032783409616166
357,7,1-5,adjust,0.021939262123294806,0.0004912047042434074,0.0006021162950028485
357,8,1-5,adjust,-0.03271664544396288,0.0011441964558273029,9.689282986788222e-05
357,9,1-5,adjust,0.015701727312340593,-0.0004604292592978187,0.0006584515775182937
358,2,1-7,adjust,-0.006795801012428253,0.0006026640940830568,0.00039804914448197026
358,3,1-7,adjust,-0.17235483156356948,0.00036766754188796247,0.00040604813452539056
358,4,1-7,adjust,-0.09951850865020709,-9.618423942917069e-05,0.000577871787914169
358,5,1-7,adjust,0.027889976471167525,0.0007179362913600134,0.0008243508929116977
358,6,1-7,adjust,-0.01466523653006855,-0.00028396216842656573,0.0014080622631040152
358,9,1-8,adjust,-0.00850336529149829,0.0006294538555141219,9.897168263719463e-05
359,2,1-4,adjust,0.018074247772063134,-0.00013119025232345528,0.0005144220893287596
359,3,1-4,adjust,0.05679471097069308,-0.00019673292948458855,0.0007432634862838919
359,6,1-5,adjust,0.05842428155534091,-0.0007084918247927071,0.00026267461901722427
359,7,1-5,adjust,0.06966971483303475,0.0008823345969930834,0.001292159596357387
359,8,1-5,adjust,0.10658049412686411,-0.00023378274333437306,0.00037373798366152063
359,9,1-5,adjust,0.026165959576910848,0.00045913864741630047,0.0007250908655916791
360,2,1-7,adjust,-0.057563837592263765,0.0014905349983392441,0.00020561540844136819
360,3,1-7,adjust,-0.06942161214686858,0.0008279567548698664,0.0004973437290523129
360,4,1-7,adjust,-0.07520396603688331,0.0010828791874918798,4.0083513689980536e-05
360,5,1-7,adjust,-0.04559361738797055,-0.0005982888846710814,0.0005196681205803425
360,6,1-7,adjust,0.005363509210158729,0.0014211775527067558,6.081781021868851e-05
360,9,1-8,adjust,0.018879613080250043,0.00111023140523227,0.00019677150835630095
361,2,1-4,adjust,-0.0021418676825275683,-0.0003908952206373305,0.001029573657698662
361,3,1-4,adjust,-0.011977507781731171,-0.0001862616500576685,0.0014009761036024115
361,6,1-5,adjust,-0.097022556263225,-0.0010770001638715026,0.00046624032993141664
361,7,1-5,adjust,-0.10175228671033411,-0.00026426885589084676,0.00033615211707787077
361,8,1-5,adjust,-0.09284647663203774,-0.001194949324888561,0.0012298123720077372
361,9,1-5,adjust,-0.038949979401237594,-0.0023930096096359678,0.0010900577638868
362,2,1-7,adjust,0.055625254471539196,-0.00032896703502648193,0.0008224043203767733
362,3,1-7,adjust,0.05455795307746901,-0.0007659605967982332,0.001484910920241172
362,4,1-7,adjust,-0.02099154275571298,-0.00027305759988324805,0.001045241952701841
362,5,1-7,adjust,-0.08668880910108172,0.0006170800429694712,0.000668274061464829
362,6,1-7,adjust,-0.028445319261021104,-0.00017045997659263714,0.0007882227692974387
362,9,1-8,adjust,-0.021396351262734776,-0.00027989141921807903,0.001227422865849267
363,2,1-4,adjust,-0.05429792628095356,0.0009734948844163718,1.0047545038646403e-05
363,3,1-4,adjust,-0.08137934208250927,0.001135579497417908,7.29438520218829e-05
363,6,1-5,adjust,-0.022757029117482043,0.0008916488319677549,0.00047101232176449085
363,7,1-5,adjust,0.05466625029194181,-0.001264132766898164,0.0006152101821639906
363,8,1-5,adjust,0.029784587297587806,-7.767253250521418e-05,0.0009170594173753455
363,9,1-5,adjust,0.04017581570854438,0.001535888537775341,0.0004050902010593481
364,2,1-7,adjust,0.04777393435143279,-0.0014195027139978136,0.0008814683458623794
364,3,1-7,adjust,0.17851640258427257,-0.003055376194531972,0.0003778754488164202
364,4,1-7,adjust,0.2197335621844093,-0.0010497012894840063,0.00027903946370403353
364,5,1-7,adjust,0.16005744194938468,-0.0003233806380386127,0.0005335726130608505
364,6,1-7,adjust,0.1303183118049952,-0.0005512231223290905,0.00023308532190242747
364,9,1-8,adjust,-0.020170390818965003,-0.00030052851176214074,0.00037369517023493716
365,2,1-4,adjust,0.04981779547382766,-0.0014891543357942014,0.0008504077229607577
365,3,1-4,adjust,0.013269489459169241,0.000276800110833074,0.001683277448851125
365,6,1-5,adjust,-0.008281827319987492,0.0002764221958146413,0.00041546073351481425
365,7,1-5,adjust,0.06762651119751566,0.0007498297710887405,0.00039573757548781214
365,8,1-5,adjust,0.0748024406116983,0.0011560086934325972,0.0005904476635671922
365,9,1-5,adjust,-0.0038076354491836514,0.00031903274215027555,0.0005037632533001268
366,2,1-7,adjust,-0.09500130169814969,0.0016232867943217115,0.0001815934412508895
366,3,1-7,adjust,-0.01698881843741998,0.0014327762019663388,0.0009068878794505326
366,4,1-7,adjust,-0.11261660690204214,0.0006026696766768789,0.0001808888585645689
366,5,1-7,adjust,0.059868260384333245,0.0006016408200775347,0.00022095488677480892
366,6,1-7,adjust,0.0625259066005344,7.483374079541121e-05,0.00017718752865961566
366,9,1-8,adjust,0.04479964044976808,0.0007574949807659179,0.0002490530750437946
367,2,1-4,adjust,0.03349106244118557,0.0001554311754460117,0.0002130855412895969
367,3,1-4,adjust,-0.06617458994354782,-0.0002620191648084768,0.0004938997580073885
367,6,1-5,adjust,0.030946354049738133,-0.0007667128529674315,0.0016450278839987282
367,7,1-5,adjust,0.04458379943267457,0.00022735166651859762,0.0006045171947997818
367,8,1-5,adjust,-0.01977340769381463,-0.00012320612034897783,0.00043133439231501355
367,9,1-5,adjust,-0.0011467243189472761,0.00026703021002042783,0.00036427891326750106
368,2,1-7,adjust,-0.03249073508961123,0.0009405997374977571,1.6567500439721295e-05
368,3,1-7,adjust,-0.024015963325826638,0.0009448883264200278,0.0008552288903143559
368,4,1-7,adjust,-0.007781926862600515,0.0002977655692751443,0.0006031297423706939
368,5,1-7,adjust,-0.1238738265026858,-0.0016765692959875788,0.0002853519448963612
368,6,1-7,adjust,-0.026551933087406276,2.8985318480457207e-05,0.0012287187599301383
368,9,1-8,adjust,-0.007772082580656004,-0.00032062301579012596,0.0006924812567059924
369,2,1-4,adjust,0.024073020043183523,-0.0018493221964738875,0.0005879341226042604
369,3,1-4,adjust,-0.020227800201008374,-0.0005153317833422657,0.001272972195046709
369,6,1-5,adjust,-0.1454618485532603,0.0007603425217008415,0.0009583447629790637
369,7,1-5,adjust,-0.13740669962554147,-0.0007357493713918283,0.0006884899553621149
369,8,1-5,adjust,-0.1068238805103321,-0.0019150787512531692,0.0009093169631522423
369,9,1-5,adjust,-0.09107547084614273,-0.002496063885253474,0.0016634649875562504
370,2,1-7,adjust,0.018837232908345707,0.0006313621539222711,0.001873377481888533
370,3,1-7,adjust,0.04155288943118989,4.552430943204355e-05,0.0008166740687445109
370,4,1-7,adjust,0.024924247297850623,-0.0005224313832682741,0.0008228354175346534
370,5,1-7,adjust,0.044048330612035426,0.0013611687631593608,0.0010168905194976308
370,6,1-7,adjust,0.037340101321003356,7.388590692805594e-05,0.0011852056076831479
370,9,1-8,adjust,0.015617472030528537,-0.00014602582280970463,0.0011167186037943553
371,2,1-4,adjust,-0.003937071242597996,-5.4407539225681944e-05,0.000369257600788809
371,3,1-4,adjust,0.01652514354315993,-9.564913392843484e-05,0.0009890208321485072
371,6,1-5,adjust,0.040685780460178,-0.0006007976497676249,0.0006930889893750909
371,7,1-5,adjust,0.08030973400003634,0.0004265207540632054,0.0011055680700895003
371,8,1-5,adjust,0.0936082295738689,0.0018569308716538057,0.0007439092583375906
371,9,1-5,adjust,0.0916968933279659,0.002838306806944859,0.0003613090311768126
372,2,1-7,adjust,0.037438616857372785,-0.0006300317736439215,0.0009743761036662758
372,3,1-7,adjust,-0.03243938567910129,0.0002393696991825788,0.0001901617026027065
372,4,1-7,adjust,-0.04989201429352271,-0.0001124551080557945,0.00038451182681156006
372,5,1-7,adjust,0.06367618237351429,0.000296389034248772,0.0001675574386082108
372,6,1-7,adjust,0.016816607947726714,-0.0001019929803075288,0.0004508823110765849
372,9,1-8,adjust,-0.027714193345489305,-0.00023649758444178076,0.00041117292466246174
373,2,1-4,adjust,-0.043902554288295786,0.0007591226213941922,0.0001548074183352245
373,3,1-4,adjust,-0.015455812382260481,-1.0180967818886774e-06,0.0002951507030667073
373,6,1-5,adjust,0.04245618059368575,0.001079990212347315,0.0014596607689406076
373,7,1-5,adjust,-0.018034890232097842,0.0006376939705235475,0.0014859792220427532
373,8,1-5,adjust,-0.007751323070726139,0.0007373423343895174,0.0006288967757800769
373,9,1-5,adjust,0.043545233095422124,-0.00010537828339087577,0.0011382812416422551
374,2,1-7,adjust,-0.04499361081016442,0.00036486549064908134,0.0005273943659970931
374,3,1-7,adjust,0.006368728212202791,0.00038779039917590067,0.0007486116659467194
374,4,1-7,adjust,-0.07747164115023454,0.00036807923900612527,0.0008390209551729736
374,5,1-7,adjust,-0.11875359902477667,-0.0010166848225419264,0.000877116985532424
374,6,1-7,adjust,-0.10118669073647814,-0.000957591178074851,0.0006268937741773
374,9,1-8,adjust,-0.01946934329712301,0.00032562685790191523,8.651132221851772e-05
375,2,1-4,adjust,-0.00414446267058117,0.0007773969439808228,0.0014257017017561822
375,3,1-4,adjust,-0.05055418920454225,-0.0001285325580664898,0.0010465442079889491
375,6,1-5,adjust,-0.03378794723799618,-0.00013403365182760015,0.0002098100893098884
375,7,1-5,adjust,-0.07034671103869458,-0.001134105628152494,0.00029041824053590816
375,8,1-5,adjust,-0.06430400892972307,-0.001963481313788663,0.0005068914289026954
375,9,1-5,adjust,-0.021048807173481798,-0.0012446913939320873,0.0004674983858493877
376,2,1-7,adjust,0.08275161140451326,-0.0016923695573593522,0.0007753033487810875
376,3,1-7,adjust,0.020980912770615565,-0.0005901087157311275,0.0011627752316873377
376,4,1-7,adjust,0.24127869002386174,-0.00040319944838094693,5.299835969877678e-05
376,5,1-7,adjust,0.00139736779794245,0.0009758648888736302,0.0012132214827423066
376,6,1-7,adjust,0.04075243270447461,0.001243742575853279,0.001415589119018224
376,9,1-8,adjust,-0.06408194738815225,-0.0006056663984062449,0.0006597906719572494
377,2,1-4,adjust,0.011658547244571597,-0.0009889984259414059,0.00142203955947901
377,3,1-4,adjust,0.1723536680123788,-0.000604245337493196,0.002446004437952415
377,6,1-5,adjust,-0.012594696403832673,-0.0012905885178719323,0.0011029848640840105
377,7,1-4,adjust,0.0864062750587714,0.0012555543580364545,8.110511885112739e-05
377,8,1-5,adjust,0.036534833467462405,0.001079874901907477,0.0004181598033820323
377,9,1-5,adjust,0.11447679139026892,0.0018709835160940246,0.0016130995678652299
378,2,1-7,adjust,-0.05037498181503943,0.0021319020544821477,0.00037657540137863197
378,3,1-7,adjust,-0.21817173119152689,0.0017741959030593852,0.0005289599364595204
378,4,1-7,adjust,-0.19584566012420904,3.450419141551661e-05,0.00024301544460787438
378,5,1-7,adjust,0.027824457019054227,-0.0011381923925733394,0.0009486577806334307
378,6,1-7,adjust,0.04495664632730326,0.0007320233486591371,0.0005299986469909418
378,9,1-8,adjust,-0.0765347948174783,-0.0014621252400198808,0.0011960895420595472
379,2,1-4,adjust,-0.0005184227087088473,-9.768806487315216e-07,0.0004822553868103855
379,3,1-4,adjust,0.06195421232374223,-0.0006512913262444525,0.0011863521085916852
379,6,1-5,adjust,-0.05415633506158262,-0.0004645043868973019,9.822266489056221e-05
379,7,1-5,adjust,-0.13867628959061046,-0.001011120605874088,0.0007866325991087696
379,8,1-5,adjust,-0.01475015254318822,-0.0008667612037989618,0.00015770799905582118
379,9,1-5,adjust,-0.005914419519950665,-0.0011319467040555164,0.00046828655287074316
380,2,1-7,adjust,0.02887651676071547,-0.0019973719382033782,0.0002928088424037412
380,3,1-7,adjust,0.04606856873964737,8.821323408184822e-05,0.0010169835987271479
380,4,1-7,adjust,-0.012352021610799289,0.00016174151276259673,0.00025878921135922867
380,5,1-7,adjust,-0.020226506580461524,0.0015053384702859648,0.0004628595937026025
380,6,1-7,adjust,-0.07370920198071303,0.00040970571489965744,0.0014830296605603352
380,9,1-8,adjust,0.004616297742918317,0.0006417827333674635,8.911751192320704e-05
381,2,1-4,adjust,-0.034526541785940126,0.0017254315334597266,0.00048558965579677634
381,3,1-4,adjust,-0.03937237934738043,0.0011084679993239807,0.00033394369799400316
381,6,1-5,adjust,0.11993067425317464,-0.0012225444531924281,0.00036014035296753216
381,7,1-5,adjust,0.1470392547767144,0.000619069438214577,0.001054217596422613
381,8,1-5,adjust,0.09871538651359889,0.0010917461644260173,0.00114356325590802
381,9,1-5,adjust,0.008098667987524398,0.0006932816719861625,0.00043927379697294316
382,2,1-7,adjust,-0.004038479409743856,0.00013459598311805617,0.0008942795426324877
382,3,1-7,adjust,-0.07536025377042553,-0.0012601046647845644,0.00024428733779314723
382,4,1-7,adjust,0.11275180479373902,0.00010415371666497975,0.00010794513942834941
382,5,1-7,adjust,0.03573687790692787,-0.00038363514193228283,0.0005354854362314153
382,6,1-7,adjust,0.04439530771570894,0.0002833702205115361,0.00037172123651426226
382,9,1-8,adjust,0.054620745929976296,0.0003725510536235678,0.0007296623129766562
383,2,1-4,adjust,0.031218174423377053,-0.0010173710423560297,0.0002715001095176092
383,3,1-4,adjust,0.14468008870231297,-0.0002517260798309084,0.0010477192367489938
383,6,1-5,adjust,-0.03076556533025221,0.000663538140714859,0.00042538001603002534
383,7,1-5,adjust,-0.07235671357913862,-0.000552726976150256,0.00014027379383857935
383,8,1-5,adjust,-0.008987309197227141,-0.0002005270244468332,0.0005507812816153711
383,9,1-5,adjust,-0.011657870991145462,0.0001861461153596352,0.0005920807328284946
384,2,1-7,adjust,-0.0015372805174700137,-0.00026158504963302067,0.000998988894923797
384,3,1-7,adjust,0.0281504890177888,-0.0014623429480415957,0.000587946338507273
384,4,1-7,adjust,-0.13488085364539443,-0.0003625094898971109,0.00019432583222831992
384,5,1-7,adjust,-0.025721405249272866,-0.00043477412089284974,9.565478746204997e-05
384,6,1-7,adjust,-0.02131716567267471,0.0007875212743162644,0.0006076327069772218
384,9,1-8,adjust,0.004148202668991092,-0.00042647062749530894,0.0009484537171036852
385,2,1-4,adjust,-0.03429259650789875,0.0013970060458640796,7.011464656509816e-05
385,3,1-4,adjust,-0.1296359812838604,0.0017589351536171805,0.0008327123548458181
385,6,1-5,adjust,-0.009346870114321768,-0.0003191962026349929,0.0012259040397511656
385,7,1-5,adjust,0.007437493476413185,0.00018727198726057443,0.001043109251514894
385,8,1-5,adjust,-0.07999626953242865,-0.00013752288010632842,0.0006239571655384261
385,9,1-5,adjust,-0.03280208629066534,-0.0008971530216886045,0.0003638565359879487
386,2,1-7,adjust,0.04043885798612902,-0.001322023542101792,0.00016299160846200054
386,3,1-7,adjust,-0.030703121022153494,0.00017333158094948102,8.01916897740025e-05
386,4,1-7,adjust,0.06697661270445765,0.0009073786389369094,0.0004265312261325235
386,5,1-7,adjust,0.003349865620251739,0.00020199063824126917,6.996111035484973e-05
386,6,1-7,adjust,0.02337897236727857,-0.0007660922804213943,0.0009599114661902237
386,9,1-8,adjust,-0.016479279841475857,0.0010001095612517516,0.00026601314452613417
387,2,1-4,adjust,-0.02163825303642718,0.0013232014552402391,0.00012910363460515522
387,3,1-4,adjust,0.04908111567593652,9.083986064575734e-05,0.0002418279362989892
387,6,1-5,adjust,-0.01308935935441406,0.0004237837965255862,0.000545207137103096
387,7,1-4,adjust,-0.016835068518812613,-0.00026412398843021165,6.53753064109843e-05
387,8,1-5,adjust,0.0069177179782873716,-0.0004399433902691936,0.0007019636018007543
387,9,1-5,adjust,0.01860532707898564,0.00040046043303239103,0.0005405770612087803
388,2,1-7,adjust,0.016167866022767038,-0.0013096341234695177,0.0007619267536584489
388,3,1-7,adjust,0.021329283635755966,-0.0009033634218064161,5.632130576907367e-05
388,4,1-7,adjust,0.02724137198323538,-0.0007098437977965523,0.00023440594601221646
388,5,1-7,adjust,0.010839456721365043,8.855854504941377e-05,0.0004835758909324628
388,6,1-7,adjust,-0.026274874095164297,0.0003276223586257364,0.0009740481631220539
388,9,1-8,adjust,-0.029765308219423976,-0.0014882131613470936,0.0003692756077637872
389,2,1-4,adjust,0.016759460385852864,0.001492231487984042,0.0005800228702108393
389,3,1-4,adjust,0.022152525974200445,7.551873612555875e-05,0.001014240216345527
389,6,1-5,adjust,0.03593036675455555,-6.458594343870016e-05,0.0008848161979391205
389,7,1-5,adjust,0.044085810192950735,-0.0003482382525631112,0.0005168260939997045
389,8,1-5,adjust,0.039309208846038585,0.0010505641827426202,0.0005958518083037218
389,9,1-5,adjust,0.03557318503724253,0.0009035813978268993,0.000432875877054638
390,2,1-7,adjust,-0.013039004450798955,-0.0011305608677239605,0.0015914637223632235
390,3,1-7,adjust,-0.04717971155857372,-0.00041973169297971144,0.0007520882769715395
390,4,1-7,adjust,0.10269448840173037,0.0004662203698409486,0.0006868327371279531
390,5,1-7,adjust,0.07537871109430515,-0.00011640041494152752,0.00033239283703744563
390,6,1-7,adjust,0.031679405047930015,-0.0006359998798873934,0.001400960525340331
390,9,1-8,adjust,0.024135939534659524,0.0008468136652941722,0.0013409534393591363
391,2,1-4,adjust,0.009806243021985035,0.0007236123329034025,0.0002969688502034811
391,3,1-4,adjust,0.11750579490698532,0.00043200612562425305,0.0002528940056773527
391,6,1-5,adjust,0.028981236009096804,0.0003429564957866592,0.00031458989593398205
391,7,1-5,adjust,0.03074668593276169,0.0003327597172532485,0.0003321251924049981
391,8,1-5,adjust,-0.003066621438454404,-0.00026425596989768557,0.00027223095354498645
391,9,1-5,adjust,-0.007328075660846637,-0.0006801917577164178,0.0003569673551437254
392,2,1-7,adjust,-0.01839862528297963,-0.0005394107103872085,0.00039761709505487593
392,3,1-7,adjust,0.0012622006968528866,-0.0003023446546556948,0.0006671703798637436
392,4,1-7,adjust,-0.061783264100464336,0.0001203352326268663,0.00034369480527246695
392,5,1-7,adjust,-0.06616149495017647,-0.0006180944478019817,0.0008337014417306929
392,6,1-7,adjust,-0.02477156427200363,-0.0012766350048593641,0.0005117836856396208
392,9,1-8,adjust,-0.016994338773047783,0.00019044278873612964,0.00010859560584248298
393,2,1-4,adjust,-0.02362416998557071,0.00037033869715443065,0.0003737863718542659
393,3,1-4,adjust,-0.04504887305523567,0.00013226951412348035,0.00017437814535231551
393,6,1-5,adjust,-0.044808132209400844,0.0007796174214995437,0.0012330595318530253
393,7,1-5,adjust,-0.06646040909156226,-0.00043124514387070487,0.0010510995373333996
393,8,1-5,adjust,-0.0648738007391382,-0.0008583834645428684,0.0006477885380970305
393,9,1-5,adjust,0.008133743836874563,-0.0007063390680470904,0.0004928808746051079
394,2,1-7,adjust,0.04640252296019656,-0.0009371700744937653,0.0008571242530894753
394,3,1-7,adjust,0.07401689024486033,-0.0007930608645134189,0.00068109055154439
394,4,1-7,adjust,0.06072502106666999,-0.0005862237521292992,3.9363765341315255e-05
394,5,1-7,adjust,0.03009177332006275,0.0005565755088908925,0.00040256129842036357
394,6,1-7,adjust,0.017009108061502083,0.0006772191700911416,5.604545312497346e-05
394,9,1-8,adjust,-0.05342371478153093,-0.00016227258180383748,0.00022276294965712848
395,2,1-4,adjust,0.00857884906549826,-0.00013042981624488483,0.0010586626873148022
395,3,1-4,adjust,-0.014261092448786377,-0.00013297375905838935,0.0014882432235853607
395,6,1-5,adjust,0.044386504107055136,0.0005662834844028825,2.6350019766845347e-05
395,7,1-5,adjust,0.022661348369400057,0.0007192146547006988,0.00042569909841451886
395,8,1-5,adjust,0.07471596528109722,0.0004195476070697133,9.826274059925537e-05
395,9,1-5,adjust,0.047968606520961424,0.0009587307080982599,0.00021990060232289222
396,2,1-7,adjust,-0.024942083385688495,0.0005224824002103698,7.142884029804787e-06
396,3,1-7,adjust,-0.062059701353642374,0.0012948712252630632,1.1352491400694655e-05
396,4,1-7,adjust,-0.08978549563934796,0.00020932347187307458,7.467529316612026e-05
396,5,1-7,adjust,0.02184921281746219,5.743247061488991e-05,0.00028735693555461284
396,6,1-7,adjust,-0.06352800093285377,-0.0013749094795659886,0.000160345242649294
396,9,1-8,adjust,-0.004992756095915499,2.0298878740578693e-05,0.0003107992028013689
397,2,1-4,adjust,-0.0009642440918205938,-0.0007100835428647548,0.0003436086524481744
397,3,1-4,adjust,-0.008096178123294369,0.0004301432268003181,0.0003019067251470342
397,6,1-5,adjust,0.040384756010636826,0.0005035420198679546,0.0008120074788605053
397,7,1-5,adjust,0.022967849318193023,-0.00012675609544104925,0.00023433859169485422
397,8,1-5,adjust,-0.015052257918013299,0.00011834028232999265,0.0003778937634908434
397,9,1-5,adjust,-0.010213224844961202,-0.000421037471005065,9.815648477222688e-06
398,2,1-7,adjust,-0.019383573692443985,0.00178878344424182,0.0005679610229195795
398,3,1-7,adjust,0.007792420599674894,-0.0005645637046864823,7.492461100880664e-05
398,4,1-7,adjust,0.011458678234908426,0.0007094206103311113,7.708097469196807e-05
398,5,1-7,adjust,-0.011252063711678417,0.0003621144393938616,8.456145968067595e-05
398,6,1-7,adjust,-0.010967617179016035,0.00017022905748731893,0.00022194787324715702
398,9,1-8,adjust,0.010470547905966132,0.0003087520035577788,9.67772810783498e-05
399,2,1-4,adjust,-0.021297893205037995,-0.00019439923189934805,0.0003029813723149601
399,3,1-4,adjust,-0.014284207089791718,-8.46781167183051e-05,0.0003589015008506194
399,6,1-5,adjust,0.03005179849536346,-0.00023135781909829737,0.0004051311163809031
399,7,1-5,adjust,0.03533175377495459,0.0012514582556039805,9.829754132596476e-05
399,8,1-5,adjust,0.045166323085669126,0.00026439484021319285,7.16450857697145e-05
399,9,1-5,adjust,0.009287699118543696,0.00034310863924789584,0.0004189135533168684
400,2,1-7,adjust,-0.04220717833736518,0.0009171303063945367,0.0008427400191869197
400,3,1-7,adjust,-0.023786300206810287,-0.00022709290709215318,0.0004382221976736901
400,4,1-7,adjust,-0.09181652896144178,0.0001060346144767874,0.00017341950265020123
400,5,1-7,adjust,-0.11265784513947982,-0.00011024043674185666,0.00024471170936377686
400,6,1-7,adjust,-0.06371762727216423,-0.0003187451644759477,0.000533420393543119
400,9,1-8,adjust,0.02036505550052721,0.0006623735190720584,0.0002266640727612022
401,2,1-4,adjust,0.03829594436318876,-0.00043195945488248106,9.718224950391408e-05
401,3,1-4,adjust,-0.06829826481970674,0.0011728231037838092,0.0005817923078126276
401,6,1-5,adjust,-0.05389939469536155,1.2886988088737448e-05,0.0005141302500767734
401,7,1-5,adjust,-0.07816135318710281,-0.0011927331820842137,0.000312532567353122
401,8,1-5,adjust,-0.03892458152904161,-0.0003924368733796556,0.0001913795606731986
401,9,1-5,adjust,-0.01894564198128662,-0.0010918001869640267,0.00012207761340239727
402,2,1-7,adjust,0.023214791814302978,-0.000622068014417541,2.1276963986299243e-05
402,3,1-7,adjust,0.13253691176490975,-0.0006315094973093128,0.00019238725599174402
402,4,1-7,adjust,0.03896254065183279,-0.0003391758403689016,3.089217874286931e-05
402,5,1-7,adjust,0.049945626505837705,-6.559244862908172e-05,0.0004489850434991587
402,6,1-7,adjust,0.022032591084681485,0.00040560383301371556,0.0003404392927122636
402,9,1-8,adjust,-0.007401027175022104,8.352055726364208e-06,0.0007640102060768676
403,2,1-4,adjust,-0.0066770152370906714,0.00016278070865577388,0.0004897322232023986
403,3,1-4,adjust,-0.0812787143134108,0.00021468001570289723,0.00043660425308561296
403,6,1-5,adjust,0.05078181341905691,0.0002345679721013192,0.00030101456860850365
403,7,1-4,adjust,0.03765664321692692,-0.0002734938028368592,5.1912873178946717e-05
403,8,1-5,adjust,-0.016299337937306323,0.00013801603940853934,0.0012844148440033238
403,9,1-5,adjust,0.004247013520491893,0.00030569114264102694,9.725819559368874e-05
404,2,1-7,adjust,0.010165611915954753,-0.0006130250836405972,0.0006416961305581169
404,3,1-7,adjust,0.053919003197098,-0.0015162868945992048,0.00026338022502137487
404,4,1-7,adjust,0.0814867572249514,-0.0007886016330213407,0.00016372535664914314
404,5,1-7,adjust,0.04625075256010762,-0.00056628293757121,0.00015299263389669698
404,6,1-7,adjust,0.010222041568289346,-0.000891667953212525,0.0008691759572217995
404,9,1-8,adjust,-0.008275988165936525,-0.0011873692511335445,0.00012268914955376498
405,2,1-4,adjust,0.02284642436133496,-0.001033205432446843,0.0008122260885713038
405,3,1-5,adjust,-0.0011589526362622454,0.0008138956914540695,5.2482451848715524e-05
405,6,1-5,adjust,0.017470071100466028,0.0005899537472090103,0.0001116418174716091
405,7,1-5,adjust,-0.01863563319301884,0.0015051934156151401,0.00012500288663248993
405,8,1-5,adjust,0.02457665204879754,0.0003392593067437408,0.0007676771286671408
405,9,1-5,adjust,-0.006702099122448003,0.00046316176749744225,0.0007884617911866927
406,2,1-7,adjust,-0.05526553460619311,0.0022892788313642752,0.00037414624242253073
406,3,1-7,adjust,-0.02263858871877428,0.0008987474476317271,0.0004113249451405111
406,4,1-7,adjust,-0.10753838857989653,0.0007454088439250099,7.270075021372105e-05
406,5,1-7,adjust,-0.11872731648266979,0.0004117003225917486,0.000424749471229804
406,6,1-7,adjust,-0.0811713001016452,0.00044572134694206074,0.00031146709325727425
406,9,1-8,adjust,0.0230469742348418,0.0012494553556188083,0.0005730827031092707
407,2,1-4,adjust,-0.001019049698961705,-0.00017304700371040014,0.00017913267201880142
407,3,1-4,adjust,-0.05759088315255141,0.0006753753925009985,0.00040038822367764184
407,6,1-5,adjust,-0.030557077358546483,-0.0005502319165157201,0.0010021804752377037
407,7,1-5,adjust,-0.05773047365432183,-0.001538074413248794,0.00012125829329608392
407,8,1-5,adjust,-0.04194700766016589,-0.000245806997275022,0.0004570874243728842
407,9,1-5,adjust,-0.045769722216460605,-0.0009579958326887692,0.00015085965591933416
408,2,1-7,adjust,0.026332250292962985,-0.0013784840661422906,0.0001990411350738062
408,3,1-7,adjust,0.07970491366757754,-0.0017100463871739305,8.003118458463251e-05
408,4,1-7,adjust,0.07015037111060475,-0.0005884329199871559,8.997844920646385e-05
408,5,1-7,adjust,0.07981186062123577,-0.00020725470418728927,1.1498896723859776e-05
408,6,1-7,adjust,0.015833193002160267,0.0001248908449246764,0.0011293876761948982
408,9,1-8,adjust,0.029728068627997657,0.00020671764962646656,0.0010272486161957894
409,2,1-4,adjust,0.005779799441236612,0.00025238339761441547,1.4276890380303683e-05
409,3,1-4,adjust,-0.02587938864865737,0.0005199902465355645,0.0006253754387733174
409,6,1-5,adjust,0.03210970848003421,0.00021358240875749102,9.833288896021626e-05
409,7,1-5,adjust,0.03390283892962784,0.00010187006803289217,0.00012170317011755647
409,8,1-5,adjust,0.03421188355787202,5.012861723035801e-05,9.711200211686483e-05
409,9,1-5,adjust,0.0189249011095748,1.1505016220712967e-05,0.0012011471032499813
410,2,1-7,adjust,-0.007977721398495879,0.0002849456437791775,0.00041476422917395507
410,3,1-7,adjust,0.046230620977878625,-0.00030740253165649885,0.0001934361470693673
410,4,1-7,adjust,0.06904153736102456,-7.280308282860842e-05,0.00015635787121655323
410,5,1-7,adjust,0.05284082560127877,0.00013182474156383245,0.00013752036123923218
410,6,1-7,adjust,0.0438991263753522,-0.0005989919006754748,9.52229481502619e-05
410,9,1-8,adjust,0.021575806259185638,-0.00019598121821225983,0.000960398126389808
411,2,1-4,adjust,0.06308198982357219,-0.0011273055286083597,0.0009010465122965903
411,3,1-4,adjust,0.011904505146296667,-0.0012913446771819351,0.001086435728411634
411,6,1-5,adjust,0.014686715543226958,0.00029812180820038,0.00024449196344134217
411,7,1-5,adjust,0.05975205648104508,0.0012046819459796457,0.0005801475064880309
411,8,1-5,adjust,-0.03457470095100167,0.00010988929881367404,5.206743458031124e-05
411,9,1-5,adjust,-0.00038759620960479964,0.0002495989281391799,0.0009248401732695987
412,2,1-7,adjust,-0.07683033004128896,0.0015360191851037622,0.0005017643679927346
412,3,1-7,adjust,-0.1771081091790747,0.002865717428029271,0.0004066477097141775
412,4,1-7,adjust,-0.05363195163848709,0.0010043553033105908,8.942731776050353e-05
412,5,1-7,adjust,-0.06444548021647069,-0.0004882058663982426,0.00026460715011800135
412,6,1-7,adjust,-0.039028415543678155,-0.00010755391492865654,0.00035171037318219026
412,9,1-8,adjust,-0.04979875850575177,-2.5290938960083463e-05,0.000596747731517285
413,2,1-4,adjust,0.009754558783373897,0.0006423804469567984,7.222734949901591e-05
413,3,1-4,adjust,0.11786238808062947,-0.0018461052610024324,0.00027650874356661016
413,6,1-5,adjust,-0.009082479283191093,0.0003455351168631355,0.0014441016496452275
413,7,1-5,adjust,-0.06408770662435738,-0.0013835431307010321,0.00132140110673122
413,8,1-5,adjust,0.006492176366717098,-0.0009769982646253097,0.0011465017176020345
413,9,1-5,adjust,-0.0023142276753029744,-0.001163324458172738,0.0009452574658843447
414,2,1-7,adjust,0.07433566661411731,-0.001624411554174152,0.00022622392619423408
414,3,1-7,adjust,-0.0251120232228806,0.0005741096962777985,0.0007572176876311564
414,4,1-7,adjust,0.040641224623330995,-0.0016988508071042025,0.0006499336443585085
414,5,1-7,adjust,0.04727179704980856,0.0002138642794806909,8.795304559308819e-05
414,6,1-7,adjust,0.026210558994224527,0.0004542995389950222,0.0009416753512464634
414,9,1-8,adjust,-0.02535874350856814,0.0006236820158491374,0.00025697799121065753
415,2,1-4,adjust,-0.026763110430611622,-0.00039519286031188406,0.00025697390216799674
415,3,1-4,adjust,0.11115320271283062,-0.0009067053328229811,0.0012975669925434673
415,6,1-5,adjust,0.00544562174363701,-0.0007821616275722334,6.098874415244845e-05
415,7,1-5,adjust,0.046248596701828876,0.0006943040542077406,0.0004193263875727786
415,8,1-5,adjust,-0.025805676813223252,0.0016924951272990368,0.0005508459840774345
415,9,1-5,adjust,0.025900394829966752,-0.0007999924035021387,0.0010102927920003382
416,2,1-7,adjust,-0.019438593950388085,0.0008978586312871077,0.0006146603952078223
416,3,1-7,adjust,-0.07804117886743044,0.0009203961672755541,0.0009676992004558771
416,4,1-7,adjust,-0.03064976815621919,0.0009394814174495752,0.001276772918390753
416,5,1-7,adjust,-0.02678021153138729,-9.352488123592205e-05,0.00085302811691364
416,6,1-7,adjust,0.00027712087462861346,0.0003005753899926115,0.0015640975036932904
416,9,1-8,adjust,0.005919170676893807,0.0009993926235442481,0.00043517412015864717
417,2,1-4,adjust,0.0028639309771395305,1.3890104194451541e-05,2.2715325562730158e-05
417,3,1-4,adjust,0.013026992222727718,-8.585839982027706e-05,0.0002858706811476275
417,6,1-5,adjust,-0.010846625296316605,-0.00028410280067060403,0.00038935728302115003
417,7,1-4,adjust,-0.08183802275403006,0.00020027998268482754,6.924395122951493e-05
417,8,1-5,adjust,0.04058489077696757,-0.0011000672944290757,0.00046597003182405496
417,9,1-5,adjust,-0.014878152992043528,-0.00036391823207474074,0.00046712104451720684
418,2,1-7,adjust,-0.010616384081019777,-0.00041891331320184947,0.00015938649361304795
418,3,1-7,adjust,-0.08599287675091664,0.00041207493044249466,0.0004073125239618844
418,4,1-7,adjust,-0.09599748684403836,0.00039798423142401053,0.0006575412364159119
418,5,1-7,adjust,-0.10889053862483607,0.0005709217576171792,0.0008262042661152013
418,6,1-7,adjust,-0.10702360878608325,-0.0009801507416923427,0.0004532180509661141
418,9,1-8,adjust,0.03862886200998588,0.0008341980495803312,0.0006312863353992014
419,2,1-4,adjust,-0.0192567036330882,0.0013610941203794171,0.0003617516849033164
419,3,1-4,adjust,0.013726410196829719,0.00036895862208919717,0.0005450676362476766
419,6,1-5,adjust,-0.007480682047992938,0.0012205276305965237,0.0011102668526870715
419,7,1-5,adjust,-0.007550465137020227,-0.0008991350328635337,0.00019459641114667582
419,8,1-5,adjust,-0.04098673663223417,-0.0012037723407949774,0.0010246212534765293
419,9,1-5,adjust,-0.05807244965893639,-0.0011301274386485846,0.0007312571281892519
420,2,1-7,adjust,0.05322227028303061,-0.00211059030344991,0.0007732493345468911
420,3,1-7,adjust,0.11002866033307633,-0.0014419051523090487,0.0002751614821332126
420,4,1-7,adjust,0.10069180473106652,-0.000824915233665196,0.000644521430995956
420,5,1-7,adjust,0.02426951434601009,-0.0004175486649820163,0.0016860554055359832
420,6,1-7,adjust,0.05088396525330573,-0.0004233052255962892,0.0013013105795093378
420,9,1-8,adjust,-0.010239047604026672,-0.00037944522561503697,0.00020227619634609865
421,2,1-4,adjust,-0.019315671179874087,0.0008567682728957316,0.000771299148629414
421,3,1-4,adjust,-0.04014564838589264,-0.00015879037846303943,0.0007753625593778495
421,6,1-5,adjust,-0.0531413266891448,0.0003454170417037653,0.0002910814047575831
421,7,1-5,adjust,-0.02173553902710083,0.0005347385286761779,0.000126807463280793
421,8,1-5,adjust,-0.013846593460252096,0.0012515751163712425,5.576081080359907e-05
421,9,1-5,adjust,0.04889011859770068,0.0013175703668212636,0.000632504062836797
422,2,1-7,adjust,-0.00659110989961957,-0.00041414425657261,8.664553346166871e-05
422,3,1-7,adjust,-0.03958696149776914,0.0010030977320937093,0.0003701365260888433
422,4,1-7,adjust,-0.14700222918300584,0.0006824466473775029,0.0002109772948027316
422,5,1-7,adjust,-0.06204958825229796,-0.0006646617937492181,0.00034269036952480067
422,6,1-7,adjust,0.0015979533934790738,-0.0005183534239842613,0.0006872652378072144
422,9,1-8,adjust,-0.016220767129402864,-0.0006643200960521735,9.804136177558866e-05
423,2,1-4,adjust,-0.05244646999789057,0.0010850365543405654,6.251214815016283e-05
423,3,1-4,adjust,-0.05597279296263062,0.0007585423911313397,0.0007966694484652462
423,6,1-5,adjust,-0.045546396823281925,-0.00043257585147362965,0.0015048589562021116
423,7,1-5,adjust,-0.08438760519296455,-0.00025858371576061213,0.0013495603017063887
423,8,1-5,adjust,-0.03675737998076676,-0.0018023663987460606,0.0017116275224234943
423,9,1-5,adjust,-0.004446408608789097,-0.0005330307634577448,0.0009884146870118295
424,2,1-7,adjust,0.039433029278632216,-0.0004025468935117063,0.0014866996620405224
424,3,1-7,adjust,0.10977737555306669,-0.0007815982232051399,0.0021730179915945605
424,4,1-7,adjust,-0.02279297478055987,-7.447976622544094e-05,0.001959433267405737
424,5,1-7,adjust,0.0314172470196897,0.001285591890838121,0.0019890964805477345
424,6,1-7,adjust,-0.032652701634403494,-2.052430273866488e-05,0.0021076809017529867
424,9,1-8,adjust,-0.06213495425119934,-0.001538573503316608,0.00115217199955037
425,2,1-4,adjust,-0.04627807804597067,0.001665801828658748,0.0007092745777863724
425,3,1-4,adjust,-0.11829678358135094,0.0008204536153234917,4.676497622635192e-05
425,6,1-5,adjust,0.1280160045569538,-0.00031964637261449247,0.0004001262519110091
425,7,1-5,adjust,0.17600193308476847,-0.0010482665599930768,0.00010104388601705358
425,8,1-5,adjust,0.10182813641697536,0.0016598496268724703,0.00013924967140546438
425,9,1-5,adjust,0.10311888981730898,0.003578267762925546,0.0003573859489361349
426,2,1-7,adjust,0.11694306720974985,-0.0028481061664479917,0.0013617165179876608
426,3,1-7,adjust,0.23014868907353347,-0.0026526893187485178,0.0008009288911909232
426,4,1-7,adjust,0.19745407211589178,-0.00024945195779668044,0.00022170751434300368
426,5,1-7,adjust,0.24420617246429097,-0.00034503588228846667,0.0008285296773752103
426,6,1-7,adjust,0.08623407809188322,0.0012238705510902374,8.070879142431401e-05
426,9,1-8,adjust,-0.022664476687953537,-0.0012976070758172573,0.001438849524013191
427,2,1-4,adjust,-0.0535821088007408,0.00020522101752818721,0.00029365798783562093
427,3,1-4,adjust,-0.0880437507056208,0.0012386088546759637,5.79686357127165e-05
427,6,1-5,adjust,0.08414304705863619,0.000517252367052108,0.0011981735930181136
427,7,1-5,adjust,0.12356193042120198,0.0022014101133564683,0.0012958115380442595
427,8,1-5,adjust,0.08370400301100922,0.0013930057984191052,0.0007771200372142296
427,9,1-5,adjust,-0.004918685426458129,0.00020627328529551614,0.000786095551485416
428,2,1-7,adjust,-0.03374257744842918,0.002059531977243499,0.00044248278095582525
428,3,1-7,adjust,-0.09578627168458864,0.0015296237641436586,0.00041213435969712255
428,4,1-7,adjust,-0.10404449508754844,0.00032922750287783207,0.0013752735896871953
428,5,1-7,adjust,-0.13618946347681385,-0.0006214229632869019,0.0008798905566720432
428,6,1-7,adjust,-0.03670967128987098,-0.0006851351716891086,0.000817221252519428
428,9,1-8,adjust,0.07816798783233664,0.0016257670238946373,0.0009402348903469897
429,2,1-4,adjust,0.028747537599732205,-0.0010976077651171448,0.0006019260688446613
429,3,1-4,adjust,0.0053857180509991436,-0.0008818272181990542,0.0011200774272529135
429,6,1-5,adjust,-0.11831771001600233,0.00047903515339926697,0.0001079771776529998
429,7,1-5,adjust,-0.1369885006437072,-0.0009824111458720146,0.00032502224762032665
429,8,1-5,adjust,-0.05441162845899267,-0.0008978325787956494,0.00016078398813321366
429,9,1-5,adjust,-0.08861236179491086,-0.00207850627721126,0.000690802035534848
430,2,1-7,adjust,-0.023200825297294208,9.245943304044612e-05,0.00048510274617216985
430,3,1-7,adjust,0.035660760978959045,0.0002108490570174883,4.65239707418437e-05
430,4,1-7,adjust,0.032295587790693636,0.0006937847255838746,9.158985775436348e-06
430,5,1-7,adjust,-0.09135352160302833,0.0003078359009134266,0.000478096193076227
430,6,1-7,adjust,0.025541987902256667,-3.1965418976266566e-05,0.0007135183626211899
430,9,1-8,adjust,0.032795473278089765,0.001707366134139613,0.0012581176736807345
431,2,1-4,adjust,-0.010454713932083417,0.001243861867082411,0.0001300549896326735
431,3,1-4,adjust,-0.01467466276026261,0.0010665548452147464,0.0003254181680152627
431,6,1-5,adjust,-0.07893927217819093,-0.00034349502551107245,0.0018599432386990002
431,7,1-5,adjust,-0.0784702874351794,-0.0006229236948029472,0.001789638056462852
431,8,1-5,adjust,-0.04567024460479664,-0.0013685829917163116,0.0008684882622768187
431,9,1-5,adjust,0.0021547295570639624,-0.0008409022811025266,0.000737721474836098
432,2,1-7,adjust,0.03627487713592686,-0.0017835160165038237,0.0006856914378532248
432,3,1-7,adjust,0.03224835085070794,-0.0015373345787945774,0.0011704597829425036
432,4,1-7,adjust,0.021139445888719875,-0.0010448704969593953,0.001065940371714042
432,5,1-7,adjust,0.10205665752762164,-9.076892510161202e-05,0.0016155499570548264
432,6,1-7,adjust,0.010168278577594411,-0.0006810021306076424,0.0012770545573813463
432,9,1-8,adjust,-0.0404571639325745,-0.0008440033500822634,0.0017480930160631955
433,2,1-4,adjust,-0.02215143409093972,0.00016385022937074668,0.00025325539827747445
433,3,1-4,adjust,0.006434385905493603,0.0004307468962310671,0.00036195647849924243
433,6,1-5,adjust,0.09945539997246054,-0.000206944178617805,0.00047305085541856045
433,7,1-5,adjust,0.05311804036734403,-0.00019614987215761944,0.0007602648558731168
433,8,1-5,adjust,-0.005158639588012183,0.0010120488050881589,8.941141090965832e-05
433,9,1-5,adjust,0.07676121909863483,0.0010828709309231143,0.0007068390863431936
434,2,1-7,adjust,0.055200133915500466,-0.0017416803473661135,0.001012843203535847
434,3,1-7,adjust,0.02445260739687153,-0.001640324253308003,0.0007859074902755237
434,4,1-7,adjust,0.029473866312729826,-0.00043032753713676734,0.0011439467253517434
434,5,1-7,adjust,0.03751402405670262,0.0003681152660752874,0.00020266804131955195
434,6,1-7,adjust,-0.04806738065379833,0.0011250243674521799,0.00011507188817629595
434,9,1-8,adjust,-0.06761134711510122,-0.00021474069265348467,0.0015714244013576549
435,2,1-4,adjust,-0.028982165828732982,0.001510333289643932,0.0009940070400570127
435,3,1-4,adjust,-0.006591388130683483,0.0012794005909912887,0.00020474113872174878
435,6,1-5,adjust,0.07408645470280106,5.3892057698469014e-05,0.0004915864255027382
435,7,1-5,adjust,0.091304097416763,0.00033278628588145084,0.0008559677530341199
435,8,1-5,adjust,0.02054414381236627,0.0002314322355168318,0.001008239003980027
435,9,1-5,adjust,0.02849218178030703,-0.0004354494874999486,0.001166475049198932
436,2,1-7,adjust,0.0002690560188230883,0.00019310986686315145,0.0012779835321914423
436,3,1-7,adjust,-0.002147210893564903,-0.00010988116361385552,0.0009346722591231371
436,4,1-7,adjust,0.03870271559320075,0.0009278092668591839,0.0002465317028043616
436,5,1-7,adjust,0.07441737407244707,0.00017269677173540463,0.0003893628714150919
436,6,1-7,adjust,0.036268614166188415,0.00014530923227696336,0.00030502275296348915
436,9,1-8,adjust,-0.018691150294871037,0.0005280480653082582,0.0008074254588000253
437,2,1-4,adjust,0.027140697798233207,-0.0003780914101984346,0.0006223966806910432
437,3,1-4,adjust,0.006332713614092593,-0.00045134170035571007,0.00019631974508729427
437,6,1-5,adjust,0.030315205593654578,0.00023917847689081684,0.0005344109737481269
437,7,1-5,adjust,0.09949724317495519,0.0005565309076239912,0.0002280149055216861
437,8,1-5,adjust,0.06210509791000503,0.0008307297809429397,0.0006955020604979575
437,9,1-5,adjust,0.033708360965208246,0.00046221673160199496,0.0003992553429700866
438,2,1-7,adjust,-0.04815445880048264,0.0007350723335224809,0.0015894640614429656
438,3,1-7,adjust,0.0018256304219983982,0.00019333871156896213,0.0010784697499185997
438,4,1-7,adjust,-0.07655751029343591,-0.001446562794797131,0.0012672215724346815
438,5,1-7,adjust,0.0737701944900735,-0.0005447608031167733,0.0016302485193761835
438,6,1-7,adjust,0.03839481002989466,-0.00025669670162290967,0.0014334940800426969
438,9,1-8,adjust,0.009509356859248362,0.0003047507471328069,4.5361119783902085e-05
439,2,1-4,adjust,0.03618010829432996,-0.0011288064567329043,0.000533943036593129
439,3,1-4,adjust,-0.043249504684211126,-0.001443018761891345,0.0016686022985615346
439,6,1-5,adjust,-0.03300237496050045,0.0018870620534401355,0.0030269163744061703
439,7,1-5,adjust,-0.036456635129739644,0.00043805933219677245,0.0020695086111713976
439,8,1-5,adjust,-0.002854476917335922,-0.00039732146169693444,0.001979222500347164
439,9,1-5,adjust,-0.05199405826767008,-0.001215080530334563,0.0008961094008740412
440,2,1-7,adjust,-0.040005510364274764,0.0006314916556557929,0.0005142088034552156
440,3,1-7,adjust,-0.03746566459156564,0.0013764256325861258,0.0006592694352488056
440,4,1-7,adjust,-0.00514230865317934,0.0012731096283676725,0.00016864381355021464
440,5,1-7,adjust,-0.07255803486305931,0.0005184231119024164,0.00022549085078715593
440,6,1-7,adjust,-0.0033723198055486078,-0.0015556966677750831,0.00017578584515256628
440,9,1-8,adjust,0.040919713522656054,0.0001277559748993388,0.0004650410915048427
441,2,1-4,adjust,-0.011717295565852113,0.000383716362660357,3.0601150719293356e-05
441,3,1-4,adjust,0.04352257959228423,-7.882030684806912e-05,0.0011217099779750207
441,6,1-5,adjust,0.014251459587593497,-0.0005205400306430821,0.0011011869710087874
441,7,1-5,adjust,0.018785547502178,0.0001413849812531078,0.0007269580199921296
441,8,1-5,adjust,0.04103804839647282,9.434684752045938e-05,0.0007383971681441673
441,9,1-5,adjust,-0.003123821288652968,-3.7142907733269225e-05,0.0003826919899031025
442,2,1-7,adjust,0.021324247967922903,0.00046795050270454636,0.0007314039489333152
442,3,1-7,adjust,-0.04323230425208109,0.0008882835122079908,0.0005327303331873613
442,4,1-7,adjust,-0.10255223773234905,-0.0002336951279921474,0.0003015545731452516
442,5,1-7,adjust,-0.046689238406348754,-0.0006523335627898037,0.0006039930899754571
442,6,1-7,adjust,-0.0166654842971751,0.0002474670608575333,0.0005866579362981299
442,9,1-8,adjust,0.030760250767024485,0.002150449761683932,0.0008378180514352332
443,2,1-4,adjust,-0.005092129743260024,-0.00018718621519360314,0.0007191080509281378
443,3,1-4,adjust,-0.024174154212360948,0.0004650342537157322,0.002316261478180285
443,6,1-5,adjust,-0.044168762540762345,-0.00012933204156022755,0.00215538222910463
443,7,1-5,adjust,-0.12129569137333583,-0.0005726360759347176,0.0011638885710399934
443,8,1-5,adjust,-0.13455343761026964,-0.0008984971761801186,0.0001688054740721041
443,9,1-5,adjust,-0.07516550044768003,-0.0024969016974597715,0.0002850808297530497
444,2,1-7,adjust,0.006301814588468723,0.0005802748531801051,0.0009735054565079585
444,3,1-7,adjust,0.0782262701600124,-0.0009746815779265311,0.00014904536390969415
444,4,1-7,adjust,0.03412413605751794,0.0006528487325470929,0.00020479787365415534
444,5,1-7,adjust,-0.05487046845102182,0.00038637147691926893,0.0007548071749382573
444,6,1-7,adjust,-0.05292916939862824,-0.0006087393285666165,0.0005976076490452888
444,9,1-8,adjust,0.005528070422990032,-0.0003832595375663893,0.000773168518047733
445,2,1-4,adjust,-0.03642648112621071,0.0002030195532401828,0.0010396522911898718
445,3,1-4,adjust,-0.07718946505371896,0.0012565970800913289,0.0014586002838119076
445,6,1-5,adjust,-0.008107336994577451,0.0007947407406561758,8.165646088350388e-06
445,7,1-5,adjust,0.0021751484328579565,-0.0002798972625565096,0.00018418184373427654
445,8,1-5,adjust,0.03854421250291771,0.00046515439589265255,0.0009437143037712904
445,9,1-5,adjust,0.03463570820278511,0.0008533498730452548,0.0008729506415851508
446,2,1-7,adjust,0.025260375326347995,-0.0005861063796477377,0.0005106196552755899
446,3,1-7,adjust,0.11447019863660787,-0.001339591993497982,0.0005307342231966354
446,4,1-7,adjust,0.06320664312438236,-0.001107405585447419,0.0012069649502886098
446,5,1-7,adjust,0.054010563391705825,-3.09039907795215e-05,0.00020663719100396768
446,6,1-7,adjust,0.01920114744843788,-0.0005554126327277348,0.0003443236437092498
446,9,1-8,adjust,-0.012140475545510012,4.450049237665544e-05,0.001198459458675003
447,2,1-4,adjust,0.011567465781690324,-0.001330473512545209,0.00021703407322345866
447,3,1-4,adjust,-0.034810526640463704,-0.0005103716189002891,0.0003176758216672574
447,6,1-5,adjust,0.033364705696807787,5.090281455900429e-05,0.0019147310373097207
447,7,1-5,adjust,0.09428824724100253,0.0008490142835573419,0.0012698730237386737
447,8,1-5,adjust,0.04591867089800114,-5.658693253430035e-05,0.00045961966475752683
447,9,1-5,adjust,-0.015807780915974085,-0.0006745581155483095,0.0005533170508232149
448,2,1-7,adjust,-0.04108968791562384,0.001991660306691048,0.000371331632098346
448,3,1-7,adjust,-0.0011519754299001705,0.0012407382356671077,0.00031789291847451895
448,4,1-7,adjust,0.002532966478033073,-3.654400700455753e-05,0.0002019067940382969
448,5,1-7,adjust,0.009190523636062183,0.00013804580925931827,0.00030171210387199736
448,6,1-7,adjust,0.055166553902593125,2.6407788329811853e-05,6.177651931458293e-05
448,9,1-8,adjust,0.03761942181441196,0.0018074858130697953,0.00015738180962997515
449,2,1-4,adjust,0.05992326874876222,-0.0014510497566633735,0.0008770168825444274
449,3,1-4,adjust,0.02048525639339123,-0.0004703425285751491,0.00016691481151078985
449,6,1-5,adjust,-0.03247749353035315,0.00036050657392923353,0.0007233865807445789
449,7,1-5,adjust,-0.031953335219234685,0.0001370324522769429,0.0009362087531290679
449,8,1-5,adjust,-0.06878540404220064,-0.00036104934103378694,0.0005374848567881318
449,9,1-5,adjust,-0.047731381561798014,-0.0012861736703416243,0.0002168472703359451
450,2,1-7,adjust,-0.06007248734499757,0.0010294728108752001,0.0006752890015469525
450,3,1-7,adjust,-0.13698025063974237,-0.00021235767008619341,0.00016842431317958678
450,4,1-7,adjust,-0.04376650590469473,0.0008849762217515385,0.0009166677871490066
450,5,1-7,adjust,-0.06445170280450477,-0.00039342129958517874,0.000372292097394558
450,6,1-7,adjust,-0.03389256561750858,0.00020874957223711993,0.0001520494996490793
450,9,1-8,adjust,0.0056554835744997934,-0.0006750153812162138,0.0019259802045408297
451,2,1-4,adjust,0.013931068275761918,-0.00029201451664131453,0.0012814428629537536
451,3,1-4,adjust,0.055537193828633646,-0.00034967018040682203,0.0009654512913530578
451,6,1-5,adjust,-0.0576111071502346,-0.00047007253071723295,2.689039314756289e-05
451,7,1-4,adjust,-0.03190896686701617,-0.0008652904990130291,1.2885129899049465e-05
451,8,1-5,adjust,-0.012601605693794536,-0.00015550296168283557,0.0005544166159332382
451,9,1-5,adjust,-0.01459305907460038,-0.00041905449870655476,0.0002055882679565129
452,2,1-7,adjust,0.014284712352364077,-0.00018477203136536353,6.514440391424055e-05
452,3,1-7,adjust,0.04796107544036435,0.0008864808040971671,0.0004580873764122168
452,4,1-7,adjust,0.10227883213819583,-0.0006598985935067072,0.00048786314175870287
452,5,1-7,adjust,0.11289053140672639,0.00030462541799397243,0.0005617551888312122
452,6,1-7,adjust,0.05343457325378535,0.0001006012457278809,0.0001484372232935483
452,9,1-8,adjust,0.012150110900338735,0.0005527604146129878,7.391343692969503e-05
453,2,1-4,adjust,0.033740417407961645,-0.0007049832277574968,0.0005683069700065295
453,3,1-4,adjust,0.009614975762997437,-0.0007771747912965596,0.00023476080046859967
453,6,1-5,adjust,0.060768682623416725,7.040798330018011e-05,0.0005245871277638678
453,7,1-5,adjust,0.12498657178313949,-0.00025444017767405254,0.0009451813048143605
453,8,1-5,adjust,0.042031835228004494,0.0013889478357373836,0.0008198416631265133
453,9,1-5,adjust,0.024440135255717338,0.0002414299154941707,0.0005849132982928092
454,2,1-7,adjust,-0.01897779539057233,-0.00011877955731485724,0.0019698769997427905
454,3,1-7,adjust,0.051270954136703684,-7.876994618677946e-05,0.001233933837308919
454,4,1-7,adjust,0.019355360253141506,0.00031171514012094995,0.0018493720952417146
454,5,1-7,adjust,0.02645593893626653,-0.0010579957419289212,0.0013469787806354183
454,6,1-7,adjust,0.10845174032338946,0.0011915677728328504,0.0022848433310875466
454,9,1-8,adjust,0.01073825928891765,0.0008480721555232646,0.0010330106266297344
455,2,1-4,adjust,0.0028558343930301664,0.0004691668549990679,0.0005874817628367474
455,3,1-4,adjust,-0.028838266605129937,-0.00039130818683942126,0.0012956376478094247
455,6,1-5,adjust,-0.12165373804717985,-0.0012171696250482978,0.00017586973753159295
455,7,1-5,adjust,-0.09897653718363324,-0.0005465448443038368,0.0004389003865377058
455,8,1-5,adjust,-0.037327886467609955,-0.0011795748308512197,1.2154352070640209e-05
455,9,1-5,adjust,-0.04736247787026023,-0.0007872273693756743,0.0005519060815596598
456,2,1-7,adjust,0.004805648421083745,-0.00022267610387601396,0.0005068440411083084
456,3,1-7,adjust,0.037143227753704884,0.00038868989339820346,0.0002166127034812314
456,4,1-7,adjust,0.0031861792494684966,3.4299061362893436e-05,0.0004992966887106044
456,5,1-7,adjust,-0.07396540343529916,0.0010045877740991656,0.0007206807962404212
456,6,1-7,adjust,0.020575785570166944,6.203307020668543e-06,0.0009672680816156953
456,9,1-8,adjust,0.01733285684859576,-4.557455224686007e-05,0.00032970897691843076
457,2,1-4,adjust,0.014703764381499566,-0.000657450398059082,0.0010549532847152377
457,3,1-4,adjust,0.0022082614888512386,-5.791646772898593e-05,0.0010919638075847897
457,6,1-5,adjust,-0.022777571455906566,0.0001967888403018411,2.163542307062707e-05
457,7,1-5,adjust,-0.04691956257182422,0.0016838341541146266,0.0005249813198304204
457,8,1-5,adjust,0.04645755807050201,2.2929774228707733e-05,8.500353909745143e-05
457,9,1-5,adjust,-0.0047073872772662164,-0.0003498815383565815,2.979472500462817e-05
458,2,1-7,adjust,-0.0429557690794927,0.0017319822630551354,0.0006510820178738936
458,3,1-7,adjust,-0.11758201147190758,0.00108421689115361,4.602478106483041e-05
458,4,1-7,adjust,-0.17376992192849422,0.000510541015015491,0.0008221345985037533
458,5,1-7,adjust,-0.13279144685565322,-0.0006902729831658391,0.00023093363130716654
458,6,1-7,adjust,-0.06894009088462956,-0.0006225185342662516,0.0007735709498958778
458,9,1-8,adjust,0.02043392364921041,-0.00040561865573105973,0.0006632897990968673
459,2,1-4,adjust,-0.02309560225460981,-0.00048687830290392893,0.0006160110124141243
459,3,1-4,adjust,-0.05200595547275771,0.000861451200601316,0.002018077962141047
459,6,1-5,adjust,-0.08148770630507632,-5.96056722287178e-05,0.0006505663037614898
459,7,1-5,adjust,-0.07399208363280486,-0.0007648572264620987,0.0007480098348672677
459,8,1-5,adjust,-0.1401757494814841,-0.0007131771555853793,0.0017253549624858201
459,9,1-5,adjust,-0.013736608888396118,0.0007760149336035807,0.0010553536497054942
460,2,1-7,adjust,0.006076659482394121,0.0008086409687001922,0.0011183835812452606
460,3,1-7,adjust,0.05361522592683668,-0.001171012888518333,0.0011767012055174007
460,4,1-7,adjust,0.09608549767600019,-0.0006020305202656985,0.00030911352127112795
460,5,1-7,adjust,0.0011053882319113743,0.0006397723653801434,0.00017745714699314563
460,6,1-7,adjust,-0.023608158290601033,-0.0003721234333668575,0.00043540490838823683
460,9,1-8,adjust,-0.0651709637658095,-0.001795422851709066,0.0013799623612822426
461,2,1-4,adjust,0.03478309791704318,-0.0004589964082777253,0.0005125325035602075
461,3,1-4,adjust,0.046291969247151656,-0.001033555189400169,0.0011593124577281967
461,6,1-5,adjust,0.01742965079245393,0.0013199940915407818,0.0008072728655844619
461,7,1-5,adjust,0.011224094137677916,5.963042314941317e-05,0.0001736653271324676
461,8,1-5,adjust,0.055217907719948306,0.0006519975715152268,0.00016871546008715793
461,9,1-5,adjust,0.07109935739766139,0.0019134784907698156,0.00014555780221839676
462,2,1-7,adjust,-0.0032921028509089066,-0.0009545943902820913,0.00030797574527751
462,3,1-7,adjust,-0.04250188467392757,0.0010491967561814303,0.000252777068634186
462,4,1-7,adjust,-0.05743124192482787,0.0004655642786243966,0.0011103675784737588
462,5,1-7,adjust,0.09250650126648459,0.00016938889199741216,0.0001647349374620239
462,6,1-7,adjust,0.028099650571680266,-0.0010967104323889292,0.00011717600081268158
462,9,1-8,adjust,-0.04121076319530143,-0.0014111056975513554,0.0005193067906118207
463,2,1-4,adjust,-0.01571016760713489,0.0006652521956640296,0.0008253029404268275
463,3,1-4,adjust,-0.02880279613181198,0.0010256915485959083,0.0018908891154082337
463,6,1-5,adjust,0.10623102908257176,0.0005899960211544906,0.0010463330940990033
463,7,1-5,adjust,0.07411187042068514,0.0004161684489805833,7.331357164665123e-05
463,8,1-5,adjust,0.03201853523794675,-0.00021834078524378138,0.0008159753526440032
463,9,1-5,adjust,0.034837689442604715,0.0019345847243971556,0.00019036383320016563
464,2,1-7,adjust,0.02504649199295975,0.000282360223591245,0.00022824681127911803
464,3,1-7,adjust,-0.025143222347344257,-0.00030126854370625704,0.0010569463686432477
464,4,1-7,adjust,-0.02411383763161417,-0.0007827247457690753,9.803905678224805e-05
464,5,1-7,adjust,-0.07795601252314363,0.0002937389945267253,0.00012278749799673027
464,6,1-7,adjust,-0.07204617478150398,-5.892908612411632e-05,0.00048704773836527176
464,9,1-8,adjust,-0.010477065870667577,-0.0009022510140482466,0.0006969058047430821
465,2,1-4,adjust,-0.02516824720885252,-0.0003270189977087414,0.0006677871029374226
465,3,1-4,adjust,0.03750586166833879,-0.0007359428617838123,0.00044892677177174985
465,6,1-5,adjust,-0.055888628464857384,0.00015813111452926738,0.0003863097297861472
465,7,1-5,adjust,-0.05097995485011155,-9.698698618243446e-05,0.0004450626597399033
465,8,1-5,adjust,0.030636678070359753,0.00046805229632878106,0.0003981598404747748
465,9,1-5,adjust,0.019804121713862068,0.001032637330728604,0.0006410120888327454
466,2,1-7,adjust,0.022415108243805267,-0.00013960432985420928,0.00033000870920437114
466,3,1-7,adjust,0.017732189799663466,-0.00030832025297510506,0.0002944853523134685
466,4,1-7,adjust,0.01833852790235723,-0.00024466200493578494,0.00020122706508860904
466,5,1-7,adjust,-0.07778671819660664,-0.00010359295070702554,0.00024541158391846145
466,6,1-7,adjust,0.022720149014382393,2.208114464120323e-05,0.0003535204022785691
466,9,1-8,adjust,0.020388490953431683,-0.0005729280903194448,0.0010074990296626936
467,2,1-4,adjust,0.006490007869701877,7.940307580530073e-05,0.0010010974025779359
467,3,1-4,adjust,0.0028608377842674754,0.0005431883698763272,0.0008406981434455909
467,6,1-5,adjust,-0.03357298564378679,-7.563242693332325e-06,5.765888215678529e-05
467,7,1-5,adjust,-0.05243651662794903,-0.000644642583935514,9.280122760877609e-05
467,8,1-5,adjust,-0.037320245510930994,-0.0011986034550721689,0.0002163331154548709
467,9,1-5,adjust,-0.024372280366651292,-0.0003616244847997204,0.0011422674596170445
468,2,1-7,adjust,0.040158329058405856,-0.0006203833396750515,0.0005813039301968
468,3,1-7,adjust,0.028131771740554368,-0.00029490269553397974,0.0005653654781673333
468,4,1-7,adjust,-0.0324155637869421,0.0009004449616758525,0.0018921157637542495
468,5,1-7,adjust,0.081223138968342,-0.0003450908778102823,0.0009878358649009899
468,6,1-7,adjust,0.0034469472800454015,-0.0005389619507242705,0.0009503595596355806
468,9,1-8,adjust,-0.04827519147832413,-0.0001810920750809345,0.000258417082247728
469,2,1-4,adjust,-0.10410210056364946,0.002115334678325717,0.0016345578806725694
469,3,1-4,adjust,-0.07588979016585069,0.0015910193650554166,0.001359215794929671
469,6,1-5,adjust,0.02452791014179403,0.00041449371857321,0.0001328526543706213
469,7,1-5,adjust,0.08113803052538728,0.0003669752064129753,0.00010378679274481604
469,8,1-5,adjust,0.025033067693161774,0.000946479218135869,9.770561639138806e-05
469,9,1-5,adjust,0.02807272307764528,-0.00066167067510196,0.00035744490547052197
470,2,1-7,adjust,0.043815844267758745,-0.0017806566771064708,0.00018339663055468697
470,3,1-7,adjust,0.07165099072127736,-0.0026068609527420423,0.0002463795108799428
470,4,1-7,adjust,0.14124796771415193,-0.00021409297365627454,4.0569911431150154e-05
470,5,1-7,adjust,0.026724952992776208,0.0005083282846362349,0.0001507107538359354
470,6,1-7,adjust,0.06754028540680834,-0.000203071274273481,0.00010613975535171479
470,9,1-8,adjust,0.00773015122701742,0.0007413624981384779,6.174136391407172e-05
471,2,1-4,adjust,0.013609943302718483,-0.00028537885670659133,0.0004548295356138519
471,3,1-4,adjust,0.03549454378581694,6.13758042813427e-05,0.0014650240555282431
471,6,1-5,adjust,-0.027330961073748473,0.0004296522893272113,0.00029050585775426376
471,7,1-5,adjust,-0.007327782371901523,-0.0001702004053241716,0.00011873645578249643
471,8,1-5,adjust,0.02868182289294516,0.000637191300088078,5.855798417051321e-05
471,9,1-5,adjust,0.03153004069154196,0.0008178087030529808,0.00020986027131235155
472,2,1-7,adjust,0.014710373284065393,0.00014183998308605196,0.0007001730416437052
472,3,1-7,adjust,-0.02780037589984993,0.0006087549883266584,0.0007733336981522828
472,4,1-7,adjust,0.004883931767092415,-0.0013441146377862507,0.0011091016291804275
472,5,1-7,adjust,-0.03218806406475761,-0.0005168359763664186,9.206241584965464e-05
472,6,1-7,adjust,0.025827153185449404,1.4059245995611016e-05,3.0033381728299722e-05
472,9,1-8,adjust,-0.00875681023524923,6.965395195694629e-05,0.0012120554521633836
473,2,1-4,adjust,0.030695869684311483,-0.0007395549433429437,0.0018802118411783493
473,3,1-4,adjust,0.07069450041368104,-0.0005028010852227744,0.0017871131331337043
473,6,1-5,adjust,-0.05346622901931056,-0.001184048641222275,4.766469170099197e-05
473,7,1-5,adjust,-0.061563071820980364,0.0003166614762852738,0.00040343790136560475
473,8,1-5,adjust,-0.022252779257284673,2.5155756260850037e-05,0.0011713649385037901
473,9,1-5,adjust,0.001444920160558186,-0.0009427037691221825,0.0015470264342439287
474,2,1-7,adjust,-0.06737487067012414,0.0020771641237330952,0.00012712105886309786
474,3,1-7,adjust,-0.1176183468063555,0.0006912598893601046,0.0004654231576670906
474,4,1-7,adjust,-0.08944048127057364,0.0021206011844719878,0.0002884379444973156
474,5,1-7,adjust,0.0244199119933122,0.0002213952570116842,0.00028447649495945063
474,6,1-7,adjust,-0.04539639880768271,0.0008966769434413542,4.177788285032082e-06
474,9,1-8,adjust,-0.013237510779992016,0.00012646891358131278,0.0007066278271488988
475,2,1-4,adjust,-0.03176513470312363,-0.0003255519029786213,0.0005001594783510945
475,3,1-4,adjust,-0.0050506892226368115,0.0008149769630334731,0.0006486635528338814
475,6,1-5,adjust,0.07840084723610967,-0.00016465430181886488,0.0003455765302983196
475,7,1-5,adjust,0.07698904479241633,-0.0005179945997628504,0.0010900043519707502
475,8,1-5,adjust,-0.029388695587820868,-0.00022746889618611838,0.0008984593105977983
475,9,1-5,adjust,0.004225732439113117,0.00029329520439662403,0.0005586532399650252
476,2,1-7,adjust,0.06485102525692774,-0.000305606394708051,0.00020474966020221522
476,3,1-7,adjust,0.04637942892850482,-0.0012022406425279911,0.0005587210156772416
476,4,1-7,adjust,0.06780977310892827,-0.0010189344240645259,0.0008824263062994317
476,5,1-7,adjust,0.07821446384083537,-0.0011341147238117003,0.0006873878688604207
476,6,1-7,adjust,0.05103967467696639,0.0012668633114060455,0.0009686645777556842
476,9,1-8,adjust,-0.015599757925763517,-0.0008267723006858844,1.3418216560018163e-05
477,2,1-4,adjust,-0.01017431116753632,-0.0012812796854697445,0.000524224003089239
477,3,1-4,adjust,0.05764704188110572,-0.0004049263153701439,0.0007265126916644666
477,6,1-5,adjust,-0.015388674092051871,-0.0012982287193619862,0.00043090288758754767
477,7,1-5,adjust,-0.0859231913326044,0.0006191802394024742,0.0001492728120859102
477,8,1-5,adjust,0.016286634003787978,-0.0008889461799310147,0.0001639179674265335
477,9,1-5,adjust,0.0014486241464975072,0.0005722400742264486,0.0006608039149264681
478,2,1-7,adjust,-0.0413757766855547,0.0014269604834737984,0.0008359930621620749
478,3,1-7,adjust,-0.07925547743009406,0.000507391838857098,0.00044608601565994843
478,4,1-7,adjust,-0.11716958540243169,0.0008724184286696174,0.0007560504260966744
478,5,1-7,adjust,-0.168298860780252,-0.00022206308897721732,0.00033551040172865774
478,6,1-7,adjust,-0.1462675854767889,-0.00017378344239085783,0.0006819041929778777
478,9,1-8,adjust,-0.008861253049558194,-0.0007643112855238259,0.0004911631726482936
479,2,1-4,adjust,-0.008729862733703114,0.0007045517853163353,0.001586769228297712
479,3,1-4,adjust,-0.035000772492054896,0.0013134096010384416,0.0018988356440416858
479,6,1-5,adjust,-0.058144133537872913,-0.00045671366219573887,0.0006754321847005743
479,7,1-5,adjust,-0.04582696501426912,-3.165019999838001e-05,0.0008909922739177841
479,8,1-5,adjust,-0.08241273384178603,-0.0006962338886299854,0.001960949741424769
479,9,1-5,adjust,-0.046318498282005245,-0.0008618386997204123,0.0023852731748899136
480,2,1-7,adjust,0.016873598286137603,-0.0012751654318660349,0.0015138804700579585
480,3,1-7,adjust,-0.019046170623021177,-0.0005931870926891243,0.001513134158589097
480,4,1-7,adjust,0.041695322783044345,-0.00016394499412620506,0.0012061705281726785
480,5,1-7,adjust,0.01710863017536362,0.001234931754778233,0.0016607486542835992
480,6,1-7,adjust,0.033133365943717526,0.0016082918108449504,0.0016970249979757787
480,9,1-8,adjust,0.0050277042430058325,-0.00039579559309432853,0.0017702912021919132
481,2,1-4,adjust,-0.018181752932540002,0.00028681839584213163,4.600474648857435e-05
481,3,1-4,adjust,0.03320229769212924,-0.0001393902179126227,6.793919127043154e-05
481,6,1-5,adjust,0.035334605397645075,-0.0005135946236179254,0.0007100260976302291
481,7,1-5,adjust,0.06155421197738621,-0.000770723912442378,0.0010785393763827764
481,8,1-5,adjust,0.04243122107746968,0.0007249389507939463,0.0014240197370400576
481,9,1-5,adjust,0.05210953250527211,0.0024167252915606604,0.00038766356528983486
482,2,1-7,adjust,0.0634589593920535,-0.000462231550016899,0.00012876804084933474
482,3,1-7,adjust,0.13300836684202816,-0.001035319850915827,0.0001677925111171962
482,4,1-7,adjust,0.006873036123591826,-0.0005864855287069764,4.045899961855449e-05
482,5,1-7,adjust,0.11330954193790849,-0.00019664583274598573,2.8924307265875303e-06
482,6,1-7,adjust,0.03559334609441213,-0.0004485755097123041,0.000168153621694745
482,9,1-8,adjust,-0.044558157685493816,-0.0007587888522629193,0.000717863989357624
483,2,1-4,adjust,-0.045037807198614874,0.0009448428598373602,0.0005929873640818109
483,3,1-4,adjust,-0.12915555406127363,0.0010866798041440499,0.0006737588358374028
483,6,1-5,adjust,0.10116768546831649,0.0008603527930194139,0.0013619750511633761
483,7,1-5,adjust,0.06544208581576383,0.0009743609234374931,0.001152397496387124
483,8,1-5,adjust,0.056386750867579535,0.00038413115983508377,0.0002877166464818806
483,9,1-5,adjust,0.06512690952285344,0.0012723070686237658,0.00023745367563553866
484,2,1-7,adjust,0.015552315977449405,-0.0008283324245548913,0.000143553037816736
484,3,1-7,adjust,-0.010039286245018169,-3.174564752073229e-05,0.0010424046390972786
484,4,1-7,adjust,-0.028006126241272297,-0.00031393922718831553,5.8379295159763795e-05
484,5,1-7,adjust,-0.13268614698740536,1.6942660250136294e-05,0.00022379136068854927
484,6,1-7,adjust,-0.029084320986056296,-0.0005727322569424725,0.0008001488123324908
484,9,1-8,adjust,-0.00789273805640279,-0.0004716733253448669,0.00020344517886122755
485,2,1-4,adjust,-0.02129282944572377,0.0002553117970766156,0.000514458345158257
485,3,1-4,adjust,0.04088413278047396,-0.0002497294107700409,0.0003890699921108212
485,6,1-5,adjust,-0.1224858750395643,0.00015540023214676685,0.0003066928960241256
485,7,1-5,adjust,-0.05835396777346839,-0.0001483562646071097,0.00013159765300340128
485,8,1-5,adjust,-0.03682602990665889,4.3689925498056e-05,6.44856326030721e-05
485,9,1-5,adjust,-0.01570251473798143,-0.0011336921983661616,4.051915411619772e-05
486,2,1-7,adjust,-0.013686807256620241,0.0010338784625085091,0.0014502924425270779
486,3,1-7,adjust,-0.005095460802918323,0.0005378918264200081,0.0006978990745301059
486,4,1-7,adjust,-0.0035619625384140942,6.512339205609151e-05,0.00019033414961446422
486,5,1-7,adjust,-0.004097638238735687,5.437628809879075e-05,0.0006984428940821237
486,6,1-7,adjust,0.07686123672000042,-0.0004643749791888198,0.00023372163351826692
486,9,1-8,adjust,-0.011310601124345275,0.00034293059733767674,0.0004001668086061605
487,2,1-4,adjust,0.04449045341914693,-0.0015665375615007075,0.0007071518993973062
487,3,1-4,adjust,-0.019990808207405602,-0.0007823176558085434,0.000583109411217948
487,6,1-5,adjust,-0.06632968607343409,-0.00021981270423634201,0.000579404259613218
487,7,1-5,adjust,-0.05258718165066151,-0.0008531332537064899,0.00031140535525822074
487,8,1-5,adjust,-0.037603252119436645,-6.4749298881352945e-06,0.00024112374716036295
487,9,1-5,adjust,-0.005086012433842459,-0.00012152376340501463,0.0006368695615585371
488,2,1-7,adjust,0.003541984489976283,-3.116786218999076e-05,0.00010647167404553776
488,3,1-7,adjust,0.010441098027426628,0.00018136445515737505,0.00018179484093180194
488,4,1-7,adjust,-0.007863789118722311,0.0004318489643798401,0.0003011794422477339
488,5,1-7,adjust,0.07881187619497382,0.0006604136327880491,9.74081312803641e-05
488,6,1-7,adjust,-0.03735741080245752,-0.0007570524242370504,0.00034569381486042474
488,9,1-8,adjust,-0.017827164444749268,-0.0008980495047014364,0.00033113573615139324
489,2,1-4,adjust,-0.030791379985797836,0.0013508390434573074,0.000488476671716449
489,3,1-4,adjust,-0.010084585564972768,0.0007994653473531679,0.00035416904766426516
489,6,1-5,adjust,0.15262843111122423,0.0008262130220082006,0.0004944527569672298
489,7,1-5,adjust,0.12102389126801474,5.022832017553678e-05,0.0002525080779126025
489,8,1-5,adjust,0.13285375060664895,-0.000277746181364561,2.2240342879648614e-05
489,9,1-5,adjust,0.04832929825358628,0.0024864113683901986,0.0006317462246567046
490,2,1-7,adjust,0.0449402012988421,-0.0015043116141304597,0.00046106462025338925
490,3,1-7,adjust,0.1363278485831849,-0.001761897157590679,0.00010716258423406307
490,4,1-7,adjust,0.13851770101728297,-0.0001296868099749556,0.00040828163976362226
490,5,1-7,adjust,0.013871673387608066,-0.0011561845938294452,0.00012125443546984763
490,6,1-7,adjust,0.037957281550243145,0.0003245838786127057,0.0001004587370862676
490,9,1-8,adjust,0.01995759390272802,-3.349539944136842e-05,0.0015583311062644489
491,2,1-4,adjust,0.009331050782192561,0.00042343344516811794,9.662180034925968e-05
491,3,1-4,adjust,-0.04852354694819851,0.0003885028193239531,0.0005679731478561691
491,6,1-5,adjust,-0.0797501960475848,-0.00012061050267247579,0.0011515562768897758
491,7,1-4,adjust,-0.02895756753520755,0.0002472429799735557,2.099374543955797e-05
491,8,1-5,adjust,-0.12283768529875831,-0.00028436181212701414,0.00015117554093755444
491,9,1-5,adjust,-0.045487733796064085,-0.0014879041549268235,0.0005864586034220638
492,2,1-7,adjust,-0.04252332527217375,-0.00022071735729850537,0.0007957685884331837
492,3,1-7,adjust,-0.066557470099229,0.0006668208707766516,0.00020938482259048142
492,4,1-7,adjust,-0.13364331745616853,0.00031073955455312513,0.0008410420905424913
492,5,1-7,adjust,0.07914018824785483,0.0001510081505890407,8.519751719664267e-05
492,6,1-7,adjust,0.004182768846620006,-0.0002536163785919906,0.00011730449809745895
492,9,1-8,adjust,-0.014724138131993584,-0.0009160898707485113,0.0016606125411342994
493,2,1-4,adjust,-0.02513507631138897,0.0007445956056549602,0.0016368230419967268
493,3,1-4,adjust,-0.06557464289295425,0.00048628139579579114,0.002520958752681512
493,6,1-5,adjust,0.08239573744920027,-0.0003040066674053191,0.0005499262402864069
493,7,1-5,adjust,0.03147661095527685,0.00047393810695408705,0.00010099019735609823
493,8,1-5,adjust,0.06765424815466455,0.0012449812568574676,0.0005074504364813864
493,9,1-5,adjust,0.055938431008156174,0.0010269570298260353,0.0009783440808780364
494,2,1-7,adjust,-0.009982935503754247,0.001078374111766387,0.00016084828733476224
494,3,1-7,adjust,0.07049844681092321,-0.0006340022870656293,0.0008261427721049064
494,4,1-7,adjust,0.07490576309659557,-0.00032342245011110536,0.0006320901313546269
494,5,1-7,adjust,-0.07535309504058713,0.00024947020892399844,0.0001841779466258867
494,6,1-7,adjust,-0.012662651140826287,0.0014714564110948202,0.0006065723047760635
494,9,1-8,adjust,-0.004153169176782467,0.000908859081095419,0.00026896200689085386
495,2,1-4,adjust,0.05557408702963592,-0.001415220442122321,0.0004040662459358611
495,3,1-4,adjust,0.024374941655699745,-0.0003395843810208518,0.0003235584192836165
495,6,1-5,adjust,-0.053359765600944964,-0.001831244649904207,0.000822405544419698
495,7,1-5,adjust,-0.04491002756042373,-0.0006513843786534582,0.0002480043805625691
495,8,1-5,adjust,-0.06203737119612671,-0.0008580768227920436,0.00017221203879344208
495,9,1-5,adjust,-0.025201360234270345,0.0003225825526030073,7.495895130668265e-05
496,2,1-7,adjust,0.01417226790282497,-0.0008153721443004707,0.0010087332387055958
496,3,1-7,adjust,0.11482686111826065,-0.0004854494402718702,0.00016969114262992577
496,4,1-7,adjust,0.026506676724692486,-0.0005202409168301312,0.0006868354466452752
496,5,1-7,adjust,0.050079434877022704,0.0004615852679979363,0.0001338991411338011
496,6,1-7,adjust,-0.0021329909423870985,0.0007755890958168135,8.10164031109159e-05
496,9,1-8,adjust,-0.023667744175756796,-0.0016111700777228174,0.0007412202694934803
497,2,1-4,adjust,0.0024198101977990806,0.00030977951915563915,0.0005499999241298367
497,3,1-4,adjust,-0.10223706253688622,0.00026837209018134336,0.0006844816537639342
497,6,1-5,adjust,0.06729547599633262,0.0006214393678204252,0.0008620354882621453
497,7,1-5,adjust,0.020389201614873127,4.8819231809867954e-05,0.0003267819335424548
497,8,1-5,adjust,0.10345049490504851,0.0004953158644607331,0.0002721921884927265
497,9,1-5,adjust,0.05525967425113974,0.0014265789604880586,0.0004939214802851949
498,2,1-7,adjust,-0.058767723992075145,0.00033570624583555787,0.0005980487700606181
498,3,1-7,adjust,0.023774010664153022,1.62945721109334e-05,0.00015897995778083835
498,4,1-7,adjust,0.060674632848957605,0.0007108626008442256,0.0006716613271251267
498,5,1-7,adjust,-0.014850490986778968,0.0005548632334658082,3.410200817948418e-05
498,6,1-7,adjust,-0.019966510550440852,0.00045401540341561406,0.0008784941154112301
498,9,1-8,adjust,0.00449750064974879,-0.00020629285737678695,0.0014559057836811336
499,2,1-4,adjust,0.05025853537509499,-9.317290421239223e-05,0.0008608120196510622
499,3,1-4,adjust,2.9612434996985352e-05,-0.0006172799034780015,0.001698535573769099
499,6,1-5,adjust,0.016020321571024454,-0.0021351951502585724,0.0003914227380365859
499,7,1-5,adjust,0.01767127404661777,0.0007832646197337749,0.0004165218684544622
499,8,1-5,adjust,0.009983745597861887,-0.00024294695344008674,4.131577574271358e-05
499,9,1-5,adjust,0.028624978669007223,0.0008621228486520166,0.0012340828986152949
500,2,1-7,adjust,-0.04801228669770657,0.00038923073389720615,0.00035921219483433684
500,3,1-7,adjust,-0.04440781195651022,0.0016088790438186743,0.00020504762889885395
500,4,1-7,adjust,-0.028377865056668585,0.0012273450549915002,2.779773076087189e-07
500,5,1-7,adjust,-0.04693592519861044,-0.0005237721483094107,0.00014306549642302617
500,6,1-7,adjust,-0.041106465177055844,0.0013356347367555798,0.001069096495186018
500,9,1-8,adjust,-0.02288157805987606,-0.0005217022592965485,1.641871713952245e-05
501,2,1-4,adjust,-0.00044632675601378335,0.0009997359191421986,1.0716681174588603e-05
501,3,1-4,adjust,-0.0047806029433918205,-5.594711609967112e-05,0.00047735885731358833
501,6,1-5,adjust,-0.020368389832719106,0.0002944996548371583,0.002373981007964585
501,7,1-5,adjust,0.001435921073442357,-0.0010262386595877673,0.0016546351720884062
501,8,1-5,adjust,-0.027711348918135807,-0.00022686730253893277,0.00045328736863954833
501,9,1-5,adjust,-0.03176057879967582,-0.0011481645743444356,0.0012275424766352145
502,2,1-7,adjust,0.040712801201865136,-0.002324514725852727,7.827828093260548e-05
502,3,1-7,adjust,0.008221916980586224,-0.0003982533811903099,0.00011037481313246095
502,4,1-7,adjust,-0.06823341829733683,-0.0019285018565611822,0.00037248595393499305
502,5,1-7,adjust,0.03529257975637754,-3.1559911587356375e-05,0.0004374159250795279
502,6,1-7,adjust,0.05782980419747991,-3.3004753951035736e-05,0.001345116382082439
502,9,1-8,adjust,0.0024985420177480746,0.000400345764475895,0.001003988044320576
503,2,1-4,adjust,0.015774185532885447,0.000899036256960527,0.0007883903461522019
503,3,1-5,adjust,0.004615731395980089,-0.00021619188252854242,3.774022527370744e-05
503,6,1-5,adjust,-0.040630415079892165,-0.0007423526961257011,0.00029793414873506693
503,7,1-5,adjust,-0.040511401990284635,0.0002548929531214706,0.0007813477085545003
503,8,1-5,adjust,-0.010166834926867055,0.0006285643913269711,0.0008571390565138841
503,9,1-5,adjust,0.0044979189729785875,0.00010674052875910873,0.000501685534635925
504,2,1-7,adjust,-0.015137835568487851,-0.0004987147302990282,0.0011529274612086147
504,3,1-7,adjust,-0.030628822495027252,0.0004885911294645298,3.071250511391401e-05
504,4,1-7,adjust,0.05768569176963667,0.000791957165319801,2.1792256306292438e-05
504,5,1-7,adjust,-0.01621811399985621,-0.0008307585147071122,0.000603535378629453
504,6,1-7,adjust,0.02129466624354609,0.0006670856562656061,0.00034636460702074453
504,9,1-8,adjust,0.0014635845290254966,0.00017235257078195557,0.0009352969243920163
505,2,1-4,adjust,0.024458979622620263,7.341573961895827e-06,0.0004947865510048052
505,3,1-4,adjust,0.056369706040055895,-0.0005031672444831124,0.00011769739930518418
505,6,1-5,adjust,-0.08064570543246988,-0.00015343804564751763,0.001784594012772546
505,7,1-5,adjust,-0.03942249458272458,-0.0005793607810009329,0.0012477056915863529
505,8,1-5,adjust,-0.04201602675556477,-0.00017806326511120296,0.000743749888868027
505,9,1-5,adjust,-0.03646170111999907,-0.0005570563201088654,0.000736967578989946
506,2,1-7,adjust,0.01737369513373997,-0.0006508076747421663,0.0006088818511353475
506,3,1-7,adjust,-0.07971760244449091,0.0002834506116258353,0.0004865580797443424
506,4,1-7,adjust,-0.049632497770407354,0.0005827016810986231,0.00032970994231742583
506,5,1-7,adjust,0.03988867267954769,-0.0005261456982060131,0.0003250688327866099
506,6,1-7,adjust,0.0257949217888808,-0.0007533387389879003,2.134581821923606e-05
506,9,1-8,adjust,0.018365276496729806,0.00045561037148514604,0.0008657123338133457
507,2,1-4,adjust,-0.05016867565014001,0.0014215845998792334,0.0011682625644525095
507,3,1-4,adjust,0.03074022194780571,0.0004375706556549541,0.0017448804563722695
507,6,1-5,adjust,-0.0041352550017402165,0.0012263448320526179,0.001381864038954635
507,7,1-5,adjust,0.04201376990404574,0.00027112122354760375,0.0016350867086286486
507,8,1-5,adjust,-0.00197256604324068,-0.001378690365895452,0.0009975619448290161
507,9,1-5,adjust,-0.04819000942482025,-0.001200451206522628,0.0012739119018567852
508,2,1-7,adjust,0.018518592866865594,-8.863929338162364e-05,0.0002676511215376786
508,3,1-7,adjust,0.05517910097770081,-0.001347777349046244,0.00047551506894347065
508,4,1-7,adjust,0.12201725161836713,-0.0010972384499877718,0.00016155775731789256
508,5,1-7,adjust,0.005587247690651527,0.0007767166100493086,0.001101454131707099
508,6,1-7,adjust,0.03628990918524513,-0.0018718728804053677,0.0003980566186183097
508,9,1-8,adjust,0.0266727088019111,0.0001273182101104581,0.00019234610466565158
509,2,1-4,adjust,0.02544218368349518,-0.0011709281211949945,0.00048626338768950785
509,3,1-4,adjust,0.05939499378090824,-8.251591991594274e-05,0.0013654421271367247
509,6,1-5,adjust,0.03956104969701716,0.0013034434865665566,0.0011730855585104258
509,7,1-5,adjust,0.03479778440976529,0.00046656002424396727,0.0003726713951661865
509,8,1-5,adjust,0.015828825460843927,0.0010388430493658673,0.0002527409279568061
509,9,1-5,adjust,0.012535687578687758,0.0004923723428165097,0.00028260600489168
510,2,1-7,adjust,-0.00479197145246274,0.0011673683941207397,0.0006161788982531279
510,3,1-7,adjust,-0.12088618743469796,0.0016447077838558377,0.00011356884060248056
510,4,1-7,adjust,-0.05236725439093592,-5.5299561864861935e-05,0.0001357905382237391
510,5,1-7,adjust,-0.000911306011076605,-5.093719957199026e-05,1.4013944774247796e-05
510,6,1-7,adjust,0.013327956209418578,0.0005138444065811849,0.0009108106761678036
510,9,1-8,adjust,0.007467864764815156,0.0003934315421425507,0.00114777263061677
511,2,1-4,adjust,-0.018459650372008085,-0.0017487900863647605,0.0005738862040482478
511,3,1-4,adjust,0.06542843827318418,-0.000983949223572472,0.0005094656666554297
511,6,1-5,adjust,-0.04773773565920148,0.00044887516212072256,0.0004054852551580716
511,7,1-4,adjust,0.0340863686630426,-0.00026544291601313563,4.814135571800527e-05
511,8,1-5,adjust,0.0369322043130741,2.9616488133888716e-05,0.0008865927314187258
511,9,1-5,adjust,-0.004793672084978891,-0.00048672525760737627,0.0002535073928163878
512,2,1-7,adjust,0.012796110000196955,0.0010490656992862104,8.237479543577329e-05
512,3,1-7,adjust,0.004709011957465957,-0.0006134440243987975,7.487541789335027e-05
512,4,1-7,adjust,0.020785509802401774,-0.000694043692039113,0.0005701134184648367
512,5,1-7,adjust,0.003941253649017573,-0.0008399238241404248,0.0011200174239157454
512,6,1-7,adjust,0.04989917952047347,-0.000999921352364457,0.0002034161929160048
512,9,1-8,adjust,0.029564469931849604,0.001091559326034014,0.0008181052838820901
513,2,1-4,adjust,0.015255444055750826,-0.001370338493262453,0.000426257396050289
513,3,1-4,adjust,0.031738029168070156,6.163447380381878e-05,0.0008676464393055294
513,6,1-5,adjust,-0.06274536388137254,0.0011532362546426737,0.00043137477300142236
513,7,1-5,adjust,-0.06968653102350772,0.0007609926583422849,0.0002404747166011064
513,8,1-5,adjust,-0.10776576004870347,-0.0009394604954812113,0.0004554260684514675
513,9,1-5,adjust,-0.058903574896709054,-0.001844029862539843,0.0006333296477011346
514,2,1-7,adjust,-0.05401347773756241,0.002809047489327925,0.0012922771466625834
514,3,1-7,adjust,-0.13724048683263868,0.001336043274413959,0.001382901052485748
514,4,1-7,adjust,-0.09094986220200774,0.0007896867588663495,0.001366497801751906
514,5,1-7,adjust,-0.11238657495121009,0.0008304389003694726,0.0009551215366831506
514,6,1-7,adjust,-0.009349011675093057,-0.0009280341850647098,8.879958516201696e-05
514,9,1-8,adjust,-0.017976335611977663,-0.0008549116840907948,0.0026709301211624657
515,2,1-4,adjust,0.04218158283836975,-0.001670930021773797,0.00015958845331703742
515,3,1-4,adjust,0.054000406644918175,-0.0002148498608135116,0.00045602085246992973
515,6,1-5,adjust,-0.07573919514036889,-0.0005813718836802014,0.0008130811720234066
515,7,1-5,adjust,-0.011537303806361976,-0.0005857062961742238,0.0005375794329680471
515,8,1-5,adjust,0.00046053423221031496,0.0008349427158807958,0.0003993566153737082
515,9,1-5,adjust,0.00615778120333991,0.0005512627939802961,0.00027503128622072314
516,2,1-7,adjust,-5.2334388709597574e-05,-0.0002962688976263577,0.0006642125454837676
516,3,1-7,adjust,0.027063347711040523,-0.0008010860040612229,0.0003934655171079368
516,4,1-7,adjust,0.037300147880413255,0.0004463874290715959,0.0006577009935489041
516,5,1-7,adjust,0.08633079701277296,0.0001805952868755401,7.603984882494704e-05
516,6,1-7,adjust,0.05516386158557995,0.0002608323991598921,0.0007760501194497049
516,9,1-8,adjust,0.016345102147253515,0.0006999523207791323,0.0006566633694675076
517,2,1-4,adjust,-0.05064707553914675,0.0008514195480135056,0.00021241740403902588
517,3,1-4,adjust,-0.013362681113126919,0.000469415112187466,0.0006578467558267287
517,6,1-5,adjust,0.03191354322418383,9.837098056066749e-05,0.0004191178889466353
517,7,1-5,adjust,0.0769374827850238,7.343728214465277e-05,0.0007510964711631066
517,8,1-5,adjust,0.0894704440764726,-8.096203681958862e-06,0.0006788371949471429
517,9,1-5,adjust,0.03914676829490585,0.0008644219039361658,0.0007352290327367574
518,2,1-7,adjust,-0.04486597555532157,0.0013297365424526073,0.0009982018686477189
518,3,1-7,adjust,-0.016499956332376272,0.0002989627636528244,0.0003589634625109693
518,4,1-7,adjust,0.03157302456821198,0.00013939999436274997,0.0003396019752137361
518,5,1-7,adjust,0.0339680465080768,5.771613292183153e-05,0.0005461264135168089
518,6,1-7,adjust,0.05553636654448472,-0.0004179223602078111,0.00047436661042933684
518,9,1-8,adjust,-0.010088876879315123,-0.0003303909658258234,0.00030483008776026154
519,2,1-4,adjust,0.07946216399001137,-0.0011975471932668443,5.238044481091548e-05
519,3,1-4,adjust,0.04513773255982138,-0.001344906658695878,0.00012008965529324513
519,6,1-5,adjust,-0.026658015207128558,0.0007992542688445762,0.0003291703094568832
519,7,1-4,adjust,0.03590826000019427,0.00043584406266004703,8.655429630656645e-05
519,8,1-5,adjust,0.04011170470700952,0.0005488758157446517,0.00024864018098632484
519,9,1-5,adjust,0.03227883119564556,-0.0007142679194382838,0.0004935204656102645
520,2,1-7,adjust,-0.044779146597207796,0.0011216396362872401,3.0098774049076475e-05
520,3,1-7,adjust,-0.07161849593659192,0.0016307391447043143,0.0005243008185605077
520,4,1-7,adjust,-0.09442722819893205,-0.000412320523698167,0.0004427564154091205
520,5,1-7,adjust,0.06674699121944623,-0.00019656750320487442,0.00062291014677129
520,6,1-7,adjust,0.05953283167771552,-0.00017239742674458332,0.00023459138774988616
520,9,1-8,adjust,0.017364706690561924,0.002529904737972046,0.0002929501803808889
521,2,1-4,adjust,0.0300252340922801,-0.0013113095113104697,0.0005904916535519413
521,3,1-4,adjust,0.03101217539914252,-9.907242015814795e-05,0.0018330777565197021
521,6,1-5,adjust,0.037616673031699785,-8.22940904399223e-05,0.0014545025584100021
521,7,1-5,adjust,-0.006545246455848876,-0.0005476796807613237,0.0004186067320766101
521,8,1-5,adjust,-0.010129631727750922,0.0007825266277114749,0.0005285920248486742
521,9,1-5,adjust,-0.04114463558846436,-0.0007379038160578777,0.00035588668496693937
522,2,1-7,adjust,0.0014558759996584714,0.0008366976424252228,0.0007554968429754945
522,3,1-7,adjust,0.044612481439122546,-0.00012224508156077432,0.0009479477474319964
522,4,1-7,adjust,0.16758589733011559,-0.0008290672727308144,0.0009910783626449684
522,5,1-7,adjust,0.03303939216058238,0.0002610032339315572,0.0012481590221361948
522,6,1-7,adjust,-0.01771134311823379,-6.951040285273906e-05,0.0015593910733902676
522,9,1-8,adjust,0.045468828915431574,0.00018135317970922315,0.0005863120008165802
523,2,1-4,adjust,0.0581351995375876,-0.002560778590696341,0.0010272870699691056
523,3,1-4,adjust,0.07668804383190413,-0.0017934052395056858,0.0013532016726066525
523,6,1-5,adjust,0.01616936489729663,0.0008182075990860168,0.0007351293410621626
523,7,1-5,adjust,0.039414237001690014,0.0004720864683134347,0.0005679312812296696
523,8,1-5,adjust,-0.012152708871164706,-0.0007574569692923482,0.0006673705494478601
523,9,1-5,adjust,-0.03436522600580722,-0.0006299101158579889,0.0016926113933215924
524,2,1-7,adjust,-0.09942567814368969,0.003434794770396395,0.00037335016611712873
524,3,1-7,adjust,-0.10641709281010445,0.0008425677150025581,0.0005442085570350317
524,4,1-7,adjust,-0.13679309826319788,0.0009511768304216807,0.0003391406431100244
524,5,1-7,adjust,-0.05692488039872457,-0.0008382544378219245,0.00011560400775872187
524,6,1-7,adjust,-0.037081307156715364,-0.0009422505080389603,0.0003751624154415793
524,9,1-8,adjust,0.022349085090426907,-0.00016430088906865543,0.00016877550652032346
525,2,1-4,adjust,0.039036378527869814,-0.0012293258080954916,0.0012009770587269903
525,3,1-4,adjust,-0.020562268905152805,0.0010261854899641328,0.001617890552451323
525,6,1-5,adjust,0.018427237023986603,-0.0007897942937274824,0.0009764395503208612
525,7,1-5,adjust,-0.0679617818465143,0.00010906999772834396,0.00010678382152095306
525,8,1-5,adjust,-0.06127677095055612,-0.000424881995409688,0.00039677127481619495
525,9,1-5,adjust,-0.05018876556400542,-0.0016240337845858238,0.0008240403533301057
526,2,1-7,adjust,-0.05084645765964204,-0.0003003715623427451,0.00011925227044588204
526,3,1-7,adjust,-0.050718687180220504,3.925815036182639e-05,0.000583840258142685
526,4,1-7,adjust,-0.010652327053257533,-0.0003877017318759026,0.0004234653857405654
526,5,1-7,adjust,-0.04268709373835724,0.0010126465637268134,5.161085336258667e-05
526,6,1-7,adjust,-0.05662486423381203,0.0015452953345399154,0.00037342728202776086
526,9,1-8,adjust,-0.013618510540856023,0.0006270426481067661,0.0015233958783846837
527,2,1-4,adjust,0.05814407713889297,0.00015113077141501032,0.00012064092902147409
527,3,1-4,adjust,0.05034162083814516,-0.00013534259631379673,0.0006888398898164519
527,6,1-5,adjust,0.013047061425006137,-0.0005439892314689497,0.0009688036938107904
527,7,1-5,adjust,-0.0004259007410500149,-0.0007196157246791514,0.0001097743330425914
527,8,1-5,adjust,0.0717995567763581,0.000559325997649396,5.482240877673117e-05
527,9,1-5,adjust,0.015530760970121741,0.0014194388750884371,0.0008139495704755041
528,2,1-7,adjust,-0.001205318303059812,-0.00023892223261252226,0.0009448396546845786
528,3,1-7,adjust,0.02989348104146139,-0.0005569010786172094,0.0012256045381066037
528,4,1-7,adjust,0.029689719778106485,-0.0004524007268267229,0.0008405933286159704
528,5,1-7,adjust,0.04443130493111477,-0.00029981647122614345,0.0008891511550139864
528,6,1-7,adjust,0.011779695553792728,-0.00023071122118159315,0.00022839800342775384
528,9,1-8,adjust,0.05549380175130652,0.0005020937732581347,0.0005293546935898762
529,2,1-4,adjust,0.017332423088255066,-0.00010552018208342788,0.0006341228402294705
529,3,1-4,adjust,-0.0058405910960033424,-0.0006879011473134041,0.00021056951723292725
529,6,1-5,adjust,0.004375182970525453,0.00028782736001816767,0.0006358460225484873
529,7,1-5,adjust,0.005028735535855432,-0.0001230319750593857,0.000538370258756967
529,8,1-5,adjust,0.0025645716272221786,-0.00046297634500081837,0.0006289646738824585
529,9,1-5,adjust,-0.05055610439269283,-0.0009764353218758031,0.001041404233097222
530,2,1-7,adjust,0.00020801192622840118,-0.0006253825804355624,0.0009132316230340329
530,3,1-7,adjust,0.05110271174458046,-0.0003510033017859207,0.00017282949788283597
530,4,1-7,adjust,0.07812614940923238,0.0009517312783051135,0.0002687014352487528
530,5,1-7,adjust,0.034026779474278,0.0008963070144874924,0.0006189318311100797
530,6,1-7,adjust,-0.02431379410643221,-0.0005849380701439111,0.0005742713378018022
530,9,1-8,adjust,0.05077479489013476,0.0007045298024556737,0.001459915243128896
531,2,1-4,adjust,0.0001884252631630444,0.000777620411952893,0.0018893267195956727
531,3,1-4,adjust,-0.0020608811899625657,0.0005583452566091849,0.0008702445926079546
531,6,1-5,adjust,0.04730186819564184,0.001226366983906243,0.0001632380880438753
531,7,1-5,adjust,0.11648979364221315,0.0007279834252756842,7.128175569225587e-05
531,8,1-5,adjust,0.029574510673854856,0.001159087274438371,0.0003812038170825836
531,9,1-5,adjust,0.011861132104633847,0.0004886470368465377,0.0011523987265977752
532,2,1-7,adjust,-0.07580635332689462,0.0011792653252839273,0.0011474028263844316
532,3,1-7,adjust,-0.08751677026041897,0.0007503084940771316,0.0014538073103998132
532,4,1-7,adjust,0.06920334230375304,-0.001142255049638704,0.0016310009502579217
532,5,1-7,adjust,0.02229292066058959,-0.0017623064653788613,0.001707012449897142
532,6,1-7,adjust,0.0678563879703103,-0.0008079540907276399,0.0015708202638558772
532,9,1-8,adjust,0.012208749186099854,0.000583498499778585,0.00045471134747100233
533,2,1-4,adjust,0.12373779098765804,-0.0031683013956289763,0.0006834811435243489
533,3,1-4,adjust,0.16229421167705899,-0.0013307481587554527,0.0012155942123952006
533,6,1-5,adjust,-0.06504368337863833,-0.0006595572490821966,1.9502386002447703e-06
533,7,1-5,adjust,-0.10891969326524206,-0.00015940858519608085,0.0006252319622806476
533,8,1-5,adjust,-0.07725122395627962,-0.0016258395891950482,0.0004146706990123322
533,9,1-5,adjust,-0.088978220240213,-0.002584496517013661,9.135001004045104e-05
534,2,1-7,adjust,-0.09562045510809876,0.002823187862317629,0.0008082242370024167
534,3,1-7,adjust,-0.13376090654702152,0.0012003421755112358,5.6689749621490274e-05
534,4,1-7,adjust,-0.1102134017407369,0.0006930385040550973,0.0008999004659892517
534,5,1-7,adjust,-0.06372406048242509,0.0009314587785901562,0.0006461948207168926
534,6,1-7,adjust,-0.035503065125795985,0.0008610486852978807,0.0005287207306118197
534,9,1-8,adjust,0.02472192080886651,0.0005990142859806569,0.001061282518128703
535,2,1-4,adjust,0.03252249884302942,-0.0019224006695168256,0.00027402667117574364
535,3,1-4,adjust,0.03197716486298224,-0.000296936853514918,0.00010959140750050712
535,6,1-5,adjust,0.00922828302021862,-0.00045927885471896393,0.0003622690349710658
535,7,1-5,adjust,0.013880588672122971,0.00047524997505455914,0.001087738867377528
535,8,1-5,adjust,-0.009296750020550085,0.000530403383270216,0.00030065476959435344
535,9,1-5,adjust,0.023561502808279036,0.0007222017821038656,0.0006661199328778624
536,2,1-7,adjust,-0.029046979104326867,0.0028715828895339935,0.00023990476632440707
536,3,1-7,adjust,-0.011717896884207704,0.0006870203389108785,0.0002934226815244031
536,4,1-7,adjust,-0.08002164574245024,0.0005155952509641438,0.00022517526530463485
536,5,1-7,adjust,-0.13381763574469888,-0.0011638173230369248,0.0002873883975051163
536,6,1-7,adjust,-0.0002496784914283622,0.0003041233854223349,0.0009139861815321812
536,9,1-8,adjust,-0.03156961165750504,7.14603065799224e-05,0.0015149978180056822
537,2,1-4,adjust,0.0021409116136028345,-0.0007398631467052516,0.0015366289622711716
537,3,1-4,adjust,-0.04148551916741951,0.00010712940622995698,0.0004691369309253585
537,6,1-5,adjust,-0.16470168477642547,-6.198610284755095e-05,0.0014368353760255157
537,7,1-5,adjust,-0.19292362349254116,-0.0009139503417017441,0.0009619663223464557
537,8,1-5,adjust,-0.08195286863645107,-0.0013887553492136938,0.0016292662454969878
537,9,1-5,adjust,-0.047604002151716306,-0.0020285915743676573,0.0016703838499708141
538,2,1-7,adjust,0.017985116398079606,-0.0009501996398757691,0.0012286145533120783
538,3,1-7,adjust,-0.0030582262769711945,-0.00026628166908056574,0.0014623678653353238
538,4,1-7,adjust,-0.09061484972619924,-0.0008186249910762275,0.0009579122949051251
538,5,1-7,adjust,-0.025684392693871533,0.0021518750103127903,0.001009101804648452
538,6,1-7,adjust,-0.0260181878460932,-0.0005132247186680311,0.00111455094309276
538,9,1-8,adjust,-0.0013492042842162776,-0.00028807391553552534,0.0007426288762925095
539,2,1-4,adjust,-0.028836907423606343,0.0008402824596800367,0.0005515975375962298
539,3,1-4,adjust,-0.05894958697653103,0.0002513955587602052,0.0007029701931828456
539,6,1-5,adjust,0.0937608098773427,-0.00021224994067961097,0.0008579847195527852
539,7,1-5,adjust,0.13579607613782405,0.00035453934420028754,0.0009395881323349083
539,8,1-5,adjust,0.12090993677329176,0.002269420716422585,0.0011324394468267154
539,9,1-5,adjust,0.07918620498811674,0.0022013815428508342,0.0007206675139629378
540,2,1-7,adjust,0.00987301870709668,0.00038711829965037975,0.0012411552567189725
540,3,1-7,adjust,0.03302376683762481,-8.412163730981164e-05,0.00015226444776890693
540,4,1-7,adjust,0.12872403251216405,-0.00011532820526983427,0.0013188628234208236
540,5,1-7,adjust,0.07249921449614784,-0.000852107587100144,0.0005592705576070047
540,6,1-7,adjust,0.025819217860619463,-0.00011781869733472087,0.0012583665582501858
540,9,1-8,adjust,0.002146369920942488,0.0004980975249101877,0.0007702152773285011
541,2,1-4,adjust,0.05221784156723555,-0.0010751462783264532,0.0012014645563564411
541,3,1-4,adjust,0.09492715451289141,-0.0012130329225542122,0.0011566727648560286
541,6,1-5,adjust,0.0026531888084437433,0.00021569374149002493,2.0436717716038977e-05
541,7,1-5,adjust,-0.10983560839523115,0.0005565591351908524,0.0008572153281993963
541,8,1-5,adjust,-0.038897005657521876,-0.0006486125824867646,0.0008450929443624362
541,9,1-5,adjust,-0.018090726948826984,-0.0006838143685363854,0.0007460388583415249
542,2,1-7,adjust,-0.02965700793602308,8.24956084912761e-05,2.4734420543989265e-06
542,3,1-7,adjust,-0.09632190682135149,0.0008820027220518947,0.00011323665144454867
542,4,1-7,adjust,-0.02076012150679573,0.00070755681365261,0.0002222516684767317
542,5,1-7,adjust,-0.13817077434354935,-0.00014760622256557553,0.0006246273253230599
542,6,1-7,adjust,-0.12279289051677494,0.0005078076353575795,0.0007629955079585014
542,9,1-8,adjust,-0.01719172935182671,-0.0001742787108549657,0.00020890837100429386
543,2,1-4,adjust,-0.022852634147649042,0.0011717006644208453,0.0004866099312626573
543,3,1-4,adjust,0.04452235812896393,0.00026534231248193617,0.0012995379154493185
543,6,1-5,adjust,-0.031516297714130906,0.00028827795647352156,0.001415848314587666
543,7,1-5,adjust,0.003509908804889294,-0.0011899747436222585,0.0012990108418421925
543,8,1-5,adjust,-0.09178696023713188,-0.0007906272549860439,0.0009474815004992325
543,9,1-5,adjust,-0.029405649471812085,-0.0019338121716780134,0.0005137194061012813
544,2,1-7,adjust,0.08547362354100646,-0.0021062907301247257,0.00038666351779104494
544,3,1-7,adjust,-0.04630850646445161,-6.706111633003586e-05,0.00032748925293127736
544,4,1-7,adjust,0.00736658837177634,-0.00024571183422708777,0.00022758496160633744
544,5,1-7,adjust,0.19583637882076022,0.00018668905806120523,0.0003373831329560771
544,6,1-7,adjust,0.06736604724944305,0.00031822910662204806,0.0008776675578475459
544,9,1-8,adjust,-0.02021923900164019,0.00029838597610771833,0.00039794600924414146
545,2,1-4,adjust,-0.05164227365119851,0.0015615852832710346,0.000248182489138954
545,3,1-4,adjust,0.04233629756194826,-0.00024969612427832997,0.0001981773688626769
545,6,1-5,adjust,0.11198423843892258,2.2017617989298193e-05,0.0008788214559143676
545,7,1-5,adjust,0.12904537384410936,0.0009013615825921996,0.00047823969099191905
545,8,1-5,adjust,0.1599435881357887,0.0008272465006653486,0.0006752429728116841
545,9,1-5,adjust,0.043757546943893305,0.0011627528434548923,0.00040259832882506407
546,2,1-7,adjust,-0.035527704694706154,-0.00045266622124247584,0.0007974306223195011
546,3,1-7,adjust,-0.047263758006472534,0.0003497257182662495,0.00021428437259287268
546,4,1-7,adjust,-0.06904418697763973,0.0002341514258308007,0.000453359105869934
546,5,1-7,adjust,0.02632887601162544,-0.00030512660344083275,0.00035894275468454853
546,6,1-7,adjust,0.012267490015247448,-0.00020657905580867507,2.0699661329264533e-06
546,9,1-8,adjust,0.057327179304917195,0.001779631256751677,0.0006343917284659884
547,2,1-4,adjust,-0.007635912099156726,-0.00015139968427882444,0.0009968099700437085
547,3,1-4,adjust,0.005201012122721046,-6.077759039093172e-05,0.0015697408193165365
547,6,1-5,adjust,0.00957995036562665,-0.00034690175665192806,0.0011966448040030293
547,7,1-5,adjust,-0.05053161166942408,0.00015623260527440914,0.0005208838172533225
547,8,1-5,adjust,-0.010288223925723388,0.0004880358491354354,0.000376008035505293
547,9,1-5,adjust,-0.029960088700387764,-0.0011922408012239498,0.00024175113524527744
548,2,1-7,adjust,0.06043509450515737,-0.0003343307665607076,0.001591806044563016
548,3,1-7,adjust,0.014283808248142488,-0.00023704094401081537,0.00047653396675012
548,4,1-7,adjust,0.013304386356009388,0.0002180596548367263,6.966427876001862e-05
548,5,1-7,adjust,-0.013747081000111887,-5.38281084871461e-05,0.0005829696480597776
548,6,1-7,adjust,-0.020404520483165222,0.000967328396275428,0.0004893030174153156
548,9,1-8,adjust,0.03243649310548931,0.0010318050079592784,0.0017844380428860087
549,2,1-4,adjust,-0.05693846723888844,0.0012078021500967417,0.0013594408227330386
549,3,1-4,adjust,-0.01325867681528877,0.00025596531540779226,0.0015322220256038437
549,6,1-5,adjust,-0.004676998484422619,-0.0005737814655948075,0.0007090796172199212
549,7,1-5,adjust,0.10132476484864052,-0.0011300810199634367,0.00031756074665914655
549,8,1-5,adjust,-0.01471725002963967,-0.0007940599749743341,0.00037515061107251636
549,9,1-5,adjust,-0.06168286827298523,-0.0013244292772991062,0.0005371175779429966
550,2,1-7,adjust,0.0212468164953225,-0.001531764108129861,0.0006816145139279459
550,3,1-7,adjust,0.11469539642014455,-0.0010706309377608444,0.0004972684998849484
550,4,1-7,adjust,0.1767154961966951,-0.0005976190689386746,0.0008676636284980475
550,5,1-7,adjust,0.08979892562409916,-0.0003153779348938955,4.6061193265487374e-06
550,6,1-7,adjust,0.09365879699616604,-0.00017447771031119878,0.0009409045043594467
550,9,1-8,adjust,0.027683886479105045,0.0006495500736315784,5.605525192439847e-05
551,2,1-4,adjust,0.05337256580481248,-0.0012731362992797308,0.0006060385996726357
551,3,1-4,adjust,0.022485808244615157,-9.688601260670178e-05,0.000555397947750562
551,6,1-5,adjust,0.01010040171948276,0.00021383115612433516,0.0005350603977219928
551,7,1-5,adjust,-0.011282881607984253,0.0011550534554831337,0.0002490856995078653
551,8,1-5,adjust,0.010305338346502739,0.00024392668096968144,0.00017980150285145435
551,9,1-5,adjust,-0.033110300838277415,-0.0011979878759629707,0.0004192180981585137
552,2,1-7,adjust,-0.06660169863983524,0.0025495777758007716,0.00013522357078235567
552,3,1-7,adjust,-0.14033523742298987,0.001262571656333704,0.0005991147367568817
552,4,1-7,adjust,-0.13623403921700578,-3.4857310391633574e-05,0.0003979258843513277
552,5,1-7,adjust,-0.10185189552765235,0.0006376035931925564,0.00010054951329599665
552,6,1-7,adjust,-0.06692133610878144,-0.0006733099581491154,0.0007932283775598452
552,9,1-8,adjust,0.05091253624147467,0.001219603928521911,0.0002743834986149827
553,2,1-4,adjust,0.024236142598541635,-0.00025395092935213975,0.00016250224133710375
553,3,1-4,adjust,0.04446405881141353,0.00028019309749357987,0.00037291214379153075
553,6,1-5,adjust,-0.02664255107785794,0.0012060149681947484,0.0011912258054105674
553,7,1-5,adjust,-0.00482301194152252,0.00018660472962962735,0.0008605036082358476
553,8,1-5,adjust,-0.017344736927862616,0.000481873262452121,0.001116579320580061
553,9,1-5,adjust,-0.01909781710686013,-0.0005821026859314355,0.00042357923795933083
554,2,1-7,adjust,-0.08360965022917327,0.0009680456270318012,2.4734752342675654e-05
554,3,1-7,adjust,-0.07879901450068458,0.0002350794636836733,0.00029279481757472925
554,4,1-7,adjust,0.014588524065339451,0.0003177560274719914,0.0007305382033116029
554,5,1-7,adjust,0.0010850077476606873,0.000379196962976553,0.00025931404049228755
554,6,1-7,adjust,0.017096353596563568,-0.0010654707799375974,0.0007494016592363613
554,9,1-8,adjust,0.018203823348512334,0.00117575112495237,0.0003068696460576593
555,2,1-4,adjust,0.06500537713081986,-0.0013873711003125162,9.717148154981967e-05
555,3,1-4,adjust,0.07194432378889787,-0.0009769680283856128,0.00021631244594218365
555,6,1-5,adjust,0.011249006732030695,0.0003984598167103117,0.0010264937529258107
555,7,1-5,adjust,0.013392307174256967,-0.000476817284644966,0.0004728875593514454
555,8,1-5,adjust,0.04833258235678102,-0.0003923773057441037,0.0007370279414945751
555,9,1-5,adjust,0.00852464953948019,-0.001345218223916306,9.758825408463863e-05
556,2,1-7,adjust,-0.007028752730100328,0.0007622332693234842,0.0002636366602585326
556,3,1-7,adjust,0.030465368918041365,0.0004081320126746319,0.0006785184907568649
556,4,1-7,adjust,0.016794087168130245,-0.0003238989647597074,0.0005654878066536421
556,5,1-7,adjust,0.009505634621924622,-0.00010626775378186581,0.00042814715914196076
556,6,1-7,adjust,0.011610693664228474,-0.0002144955033617541,0.00030397467863141635
556,9,1-8,adjust,0.011484990671820622,0.0008120654065938153,0.0006413780142923192
557,2,1-4,adjust,0.03607267329875607,-0.001258675391869258,0.0009729047646082842
557,3,1-4,adjust,-0.004845001946457999,-0.00028811433743319007,0.0003894969091867534
557,6,1-5,adjust,-0.007225478561387753,-0.00037180778213468627,0.0012531170152212
557,7,1-5,adjust,-0.0511671558375299,5.918621595036844e-05,0.00045857502652879475
557,8,1-5,adjust,-0.004975982865112755,-0.0001054713559545945,0.00034087401034719485
557,9,1-5,adjust,-0.02112371897145792,0.00016007370665602677,0.0009983449595996224
558,2,1-7,adjust,0.004470163820556985,0.00025066282741706175,3.3022796813823617e-06
558,3,1-7,adjust,-0.0689524083845556,0.00026499844981513166,0.0002129876638831361
558,4,1-7,adjust,0.0484062881020512,0.0005361878434956549,0.00011070797581751082
558,5,1-7,adjust,-0.016024173162369214,2.2487981147271105e-05,0.00010106697775021995
558,6,1-7,adjust,-0.035093666702593354,0.0005513058197289107,0.0005434721936421278
558,9,1-8,adjust,0.005168329810663433,3.4059445569720064e-05,0.0006055732208191835
559,2,1-4,adjust,0.0030084105772442272,-5.790764255943406e-05,0.0004072605598216382
559,3,1-4,adjust,0.08633249181749957,-0.0008320366465681879,0.0007253616751161111
559,6,1-5,adjust,0.009688131576559398,-0.00048072530413514647,0.0005709073308587413
559,7,1-5,adjust,0.01885469265437832,0.0010536479013944266,0.00030596330034824516
559,8,1-5,adjust,0.00046460201205767067,-0.00028976221567128156,5.63907555353498e-05
559,9,1-5,adjust,-0.01524769649182691,-0.00011279470872379245,0.000865275877676116
560,2,1-7,adjust,-0.06844223703166631,0.0017853010078000484,0.0008479942643451256
560,3,1-7,adjust,-0.19788929310958414,0.0016022891059963194,0.00038425083354279164
560,4,1-7,adjust,-0.12705678397535877,-0.0003836989437707738,0.00010200651864375855
560,5,1-7,adjust,-0.029289315949212837,0.00034894770141065303,0.0010669073185436055
560,6,1-7,adjust,-0.04829978917662901,-0.00021692030618429933,0.00048498699739296365
560,9,1-8,adjust,0.0067520998425294075,-0.00046612777995321556,0.0006197843030232226
