slot,receiver_id,selected_pair,status,radial_command_m,angular_command_rad,consistency_rad
1,2,1-4,adjust,-5.0,0.03490658503988659,0.11155767038960848
1,3,1-4,adjust,-5.0,0.03490658503988659,0.20373453843662184
1,6,1-5,adjust,5.0,0.00487726008529181,0.12956497008486864
1,7,1-5,adjust,-4.293548656670439,-0.0002231880730434644,0.06034160341604
1,8,1-5,adjust,-3.4793749018235745,0.0010467796748423175,0.02404407039330563
1,9,1-5,adjust,3.5508142566758316,0.002986842958071188,0.01131398358205214
2,2,1-7,adjust,-3.5676505187507437,-0.03009420619487528,0.006070832348475877
2,3,1-7,adjust,-5.0,-0.031047657272219507,0.005631438765026447
2,4,1-7,adjust,5.0,-0.001772279314373928,0.008378545806334795
2,5,1-7,adjust,-0.44637584948490244,-0.008766824541731576,0.006064282366812952
2,6,1-7,adjust,4.443838246862756,-0.0012154014276101806,0.00482436968259462
2,9,1-8,adjust,0.1670954033782236,0.0032739517111011526,0.01070496996412216
3,2,1-4,adjust,-1.6500927124598346,0.03490658503988659,0.05312815163474915
3,3,1-4,adjust,-5.0,0.03490658503988659,0.0883431808958837
3,6,1-5,adjust,-0.5228682521134486,-0.0042864812360259566,0.0576210498445086
3,7,1-5,adjust,-0.7081013538370399,-0.008847450621171612,0.02949389885920432
3,8,1-5,adjust,-0.5495044329119176,-0.0037878948939383274,0.014089819205483616
3,9,1-5,adjust,-0.3501677434991399,-0.0007778170295328396,0.015610300877809702
4,2,1-7,adjust,2.36140512514659,-0.03490658503988659,0.007036233575190156
4,3,1-7,adjust,4.335126898066955,-0.03490658503988659,0.0025729751363519566
4,4,1-7,adjust,5.0,-0.00041231118953877135,0.00215922369095998
4,5,1-7,adjust,-0.4796983352120725,-0.0005108573149319306,0.001635308862487331
4,6,1-7,adjust,0.2795706066724942,0.003289331553725935,0.0019110118250729455
4,9,1-8,adjust,0.035112768185924036,-0.0056237769465788436,0.013717239998707272
5,2,1-4,adjust,-0.6101196760150797,0.004436656988449753,0.010779528503221631
5,3,1-4,adjust,-1.4808598505179844,0.008230653579625253,0.01182444464808592
5,6,1-5,adjust,-0.507884898516355,-0.013100720158688302,0.004657964614928055
5,7,1-5,adjust,0.2942979411122301,-0.005660372556954545,0.0015265420158057303
5,8,1-5,adjust,-0.811692450139711,-0.0022112793017328657,0.006456133323453551
5,9,1-5,adjust,-0.17810759728029654,-0.0025931447889683172,0.004702915743684063
6,2,1-7,adjust,0.6118681035643156,-0.01799694930134546,0.003907537187093743
6,3,1-7,adjust,2.3110692822490204,-0.017852106882284672,0.0014495469516856195
6,4,1-7,adjust,2.0574895816413825,-0.000737969569579158,0.006211864134359223
6,5,1-7,adjust,0.45301093136965365,-0.00343894587908744,0.00476614548103507
6,6,1-7,adjust,0.32899271866993124,-0.0008554273339291345,0.008443010220010158
6,9,1-8,adjust,-0.3343632043835854,-0.01023789027666919,0.007355640299694384
7,2,1-4,adjust,0.02043013802530201,-0.003553917254561334,0.0010392124863732746
7,3,1-4,adjust,-0.6502542754523521,0.007793524361394128,0.01189134469856267
7,6,1-5,adjust,-0.3218129657763362,0.00694387510834708,0.024456863582099475
7,7,1-5,adjust,-0.6483304765621094,0.000644169509584116,0.013559770938178077
7,8,1-5,adjust,0.1777973082296271,-0.0018150630582210914,0.007766153542153845
7,9,1-5,adjust,-0.04900784296240263,0.004180105872550322,0.00943633264241619
8,2,1-7,adjust,-0.008279810382140427,-0.00425047348380295,0.005991869928429119
8,3,1-7,adjust,0.0318170176860904,-0.004521956200481891,0.001943613089586138
8,4,1-7,adjust,-0.3033032088530744,0.0034939706940128475,0.0019611552511747373
8,5,1-7,adjust,-0.06654555216929954,0.015077101662686752,0.00525891299882485
8,6,1-7,adjust,-0.13255837322620975,-0.0013849714725972307,0.002781394646780941
8,9,1-8,adjust,0.14256926092149344,-0.0010527378476818136,0.013221404803588249
9,2,1-4,adjust,-0.034191279759464996,0.007836187526197013,0.013784573646226423
9,3,1-4,adjust,-0.1312010643864336,0.010045536398999013,0.017591564665409502
9,6,1-5,adjust,1.268623099991607,-0.006536084022956704,0.015753815277144128
9,7,1-5,adjust,0.9421324657242167,0.010071738048835146,0.0024200445104180512
9,8,1-5,adjust,0.8859493981487098,0.006028700044133355,0.003194573388567637
9,9,1-5,adjust,0.7003202110357333,0.02012968102601074,0.007326807160852618
10,2,1-7,adjust,-0.44679802897398285,0.013481388303536233,0.0015437849749084863
10,3,1-7,adjust,-0.7871586487501238,-0.0050161882756633155,0.0072327824748653555
10,4,1-7,adjust,-0.3805890163025778,0.0033213492753435435,0.0017079864382653627
10,5,1-7,adjust,0.4120194148646382,0.0020269841718553107,0.00559623010849225
10,6,1-7,adjust,-0.45379614640305754,0.014027918650921517,0.00039057673332024227
10,9,1-8,adjust,-0.16425253086797742,-0.0010197537297007727,0.009257813063452563
11,2,1-4,adjust,0.039537876788202954,-0.0061030043802167665,0.0036255262152575583
11,3,1-4,adjust,0.22045319835088856,0.0042985158670481435,0.0016314382040904395
11,6,1-5,adjust,0.6880840855243145,-0.009379385727152252,0.007400143495175045
11,7,1-5,adjust,0.9062307083397944,0.006031779714764273,0.005626539918358346
11,8,1-5,adjust,0.5673166586218473,0.0007984170514072934,0.002741591005598049
11,9,1-5,adjust,0.28384562179108297,0.00358547401955714,0.0011570510829433888
12,2,1-7,adjust,-0.0458514047272479,0.0037809268675832773,0.004740363820444509
12,3,1-7,adjust,-0.5433460894222528,0.003902554105260241,0.0013576170258119632
12,4,1-7,adjust,-1.4489125481829612,-0.008375550077639666,0.003061806553180932
12,5,1-7,adjust,0.2862421199532822,-0.001557072734282865,0.004068509542995449
12,6,1-7,adjust,0.2429331730350996,0.0003973074325698096,0.004812192119080714
12,9,1-8,adjust,0.01217866923160015,0.006267102651561909,0.004632184087123021
13,2,1-4,adjust,-0.15126069948037568,0.0036180432491178215,0.0019463921750632013
13,3,1-4,adjust,-0.1547435651308813,0.005633055439315982,0.009851171795525096
13,6,1-5,adjust,-0.0690047288911313,0.012484817535662957,0.025017477222256352
13,7,1-5,adjust,-0.6393559278837956,0.0032256144737518254,0.01644116767058577
13,8,1-5,adjust,-0.26169498859168644,-0.0022443791863395388,0.002909478112700891
13,9,1-5,adjust,-0.4525427334677003,-0.008116229142505416,0.004313114379348781
14,2,1-7,adjust,0.09345698631942354,0.0032818395421528672,0.005752742874852505
14,3,1-7,adjust,-0.22673205152883666,-0.002245207856226843,0.012348899315661315
14,4,1-7,adjust,0.7807514197182944,0.010861968274845726,0.009781560403723804
14,5,1-7,adjust,-0.15279544537419779,-0.0027968729654138077,0.009772184948172752
14,6,1-7,adjust,-0.9088723727438004,-0.003443625529225952,0.009036638609940379
14,9,1-8,adjust,0.2674606100846912,-0.0037320681433693835,0.003832575416688268
15,2,1-4,adjust,-0.2488445426283268,0.002640943793734718,0.0032623770810653314
15,3,1-4,adjust,0.36283277859645713,-0.016015749526140335,0.004292557567420258
15,6,1-5,adjust,0.4879052603679003,0.005632267388565516,0.0023364957704148444
15,7,1-5,adjust,0.16141500689429913,-0.0031978713641317436,0.0020778531993486363
15,8,1-5,adjust,-0.04598563682898842,0.0031652986511780303,0.005678643081504702
15,9,1-5,adjust,-0.08985815112322548,-0.00331497656238575,0.005340795647225471
16,2,1-7,adjust,0.15357554869362308,0.0001100023053477423,0.00018476565351256577
16,3,1-7,adjust,0.1136970657872868,0.009417967246754292,0.0016966229516686246
16,4,1-7,adjust,0.05105084120614832,-0.002905385490770002,0.001975805332688194
16,5,1-7,adjust,-0.5646018950368329,-0.0025525126291642618,0.0037804285994649965
16,6,1-7,adjust,0.15351551169845856,-0.011827666990946775,0.0014795433444998146
16,9,1-8,adjust,0.21349990390379492,0.0071099742112669,0.005742119297185734
17,2,1-4,adjust,-0.0867317886494431,-0.00858781540063286,0.001004879323877359
17,3,1-4,adjust,0.21664639115582973,0.0029881215779688714,0.0031856152935047914
17,6,1-5,adjust,-0.6894193222697164,0.004668720853800427,0.003313021196517738
17,7,1-5,adjust,-0.2745929913890175,-0.013264680372733923,0.0021524677462032484
17,8,1-5,adjust,-0.48855399816240064,-0.0009470007529272801,0.0022672737268257777
17,9,1-5,adjust,-0.5009186558898892,-0.007133355894102658,0.0036840617568439375
18,2,1-7,adjust,0.7125314906715693,-0.0065823464923964545,0.012929559474546343
18,3,1-7,adjust,1.0919060450733609,-0.014207746201919648,0.010477123845167571
18,4,1-7,adjust,1.1732709625102613,-0.005729827339572455,0.006757696319940259
18,5,1-7,adjust,0.9000888615869137,0.0016534364195821291,0.0006032557344502103
18,6,1-7,adjust,0.6447449887148962,-0.0018035709207245157,0.004447467715318213
18,9,1-8,adjust,-0.021356888175139633,-0.002527806345915087,0.006158785856879901
19,2,1-4,adjust,-0.03344470962201071,-0.00041571729852151997,0.009093613654631823
19,3,1-4,adjust,-0.22651786089531897,-0.008747444668883298,0.01234686105483583
19,6,1-5,adjust,0.37103058754272694,7.3481879413443e-05,0.0010728772259090858
19,7,1-5,adjust,0.21581975985532625,0.008821303096099208,0.00038892798382400714
19,8,1-5,adjust,0.4739416266123132,0.005917747818612825,0.009425173982730097
19,9,1-5,adjust,0.18326885548608224,0.01557825442888185,0.008034834666911995
20,2,1-7,adjust,-0.23137240395902048,0.0004598429385955582,0.00760149025250763
20,3,1-7,adjust,-0.7101923238810752,0.01514379149265073,0.010865222952172692
20,4,1-7,adjust,-0.8452042904782272,-0.00044157615180035137,0.00818911827160704
20,5,1-7,adjust,-0.7028974626408028,-0.0068497550245232705,0.007414893850357159
20,6,1-7,adjust,-0.30794801903269486,0.0020596351137355494,0.003575626188606038
20,9,1-8,adjust,0.34236081470997104,-0.008059275371468064,0.00928643815108204
21,2,1-4,adjust,-0.07108095836642828,-0.005436742911596682,0.0014561659661704394
21,3,1-4,adjust,-0.04813194442175977,7.607886451031702e-05,0.004842908158359963
21,6,1-5,adjust,-0.9737453820153801,0.0007036099064624441,0.0037535324604353474
21,7,1-5,adjust,-0.5590285128476872,0.0008749662746549059,0.0021870135651156147
21,8,1-5,adjust,-0.5332725616814444,-0.010114602348350727,0.0020351490511763284
21,9,1-5,adjust,-0.40730801237300446,-0.013779941548225563,0.00031973550961077624
22,2,1-7,adjust,-0.0783040966022285,0.00822177890335633,2.0972165539110795e-06
22,3,1-7,adjust,0.17749338977058293,0.003711059400698519,0.005029695797813312
22,4,1-7,adjust,-0.20818891737098955,-0.004251160116896275,0.0033351812102847558
22,5,1-7,adjust,-0.3037841795792532,-4.306581567455536e-05,0.0007434872675366334
22,6,1-7,adjust,0.12492924224258228,0.0009628372583958192,0.005585333414077182
22,9,1-8,adjust,-0.27062957810616983,0.005421855023085171,0.0037466020627933763
23,2,1-4,adjust,0.1384131824139359,-0.00037605602287886806,0.005169650959299878
23,3,1-4,adjust,0.006062177070290416,-0.007748482769873047,0.0010778818638373737
23,6,1-5,adjust,-0.038977490548062856,-0.005447945877599353,0.0003544420367821316
23,7,1-5,adjust,0.20646033744961728,-0.007336638733703065,0.0014716986121315874
23,8,1-5,adjust,0.15393667220959262,-0.0016414056190329819,0.0031011472458128387
23,9,1-5,adjust,0.29581706965444426,-0.002278824696399421,0.0038173919399369497
24,2,1-7,adjust,0.25128361838041813,-0.005508526430235579,0.0005198139104154563
24,3,1-7,adjust,0.452457854133091,0.002678358825284965,0.004744362799886568
24,4,1-7,adjust,0.9493501645162957,-0.0015054720426483598,0.0030737206178426107
24,5,1-7,adjust,0.7269059790301374,0.007011127139302277,0.007389806005618423
24,6,1-7,adjust,0.6844291173170203,0.003097361264084827,0.0011097368744779788
24,9,1-8,adjust,0.03377688881535141,0.012170056332521148,0.00645252867191879
25,2,1-4,adjust,0.031534360410082736,-0.0051382956335696735,0.016404796742949715
25,3,1-4,adjust,0.5038788482344891,-0.0038718587843325704,0.014114308608897345
25,6,1-5,adjust,0.15383946150825126,0.0032770008686347357,9.564026435693379e-05
25,7,1-5,adjust,0.20336458435756574,0.005777516051415855,0.001058726022205336
25,8,1-5,adjust,0.09032144076021281,0.002175202750694404,0.003893251035572283
25,9,1-5,adjust,0.08827334515322047,-0.0026319523408128557,0.00640935100468871
26,2,1-7,adjust,-0.3700785024614475,0.01166592740097265,0.007254795516252302
26,3,1-7,adjust,-0.7095853407556449,0.007301491364199014,0.004380259147308914
26,4,1-7,adjust,-0.7938340947439958,0.0013919380238067516,0.0019383965553511958
26,5,1-7,adjust,0.11243616564469497,0.008098719809103571,0.005294989476072276
26,6,1-7,adjust,0.024608841925301453,-0.0049784637163273185,0.001528751924499727
26,9,1-8,adjust,-0.06634299279993763,0.0016285078303598674,0.0008225196411975889
27,2,1-4,adjust,0.06386737510373273,0.00019710838653376773,0.0054088924309288865
27,3,1-4,adjust,-0.24594065544085167,-0.002201422480924634,0.0006066924000168688
27,6,1-5,adjust,0.49638407904490217,-0.0019592538620789397,0.011694602584470925
27,7,1-5,adjust,1.0267792635334159,0.0018429714581590284,0.013970436079508469
27,8,1-5,adjust,1.0350884305689898,0.008679671607347403,0.014364709066257067
27,9,1-5,adjust,0.3111187329377127,0.0022686707285945427,0.017706394064642653
28,2,1-7,adjust,-0.14847269739289817,0.001683722266773709,0.010878511731536976
28,3,1-7,adjust,-0.35662060717942795,0.003032796393486428,0.010218389962997898
28,4,1-7,adjust,0.27139600102408823,0.005444482372812526,0.004875742115652663
28,5,1-7,adjust,0.7142442708980486,-0.016629877923079066,0.00021354383154678682
28,6,1-7,adjust,0.1087033116989914,-0.0036064781764066677,0.005999401002623374
28,9,1-8,adjust,0.3226540679747432,0.01865208954002391,0.0075994764857192
29,2,1-4,adjust,0.5426658912289222,-0.009186394437763085,0.010379514809314896
29,3,1-4,adjust,0.4656603060031344,-0.002561857677621987,0.01078846908304822
29,6,1-5,adjust,-0.12867439211168438,0.005659539130748705,0.008346683598343571
29,7,1-5,adjust,-0.9867320927771502,0.0020706709237957996,0.003068949995302871
29,8,1-5,adjust,-1.7763426591210805,-0.014906208896378271,0.0012187973243380265
29,9,1-5,adjust,-0.873678622276868,-0.027757257435849156,0.0011508904048802115
30,2,1-7,adjust,-0.477385723733479,0.012624620002453322,0.013113930324910166
30,3,1-7,adjust,-0.08813165374612358,0.0044325740890734985,0.00394569797565161
30,4,1-7,adjust,-0.41118146990552706,-0.0009163568578192467,0.008049498813052693
30,5,1-7,adjust,-1.418690736007912,0.00019583174597698487,0.008542339392874621
30,6,1-7,adjust,-0.8812623714511373,0.010140711826429139,0.004296923126247082
30,9,1-8,adjust,-0.1546034744173987,-0.013311507388822532,0.017405790983828637
31,2,1-4,adjust,0.15759204234086346,-0.0036953792194398902,0.008462225890508606
31,3,1-4,adjust,-0.21119759572548702,0.0001495619698779095,0.0025895600726609683
31,6,1-5,adjust,-0.6088865358414006,-0.01197972430848275,0.007775546503276457
31,7,1-5,adjust,-1.4887141941148498,-0.007046646808903545,0.006849171607313264
31,8,1-5,adjust,0.4431453992055705,0.0016096118521951456,0.007086796555112342
31,9,1-5,adjust,0.18558243651151482,0.009927272717041578,0.004750035440789413
32,2,1-7,adjust,0.21991509093632985,-0.011895766791190815,0.005462337196467597
32,3,1-7,adjust,0.0014938307385728145,0.00303125775133747,0.007517393581192408
32,4,1-7,adjust,-0.005918688525362984,0.003000908974110529,0.004995076033281833
32,5,1-7,adjust,-1.0338532818119495,-0.0028446543531264385,0.008021403638700318
32,6,1-7,adjust,-0.6934129678644805,-0.0024344286366400035,0.0185000118495182
32,9,1-8,adjust,0.03245721381826896,0.00018326088990048723,0.005404087522338914
33,2,1-4,adjust,-0.6822263313153839,0.019512586536939297,0.010582095493390712
33,3,1-4,adjust,-0.02106260076804233,-0.010374315024494379,0.003108403647577818
33,6,1-5,adjust,-0.07156330297488567,-0.004945267839800012,0.018041146463759112
33,7,1-5,adjust,0.13869176834579056,-0.008216055151338369,0.01817505559626423
33,8,1-5,adjust,-0.24183599569331196,-0.005283346410863468,0.014544945732890491
33,9,1-5,adjust,-0.3168348416299478,-0.007301547978344841,0.009890382316253039
34,2,1-7,adjust,0.8172469357244833,-0.02545597369843014,0.002506352895959945
34,3,1-7,adjust,0.7808724198773916,-0.005115758280162298,0.007602068318330962
34,4,1-7,adjust,0.5139091994614079,-0.009661705802819116,0.005430893133010055
34,5,1-7,adjust,1.0462032900301819,0.006447313559393436,0.011904693774647652
34,6,1-7,adjust,0.7484717873953717,0.011523753947124859,0.010215601144354594
34,9,1-8,adjust,-0.06231302224347616,-0.0002522796373628251,0.006583318907031162
35,2,1-4,adjust,-0.4487458463417566,0.009619090678289094,0.006103948115092963
35,3,1-4,adjust,-0.2756544661064736,0.002037233413995171,0.013884215298336142
35,6,1-5,adjust,0.36772882312644,-0.006466234695182966,0.00664541912829446
35,7,1-5,adjust,1.3971726291110815,0.001988819049798344,0.000531260015389918
35,8,1-5,adjust,0.15097305681427925,0.01639565667013662,0.0010988548989135142
35,9,1-5,adjust,0.4787568790603477,0.008333798561633942,0.0010731849630623528
36,2,1-7,adjust,0.2847106249560859,-0.006461019635885056,0.011056500421138489
36,3,1-7,adjust,0.6286689118325909,0.0021838995875251292,0.01483932065832225
36,4,1-7,adjust,0.5216522574577793,0.0014909290210814183,0.005681460349348112
36,5,1-7,adjust,1.1706184760589375,-0.0011508983150662372,0.00842035858957044
36,6,1-7,adjust,0.40720703783433126,-0.006732476143211851,0.01784504399080573
36,9,1-8,adjust,-0.18742180218942567,0.0008019308379972801,0.008761862782474568
37,2,1-4,adjust,-0.09389028540522339,0.006338825879862338,0.00910349353135739
37,3,1-4,adjust,-0.11456871478030342,-0.003785658128717596,0.004859000364423933
37,6,1-5,adjust,0.5073529903178675,0.016556833008352995,0.0018216812564508813
37,7,1-5,adjust,0.4693842863143961,0.010229408437020084,0.00783889668243207
37,8,1-5,adjust,0.4376316759261639,-0.005564447519538864,0.002035956946025945
37,9,1-5,adjust,0.5318912643298229,-0.002048619354880265,0.0060203134537211034
38,2,1-7,adjust,-0.24892930866916085,0.00729603565416566,0.0024601173934323366
38,3,1-7,adjust,-0.8250782513602469,0.008464643207393607,0.004889108888213138
38,4,1-7,adjust,-0.26432435682521943,0.003757649730064941,0.00042042206783025443
38,5,1-7,adjust,-1.023517488923817,-5.957191465594587e-05,0.00189050358985632
38,6,1-7,adjust,-0.021005343642391316,-0.0015345240264759124,0.0026890319318594014
38,9,1-8,adjust,-0.352908117733647,0.008315577949537778,0.0007337927542647013
39,2,1-4,adjust,0.3142254379485245,-0.006481682239093342,0.004296360639834928
39,3,1-4,adjust,0.5228477302783298,-0.008269221677248896,0.01198808402097095
39,6,1-5,adjust,-0.49407848272204236,0.002311342357452473,0.008376224751224126
39,7,1-5,adjust,-0.5702712783966775,0.008522020636776094,0.004246140601656708
39,8,1-5,adjust,-0.45243757223166114,-0.004019539918646178,0.006849280708369473
39,9,1-5,adjust,0.0876445941386154,-0.001977926257551986,0.0044763168518793675
40,2,1-7,adjust,-0.88021337213795,0.018221320238325997,0.020308371749619383
40,3,1-7,adjust,-1.1735217943010656,0.012475202348321541,0.012862412867074865
40,4,1-7,adjust,-2.104576099215998,0.005358380365372461,0.004447767523942646
40,5,1-7,adjust,-0.44350755696045274,0.003874876718526929,0.011073250650328045
40,6,1-7,adjust,-0.36759979054386827,-0.008853289485810994,0.007007899412337634
40,9,1-8,adjust,-0.17313554445202683,-0.005065379878311765,0.013475940843967695
41,2,1-4,adjust,0.09265376695649769,-0.0032183779593673513,0.014220854099342893
41,3,1-4,adjust,-0.4655154214804037,0.017010062132965024,0.024475997451516972
41,6,1-5,adjust,-0.4161948823514032,-0.0036535362381596697,0.009229350588457245
41,7,1-5,adjust,-0.4824462359339124,-0.003766279965804586,0.006425477275805354
41,8,1-5,adjust,0.18216567504898376,0.006672102645124551,0.0001441281158422106
41,9,1-5,adjust,0.08021337596148165,0.007723840833160071,0.0046610368386412505
42,2,1-7,adjust,0.05666269225978923,-0.0038229165554830337,0.008314887200422874
42,3,1-7,adjust,0.4607785733963645,-0.006202470325723651,0.008049993668321445
42,4,1-7,adjust,0.8018771109642955,-0.000347292150477928,0.001441145735424723
42,5,1-7,adjust,-0.1125910397871063,-0.0027170608343038715,0.0025939773901630806
42,6,1-7,adjust,0.06116285660607924,0.009134727254934517,0.0061861758559577295
42,9,1-8,adjust,0.06831890851605522,-0.010104859333937583,0.00464200789098273
43,2,1-4,adjust,-0.06774084068272838,0.004820542632582851,0.005659655147442268
43,3,1-4,adjust,0.1502006041305556,-0.0047184473703167,0.006507434358833377
43,6,1-5,adjust,-0.3579065352162177,-0.0012162175497171309,0.006676862779277644
43,7,1-5,adjust,-0.37090700136884486,-0.006816394736652947,0.0017325477871790436
43,8,1-5,adjust,-0.530719395317658,-0.009676614925378453,0.008926651601519531
43,9,1-5,adjust,-0.01699721645334092,0.0033299679876473715,0.0065687464999153525
44,2,1-7,adjust,0.859629656222254,-0.017930446953205517,0.00335216035016063
44,3,1-7,adjust,0.3326699119059646,0.00016180532201889335,0.007405894517483792
44,4,1-7,adjust,0.22401948372770092,0.003124955730097937,0.009870938294970858
44,5,1-7,adjust,-0.49845143035604617,0.0043924450453105375,0.0025026343913681823
44,6,1-7,adjust,0.04401771720403792,-0.009912007945649537,0.005932126657840674
44,9,1-8,adjust,-0.39288110566717105,-0.006938277373941469,0.010862695860159173
45,2,1-4,adjust,-0.6844456942660728,0.016519598880058085,0.006046460192080843
45,3,1-4,adjust,-0.23811216399037616,-0.006868371652451751,0.011397848127258711
45,6,1-5,adjust,-0.2089698229970196,0.007037626715991394,0.014033581397738856
45,7,1-5,adjust,0.12178462878129448,-0.001577361234281684,0.015421350545133999
45,8,1-5,adjust,0.0805354498098086,-0.0010984347340431573,0.003422567615993668
45,9,1-5,adjust,0.173565404417964,0.008843218865265715,0.007865042589899104
46,2,1-7,adjust,0.4749634522310289,-0.023141697173800012,0.005760538268013441
46,3,1-7,adjust,0.8211461756710867,-0.005819281860948653,0.004522116810566399
46,4,1-7,adjust,-0.14136530125441243,-0.008217192258190517,0.0056230954103697744
46,5,1-7,adjust,1.0147670971135179,-0.0032859203664681925,0.013103323966658845
46,6,1-7,adjust,0.731210977527017,0.0019014287993460728,0.0027907871953808333
46,9,1-8,adjust,-0.13872014408997202,-0.01286051104176826,0.004455402114181997
47,2,1-4,adjust,-0.4692056321694327,0.01122800801718573,0.005994675955094287
47,3,1-4,adjust,-0.6276103971686231,0.010180081316094483,0.00011936671043822344
47,6,1-5,adjust,0.22058280241992487,-0.010560574235642052,0.001222507086559368
47,7,1-5,adjust,0.38992332944827696,0.0012245478055972138,0.004014274098184371
47,8,1-5,adjust,0.4105440227581551,0.007797937657444326,0.00929686135132776
47,9,1-5,adjust,0.2614201009955477,0.01110369693800397,0.0022318663190226467
48,2,1-7,adjust,0.5685854105112538,-0.0032630642054420917,0.0059822037569048775
48,3,1-7,adjust,0.9030115621513898,-0.007108282590992805,0.004462140102926043
48,4,1-7,adjust,-0.3253827411059866,0.00435135284721293,0.003033303151488565
48,5,1-7,adjust,-0.08913672709469138,0.00010466657754052283,0.0004964467615156612
48,6,1-7,adjust,0.07809051207157607,0.01287423488538143,0.0003806931098468086
48,9,1-8,adjust,0.00245407359093657,0.007153844687396882,0.009871976079852206
49,2,1-4,adjust,-0.505182327442632,0.019421680747210655,0.011648703976259727
49,3,1-4,adjust,-1.4572470714089893,0.01687465923982426,0.02138137509211977
49,6,1-5,adjust,-0.31368884189990465,-0.00444421466334938,0.002628100075623973
49,7,1-5,adjust,0.3170383656469687,-0.00613100439239496,0.0007962483274359841
49,8,1-5,adjust,0.15812741891769924,0.0008881537608484658,0.0008212591505541605
49,9,1-5,adjust,0.08294850438062079,-0.00839340042773402,0.00467267677284325
50,2,1-7,adjust,0.33947275377398467,-0.009987464510435579,0.0006900114313394946
50,3,1-7,adjust,1.0402791360997876,-0.018707143427398078,0.0008769941230336884
50,4,1-7,adjust,1.3718705288723043,-0.01061446886148273,0.005134808916499271
50,5,1-7,adjust,1.6437404738762638,0.004988671944205199,0.00960571163869988
50,6,1-7,adjust,1.138618542597576,0.011616273112318694,0.0009793553492548634
50,9,1-8,adjust,-0.15057551572155525,0.004771135116795701,0.009388709410687137
51,2,1-4,adjust,0.1837180921384064,-0.014831114882922564,0.013656232290224475
51,3,1-4,adjust,0.13985007458136334,-0.008870030571286153,0.004823504123369783
51,6,1-5,adjust,0.9246004488404757,-0.013246167897891648,0.012774038323830995
51,7,1-5,adjust,1.1424737370015607,0.01682889143382678,0.017269336125822914
51,8,1-5,adjust,0.49194825327519043,0.004416412806980272,0.013310961707912105
51,9,1-5,adjust,0.7006170549223489,0.005855642007354472,0.016579053959173296
52,2,1-7,adjust,-0.8487625259738231,0.03133794090229041,0.004750330586195953
52,3,1-7,adjust,-0.3475717193757576,0.011280838519202472,0.0005922822696879564
52,4,1-7,adjust,-0.5984296973444081,0.0050585743246269336,0.00039879448935631475
52,5,1-7,adjust,-0.8939314439679689,0.0006569791840840277,0.001029331228195032
52,6,1-7,adjust,-1.1322072338661533,0.0009491040072573769,0.0020006724726029357
52,9,1-8,adjust,-0.24811117201166136,0.008453958376027877,0.008495198911308718
53,2,1-4,adjust,0.5996512428241894,-0.028827641298374115,0.0054233033407321985
53,3,1-4,adjust,-0.007255185498238077,0.0034257653459589927,0.0070328825290682274
53,6,1-5,adjust,-0.10482795160379967,0.00033806053273659654,0.00788961084651457
53,7,1-5,adjust,-0.4044142188311172,-0.008154884921819408,0.0030088741304984583
53,8,1-5,adjust,-0.630887800397605,-0.0038688769772602456,0.00798549112027807
53,9,1-5,adjust,-0.6422955683026847,-0.01437149705925742,0.002069554038942864
54,2,1-7,adjust,-0.44436907061091824,0.014970370052522046,0.006276670473517882
54,3,1-7,adjust,-0.006555723764571694,-0.0037665911624331794,0.004839589954952344
54,4,1-7,adjust,0.5763107625130764,0.005105948866449452,0.0006554048320327732
54,5,1-7,adjust,0.3564743872597592,-0.00918602316070533,0.005863270515617003
54,6,1-7,adjust,0.017965425655357886,-0.006384407772459204,0.011926399649554257
54,9,1-8,adjust,0.4219248944732556,0.0006595398699277351,0.011189938987835027
55,2,1-4,adjust,0.5067997991585962,-0.015257890169423255,0.001178454514236502
55,3,1-4,adjust,0.5042897542823198,-0.002074084699290677,0.005454176995625603
55,6,1-5,adjust,0.2369463860535208,0.005008210791370244,0.0020160653721653346
55,7,1-5,adjust,0.20801514257107087,-0.00026045187484704987,0.0030103971275065363
55,8,1-5,adjust,0.09449819923070983,-0.002633622670383448,0.0006697217249069529
55,9,1-5,adjust,-0.29702033561052293,-0.005841344133310832,0.008288688792570978
56,2,1-7,adjust,-0.056157417208531124,0.002942559699497612,0.0023480973294986635
56,3,1-7,adjust,-0.11766379973142363,-0.0008449526330393837,0.002722794603987706
56,4,1-7,adjust,0.9355548905756389,-0.0022858407711639074,0.003484844152797689
56,5,1-7,adjust,0.11025085606876427,0.0004570733637736637,0.009640743943732268
56,6,1-7,adjust,0.4186342535320862,0.0009760851941097723,0.009144273808021406
56,9,1-8,adjust,0.20890987176777692,0.0067166479151171635,0.009379654578486486
57,2,1-4,adjust,0.4314337878848647,-0.01311149809953416,0.006333045265512019
57,3,1-4,adjust,0.6068360019805411,-0.009945084280936576,0.0025889580454638243
57,6,1-5,adjust,-0.4292243367996999,0.004005210842202603,0.0035969442579083266
57,7,1-5,adjust,-0.9809599501795888,-0.0017834865325370328,0.004006154699823952
57,8,1-5,adjust,0.06433271411465781,0.0005033302283837246,0.0022717535845954533
57,9,1-5,adjust,-0.3597741806083457,-0.0022212845579414452,0.00031588809410021905
58,2,1-7,adjust,-0.5203188995251147,0.01608198279425635,0.005165814619294215
58,3,1-7,adjust,-1.3200111465331246,0.012116394506470334,0.003216336362351806
58,4,1-7,adjust,-1.186158240409657,0.006296445141416264,0.0022589540648362528
58,5,1-7,adjust,-0.5187916207541005,0.00085150674474257,0.0035067197552858566
58,6,1-7,adjust,-0.3676751574852174,0.0014011049283981357,0.0017295802492201559
58,9,1-8,adjust,0.37716379008427026,-0.007077376827273147,0.0005884426819933688
59,2,1-4,adjust,0.1937858952553836,0.0011004573111323196,0.004300062638010166
59,3,1-4,adjust,0.13708028106023443,-0.005030097885273131,0.001637047397553011
59,6,1-5,adjust,0.07708004346300379,-0.0042376493396005955,0.005273939555708919
59,7,1-5,adjust,0.09248431574337662,0.0037693698303780505,0.0020820898949792466
59,8,1-5,adjust,0.21514232770975888,0.009445185589399005,0.004155688806026271
59,9,1-5,adjust,-0.05704582307358768,0.0008686833534888884,0.004923939228589684
60,2,1-7,adjust,-0.18594818365206525,-0.0012005595668091078,0.012450364840525762
60,3,1-7,adjust,-0.6879806322185176,0.014158485483103042,0.002828791203682451
60,4,1-7,adjust,-0.1348746502637783,-0.008171881321043888,0.009965698363845026
60,5,1-7,adjust,-0.5377913905733787,0.0005558349086521363,0.004819650865888425
60,6,1-7,adjust,0.13262008107056997,0.00787316128552221,0.004666959416889515
60,9,1-8,adjust,0.21673031394758688,0.004958295358507096,0.0008160349625842371
61,2,1-4,adjust,0.22689673514491915,-0.004413689345902277,0.005786646639239653
61,3,1-4,adjust,0.9043464584334981,-0.005205379406069708,0.0024294222375068047
61,6,1-5,adjust,-0.7769013009425584,8.863477082695282e-05,0.007923980434694796
61,7,1-5,adjust,-0.4997002414254122,-0.001960450175803162,0.0035555311711902298
61,8,1-5,adjust,-0.5070346542316957,-0.006423861449636562,0.002524943659293083
61,9,1-5,adjust,-0.21102095669141868,0.0025126462745388967,0.0012609253313981743
62,2,1-7,adjust,-0.26304940812785255,0.009060619906256576,0.005164599490569931
62,3,1-7,adjust,-0.6167360743961878,-0.003757264833083147,0.00039602105453967067
62,4,1-7,adjust,0.43943443309129654,-0.006063402779059344,0.007264093719153218
62,5,1-7,adjust,0.034263797818068945,-0.0011230261952932302,0.003994865009843143
62,6,1-7,adjust,-0.27523870530412176,-0.004000221867422245,0.0001527467367467283
62,9,1-8,adjust,-0.2746242412587175,-0.00047018282917807053,0.004293742866346148
63,2,1-4,adjust,0.5994745026710985,-0.0066334695372826215,0.005230233114409672
63,3,1-4,adjust,1.327394889225872,-0.01270400068591183,0.01249464053249343
63,6,1-5,adjust,0.07831998613690036,-0.0035667742326230905,0.002815399798807526
63,7,1-5,adjust,0.31983606679977855,-0.0007817451387544696,0.005208227194912956
63,8,1-5,adjust,0.377240782899234,-0.008470482518450112,0.006881829791821123
63,9,1-5,adjust,0.12582805462960195,-0.0059754541721990006,0.002985188391238049
64,2,1-7,adjust,-0.6263350504993116,0.012347729805500904,0.013851288276025437
64,3,1-7,adjust,-1.261908504694735,0.01816429234053909,0.006406692447518536
64,4,1-7,adjust,-0.37768932641817105,0.014232052257837082,0.005712985256129564
64,5,1-7,adjust,-0.5666671471583045,-0.005880060976621202,0.010096131745809703
64,6,1-7,adjust,0.4864075755347325,0.005499917063225395,0.008893344900279985
64,9,1-8,adjust,0.15114100007953804,-0.001025083083400679,0.007790593669185092
65,2,1-4,adjust,0.09032201632308523,-0.0009917858063255305,0.005615161443156806
65,3,1-4,adjust,0.2861754417349607,-0.002688685548854962,0.008762710180210272
65,6,1-5,adjust,-1.1924990564672664,-0.004697367283682179,0.014848001231461813
65,7,1-5,adjust,-0.7198613991789528,-0.016417206830390007,0.019984666952052404
65,8,1-5,adjust,-1.3913254389244574,-0.00606965087659502,0.00815815513000682
65,9,1-5,adjust,-0.24815654764894732,-0.002831410202937359,0.003235178687243714
66,2,1-7,adjust,0.5827256621035133,-0.022266799859742673,0.005936539888061046
66,3,1-7,adjust,1.013133723021906,-0.016829887615358946,0.002675759149102875
66,4,1-7,adjust,0.9947278013875257,-0.012042332397361822,1.652201930035156e-05
66,5,1-7,adjust,1.0729694175621463,0.013815559766448805,0.00879996228360171
66,6,1-7,adjust,1.0370794541132033,0.0016271395365772968,0.00023987679660711494
66,9,1-8,adjust,-0.6880517188004249,-0.017854601621088022,0.011070272213027546
67,2,1-4,adjust,-0.15650366874331234,0.005359259127877887,0.01878492798751854
67,3,1-4,adjust,0.19846210875830828,0.005632285921412581,0.023396876227294097
67,6,1-5,adjust,0.9168928909198373,-0.002545514610840536,0.003955689112489064
67,7,1-5,adjust,1.7321143390381306,0.01669323365065399,0.004553922040367311
67,8,1-5,adjust,1.6450592050290538,0.017600299231787436,0.007728224653981951
67,9,1-5,adjust,1.0231422387097482,0.03479537554037309,0.01155375944481996
68,2,1-7,adjust,-0.3863434329346186,0.01911803777511327,0.0011926270791043664
68,3,1-7,adjust,-0.90226189174662,0.010058798393670942,0.006367927145305261
68,4,1-7,adjust,-0.6065236521409839,0.002486622915775251,0.00985004656760511
68,5,1-7,adjust,0.3771943652296157,-0.0042084255064991005,0.0019068010721447247
68,6,1-7,adjust,0.5310650216741752,-0.0009587625534072969,0.012073713374833994
68,9,1-8,adjust,0.1510184895889384,-0.0025350588033346694,0.0038026247944900437
69,2,1-4,adjust,0.16177111537635563,-0.012136247787971746,0.0013386950708213783
69,3,1-4,adjust,0.13261667767286203,-0.0182823754364862,0.004460651012576681
69,6,1-5,adjust,-0.682251945713477,0.002876189844659802,0.005509204188592312
69,7,1-5,adjust,0.07767359555571644,-0.00480082806640532,0.0034028561489634094
69,8,1-5,adjust,0.10863963039428173,0.00225664423822769,0.004077227148220429
69,9,1-5,adjust,-0.1210078880640765,-0.004876629935957478,0.0073592829151552476
70,2,1-7,adjust,-0.17182941995442721,0.00033980579354995225,0.004585896741339923
70,3,1-7,adjust,0.47724047866519664,0.01409900844905542,0.0029996233351582864
70,4,1-7,adjust,0.630753485255189,-7.652628725422603e-05,0.01277468553023926
70,5,1-7,adjust,1.066309592847738,-0.003539401305238436,0.011707022632495226
70,6,1-7,adjust,0.6415953890218602,0.002122329137424303,0.009588406574529588
70,9,1-8,adjust,0.18478142729649244,0.005237193389815062,0.002198787288615736
71,2,1-4,adjust,0.32871110360923705,0.0013289325362702644,0.00012658878614156427
71,3,1-4,adjust,0.27892332356721994,0.002154359104383039,0.0013599617410345805
71,6,1-5,adjust,0.4617228098656432,-0.006751844028877307,0.012431012610773938
71,7,1-5,adjust,0.6895609560353231,0.007186604691968404,0.008712144232451785
71,8,1-5,adjust,-0.18321472883029838,-0.0024841601482398362,0.004899172327096223
71,9,1-5,adjust,-0.3921508786137766,-0.005060494780895751,0.005100146120147643
72,2,1-7,adjust,-1.1999247157976602,0.030519593216836945,0.009563279489086656
72,3,1-7,adjust,-0.3875126754574864,-0.00404202802796598,0.004238269989772737
72,4,1-7,adjust,-0.03693838355335829,0.003091626340116763,0.0017878232027333447
72,5,1-7,adjust,-1.1368927860799716,-0.008712188896205736,0.00986029656643458
72,6,1-7,adjust,-0.1937049489896626,0.003821418538367459,0.013468635297532523
72,9,1-8,adjust,0.25779863435501005,-0.0014774808755951782,0.012417945572710634
73,2,1-4,adjust,1.135993680964565,-0.03490658503988659,0.0017615235171848076
73,3,1-4,adjust,-0.04274036219761138,-0.006315121275480892,0.003577373063965897
73,6,1-5,adjust,-1.0401792986288587,-0.0007330288727781586,0.009526225380793545
73,7,1-5,adjust,-1.8774177461943113,-0.006477887275041078,0.005982333218794242
73,8,1-5,adjust,-0.7526506706217908,-0.006697619336917181,0.0032704189023079334
73,9,1-5,adjust,-0.4529413124357283,-0.010694873568929151,0.0061880630762489695
74,2,1-7,adjust,0.2530264538356112,-0.005041064655548549,0.004155549477986868
74,3,1-7,adjust,-0.834418722697715,0.004522309653983731,0.0033331511395627397
74,4,1-7,adjust,-0.7538692064447623,-0.003859777242536567,0.0039123387976435844
74,5,1-7,adjust,0.14417951235975662,0.009760065920633911,0.000524805982567478
74,6,1-7,adjust,-0.3349070885699668,0.0011169958062996193,0.002898585909314411
74,9,1-8,adjust,-0.08275277804969614,0.008991129801627643,0.004932520055699403
75,2,1-4,adjust,-0.15217939965438337,0.003165936369059682,0.0096810643952597
75,3,1-4,adjust,0.7421683231345164,0.012028432785578169,0.003100763862627308
75,6,1-5,adjust,0.633815181284074,-0.01028979485521215,0.0005318220273620192
75,7,1-5,adjust,0.875755670564846,0.0037972888381124035,0.0078005909873466815
75,8,1-5,adjust,0.8476305976874794,0.008395712403497117,0.004974969043315335
75,9,1-5,adjust,0.3081898075706529,-0.0063351883019832946,0.0019422757662933428
76,2,1-7,adjust,-0.41343831158425,0.015342166218336162,0.008254645631910466
76,3,1-7,adjust,-0.7560777888422241,-0.005788709686233714,0.00903879893225023
76,4,1-7,adjust,0.47077488533954454,0.003061535962031972,0.007865746279331504
76,5,1-7,adjust,0.020103214993819958,-0.00262563979386465,0.0068882725620961266
76,6,1-7,adjust,0.2840208678416486,0.008828026552061281,0.009951972768863154
76,9,1-8,adjust,0.412078148031253,0.017618972605491133,0.004158380406556897
77,2,1-4,adjust,0.30163801822237746,-0.018277347542937607,0.0008144341455593426
77,3,1-4,adjust,0.7269291112884368,-0.006460651058698692,0.0013225965684735001
77,6,1-5,adjust,-0.5430455885816461,0.001812686202893885,0.005021016916720555
77,7,1-5,adjust,-0.7897607090609887,0.00463242471443684,0.006187478764988149
77,8,1-5,adjust,-0.28110468423596086,-0.00039719663682045964,0.0027474972878463746
77,9,1-5,adjust,-0.2505929183804392,-0.0047660905562128845,0.00459812343867095
78,2,1-7,adjust,-0.5059747569723194,0.01200488172429476,0.006503020366301816
78,3,1-7,adjust,-0.542812310681762,0.008441401385415754,0.0023518042175981187
78,4,1-7,adjust,-1.1749527761435377,0.010293237632612305,0.0024988534454636027
78,5,1-7,adjust,-0.9593700878299195,-0.006219845796618372,0.006898549679745649
78,6,1-7,adjust,-1.136618848615352,-0.004077661298255144,0.0037209404702347572
78,9,1-8,adjust,0.15952680061884364,0.002628415416344724,0.005529267873370191
79,2,1-4,adjust,-0.12142164285946547,0.011731575006007284,0.0176462588609699
79,3,1-4,adjust,-0.32603996527886336,0.0038690026885325308,0.018997662749333837
79,6,1-5,adjust,0.3975334788979034,0.003323436554058296,0.008379595421077392
79,7,1-5,adjust,-0.48281398280646654,-0.0027817791647509913,0.011685691613294266
79,8,1-5,adjust,-0.5033500578489224,-0.006762251089663801,0.014697525681304523
79,9,1-5,adjust,-0.305230441264559,-0.019712304470473757,0.01772392378121142
80,2,1-7,adjust,-0.24673744882894494,-0.002621584517086066,0.0018688246032996776
80,3,1-7,adjust,0.08320509208854432,-0.004366004466124353,0.004165339708970708
80,4,1-7,adjust,-0.31537358108112545,-0.002081251973781538,0.006779334356815769
80,5,1-7,adjust,-0.05922789105520249,0.02099166875676615,0.004789071197866988
80,6,1-7,adjust,-0.38408288203413504,0.007383836598909279,0.004248313529826951
80,9,1-8,adjust,-0.26728554674021304,0.0007148983535914948,0.009736425666910473
81,2,1-4,adjust,0.41876647738995426,-0.001862604582957021,0.0005546641945343912
81,3,1-4,adjust,-0.33367663373715695,0.0002477994955661504,0.0008400785850563258
81,6,1-5,adjust,1.12738341013078,-0.01689283944528639,0.0009035456298761742
81,7,1-5,adjust,1.1687787675245542,-0.003536225381201223,0.0004323759534482121
81,8,1-5,adjust,0.6436091414972946,0.004546954139660966,0.0028212732976629373
81,9,1-5,adjust,0.862120254366567,0.02449097681328877,0.005997716183277106
82,2,1-7,adjust,0.24500049766297155,-0.013361198796362415,0.005343438273601783
82,3,1-7,adjust,1.1413430165241039,-0.0033995080576915714,0.00956325814382126
82,4,1-7,adjust,1.4052676903756347,-0.004664580775471415,0.002757808501395279
82,5,1-7,adjust,0.6152252398123118,-0.02085774204075283,0.00626183338310197
82,6,1-7,adjust,0.00864621096762017,0.012040759603662094,0.007965610230579224
82,9,1-8,adjust,-0.1824044858072258,-0.008070439528432238,0.004239700820047362
83,2,1-4,adjust,-0.057561851645743775,0.005347718398526567,0.005134033122874713
83,3,1-4,adjust,-0.13784258334234153,-0.00047933607019901757,0.011373839908011546
83,6,1-5,adjust,-0.3551252741891007,-0.0037866533054958214,0.005691384588253192
83,7,1-5,adjust,-0.606392119341645,0.0024151572801173068,0.00497292447092781
83,8,1-5,adjust,-0.6607127514895585,-0.0068948279563822434,0.000400542313266314
83,9,1-5,adjust,-0.7364060034498612,-0.013496930973982559,0.004861574987711056
84,2,1-7,adjust,-0.09328193472695567,-0.0040704097609394535,0.009960511729676226
84,3,1-7,adjust,-0.27491166881110873,0.008393938746828221,0.0029893142811429985
84,4,1-7,adjust,-0.0019332157102480388,-0.0011507193787833987,0.005060396989642724
84,5,1-7,adjust,-0.6362441504170315,0.012196414044081536,0.004484024857161337
84,6,1-7,adjust,-0.2691384804333344,0.0009759377297445201,0.0027420719851423934
84,9,1-8,adjust,-0.05277705532641086,0.0008224440632038746,0.01108919272874498
85,2,1-4,adjust,0.2953020275016458,5.055897021313385e-05,0.01095364012679223
85,3,1-4,adjust,0.27338830660957975,-0.007672612435022455,0.012404980403388026
85,6,1-5,adjust,-0.3283029359097762,0.01036943113640909,0.002436928816376245
85,7,1-5,adjust,-0.04051439518861771,-0.005950531342941562,0.008351142518147918
85,8,1-5,adjust,0.4721851519562276,0.0019608732879279507,0.0007905088424790371
85,9,1-5,adjust,0.6283212730955793,0.013652910429781229,0.002717411283195907
86,2,1-7,adjust,-0.16329776826514325,0.0006913774731318302,0.00760645865687295
86,3,1-7,adjust,0.6379549789268707,-0.0006260214573243401,0.0018059623621049356
86,4,1-7,adjust,-0.9230166696425741,-0.003197595059520289,0.004400260617573371
86,5,1-7,adjust,0.3264531091862764,-0.006864844797026212,0.0018817659974745265
86,6,1-7,adjust,0.6978547781132715,-0.005321321258316125,0.006720958360511843
86,9,1-8,adjust,-0.15193700297340496,-0.0041994179976039625,0.0020027166150807913
87,2,1-4,adjust,-0.13054017161598183,0.002211472221059896,0.006586907946183932
87,3,1-4,adjust,-0.9019134835982164,0.004101809409784346,0.008226894280792253
87,6,1-5,adjust,-0.5177266563082178,-0.005039368545085167,8.561691032243186e-05
87,7,1-5,adjust,-0.05201590412988371,0.009182706560261987,0.002243180208883531
87,8,1-5,adjust,0.036824270110994616,0.002321356450838147,0.00036500606840269277
87,9,1-5,adjust,-0.14381490717135495,-0.005773465460458067,0.001452260030959256
88,2,1-7,adjust,-0.31149373740198744,0.015821110342930114,0.0040456482938168664
88,3,1-7,adjust,-0.6447432028149511,0.005119152247423434,0.007574350796810869
88,4,1-7,adjust,-0.08770679222950477,-0.0024709287410744412,0.005659027975070853
88,5,1-7,adjust,-1.0335418419076847,0.0007904837555510852,0.0049268566090557905
88,6,1-7,adjust,-0.3053570702009032,-0.007151490187624676,0.0018866796823346498
88,9,1-8,adjust,0.16777488638482754,0.015006581582515523,0.002075698908354875
89,2,1-4,adjust,0.19658405924052388,-0.020376280711177936,0.004014869438664039
89,3,1-4,adjust,0.5045768015768138,-0.01104609083442211,0.0018786725208507534
89,6,1-5,adjust,-0.3154411776519983,0.0005241771654418882,0.0024097793867643076
89,7,1-5,adjust,-0.7643261474535696,0.0007222942157722754,0.002701312495173157
89,8,1-5,adjust,-1.2402238901913494,-0.0041256582574903024,0.002763233162348202
89,9,1-5,adjust,0.11035010909591919,-0.008323905381459993,0.005649437405513961
90,2,1-7,adjust,0.05599166530148629,0.004336654885253999,0.012620456857221327
90,3,1-7,adjust,-0.4244516593469837,0.008200777991543123,0.012284931143733475
90,4,1-7,adjust,-0.8490045220940503,0.007464970645510109,0.007952046236410337
90,5,1-7,adjust,-0.7657190869121103,-0.0013673277453908333,0.005567480205603587
90,6,1-7,adjust,-0.33517807181631976,0.0037118340481597885,0.004881090754155123
90,9,1-8,adjust,-0.8855605978691823,-0.02318594008645602,0.01608539701220812
91,2,1-4,adjust,-0.05324063696422965,0.013125100472009576,0.008497306872908374
91,3,1-4,adjust,-0.3781567802342749,0.007648896245062719,0.007597924765698004
91,6,1-5,adjust,-0.6785944505478435,0.006076411545211554,0.009611556014847648
91,7,1-5,adjust,-0.24499951541448353,-0.0077898363388503545,0.00877080700774395
91,8,1-5,adjust,-0.22997550796994684,-0.007997573417475456,0.012669401994631567
91,9,1-5,adjust,0.2863660638515803,0.00844665045377766,0.012851306659612491
92,2,1-7,adjust,0.4949613214784304,-0.019610183305868067,0.017792057544004987
92,3,1-7,adjust,0.7895896312117262,-0.019203435019316088,0.005047704254210517
92,4,1-7,adjust,0.8229492097887852,-0.004716723379685292,0.014631738205528657
92,5,1-7,adjust,0.4818776984348061,-0.002561834329134082,0.0068696628833714145
92,6,1-7,adjust,1.4051849690952347,0.00409066121820054,0.005455855240403598
92,9,1-8,adjust,-0.42074545680080017,-0.008315286749998924,0.011534375660533197
93,2,1-4,adjust,-0.2399402594381972,0.0062394762040543636,0.001527938230954335
93,3,1-4,adjust,-0.3504474323888994,0.00836200208537545,0.0036985337288236142
93,6,1-5,adjust,-0.855628610242759,-0.009738697366934368,0.009621072634064521
93,7,1-5,adjust,-0.32301583968297537,-0.0038367029037672694,0.009926682604124172
93,8,1-5,adjust,0.43137878085439213,0.011278885842450414,0.005169832598490142
93,9,1-5,adjust,0.5570027675021533,0.01145324934212427,0.004650213593968376
94,2,1-7,adjust,0.36498860774083286,-0.01243409668759347,0.0033514353249056083
94,3,1-7,adjust,0.9920193876622211,-0.011417639113042815,0.0021530462451808323
94,4,1-7,adjust,0.1584439683125587,0.00907392655017567,0.007493752468018399
94,5,1-7,adjust,0.4716504625923296,0.010577213665732521,0.0002785540728019453
94,6,1-7,adjust,0.13174717213296708,0.0040960243008982215,0.004929952272252519
94,9,1-8,adjust,-0.28781335877817776,0.0030607813009987544,0.004358238305264577
95,2,1-4,adjust,-0.50213434568157,0.02116123169278441,0.003034520068421105
95,3,1-4,adjust,-0.7911160601578658,0.019307702498372926,0.0011168688930088108
95,6,1-5,adjust,0.3241375207385534,0.0016342252833914956,0.008485218888194913
95,7,1-5,adjust,0.7827891541965187,0.008205543593541049,0.012419185038935968
95,8,1-5,adjust,0.6942444912717448,-0.003722279975812864,0.0050086390120825785
95,9,1-5,adjust,0.7623233403635313,0.017060479124881185,0.005948815670491189
96,2,1-7,adjust,0.19193751242070756,-0.0014589153208773922,0.004069084348055024
96,3,1-7,adjust,0.46785141938797675,-0.011229368264481714,0.0007739361159215927
96,4,1-7,adjust,-0.07646639286240718,-0.004371636883936639,0.0028045951436149125
96,5,1-7,adjust,-0.21946026647230493,-0.004443048757940048,0.00837275571637157
96,6,1-7,adjust,0.21091699210445544,-0.0019483019928803532,0.004275347254960672
96,9,1-8,adjust,-0.43246912507388574,-0.018996075241649348,0.0008558570081418164
97,2,1-4,adjust,-0.021819070898029414,-0.011180672145251338,0.013978753780993435
97,3,1-4,adjust,-0.5253717285259045,0.004910980874994276,0.0024682468766956
97,6,1-5,adjust,-0.16923685310889722,1.6414687454169507e-05,0.008322872034627357
97,7,1-5,adjust,-0.13641087366597665,-0.009842815158417308,0.010523579391425276
97,8,1-5,adjust,-0.10064010101960048,-0.004449920527100774,0.004079023184117856
97,9,1-5,adjust,-0.22828924359998606,0.00223490273000695,0.0058324381845513504
98,2,1-7,adjust,0.3480605419191087,-0.003517383718434281,0.0015145035932926274
98,3,1-7,adjust,1.2044296622476838,-0.014343183090577583,0.00014483357954218676
98,4,1-7,adjust,0.6980928270212831,-0.003954334047289794,0.004218171600190255
98,5,1-7,adjust,0.7144359623917942,-0.004979300088354073,0.004713493599901894
98,6,1-7,adjust,0.5537360030031961,-0.0010739551237621684,0.002231119458808948
98,9,1-8,adjust,0.2444716976065229,-0.00528312332921667,0.005021379675475319
99,2,1-4,adjust,-0.4299331718595519,0.0046585289856568065,0.004067770666223267
99,3,1-4,adjust,-1.0320804108301784,0.00028819644470461255,0.005695433318184309
99,6,1-5,adjust,-0.14560904288672116,0.003050846856856429,0.0033841495508047507
99,7,1-5,adjust,0.286853769812676,0.004890335797255327,0.009265308061505237
99,8,1-5,adjust,-0.48407786745640297,0.002059383460778531,0.007204502937967097
99,9,1-5,adjust,-0.07203930927608684,0.00010210356521801685,0.003039259003336183
100,2,1-7,adjust,-0.06670584006724117,-0.0027190658486002297,0.0012380279554895083
100,3,1-7,adjust,-0.12874320238182665,0.011220057093454678,0.010375729602569512
100,4,1-7,adjust,-0.5813282849940182,0.001107751871813607,0.007490562558414391
100,5,1-7,adjust,-0.07666839080190357,0.00917709462495981,0.0004966297114122922
100,6,1-7,adjust,-0.09793690142381363,-0.002643571482627903,0.0015879063377390364
100,9,1-8,adjust,-0.28786163273607734,-0.0014648176668631179,0.008386741791502806
101,2,1-4,adjust,-0.009133740272706648,0.005944847895416541,0.011792261144086177
101,3,1-4,adjust,0.1708183005368612,-0.0034004547650373805,6.563373385660263e-05
101,6,1-5,adjust,0.24065417837991612,-0.0015282696680929907,0.0028417432405638664
101,7,1-5,adjust,0.03148011036502873,-0.00023850656148658445,0.0037761762860646524
101,8,1-5,adjust,0.9443464216123832,-0.004412741407696884,0.00489459729540171
101,9,1-5,adjust,0.5393945861012786,0.005463521060656784,0.004204500615931213
102,2,1-7,adjust,0.30672948808450035,-0.0125067877763626,0.0001720970874233549
102,3,1-7,adjust,0.15262410042763663,0.002323365797829566,0.005010701918417484
102,4,1-7,adjust,0.19094140682399374,-0.003179112555892796,0.008871307478757726
102,5,1-7,adjust,0.5100989581989028,-0.0011301190041190007,0.019103448786997053
102,6,1-7,adjust,-0.03625725285218272,-0.00011483751468493012,0.008764069140424406
102,9,1-8,adjust,-0.06339125368153081,0.006244419638227411,0.006238429470876576
103,2,1-4,adjust,-0.14973722456603222,0.011079322536899305,0.009780102867797659
103,3,1-4,adjust,0.09415503053985202,0.007038018583391117,0.00027744373997000936
103,6,1-5,adjust,0.6111585037301117,0.007631824133233117,0.012516407717610912
103,7,1-5,adjust,0.37758727320986896,0.006532388484491978,0.0034220037048169082
103,8,1-5,adjust,0.12851554743085541,0.012265667441260095,0.006938355655892457
103,9,1-5,adjust,0.15210647959336682,0.001325934307082677,0.0008467429001402154
104,2,1-7,adjust,0.008934659188073533,0.0046036357410833015,0.0009933335514996971
104,3,1-7,adjust,-0.8216906488865051,-0.003087043260669532,0.0014022795226955262
104,4,1-7,adjust,-0.19921098322366257,-0.0006371962882014601,0.0020815223045340886
104,5,1-7,adjust,-0.733992261414653,-0.00541878391507832,3.331733000461819e-05
104,6,1-7,adjust,-0.3155898837444382,-0.0003828693894073457,0.005113329631915454
104,9,1-8,adjust,0.10341448527056785,0.006403759384806109,0.0097101962775478
105,2,1-4,adjust,-0.00017454660717393245,-0.0037801799990254043,0.005831941275821494
105,3,1-4,adjust,0.5046623072690172,-0.0014411626403974343,0.003669311379761537
105,6,1-5,adjust,-0.5866093391772977,-0.010264024574450565,0.00492515089844339
105,7,1-5,adjust,-0.7054239751918664,-0.006078921133260395,0.0012828289967693654
105,8,1-5,adjust,-0.5595894854013169,-0.002038714643543962,0.003675538586915427
105,9,1-5,adjust,-0.32582310858493535,-0.007953614303311629,0.0036366559332847233
106,2,1-7,adjust,0.36589784806516373,-0.009860741235386942,0.012631071406709719
106,3,1-7,adjust,-0.1295815065663755,0.005777869979752024,0.004089014555044946
106,4,1-7,adjust,0.414646607911865,0.0038314199745086205,0.005489874538959224
106,5,1-7,adjust,-0.021501551878359417,0.004610501432484243,0.0015448636971892914
106,6,1-7,adjust,-0.08368735250888248,0.006681418875835058,0.0012733487953574948
106,9,1-8,adjust,-0.0900350525909077,-0.008406703598854074,0.0029768550172186536
107,2,1-4,adjust,-0.4185346259087687,0.0019608815055668586,0.009265915823406188
107,3,1-4,adjust,0.4336933862342164,-0.011380722082461865,0.013709947180685531
107,6,1-5,adjust,-0.04171975724296879,-0.002727310779897194,0.00980381131976654
107,7,1-5,adjust,1.1151098427235897,0.003728085268947214,0.002098242177709747
107,8,1-5,adjust,0.5368724621907656,0.004772682294984871,0.005868320123886897
107,9,1-5,adjust,0.0039050694993687154,-0.003025514769698813,0.00376974464538633
108,2,1-7,adjust,-0.016781261280943028,0.013335480701725943,0.004915274485060091
108,3,1-7,adjust,-0.4190103795043962,0.017860102523675335,6.0343841855718235e-05
108,4,1-7,adjust,-0.16608084333200096,-0.0008024580883061719,0.011347298947368346
108,5,1-7,adjust,0.7291165783839029,-0.0028176778376647945,0.006367796624051538
108,6,1-7,adjust,0.6772646809624784,-0.003989136601351893,0.004248036662124337
108,9,1-8,adjust,0.49503520485109787,0.017606457211857572,0.002106232936801451
109,2,1-4,adjust,-0.014174264883648018,-0.0034263716746096807,0.0072964426018099935
109,3,1-4,adjust,0.07448376205620696,-0.017943173987490714,0.0034955933854525913
109,6,1-5,adjust,0.07114843831570403,0.0025023901875910032,0.0034045200863645946
109,7,1-5,adjust,-0.7882234830221999,0.008535339531749567,0.0019221792640743798
109,8,1-5,adjust,-0.40206076562521825,-0.006095171600607832,0.0006574799844907708
109,9,1-5,adjust,-0.3181491953023268,-0.01313156175137704,0.0015506907149147391
110,2,1-7,adjust,-0.395581577659074,0.0070490721531928195,0.008027414170556761
110,3,1-7,adjust,-0.7012461688487027,0.010446754344496047,0.007284912224914229
110,4,1-7,adjust,-1.66205245010807,0.009503302638405087,0.009633987748651882
110,5,1-7,adjust,-1.41280545379196,0.0009627496658319503,0.005092401658618467
110,6,1-7,adjust,-1.0690307403148396,-0.0028476026855908513,0.008255993114508272
110,9,1-8,adjust,-0.06371578535652928,-0.0017957679197807721,0.010890796207460732
111,2,1-4,adjust,-0.10502338118498974,0.013900409904050878,0.013307571341987153
111,3,1-4,adjust,-0.514508162285311,0.013072996908479215,0.015031199558675715
111,6,1-5,adjust,-0.2524528960779831,-0.0021465197748920225,0.003896461148249299
111,7,1-5,adjust,-0.4802776934388026,-0.014000057766164326,0.011642018923689143
111,8,1-5,adjust,-0.34086535683886254,-0.0004912458531079332,0.007363653401652459
111,9,1-5,adjust,0.07011280759999618,0.0076330212485007575,0.015477704229894964
112,2,1-7,adjust,0.6731459789619435,-0.026115258939499154,0.0025494177443836008
112,3,1-7,adjust,1.3559225962710293,-0.020047661802621256,0.0008612348674942144
112,4,1-7,adjust,1.459929707120741,-0.005453965727252886,0.005579551459516336
112,5,1-7,adjust,0.6686418202538692,-2.603760049336756e-05,0.005571851406846751
112,6,1-7,adjust,0.505723480292662,0.006590307309389567,0.002461335844143247
112,9,1-8,adjust,-0.25670675665923814,0.0019244628202861134,0.003256914731599576
113,2,1-4,adjust,-0.4063708202755673,0.008637898614862468,0.004540893511446278
113,3,1-4,adjust,-0.1906460735904468,-0.005228694105121698,0.009888571634400423
113,6,1-5,adjust,0.1838547158519449,0.0031501508254530176,0.005286354404826557
113,7,1-5,adjust,0.2949345400874296,0.0007764439614372768,0.008720436738437375
113,8,1-5,adjust,0.05047979278643495,-0.012208419750194566,0.007297010077860489
113,9,1-5,adjust,0.06318242333359379,-0.0065254199968800145,0.005390176951717004
114,2,1-7,adjust,0.574733940635649,-0.010387337339425344,0.01149498007470013
114,3,1-7,adjust,1.27414496701611,0.000138889046012344,0.005716099504765785
114,4,1-7,adjust,0.8171972429145202,-0.002656937768152803,0.009656834812987784
114,5,1-7,adjust,0.8576273456488313,0.005299946859551151,0.010020262194134134
114,6,1-7,adjust,0.0753674181396442,-0.001089307310364795,0.014739422747382313
114,9,1-8,adjust,-0.25408237883737134,-0.013660788560267747,0.014027028454119647
115,2,1-4,adjust,-0.11458188493074506,0.004633801476987675,0.007692947480072546
115,3,1-4,adjust,-0.4509877238341739,0.0027136195223977405,0.01096284513896059
115,6,1-5,adjust,0.9240634443655809,-0.002342277746318969,0.0048703289807657535
115,7,1-5,adjust,0.64063827679977,0.0029485237018565535,0.0008931113534465439
115,8,1-5,adjust,0.1655844136594518,0.008112512952606217,0.003232700063428877
115,9,1-5,adjust,0.50172243231022,0.032811634197143044,0.0049867048724217935
116,2,1-7,adjust,-0.1712960163385433,0.002350745358401764,0.0072018743145589
116,3,1-7,adjust,-0.22127189577748213,-0.0071689126373809245,0.004430361334449867
116,4,1-7,adjust,-0.5289802374439986,-0.0028109124159145693,0.0006620474262800049
116,5,1-7,adjust,-0.13689513045957982,0.0007535845024528784,0.004178598150038696
116,6,1-7,adjust,-0.34855446682707186,0.001396075353928541,0.003956909545525096
116,9,1-8,adjust,-0.2528620843376779,-0.016660212573949732,0.007449672211303037
117,2,1-4,adjust,-0.032313266627648655,-0.0034782805415555494,0.005835389216955682
117,3,1-4,adjust,0.07461313133165338,0.017576816596292892,0.003592338722624838
117,6,1-5,adjust,0.013189769296777138,0.006706610166846684,0.0009696982627263302
117,7,1-5,adjust,0.44088723302258975,0.007759423685645386,0.004281977146052538
117,8,1-5,adjust,0.6914239565671025,0.007448503263411271,0.00671114694091298
117,9,1-5,adjust,0.21111302358739806,0.0038511869284569185,0.001025551147615809
118,2,1-7,adjust,-0.17143135712221352,0.00352391021896431,0.0024406304662088108
118,3,1-7,adjust,-1.0636633262937683,0.00476607467313333,0.0055612905217163515
118,4,1-7,adjust,-0.46300476019543557,0.003914061594690759,0.0044497623959345615
118,5,1-7,adjust,-0.5426146636674292,-0.0015897874580664917,0.00214412200565293
118,6,1-7,adjust,-0.1268880754030244,-0.009206668540366263,0.0011744294302961685
118,9,1-8,adjust,0.3849345967757647,0.0033374890341857743,0.0021981040784315262
119,2,1-4,adjust,-0.033744230375215616,0.005273742880198757,0.0004205429678174672
119,3,1-4,adjust,0.3721511098327796,-0.008177951915369408,0.001622154432760093
119,6,1-5,adjust,-0.43182945758146607,-0.0003455407079817577,0.00023336747802677084
119,7,1-5,adjust,-0.38049468929893693,-0.00935995646457067,0.000569216007119454
119,8,1-5,adjust,-0.3095168475074114,0.008072081139677527,0.0025608558388265693
119,9,1-5,adjust,-0.42563706345296953,-0.0038896363019709766,0.004422356882766866
120,2,1-7,adjust,0.49576537739269405,-0.005765272547054811,0.010502625250301646
120,3,1-7,adjust,1.0485813872499923,-0.007137123243721028,0.013323929402842176
120,4,1-7,adjust,0.5047700143290141,-0.0012375102845633439,0.011643362920906779
120,5,1-7,adjust,0.6137366587937984,-0.003992743099553312,0.005792636234116783
120,6,1-7,adjust,0.5915128112132695,0.0012004782965142997,0.005853586660630328
120,9,1-8,adjust,0.32724577818462897,0.010873947317439596,0.014189865678862676
121,2,1-4,adjust,-0.11586662598382998,0.0002858308875525278,0.005577478469415857
121,3,1-4,adjust,-0.3770086772970808,0.00117560375674993,0.0022026250759578214
121,6,1-5,adjust,0.16227024866119966,0.0017222250153071006,0.00037291083557636277
121,7,1-5,adjust,-0.24857428155423483,0.0064629586594658495,0.006930990768937775
121,8,1-5,adjust,0.1526209384081955,-0.007614109208856169,0.0019835718303199473
121,9,1-5,adjust,-0.3347258310572085,-0.012936344026703583,0.005033760779087102
122,2,1-7,adjust,-0.29307998643611316,0.0070539980884264915,0.0055537525271872
122,3,1-7,adjust,-0.5662254749701483,0.008259194924546888,0.0018169595369053233
122,4,1-7,adjust,-0.9629069803782607,0.0011417561331439241,0.00021607788937235572
122,5,1-7,adjust,0.35946431281313035,0.004950835053589389,0.0004040993623157408
122,6,1-7,adjust,-0.5944576011020762,0.0018949408845648193,0.011181599005368859
122,9,1-8,adjust,0.3338042994067019,0.002619834047872322,0.005878520093309566
123,2,1-4,adjust,-0.16432961949110458,-0.004663443013933694,0.009706817662854365
123,3,1-4,adjust,-0.4550016449320083,0.004662883090384141,0.01731469291751515
123,6,1-5,adjust,0.9809766584070723,0.0024296411706463163,0.010374666079157348
123,7,1-5,adjust,0.7446352112233405,0.0011980212895673211,0.006612007343159595
123,8,1-5,adjust,-0.0061615871643315185,0.009415724143789867,0.006795259884988752
123,9,1-5,adjust,0.14037123615565186,0.00791857934627168,0.005615047779191664
124,2,1-7,adjust,0.02456843553364434,0.001460652885161538,0.010604643488889145
124,3,1-7,adjust,0.7718341575227099,-0.010893989927267995,0.007839023058521804
124,4,1-7,adjust,0.8197445066264267,-0.010659277222624115,0.01735592266794085
124,5,1-7,adjust,-0.3534316552478296,-0.005929666472949287,0.01201894582350449
124,6,1-7,adjust,-0.3961807441875706,-0.0057463468152913685,0.017944322014460654
124,9,1-8,adjust,-0.019474072844757474,-0.0024257643936478794,0.0076167514375742595
125,2,1-4,adjust,0.49212049886584525,-0.014445198459296435,0.007255904137697027
125,3,1-4,adjust,0.34385463375011166,-0.004768578067967366,0.0012275056776222964
125,6,1-5,adjust,0.06947109000660037,-0.00863813007981709,0.00956574348406426
125,7,1-5,adjust,-0.34834611204739846,-0.0056786177428893555,0.002290269194808745
125,8,1-5,adjust,0.08345093510624721,-0.020156861997159332,0.006909919174593663
125,9,1-5,adjust,-0.3311936951768353,-0.006594265140170533,0.008106793095180299
126,2,1-7,adjust,-0.14521124012295364,0.007758052927574078,0.004333094503788405
126,3,1-7,adjust,-0.36136315498337324,0.008002940398991607,0.0007035660225159559
126,4,1-7,adjust,-0.28645368514386826,0.005893370253620409,0.007693051703772732
126,5,1-7,adjust,0.4713811501587579,0.0033114088885288196,0.0033965547941896984
126,6,1-7,adjust,0.028478416267624,0.009988972000011634,0.011912619683593135
126,9,1-8,adjust,-0.04653427535628821,-0.001607134429045474,0.003008477877721633
127,2,1-4,adjust,-0.3410953941987476,-0.00055253638970183,0.0033739660843878473
127,3,1-4,adjust,-0.2877666584972304,0.005459082721162797,0.006178334867784604
127,6,1-5,adjust,0.09010967324399902,0.007984912334971448,0.014354826993071551
127,7,1-5,adjust,0.4053934032090702,0.0038740916528837944,0.00820728251493689
127,8,1-5,adjust,0.3705660593999972,0.008175324595642403,0.010988389803904987
127,9,1-5,adjust,-0.005985082788383679,0.002538614681795304,0.0004610393403477148
128,2,1-7,adjust,-0.1754876398423073,0.009200180113510776,3.9970150427087756e-05
128,3,1-7,adjust,-1.0413774406573832,0.005494827802236157,0.0011465266110463885
128,4,1-7,adjust,0.047681942034839865,-0.00920775759664799,0.0005716637198900507
128,5,1-7,adjust,-0.5690901718863713,-0.0070221238607154415,0.0021995423102351857
128,6,1-7,adjust,0.4242194049690671,-0.010280755349982455,0.005050553922112466
128,9,1-8,adjust,0.44130211724788826,0.014353737533413876,0.004780416436508907
129,2,1-4,adjust,0.7153138855720518,-0.01318312671906989,0.00011927673202924077
129,3,1-4,adjust,1.2709542736834218,-0.023387767598425615,0.0018700825549199664
129,6,1-5,adjust,-1.1178577103898506,-0.00024330967636813247,0.011171784873659558
129,7,1-5,adjust,-0.534903010146777,-0.0015815258065331112,0.008517457366910171
129,8,1-5,adjust,-0.8058214055759128,-0.0017649350196656658,0.005509085279307672
129,9,1-5,adjust,-0.270839934591884,-0.014382742097568093,0.0027856620226175822
130,2,1-7,adjust,-0.13023382395730704,0.0022355355141256946,0.002926977889115879
130,3,1-7,adjust,0.03636312292384882,0.016121273021459003,0.008581958096378265
130,4,1-7,adjust,-0.13624442010538199,0.018978186706953244,0.0037593065526028233
130,5,1-7,adjust,-0.822044656842928,-0.0006015464288390182,0.002194967314942196
130,6,1-7,adjust,0.24464091314214484,0.005249770606424655,0.002782167326433951
130,9,1-8,adjust,-0.21736934460738216,-0.00530136437344004,0.0012618138511186212
131,2,1-4,adjust,-0.42436371598830813,-0.0015251199051612165,0.005061394131423667
131,3,1-4,adjust,-0.4703314441294584,-0.004648879309714213,0.005630721050144527
131,6,1-5,adjust,-0.658756402712526,-0.008541464111868706,0.01378200085612418
131,7,1-5,adjust,-0.6845220773172427,-0.009012222045439649,0.012784751383975633
131,8,1-5,adjust,-0.09997824734926633,-0.003329849483632992,0.014968943008504853
131,9,1-5,adjust,-0.018583168333097942,0.0011564144186752153,0.012580450430387488
132,2,1-7,adjust,0.6070068702189323,-0.006715594814198481,0.003918803170531532
132,3,1-7,adjust,0.5165364013699645,-0.014332781611669138,0.003275738126361444
132,4,1-7,adjust,0.8490839894513321,-0.004843274962369404,0.0037530912004895053
132,5,1-7,adjust,0.7597442083243794,-0.001970848634710489,0.0034879602546026172
132,6,1-7,adjust,0.6412815398587355,0.01568455822080445,0.0059862774663207025
132,9,1-8,adjust,-0.3009475457405918,-0.0029826796696464713,0.004093955650360569
133,2,1-4,adjust,-0.21061685455992515,0.010613322852974399,0.0043248468043081585
133,3,1-4,adjust,0.21135968314504067,0.0065913977131207,9.180895317214115e-05
133,6,1-5,adjust,-0.452182668272548,-0.009322543571823057,0.008256538287928676
133,7,1-5,adjust,-0.23545458598001595,0.008444956560663231,0.010540777146123023
133,8,1-5,adjust,-0.49055689452324147,0.0023367489109835933,0.0073568091147390765
133,9,1-5,adjust,0.2010205577087528,0.0030853642619248444,0.0043491590753070315
134,2,1-7,adjust,-0.13790786915384273,0.007558931622335516,0.005421912629822118
134,3,1-7,adjust,-0.8797229616644994,0.0037991271587659936,0.004052629299737531
134,4,1-7,adjust,-0.9356025813442264,0.004284353269449593,0.007590842430778602
134,5,1-7,adjust,-0.28693561155894953,0.014346189240234437,0.0019424593806925334
134,6,1-7,adjust,-0.5715832475522,-0.003323758852187105,0.005968146134847304
134,9,1-8,adjust,-0.1964535601549766,-0.0013989459605815132,0.009888380132943093
135,2,1-4,adjust,-0.13407650979089283,0.0010502462210735478,0.002201033479971771
135,3,1-4,adjust,0.0564417548197342,0.010742202750931927,0.003200447627607073
135,6,1-5,adjust,0.6397947303218262,0.0003249271478339191,0.005808970606565271
135,7,1-5,adjust,0.8652464232852469,0.0032152794897156362,0.002914005270352868
135,8,1-5,adjust,0.5446608454906966,0.002132804037456495,0.0024570591325928756
135,9,1-5,adjust,0.7178185638662558,0.017641647883679865,0.007255406766054286
136,2,1-7,adjust,-0.024158421364076803,-0.0036337855324369106,0.0073826386450501534
136,3,1-7,adjust,-0.6962629044499615,0.00045805956730079095,0.004917868409965841
136,4,1-7,adjust,-0.4720756049318733,-0.0007991077793953427,0.0010562453048180917
136,5,1-7,adjust,-0.12395209315581299,-0.004277939221730676,0.0077857402953961955
136,6,1-7,adjust,-0.13722428895462224,-0.003803390275323522,0.001953808585277621
136,9,1-8,adjust,-0.4807000190074556,-0.016323269579420884,0.007463547169036822
137,2,1-4,adjust,-0.17331619910079998,0.005148484685990298,0.009853913848426819
137,3,1-4,adjust,0.37739224955042144,-0.001496342417431705,0.009464375797881666
137,6,1-5,adjust,0.20686719546052734,0.0005030076004844645,0.0077055076738367125
137,7,1-5,adjust,0.02634971006460254,-0.0011468738369813027,0.0022603005318966815
137,8,1-5,adjust,0.39891225002411224,0.008659829703395452,0.0034126773452294707
137,9,1-5,adjust,0.07060445257685352,-0.0021170524398916664,0.00588093580323543
138,2,1-7,adjust,0.16697948298375065,-0.0006075975173169785,0.007287461785820591
138,3,1-7,adjust,0.8916835867104621,-0.0007729836250906417,0.006403199095894613
138,4,1-7,adjust,0.9711290988612834,-0.010694844049136114,0.012846537537229787
138,5,1-7,adjust,-0.08388289212098303,-0.008371421962146589,0.008511941395473345
138,6,1-7,adjust,0.211954424516431,0.009936125016435919,0.0020906119159892636
138,9,1-8,adjust,0.2635952785705108,0.012544139655900788,0.004505350523478082
139,2,1-4,adjust,0.42964291912303326,-0.01697360831250744,0.005398080264125558
139,3,1-4,adjust,0.07167102525989119,-0.00879386194962087,0.008175753952619155
139,6,1-5,adjust,-0.5949723284884477,-0.008718754056972991,0.00664646201466422
139,7,1-5,adjust,-0.2116285025911538,-0.013054532288974881,0.006577255086141497
139,8,1-5,adjust,-0.4160924160073645,-0.012647520982688872,0.004015144569347406
139,9,1-5,adjust,-0.40774195569483573,-0.01694115202770978,0.0004223972285188406
140,2,1-7,adjust,0.01975614870779256,0.002401359093866069,0.00545985015244993
140,3,1-7,adjust,0.8147166345133696,-0.005448284113804418,0.010882870582298329
140,4,1-7,adjust,1.70461213183727,-0.002015316062474587,0.004385756231287107
140,5,1-7,adjust,1.5874371162426735,0.002327060736215263,0.0022449288401925043
140,6,1-7,adjust,0.8055088995062101,-0.0067501377970115625,0.0014682559097950274
140,9,1-8,adjust,0.09126852636413704,0.007756574762026548,0.005151989163168329
141,2,1-4,adjust,0.5040238429129159,-0.01614201654939687,0.010162417669170623
141,3,1-4,adjust,0.5222483797706049,-0.012616344273228264,0.019313478144175694
141,6,1-5,adjust,0.9670583421942245,0.009243660072195584,0.0005099848161611523
141,7,1-5,adjust,0.7492866178671451,0.007743738017689056,0.007195663314515886
141,8,1-5,adjust,0.7265915259790493,-0.00016441345053954187,0.009523045254011354
141,9,1-5,adjust,0.03918899958284752,0.004875140036014567,0.00679584647440672
142,2,1-7,adjust,-0.5379750069237238,0.017640075207780034,0.0006373832404222969
142,3,1-7,adjust,-1.191625198499991,0.01385237910485257,0.003087209799505775
142,4,1-7,adjust,-1.956274923900857,0.0007711173210401286,0.0078006939577709685
142,5,1-7,adjust,0.10095269292299337,0.013070365449336725,0.005818960486094854
142,6,1-7,adjust,-0.5977400601240649,-0.003291600948201251,0.005770992156924979
142,9,1-8,adjust,0.34189771447746725,0.00014918523472016583,0.004802170679470719
143,2,1-4,adjust,-0.05393242478041014,0.008374578007549727,0.0011399485161869062
143,3,1-4,adjust,-0.38156511335571003,0.004031621928644906,0.005170211960510454
143,6,1-5,adjust,0.7890448317601078,0.00444319864070418,0.028780558200056594
143,7,1-5,adjust,0.8691950734029015,-0.0002851111804978272,0.021843572569082925
143,8,1-5,adjust,0.19452925041112964,0.015745645148783502,0.01765974422668035
143,9,1-5,adjust,0.16480572862585186,0.008998507570171892,0.017781062509510063
144,2,1-7,adjust,-0.25847102862640753,0.001514742813010604,0.011127939178808855
144,3,1-7,adjust,0.1112676420974972,0.002851627801022127,0.013669986116615128
144,4,1-7,adjust,0.8649908416324116,-0.0014923058382751795,0.014707265140631073
144,5,1-7,adjust,0.7322852751488066,-0.007249201903644734,0.018107798744133537
144,6,1-7,adjust,0.48374663401474827,0.0027413405034381333,0.01663886278224512
144,9,1-8,adjust,0.04686586017518006,-0.0019551388934785216,0.006960664744350968
145,2,1-4,adjust,0.42436904279583104,-0.013927114400005573,0.0018812878481608137
145,3,1-4,adjust,0.41747428989287505,-0.006202493914949484,0.005675990651952478
145,6,1-5,adjust,0.4062292112911641,-0.006267575150813589,0.018377877652531873
145,7,1-5,adjust,0.1474555791872488,0.01808511360955056,0.025249369603456317
145,8,1-5,adjust,0.3491932803506088,-0.006458399438489549,0.01756087537484197
145,9,1-5,adjust,-0.38987302783841915,-0.013167878000628085,0.00851663280652103
146,2,1-7,adjust,-1.0559975659385152,0.03268397014742943,0.0070852899069438835
146,3,1-7,adjust,-1.2740215720251125,0.015063932950776258,0.007244018287417721
146,4,1-7,adjust,-1.6256097694344795,0.009580054834581235,0.0015726847478553358
146,5,1-7,adjust,-1.6287275478422396,0.00400347724395429,0.0035994164253224862
146,6,1-7,adjust,-0.9638906072042017,0.013015771618755709,0.0019665567628771577
146,9,1-8,adjust,0.4896336533446582,0.024068276120828628,0.015073310227111565
147,2,1-4,adjust,0.11001885773036574,-0.013938714085403491,0.014304079033366578
147,3,1-4,adjust,-0.043733277163786784,-0.009429713286127173,0.010454996229666908
147,6,1-5,adjust,-0.7859101889467249,-0.005516998636914687,0.014848247701114214
147,7,1-5,adjust,-0.9224443174580018,-0.003313247511643958,0.004084987294257281
147,8,1-5,adjust,-0.45830872158876634,0.0012442626157739762,0.01062121111037352
147,9,1-5,adjust,-0.40409512113968493,-0.01040380276957218,0.0036753510595554234
148,2,1-7,adjust,0.5934620397008488,-0.004192296498444158,0.0014061587897473368
148,3,1-7,adjust,0.4070592340554648,0.008927256116858517,8.275417377926591e-05
148,4,1-7,adjust,0.23548310386253507,0.004894347100045665,0.0027271458690729024
148,5,1-7,adjust,-1.1764153472722632,-0.011229294027927626,0.0006218904104342144
148,6,1-7,adjust,0.017147531237056923,-0.005019275483395078,0.0020481180624440007
148,9,1-8,adjust,0.3353465685544375,0.00027268455121492,0.002671372891476867
149,2,1-4,adjust,-0.3538905812531244,0.006170592802950176,0.01135909044235537
149,3,1-4,adjust,-0.3830485723286984,-0.0020977474273815217,0.010680097625153553
149,6,1-5,adjust,-1.5223722311232364,0.006539871840667364,0.015860009058856223
149,7,1-5,adjust,-1.630838721518665,-0.011303941389001607,0.013262773685899077
149,8,1-5,adjust,-1.2011976951426349,-0.017574133612123753,0.01571971074352733
149,9,1-5,adjust,-0.6769439037756922,-0.011416167609213374,0.010300524491209856
150,2,1-7,adjust,0.4211918101121169,-0.016774118032071975,0.013567027772967108
150,3,1-7,adjust,0.6240343625501321,-0.010320380129069034,0.011456034296866362
150,4,1-7,adjust,0.5407842701046136,-0.0034782074001769464,0.01578259941653204
150,5,1-7,adjust,0.5581288637275488,0.011972626119732988,0.015591924483702113
150,6,1-7,adjust,0.024367873886886517,-0.005460589696953061,0.013272757292196045
150,9,1-8,adjust,-0.2537207909270716,-0.016116756725431357,0.01038547747022865
151,2,1-4,adjust,-0.13213785140913417,0.014404132540935666,0.00943544106368907
151,3,1-4,adjust,0.5038648794445514,0.008804718563231617,0.007097981119134402
151,6,1-5,adjust,1.026581751107281,0.0008837714657014651,0.0023804332664092613
151,7,1-5,adjust,1.3641090574231076,-0.004697896745289975,0.007344046383855288
151,8,1-5,adjust,0.8967904758589184,0.016689088904826913,0.004893726219232644
151,9,1-5,adjust,0.7621696524509024,0.025522237460607333,0.005269864547437209
152,2,1-7,adjust,0.4923684879597773,-0.02134888750620927,0.00949276525723418
152,3,1-7,adjust,0.4071351621594798,-0.005795988821026495,0.006319780619501925
152,4,1-7,adjust,0.2887704773085529,-0.006957642424803928,0.007730963019842259
152,5,1-7,adjust,0.6748149510534543,-0.0038993245464842806,0.005402340777498096
152,6,1-7,adjust,0.8335486450056266,0.008846465448935475,0.0062542762016179546
152,9,1-8,adjust,-0.09611005474811102,0.0005668027411430917,0.004001413711142035
153,2,1-4,adjust,-0.4351403432820677,0.0020274642350069545,0.005584642637427599
153,3,1-4,adjust,-0.6519134583617088,0.0035379578587816413,0.0018818669980432713
153,6,1-5,adjust,-0.2011532303489714,-0.006262263345904342,0.008621609388776232
153,7,1-5,adjust,-0.11000941430700896,0.010635324948206033,0.004963032399641489
153,8,1-5,adjust,0.7306006198007409,0.0007333809121062559,0.01129538817282939
153,9,1-5,adjust,0.10185027994163527,-0.0032129942423903025,0.012640147263874378
154,2,1-7,adjust,-0.10975480875451474,0.01632825864209734,0.00511415108343074
154,3,1-7,adjust,-0.24097254474205343,0.007885182610402759,0.001214694735258533
154,4,1-7,adjust,0.4209623502342268,0.0008597195556023299,0.0065284503875877005
154,5,1-7,adjust,-0.7001330157503677,-0.008211555934549038,0.007127065786831238
154,6,1-7,adjust,-0.5144396686658306,-0.002904610203423423,0.009475672879483941
154,9,1-8,adjust,0.10722734678874973,0.004138262740042617,0.011044990235998697
155,2,1-4,adjust,0.3115635892756383,-0.0118121876131198,0.00033851684444650596
155,3,1-4,adjust,0.721350186465112,-0.020861213409374982,0.011737775578784422
155,6,1-5,adjust,-0.4022738479031945,0.0005393908016674924,0.009316493156240252
155,7,1-5,adjust,-1.0199924896207353,-0.007846269276875886,0.003867263842323468
155,8,1-5,adjust,-1.2972708383106764,-0.010816042475491583,0.0005167527842934394
155,9,1-5,adjust,-0.5978554016198186,-0.01776659398147928,3.7632928205394526e-05
156,2,1-7,adjust,0.060864814492986266,0.005739068256667734,0.006544147351020846
156,3,1-7,adjust,-0.19175647285075356,0.005289411801869731,0.00010819628221178892
156,4,1-7,adjust,-0.37857394218496077,0.0020006032988169513,0.0020966412843957463
156,5,1-7,adjust,-0.570141281322505,0.007137198333314284,0.008056185609578824
156,6,1-7,adjust,-0.19443441481746374,0.006769891613303287,0.008567567809916408
156,9,1-8,adjust,0.011096568924892379,0.006404395517513951,0.0011919763175898951
157,2,1-4,adjust,-0.057056468963912615,0.0010871386760526879,0.0035290541316812802
157,3,1-4,adjust,-0.14302663253126344,0.0008993374028235049,0.009886198119815249
157,6,1-5,adjust,-0.25304974332251906,-0.008676200161087985,0.01585943575597177
157,7,1-5,adjust,0.053907514523492364,-0.0020578151450399438,0.002216444848508144
157,8,1-5,adjust,-0.028825399236128393,0.006714941757584328,0.0009360857688125049
157,9,1-5,adjust,-0.042995410508507324,0.0033614778384437327,0.0031040333866946385
158,2,1-7,adjust,0.04240747659619365,-0.00978735568893212,0.008399254688284258
158,3,1-7,adjust,-0.05208070163957815,0.002672806586256279,0.00020169315956374736
158,4,1-7,adjust,-0.8095332663092247,0.0006882616529705238,0.0006809093799988279
158,5,1-7,adjust,0.9068834479739655,-0.0021183395183551083,0.004787855978870438
158,6,1-7,adjust,0.09674010415230862,-0.005426338920452391,0.002125544269401971
158,9,1-8,adjust,0.2521316811206035,0.0012011285809977706,0.012625093920256346
159,2,1-4,adjust,-0.3659541586892841,0.01332851674126335,0.0074687065612380615
159,3,1-4,adjust,-0.5955755603671201,-0.0020161974121039985,0.003187546847557938
159,6,1-5,adjust,0.45358752285615966,0.015468013965562313,0.007124253811969273
159,7,1-5,adjust,0.5179251441881351,0.0027773185886740604,0.009994284595113322
159,8,1-5,adjust,0.01814255587449128,0.0010689394634280115,0.004038792829716729
159,9,1-5,adjust,-0.3480883090508338,-0.007438185605364861,0.004801621457392068
160,2,1-7,adjust,0.2087216993696031,-0.013515944662967145,0.007392678061449676
160,3,1-7,adjust,0.10618085017176664,0.004947118589130825,0.0028800521664704972
160,4,1-7,adjust,0.779906297060335,-0.0013213709687407225,0.003199087250376382
160,5,1-7,adjust,-0.4386514889463031,0.003255427707596952,0.0005995265186530974
160,6,1-7,adjust,0.1848211001473134,0.0004690604469334791,0.002974163730917438
160,9,1-8,adjust,0.23194880981404362,0.005642631591442056,0.0028031106515138114
161,2,1-4,adjust,-0.021751206582225843,0.005520680882466674,0.009747941207720693
161,3,1-4,adjust,0.4934621739465708,-0.009025500935472304,0.011764291841936626
161,6,1-5,adjust,-0.4412869175063205,-0.006363171995318185,0.0010856666008651054
161,7,1-5,adjust,-0.02542360287799295,-0.0007396841933516789,0.00027120309202221924
161,8,1-5,adjust,0.24874883258483554,-0.000661102205921941,0.00025767924407706707
161,9,1-5,adjust,0.06353325311446723,0.005040970022775564,0.006711638930998866
162,2,1-7,adjust,-0.1742399989928266,0.005762665344245966,0.006333357286998574
162,3,1-7,adjust,0.06754011050001042,0.009099104354794666,0.001886379050979107
162,4,1-7,adjust,-0.5568594116723946,-0.0022580906469444138,0.0020450077735540196
162,5,1-7,adjust,0.5563039775594246,0.00011878382656272051,0.005880514674760327
162,6,1-7,adjust,0.14480138668743162,-0.01220227192326749,0.007583721951276874
162,9,1-8,adjust,0.01686585548526779,0.000150875679859055,0.009650045981564258
163,2,1-4,adjust,0.1994172887818613,-0.005979641969866631,0.006991262778216
163,3,1-4,adjust,-0.4087920763336796,-0.0015738114797070712,0.003127700169233975
163,6,1-5,adjust,0.34266534872644105,0.014257152273187204,0.006790259096477744
163,7,1-5,adjust,0.8268304320949118,-0.0013953793647973679,0.004894091552122373
163,8,1-5,adjust,-0.3374801599195306,0.001629900874041651,0.005989100724451743
163,9,1-5,adjust,0.051157087847632884,-0.004839688956580555,0.004378626654903951
164,2,1-7,adjust,0.17113454137729503,-0.005321049605867493,0.009903395927091059
164,3,1-7,adjust,0.8060235915091638,-0.010977965316769683,0.002623911189803961
164,4,1-7,adjust,0.8649422668228155,0.004528903984596267,0.008220491608515916
164,5,1-7,adjust,0.47195206767741565,-0.0032054400666833172,0.010999195612991822
164,6,1-7,adjust,0.8572895807395708,-0.009367654262058404,0.0144378372682971
164,9,1-8,adjust,-0.25195421478976826,0.0033915508880598467,0.00557555369132498
165,2,1-4,adjust,-0.12019858465975518,0.010879232749626776,0.0038092151434619675
165,3,1-4,adjust,-0.22345488317813972,0.007760577987436886,0.00393069688735207
165,6,1-5,adjust,0.012418713835785857,-0.003233550188212432,0.0034748973264060257
165,7,1-5,adjust,-0.5204216935469543,0.00978477516141379,0.003210040048010118
165,8,1-5,adjust,0.7103081411075161,-0.0037265508174200673,0.0006184604119101596
165,9,1-5,adjust,0.3318702705308146,0.005740273663836468,0.0007953683953068357
166,2,1-7,adjust,-0.29129583054344027,0.00835583281090289,0.0034696970087507726
166,3,1-7,adjust,-0.9789481714867883,0.012431518746997675,0.001536190341297115
166,4,1-7,adjust,-1.030467780625348,0.0060762011382670565,0.006446792485700395
166,5,1-7,adjust,-1.7063106314621879,-0.00611462717283109,0.003383593937484386
166,6,1-7,adjust,-1.2409409336067376,0.007458233352863608,0.009040956274784826
166,9,1-8,adjust,0.2270749773755517,-0.0005779414779643856,0.002733477476619415
167,2,1-4,adjust,-0.3081588920242163,0.003921585374291753,0.005115818447581622
167,3,1-4,adjust,-0.013791803665114757,-0.00042060384717656737,0.005148340154282165
167,6,1-5,adjust,-0.5590572301644915,-0.0031251960445939915,0.006958629611815041
167,7,1-5,adjust,-1.2369207511502374,-0.01915499314869427,0.018259324340436707
167,8,1-5,adjust,-1.4898698970176896,-0.008675310698842482,0.01915248671082794
167,9,1-5,adjust,-0.5751265627119072,-0.014977745473473348,0.013971030063525418
168,2,1-7,adjust,0.9874588763471934,-0.01514687023245056,0.008440549948459818
168,3,1-7,adjust,1.0167992454224126,-0.01750761521017516,0.007302509141198339
168,4,1-7,adjust,1.442960223870657,-0.012670496523005727,0.0009339122048183351
168,5,1-7,adjust,1.1598835126250977,0.004812712030504464,0.004984309394234976
168,6,1-7,adjust,0.4060393837485496,0.0068191779744312,0.004040013814373949
168,9,1-8,adjust,-0.38760372192386383,-0.023811376919017076,0.0064478217472485
169,2,1-4,adjust,-0.09510695591871797,-0.01464135708516492,0.017594673968848507
169,3,1-4,adjust,0.37327360376006574,0.0011355036213221384,0.0132034589275036
169,6,1-5,adjust,0.6895651660726703,4.861983579278381e-05,0.001348874612120017
169,7,1-5,adjust,1.4484998917912042,0.014343160772466794,0.001472547350013063
169,8,1-5,adjust,0.932719906473352,0.008657567401706291,0.0034056633206895922
169,9,1-5,adjust,0.349870554246593,0.026985953292370662,0.007497026940847573
170,2,1-7,adjust,-0.5418109048718387,0.02481908465107244,0.00440169619861476
170,3,1-7,adjust,-1.0495089205953938,0.006576288470218537,0.0013135001200143442
170,4,1-7,adjust,-1.4093954105635744,0.008307797776526205,0.011564111400833205
170,5,1-7,adjust,-0.44909300840615235,-0.006032288425837912,0.0003016471645621293
170,6,1-7,adjust,-0.2569137463668018,-0.004137433011713322,0.0023215710735299067
170,9,1-8,adjust,0.04916635757261057,-0.0003472609715820849,0.008952709452750764
171,2,1-4,adjust,-0.21588415353115684,-0.001855038100666639,0.020715206748549844
171,3,1-4,adjust,-0.06657879138139902,0.0041241810192897905,0.013442029386062785
171,6,1-5,adjust,-0.6197022225403801,-0.000164148296779119,0.0029769765264807775
171,7,1-5,adjust,-0.8685731261029741,-0.009109178991883415,0.01092168100495777
171,8,1-5,adjust,-0.060283241566002434,0.0005820547808091027,0.006666077849493355
171,9,1-5,adjust,0.09386369781285617,-0.0049257154580190496,0.009420716291643254
172,2,1-7,adjust,0.5437695164477989,-0.022051703305899287,0.009874057606026882
172,3,1-7,adjust,0.14820645448602277,-0.007490523323068298,0.0008970576956513234
172,4,1-7,adjust,0.047900185242970815,-0.0021815131232515933,0.0010752483024428303
172,5,1-7,adjust,0.25697553957509117,0.004803751807693285,0.00293696879264354
172,6,1-7,adjust,0.15210340096599112,-0.0023930813873036354,0.0023187223472110278
172,9,1-8,adjust,-0.06506382427307696,0.004489586860315174,0.010125784262965062
173,2,1-4,adjust,-0.06680128459609706,0.011423527268717405,0.0032437876485808723
173,3,1-4,adjust,-0.2398635978322926,0.005025511701553993,0.006578511422269071
173,6,1-5,adjust,0.5471967576573743,0.0029843368872324665,0.006362829616566086
173,7,1-5,adjust,0.8323929311521321,0.008113590237328806,0.004647865252310856
173,8,1-5,adjust,-0.21815721781622635,-0.006073423090991307,0.007101690161080278
173,9,1-5,adjust,0.07881805725774589,0.0009961927076151853,0.0018839444830701989
174,2,1-7,adjust,-0.34908221868823536,0.007219386184309963,0.015280947309971342
174,3,1-7,adjust,0.39203527831838386,-0.0036097939551006865,0.00797011059677332
174,4,1-7,adjust,0.5866473960928302,-0.0021220987124636807,0.0013717982161502865
174,5,1-7,adjust,0.367629119659617,0.00343182482017126,0.0009275185591429706
174,6,1-7,adjust,0.1703531402097101,0.0009292981746296545,0.0046031321153581235
174,9,1-8,adjust,-0.19837281382419045,-0.0035510276721675564,0.018563965128177096
175,2,1-4,adjust,0.298973937941606,-0.0020474430132551994,0.0037770071701640684
175,3,1-4,adjust,0.24617094730910521,0.0033118486475342927,0.002538064517756423
175,6,1-5,adjust,0.1429338965064592,-0.012075907398673726,0.0036238193857170463
175,7,1-5,adjust,-0.5672936861346938,0.005377444307707969,0.0008850058162572635
175,8,1-5,adjust,0.3782354694197926,0.006099448259993871,0.0004098828910111666
175,9,1-5,adjust,0.42140754961255567,0.014854719468744552,0.0038519717762411183
176,2,1-7,adjust,-0.15034960361392258,0.0047374178373690585,0.003029736555667449
176,3,1-7,adjust,-1.569596724817174,0.009259590470043296,0.006466828569111455
176,4,1-7,adjust,-0.8169324604178103,0.013521986906573627,0.0020150645014733967
176,5,1-7,adjust,-1.6198683767485242,-0.001288829954840474,0.007619587801579562
176,6,1-7,adjust,-0.6430826511087192,0.009110736283195536,0.002420262615330665
176,9,1-8,adjust,-0.15657350039077614,-0.018403325140661612,0.0081108260432855
177,2,1-4,adjust,-0.5866425199744095,0.009149353878830906,0.014225602799902667
177,3,1-4,adjust,0.6310586030918329,0.004769396491617645,0.002007778972585732
177,6,1-5,adjust,-1.037085359204445,0.002650093283128299,0.02438862883290986
177,7,1-5,adjust,-1.1494400636176705,-0.0024968822090807464,0.010427648464361717
177,8,1-5,adjust,-0.5168495122401785,-0.017957533017091833,0.020136141514427903
177,9,1-5,adjust,-0.17822673332917108,-0.0016534377332486432,0.016921278415072502
178,2,1-7,adjust,0.7330031187087889,-0.013128048254954028,0.026601185625712325
178,3,1-7,adjust,0.2229651156329588,-0.011418394872868044,0.018130070153578395
178,4,1-7,adjust,0.08429674122799016,-0.0016771820844997893,0.02556498135026264
178,5,1-7,adjust,-0.6546990202223302,0.004646936882371485,0.025589627926548314
178,6,1-7,adjust,-0.47902828248026413,-0.007840178521895651,0.026225171930082575
178,9,1-8,adjust,-0.4743393637652606,4.520539984862006e-05,0.0064108688635084255
179,2,1-4,adjust,-0.5423759039613721,0.012134968438270671,0.004518710731276448
179,3,1-4,adjust,-0.29676603009894836,0.0064468430809440595,0.003939621093079145
179,6,1-5,adjust,-0.11899660878329092,0.007183055783109766,0.019318543011553006
179,7,1-5,adjust,0.2739619992586412,-0.01454301191417245,0.016877604683915665
179,8,1-5,adjust,0.12660351035872042,0.012460139065095091,0.013665679299096744
179,9,1-5,adjust,0.7983328508791461,0.01680548304640938,0.010249984470051621
180,2,1-7,adjust,0.8531122325481959,-0.023970130604850856,0.0002294218280114797
180,3,1-7,adjust,1.211467922539497,-0.012386557897644807,0.0007479687075051523
180,4,1-7,adjust,0.36807656083922036,-0.006066895330059365,0.0016071935614420565
180,5,1-7,adjust,1.440818373815736,-0.006245089342993009,0.00447227218828867
180,6,1-7,adjust,1.4281402159758516,-0.0031903937366115653,0.014505431319834382
180,9,1-8,adjust,-0.5207464528729503,-0.016921375129633435,0.011469274879993241
181,2,1-4,adjust,-0.5733305123600834,0.013663013030847921,0.0019927724598478636
181,3,1-4,adjust,-0.6748708513284841,0.007910362223221924,0.0007456597620273835
181,6,1-5,adjust,0.1521269352387511,0.004167156682238606,0.005298820341489896
181,7,1-5,adjust,0.8355308592871501,0.008542779161844045,0.0020435552383789852
181,8,1-5,adjust,0.21312954203512624,0.00596705710504577,0.0037651893535975175
181,9,1-5,adjust,0.7423737216426362,0.011030046343572455,0.0041123430543118745
182,2,1-7,adjust,0.35650729029132927,-0.010485627650016406,0.010850811290992224
182,3,1-7,adjust,0.14762970742553472,-0.010919855206223222,0.00027610963419445376
182,4,1-7,adjust,-0.11254365419053675,0.00032026086214090505,0.004278091334305808
182,5,1-7,adjust,0.8657579822477063,0.001432206691861883,0.00734031618724971
182,6,1-7,adjust,0.09297172096561812,-0.0054026423117142335,0.0062652940074082375
182,9,1-8,adjust,-0.6533963467950591,-0.0034213538349195933,0.001987478783793556
183,2,1-4,adjust,-0.5509338191351468,0.016261818371419115,0.007322659950674746
183,3,1-4,adjust,-0.06844000899216812,0.007071414198717308,0.004493642267236721
183,6,1-5,adjust,0.4146860739068304,0.010168411026664352,0.008075230141834016
183,7,1-5,adjust,0.9934067077589906,-0.003449927701341938,0.005300224761499123
183,8,1-5,adjust,0.182087802537687,-0.002402045601515715,0.0047454021491871255
183,9,1-5,adjust,0.34001284489805017,0.004177008536500359,0.0014122786817177243
184,2,1-7,adjust,0.6056627722394083,-0.011866561783040554,0.000950237636954395
184,3,1-7,adjust,0.40651701783370275,-0.004604905812517029,0.0009586340813828242
184,4,1-7,adjust,0.49858364937751537,-0.013255235411376007,0.00167916118880796
184,5,1-7,adjust,1.2107228725110426,-0.0008994315440965248,0.005847791983191058
184,6,1-7,adjust,0.733397441521219,-0.006592042884528796,0.0028971168065195967
184,9,1-8,adjust,-0.11839118014190124,-0.002332217468617834,0.005576143664960077
185,2,1-4,adjust,-0.1685957367102788,-0.007929728107734062,0.0011091855953937538
185,3,1-4,adjust,-0.021885423276996777,-0.00808584014627055,0.0023613425346171216
185,6,1-5,adjust,0.7329373636836147,-0.0036124556714854017,0.018579810105373223
185,7,1-5,adjust,0.2557585932232786,0.013315384058722157,0.018177666825411883
185,8,1-5,adjust,0.2111950311570006,0.0065882651166354386,0.01661091302489887
185,9,1-5,adjust,0.20565532256956306,0.0017270905495538555,0.006333684337342202
186,2,1-7,adjust,-0.22554063790017082,0.01861178167092259,0.006156842480873031
186,3,1-7,adjust,-0.6097724832446316,0.01870797207832052,0.00023059054557686756
186,4,1-7,adjust,-0.5387867653284334,0.01097073218083764,0.004035091728289533
186,5,1-7,adjust,-1.422231687358947,0.007117251036602509,0.004445606357045324
186,6,1-7,adjust,-0.5939423282827447,0.005124114029268477,0.015127800508646701
186,9,1-8,adjust,0.07246135003850826,0.0022192514400644213,0.011944014747764652
187,2,1-4,adjust,0.09423366685946322,-0.007888921960556664,0.0024920140336538435
187,3,1-4,adjust,0.05430589902681779,0.00039639125839691563,0.000548200291711724
187,6,1-5,adjust,-0.8208063212044073,-0.002483000807971973,0.009168979940244114
187,7,1-5,adjust,-0.6507901157390561,-0.005370931241347474,0.00364687691427915
187,8,1-5,adjust,0.4052641845918113,-0.0003979833544794753,0.008542777325556219
187,9,1-5,adjust,-0.14699125214758907,0.006983751590395628,0.002339143607763738
188,2,1-7,adjust,-0.33649322174924484,0.00966558048858375,0.0007456710605562084
188,3,1-7,adjust,0.027071534025607046,-0.00519264157415804,0.003883974407632171
188,4,1-7,adjust,0.16946456694861736,0.0027485082765445466,0.00354920264996428
188,5,1-7,adjust,0.04500701239747136,-0.002596692551519659,0.001144849519324574
188,6,1-7,adjust,0.17167770752928924,0.0004734487673540395,0.0009480645206605519
188,9,1-8,adjust,0.29802130566043156,0.0031639360410192436,0.0093458820899777
189,2,1-4,adjust,0.053514784845776237,-0.015135196377978635,0.006078545989746493
189,3,1-4,adjust,0.09978161560010422,0.005091060020197539,0.015088950263216298
189,6,1-5,adjust,0.036260536541604695,-0.0004565513473621869,0.000602388942443673
189,7,1-5,adjust,-0.3774198622048189,0.0033064384228347404,0.0031650053722988894
189,8,1-5,adjust,-0.43573478580044944,-0.0025441440792346613,0.0005753829486989183
189,9,1-5,adjust,-0.47197604905961077,-0.013706925918039393,0.0024781976913945624
190,2,1-7,adjust,0.012949698871070526,0.015260161251168042,0.005495740853628299
190,3,1-7,adjust,0.5545433983903263,-0.010543606389572864,0.004252880802691877
190,4,1-7,adjust,-0.7119960585581393,-0.0005985481171045822,0.006733347076366151
190,5,1-7,adjust,-0.6771710174821591,-0.004212884090650794,0.00024308678544448473
190,6,1-7,adjust,-0.39093484270768547,0.006531515525039513,0.002423858622280687
190,9,1-8,adjust,0.2805268608815389,0.005900118090079337,0.003725591393092308
191,2,1-4,adjust,-0.07091015979630658,-0.008357694464476118,0.007057658786509969
191,3,1-4,adjust,-1.1828885154370785,0.01577406200579007,0.00592616092462501
191,6,1-5,adjust,-0.4561164294573947,-0.013063960080808179,0.0023760524067022127
191,7,1-5,adjust,-0.9763130801425569,-0.0076155999713005,0.00238822337381706
191,8,1-5,adjust,-0.43289588961371084,-0.006234556521199204,0.004140518531326898
191,9,1-5,adjust,-0.10274511988435077,-0.00775705324259025,0.0036642799585679415
192,2,1-7,adjust,0.6095802761623698,-0.012961691858831169,0.007965521598298959
192,3,1-7,adjust,1.1357136345532464,-0.01723389019357695,0.0002722408876289067
192,4,1-7,adjust,0.012085798368779297,-0.00030601952730069284,0.007333758868224099
192,5,1-7,adjust,-0.6916830460261131,0.011074336437025262,0.019890479021235113
192,6,1-7,adjust,-0.3996057757216034,0.011348735057014878,0.015579669568866238
192,9,1-8,adjust,-0.3259981190725136,-0.009791868713682388,0.003143021360679098
193,2,1-4,adjust,-0.6411756789772135,0.027561392375172654,0.005525818033854197
193,3,1-4,adjust,-0.9383375492269089,0.022971598630970858,0.0059981706392946395
193,6,1-5,adjust,0.08009134685472846,-0.010734247094959624,0.0038086499998405544
193,7,1-5,adjust,0.8393322820115222,-0.0016227779057234283,0.0028292245803980026
193,8,1-5,adjust,-0.034754459869962596,0.002000511928171114,0.002348380771682007
193,9,1-5,adjust,0.21047401544613736,0.01817928761626407,0.0013342049477393187
194,2,1-7,adjust,0.55488799850678,-0.022707119960428797,0.00011048754423479929
194,3,1-7,adjust,0.28374023759478145,-0.020773956421175462,0.00204655569510954
194,4,1-7,adjust,1.8269567160875284,-0.010090478809760352,0.0007664007572324408
194,5,1-7,adjust,0.8232128669320194,-0.01339787380602216,0.00041836302744796165
194,6,1-7,adjust,1.1947378595878868,0.017697667626235272,0.001503523081544043
194,9,1-8,adjust,-0.2954363815368588,-0.01324187029809157,0.006962936614026445
195,2,1-4,adjust,0.1203899348940669,-0.007058731380219189,0.014356461472626158
195,3,1-4,adjust,1.2350511499433754,-0.0017918710838894967,0.016674349203840973
195,6,1-5,adjust,-0.7977929271356149,-0.013348405902371624,0.009893643074089829
195,7,1-5,adjust,0.048233649615684646,0.00830968569094283,0.00017823581574427395
195,8,1-5,adjust,-0.15721152693456988,-0.004550101426416678,0.0018318444815194526
195,9,1-5,adjust,0.3012069294224229,0.006300176894662054,0.009079511120265912
196,2,1-7,adjust,-0.35206888892937205,0.01726967045440954,0.009128449195753096
196,3,1-7,adjust,-1.6652241704532875,0.015679016751946953,0.014764035041267217
196,4,1-7,adjust,-1.0781070777166986,0.013663717597185758,0.009445270324688212
196,5,1-7,adjust,0.2115291249252246,0.008869068106065067,0.010737882045154676
196,6,1-7,adjust,-0.004459125306048875,-0.0027692672802324047,0.006187412655447159
196,9,1-8,adjust,-0.41173214500809363,-0.01510356462820359,0.015288621113332183
197,2,1-4,adjust,-0.12432839720270258,0.005240522141048822,0.0009961567455294338
197,3,1-4,adjust,0.5380842468896515,-0.004404285991937079,0.00302814134498152
197,6,1-5,adjust,0.4610173189658601,0.0016758505873740272,0.004599460460464237
197,7,1-5,adjust,-0.009350664640244867,-0.010338306277164276,0.010331628121560526
197,8,1-5,adjust,0.9447367446105716,0.01620391265094201,0.0011715252284878678
197,9,1-5,adjust,0.5935313029023863,0.0207165714608197,0.007573755881139554
198,2,1-7,adjust,0.4485814149861006,-0.013492573338156183,0.014104948058043338
198,3,1-7,adjust,1.167491635701334,-0.010186492310035664,0.010725767625575436
198,4,1-7,adjust,0.37666344693133275,-0.009647040981668324,0.011559600117562031
198,5,1-7,adjust,0.937522481598026,-0.003191675076329799,0.010543061465798951
198,6,1-7,adjust,-0.2862554170367658,0.004753984954627889,0.0027661122818632396
198,9,1-8,adjust,0.33694199456776386,0.01098758340696377,0.02304293099757696
199,2,1-4,adjust,-0.25598487525595254,-0.00517270660651107,0.000893392502928541
199,3,1-4,adjust,-0.6888986362993706,-0.0034033454343299794,0.006023305484272245
199,6,1-5,adjust,1.4788677543510174,-0.0020431947060722154,0.010019875594293187
199,7,1-5,adjust,0.9259440218539461,0.01166572013925992,0.007893280772164005
199,8,1-5,adjust,-0.06357619488984459,-0.00277672794675045,0.01091933702362633
199,9,1-5,adjust,-0.5011416792614647,-0.01272040924451961,0.005498674624627093
200,2,1-7,adjust,-0.3180502023627055,0.019494759133341137,0.0021813545113129294
200,3,1-7,adjust,-0.2859152307567927,0.010302890128543305,0.00036425976356773196
200,4,1-7,adjust,-0.8360709092051805,0.00864461688115565,0.0028933311553254715
200,5,1-7,adjust,-0.7911336963323318,0.0015001739613958675,0.0019826087362763427
200,6,1-7,adjust,-0.5612464210769351,0.009129606900508666,0.007325439079196496
200,9,1-8,adjust,0.35219919391805665,0.0008367011930433628,0.0016003249059810538
201,2,1-4,adjust,0.14062121035415368,-0.005206159967886862,0.00762795779499285
201,3,1-4,adjust,-0.5826928212900954,-0.0004508582705812687,0.01225833311163533
201,6,1-5,adjust,-0.3030658223245805,-0.019995358550826667,0.0012040133955045107
201,7,1-5,adjust,-0.7694941716505496,0.003913092254552855,0.00018616846344132005
201,8,1-5,adjust,-0.35153567475836645,-0.002914476171162956,0.0020158552641568665
201,9,1-5,adjust,-0.21061788500419987,-0.0011204144629925012,0.0011656711084779077
202,2,1-7,adjust,-0.2607029780928461,0.003117525927456467,0.0013933907719686815
202,3,1-7,adjust,0.43827552216672283,0.002101132800907025,0.002315815036301226
202,4,1-7,adjust,0.029652109952234537,0.003101421811798296,0.004270333181173674
202,5,1-7,adjust,-0.8504660541367247,0.002895261619145781,0.001388995406670316
202,6,1-7,adjust,-0.6555331051110452,0.01295285150410123,0.0035336867053489904
202,9,1-8,adjust,0.13107753691798732,-0.0008911320289900769,0.005111033159233193
203,2,1-4,adjust,0.06775881253930559,0.008969620086547385,0.0022276554460119603
203,3,1-4,adjust,-0.4639820769411113,0.002573120047017668,0.005482188591141847
203,6,1-5,adjust,-0.31047392980654337,-0.0001298654067161427,0.009213512785874739
203,7,1-5,adjust,-0.5795487265189685,-0.014586691262663353,0.0073217144956434915
203,8,1-5,adjust,0.3124095343130963,0.0014993280941790787,0.005579291974261074
203,9,1-5,adjust,0.08801407679968298,1.607568173872915e-05,0.003956019414848332
204,2,1-7,adjust,0.4420126512110756,-0.00756585311992219,0.0010046736798889069
204,3,1-7,adjust,1.5251772743350829,-0.012933493787556366,0.007791885660316494
204,4,1-7,adjust,1.1658192468695434,-0.009564041620517801,0.005191402648423372
204,5,1-7,adjust,0.3855257303008497,-0.0061727745433411895,0.0013275303053644834
204,6,1-7,adjust,0.05350894761568,-0.010064045964303716,0.0005049301876032472
204,9,1-8,adjust,-0.20677806474111457,0.0034196476268215452,0.017238880033683072
205,2,1-4,adjust,0.06936376569218358,-0.02134565279557439,0.004598733946725525
205,3,1-4,adjust,-0.4157888318993233,0.000920131441716303,0.016847420454541184
205,6,1-5,adjust,-0.07747798327439058,0.006786250659970572,0.013656147770766163
205,7,1-5,adjust,0.02061504486348692,0.003628081733739893,0.008069333244057982
205,8,1-5,adjust,-0.45454682567284316,-0.005783745886661119,0.0003195237185813613
205,9,1-5,adjust,-0.42351011822071094,-0.006937904033385711,0.006561140945737414
206,2,1-7,adjust,-0.31295670754301663,0.011808539021169927,0.0032349219048885235
206,3,1-7,adjust,-0.702381088721891,0.00885473124101392,0.0005159578253633567
206,4,1-7,adjust,-0.9236654402309763,0.0001323057618079847,0.0026263592916168947
206,5,1-7,adjust,-0.4415750080220341,-0.008520230028976932,0.004372709852184329
206,6,1-7,adjust,-0.32311607392631936,-0.005781713275309641,1.421043955519754e-05
206,9,1-8,adjust,0.36522323338885454,-0.0005277799410081238,0.0052169841731460505
207,2,1-4,adjust,0.10747545646045173,0.007057291147768742,0.004934009962728629
207,3,1-4,adjust,0.150770359324618,0.002632683024595531,0.00010598445851288629
207,6,1-5,adjust,-0.024611989786842734,-0.0002710233012801007,0.012641895220686032
207,7,1-5,adjust,-0.7387995759000321,-0.01117216725036543,0.008236458259824518
207,8,1-5,adjust,-0.8736420927099686,-0.011261948714718313,0.007630646651434216
207,9,1-5,adjust,-0.36690759020479413,-0.009658224944339149,0.012400617609373334
208,2,1-7,adjust,0.6527030887402651,-0.02370027299351434,0.007558684963199607
208,3,1-7,adjust,0.47160257741358147,-0.010134338921809826,0.008191586861982096
208,4,1-7,adjust,1.0115743381770677,-0.00934662006406065,0.00029912896751011083
208,5,1-7,adjust,0.8450032017802238,0.005834913243511388,0.005558875379347717
208,6,1-7,adjust,0.07964020747373596,0.006675145690451988,0.008005049562938266
208,9,1-8,adjust,-0.2734821475901697,-0.0018645650312812223,0.0030196355544521132
209,2,1-4,adjust,0.020353694475639048,0.0022454925566976415,0.012681806638865537
209,3,1-4,adjust,0.2426648056114768,-0.008827874394691914,0.01384739268005654
209,6,1-5,adjust,0.6718802644292158,-0.005708955899799096,0.0016439604938106192
209,7,1-5,adjust,1.2827764842582987,0.013342116105874116,0.005667715517783154
209,8,1-5,adjust,1.2340478302391649,0.009322420586783233,0.008172491854832802
209,9,1-5,adjust,0.3145222561062776,0.00430305869644076,0.005846022682461507
210,2,1-7,adjust,-0.7156807942510217,0.018758620511673797,0.004840798104518993
210,3,1-7,adjust,-1.2574602212767096,0.020144052405271982,0.007942590152549379
210,4,1-7,adjust,-0.88315401535548,0.015361641752878179,0.002341187407975644
210,5,1-7,adjust,0.4161349137414554,0.004809627200251825,0.002168770755314381
210,6,1-7,adjust,0.19925806791654366,0.0036512892714393314,0.012539934161162648
210,9,1-8,adjust,0.2552014038534839,0.0049917435300364564,0.007384758132009933
211,2,1-4,adjust,-0.14958538736924668,-0.010001466577023263,0.007899379562461801
211,3,1-4,adjust,0.2453591384638772,-0.01038178506380532,0.007262118236986439
211,6,1-5,adjust,0.45791373575475136,1.458482731078457e-05,0.0025734410571077357
211,7,1-5,adjust,-0.07602388117241098,0.003025603317389957,8.040007799377197e-05
211,8,1-5,adjust,-0.10606669495718843,0.004268690410556682,0.012797426409525196
211,9,1-5,adjust,-0.0006810875060970394,0.0064489082998971025,0.00015220901816600645
212,2,1-7,adjust,0.07506878361705022,0.010292929153729051,0.0019118470909416708
212,3,1-7,adjust,0.2034357654590697,0.003377216773401545,0.000820987595832652
212,4,1-7,adjust,-0.0457868054172081,-0.0004373229637363428,0.001222992353541414
212,5,1-7,adjust,-0.6845664339103364,0.003823269915657253,0.003737460932655194
212,6,1-7,adjust,-0.5069106377721284,0.00967390389358225,0.0038356587578581925
212,9,1-8,adjust,-0.0337728202362652,0.005151894826496021,0.002644452970758277
213,2,1-4,adjust,0.19390254013332692,-0.0022708833688307923,0.002342590641682861
213,3,1-4,adjust,-0.15183002249317915,0.00046646773125129035,0.0052041613158743255
213,6,1-5,adjust,-0.07732417814154481,0.00199895384614956,0.002216309058978241
213,7,1-5,adjust,-0.005657309579390559,-0.005545967322097606,0.003913954603265909
213,8,1-5,adjust,-0.48506573739675707,0.00769006237800078,0.0007184883108410291
213,9,1-5,adjust,0.5196326949726064,0.0005640542373953764,0.003919243772442155
214,2,1-7,adjust,0.23564640446314733,-0.0012053480473270335,0.0012713246859781945
214,3,1-7,adjust,0.37423595002451904,-0.001896725842976804,0.009044759270887891
214,4,1-7,adjust,0.12906172057946827,-0.00541949853968058,0.01688891412236561
214,5,1-7,adjust,0.5925056522114585,-0.004633348295711539,0.013382242436168602
214,6,1-7,adjust,0.2224285348437517,-0.010130914188590454,0.021892348198102478
214,9,1-8,adjust,-0.5317277239628099,-0.003940721829414853,0.002677376615087766
215,2,1-4,adjust,-0.3361225444095507,-0.0010476331176896192,0.0011825924570502207
215,3,1-4,adjust,-0.04030754270878603,-0.004494759359258645,0.002728452063312918
215,6,1-5,adjust,0.1533236101495103,0.006863723250993169,0.00432335765751268
215,7,1-5,adjust,0.3251978381180959,0.005424938066566691,0.005996391797447487
215,8,1-5,adjust,0.5524254006273056,-0.00032235380839808225,0.007151910619821256
215,9,1-5,adjust,0.05895553580063237,-0.00789124752401993,0.002723872517902623
216,2,1-7,adjust,-0.2543370512062576,0.013348226400577838,0.0012132107237244761
216,3,1-7,adjust,-0.03820737833366126,0.007818135990848218,0.006545005664384084
216,4,1-7,adjust,0.14004129506266008,0.006622727491114854,0.003926801338448151
216,5,1-7,adjust,0.02897754869840357,-0.004948658751493351,0.007762494676372619
216,6,1-7,adjust,-0.1483176760325204,-0.002102223810091768,0.004809464625741909
216,9,1-8,adjust,0.31708402242123257,0.009489328210613043,0.0007417822228566914
217,2,1-4,adjust,0.11687315517538727,-0.010926846501600767,0.008910512051785283
217,3,1-4,adjust,-0.08151325678738125,-0.0013318808136278334,0.002403605556110398
217,6,1-5,adjust,0.009350206244466053,0.00764801117971905,0.00162841734646531
217,7,1-5,adjust,0.071403821790801,-0.003558637408578374,0.008605564686457758
217,8,1-5,adjust,-0.23534404499989944,-0.010184959603760382,0.009712614501448853
217,9,1-5,adjust,-0.38899030409949376,-0.004485555125359073,0.005528162763929217
218,2,1-7,adjust,0.40839311689220026,-0.006725350958520032,0.0021325022731392136
218,3,1-7,adjust,-0.6536243011151289,-0.00028276549047737587,0.005238970958328189
218,4,1-7,adjust,-0.3118376012890552,0.0072422495842076225,0.006454524854746374
218,5,1-7,adjust,-0.30033134487065644,-0.0038064755148145206,0.005786192075349041
218,6,1-7,adjust,-0.17446201856789187,-0.02370900190061369,0.006268006034625768
218,9,1-8,adjust,-0.020385657995712982,-0.007867719432094017,0.004820158229082987
219,2,1-4,adjust,-0.705808375177559,0.01186366700057144,0.019204072673251922
219,3,1-4,adjust,0.17995856020221832,-0.005813537420341451,0.013016194958961018
219,6,1-5,adjust,-0.1719538164780238,0.007369956719660131,0.013491810072042327
219,7,1-5,adjust,-0.8497418890999183,0.002205519242235188,0.007817962317330314
219,8,1-5,adjust,-0.3089789626968204,-0.005489806398323093,0.017232171144969218
219,9,1-5,adjust,-0.041209669639949084,0.0006849568105974595,0.01915508592493959
220,2,1-7,adjust,0.6726440914872803,-0.010426449087356633,0.01086216492820315
220,3,1-7,adjust,0.4288569012126024,0.0048290893873191194,0.0039269259529754325
220,4,1-7,adjust,0.05223548159707095,-0.0077271233435158805,0.0035461003837008427
220,5,1-7,adjust,-0.6642483106255942,0.00817524834134605,0.008707648205642673
220,6,1-7,adjust,-0.35544062648775815,-0.003748769714639287,0.006390174341183229
220,9,1-8,adjust,-0.11365461809912814,-0.004904436447848493,0.006255519345314118
221,2,1-4,adjust,-0.30149290149428937,0.0008965902447746073,0.0009813277829741356
221,3,1-4,adjust,-0.28672737445712376,0.0017382794959421922,0.0006074482776129039
221,6,1-5,adjust,-0.029394565911668696,0.009465924808180516,0.008578662439665437
221,7,1-5,adjust,-0.17354028704009664,-0.003826713103126787,0.002711412434616313
221,8,1-5,adjust,0.05032639428227212,0.0060012845279260015,0.0046251672524819714
221,9,1-5,adjust,0.6010230536608496,0.018460942972698652,0.000661508126567796
222,2,1-7,adjust,0.3103104524981527,0.0019485069542349803,0.0020155295548554305
222,3,1-7,adjust,0.48279790145581664,-0.0010289909966306118,0.0035548195912806805
222,4,1-7,adjust,0.26089022978319965,-0.0064086956920021395,0.0010934845615526575
222,5,1-7,adjust,0.10314070012174625,0.00840084611199643,0.0015050336957536708
222,6,1-7,adjust,0.20341647252873268,0.013384469669979533,0.003941584967267742
222,9,1-8,adjust,-0.6622512291019592,-0.01932262863109766,0.0006236770591298
223,2,1-4,adjust,0.0040074891608875675,-0.004250895419331542,0.011266157420071964
223,3,1-4,adjust,-0.22603278871722796,-0.001521434510347422,0.007989115661943678
223,6,1-5,adjust,0.10580132290824887,-0.01795004479649696,0.0012296500342481155
223,7,1-5,adjust,0.9630672802685973,0.00019047124500915272,0.00033346344857306345
223,8,1-5,adjust,0.08988927036929827,0.010036789451955122,0.00522183359376266
223,9,1-5,adjust,0.33757039078963347,0.014397974972189984,0.0034942296703475476
224,2,1-7,adjust,0.22486715494495646,0.0004800734109207449,0.008786233690572477
224,3,1-7,adjust,0.5230051871007055,-0.0017176483062554045,0.0034782291012745263
224,4,1-7,adjust,0.28224221602322636,-0.0003452659350945262,0.009482335242815396
224,5,1-7,adjust,1.2139937526813371,-0.010707075575222758,0.00399881455002339
224,6,1-7,adjust,0.7293186933465714,0.00797674162519139,0.0162624598569428
224,9,1-8,adjust,0.03860373320115011,-0.00010635118110530278,0.0060346540970682904
225,2,1-4,adjust,-0.17879411488734864,0.0067182033588560905,0.00414084455239914
225,3,1-4,adjust,-0.039853636709522876,0.00032654307673369806,0.0048736282716986615
225,6,1-5,adjust,-0.08049209592348454,0.0075372934748156395,0.0058314558485677995
225,7,1-5,adjust,0.27806554430385666,-0.0033501364042922816,0.00280467408349267
225,8,1-5,adjust,0.4801758318147798,-0.008944257853868123,0.0035442436129171106
225,9,1-5,adjust,-0.010927654554529277,-0.007764777374824576,0.001425571605773253
226,2,1-7,adjust,0.23024726254536518,-0.0016247472725589166,0.0013336598853733918
226,3,1-7,adjust,0.4110115209638074,-0.006076106480572861,0.001689459487426148
226,4,1-7,adjust,0.32830247125006334,-0.005354184332535415,0.0007531365468109722
226,5,1-7,adjust,0.2534047393039152,0.001657719838985259,0.00320423117056564
226,6,1-7,adjust,0.35344434033133576,-0.00791377290358412,0.0017602846185486715
226,9,1-8,adjust,0.10205580591471845,0.018544580490971206,0.0043058048034483225
227,2,1-4,adjust,0.0217387372498572,-0.01347620249869389,0.0025143594582669685
227,3,1-4,adjust,-0.010673301834327648,0.00035385326750473093,0.0059819286755993135
227,6,1-5,adjust,0.15293091430316344,-0.006912193195035352,0.009914167715636104
227,7,1-5,adjust,0.1404967000276077,0.0006190614528122096,0.01502002257612982
227,8,1-5,adjust,0.20580574766463614,-0.0011092433619821279,0.009998084610332254
227,9,1-5,adjust,-0.4413236802637916,-0.013692756052228347,0.002020254437189957
228,2,1-7,adjust,-0.41618110426940935,0.00543842166380188,0.004830114262379222
228,3,1-7,adjust,-0.19514472793078863,0.0019575080578141386,0.007712213600489834
228,4,1-7,adjust,-0.3322016390394943,0.0009345610003934707,0.007221259705771147
228,5,1-7,adjust,-0.2402420162562992,-0.001659289244953852,0.0037222046891971475
228,6,1-7,adjust,-0.12089852326204578,0.0032056428836738553,0.0016442460011846904
228,9,1-8,adjust,0.4017297172254405,-0.00031697671009306856,0.004862162468946589
229,2,1-4,adjust,-0.0025954098597003603,0.0009859886069626435,0.0012358017551550096
229,3,1-4,adjust,0.08634057867965501,0.002372059891805962,0.004132533147181608
229,6,1-5,adjust,-0.3668191773056915,0.008671284263648271,0.009879352985330101
229,7,1-5,adjust,-0.4311622287445802,0.0075269500148107335,0.006824842949455636
229,8,1-5,adjust,-0.27251236244831906,0.001908946349319525,0.009073010221647833
229,9,1-5,adjust,-0.21800233113113301,-0.00570244417883071,0.000998183356657293
230,2,1-7,adjust,0.05352097834833709,0.009798346406632597,0.0002414950977326012
230,3,1-7,adjust,-0.46730564098982774,-0.0032831240688476755,0.004086622617103488
230,4,1-7,adjust,-0.5369641070038587,0.003521970492051576,0.0012198444841632892
230,5,1-7,adjust,-0.7417022438673164,0.003171534040510821,0.006026191907986042
230,6,1-7,adjust,-0.37831441673397176,-0.01244132116324493,0.00023164361948696446
230,9,1-8,adjust,0.1877134193572972,0.010440345965716115,0.005149346285875208
231,2,1-4,adjust,-0.20269107357721966,0.004004893002883241,6.0903461544856705e-05
231,3,1-4,adjust,-0.4437582193333353,0.006512352007819395,0.002275432085720289
231,6,1-5,adjust,-0.002339511699610737,0.003740966780261716,0.0038786374678121197
231,7,1-5,adjust,0.2338892657770255,-0.009967649673005214,0.008738176235633577
231,8,1-5,adjust,-0.46398859675922294,-0.0006086637337862975,0.00811507844615843
231,9,1-5,adjust,-0.3627626716664327,0.0014479562850057523,0.0019140378489359419
232,2,1-7,adjust,0.4936595064881465,-0.012984110033915353,0.002528833808566463
232,3,1-7,adjust,0.9548825273217278,-0.00847133382534885,0.006620274372253522
232,4,1-7,adjust,0.21489134847278482,0.002027586173168361,0.008073029880304495
232,5,1-7,adjust,1.0267332061794678,0.00254561491787415,0.009425953007047603
232,6,1-7,adjust,0.5741989535345884,0.0020668242245772965,0.010025309416428173
232,9,1-8,adjust,0.10938122883904014,-0.020554475159082045,0.009672457574358478
233,2,1-4,adjust,-0.2823103521441169,0.011674171271100812,0.004272139478066161
233,3,1-4,adjust,-0.5983104373508971,0.0022800877734611797,0.003761282139791634
233,6,1-5,adjust,0.30423563721002944,0.0015544014538048673,0.012140434928032354
233,7,1-5,adjust,-0.08043449791126786,0.014096600434960164,0.004847760813221922
233,8,1-5,adjust,0.9172968194822082,0.0024282951802326452,0.007231871828058042
233,9,1-5,adjust,0.4508065758435721,0.01942563608924086,0.0033883244694449376
234,2,1-7,adjust,-0.5023221212427402,0.0021967405812215565,0.002402204922364319
234,3,1-7,adjust,-0.9367455798693466,0.006501673477533222,0.000758006570660505
234,4,1-7,adjust,-0.7976388528846418,0.005395537981870987,0.0013326851798452913
234,5,1-7,adjust,-1.9016498798689094,-0.010387036960565074,0.002439779606501014
234,6,1-7,adjust,-0.4480624882314295,0.0009816271156038486,0.0127069447345358
234,9,1-8,adjust,-0.022731518805997414,0.0017371666458860973,0.003924798149979391
235,2,1-4,adjust,-0.24775586743785705,0.00977513968947175,0.02106414810005878
235,3,1-4,adjust,-0.20896292878178735,0.0018714184279266738,0.013581105566600042
235,6,1-5,adjust,-1.6393274586018791,-0.0059926667956856075,0.007539151629323393
235,7,1-5,adjust,-1.2525360573818836,-0.013458050091677887,0.012330419698792072
235,8,1-5,adjust,-1.3675185900681393,-0.007837172328021901,0.010795142007427504
235,9,1-5,adjust,-0.5159611243668424,-0.01708806844972951,0.015231191774236794
236,2,1-7,adjust,1.1583814224843147,-0.0295884181481954,0.0008384118542840346
236,3,1-7,adjust,1.2988947336071814,-0.009205691496008996,0.00246175750395837
236,4,1-7,adjust,0.9895993167705383,-0.012123371546327054,0.001832025229639544
236,5,1-7,adjust,1.2255010447034906,0.008132428950360718,0.0028696215019699484
236,6,1-7,adjust,0.5045014803733167,0.00494174578025826,0.003781491427542266
236,9,1-8,adjust,-0.028254557496698838,-0.0016506531085515822,0.0008007478682804413
237,2,1-4,adjust,-0.3476802131781006,0.00486114749736793,0.0065027276246302345
237,3,1-4,adjust,-0.09879634264546347,0.010036855651192363,0.0003353470459928117
237,6,1-5,adjust,1.295988322737593,-0.0034693545825028654,0.011624057891811194
237,7,1-5,adjust,1.2409455991360703,0.009738473883561756,0.008438999510782474
237,8,1-5,adjust,0.9079452300790862,0.008680257825198738,0.004884811476630691
237,9,1-5,adjust,0.3376119835000239,0.0135520767564718,0.0031185518821139134
238,2,1-7,adjust,-0.40633462068024184,0.012755786883512126,0.0016533889546298127
238,3,1-7,adjust,-1.015990120564785,0.010758841608127652,0.004867345537757307
238,4,1-7,adjust,0.004393455882676907,0.005029776790121243,0.0015405890469772962
238,5,1-7,adjust,-0.0448310438207903,-0.00038499739254636183,0.001208746218827915
238,6,1-7,adjust,-0.060148562818005895,0.014418588503881396,0.00976477439458794
238,9,1-8,adjust,0.07934506125647711,0.0006883078674442453,0.00796378327434359
239,2,1-4,adjust,0.33382118990920945,-0.008024385447864707,0.001260204021023137
239,3,1-4,adjust,0.9478173835671667,-0.02036927340568844,0.014502703818063163
239,6,1-5,adjust,-0.2751761541063335,-0.012368064007876569,0.0022434874610830595
239,7,1-5,adjust,-0.2811760965079333,-0.00558891028090224,0.0022259424940976576
239,8,1-5,adjust,-0.2964496946662493,-0.010738526275953753,0.0016790452019457662
239,9,1-5,adjust,-0.05235896877362989,-0.0038800360028048973,0.003385894204939706
240,2,1-7,adjust,0.014884223998191452,0.009424692750006016,0.012506504886690997
240,3,1-7,adjust,0.7360294211915093,0.00485232441873003,0.004620698505204551
240,4,1-7,adjust,-0.12940877138421658,0.00835328215739059,0.006466388263732575
240,5,1-7,adjust,-0.7963137936821733,-0.006705232690439394,0.00395697309635277
240,6,1-7,adjust,0.02819819747386945,-0.0021584714121203096,0.0021075386635414023
240,9,1-8,adjust,-0.19574316262469812,0.0010378825877145543,0.0037609752625053137
241,2,1-4,adjust,-0.30955582994008196,-0.006567626492802955,0.004602338958105304
241,3,1-4,adjust,-0.9985412766251314,0.006319398582363701,0.001251718380272341
241,6,1-5,adjust,-1.033465018532427,-0.0032138263830775505,0.02149243952696836
241,7,1-5,adjust,-1.0803744699918125,-0.0034892653717373203,0.018986226862359346
241,8,1-5,adjust,-0.4777448885618408,0.0036188010100961536,0.016112135256746065
241,9,1-5,adjust,-0.37046798308648926,-0.005679468574400064,0.011080330976054962
242,2,1-7,adjust,0.4158073236226379,-0.007228409656298062,0.0038529434796009013
242,3,1-7,adjust,0.21047227716763736,-0.011769398465159358,0.001271204496647578
242,4,1-7,adjust,-0.0590953918752095,-0.006125400978635244,0.0013766503789893589
242,5,1-7,adjust,0.385134790428962,0.019407091986620235,0.0013616731434521513
242,6,1-7,adjust,-0.08841654963364598,0.0046646195497948425,0.01199029764799742
242,9,1-8,adjust,0.09483359975210912,0.005357015596230105,0.0016550123059618537
243,2,1-4,adjust,-0.11225717753483296,-0.000830588784784644,0.01618324619670983
243,3,1-4,adjust,0.06730023996061585,0.010210271139835279,0.015427920654721995
243,6,1-5,adjust,1.0064779865632374,0.004055946142688719,0.004974836294540864
243,7,1-5,adjust,1.7688968621889647,0.012935131790893012,0.00976987611241199
243,8,1-5,adjust,1.3430628997349165,0.013276306978561515,0.009941149086178127
243,9,1-5,adjust,0.8720169625584093,0.013597654226372068,0.0032817352492954446
244,2,1-7,adjust,-0.5529797657419858,0.014045390527762951,0.006157389642586662
244,3,1-7,adjust,0.3350243782841888,0.00653707809261966,0.0012726666428216878
244,4,1-7,adjust,-0.12444064371745654,0.002984950636119142,0.0037977497448146227
244,5,1-7,adjust,0.33375954554055814,-0.007849857174515546,0.007642975081630837
244,6,1-7,adjust,0.2724402920385405,-0.0006607128881867526,0.007934316764544414
244,9,1-8,adjust,0.05120006695737468,0.002439636518457952,0.008384290646195404
245,2,1-4,adjust,0.5706849286339373,-0.0030208837304849297,0.0063549559929514015
245,3,1-4,adjust,-0.6161366944224351,-0.005549775944524188,0.00580260987196812
245,6,1-5,adjust,0.20017393309247333,-0.004447911864888158,0.006638902599916432
245,7,1-5,adjust,-0.5047458498137494,-0.007390486327455421,0.006698017725423314
245,8,1-5,adjust,-0.07152188900430947,-0.002432759235026074,0.004545643898816999
245,9,1-5,adjust,-0.3539829854208576,-0.00939153441738864,0.0026034109199214177
246,2,1-7,adjust,-0.06366450869038248,-0.0031985446433369902,0.0013489812906902008
246,3,1-7,adjust,0.052229817962971,-0.0015864215663075074,0.01307263199830565
246,4,1-7,adjust,0.9433471010143386,-0.00011190140775534813,0.0091610505519602
246,5,1-7,adjust,0.28974829351524145,-0.0060499853452235875,0.01027892358920345
246,6,1-7,adjust,-0.3283451415057213,0.0011091356274293516,0.003472817601933579
246,9,1-8,adjust,0.3581048904202032,0.017598265397424217,0.012889258415401844
247,2,1-4,adjust,-0.07310162647671796,-0.0072561910249602365,0.0019960972007008336
247,3,1-4,adjust,0.5481650242150624,-0.016550030141766904,0.008803940500365365
247,6,1-5,adjust,0.18463015175430797,-0.0020526275881327166,0.0010803840945345499
247,7,1-5,adjust,0.23480120422815556,-0.0002887660047234963,0.0024138156773776723
247,8,1-5,adjust,-0.13512070041165705,-0.0038351713580082186,0.00364348549918167
247,9,1-5,adjust,-0.7064021275198944,-0.021255958991478533,0.0003223134375715313
248,2,1-7,adjust,0.05228811418568951,0.0038606323228704818,0.007337057467384368
248,3,1-7,adjust,-0.12359513665660667,0.013144322452766716,0.004435084791229978
248,4,1-7,adjust,-0.3601868253396308,0.004816303345684449,0.0006869858988005157
248,5,1-7,adjust,-0.05177693383754459,-0.0022633384749995438,0.004336407509991151
248,6,1-7,adjust,0.009089058538568194,0.009375906000105974,0.00068910870433283
248,9,1-8,adjust,0.4923771093846524,0.007220420588495069,0.0030043392006603472
249,2,1-4,adjust,-0.023505884602586798,0.008185622652710086,0.0059683610745921165
249,3,1-4,adjust,-0.056345688263723374,0.004258415994510904,0.006039061564073183
249,6,1-5,adjust,0.017007518166484666,-0.008528753250012474,0.011006948170431075
249,7,1-5,adjust,-0.35516535918209396,0.0011372161233085525,0.008682367512706868
249,8,1-5,adjust,-0.6752802886402554,-0.0026006538286351077,0.00881127884261153
249,9,1-5,adjust,-0.40523535105776953,-0.008436855707845144,0.006117158752616149
250,2,1-7,adjust,-0.2833017085704407,-0.0014239571832462452,0.004421006012743339
250,3,1-7,adjust,0.054844656172084685,-0.008061954647640602,0.001554959789727918
250,4,1-7,adjust,-0.3507859729158871,-0.009667818613647723,0.003867080552140097
250,5,1-7,adjust,-0.6316841135498521,-0.0016836306183243665,0.0026850507015832295
250,6,1-7,adjust,-0.29830223067018247,0.0008106062171791238,0.000559155715215107
250,9,1-8,adjust,0.07460863657603702,0.005243212297336017,0.004622688904628497
251,2,1-4,adjust,0.4811582490005278,-0.002111148115964792,0.0065897328935115625
251,3,1-4,adjust,-0.10812727646268815,0.007029187112934157,0.0006797182109165514
251,6,1-5,adjust,-0.40637850958127275,-0.005381886289198969,0.0030057343667523307
251,7,1-5,adjust,-0.3278167257737808,-0.0007736930616404157,0.0006225793514018559
251,8,1-5,adjust,-0.1128929178017424,-0.003123713653814977,0.008339301806060245
251,9,1-5,adjust,-0.036020635878252105,-0.00875723273650411,0.0013319012958545276
252,2,1-7,adjust,-0.321370610054696,-0.011085427431774177,0.0021497268460256426
252,3,1-7,adjust,-0.447125460205244,0.002035515945100881,0.004123882398410858
252,4,1-7,adjust,-0.7794234146788379,-0.004089541152380752,0.001873466687622937
252,5,1-7,adjust,0.03830319583441927,0.0034619020600528874,0.001237421411499442
252,6,1-7,adjust,0.1376462384924363,0.004855551363844469,0.0010296895454895779
252,9,1-8,adjust,-0.11818524653027372,0.002144036512058539,0.0029163377548137082
253,2,1-4,adjust,0.012278067890234029,0.02118282986068609,0.008196376001604458
253,3,1-4,adjust,-0.12825111086461613,-0.004407835865798758,0.003380357817038669
253,6,1-5,adjust,0.024373977208449214,0.006270181346851183,0.011513302261200991
253,7,1-5,adjust,0.06019041293860841,0.001980525931611663,0.007325547469953106
253,8,1-5,adjust,0.2878039749234895,0.0005137357112562176,0.005841356358644115
253,9,1-5,adjust,0.10267325538031595,-0.0030660367441184967,0.0020714617974237123
254,2,1-7,adjust,0.18753340846041924,-0.00707943615324829,0.003336310333216301
254,3,1-7,adjust,0.21898964030898874,0.004560134088632637,0.004054077784367442
254,4,1-7,adjust,-0.012734707518276094,0.009099228938649853,0.005513344182620489
254,5,1-7,adjust,-0.45857826159174603,-0.00458737919493677,0.006272051945749213
254,6,1-7,adjust,-0.24841381950349087,-0.007219455975794933,0.00475276524982331
254,9,1-8,adjust,0.045888234446247726,0.007240592369933268,0.0014966388838640594
255,2,1-4,adjust,-0.19477727741375694,-0.004223971184517228,0.002921814950645696
255,3,1-4,adjust,-0.47732769245281886,0.008138716380227895,0.009730729777017087
255,6,1-5,adjust,-0.6011177966904316,-0.0013560353374276204,0.0052532972307391046
255,7,1-5,adjust,-0.5931022053092626,-0.005954230187172379,0.007702396987329102
255,8,1-5,adjust,-0.48976115818030863,-0.003025515333320439,0.0005088131768114211
255,9,1-5,adjust,-0.34457943720559275,-0.01345320034513439,0.010845344708912609
256,2,1-7,adjust,0.06100225037528012,0.0014139055659548843,0.009611659380207768
256,3,1-7,adjust,0.7306484715334611,-0.014619687580479409,0.0019475150933509395
256,4,1-7,adjust,0.8293956867392335,-0.0071202738117317555,0.0004428003384867225
256,5,1-7,adjust,-0.006643902260094001,0.007938457107762713,0.01112590464374673
256,6,1-7,adjust,0.40205650220509176,0.006641075280513644,0.003377664664039758
256,9,1-8,adjust,0.04098471554240972,0.005647502572501438,0.007075646104017019
257,2,1-4,adjust,-0.08488869483916367,-0.009973138605113207,0.011939987802964416
257,3,1-4,adjust,-0.03153353956344794,0.0022314358442244034,0.005087983041916292
257,6,1-5,adjust,-0.06984968802915678,-0.008101322373416377,0.003934465105084807
257,7,1-5,adjust,0.3579831599826024,0.002297458839448348,0.0015868077251460333
257,8,1-5,adjust,0.5724371682233842,8.72427317466087e-05,0.0009377366628221911
257,9,1-5,adjust,0.26872058628139067,0.006557860030989671,0.004603632239229591
258,2,1-7,adjust,0.3190011862547612,0.0037551748001241475,0.005936590524157992
258,3,1-7,adjust,0.5575370817630627,-0.006930879807527626,0.006477372661985644
258,4,1-7,adjust,-0.4994322811522076,-0.0002197241362719168,0.0007826366933364225
258,5,1-7,adjust,0.3204492109020659,-0.003962575684139528,0.009082800473062336
258,6,1-7,adjust,0.4868184077774787,0.004341863014836981,0.008238869333108459
258,9,1-8,adjust,0.005462030796925242,-0.006091599887873899,0.0014878272737058854
259,2,1-4,adjust,-0.12131468921882001,-0.0024170144292847643,0.0016526689648519643
259,3,1-4,adjust,-0.9061016217638889,0.0058090362426077395,0.0005725147135579823
259,6,1-5,adjust,-0.20863976150668503,-0.001299597551954369,0.0021178788251302815
259,7,1-5,adjust,0.20054714601627985,-0.0011810802676538257,0.009807327798077787
259,8,1-5,adjust,-0.0608528402660299,0.0002326478683185794,0.0026956252473648848
259,9,1-5,adjust,0.12292159368581766,0.011453415148095624,0.0034541532685153967
260,2,1-7,adjust,0.32167679620964523,-0.0007531473617785828,0.007338794931081644
260,3,1-7,adjust,0.34738267413852997,-0.003532361985386171,0.00938319285167214
260,4,1-7,adjust,1.106159471724217,-0.00010828396136409401,0.006065562192116395
260,5,1-7,adjust,0.275638974993602,-0.001562815417574768,0.004490188762767457
260,6,1-7,adjust,0.07595471855060477,0.001306379056408688,0.008500528321358428
260,9,1-8,adjust,-0.10149915343682497,-0.002637257218030957,0.0062277128208286965
261,2,1-4,adjust,-0.032278467507036536,0.002555023397691308,0.004408611666969495
261,3,1-4,adjust,0.6422636430452382,0.0030172475765233788,0.010983309556200358
261,6,1-5,adjust,0.1623755873615138,-0.008340814478854158,0.007812535581493875
261,7,1-5,adjust,0.44034321689519285,0.005159934054793282,0.005270288120715823
261,8,1-5,adjust,-0.4555594540213625,0.0008956901676742668,0.0003351335005245612
261,9,1-5,adjust,0.16192675643359855,-0.006238998906572088,0.008468933417420492
262,2,1-7,adjust,-0.4755439525368488,0.012320757388689494,0.015501542970666297
262,3,1-7,adjust,-1.2785528774988595,0.006389040922887128,0.005900295708130274
262,4,1-7,adjust,-0.5333130905562898,0.0068586044938036585,0.0010653755046545646
262,5,1-7,adjust,-0.11310254737813863,0.0033908761019336834,0.0031800171636560256
262,6,1-7,adjust,0.23576606434001815,0.0011995471794401808,0.0028778993303780302
262,9,1-8,adjust,-0.3571432683329426,-0.0033758693713765975,0.019114987017778154
263,2,1-4,adjust,0.18012401845940462,-0.007187302572869422,0.0006109668347152087
263,3,1-4,adjust,0.6692062877857267,-0.003759173970587333,0.0029331512100152957
263,6,1-5,adjust,-0.003469551942376513,-0.0009567734040599241,0.00904411337094027
263,7,1-5,adjust,-0.6071290845786501,-0.0014754154348927703,0.0010592193202933742
263,8,1-5,adjust,0.1826693420406359,0.004703853327133647,0.0064535408382028195
263,9,1-5,adjust,0.21743941906326872,0.008322792508640342,0.005018352116383061
264,2,1-7,adjust,-0.05045733601642305,-0.0034097220578640564,0.003352410930634654
264,3,1-7,adjust,-0.04251873163117428,-0.0029121572355563542,0.006674447335281655
264,4,1-7,adjust,-1.2733376496502744,0.005375086176611047,0.00421660942760259
264,5,1-7,adjust,-0.25945513838582146,-0.0006453067992103423,0.0016661000506272416
264,6,1-7,adjust,-0.6425901185141297,0.005798754677509598,0.0033233559391986963
264,9,1-8,adjust,0.01918616814843742,-0.004298703551092079,0.005342649666134221
265,2,1-4,adjust,-0.5814953610625735,0.02410260393217304,0.012176404030385578
265,3,1-4,adjust,-0.8373151745500552,0.009677046502845706,0.013283489511499328
265,6,1-5,adjust,0.28129372315132933,-0.004084647910331779,0.006247486166930733
265,7,1-5,adjust,-0.28723729869334425,-0.004202003555909536,0.004627243516147193
265,8,1-5,adjust,0.11059911411655218,-0.010080815404763532,0.007803246444184273
265,9,1-5,adjust,0.24581686929474506,0.007223243275822597,0.0012696439916528505
266,2,1-7,adjust,0.7035328937524749,-0.02147826344856745,0.005520358073492539
266,3,1-7,adjust,1.2316509017854471,-0.022290293289077893,0.0011582719029892981
266,4,1-7,adjust,0.9195633424603955,-0.018691982570822534,0.0019780280808117997
266,5,1-7,adjust,0.09088735505155968,0.004734858363679522,0.011652972412441278
266,6,1-7,adjust,-0.23635387295303348,0.011797423187601781,0.011692382795290144
266,9,1-8,adjust,-0.3457314895268271,-0.013423324731523578,0.00375446271715868
267,2,1-4,adjust,0.3156218372405393,-0.012990019884711402,0.0138257078369973
267,3,1-4,adjust,-0.22432208416310845,0.009979977588159397,0.009616224665436445
267,6,1-5,adjust,0.21678119799237722,-0.004758506594121919,0.0015780463303254092
267,7,1-5,adjust,0.9599720106973847,0.007608839445697608,0.01278986286536966
267,8,1-5,adjust,0.5265892047050208,0.012018607867389688,0.01467893386327835
267,9,1-5,adjust,0.397815525448564,0.01393246106743873,0.008053797794844487
268,2,1-7,adjust,-0.7621255552478793,0.025848741733994655,0.004247949079206893
268,3,1-7,adjust,-1.0475381627760805,0.004538235476774474,0.0015477399047103492
268,4,1-7,adjust,-0.8282982861343097,0.02020118906311052,0.0039409432492496016
268,5,1-7,adjust,0.3460455684902285,-0.005100081934025082,0.0028162862482700624
268,6,1-7,adjust,-0.010577674830654174,-0.01028079332084663,0.002408604272701606
268,9,1-8,adjust,0.03727393616203653,0.0054865883386745196,0.00576048333266863
269,2,1-4,adjust,-0.06545058701105075,0.004126057598497389,0.019694931073050065
269,3,1-4,adjust,-0.07046541378718608,0.01852176412231098,0.021542820280879418
269,6,1-5,adjust,0.22587476039515764,0.015482768968333354,0.0012152397207779355
269,7,1-5,adjust,-0.41230224686897576,-0.0115138152292813,0.00694519217184199
269,8,1-5,adjust,-0.415849543622427,0.0020849962581167185,0.007111807061905159
269,9,1-5,adjust,-0.31837827955211995,0.0005455840830917041,0.004124654653753178
270,2,1-7,adjust,0.5017565448753197,-0.022092403462809333,0.008964731398745597
270,3,1-7,adjust,1.0466939277154685,-0.02042053662850512,0.008521211717883689
270,4,1-7,adjust,1.1327877719846642,-0.01315081298671692,0.00809115008190006
270,5,1-7,adjust,0.3730415328980134,0.002943025183089567,0.0052188246198177635
270,6,1-7,adjust,0.41355691765051494,0.0031987672753356843,0.0005782251258374232
270,9,1-8,adjust,0.15079514231876048,-0.0074286912657083705,0.008349412252822883
271,2,1-4,adjust,0.15023175848115722,-0.00125802371598939,0.004974677038763633
271,3,1-4,adjust,0.09713677633982565,-0.007393743252324868,0.005692913645042913
271,6,1-5,adjust,0.00839113344344445,-0.005170869529921252,0.008521490905499043
271,7,1-5,adjust,0.0814223032840226,0.010357072848537721,0.0009229159668243623
271,8,1-5,adjust,-0.05227014566719716,-0.004574144158586582,0.0030714128928696757
271,9,1-5,adjust,0.15348532763341943,0.001350304696766764,0.0074046871235404115
272,2,1-7,adjust,-0.5617863582088778,0.00449931369519781,0.000919917632891305
272,3,1-7,adjust,-0.11033858117758841,0.007133038031629758,0.0008216661890561877
272,4,1-7,adjust,-0.8769295861951285,0.0038098730690970008,0.002974769567040806
272,5,1-7,adjust,-0.5749028539110314,-0.00820194819059175,0.004966844585188785
272,6,1-7,adjust,-0.47204213447042104,0.002972497597953414,0.0034223935249670916
272,9,1-8,adjust,-0.28183714617389855,-0.0006375148536580727,0.0016326351886190508
273,2,1-4,adjust,0.19766210636907658,0.010930552062203997,0.005973839098929469
273,3,1-4,adjust,-0.5203871107207848,0.01381422693231953,0.015065788599500703
273,6,1-5,adjust,-0.3174238746631099,-0.0014172636876592605,0.006117733485574879
273,7,1-5,adjust,-1.1591526265422063,-0.00819860411282594,0.003301335503125579
273,8,1-5,adjust,-0.3455578774168872,-0.005123660747813747,0.0027118000669818496
273,9,1-5,adjust,-0.135139221625107,-0.007136570390065289,0.0006222026042071198
274,2,1-7,adjust,0.189164673894618,-0.016966152778006754,0.004644109176469728
274,3,1-7,adjust,0.43546649635845297,-0.01802572164841334,0.0012940205437235155
274,4,1-7,adjust,1.4199786301182964,-0.0009954082504172413,0.004920638352624094
274,5,1-7,adjust,-0.3767047433468546,0.002841677628212871,0.008531486939379397
274,6,1-7,adjust,-1.0817433391676923,-0.02096254489592553,0.004962159303591248
274,9,1-8,adjust,-0.1772760311685004,-0.010955745153410943,0.0009631049030177192
275,2,1-4,adjust,0.10875387709100968,0.0004070996349203156,0.00927148118887881
275,3,1-4,adjust,0.49102317906621185,9.40298415869479e-05,0.011004254669826114
275,6,1-5,adjust,0.7873722269161638,0.006994903046538168,0.01889222322590862
275,7,1-5,adjust,0.7714140915472746,0.004779386953851543,0.008163660431493889
275,8,1-5,adjust,0.16772959277907043,-0.002356530389502122,0.004640022154097985
275,9,1-5,adjust,-0.08708977134225628,0.008358158621524718,0.001578613198264066
276,2,1-7,adjust,0.08816447678872258,-0.000642448649226977,0.0007445604883237508
276,3,1-7,adjust,-0.22562076860682628,0.003486731489367664,0.001797958096737132
276,4,1-7,adjust,-0.9131685204187922,0.003683520698860015,0.0094489544067445
276,5,1-7,adjust,0.10171577541152702,0.006256671019676352,0.012144876465386032
276,6,1-7,adjust,0.11408892253742851,0.0011575420869671554,0.0028465045575035036
276,9,1-8,adjust,0.09701238439086605,-0.010323962973647315,0.003542038287875526
277,2,1-4,adjust,-0.421040551939506,0.01760023839875859,0.002983635668973123
277,3,1-4,adjust,-0.4175591657776431,0.008114740829647235,0.005812671392515311
277,6,1-5,adjust,0.1864880053041162,0.012225449287997356,0.010863596949873874
277,7,1-5,adjust,-0.17961866236589835,0.0033030369958806367,0.0008793360393562485
277,8,1-5,adjust,0.06701912358191801,0.000402218157728988,4.3612472539545154e-05
277,9,1-5,adjust,0.13817729374582477,0.014158052089909565,0.0014207715773566507
278,2,1-7,adjust,0.30932630208252704,-0.007284075145920491,0.014181972658731137
278,3,1-7,adjust,-0.1900530310273882,-0.0035166603302639555,0.010317230406367565
278,4,1-7,adjust,-0.02263464887085584,0.0008078654382085681,0.009817434095536887
278,5,1-7,adjust,0.30337135975336255,0.0036630048847543983,0.009112977568843775
278,6,1-7,adjust,-0.261508861677324,-0.005662933983922111,0.014360586537121441
278,9,1-8,adjust,-0.23105966510040143,-0.0018073440618424591,0.00544657279402672
279,2,1-4,adjust,-0.4182094914652518,0.0035965896586469086,0.0002955562686432071
279,3,1-4,adjust,0.1295516125387568,-0.003922545563746778,0.0010447780547945132
279,6,1-5,adjust,0.5550209347280641,0.00084324360255714,0.003325871127646449
279,7,1-5,adjust,0.6399471904523457,0.006235150271824503,0.0014467434135673103
279,8,1-5,adjust,-0.07697254124473744,0.0028760858439409467,0.0067366361864741086
279,9,1-5,adjust,0.9321572270099332,0.006259644351106177,0.001774286356771723
280,2,1-7,adjust,-0.3439690125469259,0.010418014071077404,0.01508043805140685
280,3,1-7,adjust,-0.877494760639103,0.01432459374977577,0.009308470296514335
280,4,1-7,adjust,-0.24536871046739794,0.0031713362674241933,0.008367121815583462
280,5,1-7,adjust,-0.5305480492718267,-0.007874848982433352,0.004978372800400869
280,6,1-7,adjust,0.04238634039849567,0.007495226728544549,0.0036712885659902733
280,9,1-8,adjust,-0.66576154433215,-0.002863914824581061,0.015314787388436758
281,2,1-4,adjust,0.2520819456614942,-0.007149558574143343,0.007685922967905061
281,3,1-4,adjust,0.6526772299173623,-0.009098794618127862,0.003958859448133538
281,6,1-5,adjust,-0.8633891904653432,-0.013206057000100023,0.01397080870717718
281,7,1-5,adjust,-1.2772497397955256,-0.005184786006431622,0.01319519487923067
281,8,1-5,adjust,-0.02300066622285313,-0.0007627490752993445,0.01609556530905102
281,9,1-5,adjust,0.2070660069849801,0.0010769887242602933,0.006600157712869864
282,2,1-7,adjust,0.04209882591824243,-0.006616629121777742,0.006314510713988935
282,3,1-7,adjust,0.3903820531925678,-0.0030521049190288256,0.011664649357980793
282,4,1-7,adjust,-1.0008477996896252,-0.0050476802976623806,0.015412147810165599
282,5,1-7,adjust,-0.36022259693711955,0.003338823190965629,0.014032485783143488
282,6,1-7,adjust,-0.7391844269216906,0.006464546200951637,0.017410064001967093
282,9,1-8,adjust,-0.3324119326850624,-0.002703412687907955,0.0022429651396568273
283,2,1-4,adjust,-0.1959309071726929,0.011359787779483686,0.0005752350956031226
283,3,1-4,adjust,-0.928449065328692,0.009992275668289401,0.007156791852692382
283,6,1-5,adjust,0.579610014343389,0.006798258239158643,0.005345282461915674
283,7,1-5,adjust,0.9271393820645308,-0.015068759536648445,0.0012685126628839331
283,8,1-5,adjust,-0.2757113856012697,0.006741359463317904,0.0030438849108415426
283,9,1-5,adjust,0.05250474536369897,0.004120945326681645,0.006438010214641768
284,2,1-7,adjust,1.203943522989658,-0.032826670019116266,0.01342838592182259
284,3,1-7,adjust,1.3376246773042055,-0.015862748641630533,0.0067218262952092305
284,4,1-7,adjust,1.7642916677513818,-0.005773267964683427,0.0018610122775184965
284,5,1-7,adjust,1.1252280888390735,-0.002007476114897382,0.005949197437647338
284,6,1-7,adjust,0.8276533188986985,-0.013279033477215756,0.014866781057495893
284,9,1-8,adjust,-0.027052437363163616,-0.003853827829680247,0.0003014586912723743
285,2,1-4,adjust,-0.7834960544121196,0.014245447211778575,0.005029575876958925
285,3,1-4,adjust,-0.26591408882685974,-0.0009546748469399071,0.0007704966573619302
285,6,1-5,adjust,0.3327669980471756,0.0014694901078821734,0.0003873652164343218
285,7,1-5,adjust,0.6352616784119541,0.008208989284017622,0.008255300056624755
285,8,1-5,adjust,0.5584515150533352,-0.009355575033439194,0.004523090288738646
285,9,1-5,adjust,0.5422757396865,0.011355928992672282,0.01338620501229193
286,2,1-7,adjust,0.18378588258244044,0.0025977169553454494,0.00016813509496615641
286,3,1-7,adjust,0.23774999461264712,0.004000111796212786,0.010515779593118597
286,4,1-7,adjust,-0.1002169997768292,0.0038229742920160925,0.0074609651847231786
286,5,1-7,adjust,0.30605366976845416,0.0023043569090613423,0.006495921823017878
286,6,1-7,adjust,0.2735910071480308,0.0004212645970237829,0.005129609713032571
286,9,1-8,adjust,-0.5673654521912094,-0.016760027243663992,0.005801043761274581
287,2,1-4,adjust,0.04041197272986624,-0.0045494552956572756,0.007549407872261312
287,3,1-4,adjust,-0.21073080652401102,0.003955963480482622,0.003249480241013705
287,6,1-5,adjust,-0.2189619094478158,0.0033515696133540798,0.006329329087294139
287,7,1-5,adjust,0.024201351980138154,0.0012069600299554144,0.005030551924831481
287,8,1-5,adjust,0.02857362952042165,0.012099161278480016,0.008183087700573298
287,9,1-5,adjust,0.34709195715682556,0.00907264902108557,0.00594939813071542
288,2,1-7,adjust,-0.33000623787893146,0.00947135957236478,0.00691953554898913
288,3,1-7,adjust,0.39128118347095375,-0.009597532352955681,0.013752662252201644
288,4,1-7,adjust,0.8909420051494367,-0.0034768263184010643,0.005386367676438197
288,5,1-7,adjust,-0.10034134441215738,-0.010661029796024403,0.006884492936544038
288,6,1-7,adjust,0.1102093942111047,-0.006138636566659228,0.005311364020747731
288,9,1-8,adjust,-0.05195717176755992,0.003706178967838705,0.00525301110796547
289,2,1-4,adjust,0.5708266619849931,-0.012298520188481406,0.0029658080355885316
289,3,1-4,adjust,0.4610190949032475,-0.006963960761103719,0.00592423358155026
289,6,1-5,adjust,-0.4973306867476539,0.005089564095628804,0.013913931055792781
289,7,1-5,adjust,-0.5516532114361756,-0.003953845122828479,0.0031761419930498172
289,8,1-5,adjust,-0.2667377702195913,-0.014238622990583885,0.0008657843397442271
289,9,1-5,adjust,-0.3743445299950027,-0.012889764452500943,0.002567398241167016
290,2,1-7,adjust,-0.6605400121922806,0.010831549237713678,0.004354971780319031
290,3,1-7,adjust,-0.49360863581299896,0.016376319707335774,0.003394479242682282
290,4,1-7,adjust,-0.08460158766496614,-0.0013979821762455159,0.006555921305152795
290,5,1-7,adjust,0.22808898731671948,0.003951057193530207,8.890866539750693e-05
290,6,1-7,adjust,0.5676816715623463,0.0075273019949375795,0.008512647958554885
290,9,1-8,adjust,-0.0361067029877634,-0.007207490692375909,0.005742011360041247
291,2,1-4,adjust,0.6935481205924309,-0.01581965473556636,0.008607495262061306
291,3,1-4,adjust,0.328421209404869,-0.015338183172717106,0.010761912046284456
291,6,1-5,adjust,-0.5538008924318316,0.004161090897659508,0.0031382773634228327
291,7,1-5,adjust,0.32678546738620945,0.0030117951888591365,0.01061783145782922
291,8,1-5,adjust,-0.12515966296940398,0.017805735195678983,0.0056515918064736406
291,9,1-5,adjust,0.3031241954553358,0.004290301730479823,0.0020464107340943554
292,2,1-7,adjust,-0.3877791719366858,0.017605888994052025,0.003834814752775622
292,3,1-7,adjust,-0.17962298488292253,0.0024051186200308773,0.010397525551434117
292,4,1-7,adjust,-0.9588464187430267,0.004678288437500938,0.011560581672911796
292,5,1-7,adjust,-0.12801732517984085,0.01050360889438622,0.004890397552130516
292,6,1-7,adjust,0.6854639253724275,-0.006722530764906332,0.006529748770839015
292,9,1-8,adjust,0.05482801219695493,0.015165716349650875,0.00027603949120275724
293,2,1-4,adjust,-0.2904638927135321,-0.010468092926249464,0.005660417383989129
293,3,1-4,adjust,-0.4959208401107161,0.0025202249516070294,0.00349252207315679
293,6,1-5,adjust,-0.1702944641901004,0.007883395900181021,0.007581397708411845
293,7,1-5,adjust,0.39894765843295776,0.0063937267661359695,0.009414874854682561
293,8,1-5,adjust,1.1946446832259383,0.00015783669879274858,0.007199102640175031
293,9,1-5,adjust,-0.018251140853548693,0.007185317103505966,0.004683214707622149
294,2,1-7,adjust,-0.17893387557286952,0.01741824501140027,0.001888012789418188
294,3,1-7,adjust,0.03714822083133738,0.01416221783258604,0.0033076609619798803
294,4,1-7,adjust,0.04543922053151209,-0.0047956592081916825,0.008436404359700384
294,5,1-7,adjust,0.3319432418334345,-0.01139378806464781,0.00791350062257942
294,6,1-7,adjust,-0.015047324636760466,-0.015536158072868338,0.0017719200498877547
294,9,1-8,adjust,0.6403959115186626,0.0022805822654024532,0.003074240301493012
295,2,1-4,adjust,0.5362053186588119,-0.015657462510149288,0.007985031931722482
295,3,1-4,adjust,-0.04951508387344929,-0.011859121323483093,0.007317578493102392
295,6,1-5,adjust,0.21724485661068882,0.0013467886785162233,0.008404034725477686
295,7,1-5,adjust,-0.20806759317231452,-0.0027180212972556235,0.005579805524849986
295,8,1-5,adjust,-1.149095394753285,-0.013819369131178988,0.0013135286978530419
295,9,1-5,adjust,-0.800074940630717,-0.02585458348024466,0.003668017583992182
296,2,1-7,adjust,0.14509221330496294,0.0036107213672751342,0.0004387459486376583
296,3,1-7,adjust,-0.46849810747835857,0.010836169560067237,0.005851314763559508
296,4,1-7,adjust,-0.12893034958613264,0.005369805236305719,0.0013614424278491125
296,5,1-7,adjust,-0.8897845661631878,-0.0014653590083885568,0.008779399110002825
296,6,1-7,adjust,0.24239241967249325,0.008057013712231588,0.000712201046699424
296,9,1-8,adjust,0.04426356729910565,0.000836611013137986,0.017362797207472674
297,2,1-4,adjust,-0.15482920939113623,-0.0026964464526785903,0.0017034738949094463
297,3,1-4,adjust,0.11968949376304258,-0.008782841062201067,0.0015362661307768183
297,6,1-5,adjust,-1.2542760161102766,-0.003844143989441604,0.00692545536957766
297,7,1-5,adjust,-0.6576162949802972,-0.009200290063285623,0.0063411944379558405
297,8,1-5,adjust,-0.7191237905571024,0.010208924413665279,6.051708091234633e-05
297,9,1-5,adjust,-0.19068509870502012,0.0008590558747483385,0.009908329682337987
298,2,1-7,adjust,0.4535070952502879,-0.004632261808920855,0.0035569355764481854
298,3,1-7,adjust,0.47443216676963446,-0.005013125348794773,0.00877131531914566
298,4,1-7,adjust,0.3628135285644096,-0.0009223973899713876,1.7521497233890896e-05
298,5,1-7,adjust,0.3397606767769523,0.004710787163786055,0.00850392789193265
298,6,1-7,adjust,0.6547416429181854,0.0005977978422729047,0.014118209668442438
298,9,1-8,adjust,0.011053145295668428,0.004210493610142431,0.004772587936786065
299,2,1-4,adjust,-0.4540994628702359,0.009496507023130322,0.0017878000238356771
299,3,1-4,adjust,-0.24037083973052262,0.006248336488196206,0.00013710499988799947
299,6,1-5,adjust,-0.27846047997157375,-0.0027935259187856364,0.0022271306302673365
299,7,1-5,adjust,0.3127817302800627,0.003633292347017531,0.0034032784654514934
299,8,1-5,adjust,0.4265119525168262,-0.011906697373211862,0.004696172712877178
299,9,1-5,adjust,0.4221593618110433,0.0020665692462951968,0.0018669151539946124
300,2,1-7,adjust,0.2368375125279278,-0.0025996764001638946,0.006340844954306133
300,3,1-7,adjust,0.08945581236461855,-0.001487308401489153,0.008300679813196108
300,4,1-7,adjust,-0.6652325981424281,-0.0012758198514264576,0.0010576426621029646
300,5,1-7,adjust,-0.2932189751894247,0.0005608883222327784,0.0022774627429408925
300,6,1-7,adjust,0.17155184257870656,-0.004939550852309561,0.0007322964758317028
300,9,1-8,adjust,-0.6926231614837384,-0.009651445910085746,0.005659750729855291
301,2,1-4,adjust,-0.24648435324733486,0.0020015359304002413,0.002199489673744481
301,3,1-4,adjust,-0.5505109049421228,0.009467078333745674,0.005035631198887332
301,6,1-5,adjust,-0.21899692387233366,-0.0025553865842907076,0.005423352916101773
301,7,1-5,adjust,-0.17582886365797434,0.010977485124400266,0.005270046698914029
301,8,1-5,adjust,0.4960805415038108,0.00808904028069029,0.0010349677527445172
301,9,1-5,adjust,0.44379852006028664,0.011926200148449483,0.00023308198801320687
302,2,1-7,adjust,-0.42828017556271014,0.004639175922748317,0.007292564016049072
302,3,1-7,adjust,-0.5695876842700377,0.00264674369767041,0.008814519195881942
302,4,1-7,adjust,0.3542624435474788,0.0035843999230170047,0.0041905408080546895
302,5,1-7,adjust,-0.4046112012385836,-0.001144859739190323,0.004628972759008258
302,6,1-7,adjust,-0.22729988897789152,0.010215986482890427,0.0033855731177074863
302,9,1-8,adjust,0.03910855879199816,0.0026764735011378794,0.006231688702031164
303,2,1-4,adjust,0.2679836171979756,-0.002464252519163101,0.0012465332361177325
303,3,1-4,adjust,1.0328281051961399,-0.018940759112251685,0.01694654501954253
303,6,1-5,adjust,-0.23687192662566042,-0.01242931370036496,0.012475834142119948
303,7,1-5,adjust,0.06581797465737063,-0.018790331095031896,0.00976543767501502
303,8,1-5,adjust,-0.2985155790215146,-0.0028969342377692464,0.007500082246658432
303,9,1-5,adjust,-0.09552027929457901,-0.008798362053191185,0.0068878432645509205
304,2,1-7,adjust,0.5808010107306548,-0.019670877727465588,0.007435144911003769
304,3,1-7,adjust,0.00831200176734873,-0.0024368828086136314,0.0049223379546973626
304,4,1-7,adjust,0.5471729452854273,-0.006689130386451306,0.0010102782093208925
304,5,1-7,adjust,1.6421687443365143,-0.0005724374729978593,0.009364417886864046
304,6,1-7,adjust,0.8297234043001441,0.006954787883131489,0.012747870713177586
304,9,1-8,adjust,-0.1416499382774898,0.005933774976741632,0.00948887163087725
305,2,1-4,adjust,-0.20890813364042501,0.009007886075616547,0.0005938339861385638
305,3,1-4,adjust,0.41732976501491126,0.0003387442931919182,0.0007373028674315805
305,6,1-5,adjust,0.6429153075167067,0.011199163876252215,0.011724916994555789
305,7,1-5,adjust,0.363713734954192,0.015149879095828758,0.0074747336198870955
305,8,1-5,adjust,0.1442035334845426,-0.0026454020377691552,0.0023479761077387874
305,9,1-5,adjust,0.4152599522076716,0.000246519213675246,0.007632834783000604
306,2,1-7,adjust,-0.6242834253953363,0.010354477727136885,0.00599339232130956
306,3,1-7,adjust,-0.4006278862864369,0.014370677613707654,0.0015723526333710125
306,4,1-7,adjust,-0.7929963694462899,0.005451439423709605,0.004025310150949926
306,5,1-7,adjust,-1.3134143194497565,-0.006792322212758173,0.0013134448131270381
306,6,1-7,adjust,-0.7351652447339632,-0.014627615408239172,0.0011869951937583361
306,9,1-8,adjust,-0.3443544189848848,-0.009642119475707832,0.011676611811076164
307,2,1-4,adjust,0.19935882741355498,0.0077534851605969264,0.014644073041515375
307,3,1-4,adjust,-0.4322272265639217,-0.0037540496749123215,0.012707979470002982
307,6,1-5,adjust,-0.8515280353726516,0.008130967922943997,0.004574898292265236
307,7,1-5,adjust,-1.1517039684084542,-0.007453766553477256,0.006948548724643612
307,8,1-5,adjust,-0.5034687396618773,-0.0015329530726376878,0.0006096263333290498
307,9,1-5,adjust,0.09169236488283249,-2.466139304008296e-05,0.008035581381404687
308,2,1-7,adjust,0.5064972795436856,-0.011518022413374856,0.005161706775039654
308,3,1-7,adjust,0.2851283166058878,0.006616002869938812,0.01009140224959831
308,4,1-7,adjust,0.04861404017157334,-0.003783104779930964,0.011718992760861205
308,5,1-7,adjust,-0.6723740174314976,0.005789790758300694,0.00811490319403022
308,6,1-7,adjust,-0.09189449625945399,-0.0070814925745561,0.0037746912944638983
308,9,1-8,adjust,-0.39583591419892294,-0.002591579218327889,0.001086642285386201
309,2,1-4,adjust,-0.3538439724108758,-0.0004763538697713772,0.005503178927129141
309,3,1-4,adjust,0.0801867929672589,0.003206317530418284,0.007412390580641708
309,6,1-5,adjust,0.14044416269067653,0.0016173577714364592,0.00378227256767411
309,7,1-5,adjust,0.4292491480831191,-0.010700481387775171,0.004318773665804809
309,8,1-5,adjust,0.047266091994827085,0.0006158925965486124,0.002957281390927998
309,9,1-5,adjust,0.10407569100450219,0.008413598191840798,0.007145224103309963
310,2,1-7,adjust,0.7435551012133292,-0.01612150846162463,0.006492433658595047
310,3,1-7,adjust,0.5853799983195215,-0.019835902071397894,0.0031892150693155976
310,4,1-7,adjust,0.41702164631908545,-0.0037087879506716493,0.0029845268721406942
310,5,1-7,adjust,1.2461701484699335,0.006838946281007505,0.002843920393552999
310,6,1-7,adjust,0.781423876020702,0.0037892707623830373,0.0011465162903020409
310,9,1-8,adjust,0.03340333867076855,-0.005861089811746635,0.0064517824425380475
311,2,1-4,adjust,-0.4631956911005411,0.013353282341326078,0.01131674538301363
311,3,1-4,adjust,-0.10750237114779186,0.011675448996924392,0.0004544002687595633
311,6,1-5,adjust,0.38545908603325024,-0.00658269314713201,0.000477792174480659
311,7,1-5,adjust,0.6330070941622137,0.014466341327360886,0.006773367241609032
311,8,1-5,adjust,0.8092011316950107,0.0027510200441017603,0.0040640155025373735
311,9,1-5,adjust,0.6044050431493521,0.01622584853222424,0.009309788229553542
312,2,1-7,adjust,-0.599404172397148,0.007081514554237455,0.004706572813893928
312,3,1-7,adjust,-0.28785248857155693,0.002251456765987412,0.0010373370156396577
312,4,1-7,adjust,0.0397006749743526,0.006554908266770012,0.0030554113504212576
312,5,1-7,adjust,-0.4328274641666961,-0.0011063889433319378,0.002789938723107681
312,6,1-7,adjust,-0.0042133202431761715,0.015352872504377424,0.0019530143006058485
312,9,1-8,adjust,-0.3662322330921642,-0.003391536887663428,0.002052188028451985
313,2,1-4,adjust,0.1748079411003512,0.003910575385785387,0.00015367523577643498
313,3,1-4,adjust,0.23165311250424897,0.0036433684991998673,0.0074315274904249926
313,6,1-5,adjust,-0.592318362218366,0.00016670108888161786,0.0008512037209947198
313,7,1-5,adjust,-0.6236148125591019,-0.0018699269614761618,0.0023042202039397345
313,8,1-5,adjust,0.24468955649764718,0.005928327789700427,0.0027504278222855194
313,9,1-5,adjust,0.39756018957678085,0.0062063691369745235,0.0032253251098643505
314,2,1-7,adjust,0.3106208475362193,-0.004325034576026807,0.0005122219044481298
314,3,1-7,adjust,0.09912393780031187,-0.014232822014736796,0.009766583889916157
314,4,1-7,adjust,-1.4313674274253099,-0.0037758337196892628,0.0009565740689225582
314,5,1-7,adjust,-0.06279775510787429,-0.003901103394952108,0.002165413752152557
314,6,1-7,adjust,-0.4241067597606629,-0.006940580704544841,0.007321790871723043
314,9,1-8,adjust,0.06868267881314753,0.0005859324589498802,0.007140551316464179
315,2,1-4,adjust,-0.5224278806444257,0.009112824895345139,0.010996529229118066
315,3,1-4,adjust,-1.172502304844126,0.02020813904319426,0.015699238557760894
315,6,1-5,adjust,0.2829559036694642,-0.004583981470016497,0.011717001730823714
315,7,1-5,adjust,0.3897541157183327,0.0034330204507577768,0.004707882218875111
315,8,1-5,adjust,-0.5880279855963523,-0.00271071323549958,0.0034078823581733136
315,9,1-5,adjust,-0.5381407037870316,-0.00780397556760313,0.004380036681102281
316,2,1-7,adjust,0.3144411476039964,-0.009895844595207537,0.001049358626363287
316,3,1-7,adjust,0.7698442519916799,-0.014294007742521445,0.002465905520076008
316,4,1-7,adjust,0.9495668846341858,0.008754521940968095,0.0008338497474667302
316,5,1-7,adjust,0.21850040936246495,0.00297002742967721,0.0032702909743375403
316,6,1-7,adjust,0.2343944275263074,0.00817342881207581,0.0023521822846876974
316,9,1-8,adjust,0.21654182806637384,-0.004064176991368152,0.005302147745975431
317,2,1-4,adjust,-0.14231800279843634,0.004658328335531199,0.0014408712588982954
317,3,1-4,adjust,-0.13507609056733294,0.015197264328522052,0.006485420783702129
317,6,1-5,adjust,0.27561574646591247,-0.008885847781665027,0.0005264025084996957
317,7,1-5,adjust,0.11690777538146872,0.008624975507992265,0.008636280855792872
317,8,1-5,adjust,0.8224531687403102,0.0005841064850548301,0.0013944016311238255
317,9,1-5,adjust,0.28468872044257976,0.013891899038647001,0.001337325161998626
318,2,1-7,adjust,-0.3663697082320011,0.00014559187691929362,0.002330290648045799
318,3,1-7,adjust,-0.3439018205130966,-0.01213323572445232,0.0028390647665813055
318,4,1-7,adjust,-1.0345584647971393,0.008325502068253061,0.01626855175581754
318,5,1-7,adjust,-0.5864498368919472,0.006731185288984826,0.004831873064223902
318,6,1-7,adjust,-0.41056312886542606,0.008731738019651603,0.012832773187577105
318,9,1-8,adjust,0.1211369101569415,-0.006954381051024611,0.0071730398663608
319,2,1-4,adjust,-0.28611067392075723,0.02253220685691554,0.016636729591540073
319,3,1-4,adjust,-1.0235418342061084,0.005584296580641602,0.011933360886216942
319,6,1-5,adjust,-0.1501275284086386,-0.0025495484283604565,9.275700581956058e-05
319,7,1-5,adjust,0.2332929486157574,-0.012194635511601624,0.004134265521267905
319,8,1-5,adjust,-0.1079367408528834,-0.004700111836612318,0.006216369564557563
319,9,1-5,adjust,0.009963701756304306,0.002385775519792566,0.0035914165906353007
320,2,1-7,adjust,0.6313361198784996,-0.02685282536136342,0.0010762525530996492
320,3,1-7,adjust,1.5184784751365408,-0.012654128115499435,0.001246233498309973
320,4,1-7,adjust,0.9178005606860614,-0.014926811806915581,0.0018246508001443973
320,5,1-7,adjust,1.0641287877224535,-0.014851918647048152,0.0027249596868206003
320,6,1-7,adjust,0.806066416041244,0.0029970736514797576,0.006433705757299071
320,9,1-8,adjust,-0.20047882980800613,-0.003284331739744071,0.006267546308516057
321,2,1-4,adjust,0.06332450216340044,0.0015616599760939836,0.013681845545796425
321,3,1-4,adjust,-0.3284928002892745,0.011013288480164108,0.014605748333059406
321,6,1-5,adjust,-0.36668146586551675,-0.006931735087873082,0.00945157618966184
321,7,1-5,adjust,-0.15335487198466874,-0.005007341965969596,0.0035785955432614896
321,8,1-5,adjust,-0.6954384279090273,-0.003983959976029341,0.0020302893001321962
321,9,1-5,adjust,-0.33856646824637665,-0.005031335064001916,0.0011379413560039648
322,2,1-7,adjust,0.10744733167785839,-0.008636822108211092,0.0035609936175800667
322,3,1-7,adjust,0.6319793723082704,-0.007132539604367547,0.008369529687659432
322,4,1-7,adjust,0.8133800326235459,-0.0014981535811968726,0.006327593867996689
322,5,1-7,adjust,-0.6927016667752012,-0.004883300034503148,0.004619549078720389
322,6,1-7,adjust,0.23189983645986192,-0.00013627880436508513,0.0008206508272253113
322,9,1-8,adjust,-0.10046541340886983,-0.0028466994706196707,0.007461274833419602
323,2,1-4,adjust,0.24921015676777716,0.00038028297928474673,0.0028810935401461465
323,3,1-4,adjust,0.11811563306149211,-0.006887038071952832,0.0050654934284609255
323,6,1-5,adjust,-0.8319895204590603,0.006515379974390768,0.0060168250439017615
323,7,1-5,adjust,-0.5800747001144381,-0.009859995624107517,0.008449377084593916
323,8,1-5,adjust,-0.5302560693619686,-0.003803914418358727,0.008676020875109361
323,9,1-5,adjust,-0.0982894817155154,-0.003571797815075519,0.006622888321561326
324,2,1-7,adjust,0.5322248910537825,-0.020251761772751252,0.004322314998693826
324,3,1-7,adjust,0.8637634345157366,0.001584146783547556,0.005846589316874998
324,4,1-7,adjust,1.6167730482143192,-0.0012110077106746346,0.0047284652407763176
324,5,1-7,adjust,1.2100760892314435,0.015394450302730046,0.0027123100833452694
324,6,1-7,adjust,0.42353579079467724,-0.003553778122426539,0.0032697287586418043
324,9,1-8,adjust,-0.30149375228299,-0.017606398721341704,0.002246022390244333
325,2,1-4,adjust,-0.0502105704831187,0.005898756489315354,0.020603491863430953
325,3,1-4,adjust,0.2890643815620534,-0.0102049092245735,0.023330901240343132
325,6,1-5,adjust,1.3295437273053927,-0.0032796595480543626,0.0024453993750632717
325,7,1-5,adjust,1.4227470262484692,0.01356972821402282,0.0014136420819984574
325,8,1-5,adjust,0.9837689928434289,0.02046148170003112,0.010245813696703734
325,9,1-5,adjust,0.6790368084995355,0.03285073560096486,0.014959081083494117
326,2,1-7,adjust,-0.5687611938258016,0.0197877823838745,0.010103294047300758
326,3,1-7,adjust,-1.723916979367882,0.012088402067352804,0.010320777589410518
326,4,1-7,adjust,-1.9382858507563852,-0.0004233206530905597,0.011911233435609627
326,5,1-7,adjust,0.10968293404339832,-0.003025735543686425,0.00891821957397217
326,6,1-7,adjust,-0.0014621029575961984,0.0031173052528976264,0.020170889432519563
326,9,1-8,adjust,0.23140566344105362,-2.8985750450487744e-05,0.002341771317566289
327,2,1-4,adjust,0.027338093534142804,0.0024004745850908084,0.0008306149433517249
327,3,1-4,adjust,0.26548229813806534,-0.002283827618095413,0.001352552323622947
327,6,1-5,adjust,0.09151246056530155,-0.0029316226367643973,0.00761145901551113
327,7,1-5,adjust,0.016245264942704504,0.0025791917677053865,0.008492064047948526
327,8,1-5,adjust,0.2868424466505711,-0.003232933171711018,0.013745452701865992
327,9,1-5,adjust,-0.14946124593641347,0.002829109754160803,0.006741408578865246
328,2,1-7,adjust,-0.24436703947737284,0.0017681659503933009,0.0055201772843205274
328,3,1-7,adjust,0.3482322897411222,0.016070001475035577,0.0016018932576684342
328,4,1-7,adjust,0.8050850336965498,0.0027667528608780827,0.011462104907849045
328,5,1-7,adjust,-0.31736175954745105,-0.004858974445964776,0.01406894338548027
328,6,1-7,adjust,-0.24202910874010064,0.007431241173442818,0.011522740748066848
328,9,1-8,adjust,0.2877447411613375,0.009705575090860393,0.003756193317219406
329,2,1-4,adjust,0.47999297494636245,-0.015986023381811987,0.001681731163281285
329,3,1-4,adjust,0.1697940587404588,-0.018191959469830873,0.0023547548735926953
329,6,1-5,adjust,-0.545830380982946,-0.000946472807281436,0.00451257841257437
329,7,1-5,adjust,-0.7626695627389707,0.0015266074078676,0.0006032071862789401
329,8,1-5,adjust,-0.5028504188591669,-0.005458860389115058,0.0027449772669191326
329,9,1-5,adjust,-0.5402419413129727,-0.021438335786602026,0.00020784824797467598
330,2,1-7,adjust,-0.31491315411587273,0.01345744126628301,0.004033612038906532
330,3,1-7,adjust,-1.0957425262369471,0.016269667611411805,0.003363891569914681
330,4,1-7,adjust,-1.0550873212903906,-0.0002982280729068593,0.006847365796297602
330,5,1-7,adjust,-1.5408774931884273,0.0010825970849218274,0.006395683244879445
330,6,1-7,adjust,-0.1683268020506832,7.772750222869725e-05,0.0009914672138840257
330,9,1-8,adjust,0.105011661923411,0.005257805570026657,0.0022176904986092568
331,2,1-4,adjust,-0.1699472032042359,-0.008490121722716066,0.008175187221338117
331,3,1-4,adjust,0.217561613123543,-0.013526906950202124,0.012366565871963107
331,6,1-5,adjust,-1.2977994681582996,-0.012098372316898738,0.0003174600729779376
331,7,1-5,adjust,-0.9940618915384443,-0.009690487348753551,0.009973262929419368
331,8,1-5,adjust,-0.21055050921613294,-0.0076771112721321245,0.0007812941448316516
331,9,1-5,adjust,0.038707445969114136,-0.005994065812901686,0.0027389248637397696
332,2,1-7,adjust,0.43972788914645433,-0.0019885284549349203,0.003248130640038795
332,3,1-7,adjust,1.2628534554362572,-0.004066782471959043,0.008220854064630776
332,4,1-7,adjust,0.5348752845798816,0.004702756594754119,0.007306294846424094
332,5,1-7,adjust,0.7908543567286407,0.004585698668682515,0.009054140279379
332,6,1-7,adjust,0.6626290073118636,0.012736919599812496,0.011370868124409492
332,9,1-8,adjust,-0.32125663396728826,-0.005162077290394996,0.008047334788260661
333,2,1-4,adjust,-0.35757061330300915,0.005435046212214008,0.0022548742987690625
333,3,1-4,adjust,-0.7011773226320039,0.009685277154519048,0.007186229241636657
333,6,1-5,adjust,0.36253913439572005,-0.0021943299041306064,0.0009001562393445918
333,7,1-5,adjust,1.279817180151422,0.010478133560068778,0.007442052251243035
333,8,1-5,adjust,0.02318837910192131,0.007481996710657497,0.0008980794702634497
333,9,1-5,adjust,0.45193488712141255,0.011415344891914835,0.0033864997738834814
334,2,1-7,adjust,-0.4576270349758757,0.004948216977107645,0.01003370623863932
334,3,1-7,adjust,-0.8976673475984085,0.00440547366252689,0.001091705908930578
334,4,1-7,adjust,-0.59033288671458,-0.005740714316998522,0.0025143865069869064
334,5,1-7,adjust,0.7635140763618066,-0.000741950345038147,0.0020108280708864795
334,6,1-7,adjust,0.13822883578777026,-0.004382756084299477,0.004424980604432221
334,9,1-8,adjust,-0.24778956884016873,-0.013099660168043623,0.01307191139871842
335,2,1-4,adjust,0.43207284822616054,-0.00217668407252085,0.0005263966654416517
335,3,1-4,adjust,0.4380848901164772,0.0036399051727437955,0.010029635606081543
335,6,1-5,adjust,0.5115516711910595,0.0038565069761990326,0.012584062832880317
335,7,1-5,adjust,0.32666002886512535,0.0012679525304061612,0.014142983334776859
335,8,1-5,adjust,0.5332713353223437,0.0014939663346906717,0.004027515435208389
335,9,1-5,adjust,0.32600039596529135,0.018732073466430382,0.010491169692811641
336,2,1-7,adjust,-0.33140424578990463,0.015518258707989842,0.00583224708310452
336,3,1-7,adjust,-0.44839177501868466,-0.00410187623492515,0.0017973370719908438
336,4,1-7,adjust,0.30174919480017764,-0.002880684405665758,0.007028662356851642
336,5,1-7,adjust,0.022380606580547094,-0.005768689695140421,0.005749569570132394
336,6,1-7,adjust,-0.033303334257665795,-0.00040807011507902385,0.0005897642905394514
336,9,1-8,adjust,-0.20726888186910677,-0.006305578472640858,0.002734814290839328
337,2,1-4,adjust,0.7445213893538738,-0.025725073208716278,0.001955805778866474
337,3,1-4,adjust,0.7959635481918524,-0.005328352399595227,0.0028607187895186926
337,6,1-5,adjust,-0.0820461803636109,-0.005302227924416528,0.006294557476674683
337,7,1-5,adjust,-0.8003738538671591,-0.002368928101656482,0.009530823199094865
337,8,1-5,adjust,-0.41436076436573593,-0.0002530787067087145,0.0009870345070309822
337,9,1-5,adjust,-0.0879372949394102,-0.009941848555606356,0.0004011230135420045
338,2,1-7,adjust,-0.6020025764675082,0.017936111716506067,0.0034551422194238303
338,3,1-7,adjust,-0.33805105473284747,0.007593307972964315,0.008197354985159232
338,4,1-7,adjust,-0.08355852337772075,0.00854975506306427,0.006064423342257646
338,5,1-7,adjust,-0.67228211850729,0.007052029256914617,0.0014931893529849228
338,6,1-7,adjust,-0.6842032949113741,-0.0009955991989585736,0.004083200990849581
338,9,1-8,adjust,0.12857570126880838,0.0013241660363181567,0.009066667431100024
339,2,1-4,adjust,0.1612742364906404,-0.007680052365024883,0.0032437571737935836
339,3,1-4,adjust,0.14598757483741778,-0.006623964160141462,0.0006871830716113784
339,6,1-5,adjust,0.18354509253946788,0.004985767286448148,0.0043937010013557825
339,7,1-5,adjust,0.20252800969754792,0.001729498168279093,0.0021189020627422105
339,8,1-5,adjust,0.14267567371468837,-0.0019169008438871546,0.0017858350582462422
339,9,1-5,adjust,-0.11070782538462735,-0.004140807980680924,0.005853232640244444
340,2,1-7,adjust,-0.21270518615282555,0.005280577593645174,0.004559229218170392
340,3,1-7,adjust,-0.19263368655823046,0.007321647712932532,0.0009612261509412954
340,4,1-7,adjust,-0.43964634698816074,-0.002861828691037968,0.001271986659917407
340,5,1-7,adjust,0.6206148927733004,0.006349620394789678,0.00027888745686361954
340,6,1-7,adjust,-0.35001134046384874,-0.0025565983062205027,0.0018930689524476918
340,9,1-8,adjust,0.15334552055723857,0.010218540270634562,0.0021125121857257997
341,2,1-4,adjust,0.27970929521640897,-0.0015808638076356108,0.007605147350970368
341,3,1-4,adjust,-0.013154987178638364,0.0031299874001090417,0.004165221426440549
341,6,1-5,adjust,0.6632134142119472,0.015255567552622744,0.01447990870778437
341,7,1-5,adjust,0.07981641214482746,0.013078692251652929,0.01262628025751411
341,8,1-5,adjust,0.45265870367964534,0.017802219976728147,0.010731754052579829
341,9,1-5,adjust,0.5562557841653779,0.012386171183065705,0.007505127578151305
342,2,1-7,adjust,-0.8249802083939629,0.016413256473938816,0.008049921174182307
342,3,1-7,adjust,-0.965023651413028,0.009734793276782328,0.0009578761816112626
342,4,1-7,adjust,-0.8777576541650088,0.009895027703934257,0.004251873356669691
342,5,1-7,adjust,-1.031558937241485,0.0026121362390744414,0.008038105869294382
342,6,1-7,adjust,-0.6697985449316086,-0.01992881088425946,0.006902000622063116
342,9,1-8,adjust,-0.10486630969579909,0.006830696332525894,0.0036495223647352412
343,2,1-4,adjust,0.06484914198003985,-0.0010718489229718602,0.00806892730101022
343,3,1-4,adjust,-0.05936225818334436,-0.0019809114876562033,0.002661588992994719
343,6,1-5,adjust,0.5854312612269272,0.00626388028198294,0.009239081028411368
343,7,1-5,adjust,0.164415022255784,-0.01418615009813443,0.005379631804913213
343,8,1-5,adjust,0.2599858615716708,-0.009991555456324736,0.00015905520580421418
343,9,1-5,adjust,-0.11835366391835529,-0.0034612460620072135,0.002766462797685235
344,2,1-7,adjust,0.8915542802375961,-0.014096527722617285,0.011693735697825907
344,3,1-7,adjust,1.2727710856953678,-0.016457409543223098,0.000464610900879006
344,4,1-7,adjust,1.2500170736407124,-0.009220205030786546,0.008177839932805965
344,5,1-7,adjust,0.19661677652719,-0.01251575577824742,0.007015256369475722
344,6,1-7,adjust,0.1874718514852527,0.003525108866516731,0.0021909667425116146
344,9,1-8,adjust,0.10138272409931486,-0.004600437962404204,0.009182599567191075
345,2,1-4,adjust,-0.04892333966885297,-0.01311604572748687,6.79360045119576e-05
345,3,1-4,adjust,-0.14513098843973232,0.008554703303966162,0.0006124306270184506
345,6,1-5,adjust,-0.7089359840960092,-0.0044089720950725225,0.005241264172323781
345,7,1-5,adjust,-1.3980340101777249,-0.005064035019197266,0.0030488207525089625
345,8,1-5,adjust,-1.094176018329055,-0.014207764999514793,0.0013149742799849953
345,9,1-5,adjust,-0.6056539756077505,-0.018896286865877254,0.0007081635189404993
346,2,1-7,adjust,0.1020828861596132,0.008333325706459999,0.005147663604281719
346,3,1-7,adjust,0.09712530498576534,-0.012639659707366238,0.006241457240262448
346,4,1-7,adjust,-0.2822723237201323,-0.004522486906903997,0.0036710474868681367
346,5,1-7,adjust,-0.09755025388070156,0.009765042598572943,0.004225509735060453
346,6,1-7,adjust,-0.8376375227872119,0.0020028920087005,0.004538198879716047
346,9,1-8,adjust,-0.2307775520930487,0.005931308926916452,0.004270184354768311
347,2,1-4,adjust,-0.248935261410657,-0.0029783813861205917,0.00888344791062402
347,3,1-4,adjust,-0.14497599308013598,0.0031994155652088525,0.01227411135989752
347,6,1-5,adjust,1.3130491831484512,-0.0017305039623536347,0.0005007231760237911
347,7,1-5,adjust,1.1563842895729395,0.008561141984573462,0.01067184487352536
347,8,1-5,adjust,0.9135927315827909,0.005322801795875838,0.010424646029591299
347,9,1-5,adjust,0.4685468621665398,0.00868592019169128,0.009735061679436162
348,2,1-7,adjust,0.20328139182652424,-0.0037367003532202655,0.006409785029654743
348,3,1-7,adjust,-0.019494688499862266,0.008569899162634741,0.002728539922044362
348,4,1-7,adjust,-0.039978779879545144,0.0034271623456751327,0.002972708332209247
348,5,1-7,adjust,-0.04289014352985983,-0.0023247870517393555,0.008795867353995734
348,6,1-7,adjust,0.011052620374496279,0.011123340984363411,0.0035424444717691078
348,9,1-8,adjust,0.0643257043179614,-0.00507087078729235,0.0011918262582077475
349,2,1-4,adjust,-0.20513079614421303,0.008662988530313682,0.006393545013632847
349,3,1-4,adjust,-0.3075254204787827,-0.009427853199756265,0.00938261330500585
349,6,1-5,adjust,-0.6687570837263566,-0.004204532371005831,0.006622917532439164
349,7,1-5,adjust,0.37535757764904787,0.0008914007405444512,0.00634441825361812
349,8,1-5,adjust,-0.4162373404159172,0.004415695093462321,0.007488380978733538
349,9,1-5,adjust,0.015250239217561332,0.004527743777731765,0.0004973172487432708
350,2,1-7,adjust,-0.5255607926415068,0.008915338615425044,0.001746599569639938
350,3,1-7,adjust,0.08738367499373277,-0.004609594495588088,0.007162150763371178
350,4,1-7,adjust,-0.49087416667731226,0.00792149550731501,0.003374946889412572
350,5,1-7,adjust,0.48286311097416224,-0.0025419446090908814,0.0017904115657387245
350,6,1-7,adjust,0.3426473714678134,-0.005793927084027531,0.0012264152650333447
350,9,1-8,adjust,0.09816469912178068,-0.009436998798897344,0.006415232387068529
351,2,1-4,adjust,0.17041166455620246,0.0017402870185970994,0.007421017395300167
351,3,1-4,adjust,-0.5902681638421653,0.017315918428383273,0.018969155391820994
351,6,1-5,adjust,0.5207927899768457,-0.006298202793199787,0.005735239535404985
351,7,1-5,adjust,-0.39992233822775264,0.0008328630080282255,0.005993572071718986
351,8,1-5,adjust,0.18394760230179777,0.003970129723705123,0.004275518752492938
351,9,1-5,adjust,-0.019283500793608663,0.011666872627615137,0.00302084690937839
352,2,1-7,adjust,0.20910856792238547,-0.007531161293066762,0.0006355492887015031
352,3,1-7,adjust,0.3753687982952565,-0.00795546669211855,0.0008993874732815886
352,4,1-7,adjust,-0.041864311930627444,-0.005600829491308735,0.004091668283047085
352,5,1-7,adjust,-0.47693103306660084,0.0019280814145227504,0.003797165064864646
352,6,1-7,adjust,-0.30985401386735584,0.009883567090671435,0.0034254137944552047
352,9,1-8,adjust,-0.19381770802853565,0.0026409474250981917,0.0018786219063787735
353,2,1-4,adjust,-0.1664916654493642,0.00922085064637196,0.009717548222514671
353,3,1-4,adjust,-0.2103774085355284,0.005711036494839711,0.010760547831134455
353,6,1-5,adjust,-0.19259394586014253,-0.005676414629401798,0.008374490208599313
353,7,1-5,adjust,-0.126907344557774,-0.00013851286176579943,0.004474149261163422
353,8,1-5,adjust,-0.4506403084461241,-0.00867187469807396,0.00011911616494191331
353,9,1-5,adjust,-0.08835527115892335,-0.020498606329680286,0.0036199787814721594
354,2,1-7,adjust,-0.038391962885342745,-0.007757867537864684,0.002146084285183377
354,3,1-7,adjust,0.5199412321038698,0.001551920719823354,0.012063118465870557
354,4,1-7,adjust,0.27446238858028366,0.0019136084179593883,0.007747684931275437
354,5,1-7,adjust,-0.03154185141887252,-0.01012356458661258,0.0013290347360010075
354,6,1-7,adjust,-0.4226733394460926,-0.009366656777683384,0.004392336613630713
354,9,1-8,adjust,-0.18791984137985202,0.010968267994004497,0.002830990738771394
355,2,1-4,adjust,-0.002257004019934611,0.004004221615183802,0.014694254690733766
355,3,1-4,adjust,-0.22562347301117222,0.0003167919530291053,0.009588383459786604
355,6,1-5,adjust,0.09366360696552334,0.0021155171898732876,0.003729073077954587
355,7,1-5,adjust,-0.10598160797466032,-0.012574848089204282,0.0028376998471896318
355,8,1-5,adjust,-0.03472745004143834,-0.0062718203969156896,0.010235406092017623
355,9,1-5,adjust,-0.0986918762901567,-0.0067885637199604065,0.005232858740292849
356,2,1-7,adjust,0.5356269149393679,-0.003934060834904319,0.01415558669250943
356,3,1-7,adjust,0.88750243933196,-0.014044447188552864,0.0019120796499058907
356,4,1-7,adjust,0.8187275894508103,-0.012659620367527786,0.004847950998598509
356,5,1-7,adjust,0.41844044989000867,0.006932785707580411,0.004296107846172126
356,6,1-7,adjust,0.6187195307788791,0.008869404772427552,0.004543019272736719
356,9,1-8,adjust,0.18482680691222486,0.0007405841934920897,0.0013893249463349242
357,2,1-4,adjust,0.17396939502958375,-0.01307941862069091,0.004136712536253049
357,3,1-4,adjust,-0.15998054283579877,-0.0016902811446918287,0.01477942438254307
357,6,1-5,adjust,-0.2599585460861358,0.006937150830778086,0.012968108542498554
357,7,1-5,adjust,0.561750409111297,0.006901037282235829,0.013571197043551449
357,8,1-5,adjust,0.3359608352166867,0.008253259637289128,0.006512319989836334
357,9,1-5,adjust,0.4140715733686502,0.018124200090003796,0.020097032883091306
358,2,1-7,adjust,-0.3661017136313918,0.009210415325341366,0.0015179583701572014
358,3,1-7,adjust,-0.2695445224951821,0.01754232634940337,0.00026840528863047314
358,4,1-7,adjust,-0.6310026388692945,0.014637668588742086,0.002400937036821014
358,5,1-7,adjust,-0.22555906602828857,0.0005911308183027981,0.004568318615213561
358,6,1-7,adjust,0.6511820009718595,-0.0004521869571274991,0.004687865896931644
358,9,1-8,adjust,-0.12859759963595135,-0.004746056191635842,0.003272237226978776
359,2,1-4,adjust,-0.2078376925751471,0.005405856975451278,0.0074150161377544346
359,3,1-4,adjust,-0.31953505567560064,-0.008282504765909068,0.003350875013148529
359,6,1-5,adjust,-0.7404118285977587,-0.0046511417228916685,0.00015668058524535117
359,7,1-5,adjust,-0.4166073501069229,-0.0005541585833700713,0.0036183460576045853
359,8,1-5,adjust,-0.22445540208941034,0.007004599495270759,0.0013797058292485756
359,9,1-5,adjust,-0.24956043778991835,-0.010109544326401003,0.005738236558515241
360,2,1-7,adjust,0.14892085913510253,-0.011446510684561022,0.010871105328153309
360,3,1-7,adjust,-0.016757296245112893,0.0033660521296087383,0.004505667019307709
360,4,1-7,adjust,-0.5077258030523608,0.0038427383693941165,0.005037697697830816
360,5,1-7,adjust,-0.4196399825338212,-0.006313429128064225,0.009512505573572699
360,6,1-7,adjust,0.1774851628517487,0.0031417130424009707,0.008302764217692597
360,9,1-8,adjust,0.4751708376219689,0.009772229167563004,0.007914780443196445
361,2,1-4,adjust,-0.4493689966064322,0.023173721462501934,0.01554825846830287
361,3,1-4,adjust,-0.5486224268574277,-0.0010703902641714374,0.017318977124778066
361,6,1-5,adjust,-0.9237255501240885,0.0026735202449697324,0.007602444945496179
361,7,1-5,adjust,-0.20661686761980114,-0.001968413429252146,0.0028665197579018035
361,8,1-5,adjust,-0.3186713096483973,-0.021293583315335554,0.011201391178007234
361,9,1-5,adjust,-0.4775814293258067,-0.01696921206298826,0.008585447149947537
362,2,1-7,adjust,0.6851121160758186,-0.019608478299180002,0.011603559529706984
362,3,1-7,adjust,0.8302381544325669,-0.00909365872441328,0.011276015841954255
362,4,1-7,adjust,0.5019900019206613,-0.007683136658930492,0.014789657887236117
362,5,1-7,adjust,0.5400940742567476,-0.0004722226382376403,0.013328450398641362
362,6,1-7,adjust,0.5850791283810945,-0.010640959965090277,0.012617515074514331
362,9,1-8,adjust,-0.2769041411575264,-0.004474019144699389,0.011631343854872795
363,2,1-4,adjust,-0.4176186819176298,0.004587532318037664,0.010061420350198079
363,3,1-4,adjust,-0.1362145982818708,0.014307552679464638,0.012117642670225966
363,6,1-5,adjust,0.1419505932621103,-0.0014502060516970844,0.007727243047120406
363,7,1-5,adjust,0.10584366238886286,0.00023742453377706467,0.004157407355597555
363,8,1-5,adjust,-0.1603972344229712,0.006295540990960646,0.005579507141364046
363,9,1-5,adjust,0.33228150846986604,0.013780025601778021,0.002104471049444045
364,2,1-7,adjust,0.6559000490945337,-0.004509306984053222,0.011668589365024311
364,3,1-7,adjust,0.6796351365420266,-0.01677311929827922,0.0012640564480158988
364,4,1-7,adjust,0.6813083213432708,-0.001625929364742954,0.005819804899935418
364,5,1-7,adjust,-0.2756302203297668,-0.00296872801874973,0.001399905758031795
364,6,1-7,adjust,-0.08967978580140258,0.006123066466511323,0.0023760387145318365
364,9,1-8,adjust,-0.45563581259176716,-0.01911015616565927,0.015256384032568843
365,2,1-4,adjust,-0.5490543668918212,0.003185653719288243,0.0010204967071437176
365,3,1-4,adjust,-0.38049712436652655,0.004306769828307448,0.0040824674344143485
365,6,1-5,adjust,-0.25391510904660464,-0.0077908830522765435,0.007061644386096928
365,7,1-5,adjust,-0.3261363563146235,2.812433381738292e-05,0.005178130752039911
365,8,1-5,adjust,0.18090814777521538,0.004352920781960968,0.0038693640267124644
365,9,1-5,adjust,0.4265042171637119,0.012522985038764907,0.001343988447089553
366,2,1-7,adjust,0.5921803179117097,-0.006692410465613244,0.004148812589432992
366,3,1-7,adjust,0.41204315162670063,0.002019140719039064,0.0009545507452520624
366,4,1-7,adjust,0.19505603211941544,0.006258146808247409,0.000735868006744369
366,5,1-7,adjust,-0.2319883345715655,0.008389444750414138,0.00347663059180665
366,6,1-7,adjust,0.3905924747283053,0.008519525278176404,0.003764114037269264
366,9,1-8,adjust,-0.20233183761141507,-0.0036061273997278964,0.00647812837947337
367,2,1-4,adjust,-0.26047980682700866,0.0018737852243413224,0.008358191418931236
367,3,1-4,adjust,-0.39406831568301276,-0.004741964094232652,0.02182169616002487
367,6,1-5,adjust,-0.5852516596642225,0.0019252174637879175,0.015442303262615312
367,7,1-5,adjust,0.1939757436189663,-0.004284279420744182,0.008233422247438657
367,8,1-5,adjust,0.2577272168544315,0.002036055747769817,0.003187265301403737
367,9,1-5,adjust,0.1157334958663664,0.0054122897221892,0.005414637655994897
368,2,1-7,adjust,-0.14346092854825476,-0.0046330348355048245,0.005893525035337091
368,3,1-7,adjust,-0.04550488546899981,-0.0014536743591679084,0.0061513484569891055
368,4,1-7,adjust,-0.16237354293265974,-0.007618635647046374,0.0012967813131032273
368,5,1-7,adjust,1.0325946623305318,-0.004146554020682698,0.0008769847765979509
368,6,1-7,adjust,0.5819087373610873,-0.0013907170076629673,0.003026347852987472
368,9,1-8,adjust,0.1764727201413174,0.007190900801766406,0.002431083645298073
369,2,1-4,adjust,0.23867490309688336,0.0030234241517284395,0.002684567318399193
369,3,1-4,adjust,-0.025104032120497773,0.009941623505369913,0.009927021023615458
369,6,1-5,adjust,0.5678802631163308,-0.0018966558203657319,0.010010877985290472
369,7,1-5,adjust,0.2913819514343801,0.009901319905157073,0.00010288993150087223
369,8,1-5,adjust,-0.05572727152317701,-0.0006014286524489634,0.002455024162520583
369,9,1-5,adjust,-0.2803107059752424,-0.014734311410485463,0.007172815547464998
370,2,1-7,adjust,-0.17197340625966104,0.005295268828622933,0.003526808341283541
370,3,1-7,adjust,-0.25249016665942076,-0.000186349894489663,0.0064439389824161
370,4,1-7,adjust,-0.6881132442440969,0.0015961731893400998,0.007216074969977648
370,5,1-7,adjust,-0.8609338204203554,0.0035627054532240145,0.0032066439157550967
370,6,1-7,adjust,-0.9124182633201837,-0.002869605454681226,0.0021067894340292413
370,9,1-8,adjust,0.03395914889924147,0.004361861910740729,0.009276803042596968
371,2,1-4,adjust,-0.24616752872623168,0.005721735958526225,0.0019213177485232643
371,3,1-4,adjust,-0.14118931681705377,0.0011209158498562313,0.006146063926578537
371,6,1-5,adjust,0.07549250254171883,-0.0023609184251976332,0.0005635739938448974
371,7,1-5,adjust,-0.14714050566177647,-0.004958054278764081,0.006731519162582386
371,8,1-5,adjust,-0.3443863981656899,-0.0011565395279502146,0.0033367970406467332
371,9,1-5,adjust,0.03949142930943582,0.0006122650654218185,0.0010116375581230154
372,2,1-7,adjust,0.0929954996111503,-0.004829362853024145,0.004675488357464554
372,3,1-7,adjust,0.4694841850192437,-0.0036079139794553666,0.0002153487503654358
372,4,1-7,adjust,0.7445295149752992,0.0021545399549764647,0.0007908675780360271
372,5,1-7,adjust,0.5552666047599615,-0.0016193707346224039,0.00020575339865021595
372,6,1-7,adjust,0.25785888726296663,0.01404176913425378,0.007313373598020183
372,9,1-8,adjust,-0.14080876533727138,-0.01070748045018726,0.00988167008133595
373,2,1-4,adjust,0.07691150515696456,-0.00038679853603068386,0.003938373079634744
373,3,1-4,adjust,0.0783557704526096,0.005800974140570634,0.0014692816029059233
373,6,1-5,adjust,0.36421658263570506,-0.016103196362086868,0.0017962086657419313
373,7,1-5,adjust,-0.01386054161374067,0.005161197297543366,0.002924321542579555
373,8,1-5,adjust,-0.048699965032883104,-0.0006656316524453914,0.004973381213224379
373,9,1-5,adjust,0.3369765220517952,0.02025421507164786,0.00929859590627197
374,2,1-7,adjust,-0.12496065367902891,0.0019318092111076297,0.01176458423154909
374,3,1-7,adjust,-0.8422957157743167,-0.0022383514279902456,0.007962868808075741
374,4,1-7,adjust,-0.33175725643316395,-0.002895659662992112,0.0005165823211199344
374,5,1-7,adjust,-0.9349907045516017,0.005106439398502239,0.0010103478195307143
374,6,1-7,adjust,-0.640634643219969,0.010135184491400537,0.0015525221839434058
374,9,1-8,adjust,-0.45512408028331297,-0.01299189242598292,0.018504518648319052
375,2,1-4,adjust,0.2872622709382075,-0.01579873957119317,0.013584608508035629
375,3,1-4,adjust,0.6977345917849676,-0.002746590143729639,0.005876575680133637
375,6,1-5,adjust,-0.41743814095346615,-0.008620177965858247,0.0038028476290001174
375,7,1-5,adjust,0.20650854835634297,-0.010008725944491354,0.006942961566901909
375,8,1-5,adjust,0.3189709133723966,-0.0005566084836853883,0.002444567597239689
375,9,1-5,adjust,0.5592836313634231,0.009751561270480706,0.0010806014744632934
376,2,1-7,adjust,-0.07845374560427823,0.0038044289349744463,0.0033239358430228075
376,3,1-7,adjust,0.14045075403012403,-0.011715809283419691,0.007336790975720174
376,4,1-7,adjust,1.0182898041284805,-0.007004071803535412,0.00758735166656278
376,5,1-7,adjust,1.593548452814348,-0.003166298464452004,0.004005558929727724
376,6,1-7,adjust,1.222433465875431,0.010892586072548352,0.00024317579559050782
376,9,1-8,adjust,-0.2645657842927463,0.000701595645988391,0.0005312328343051669
377,2,1-4,adjust,0.4808629163245637,-0.012958363231996275,0.011380378646340892
377,3,1-4,adjust,0.9221031272711288,0.0005353031706415714,0.016032857667105365
377,6,1-5,adjust,0.4645401153902512,-0.0063980680202558714,0.010437445142493004
377,7,1-5,adjust,0.2624622128914449,0.0028921142215415385,0.013053203733594266
377,8,1-5,adjust,0.9940830646797814,0.004735350134562975,0.007745954228193012
377,9,1-5,adjust,0.33914499988391433,-0.0003442671310732324,0.012408626574642477
378,2,1-7,adjust,-0.5867649513678124,0.019845198983760602,0.00012791184074385697
378,3,1-7,adjust,-0.5602339455421169,0.013070203116404125,0.008467877507489483
378,4,1-7,adjust,-0.5863391754508462,0.009856300250564507,3.807911680159925e-05
378,5,1-7,adjust,-0.07466909486224717,-0.0007612133975861057,0.0040271295250308625
378,6,1-7,adjust,-0.39815079616249377,-0.000873248218074377,0.0034859183486850042
378,9,1-8,adjust,0.1818608231308988,0.02190124513901763,0.0086334348734613
379,2,1-4,adjust,0.07389973978396217,-0.005032913565308237,0.00010208774546785154
379,3,1-4,adjust,-0.33932752987503195,-0.011687742353165493,0.006597211694395782
379,6,1-5,adjust,0.48133788719443127,-0.0028184279062075223,0.009662404943533596
379,7,1-5,adjust,0.21730599689193597,0.00044216631395016325,0.005567315176578875
379,8,1-5,adjust,-0.1643053940211086,-0.005866360158143864,0.002391034081167658
379,9,1-5,adjust,-0.3986675796434922,-0.02201669679098552,0.005086540220436444
380,2,1-7,adjust,-0.13120605191316792,0.002604844326694864,0.00013378033363252117
380,3,1-7,adjust,0.06374966091342395,0.002345371787564067,0.00444178584296932
380,4,1-7,adjust,-0.5236290124505182,-0.006321701772226399,0.007061655792129398
380,5,1-7,adjust,0.05293820474247772,0.010425966252994731,0.007531558712877815
380,6,1-7,adjust,-0.15027258460896073,0.006230240246035453,0.004069812305309327
380,9,1-8,adjust,0.22786454536231554,0.003503975760299371,0.0025978795789717286
381,2,1-4,adjust,0.040760027039646395,-0.0031901792799593296,0.00706411379470453
381,3,1-4,adjust,-0.23292349746387328,0.005326095624735946,0.006169363926518963
381,6,1-5,adjust,0.29550660929411204,0.002734348996881808,0.017838950165849625
381,7,1-5,adjust,-0.0016381005484060124,0.013621855790828046,0.015339258685022146
381,8,1-5,adjust,0.26349961225237367,0.015370476794357622,0.012739257739073412
381,9,1-5,adjust,0.13227188339599652,0.018527987120842592,0.014727190072957487
382,2,1-7,adjust,-0.8309643382624535,0.028278566929990506,0.0010027051603937387
382,3,1-7,adjust,-1.0786290444489,0.014367306102098748,0.0037332877464003123
382,4,1-7,adjust,-0.2748455355352722,0.005681447058108705,0.006923332717100084
382,5,1-7,adjust,-1.0120738373702696,-0.008267528228661242,0.00678279802593045
382,6,1-7,adjust,-0.9802249770103377,-0.007434259889475409,0.006156176646667118
382,9,1-8,adjust,0.25990946101367013,-0.0069715125834697265,0.005714820138628942
383,2,1-4,adjust,1.140990406122915,-0.016157643889895764,0.0033548434260766164
383,3,1-4,adjust,0.5383199492791225,-0.010262869561611846,0.0005040911527421109
383,6,1-5,adjust,-0.32288975370009937,-0.001776213073258777,0.005695985745089609
383,7,1-5,adjust,-0.774051612929347,-0.007583580780102136,0.0004398713578812314
383,8,1-5,adjust,-0.7672296593197074,-0.0195594466377568,0.005124977360878752
383,9,1-5,adjust,-0.5409451101271242,-0.012716180222474211,0.006450043536175178
384,2,1-7,adjust,-0.2529343170659157,-0.0079275031437876,0.008089527715393327
384,3,1-7,adjust,0.5565202609163328,0.002953175592313806,0.005073460130310715
384,4,1-7,adjust,0.3426874173605907,-0.003427790510499616,0.010566943140926557
384,5,1-7,adjust,-0.6002148410747058,-0.0069329875260423736,0.015248984976970432
384,6,1-7,adjust,-0.06150696335309382,0.006883213212480219,0.014077149134353302
384,9,1-8,adjust,-0.3220812788205154,-0.0066368576287392,0.010802506974234283
385,2,1-4,adjust,0.07962336706890193,-0.0035136963104689034,0.00415824596274753
385,3,1-4,adjust,-0.12043076050354808,-0.015108664879040055,0.003593214344626591
385,6,1-5,adjust,-0.8234519102912937,-0.005070072051795719,0.009823650837379698
385,7,1-5,adjust,-0.7001290515646473,-0.007987125182038987,0.0009961257234322553
385,8,1-5,adjust,-0.5640004415549018,0.0019256767420025647,0.006914328154940784
385,9,1-5,adjust,-0.1819169424563791,-0.0011098564711185697,0.003857540364198185
386,2,1-7,adjust,0.1330233738442416,-0.004925789468304748,0.004656648315195119
386,3,1-7,adjust,0.6321501021528558,0.00210500459341897,0.0011463408668115288
386,4,1-7,adjust,0.32406888104725656,-0.002011191248778908,0.0050622083652431815
386,5,1-7,adjust,0.2539299797465304,-0.0011615182635369746,0.006489913276759438
386,6,1-7,adjust,0.40979228204749485,-0.006511689546486109,0.003598204292228639
386,9,1-8,adjust,0.19729547825922386,-0.009191733402157242,0.00046240353560389734
387,2,1-4,adjust,-0.20082952888720745,0.006682411201520095,0.0012071518365044424
387,3,1-4,adjust,-0.3387507532238795,0.006446624434212703,0.005622815936164489
387,6,1-5,adjust,0.17515347708426013,0.013188193116636096,0.004437392951570159
387,7,1-5,adjust,0.3462429187593712,-0.011165466613085514,0.007040707613289293
387,8,1-5,adjust,-0.4651986951267788,-0.0008838633097218944,0.0018511806401405595
387,9,1-5,adjust,0.0004991633061337454,0.007838608320359725,0.00222756306206053
388,2,1-7,adjust,0.48387105099368466,-0.005663330207990662,0.010050605396296378
388,3,1-7,adjust,0.7361467089840761,-0.011016204417168982,0.003771632602719186
388,4,1-7,adjust,0.33498142861085667,-0.005707122321719229,0.0008258291130465808
388,5,1-7,adjust,1.4974232029443293,0.005107107947184421,0.0026223068387621357
388,6,1-7,adjust,0.2980511373201489,-0.01387908005840564,0.00020179809713229425
388,9,1-8,adjust,-0.35648505111607637,-0.007914465913465884,0.006035181157831693
389,2,1-4,adjust,-0.11498507095151501,0.006747016588830168,0.011477486400298316
389,3,1-4,adjust,-0.5259974817453822,-0.0007112156220658484,0.0021667463337946176
389,6,1-5,adjust,1.353412070277227,0.006812634195243336,0.0076488289779211875
389,7,1-5,adjust,1.148026535936312,0.01955065936335687,0.011190060403388552
389,8,1-5,adjust,1.5465995556553234,0.01770633315269786,0.014706933707785376
389,9,1-5,adjust,0.5274973469924077,0.010009946864898074,0.00572037313116764
390,2,1-7,adjust,-0.8273461163318613,0.001721012820804718,0.012387193400049165
390,3,1-7,adjust,-0.28190234280015036,0.012906239910768452,0.004454196819993941
390,4,1-7,adjust,-1.0986653468556868,0.015362760974471803,1.6804120731197284e-05
390,5,1-7,adjust,-0.8741216682099731,0.0030264509992162835,0.0056762851340090665
390,6,1-7,adjust,-0.4515437052580712,0.01178329944400917,0.005597956052187639
390,9,1-8,adjust,0.6288005543677139,0.019749896930381386,0.010268058191365345
391,2,1-4,adjust,0.05434652567676312,0.008591204994879795,0.01031362802948407
391,3,1-4,adjust,-0.6154834596306145,0.001450991416218387,0.0074822105159857545
391,6,1-5,adjust,-0.23705919035834103,-0.020088547351716505,0.003838414289470184
391,7,1-5,adjust,-0.4667268916394378,0.006882771412000912,0.008494290257056093
391,8,1-5,adjust,-0.2909615327126272,-0.0019375122839818532,0.0022470098073714955
391,9,1-5,adjust,-0.5974505161844037,-0.014613180520499315,0.004113387827724003
392,2,1-7,adjust,0.026102392955380395,0.00250843461710868,0.0038369047833118784
392,3,1-7,adjust,-0.05797566406267969,-8.71448535500937e-05,0.0031240716165576725
392,4,1-7,adjust,-0.20169996367922294,-0.009170936241493302,0.0014194786335890528
392,5,1-7,adjust,-0.983553925851034,-0.00032706202504019445,0.0046591700114776095
392,6,1-7,adjust,-0.4788552014582658,0.014002001115167246,0.0044663526864588314
392,9,1-8,adjust,0.384790601076948,0.007331480036082169,0.007401276217343252
393,2,1-4,adjust,0.3213722692325247,-0.007622316164319589,0.006857358791258278
393,3,1-4,adjust,0.21892578332497897,0.007170936072878667,0.0007021955937672796
393,6,1-5,adjust,-0.7459196078605548,-0.00804319261423445,0.004546455076528836
393,7,1-5,adjust,-0.6047515583151486,-0.020337034518568765,0.0007000613138630932
393,8,1-5,adjust,-0.24918391961730627,-0.003929243836887896,0.0031047742685559425
393,9,1-5,adjust,-0.40977071543764954,-0.010315089700597661,0.0041127637707894646
394,2,1-7,adjust,0.14508802373522633,-0.0057788802535450115,0.0034384646997525103
394,3,1-7,adjust,0.20808601101501092,-0.008943979949514262,0.0032066726002177807
394,4,1-7,adjust,1.0894783704731252,-0.0012170273309334448,0.008616682491448806
394,5,1-7,adjust,2.0477884856595794,0.0011676893436587759,0.006142265084370674
394,6,1-7,adjust,0.7071024611363281,0.005029527184773854,0.0038286463508438572
394,9,1-8,adjust,0.136169389469706,0.0015209236314793295,0.012120342112754636
395,2,1-4,adjust,0.19292867446747738,-0.005826418143390748,0.0017341283114218995
395,3,1-4,adjust,0.410657833407409,-0.004186888864296644,0.007207450727936261
395,6,1-5,adjust,1.0332784230822112,0.006319506960302119,0.021890694455523312
395,7,1-5,adjust,0.9814261392890544,0.01970446698737512,0.013645639391149553
395,8,1-5,adjust,0.6817781360532532,0.006498066636911005,0.01459587291060232
395,9,1-5,adjust,0.156253194513334,-0.00326615406447137,0.006111025516395646
396,2,1-7,adjust,-0.50629579410016,0.010226661257790896,0.006553270453456948
396,3,1-7,adjust,-1.4508956281194159,0.011066379748293175,0.007831987064106281
396,4,1-7,adjust,-0.8944541844223141,0.014776887959634936,0.004068367643770954
396,5,1-7,adjust,-1.9469439079658677,-0.0078053585091661295,0.0032322215340709623
396,6,1-7,adjust,-0.680970539901609,-0.004009778683152398,0.005268884327415232
396,9,1-8,adjust,0.27522541611323903,0.02652297866205283,0.006380165932001257
397,2,1-4,adjust,-0.05429922076286376,0.007708941001024827,0.012570268324820045
397,3,1-4,adjust,0.587260310200934,0.0021644935746931125,0.018505249971736748
397,6,1-5,adjust,-1.2219259876657784,-0.003142516801859462,0.013590366493669603
397,7,1-5,adjust,-1.5539503904158307,-0.01946422796317307,0.014803787057582191
397,8,1-5,adjust,-1.8051094240771015,-0.01847265182043511,0.019526014023083852
397,9,1-5,adjust,-0.6354995938391967,-0.02697685127977286,0.013183918320669077
398,2,1-7,adjust,0.6728783962072891,-0.020643107211832077,0.005111292870873323
398,3,1-7,adjust,0.7257083722429206,-0.011093849377844921,0.006667574297490703
398,4,1-7,adjust,1.209995279119889,-0.017441069396640366,0.004905198481466894
398,5,1-7,adjust,0.47067130173125143,0.003493397531311856,0.0011635574636459547
398,6,1-7,adjust,-0.026145378621744035,-0.00012262976026645764,0.0005508423227330996
398,9,1-8,adjust,-0.501227582238835,-0.0131415246550956,0.010190059935537333
399,2,1-4,adjust,-0.20319840205301334,0.0031241876790453218,0.01112583740900361
399,3,1-4,adjust,0.5090333419985227,-0.00679219264632247,0.019121846477954247
399,6,1-5,adjust,0.3725367296134801,0.013944969188423684,0.0010292073410962828
399,7,1-5,adjust,0.6701546094838187,0.004753039415875024,0.001797077852475597
399,8,1-5,adjust,0.6706471628804364,0.005024538120863707,0.0018338411880655726
399,9,1-5,adjust,0.2977373784013892,0.010019233953574479,0.00962871125149495
400,2,1-7,adjust,-0.19661823499959238,-0.00027428851218767674,0.0016218942888133372
400,3,1-7,adjust,0.022884390265682796,-0.003801313308104225,0.009200482430195271
400,4,1-7,adjust,0.0094174466871595,0.010068732378938815,0.009881606138208602
400,5,1-7,adjust,0.03174466695448808,-0.006914632417632598,0.0038945073601088947
400,6,1-7,adjust,0.37067198859922984,-0.007878396318065299,0.0063010561752707
400,9,1-8,adjust,-0.05005840926167783,0.001877470161024277,0.0032427804631237045
401,2,1-4,adjust,-0.018842532506842802,0.011006303766202681,0.004558846619244777
401,3,1-4,adjust,-0.2669972891711784,0.001155174228649806,0.01106396854658001
401,6,1-5,adjust,-0.4677919135383527,-0.002076380423593589,0.011405056925439222
401,7,1-5,adjust,-0.2764809384614133,0.0014304431585448556,0.009499457184588472
401,8,1-5,adjust,-0.4863627768048575,0.0020623010395134267,0.0023187678235409236
401,9,1-5,adjust,-0.19292479592910755,-0.012375255804120244,0.02240112662731786
402,2,1-7,adjust,0.41925797485790517,-0.004040243931608454,0.0025108972141977266
402,3,1-7,adjust,-0.27039350738722623,0.012491742563914648,0.007034956713892122
402,4,1-7,adjust,-0.46087934217078436,0.0006402426696703938,0.0003386340882578749
402,5,1-7,adjust,0.01911334383849278,0.0058927524980492965,0.008565067919169968
402,6,1-7,adjust,-0.13178963618440143,-0.006857280156850899,0.012579238341003943
402,9,1-8,adjust,0.09820049506584759,0.006221582815042989,0.009170753307393743
403,2,1-4,adjust,-0.2389440478309529,0.012681235275116777,0.0009355733606741049
403,3,1-4,adjust,-0.21159692299649582,-0.00774344212637751,0.005814277188435196
403,6,1-5,adjust,0.4145346636737462,0.008468399518903899,0.011573064191465
403,7,1-5,adjust,0.20334003524744992,-0.00036103225135542325,0.00673196087772101
403,8,1-5,adjust,0.9019205363282794,-0.003370462939258581,0.0010290482209247298
403,9,1-5,adjust,0.2658374308221236,0.010775974950996829,0.008373820849162886
404,2,1-7,adjust,0.06487703452516658,-0.012363842525360137,0.0029076423136480778
404,3,1-7,adjust,-0.02009370920158504,-0.0021082968125752818,0.0004989109906785687
404,4,1-7,adjust,0.26538908203399236,-0.017760436055942113,0.004233259097562518
404,5,1-7,adjust,-0.015242553887830091,0.0007835685254527075,0.00341391256614678
404,6,1-7,adjust,0.019304115539326525,-0.004442413923715907,0.012546854821741109
404,9,1-8,adjust,0.29541037654355945,-0.011907083682531967,0.004516217820691685
405,2,1-4,adjust,0.3443384209146621,-0.01774934031023311,0.014639888548850325
405,3,1-4,adjust,0.9658050699923019,0.002738618129049475,0.015127495865736524
405,6,1-5,adjust,0.23740484112814597,-0.0054768807304615705,0.008680264934802225
405,7,1-5,adjust,0.5960523183356862,-0.0002610337391878723,0.009163750616490636
405,8,1-5,adjust,0.024402831011782557,0.0079973648441173,0.01747644216152811
405,9,1-5,adjust,-0.21067301426837243,0.006401245864019397,0.00606012975300505
406,2,1-7,adjust,-0.37767032356010183,0.019669396876170003,0.007375467841795218
406,3,1-7,adjust,-1.0493479236741323,0.003082078851188416,0.005347125547699998
406,4,1-7,adjust,-0.28417470183005517,0.01611819557018236,0.003251196037793523
406,5,1-7,adjust,1.193148052583479,-0.001114649978331264,0.0030702576475665744
406,6,1-7,adjust,0.7255166477731488,0.014310908398969339,0.004835826006049793
406,9,1-8,adjust,0.2570350221766117,0.008862913585859649,0.006642258727183592
407,2,1-4,adjust,-0.1853717067745359,-0.006561591363434949,0.005670661178771455
407,3,1-4,adjust,0.16430848892230304,0.0022706951125885774,0.013535847245050784
407,6,1-5,adjust,0.22059780839838905,-0.0053843585145216125,0.004237371833815756
407,7,1-5,adjust,0.5727286747298862,0.010847818176373378,0.005884892287066384
407,8,1-5,adjust,-0.10182420760014736,0.0011291038170551356,0.0035589510170716977
407,9,1-5,adjust,-0.38443274830011853,-0.006293195377590326,0.0018189373201885268
408,2,1-7,adjust,-0.27825394854039665,0.016423585574542945,0.0012429498210870071
408,3,1-7,adjust,-0.28628322855251936,0.010261634118704005,0.0006110712221817398
408,4,1-7,adjust,-0.42288666167097055,-0.004815051202050863,0.013748203699882165
408,5,1-7,adjust,-0.6328171827773252,-0.004519121661729286,0.00900340415145146
408,6,1-7,adjust,-0.268446232913611,0.0061821677031603925,0.008100261012455406
408,9,1-8,adjust,0.18223225355905548,0.00901247627750584,0.010075310226843081
409,2,1-4,adjust,0.3403877340125614,-0.0033389231482328645,0.008744256104955724
409,3,1-4,adjust,0.2047436846924821,-0.007564253885312334,0.013355376594146772
409,6,1-5,adjust,-0.5060205260430352,-0.0025974239013088858,0.005174361977480254
409,7,1-5,adjust,-0.8058289971797368,-0.01451201825164446,0.0017858433022424239
409,8,1-5,adjust,-0.6488133761883406,-0.0055148412653283595,0.004602283427950156
409,9,1-5,adjust,-0.23434058742999722,-0.00932944973333573,0.00018361185714898103
410,2,1-7,adjust,0.14301401141662262,-0.015805983366893216,0.0012200829153543654
410,3,1-7,adjust,0.33053991060390675,-0.01781297227214583,0.001459395513445476
410,4,1-7,adjust,0.19593020770446765,0.012393126371960795,0.0019486677384152108
410,5,1-7,adjust,0.3159300659122988,0.0035685763775980335,0.0034166903039758896
410,6,1-7,adjust,-0.15383490479685108,-0.00905713120275126,0.013545811493598849
410,9,1-8,adjust,0.03503366296478662,-0.010477463317148314,0.002444511256363873
411,2,1-4,adjust,-0.5581651572967626,0.013829210294225269,0.013914380268022535
411,3,1-4,adjust,-0.5285222057794581,0.01586769422830328,0.00741349874843537
411,6,1-5,adjust,0.7945118560448344,-0.005930149979185478,0.003712396898420513
411,7,1-5,adjust,-0.11145384898529619,0.006110165321509872,0.0073137361054149115
411,8,1-5,adjust,0.8775023754096696,-0.002919136414762186,0.001862218963528452
411,9,1-5,adjust,-0.23274261610574515,0.010849301193542818,0.014946809762871237
412,2,1-7,adjust,0.5354081861013321,-0.009052188561760785,0.004098348241757793
412,3,1-7,adjust,0.6170341292601246,-0.00679543024744069,0.0025771802522073007
412,4,1-7,adjust,-0.3102924155353491,-0.011080193605052007,0.006147304356100539
412,5,1-7,adjust,-0.33382730013830114,0.009419069037723531,0.006268728207903998
412,6,1-7,adjust,-0.6852451759010566,0.015544311561479644,0.007046454179388747
412,9,1-8,adjust,0.5212740039926171,-0.0011756152636771759,0.0016840761247853932
413,2,1-4,adjust,-0.24622256798260886,0.0064665718006323095,0.0014641226086947907
413,3,1-4,adjust,-0.7802080284066539,-0.004678651429842634,0.001469101798736582
413,6,1-5,adjust,0.45852332351064695,0.0007224316915066956,0.013305860159678558
413,7,1-5,adjust,0.5920635283450252,-0.00027617118175284945,0.005184311756478869
413,8,1-5,adjust,0.33073837136376594,0.008440512750109997,0.005356959247145466
413,9,1-5,adjust,0.2376039649096956,0.012028920522930564,0.013454411392499506
414,2,1-7,adjust,-0.3721258718978041,0.004988365304459752,0.0006177615510651736
414,3,1-7,adjust,0.26935903806147193,0.017740929134603206,0.0017786065569250905
414,4,1-7,adjust,0.5017858866432848,-0.0016349790076417826,0.009969028399626694
414,5,1-7,adjust,-0.0750029680650569,-0.008613987407810865,0.004404133900499412
414,6,1-7,adjust,0.14822119669566614,-0.009855544560387848,0.006747116184134422
414,9,1-8,adjust,0.1855149520183631,0.011261580593400166,0.00403017653898239
415,2,1-4,adjust,0.8117979214298162,-0.005590583130603735,2.7236182813319975e-05
415,3,1-4,adjust,0.4219798124446459,-0.012699984261539182,0.00034002378178651916
415,6,1-5,adjust,-0.5779386863841269,0.002860671386595507,0.0060538350096925484
415,7,1-5,adjust,-0.32704678687049626,0.0012271326002522439,0.0030606909030351684
415,8,1-5,adjust,-0.58117130493901,-0.005457999060310231,0.002155800770211051
415,9,1-5,adjust,-0.40053114209390994,-0.015843951064533155,0.007450248214644615
416,2,1-7,adjust,-0.18658805770885362,-0.007915022342312603,0.0038481952523107036
416,3,1-7,adjust,-1.1044856710958095,0.00783099738731726,0.00651884318292555
416,4,1-7,adjust,-0.4509661548210418,0.007135242734947307,0.005201291032059421
416,5,1-7,adjust,-0.031675476846285806,-2.039058808886681e-05,0.0021912400290420367
416,6,1-7,adjust,0.09913231019887887,0.002002764911050991,0.001488008813637047
416,9,1-8,adjust,-0.03665042931495709,-0.0037679894633971082,0.001633273700755639
417,2,1-4,adjust,-0.27924487060006636,0.011324826743438677,0.010673098249884341
417,3,1-4,adjust,0.4130906133110349,0.005579538683279744,0.010720067463151317
417,6,1-5,adjust,-0.019035043798529123,-0.0023413550152048277,0.006143469689713065
417,7,1-4,adjust,0.007437098126183608,0.003175801033601853,8.943072363979039e-05
417,8,1-5,adjust,0.18570700712718066,0.0016678341837850887,0.003455549902606998
417,9,1-5,adjust,0.1461441725921477,0.006464869542359813,0.0029743553973042166
418,2,1-7,adjust,0.17418098586720573,-0.004925530761205155,0.005903913244028513
418,3,1-7,adjust,0.5575580687401025,-0.002247514635832537,0.000807518927180751
418,4,1-7,adjust,0.15364185664637495,-0.0016316578300543108,0.0053971672323177644
418,5,1-7,adjust,-1.136280638891873,-0.004387464943284713,0.006058989326595325
418,6,1-7,adjust,0.12167095139872727,0.009217525050329255,0.003723482832336933
418,9,1-8,adjust,-0.183080695614313,-0.003264181317108795,0.001746602590285748
419,2,1-4,adjust,-0.15994829594062335,0.0022884095780707665,0.002652934831498566
419,3,1-4,adjust,-0.38869352616415487,-0.008814647415853593,0.005798966313319137
419,6,1-5,adjust,-1.0831679645158134,-0.014702209693425143,0.01280095306927139
419,7,1-5,adjust,-1.0006466763735924,-0.0018941247911868687,0.009128012177931029
419,8,1-5,adjust,-1.2619305813745763,-0.0056828239149263006,0.008452537203649024
419,9,1-5,adjust,-0.3353219179867065,-0.01343743004278418,0.007607502810337276
420,2,1-7,adjust,0.19248375583033245,-0.0010006618182445642,0.00789900599028324
420,3,1-7,adjust,0.42788655798822844,0.0009697361988705752,0.005191741680422022
420,4,1-7,adjust,-0.06203823321493486,0.0003134648816593781,0.00761707892511355
420,5,1-7,adjust,-0.18884371749973408,0.0011015954810005483,3.583824990460902e-05
420,6,1-7,adjust,-0.21921509449385468,0.003983236651294717,0.0008099727835280614
420,9,1-8,adjust,-0.21540367339682182,-0.0026696365838517174,0.012026163633558995
421,2,1-4,adjust,-0.5671608702411015,0.0046434588113453065,0.004910589757642677
421,3,1-4,adjust,-0.5912248764647459,-0.0032392034603816906,0.0031848025437121803
421,6,1-5,adjust,-0.33114772156435074,-0.0038662012565555,0.018270204325824976
421,7,1-5,adjust,-0.36390002840539454,-0.006546657572227697,0.014076954737386639
421,8,1-5,adjust,0.6161855953573829,0.0015874112495749845,0.00859321822241854
421,9,1-5,adjust,-0.0012682572007318908,0.006822383261349486,0.011380480446657256
422,2,1-7,adjust,1.0142660315055592,-0.01555732937827399,0.0017411308597562003
422,3,1-7,adjust,-0.10508069559246139,0.017582998161183017,0.0077691314027420804
422,4,1-7,adjust,0.1767071147342494,-0.005600374595928812,4.296212659538627e-05
422,5,1-7,adjust,0.28828475689539695,0.0048922112684676115,0.002585151415771602
422,6,1-7,adjust,0.30030090856783337,0.0011194255812791679,0.006690933309332178
422,9,1-8,adjust,0.23816693406532102,-0.008398022276102602,0.00276261080984616
423,2,1-4,adjust,-0.3584192811823506,0.008164796765142802,0.0031011883667126775
423,3,1-4,adjust,0.5379018776986406,-0.012288217370162042,0.005119212154498225
423,6,1-5,adjust,0.2130413712465856,0.0029252069908327167,0.0007794495113890605
423,7,1-5,adjust,0.7088226179452092,0.006113290899709936,0.006166932052451272
423,8,1-5,adjust,-0.01386349097030632,0.003160161383690447,0.0007861740153346255
423,9,1-5,adjust,0.33694619813219123,0.017946515978067776,0.0053298383948590525
424,2,1-7,adjust,-0.3837101344412376,0.00962807981340753,0.00148726871023485
424,3,1-7,adjust,-0.180448785311683,0.005589564092857422,0.003950191979249647
424,4,1-7,adjust,-0.5882120252023335,0.002666993732776917,0.004607511612939777
424,5,1-7,adjust,0.9939122512641172,0.006630612300578708,0.002260658974707392
424,6,1-7,adjust,0.32674334688539225,0.004656884615870056,0.0008977244324440011
424,9,1-8,adjust,-0.2002872637325305,-0.00739852961199734,0.00038755132388398227
425,2,1-4,adjust,0.139043686508632,-0.006810935480795457,0.0017278828832721874
425,3,1-4,adjust,-0.25533879874622795,0.0007228251719019041,0.005764214870599428
425,6,1-5,adjust,0.8241731800954551,0.0005474721858470742,0.016449812768322327
425,7,1-5,adjust,0.9610485247151752,-0.00032266096870192044,0.0041596870489559136
425,8,1-5,adjust,0.7094049579301888,-0.0010065589789669165,0.005529104052901216
425,9,1-5,adjust,0.3690440602600895,0.005406326380288779,0.0023971297117985763
426,2,1-7,adjust,-0.24283983217100202,0.0041492639227984525,0.0013713048894577135
426,3,1-7,adjust,0.44335958513374074,-0.010157908837978971,0.002060674271889862
426,4,1-7,adjust,0.6898892666495736,-0.002877050406270101,0.0037361487042296263
426,5,1-7,adjust,0.8736798548975837,-0.005812984099447856,0.0012508936418489211
426,6,1-7,adjust,0.12633486430313715,-0.012958478179447352,0.0015637631696263541
426,9,1-8,adjust,-0.08215613059907056,-0.007580898710378234,0.0011584652275857413
427,2,1-4,adjust,0.4263405608292294,-0.008372723226464183,0.0009498768899309538
427,3,1-4,adjust,0.06061820304778831,0.00021353856126441387,0.0038528796219626077
427,6,1-5,adjust,0.6654688960702823,0.001872859766416968,0.008081079467463906
427,7,1-5,adjust,0.5943761111368369,-0.006293338761768708,0.004334890905192789
427,8,1-5,adjust,0.020665073133451686,0.008626831565069548,0.006998093274308921
427,9,1-5,adjust,0.1872229495500493,0.015004427310590505,0.009776045657979324
428,2,1-7,adjust,-0.16375019603582958,0.002071786456044267,0.012603288741774896
428,3,1-7,adjust,0.6010403134954084,-0.0030115260831836167,0.016042303674402677
428,4,1-7,adjust,1.2203299919914001,-0.002312536343364797,0.015043295302503024
428,5,1-7,adjust,-0.17377751404951228,-0.010404099681579602,0.012212665603921934
428,6,1-7,adjust,0.4986961234868609,0.009065150051894259,0.018459675552286402
428,9,1-8,adjust,-0.02315730517705939,3.3781582098331946e-05,0.001878603302478872
429,2,1-4,adjust,0.670747584487238,-0.006810917246006932,0.0011886756419659777
429,3,1-4,adjust,0.21507600690240916,-0.007062206977663652,0.005668476764341872
429,6,1-5,adjust,-1.2919600851022393,0.007172274107385254,0.004001204700258053
429,7,1-5,adjust,-1.037477110117826,0.01294693573346031,0.002977270189960386
429,8,1-5,adjust,-0.8869549467576793,-0.008741560001373615,0.0032471737382081495
429,9,1-5,adjust,-0.8334062318137566,-0.0157379317845779,0.0012586972277846755
430,2,1-7,adjust,-0.9248194827904287,0.009866684450198279,0.005287119516113761
430,3,1-7,adjust,-1.509413591452085,0.013643606365589417,0.003490197868618427
430,4,1-7,adjust,-2.284474291905652,0.008505879821083705,8.608332351190566e-05
430,5,1-7,adjust,-1.9703248507799251,0.0034069338684567328,0.0016906942644813964
430,6,1-7,adjust,-0.7568000411022248,-0.009249926099085658,0.003631259561021233
430,9,1-8,adjust,0.21432237641415197,0.008720998522609496,0.019648304048538373
431,2,1-4,adjust,0.01102890771204135,0.008442031862815405,0.009185582643012391
431,3,1-4,adjust,-0.22060491686034894,0.005569088745548167,0.005467581153918596
431,6,1-5,adjust,-1.1495587814412898,-0.0029005100554253312,0.010185954163776736
431,7,1-5,adjust,-1.1024096567515096,-0.01133803837578903,0.01269939127140403
431,8,1-5,adjust,-0.5469445224040582,-0.011932379745798331,0.013887402443979829
431,9,1-5,adjust,-0.06779493361583233,-0.007291705116085104,0.01520170185729332
432,2,1-7,adjust,0.46623700974060484,-0.019609879195628645,0.011454648247534704
432,3,1-7,adjust,0.7514334438885302,-0.010021725928136167,0.011960216718016075
432,4,1-7,adjust,0.5583547476942011,0.001403511344110631,0.013807248096808469
432,5,1-7,adjust,0.2166101851418247,0.005430200040018265,0.009072339621509327
432,6,1-7,adjust,0.40397983814781746,1.9936666645218737e-05,0.0031336352593429907
432,9,1-8,adjust,-0.4010714130140204,-0.013696982989563093,0.005250745303409269
433,2,1-4,adjust,-0.5354444596838502,0.018076815678942558,0.010969243239188874
433,3,1-4,adjust,-0.4370310891500477,0.005217459963046768,0.0010527152437050185
433,6,1-5,adjust,0.18299745720891364,0.008521219738152253,0.00852812240523041
433,7,1-5,adjust,0.39884002626345855,0.0037640393329479017,0.013051082606213765
433,8,1-5,adjust,0.9153019437505989,0.007624027782527394,0.005759339717482171
433,9,1-5,adjust,1.03984928351317,0.019534737905055805,0.0016326785243045605
434,2,1-7,adjust,0.5324057696028045,-0.009310160678961323,0.0032358963641409342
434,3,1-7,adjust,0.5581784077191025,-0.005574426979772739,0.0042994841511620205
434,4,1-7,adjust,-0.15282900063692217,-0.01052738677237607,0.004418293813183243
434,5,1-7,adjust,0.8908713305850644,0.005154559402056854,0.0005216666254875124
434,6,1-7,adjust,0.24136313027427458,-0.004535986314469191,0.006481589335489131
434,9,1-8,adjust,-0.56188189623957,-0.006846334206563364,0.004376636503946575
435,2,1-4,adjust,-0.49675699854616767,0.0022656930208488084,0.003122480953443479
435,3,1-4,adjust,-0.21721944955981615,0.009225192066422066,0.004160357061565845
435,6,1-5,adjust,0.9343322524744486,-0.0063171029317086805,0.01395327023178341
435,7,1-5,adjust,0.6416946793519939,-0.003245237353289324,0.0032552649465707882
435,8,1-5,adjust,0.5312904168680095,0.00883408125499387,0.013964415400646139
435,9,1-5,adjust,0.3003278506160487,0.004441181635991817,0.009404125674155748
436,2,1-7,adjust,0.17555941359286242,-0.006129492586435263,0.0023925747256218805
436,3,1-7,adjust,0.5033571152616035,-0.004644236993445882,0.0021120991357293883
436,4,1-7,adjust,0.21481466049522768,0.008486826084855155,0.0002387722736077449
436,5,1-7,adjust,-0.32118546507704276,-0.006835061116103218,0.0012052683111389714
436,6,1-7,adjust,-0.009736330696432536,0.007683675452547723,0.00198609277484027
436,9,1-8,adjust,0.1798629847519685,0.011889519793652149,0.008810995924132746
437,2,1-4,adjust,0.13548995695059884,0.002554704006142419,0.005637973866111213
437,3,1-4,adjust,-0.6536828426210379,0.005904749498663892,0.0041373459831235285
437,6,1-5,adjust,-0.5492247152953538,-0.004826931175119961,0.005730831603589051
437,7,1-5,adjust,-0.017542760267484404,0.006096543602400323,0.003589797606670748
437,8,1-5,adjust,-0.21977987003333338,-0.003222973625062439,0.002483364553474798
437,9,1-5,adjust,-0.22302841393963424,-0.01587733231194975,0.0013087718078049052
438,2,1-7,adjust,0.08242109520383588,0.006847456925772155,0.006998343274903884
438,3,1-7,adjust,0.4405157620097182,-0.0075999287186426035,0.00344830923639155
438,4,1-7,adjust,0.3960915041790503,-0.0002689494964947782,0.0004354681143472473
438,5,1-7,adjust,0.304642744958441,-0.0012842966304763826,0.004228565617813736
438,6,1-7,adjust,0.38102264409299597,0.003812873461583204,0.001097952488964136
438,9,1-8,adjust,-0.011329975324484553,0.010472640322526787,0.0017803788445274256
439,2,1-4,adjust,-0.1000837666030765,-0.002087227118262827,0.006909629863381911
439,3,1-4,adjust,-0.11379964556824808,0.0019455712269949826,0.00491139692659282
439,6,1-5,adjust,0.09211475031363622,-0.009031361702540448,0.00519225358317825
439,7,1-5,adjust,-0.560733998443641,-0.010722842885226385,0.003499393037501319
439,8,1-5,adjust,-0.5661444379021765,-0.00197330014336213,0.00020077251111466754
439,9,1-5,adjust,-0.025945677413180147,-0.007320557808710064,0.002024957022636742
440,2,1-7,adjust,0.3592500556283084,-0.01619178775204126,0.005948193729401998
440,3,1-7,adjust,0.4089748187999679,-0.004733267237345235,0.0025441531954978887
440,4,1-7,adjust,0.30450145172198567,-0.00552888027275176,0.0030550832334430462
440,5,1-7,adjust,0.13771840347658768,0.008107097901181365,0.0017268574265938805
440,6,1-7,adjust,-0.455978013830198,-0.001965900529190214,0.0016971098638335128
440,9,1-8,adjust,-0.21853349304568756,-0.003082862781153423,0.00979771701049052
441,2,1-4,adjust,-0.06476219779221784,0.0045636338033305,0.01193991362707762
441,3,1-4,adjust,-0.1820202638763083,0.004283694044451138,0.006578164485161864
441,6,1-5,adjust,0.6501133252702754,0.00873750440755464,0.0026873135075524707
441,7,1-5,adjust,0.6971700297917229,0.01654417043350772,0.002034317896709865
441,8,1-5,adjust,0.665781850109353,0.008588014174795051,0.002499927238019718
441,9,1-5,adjust,0.7205586391924095,0.0189288868761853,0.012314583960947001
442,2,1-7,adjust,-0.6536788419078822,0.015484142794703388,0.0006786586763985266
442,3,1-7,adjust,-0.8690794532140461,0.008550370092385766,0.0013074234196606212
442,4,1-7,adjust,-0.9360967945457892,0.003788409790596629,0.0024539432690921237
442,5,1-7,adjust,-0.92297101662963,-0.00752421323358708,0.0005475342513868381
442,6,1-7,adjust,-0.364320719442184,0.005193795281492587,0.0008674965937414488
442,9,1-8,adjust,-0.12303869035482523,-0.003605731723241707,0.003435640935159906
443,2,1-4,adjust,0.13390343893013162,-0.002865579423653032,0.0014276231126452976
443,3,1-4,adjust,-0.023264693540051503,-0.004108326099360185,0.008478576063955013
443,6,1-5,adjust,-0.6154694933855854,-0.006595809689754836,0.003324278058669859
443,7,1-5,adjust,-1.2656568194155629,-0.003559438854633892,0.004323847844464996
443,8,1-5,adjust,-0.7205758327001902,-0.008181696382476174,0.00017082972939882378
443,9,1-5,adjust,-0.34893024277846485,-0.011915240034432829,0.0025060763920370832
444,2,1-7,adjust,0.10803837800072663,0.0023256889994544487,0.010844081465071632
444,3,1-7,adjust,0.3648544407754038,0.003599747943357592,0.0034362221094372454
444,4,1-7,adjust,-0.3871815563416212,0.0036601895567231874,0.006697603179125697
444,5,1-7,adjust,-0.7693930502177915,0.00650871092508697,0.005369435297044456
444,6,1-7,adjust,-0.8789554749573758,-0.005222094114890402,0.014315618718652777
444,9,1-8,adjust,-0.22709252366775154,0.00612549697935147,0.003310964315300815
445,2,1-4,adjust,-0.2667018662370631,-4.619121201149637e-05,0.0015608597855016248
445,3,1-4,adjust,-0.7159894636183592,-0.002755848028462936,0.0041704148951920315
445,6,1-5,adjust,0.03243040198929265,0.0056031821310293965,0.007277570247336817
445,7,1-5,adjust,0.6463694468635849,-0.010758028359727502,0.002812887924324408
445,8,1-5,adjust,0.3389171826812198,0.0008522356716991947,0.004487447325925434
445,9,1-5,adjust,0.0829708455399015,-0.004288257797385391,0.01397331054299501
446,2,1-7,adjust,0.27531358028545017,-0.009539812298421449,0.00023450433148618696
446,3,1-7,adjust,0.9815946484699087,-0.008356965415159222,0.00048447946304789675
446,4,1-7,adjust,0.7662571423788787,-0.004989742928350203,0.0023645268698795087
446,5,1-7,adjust,0.305273041994026,-0.008703437988587031,0.0018248657112008818
446,6,1-7,adjust,1.234555409631798,0.003121886726277499,0.003433550601481049
446,9,1-8,adjust,-0.13166164725371446,0.005558184865780388,0.008095311178300322
447,2,1-4,adjust,0.1912174901527391,0.0030297538831335763,0.002945842059196353
447,3,1-4,adjust,-0.2073574090159762,0.00441615104513268,0.008864416697572323
447,6,1-5,adjust,-1.1044683799404875,-0.0072104036408799565,0.01594895149272189
447,7,1-5,adjust,-0.9184402038360244,-0.0034358553300429732,0.013858803360610511
447,8,1-5,adjust,-0.9843961914199367,-0.013679779529504187,0.009226855060016605
447,9,1-5,adjust,0.4102038718859045,-0.006483055409415111,0.0024683756941975246
448,2,1-7,adjust,-0.11467325584985519,-0.004272065357609316,0.014898020289890552
448,3,1-7,adjust,1.334859528503118,-0.014358180342709541,0.011922931723199921
448,4,1-7,adjust,0.4335020903362626,0.0008720155168285427,0.014385345249925498
448,5,1-7,adjust,1.0636823371733404,0.006581661566233544,0.012862169444781864
448,6,1-7,adjust,0.2657559303020965,0.0026155258374890166,0.004363176965572147
448,9,1-8,adjust,-0.9557270700553081,-0.022441200855598736,0.008936010667423278
449,2,1-4,adjust,0.20227779565359624,0.003977341514818005,0.0034155192929266535
449,3,1-4,adjust,-0.595807573302005,0.009536071652439094,0.007649329090447351
449,6,1-5,adjust,1.0121278041016553,0.005394212757868943,0.006117520812557107
449,7,1-5,adjust,1.6467257318561366,0.01010553997808143,0.00010764701764598128
449,8,1-5,adjust,0.8800518623564151,0.015799606717773574,0.006254061727021599
449,9,1-5,adjust,0.7130604722919403,0.02761849537771798,0.0028052042543136213
450,2,1-7,adjust,-0.2683670045923513,0.0019665856641148537,0.0014897615075936145
450,3,1-7,adjust,-1.0518797434498701,0.0023806882036311273,0.0013642086246717989
450,4,1-7,adjust,-0.4449807954895868,0.011625972443886792,0.0012213656896341266
450,5,1-7,adjust,0.02245448108081555,-0.0005550859876500919,0.0011214086677714728
450,6,1-7,adjust,0.46472883524519243,-0.0029325779123670352,0.0014907960590795466
450,9,1-8,adjust,0.12777411071978806,-0.006467874022028713,0.00990856287975181
451,2,1-4,adjust,-0.24675796742588535,0.012669540062621434,0.013165879610590712
451,3,1-4,adjust,0.04625599095420293,0.010804434251233175,0.012974071665226477
451,6,1-5,adjust,-0.5742174410416269,0.0030696955236509216,0.008749971141160858
451,7,1-5,adjust,-0.18682240798197375,-0.008564404483207244,0.014885791311601889
451,8,1-5,adjust,0.3429976960158491,-0.007296553745292089,0.011918137835807332
451,9,1-5,adjust,-0.0431940016015988,0.001020052018266923,0.013503674332724485
452,2,1-7,adjust,0.6972143844119038,-0.027555278387793338,0.001656153205673556
452,3,1-7,adjust,0.9831461340326665,-0.0129272958453659,0.0003746202745852365
452,4,1-7,adjust,0.8969236060359386,-0.009825829474214743,0.005363540471018616
452,5,1-7,adjust,1.025450301586842,-0.002679833859954538,0.002630561009235206
452,6,1-7,adjust,0.5886188966812049,-0.002613721986037882,3.585220101511573e-05
452,9,1-8,adjust,0.028580257447519394,-0.009135682080184285,0.003970997657051137
453,2,1-4,adjust,-0.3417435669560278,0.00681035071366048,0.002524266503228562
453,3,1-4,adjust,-0.0020798944223599843,0.008305206259716747,0.007065787956375472
453,6,1-5,adjust,0.6977759550011963,-0.005014150896139922,0.000495282023530911
453,7,1-5,adjust,0.41379500055145535,0.006907327928875476,0.003906710638455235
453,8,1-5,adjust,0.32804832604419376,0.015366564695162021,0.001597666952325059
453,9,1-5,adjust,-0.09734923801558584,0.021160236675484837,0.0031286031091880048
454,2,1-7,adjust,0.12237677788809502,0.0016730263084330647,0.007458848260721335
454,3,1-7,adjust,-0.8757061370389201,0.001775466643217849,0.002322274125681206
454,4,1-7,adjust,-0.6233933097676567,-0.011389258562316276,0.01400047917894005
454,5,1-7,adjust,-0.21570015901262318,0.00868179946705679,0.009558448983862612
454,6,1-7,adjust,-0.40826274630631304,0.0019973440647181396,0.00916997706545944
454,9,1-8,adjust,0.5361926868346716,-0.00020149356032600314,0.009183482537183553
455,2,1-4,adjust,0.18812233052803182,-0.0026519615389958896,0.014137881665126037
455,3,1-4,adjust,0.5800476858914759,-0.00021771459151688992,0.0038423656463395595
455,6,1-5,adjust,0.14710825046323328,0.007276064072302666,0.022632626739118353
455,7,1-5,adjust,0.1780674737087368,0.01571295146482682,0.01763508702049853
455,8,1-5,adjust,0.058941061218410244,-0.004964276081449278,0.008173575328773667
455,9,1-5,adjust,-0.13029157814016268,-0.009840105947010402,0.010041191355829815
456,2,1-7,adjust,-0.7950669267842703,0.01884983940430566,0.0005635689099413699
456,3,1-7,adjust,-1.1745340188290365,0.014900256921307269,0.006406669537571205
456,4,1-7,adjust,-1.0362033146617595,0.02166143931022042,0.004610575252364346
456,5,1-7,adjust,-1.6232772474721242,-0.010717483670106675,0.005967511446654638
456,6,1-7,adjust,-0.6990689281168015,-0.006523039081019933,0.0011677884553022778
456,9,1-8,adjust,-0.08171855191587649,0.008415277141759495,0.01714556401653998
457,2,1-4,adjust,-0.1619324887972939,-0.0019309140273821232,0.017450640448247737
457,3,1-4,adjust,0.09091498083769826,-0.017075036118277324,0.006495016102079073
457,6,1-5,adjust,-0.9856156438961727,8.331759449693152e-05,0.004022377282068966
457,7,1-5,adjust,-1.9856989944061403,-0.01881362991824651,0.017651294304089567
457,8,1-5,adjust,-0.7905346535197201,-0.013959098549452553,0.01142237252452455
457,9,1-5,adjust,-0.3657851958300671,-0.01958167792553762,0.017906221344639945
458,2,1-7,adjust,0.9747748302843788,-0.02012286333138017,0.003959710103049847
458,3,1-7,adjust,1.1084545196971638,-0.0015559990117354242,0.007354387575547683
458,4,1-7,adjust,0.1676300627038915,-0.011027127628795543,0.013137672583366823
458,5,1-7,adjust,-0.1708184562750828,0.009283920759877363,0.00959115089695059
458,6,1-7,adjust,-0.12297372270678786,0.0052275062880331544,0.014479690077930922
458,9,1-8,adjust,-0.21854246118045073,0.004832119512972007,0.0019486631490184282
459,2,1-4,adjust,-0.661937561971627,0.019567179004540667,0.003442554296698005
459,3,1-4,adjust,-0.8763940831233267,0.0018278299290334298,0.00043005671327804183
459,6,1-5,adjust,0.11511366382263392,-0.009291386640205481,0.005536875562645857
459,7,1-5,adjust,1.1077471428300136,0.003997218531201787,0.002407590866484409
459,8,1-5,adjust,0.005533694163684294,0.008258124849304492,0.005333152051197518
459,9,1-5,adjust,0.32089824834740227,0.005941017004363497,0.00517580531545567
460,2,1-7,adjust,0.48657359038184667,-0.016071975602050138,0.00527389738641024
460,3,1-7,adjust,0.3676394587574915,-0.0036683613085233746,0.0028358073645223577
460,4,1-7,adjust,0.6806324552926009,0.003397842675579825,0.00013989827644402211
460,5,1-7,adjust,0.07427977624453456,-0.0028955955189700925,0.0018038474245915391
460,6,1-7,adjust,0.5296493574122519,-0.0012295192699103153,0.0045762268103201435
460,9,1-8,adjust,-0.06729305600658192,-0.0025309716387519705,0.0024700393542501377
461,2,1-4,adjust,-0.5484270909457286,0.013613913879990575,0.0006183469497856077
461,3,1-4,adjust,0.19792405436020796,-0.006966347242075704,0.01412521236565203
461,6,1-5,adjust,-0.5076890701818797,0.0033378637350921798,0.014318443050918356
461,7,1-5,adjust,-0.2724457964046898,1.968786183731001e-05,0.0025158218077375267
461,8,1-5,adjust,-0.2886514989952915,-0.0009862983093784745,0.00892613810731985
461,9,1-5,adjust,0.3546506542890662,0.01172099549748046,0.0034254796755172835
462,2,1-7,adjust,0.3674147010141858,-0.0068600637165999075,0.0020222238104715042
462,3,1-7,adjust,-0.42432802946339815,0.010045120750147829,0.0007459267985958099
462,4,1-7,adjust,0.14422409872580946,-0.003184679202081302,0.00229470040179597
462,5,1-7,adjust,0.9208907757929724,-0.004073270505746108,0.004989949718765977
462,6,1-7,adjust,0.3101042639013328,0.0015498975534316611,0.009741954462928831
462,9,1-8,adjust,-0.45823009952420923,-0.01594724878745849,0.0009803101811888433
463,2,1-4,adjust,0.04177468683903377,0.002415160213760787,0.004292445985812116
463,3,1-4,adjust,0.44072207358874715,-0.015757960296012553,0.0024024933468266662
463,6,1-5,adjust,0.2459390249624123,0.0024792329839082392,0.003901212853621145
463,7,1-5,adjust,0.5756697672385565,-0.007662162495029348,0.008398547611026083
463,8,1-5,adjust,0.3103169479478253,-0.0032648030912081263,0.006113178861607868
463,9,1-5,adjust,-0.0271220377510784,-0.0012749938528379145,0.0065250004975232504
464,2,1-7,adjust,0.36105742546849884,-0.006533551267760634,0.0007818157108001506
464,3,1-7,adjust,0.49574241124080975,0.005308568067601812,0.0030654742834836544
464,4,1-7,adjust,0.5597014701304789,-0.0030910023830225393,0.0031286798951677725
464,5,1-7,adjust,0.5829324771465785,-3.6098388781930476e-05,0.0033568800003514134
464,6,1-7,adjust,0.7876222472708423,-0.0024350703792374927,0.0033804463063611453
464,9,1-8,adjust,0.08357724078674117,0.0006107030705975625,0.0025415943496960433
465,2,1-4,adjust,0.046386594471918605,-0.003422533242735625,0.008815551851380075
465,3,1-4,adjust,0.025437358902885218,0.0008723220074369493,0.004577477184210984
465,6,1-5,adjust,0.11890592469171599,-0.0016497763894791709,0.0032382202893353152
465,7,1-5,adjust,-0.042627163061481975,0.0023395400743798193,0.0033233087292937895
465,8,1-5,adjust,0.559915486574991,0.010063719109765622,0.004444677835970501
465,9,1-5,adjust,0.12240044936137655,0.0023877540032679954,0.001713305853474553
466,2,1-7,adjust,-0.2517412311456202,-0.0038050950262474947,0.00809734593262849
466,3,1-7,adjust,-0.2548576216359042,-0.0005256279577256439,0.004628005421159952
466,4,1-7,adjust,-0.4164562650825898,0.004131259240213033,4.075736166083228e-05
466,5,1-7,adjust,0.5804463332802862,0.012070130719928874,0.00025886966756193824
466,6,1-7,adjust,-0.441931729852735,0.00434607766316868,0.0050712542926336715
466,9,1-8,adjust,0.2473054192628212,0.013574306050940985,0.005746562637372279
467,2,1-4,adjust,-0.17682536067604557,0.008385417086460224,0.0020059697631985094
467,3,1-4,adjust,-0.05737075778981445,0.0025799347387138447,0.004245979965597532
467,6,1-5,adjust,1.418255767391635,-0.0001876595606842272,0.009164472072229089
467,7,1-5,adjust,1.0116148110984382,0.0046729347883834125,0.007045911652607781
467,8,1-5,adjust,0.8434640100853982,0.008390395924091475,0.015023941972796993
467,9,1-5,adjust,0.057311042750358046,0.0011512271191464023,0.005320839177253885
468,2,1-7,adjust,0.039697273486545115,0.006108740734122031,0.012200578387581738
468,3,1-7,adjust,0.4821300284213939,-0.006836707412265066,0.023493206647982736
468,4,1-7,adjust,0.10140388457843795,-0.010826401265142673,0.01691810914262099
468,5,1-7,adjust,-0.1721992037836798,-0.013008880838014774,0.007584616958539257
468,6,1-7,adjust,-0.7209760809481367,-0.005872227961766932,0.01660712957218568
468,9,1-8,adjust,0.582448215043346,0.014435052499224596,0.013599667619496126
469,2,1-4,adjust,0.3070236308851012,-0.011604947754029777,0.001929066867162957
469,3,1-4,adjust,-0.09720087613390227,0.007440964823316593,0.0006919057989775939
469,6,1-5,adjust,-0.12147779071433622,-6.571980350826716e-05,0.013706097108341173
469,7,1-5,adjust,-0.4920355271564382,0.0006942414988634106,0.007716826022761337
469,8,1-5,adjust,-1.0350243159152681,-0.010657268375891038,0.015573558422624437
469,9,1-5,adjust,-0.826016864178797,-0.02397136130353006,0.009464551243074961
470,2,1-7,adjust,-0.600169741747827,0.0109772375868731,0.007011802280069699
470,3,1-7,adjust,-0.8994745044616091,0.013205006456450405,0.0012133902547245168
470,4,1-7,adjust,0.6430938006537998,0.006243857069784541,0.006047974848539261
470,5,1-7,adjust,-0.366322741859173,0.003076809570441253,0.0012322457900436415
470,6,1-7,adjust,-0.3298066062919964,0.008294705322555947,0.014327841394832013
470,9,1-8,adjust,-0.031629981842770376,-0.0030010354609505507,0.011251273490562066
471,2,1-4,adjust,0.5517327948449612,-0.013535709275891898,0.0066728985317291885
471,3,1-4,adjust,1.0400900472292294,-0.017240415888399786,0.006944632682573901
471,6,1-5,adjust,0.3246149737307686,-0.008800975745263973,0.007191409162372949
471,7,1-5,adjust,-0.760017217207266,0.0016141754162042696,0.005050458694892862
471,8,1-5,adjust,0.17364216044343941,-0.001594422287783011,0.006584383900886934
471,9,1-5,adjust,-0.001655556609427432,0.007342878951246706,0.004932466200617789
472,2,1-7,adjust,-0.4561106222717043,0.012010410425716852,0.0004901736064151005
472,3,1-7,adjust,-0.6174023296473954,0.00749005877740229,0.002925089057727624
472,4,1-7,adjust,-1.2443843455596002,0.006379270181961507,0.0021992349074588975
472,5,1-7,adjust,-1.238797589061154,-0.002498759061748053,0.0017383697376079903
472,6,1-7,adjust,-0.6432309411921868,0.012219307728822073,0.004682566726199205
472,9,1-8,adjust,0.24424320438805364,0.0036403269029723767,0.015915102580355688
473,2,1-4,adjust,-0.29348122727554155,-0.0010052243151753122,0.008745012551591545
473,3,1-4,adjust,-0.31564318681367304,0.008260084915522208,0.00474312861845265
473,6,1-5,adjust,-1.146312887485139,-0.0014244535490025275,0.009972609647235666
473,7,1-5,adjust,-0.5060825498268531,-0.004544788468828734,0.010065801907694955
473,8,1-5,adjust,-1.0044552663087574,-0.004961373163272527,0.0052260380337063785
473,9,1-5,adjust,-0.41563359756118684,-0.012065214375526948,0.005534988678212197
474,2,1-7,adjust,0.4633409113455366,-0.0014245046627130342,0.00016245475121326688
474,3,1-7,adjust,0.943261065748409,-0.013968110307216751,0.008468989020943622
474,4,1-7,adjust,1.1165485639797466,0.004587514046733102,0.0041864407438378945
474,5,1-7,adjust,0.0019661758753173613,0.0035341465447917965,0.0035861006197415914
474,6,1-7,adjust,0.36559304539570436,-0.010623712463654157,0.0008480205941094251
474,9,1-8,adjust,-0.2788345787921949,-0.00945021392544851,0.005446294951682424
475,2,1-4,adjust,-0.10383544862521937,3.5028442892008784e-05,0.0003944722508797583
475,3,1-4,adjust,-0.20491775107823484,0.004955031603580048,0.017291942834713834
475,6,1-5,adjust,-0.09908832702059503,0.009887381751139538,0.022295005658771672
475,7,1-5,adjust,0.3806289282418462,-0.0006705809577573524,0.013846328236201348
475,8,1-5,adjust,-0.08368268763683247,-0.003996995846657099,0.018214274926723964
475,9,1-5,adjust,0.4672054692441518,0.012825352841362119,0.009368758270950054
476,2,1-7,adjust,0.12975508101092786,-0.00401440968411143,0.012954006141909228
476,3,1-7,adjust,-0.13078018337381686,0.0011483932052469938,0.008291957490748526
476,4,1-7,adjust,-0.7656920831021488,-0.01596847180240268,0.005008126278832049
476,5,1-7,adjust,0.4326280634415448,-0.003160155162729056,0.0014184578644577393
476,6,1-7,adjust,0.7605645523604947,0.00155108848720055,0.0024661259924538925
476,9,1-8,adjust,-0.5358735393363361,-0.017469085801655987,0.010396489363029051
477,2,1-4,adjust,0.21351288345273414,-0.00393979262800717,0.007167492590622566
477,3,1-4,adjust,-0.09857453615886487,-0.008494585977088447,0.010115291957591453
477,6,1-5,adjust,-0.16082170187870784,-0.01128510263644105,0.00370219951341896
477,7,1-5,adjust,-0.36842581114221584,-0.0037912060240612964,0.0007245874460668762
477,8,1-5,adjust,0.6818471553239386,-0.004895273324051782,0.0024803578156801526
477,9,1-5,adjust,0.443119949283405,0.014005387556035389,8.876555889912302e-05
478,2,1-7,adjust,-0.17863587758091384,-0.005183879192064018,0.010130382939351238
478,3,1-7,adjust,0.05683532699598665,0.008933538784799909,0.010719329205041388
478,4,1-7,adjust,0.13827713322962176,0.0021076607238631716,0.008256440294856105
478,5,1-7,adjust,0.12159334050006411,0.004086559426423994,0.004741086044272076
478,6,1-7,adjust,-0.12011779777960879,0.00896119220194141,0.01366018816966566
478,9,1-8,adjust,-0.25567985059871223,-0.005504684291907388,0.000817328789827155
479,2,1-4,adjust,0.17004971992705084,0.008897483002017082,0.011026185257770972
479,3,1-4,adjust,0.17730373374017783,-0.008780075668095397,0.010629868528742746
479,6,1-5,adjust,0.18957296581867258,-0.001568883674923868,0.0006373458236891366
479,7,1-5,adjust,0.8923465072543703,0.003380999820343539,0.005746696525620869
479,8,1-5,adjust,0.5337866487170705,0.014009908712339168,0.005307158812691149
479,9,1-5,adjust,0.21993026048460038,0.008884446570741559,0.005010311557952091
480,2,1-7,adjust,-0.17499570688560656,-0.011169186321074798,0.0037319385084262574
480,3,1-7,adjust,0.09773044897900011,0.0005845459430083605,0.00482355881466249
480,4,1-7,adjust,0.15455061756565408,0.001307062634225164,0.001739795854610724
480,5,1-7,adjust,1.048239137895645,0.0008564682530170731,0.0023932102206914844
480,6,1-7,adjust,0.8603442063730631,0.008766206334881368,0.0029774310397666396
480,9,1-8,adjust,0.34628978615322253,0.007022042678973064,0.008499788846289255
481,2,1-4,adjust,0.08413096610736426,0.004932358302846381,0.005506606953478353
481,3,1-4,adjust,-0.09886241949608814,0.0006277942147561198,0.0035282835443084942
481,6,1-5,adjust,0.446450587939481,-0.018429481874675982,0.008069124764473816
481,7,1-5,adjust,0.4482875251931282,-0.0009983708049765899,0.009978575650825236
481,8,1-5,adjust,0.035958744701341146,0.006737498917861855,0.008019559479011729
481,9,1-5,adjust,0.078866005730438,-0.0035355231783334817,0.007812337946433677
482,2,1-7,adjust,-0.07588952353935464,0.0032289795930957018,0.005420625005580797
482,3,1-7,adjust,-0.056058240743671536,-0.0017505730042102197,0.014392807230592747
482,4,1-7,adjust,0.42264501749543887,-0.0034538295381086916,0.011027817627002803
482,5,1-7,adjust,0.508641039557985,-0.005750950314047081,0.013843544020947554
482,6,1-7,adjust,-0.0630953563975479,0.014779338622686409,0.008913536929593254
482,9,1-8,adjust,-0.005956402071536787,-0.0003104121502876887,0.0022942726171640286
483,2,1-4,adjust,0.34016926150480076,0.0036483859076325985,0.001325297979247935
483,3,1-4,adjust,0.14149489876828247,-0.0027143474597974004,0.005151606445804398
483,6,1-5,adjust,0.15924661610024635,-0.010359455449371455,0.009469182990495857
483,7,1-5,adjust,0.26252897457108754,0.011737751206486478,0.013325402047765859
483,8,1-5,adjust,-0.2519161922494161,-3.0461671552504942e-05,0.0030616772996521382
483,9,1-5,adjust,-0.40112687920649703,0.0030163458873383848,0.002465479797603035
484,2,1-7,adjust,-0.9951971012871896,0.017880124505388124,0.00896357198001222
484,3,1-7,adjust,-1.5279835369346044,0.01977248604709381,0.0013512600396267476
484,4,1-7,adjust,-1.4525592926546473,0.013607481668066199,0.0001021107009000606
484,5,1-7,adjust,-1.3307030160290365,-0.0021398689862687846,0.012484089302156635
484,6,1-7,adjust,-0.49912866138510353,0.007364860578525587,0.01270715345854192
484,9,1-8,adjust,0.2513755110766566,0.004551647620276448,0.005723596896247331
485,2,1-4,adjust,0.080693240473493,-0.008327996712826366,0.012412797425929389
485,3,1-4,adjust,0.24617123838553734,-0.007887103782100727,0.02210073494776347
485,6,1-5,adjust,-0.8606717349015888,-0.00019178984181909644,0.00509943009790038
485,7,1-5,adjust,-1.1658436087814477,-0.002554624748965671,0.007650805151404414
485,8,1-5,adjust,-0.6794310153566078,-0.008919035926482797,0.011406179852629716
485,9,1-5,adjust,-0.2896193036750069,-0.01621417634257073,0.009050935222075843
486,2,1-7,adjust,0.45494728156974573,-0.008281492222298355,0.008789640412707621
486,3,1-7,adjust,-0.21847284157910213,-0.0011567196204398328,0.006961796783637723
486,4,1-7,adjust,0.6513320487650825,-0.0027721349631709834,0.008200745931405752
486,5,1-7,adjust,-0.9121823921009167,0.003445946579892132,0.0019019695309082532
486,6,1-7,adjust,-0.32718294211637045,-0.00017532933129665369,0.0013105088614031295
486,9,1-8,adjust,-0.2791730722593742,0.008536445993202859,0.003957930085525582
487,2,1-4,adjust,-0.18115683760318013,0.009836466653718519,0.00564994324310505
487,3,1-4,adjust,0.7250055077938072,-0.001505679169766381,0.005736070947414129
487,6,1-5,adjust,-0.5233967060261013,-0.0010805394029589357,0.014082476139871047
487,7,1-5,adjust,-0.46449665933223705,-0.003588696602197059,0.008287500878795458
487,8,1-5,adjust,-0.045098262928583974,0.005055132706730684,0.004997317671592323
487,9,1-5,adjust,0.4657315333118371,0.0040228059941852645,0.005417105816658286
488,2,1-7,adjust,0.31098679083322095,-0.006144056190734825,0.002668168698758022
488,3,1-7,adjust,0.12212732626955593,0.0054517446319788795,0.0006952460452549037
488,4,1-7,adjust,-0.8113460142850806,-0.0009206239997214053,0.004803784063932455
488,5,1-7,adjust,-0.3507856947545166,-0.008871894477513215,0.007671027702918501
488,6,1-7,adjust,-0.1949470753502448,-0.0015936402863515444,0.00838057964998958
488,9,1-8,adjust,-0.3327634712208693,-0.019182388912085284,0.002884697619153622
489,2,1-4,adjust,-0.3501851894844907,0.0024101534471712063,0.0103852047994562
489,3,1-4,adjust,-0.6306494565433706,0.010198348203068206,0.01060807036713887
489,6,1-5,adjust,-0.41793276887907266,0.006297083582155297,0.005750435588075557
489,7,1-5,adjust,-0.3707247282832076,-0.016603818462346442,0.012592477065707253
489,8,1-5,adjust,-0.5285115671800779,-0.015357033724783422,0.013418095048807534
489,9,1-5,adjust,-0.07809928103696716,0.007080541065789321,0.006530180293332173
490,2,1-7,adjust,0.6476151296995017,-0.019440160156142774,0.0012427076981675357
490,3,1-7,adjust,1.678957574058368,-0.021267634390742564,0.00038241534255701416
490,4,1-7,adjust,1.5020192150080276,-0.007021266671604811,0.003637337940102889
490,5,1-7,adjust,1.580260097997739,0.004752173853255325,0.004150039273957548
490,6,1-7,adjust,0.9024904349900031,-0.006553077368660339,0.009380590659919048
490,9,1-8,adjust,-0.38383395713427026,-0.016778935215950485,0.0009051120530484256
491,2,1-4,adjust,-0.21521804132718697,0.01542533779434728,0.002706648277431302
491,3,1-4,adjust,-0.3232615225948327,-0.0033570773569949037,0.0035886022714030704
491,6,1-5,adjust,0.7849400790162123,-0.007100848546317921,0.002282300950395065
491,7,1-5,adjust,1.059749479589192,0.024525136481996408,0.00249369403798388
491,8,1-5,adjust,0.7141818841282505,0.00998509871680925,0.0031640496744647956
491,9,1-5,adjust,0.5424024769645535,0.02461224339085521,0.004960067960024164
492,2,1-7,adjust,-0.5265021550550585,0.002448307699041889,0.004667483542930976
492,3,1-7,adjust,-0.8203979895108111,0.01453923376284358,0.008337666326889192
492,4,1-7,adjust,-1.1739986376361256,0.015739176476835547,0.009735424146124766
492,5,1-7,adjust,-0.2971537996291216,0.016988186243721927,0.001965744158601511
492,6,1-7,adjust,-0.1712044312409636,0.0104561983424088,0.0033894388905359595
492,9,1-8,adjust,-0.014415269457460356,-0.008443728408226143,0.017335624875921614
493,2,1-4,adjust,-0.11587110907570913,0.007378915708395755,0.008053590439639392
493,3,1-4,adjust,-0.3274250321807,0.006419989785856007,0.004078246077194169
493,6,1-5,adjust,0.6076146217438938,-0.0012454917669498377,0.0005767429432111753
493,7,1-5,adjust,0.4342186228387889,0.0011827106548538782,0.0021024361906026284
493,8,1-5,adjust,0.9304130048779266,0.008726579115823453,0.0006468601850674486
493,9,1-5,adjust,0.5322345808574889,0.014399392667363115,0.0038151352962959204
494,2,1-7,adjust,-0.3576704206860202,0.009277130175832976,0.0025692556578512877
494,3,1-7,adjust,-0.019495763444811492,0.002281037310404602,0.0026670731283568888
494,4,1-7,adjust,-0.1673519987818915,-0.009165445321550801,0.004557642154961731
494,5,1-7,adjust,-0.35686184499472695,-0.004822237458523736,0.0007741041405804424
494,6,1-7,adjust,-0.6155416767829716,-3.3440200883914075e-05,0.001840347552134511
494,9,1-8,adjust,0.14169423036039247,0.00533126237384905,0.0022791702321839765
495,2,1-4,adjust,0.6875450704653525,-0.013948676081911271,0.002491295636249058
495,3,1-4,adjust,-0.18351384287675018,-0.007813035279121168,0.005934214825500258
495,6,1-5,adjust,-0.08826681109254547,-0.001366547074329436,0.006325405781727337
495,7,1-5,adjust,-0.023238548695591634,-0.014678048040330717,0.0057297514658806005
495,8,1-5,adjust,0.10192847733089778,-0.007800419916658561,6.661394748907198e-05
495,9,1-5,adjust,-0.08681773140322598,0.005094380170638435,0.004479079937746802
496,2,1-7,adjust,0.13459781088412046,0.005454526889382768,0.005438732537241523
496,3,1-7,adjust,1.3555729243144041,-0.012012853936485813,0.0040998538310993765
496,4,1-7,adjust,0.7744474513828048,9.141587682248442e-05,0.0013873629824165772
496,5,1-7,adjust,0.9810176611496678,-0.0044560291359620596,0.002871624124540771
496,6,1-7,adjust,0.706151572848064,0.005815663056316035,0.006040688163278529
496,9,1-8,adjust,-0.030827044624873914,-0.0072264499667639304,0.009118800983018715
497,2,1-4,adjust,-0.001346494604556255,-0.007945014727051301,0.004073722704225369
497,3,1-4,adjust,-0.5527852667549007,0.009029897764729244,0.0042749789765830085
497,6,1-5,adjust,0.2144035159538287,-0.012392638925310204,0.0016656382143364786
497,7,1-5,adjust,0.587744357386613,0.010283954579629953,0.0034836555874620152
497,8,1-5,adjust,-0.11129919243280383,0.002345249892093279,0.000985128462292782
497,9,1-5,adjust,-0.308647995395927,-0.014936606490043653,0.0003309615409219848
498,2,1-7,adjust,0.08871711566498187,0.0008341613591098513,0.0012144060386409274
498,3,1-7,adjust,-0.6406149452106153,0.0025809493537794197,0.0021989613441545327
498,4,1-7,adjust,-0.2595301953997788,-0.00027058457503270644,0.002753948918802703
498,5,1-7,adjust,-0.5071917821805735,-0.011274277724164925,0.005518940027867988
498,6,1-7,adjust,0.20244363665513607,0.011903700382868667,0.0012689550831216634
498,9,1-8,adjust,0.4397341531346251,0.014501130213869928,0.006424872126083933
499,2,1-4,adjust,-0.11299354538556484,-0.0010567358987534847,0.010231953028215897
499,3,1-4,adjust,0.17410974118519376,-0.0028901030411104893,0.014803356052404825
499,6,1-5,adjust,-1.1888649333519428,-0.008047937702029252,0.0001646071364925154
499,7,1-5,adjust,-1.1365065830511374,-0.00682207135738212,0.009453516283693777
499,8,1-5,adjust,-0.7863204959924207,-0.0011746261190076607,0.005745669978285142
499,9,1-5,adjust,-0.5534899880917862,-0.023435533124669887,0.009348339199819007
500,2,1-7,adjust,0.16632719282452146,0.002186865363593579,0.0009506497076540629
500,3,1-7,adjust,0.7542154019469085,0.00818333163792433,0.0022358460851262005
500,4,1-7,adjust,0.4589358587735975,0.0024908799138110586,0.0006979626835082192
500,5,1-7,adjust,-0.2464404726606657,0.010212438603105993,0.0003098233858991951
500,6,1-7,adjust,-0.07001590646315535,-0.00915739948814339,0.008009793971326005
500,9,1-8,adjust,-0.05395221583961646,0.01588661871131905,0.00185004996071648
501,2,1-4,adjust,-0.22781607395103637,-0.0012860029089787723,0.0007951641792014267
501,3,1-4,adjust,-0.3403011394933841,-0.016059013110494194,0.0006025496502708609
501,6,1-5,adjust,-0.03264991464600118,0.014136982465888803,0.00754014612810606
501,7,1-5,adjust,0.2922666435685234,0.002455626208244095,0.0091328930798755
501,8,1-5,adjust,0.49873893947368353,0.007613578289284914,0.004013839523128309
501,9,1-5,adjust,0.36630673432157346,-0.004629737953736403,0.0040450301822172454
502,2,1-7,adjust,0.02673221560586268,-0.0017390937342473905,0.0100849667524883
502,3,1-7,adjust,-0.37839110183184027,0.01821535268932843,0.0009662026977845814
502,4,1-7,adjust,0.0005972197914181299,0.005794792451734152,0.003644779241408597
502,5,1-7,adjust,0.43812263453969463,-0.0047180881735809236,0.009810264208618509
502,6,1-7,adjust,0.3066298411253027,-0.004422387502381734,0.006648812344295035
502,9,1-8,adjust,0.16361036845494145,0.006359637267887246,0.0029278094872845412
503,2,1-4,adjust,-0.15676991338448956,0.0006113454433662374,0.007499049205128151
503,3,1-4,adjust,0.16891010258176375,-0.01657748914218728,0.00573023026656783
503,6,1-5,adjust,0.6585986836363351,-0.0052688601344190265,0.013748935355703065
503,7,1-5,adjust,-0.2240576809881232,-0.0007181424723463213,0.011432404444531988
503,8,1-5,adjust,-0.03601639106291626,-0.003257701213554342,0.006657237589862534
503,9,1-5,adjust,-0.3866117329976198,-0.0067859250380736405,0.012293307081348398
504,2,1-7,adjust,-0.11330221374376322,0.0032751743557773187,0.0015954641228592113
504,3,1-7,adjust,-0.10745258473372479,0.007306099137254729,0.003142099778129212
504,4,1-7,adjust,-0.6370489183023988,-0.008153685212161102,0.0030497358284210588
504,5,1-7,adjust,-0.5840502735385552,0.001332824967126329,0.011586881181626991
504,6,1-7,adjust,-1.02734106871192,-0.0017003008965872793,0.0032351780532565537
504,9,1-8,adjust,0.15690948939035362,0.009121762839944416,0.002840105748265001
505,2,1-4,adjust,0.1473069677693483,0.00238342214177477,0.004387530224455876
505,3,1-4,adjust,-0.2070800564616858,0.0015933324860510653,0.01727635555784825
505,6,1-5,adjust,-0.10131552332788567,0.015844037141807963,0.0035983475030571233
505,7,1-5,adjust,-0.5114867283386768,-0.009734267379162274,0.008349790428412362
505,8,1-5,adjust,-0.09543359396163958,-0.0028590642449685504,0.0008539200247137742
505,9,1-5,adjust,-0.04271072404133941,-0.004214011624560572,0.002143812542292468
506,2,1-7,adjust,0.6943933738059658,-0.015804707201829808,0.008563933238042718
506,3,1-7,adjust,1.0041151153809356,-0.00429104723585583,0.011015085917724009
506,4,1-7,adjust,1.6355043763295596,0.005472463718119891,0.013135193611056006
506,5,1-7,adjust,0.19851317272434296,-0.0004702487013048523,0.00466096095474432
506,6,1-7,adjust,0.121068411232165,-0.0027343881800137022,0.0014297124208426711
506,9,1-8,adjust,0.00671824520365302,0.0020609012231002696,0.021361114157066496
507,2,1-4,adjust,-0.24811585558609925,0.0013715479545080352,0.010410137384127802
507,3,1-4,adjust,0.14848169113765933,-0.01036925501402593,0.006543079807071743
507,6,1-5,adjust,0.3351327660886802,-0.011968793467091354,0.01986746830559637
507,7,1-5,adjust,0.7853812640548639,0.004440229388692426,0.012895100112537385
507,8,1-5,adjust,-0.45587766510439476,-0.0031547068214225937,0.003803250417414532
507,9,1-5,adjust,-0.5285075790391407,-0.004954329994973741,0.007053715786310996
508,2,1-7,adjust,-0.06742778025223195,0.001206991651903558,0.0004081427854658026
508,3,1-7,adjust,0.10997037296839138,0.00018440389210223795,0.004511075298906004
508,4,1-7,adjust,-0.5453496517878733,-0.011139080431705932,0.0005054303987414699
508,5,1-7,adjust,0.3054145586511899,0.00038094569957622935,0.004483016251783971
508,6,1-7,adjust,0.5081097407301699,0.01405650360199298,0.00482267583740772
508,9,1-8,adjust,0.2866123877597675,-0.008379138683098294,0.0001600147502052616
509,2,1-4,adjust,0.08830418583048409,0.0023488599309751832,0.004149611711334869
509,3,1-4,adjust,0.10565351375763558,0.0055572963219482786,0.007424856571491349
509,6,1-5,adjust,-0.16085847556134983,-0.007469129681686153,0.0024746362775054935
509,7,1-5,adjust,-0.01004568619333094,0.0021357316963530955,0.0036254859279292893
509,8,1-5,adjust,0.16215663783512518,0.0024419117435700495,0.006950583964256367
509,9,1-5,adjust,0.08178670137344463,0.00011263752356391198,0.0020540104484435607
510,2,1-7,adjust,-0.2683529928820261,0.0007682142215672728,0.002483446891216485
510,3,1-7,adjust,0.17017610332198674,-0.0067668297448415385,0.006949755121192767
510,4,1-7,adjust,-0.43469077275398743,0.003105336609151501,0.0018776083244800741
510,5,1-7,adjust,-0.4374547636649163,-0.005884433830809785,0.0006529957002553066
510,6,1-7,adjust,-0.12529764182580655,0.005030659514388918,0.008408560253235945
510,9,1-8,adjust,-0.12000866716078086,0.009946837235620742,0.0035342140223891872
511,2,1-4,adjust,0.27109895686953345,-0.0021040564332135835,0.0005394176040384721
511,3,1-4,adjust,-0.9005138358351108,0.004117736429459288,0.0050154668737738915
511,6,1-5,adjust,-0.7964401222639403,-0.008079406290900155,0.002176243103236917
511,7,1-5,adjust,-0.6405714405035323,-0.0012084103484425234,0.0041662717613996396
511,8,1-5,adjust,0.05740477883611954,-0.008685846360462483,0.011821102193210297
511,9,1-5,adjust,-0.1340218779816692,-0.010966278857032021,0.0008603020195381512
512,2,1-7,adjust,0.22065499748709777,-0.003597162241913881,0.0008253606236334612
512,3,1-7,adjust,-0.47012498801237457,0.0021145571849760167,0.00899664132269027
512,4,1-7,adjust,-0.04977286253791462,0.00487850847684238,0.006467879020359118
512,5,1-7,adjust,0.5327352172323275,0.014262302140900074,0.010596741643448364
512,6,1-7,adjust,0.29374877621526946,-7.85793787274999e-05,0.0016233604458069661
512,9,1-8,adjust,0.09834726072525359,0.007373187782851859,0.003980855671186769
513,2,1-4,adjust,-0.446724455494752,0.009988128549315745,0.005054174635954255
513,3,1-4,adjust,0.45556806702415115,0.00035577562474427255,0.006997456549930567
513,6,1-5,adjust,0.4410687184854315,0.009643530128520136,0.0030722648977460445
513,7,1-5,adjust,1.333410505106774,0.005670023239474641,0.0023737216561615718
513,8,1-5,adjust,0.9873034330800978,0.01273536105453741,0.00034218374950948705
513,9,1-5,adjust,0.49781768657959863,0.0025038786843517126,0.0035030194101868866
514,2,1-7,adjust,0.13960965370890976,0.004674418651943384,0.010657106155941894
514,3,1-7,adjust,0.27392546871721496,-0.0005128560765747499,0.013625665726778756
514,4,1-7,adjust,-0.6700920202198882,-0.005814394868089502,0.003469438419510391
514,5,1-7,adjust,0.6898925900870058,-0.008625319364420996,0.006667808616251501
514,6,1-7,adjust,0.6888153848263715,-0.004333113694484271,0.0037449507783079605
514,9,1-8,adjust,0.21786105172993597,0.014267921661343773,0.0032044717797822786
515,2,1-4,adjust,-0.2566321719526142,-0.0011633534339236147,0.011363339094724421
515,3,1-4,adjust,-0.6506601206953999,0.008887801294013802,0.02208658108468036
515,6,1-5,adjust,0.24110041681940966,-0.00526463939467367,0.0167629754340519
515,7,1-5,adjust,0.00033241412043903126,-0.0061357344964489725,0.010192342295075252
515,8,1-5,adjust,-0.39930396611370494,-0.005599628371311833,0.005558054704448906
515,9,1-5,adjust,-0.4348890974983795,-0.016986371058795708,0.0037451293285292145
516,2,1-7,adjust,0.09246105080104622,-0.012185190790172424,0.0024634551400018155
516,3,1-7,adjust,0.6542007805580834,-0.013116211049701785,0.002030668990634292
516,4,1-7,adjust,1.488277974265077,-0.002723233585687408,0.004800993393870067
516,5,1-7,adjust,-0.3008196705497289,0.00036712938285205567,0.006135819488284921
516,6,1-7,adjust,0.06310996912773871,0.007900646217407575,0.006435764669502167
516,9,1-8,adjust,0.186118491732038,0.011278477724853447,0.002167140832743997
517,2,1-4,adjust,0.4867763820946155,-0.008681866777941024,0.0037772642549565964
517,3,1-4,adjust,0.3126662470749043,0.005183546830429507,0.00422284087009444
517,6,1-5,adjust,-0.47790705124184063,-0.007350316465487847,0.007578053796007248
517,7,1-5,adjust,-0.5983699040670483,0.011903254464322914,0.003609289986781426
517,8,1-5,adjust,-0.22820174350456895,-0.004472333192454504,0.0037211949396062324
517,9,1-5,adjust,-0.40924782862980574,-0.012319668800975554,0.006415015551160448
518,2,1-7,adjust,-0.6672126528385323,0.02424484005670052,0.011587764547491945
518,3,1-7,adjust,-1.355636977389986,0.011968102897310595,0.010433160605585811
518,4,1-7,adjust,-1.728546297991786,0.012902142611743012,0.01006736656845729
518,5,1-7,adjust,-1.1372523432708452,0.003376764753062888,0.002967642240272182
518,6,1-7,adjust,-0.6988664032951066,0.004892709330100221,0.010665184007000401
518,9,1-8,adjust,0.28061857939338086,-0.0026304302413742526,0.007182214500165919
519,2,1-4,adjust,-0.029951933108269678,0.0003055004140513103,0.006027056482907332
519,3,1-4,adjust,-0.09688041013500348,0.002490671489400924,0.005889305198907625
519,6,1-5,adjust,-0.7264732869017742,0.0029639301582657317,0.006602081624266811
519,7,1-5,adjust,-0.073599141627172,-0.015302414860233992,0.0031132602701622724
519,8,1-5,adjust,-0.09419660816604337,0.007990758445642988,0.008295154248086004
519,9,1-5,adjust,-0.296141281760184,0.00034965964493748167,0.014020458527001244
520,2,1-7,adjust,0.9420163896109535,-0.021578770622986673,0.007052546479769362
520,3,1-7,adjust,1.4977539688607162,-0.023259543643248483,0.008138704976081778
520,4,1-7,adjust,1.6436074692959652,-0.015392659485452084,0.011847033866365465
520,5,1-7,adjust,0.9835046563078956,0.00354872629671029,0.006793326556426215
520,6,1-7,adjust,1.3863499743867247,-0.0006811343268533366,0.004219356175052621
520,9,1-8,adjust,0.35388523962048785,0.008804446744200506,0.01582689011351868
521,2,1-4,adjust,-0.15718961962596475,0.008866515255008298,0.014369595500751443
521,3,1-4,adjust,0.15841703116610284,0.0021451356770686757,0.01909404593445608
521,6,1-5,adjust,0.1404969556626865,-0.015603472836753078,0.0010019224905557182
521,7,1-5,adjust,0.46724825965157646,0.020098822350255688,0.007844315466105123
521,8,1-5,adjust,0.5623261092807422,0.00800730856009131,0.010190541278165524
521,9,1-5,adjust,0.0025296272694178682,0.004897764970095698,0.0165523580589166
522,2,1-7,adjust,-1.222654886598307,0.02704592077926135,0.0018316998382518022
522,3,1-7,adjust,-1.7803033466500728,0.023191416938152208,0.0007703323414544068
522,4,1-7,adjust,-0.9780694410142857,0.013954693397983746,0.001621091642744777
522,5,1-7,adjust,-0.36460219278066436,0.0038748790699389747,0.005415982191140366
522,6,1-7,adjust,-0.19941839689079105,0.012731162467156143,0.002678813969536591
522,9,1-8,adjust,0.46093704356976756,0.0050569800977593345,0.003460736116527414
523,2,1-4,adjust,0.306740767975579,-0.03059230674519139,0.006800823007338444
523,3,1-4,adjust,0.6160854080220797,-0.013558674587699574,0.0014741709788535541
523,6,1-5,adjust,0.13824819008228728,-0.0016112685089976107,0.0028771872537333904
523,7,1-5,adjust,0.28231006790177365,-0.010569133843785246,0.0007556728395174443
523,8,1-5,adjust,-0.40336839541958314,-0.013241650027799052,0.007911915796152736
523,9,1-5,adjust,-0.2646826815591259,-0.0025850590803865397,0.0008897778422906617
524,2,1-7,adjust,0.29909452285437416,0.009436336759854001,0.000232426201250666
524,3,1-7,adjust,0.549180997426774,0.00512532912045578,0.0034248459421965935
524,4,1-7,adjust,-0.022442130176101905,-0.005516102807136106,0.001788682375521889
524,5,1-7,adjust,0.7198634150747005,-0.008266225007262368,0.001339069365059737
524,6,1-7,adjust,-0.09522891822633493,-0.010062413908009445,0.00436118211431783
524,9,1-8,adjust,-0.3189374958345859,-0.011469995001674447,0.008270383405768064
525,2,1-4,adjust,-0.06354653251696342,0.00029783497638629784,0.009065813345362241
525,3,1-4,adjust,-0.4693710395437292,0.00045162506148549236,0.013956146312624108
525,6,1-5,adjust,0.04630989736143996,0.014613043904747679,0.011732563536594852
525,7,1-5,adjust,-0.29818901051238783,-0.001599153161798195,0.004205510320937485
525,8,1-5,adjust,-0.275267059850509,0.0030112897093048175,0.0015042269268891186
525,9,1-5,adjust,-0.10749055163927122,0.003589570299073439,0.001110054885641254
526,2,1-7,adjust,-0.09778544897003706,9.559357953893093e-05,0.006168500925829279
526,3,1-7,adjust,0.1632418433900653,-0.006521742043644597,0.0014783726078443902
526,4,1-7,adjust,0.6237441117157795,-0.006817182914735316,0.006470828473894376
526,5,1-7,adjust,0.18028405150988627,-0.0006798850400664859,0.006415606577610804
526,6,1-7,adjust,-0.0033838810821775595,-0.0014836410564069218,0.007901093932275333
526,9,1-8,adjust,0.07077008634817507,-0.00307945432016873,0.003825433764577074
527,2,1-4,adjust,0.28622530184985906,-0.008880207644122284,0.0040845931912524246
527,3,1-4,adjust,0.547982133958195,0.0023947434432986677,0.00036244525619098236
527,6,1-5,adjust,0.0938070657757716,0.0028469884132907354,0.014513461616020847
527,7,1-5,adjust,-0.4082452057684265,0.011342662114594712,0.009120185440684894
527,8,1-5,adjust,0.789690301994601,0.0009879931939790088,0.008642687144976726
527,9,1-5,adjust,0.06983165767896103,-0.004112334052552102,0.0029735224558738627
528,2,1-7,adjust,-0.7364645642710395,0.018805264368404222,0.003014950983827372
528,3,1-7,adjust,-1.7772144880834866,0.011401718572744444,0.0028034362006315746
528,4,1-7,adjust,-1.829047993815957,0.0039810207148358165,0.005544953728222219
528,5,1-7,adjust,-1.3437983478728297,0.0008362887424187877,0.0009134372930023839
528,6,1-7,adjust,-1.0819442434714508,-0.004772093471256999,0.008095553481067665
528,9,1-8,adjust,0.366582137664793,0.016293529123384828,0.001960020887089359
529,2,1-4,adjust,0.2741165169077882,0.001419258389905211,0.004601438055572433
529,3,1-4,adjust,0.4047245584879549,0.0017246026033854373,0.02100789053451087
529,6,1-5,adjust,-0.0454097811890719,-0.0027226322442626422,0.010979863607318747
529,7,1-5,adjust,-0.4074335165765988,-0.01405159264285752,0.00517346873803785
529,8,1-5,adjust,-0.6758254177653693,-0.00460115860303969,0.004889231522542047
529,9,1-5,adjust,-0.5211725271381299,-0.0031524111552462646,0.010171643261016496
530,2,1-7,adjust,0.38724589261399156,-0.01636822042934549,0.006573654614086956
530,3,1-7,adjust,0.55139489386252,-0.014800633638781422,0.0010929139886909568
530,4,1-7,adjust,1.460162438560771,0.004166132263542349,0.0002189173927334506
530,5,1-7,adjust,0.196179325032764,0.0026043846625493873,0.004116829666572884
530,6,1-7,adjust,0.6947551406120754,0.01164765306620469,0.0027681243041529965
530,9,1-8,adjust,0.25493253412264977,-0.004996232344896655,0.006861701683195189
531,2,1-4,adjust,-0.05431572494040418,0.006274906935149574,0.00424826895438086
531,3,1-4,adjust,0.3813262615726052,-0.000559039857306975,0.0007236003276563111
531,6,1-5,adjust,-0.10062667393159948,-0.013298880456135252,0.005432034330354444
531,7,1-5,adjust,-0.039978546015875555,0.0029492258584779296,0.0010724879663248639
531,8,1-5,adjust,-0.031108627229172753,-0.007226582652383096,0.006668683191473917
531,9,1-5,adjust,0.05866725222390337,-0.001802609244203994,0.005288587585745817
532,2,1-7,adjust,-0.12418387339141282,0.004816698390114882,0.005114271463099008
532,3,1-7,adjust,0.1800514642882761,0.0033862145041378237,0.015628414686479904
532,4,1-7,adjust,-0.08561313047455789,-0.005985145366738593,0.008086626839972352
532,5,1-7,adjust,-0.40471791680978375,-0.008841551792631665,0.0024481336226407652
532,6,1-7,adjust,-0.586492139269512,0.002571571140022189,0.012472698427300402
532,9,1-8,adjust,-0.38911633655958267,-0.009610341763071479,0.001660978504746302
533,2,1-4,adjust,0.38014334219593704,-0.01737913495847663,0.006329001036113284
533,3,1-4,adjust,-0.060151343071546175,-0.005456900863041049,0.0005327129115328676
533,6,1-5,adjust,0.0037586634011193944,-0.009967289335134338,0.011624152674365036
533,7,1-5,adjust,-0.5045187155424852,-0.00945612991688763,0.006540294496174287
533,8,1-5,adjust,0.16533749122097438,0.006335302764552548,0.003842342404091825
533,9,1-5,adjust,0.31891676268654573,0.00536340529801462,0.0006428269018440787
534,2,1-7,adjust,-0.14990818263802366,0.0064687675423842185,0.0033302662609751336
534,3,1-7,adjust,0.26756790934802815,-0.0030366573639469705,0.0024644321880695516
534,4,1-7,adjust,0.24411914793451256,0.006870519084547769,0.0012765356022636431
534,5,1-7,adjust,0.15915489166344635,0.0061719059604220415,0.003351440431940518
534,6,1-7,adjust,0.02029398464142252,0.013982912859229582,0.013130984197831947
534,9,1-8,adjust,0.018552598385704992,0.00970735659382995,0.022675358129241825
535,2,1-4,adjust,-0.25509767795808025,0.000739567034931464,0.005225587614371188
535,3,1-4,adjust,-0.22174315010669954,0.003395589644268038,0.0014688934492771864
535,6,1-5,adjust,0.09804308052984186,-0.00969295066534117,0.01377824885727915
535,7,1-5,adjust,0.9484583490400532,0.007989878154191197,0.009549962338232314
535,8,1-5,adjust,-0.7598311314327773,0.0009068047736973592,0.006060591474702684
535,9,1-5,adjust,-0.13758063065092213,-0.0036683948593245475,0.0027963596850642362
536,2,1-7,adjust,0.10380735703910933,-0.0011131681485463914,0.003352870146514484
536,3,1-7,adjust,0.21521808144090307,0.0003348481447089801,0.00023106402246709547
536,4,1-7,adjust,-0.7575395873499309,-0.006383578150865567,0.000547704487494185
536,5,1-7,adjust,0.7618521546572068,0.0037071702434284494,0.004294863900224263
536,6,1-7,adjust,0.8615674003564594,0.009330876936297123,0.00461344322510781
536,9,1-8,adjust,-0.3814939263599575,-0.013709780737182636,0.007246950127441853
537,2,1-4,adjust,-0.07595868036270935,0.007842997050908915,0.005156288119238687
537,3,1-4,adjust,-0.597700921208113,0.006385928179360855,0.004558833909172628
537,6,1-5,adjust,0.056344533107839594,0.002388010610530495,0.012242458203483549
537,7,1-5,adjust,0.4036585767992986,-0.0007735612058452491,0.010502428190533361
537,8,1-5,adjust,1.0183925631998039,0.00801086882766168,0.010852066611838558
537,9,1-5,adjust,0.3764849710861515,0.010404852309211671,0.0008494261390896254
538,2,1-7,adjust,-0.014483704847328699,0.0007125140799299692,0.006636417080757602
538,3,1-7,adjust,1.8491362837012684,-0.014092499545224462,0.010456259975738739
538,4,1-7,adjust,1.6305831082485576,-0.004473047324684614,0.013333757858323834
538,5,1-7,adjust,-0.2906710956807702,-0.007290287268568351,0.00827235159501673
538,6,1-7,adjust,0.35693335057171655,0.005155462586770899,0.000984515393685978
538,9,1-8,adjust,0.27551530363565746,0.007081603206604181,0.0006245684713324209
539,2,1-4,adjust,0.6027766335859605,-0.02161705172190967,0.013699688218201382
539,3,1-4,adjust,-0.8095985874489778,0.004897787033633457,0.010061050570797694
539,6,1-5,adjust,-0.9743403283692288,-0.010096376692502162,0.005306938782597439
539,7,1-5,adjust,-0.500639629049753,0.009989445838480472,0.0005774197270913165
539,8,1-5,adjust,-0.4345184288371455,-0.008707181894793066,0.01379160551396043
539,9,1-5,adjust,-0.4251041184147822,-0.012027207536144552,0.002759279204988345
540,2,1-7,adjust,-0.6825803396118454,0.023338231670295948,0.005377356053423919
540,3,1-7,adjust,-1.26482539917497,0.007291967519385264,0.0013983129674706041
540,4,1-7,adjust,-2.435016771351574,0.014386849023470528,0.0110917849594296
540,5,1-7,adjust,-0.5407016261789601,0.002648570462987589,0.009163592898345873
540,6,1-7,adjust,-0.1957554203934763,0.0026846986606798412,0.008027955820807137
540,9,1-8,adjust,0.089147747840515,0.0024899199222581025,0.011283210619041573
541,2,1-4,adjust,-0.4538438952379047,0.00808640495618671,0.02214045033143708
541,3,1-4,adjust,-0.7779017266943358,0.014938844391018564,0.019356377551079624
541,6,1-5,adjust,-0.11618625813203759,-0.007045377512352966,0.0005678365723926672
541,7,1-5,adjust,-0.6064838011345552,-0.010711129471691618,0.006567161423333898
541,8,1-5,adjust,-0.8046660356445462,0.0016719685434108981,0.006995380492248108
541,9,1-5,adjust,-0.03607215694087709,0.009872481829373496,0.00479213023677316
542,2,1-7,adjust,0.9963013259807865,-0.028315155288380637,0.0009548256987411488
542,3,1-7,adjust,1.1711213905836884,-0.01567205991526422,0.0021114409868565475
542,4,1-7,adjust,2.0695201536199974,-0.0068499530455444725,0.006106117797150677
542,5,1-7,adjust,-0.4246686408765945,-0.009254833354635181,0.0036681081509508644
542,6,1-7,adjust,-0.004305752497373392,0.006319201542080048,0.0002248938200488625
542,9,1-8,adjust,-0.31681826487604725,-0.011137563093686369,0.0019158832183312708
543,2,1-4,adjust,-0.10237430439700611,0.015022719265544352,0.002609170049768588
543,3,1-4,adjust,0.6924519554003451,-0.0048123904102489005,0.014256550103824294
543,6,1-5,adjust,-0.7033641725575435,-0.003077319981723786,0.028347544307777802
543,7,1-5,adjust,-0.8948505356637492,0.005810116509651837,0.014797707795836963
543,8,1-5,adjust,0.21297785699681532,-0.0071873034941723505,0.00900084536288418
543,9,1-5,adjust,-0.08203505244503977,-0.000514255116199241,0.010963028098327268
544,2,1-7,adjust,-0.24555336044511816,-0.0048419150304259565,0.0038278545091675956
544,3,1-7,adjust,-1.3394466042700108,0.008111313307906867,0.012929276116864502
544,4,1-7,adjust,-1.8586425286380317,0.0046161883402060545,0.01713884877548255
544,5,1-7,adjust,-0.7917230346479711,0.007095224904917492,0.018482758142219214
544,6,1-7,adjust,-0.5214853320349512,-1.0167930181179192e-05,0.009475834039284599
544,9,1-8,adjust,-0.01033242974299173,-0.010594785610891803,0.008496662239537638
545,2,1-4,adjust,-0.11823747369052347,0.017884577768606878,0.0003878443930661717
545,3,1-4,adjust,-0.1703756610937172,0.0071451814817255765,0.0024054600953071657
545,6,1-5,adjust,-0.41900879945040576,0.002185432744972935,0.010797327362593059
545,7,1-5,adjust,0.5556143831893474,-0.012027117452354328,0.008738911428520792
545,8,1-5,adjust,0.07991085912596435,-0.0022137158641664227,0.017163953594925698
545,9,1-5,adjust,0.06320335305369226,0.009787841022225373,0.011428182039893616
546,2,1-7,adjust,0.5578107092975909,-0.024847206228541245,0.008341195789567704
546,3,1-7,adjust,1.0310757209373864,-0.015632140941678488,0.008525649270432102
546,4,1-7,adjust,1.5899693790933376,-0.008781505031024255,0.006939326644727475
546,5,1-7,adjust,1.7941071943460474,0.019487551063652887,0.012516093424710674
546,6,1-7,adjust,1.5739123981893077,0.009034676195273717,0.006089645474401371
546,9,1-8,adjust,-0.12015864325500335,-0.002369397173323766,0.009541165639417796
547,2,1-4,adjust,-0.01820895329540851,0.0026399944141376613,0.02287962446898923
547,3,1-4,adjust,0.2920756627879164,-0.006855934449415136,0.028285303609043286
547,6,1-5,adjust,1.08087791284174,-0.0008537940811655659,0.012308799956896835
547,7,1-5,adjust,2.0668291991578944,0.0172118456203238,0.008230586742801502
547,8,1-5,adjust,1.5109370860651907,0.027027601684316515,0.012784499643523644
547,9,1-5,adjust,1.145475706770911,0.022009539100740872,0.021251209258917932
548,2,1-7,adjust,-0.8526942630289418,0.01973311224789775,0.008949332946245708
548,3,1-7,adjust,-1.2487281055253465,0.014706627362931879,0.014380452363569262
548,4,1-7,adjust,-0.45728007368669527,-0.0011603627193694699,0.01182781722830387
548,5,1-7,adjust,0.2374142454250256,-0.017321818859314223,0.01193531366135102
548,6,1-7,adjust,0.1389255866751795,-0.00285337105805368,0.008427550790067637
548,9,1-8,adjust,0.10971862349089387,0.0050319951682399975,0.005257746838077282
549,2,1-4,adjust,0.4059892037733626,-0.01445517579498458,0.00313929785666552
549,3,1-4,adjust,0.891553732618894,-0.00837245560944822,0.005097609827503107
549,6,1-5,adjust,-0.4611382332727177,-0.003350043886466702,0.007964459814823062
549,7,1-5,adjust,-1.1745119131400772,-0.012898702780835263,0.0033456339708405696
549,8,1-5,adjust,-1.2657672944824025,-0.017293868140004963,0.014893056382317357
549,9,1-5,adjust,-0.9261571146007281,-0.02339236408450066,0.005987761257368515
550,2,1-7,adjust,0.4466627631466036,-0.006191190471471586,0.00013315898135732494
550,3,1-7,adjust,0.013039622033335146,0.007597382768962583,0.0042365638148752745
550,4,1-7,adjust,0.5947107279613187,0.004493511701076338,0.0028562201142706017
550,5,1-7,adjust,-0.2166593335033836,0.004592695041405985,0.005284764806816236
550,6,1-7,adjust,-0.15958728788712176,-0.005162946496955391,0.004908509478387001
550,9,1-8,adjust,0.10206686130915675,0.00013696075808199287,0.001409064599363841
551,2,1-4,adjust,-0.00814789936396107,-0.003214260526669876,0.011961997042913043
551,3,1-4,adjust,0.12781479042876548,-0.01719028703482804,0.01572876298757257
551,6,1-5,adjust,-0.13854669778596532,0.010750597198937298,0.0019545573298444885
551,7,1-5,adjust,-0.31844994259632786,0.005904807658572867,0.0020767413540819656
551,8,1-5,adjust,0.5966569358169149,0.005300441196070293,0.0005858042764215373
551,9,1-5,adjust,-0.20430331882574904,0.0006175691824597736,0.005393698323189295
552,2,1-7,adjust,-0.27377726660163965,0.00964477752860713,0.010256127294354869
552,3,1-7,adjust,0.05995383188720127,0.007669321134746452,0.007102080641827773
552,4,1-7,adjust,-1.041284529705476,0.0012237912905742937,0.0005184177453948833
552,5,1-7,adjust,-0.781511359778056,0.0020996824555068556,0.007277071964408148
552,6,1-7,adjust,-0.2674254274882978,0.0029813235412199297,0.004257291086325693
552,9,1-8,adjust,0.5558789372292321,-0.0014795024205017926,0.00845604016878056
553,2,1-4,adjust,-0.3930804834572128,-0.0016001369264830281,0.004520856059776935
553,3,1-4,adjust,-0.5044274244734378,0.012196605526908301,0.004267033822741826
553,6,1-5,adjust,-0.12059181552307156,-0.016552044486589004,0.005622771296554838
553,7,1-5,adjust,0.8661398943357749,-0.011681278493553368,0.00029662485533991505
553,8,1-5,adjust,0.20250975557737466,-0.0021964083909784414,0.008477669902577421
553,9,1-5,adjust,-0.11099012849133201,0.011094224748398164,0.005304824157428917
554,2,1-7,adjust,0.5366123019421495,-0.007649805694107783,0.012159113147719575
554,3,1-7,adjust,1.392159426848141,-0.016981823364712365,0.012023816878018435
554,4,1-7,adjust,0.7666634985006898,-0.008310671098132464,0.0059344844151830054
554,5,1-7,adjust,1.7116307072005927,-0.00732799748134225,0.010688239993326304
554,6,1-7,adjust,1.2861245165536175,0.006033026180187636,0.0004126330801201216
554,9,1-8,adjust,0.2727114864237601,-0.002839120593643541,0.01454894959205827
555,2,1-4,adjust,0.31243421622289286,-0.004677492267489105,0.002968117715583883
555,3,1-4,adjust,-0.805789621656092,0.013138355861985274,0.005219997025367427
555,6,1-5,adjust,0.19764080970111597,0.004960105500465457,0.015338363664564649
555,7,1-5,adjust,-0.19718858137871714,0.018766024196867622,0.007251007923239078
555,8,1-5,adjust,-0.7147191383700331,0.0011571716931046507,0.013233251230951525
555,9,1-5,adjust,-0.4450268089392624,-0.00010540165257299006,0.013081435892219159
556,2,1-7,adjust,-1.0742055515433442,0.03488950353303406,0.004373802863139658
556,3,1-7,adjust,-0.9321272203702833,0.0009550995402831292,0.005585213980183755
556,4,1-7,adjust,-1.3672314110620902,0.012012591923697717,0.001402499724083868
556,5,1-7,adjust,-1.1039975997786742,0.004545442407757578,0.00709459009465979
556,6,1-7,adjust,-1.169430330099461,0.001320347639124571,0.0019216937988159235
556,9,1-8,adjust,0.34492053474233814,-0.001329053445774914,0.0013877212177632512
557,2,1-4,adjust,0.2551662313555484,-0.0159155853642827,0.004629665942253239
557,3,1-4,adjust,-0.30884008687738435,0.007577239514765058,0.013577128455087713
557,6,1-5,adjust,-0.054643664029036594,0.005825993198188876,0.00769194137560773
557,7,1-5,adjust,-0.0766105210022915,-0.008627595477340537,0.002081891127599266
557,8,1-5,adjust,0.7010187833043865,-0.0013368849030968395,0.0011383880177715312
557,9,1-5,adjust,-0.28905812295478145,0.005445200809108881,0.005425020649497547
558,2,1-7,adjust,0.1460935634462512,-0.0005092293723715632,0.0006182135207739677
558,3,1-7,adjust,0.5680691970137717,-0.007686885422173274,0.0049147661293008245
558,4,1-7,adjust,1.0325120682525701,0.006069905203731253,0.005174997400917719
558,5,1-7,adjust,0.24330246707683534,0.0037544249851975612,0.0005072129617440676
558,6,1-7,adjust,-0.007616936876701646,-0.022239946340832324,0.0033310245921435193
558,9,1-8,adjust,0.25012714778959316,-0.004396881187706458,0.00760812845371329
559,2,1-4,adjust,-0.1285816023957836,-0.0026999608005134055,0.0008339458412101138
559,3,1-4,adjust,0.03830950403283503,-0.006368763086805224,0.0002768594742072381
559,6,1-5,adjust,0.7627005386636924,0.0027739012069717193,0.005012608702151222
559,7,1-5,adjust,-0.24200476444325808,0.005310123526387595,0.008020155882940961
559,8,1-5,adjust,0.02022790541366918,-0.0007428402091888909,0.001665042497216045
559,9,1-5,adjust,0.010066706782383073,0.007287098818348891,0.005822369878364019
560,2,1-7,adjust,0.04895204789043224,0.00818936609415868,0.0007943892102977466
560,3,1-7,adjust,-0.27607584155372156,0.010976859901014178,0.004889690203258894
560,4,1-7,adjust,-0.4321148128777263,0.0042089816893803676,0.0021813907393123493
560,5,1-7,adjust,-0.13692908707743448,-0.00684205781029254,0.0038892646384983574
560,6,1-7,adjust,-1.1129496486898378,0.010327478914357355,0.011305508631120067
560,9,1-8,adjust,0.03136570122555911,-0.0055164643419749445,0.00437841725389938
