slot,receiver_id,selected_pair,status,radial_command_m,angular_command_rad,consistency_rad
1,2,1-4,adjust,-4.390783434655152,-0.03490658503988659,0.138870505844719
1,3,1-4,adjust,5.0,-0.03149570787618281,0.21041154325598901
1,6,1-5,adjust,-2.1655807887559386,-0.007528218651578539,0.19219434171584332
1,7,1-5,adjust,-4.547338741028552,-0.01662319894283263,0.10362016227606344
1,8,1-5,adjust,-2.3280180034667874,-0.015372017415655666,0.04464975904907468
1,9,1-5,adjust,-5.0,-0.009608118667209838,0.0070415128893115365
2,2,1-7,adjust,-3.427156580915219,0.008530082065873608,0.0029285472260017994
2,3,1-7,adjust,3.6400772109230815,0.008618143389054658,0.007391767277985993
2,4,1-7,adjust,-5.0,0.00027880799780635203,0.009759323246663183
2,5,1-7,adjust,3.9116022163657522,0.0013194313375880578,0.013257416897574377
2,6,1-7,adjust,2.4210597561656044,0.0025253690864217955,0.017861928640486552
2,9,1-8,adjust,-3.394820957057075,-0.0057462811731305305,0.008321463439731946
3,2,1-4,adjust,-1.156607081547874,-0.012533596072734321,0.07217295443311167
3,3,1-4,adjust,3.1837699646882807,-0.011416946057561293,0.11893104955932915
3,6,1-5,adjust,-0.2524917639309976,-0.0013102127904947138,0.09968082531007658
3,7,1-5,adjust,-0.6494797431154463,0.001218138516865619,0.05277232646463206
3,8,1-5,adjust,-0.4317831313658188,0.0013184455287421236,0.02132219851497242
3,9,1-5,adjust,-1.566603616487945,0.0023754006233587537,0.006301227128884782
4,2,1-7,adjust,-1.117525597287587,0.010425729753130329,0.004552737954971829
4,3,1-7,adjust,0.1654532207679586,0.011079643494420583,0.008061857991229828
4,4,1-7,adjust,-2.8854445031473164,0.001366655574870958,0.010990436718329596
4,5,1-7,adjust,1.5877523432066916,0.0013661332013318165,0.014307141044659761
4,6,1-7,adjust,0.920319846702557,0.001154364464592982,0.019188113899244956
4,9,1-8,adjust,-1.0248662188660198,-0.005911812028846314,0.00834601381212942
5,2,1-4,adjust,-0.4137620193815928,0.0015942906698628641,0.03962879143131927
5,3,1-4,adjust,0.7267434180786297,-0.002124511626208788,0.06726103130418656
5,6,1-5,adjust,0.2100216097112007,0.00021137616513422326,0.053484340536682
5,7,1-5,adjust,0.29561734801743594,0.004078904559576667,0.027839637829228277
5,8,1-5,adjust,0.09848553528983824,0.004349998664242509,0.010696392103085116
5,9,1-5,adjust,-0.20612176831418233,0.006203679639397814,0.0043086051142525545
6,2,1-7,adjust,-0.41302152175388246,0.0069681876886524075,0.0038927233226329926
6,3,1-7,adjust,-0.41247533248534535,0.00811689541228428,0.00640681015034871
6,4,1-7,adjust,-1.521628931664435,0.0012456550847797293,0.00860003387925455
6,5,1-7,adjust,0.7499178961996271,0.0006895058131465631,0.011224451564834875
6,6,1-7,adjust,0.4176572507512263,0.000598672895240833,0.014984668164533364
6,9,1-8,adjust,-0.351440654561651,-0.00385155162992244,0.006583058289432128
7,2,1-4,adjust,-0.2233411847816386,0.004204951510359368,0.02271482765900233
7,3,1-4,adjust,0.05668723894957886,0.0010058231367640685,0.038886842067327315
7,6,1-5,adjust,0.2618564319586997,0.0004265110339021402,0.030253153158187704
7,7,1-5,adjust,0.42108297243451925,0.0035681911169465146,0.015550627530301595
7,8,1-5,adjust,0.19750121601743273,0.0039379153912933755,0.005774578244077861
7,9,1-5,adjust,0.11189363172496469,0.006102366744189584,0.0027269848184648285
8,2,1-7,adjust,-0.168729405383121,0.00372701316269207,0.002813903819572106
8,3,1-7,adjust,-0.3371701100382479,0.00483514975337792,0.004643546327042906
8,4,1-7,adjust,-0.7871757544725446,0.0008174917266922393,0.006206840253211289
8,5,1-7,adjust,0.42766287232314243,0.00025071948351903926,0.007995617079119988
8,6,1-7,adjust,0.22623002370039985,0.00032932043818013033,0.01080987048703994
8,9,1-8,adjust,-0.14864577507770513,-0.002574739123627018,0.004972068489855602
9,2,1-4,adjust,-0.14804954226193573,0.0037005205753300337,0.013647945608955004
9,3,1-4,adjust,-0.07887734506904752,0.0013971547324820228,0.023342023161230116
9,6,1-5,adjust,0.22080155892213463,0.00039211087103486455,0.018027631699741094
9,7,1-5,adjust,0.36251247683174104,0.002694590452910147,0.009213340388505608
9,8,1-5,adjust,0.17856701548139156,0.0028876779285368272,0.0034043075186314968
9,9,1-5,adjust,0.14671087795048765,0.004755637927164453,0.0015797899335665928
10,2,1-7,adjust,-0.06902027617022784,0.0017523682484804088,0.0018055114371138702
10,3,1-7,adjust,-0.199933842430306,0.0025204230867484317,0.003159660155158306
10,4,1-7,adjust,-0.41485140415372296,0.0005607213802910605,0.004347180924705857
10,5,1-7,adjust,0.2732372382165617,1.610088331021662e-05,0.0056285122060770925
10,6,1-7,adjust,0.1434779076679076,0.00024069938925098624,0.007621128371953922
10,9,1-8,adjust,-0.0767223816195386,-0.0017445732256290666,0.00368258871146454
11,2,1-4,adjust,-0.10516305268322292,0.0028973796699594085,0.008438156044945145
11,3,1-4,adjust,-0.09037357226073288,0.0012063428666048712,0.014385149681115292
11,6,1-5,adjust,0.16762975131792557,0.00029782547703844313,0.011221445444058382
11,7,1-5,adjust,0.2770482290558803,0.001892116734838623,0.005809411016487588
11,8,1-5,adjust,0.13618447183141658,0.0019708919655069736,0.002227145400195899
11,9,1-5,adjust,0.12344232745317256,0.003525539104245829,0.0009520301122940798
12,2,1-7,adjust,-0.026025716605175976,0.0007240268374875824,0.0011953330821983267
12,3,1-7,adjust,-0.10377823480430272,0.0013252671950738906,0.0021147714733956054
12,4,1-7,adjust,-0.22123257481431965,0.00032611643957119985,0.0029618474530508435
12,5,1-7,adjust,0.19275618112240062,-6.700866016668658e-05,0.0038582774817834163
12,6,1-7,adjust,0.09889477123477737,0.00023445110067495784,0.0053527677426979895
12,9,1-8,adjust,-0.04885827571724905,-0.001279742139427145,0.002628857117308033
13,2,1-4,adjust,-0.07613488413663456,0.002164085238733732,0.005248209537678526
13,3,1-4,adjust,-0.07476040316310995,0.0009175679538413442,0.009064336685157603
13,6,1-5,adjust,0.12077280694800882,0.00019386612838214102,0.007040135255777202
13,7,1-5,adjust,0.20038391785258505,0.0012900388148338801,0.0036232458908942175
13,8,1-5,adjust,0.10095432196212252,0.0014068883513250452,0.001423612479407683
13,9,1-5,adjust,0.08950103036443735,0.002545040665435275,0.0005422724153612786
14,2,1-7,adjust,-0.00822240196160598,0.00025894717125102973,0.000848171504601652
14,3,1-7,adjust,-0.050984253197965894,0.0006812584808036113,0.001433820942805962
14,4,1-7,adjust,-0.11397103872877072,0.00021297014584529015,0.0019878323753303494
14,5,1-7,adjust,0.13050181511789863,-9.088920684909767e-05,0.0026477796320193733
14,6,1-7,adjust,0.07222017237189436,0.00015960348444123455,0.0036894683826539723
14,9,1-8,adjust,-0.031180655035106433,-0.0008879182332673038,0.002002957852733366
15,2,1-4,adjust,-0.05194282473944401,0.001467888851084086,0.0034306111803742707
15,3,1-4,adjust,-0.052484094417250535,0.0006249806738728185,0.005886005268104363
15,6,1-5,adjust,0.08543801896605668,6.497121321849703e-05,0.004661585882182064
15,7,1-5,adjust,0.14120483119630123,0.0008822108896236248,0.0024600172779722287
15,8,1-5,adjust,0.06842615168983807,0.0009323415370532166,0.0009444506751046841
15,9,1-5,adjust,0.06255962320630758,0.0017295983902405323,0.00022735046252142787
16,2,1-7,adjust,0.004019944134411483,-5.8051785940638495e-05,0.0003688836988653494
16,3,1-7,adjust,-0.01997971387143774,0.0002226154843292692,0.0008627569010238085
16,4,1-7,adjust,-0.06176681848267456,9.555084307657095e-05,0.0013208341655228295
16,5,1-7,adjust,0.09367855937249375,-0.00011879988858199306,0.0018207514508394673
16,6,1-7,adjust,0.04915069542807705,0.00010119833269784856,0.002500634966086778
16,9,1-8,adjust,-0.020201861949471378,-0.0005817422516968259,0.0015610346357599087
17,2,1-4,adjust,-0.038939972476625256,0.001090248222490031,0.0022030134536161986
17,3,1-4,adjust,-0.03931331837675249,0.00048646733074180734,0.0038306155596202892
17,6,1-5,adjust,0.05681523916998019,0.00012246099854882646,0.003089144682523275
17,7,1-5,adjust,0.09827735243666534,0.0005950435896498566,0.0016596969567116103
17,8,1-5,adjust,0.04842141933463924,0.0005647004941412903,0.0006713287267090461
17,9,1-5,adjust,0.04193220839280057,0.0011708386625378965,0.000188729209332403
18,2,1-7,adjust,0.004508411409089668,-0.0001791350537484254,0.0002858851594413032
18,3,1-7,adjust,-0.004282350839232214,7.943159921974051e-05,0.0005794297117121085
18,4,1-7,adjust,-0.02608918042969186,7.667350144066829e-05,0.0009363880334429272
18,5,1-7,adjust,0.06728561428582266,-7.73744238335121e-05,0.001349525572326146
18,6,1-7,adjust,0.03563616826219475,3.973390602420607e-05,0.0018505971333043375
18,9,1-8,adjust,-0.014467381606301457,-0.00041619313842945,0.0012486154629595676
19,2,1-4,adjust,-0.027125424675930855,0.0007534692002673518,0.0015231708240634684
19,3,1-4,adjust,-0.026135596411092973,0.00033160683371798204,0.002716325511883364
19,6,1-5,adjust,0.04143144526042386,9.178594566088711e-05,0.002228504949245917
19,7,1-5,adjust,0.0703743005873534,0.00043532073161818834,0.0012063048638201858
19,8,1-5,adjust,0.03263040664705956,0.00039322589793577075,0.0004967510255369538
19,9,1-5,adjust,0.03149491153938778,0.0008575731898758703,0.00011474405871789473
20,2,1-7,adjust,0.00565155391317671,-0.00015204223262153224,8.234339908422535e-05
20,3,1-7,adjust,-0.0026387862043531977,3.2815247234549385e-05,0.00040035981207153673
20,4,1-7,adjust,-0.0213496390156007,1.4533794059115536e-05,0.0007389353452479544
20,5,1-7,adjust,0.049534847088659476,-0.00010503989896010175,0.0008182216781373097
20,6,1-7,adjust,0.027101938927746826,2.979297159895506e-05,0.0013013809216763175
20,9,1-8,adjust,-0.01070137723215308,-0.00025820975623173497,0.0009377530768880807
21,2,1-4,adjust,-0.01937793256477858,0.0005133202921372898,0.0010294858162582421
21,3,1-4,adjust,-0.020769023943045084,0.0002684658919191237,0.0017633130002921388
21,6,1-5,adjust,0.030633232005841254,0.00010209509825790639,0.0015049503098757086
21,7,1-5,adjust,0.0454995920353136,0.00033237389176420454,0.0008158263049603278
21,8,1-5,adjust,0.017442349318397415,0.00027521524957436897,0.00035333115939405234
21,9,1-5,adjust,0.018954013546337967,0.0005287782943551145,5.3221742935066864e-05
22,2,1-7,adjust,0.0038063466913258108,-8.761850546505366e-05,9.44223714956399e-05
22,3,1-7,adjust,-0.0025530227597747816,-5.128881490906022e-05,0.0003236291247430205
22,4,1-7,adjust,-0.01210141554915758,-1.482236255232307e-05,0.0003727676603732783
22,5,1-7,adjust,0.037463729872028964,-3.885994740242121e-05,0.0006808169678745041
22,6,1-7,adjust,0.015347792308316892,2.4900562364971792e-05,0.0009169851710990137
22,9,1-8,adjust,-0.008128886482734334,-0.00023749639009598914,0.0006404732888354975
23,2,1-4,adjust,-0.012240408571662573,0.0003412112330618369,0.0007331586643145405
23,3,1-4,adjust,-0.012167082282746714,0.0001908207386316217,0.0011616839936674861
23,6,1-5,adjust,0.02432116147255095,2.7797356165589177e-05,0.0009626541376961587
23,7,1-5,adjust,0.03827237854838166,0.0002004699923671267,0.0004773928672000673
23,8,1-5,adjust,0.014593678567810247,0.0002037040032645663,0.00020616672764636667
23,9,1-5,adjust,0.01463408711876567,0.0003904799979679855,7.270353144981135e-05
24,2,1-7,adjust,0.0024140623834527186,-6.965392160387528e-05,8.250308779352595e-05
24,3,1-7,adjust,0.0025564708091543585,-2.6815953208862543e-05,0.0001717013898693633
24,4,1-7,adjust,-0.0043534836459062564,5.186036257620514e-05,0.00028063876814580477
24,5,1-7,adjust,0.024095753261217583,-7.712055853429482e-05,0.0003966234239186822
24,6,1-7,adjust,0.012993069164282969,2.3768440998244558e-05,0.00063882838775625
24,9,1-8,adjust,-0.004972110879820303,-0.00017887356662363863,0.0004087659242620151
25,2,1-4,adjust,-0.009466005842960465,0.000309627341285134,0.0004472573426664561
25,3,1-4,adjust,-0.010997942460188082,7.007761836249288e-05,0.0007998536470137039
25,6,1-5,adjust,0.014022421105366374,2.1157307563529882e-05,0.0007105375750399622
25,7,1-5,adjust,0.02554265935117855,0.0001390755278794616,0.0004869679787329762
25,8,1-5,adjust,0.011417303590668134,0.00011270371918473517,0.00018130618760970888
25,9,1-5,adjust,0.009239692276345914,0.0002193276371142934,6.903589408575041e-05
26,2,1-7,adjust,0.0038293228855246684,-0.00011222771195719872,4.585203186938979e-05
26,3,1-7,adjust,0.00531587484462921,-2.871442285158125e-05,0.00013791123873788425
26,4,1-7,adjust,-0.0035272214808290945,1.5615873668147175e-06,0.00021181543937968928
26,5,1-7,adjust,0.01827785439965866,1.303312694140342e-06,0.0002983558729752571
26,6,1-7,adjust,0.010020376692763617,-1.9795432123977204e-06,0.00042671766991704324
26,9,1-8,adjust,-0.003485642930434019,-5.217014182445311e-05,0.0003728502239420304
27,2,1-4,adjust,-0.006998101759073803,0.00021817692147586547,0.00025457985822515853
27,3,1-4,adjust,-0.009595177535981936,9.111989405746038e-05,0.0005245848632660863
27,6,1-5,adjust,0.010739088267868745,6.745140715456853e-05,0.0005012283967288356
27,7,1-5,adjust,0.01867799102496626,0.0001203687501830044,0.00028493637491287517
27,8,1-5,adjust,0.008103858060933614,7.641117010911326e-05,0.00013607325619276604
27,9,1-5,adjust,0.007213027673720034,0.00022080226469741677,1.9073402472898306e-05
28,2,1-7,adjust,0.0013639452143197985,-7.052230567418666e-05,3.708846936879032e-05
28,3,1-7,adjust,0.0013035690942912335,-1.2456103686850917e-05,0.00012955109856831908
28,4,1-7,adjust,-0.00137367187085643,-2.8406858672648077e-05,0.0002152872444582836
28,5,1-7,adjust,0.011809514316650322,-8.242883620367028e-06,0.000322250239100153
28,6,1-7,adjust,0.008606560235996716,1.4654087985862468e-05,0.00029891149979491575
28,9,1-8,adjust,-0.002694057883581817,-7.19138412172252e-05,0.00026778544377362693
29,2,1-4,adjust,-0.005523505653397029,0.00010998807946944057,0.00023385787612000458
29,3,1-4,adjust,-0.006354175323605834,4.8290584243077244e-05,0.00046310891376166366
29,6,1-5,adjust,0.007310073262949051,-3.2873840341119114e-05,0.0003427793233863149
29,7,1-5,adjust,0.013687307199907434,4.468853516796043e-05,0.00014886213123399666
29,8,1-5,adjust,0.0051546367894742436,4.2151534123123216e-05,5.7887467254739515e-05
29,9,1-5,adjust,0.004182804138991866,0.00010418259188856161,4.505264446687478e-05
30,2,1-7,adjust,0.0044452811926484976,-8.187638779109641e-05,6.465657895423539e-06
30,3,1-7,adjust,0.004771606269279743,2.8435012895262674e-06,0.00011938199423214006
30,4,1-7,adjust,0.0019632784746610836,2.6976237422849068e-05,0.00016556577295145892
30,5,1-7,adjust,0.012511367176866696,4.874138345684045e-07,0.00015385091454136543
30,6,1-7,adjust,0.005765907166632108,-2.7549279166885636e-05,0.00021161560544895008
30,9,1-8,adjust,-0.0027169876277447604,-6.23227224968279e-05,5.999167264649628e-05
31,2,1-4,adjust,-0.002942283703767858,0.00011093469522010585,0.00018730909376514753
31,3,1-4,adjust,-0.004098894113325448,3.957494165834693e-05,0.00036282194955377224
31,6,1-5,adjust,0.006878361072529297,2.8194954181746038e-05,0.0002709913827907174
31,7,1-5,adjust,0.009436604768577413,9.321382450850626e-05,0.00010061169453137926
31,8,1-5,adjust,0.004567784341885197,8.625337084487844e-05,3.4941982383679405e-05
31,9,1-5,adjust,0.004876823627297371,0.00011407127562946371,3.278941564974575e-05
32,2,1-7,adjust,0.000613308740171149,-2.8933267038555923e-05,2.3753938845794138e-05
32,3,1-7,adjust,2.155892757977478e-05,-1.2388847433984216e-05,6.132830922061597e-05
32,4,1-7,adjust,0.004334583518413441,1.4431506618155245e-05,2.680365886024898e-05
32,5,1-7,adjust,0.0035961955764894347,-2.5478187709280373e-05,7.739024237959962e-05
32,6,1-7,adjust,0.001835393089730586,3.252075085316313e-05,0.00011510848338527942
32,9,1-8,adjust,-0.0012224848706028925,1.7228135028087476e-06,0.0001515847606263989
33,2,1-4,adjust,-0.001318422864764016,5.0335732586179875e-05,0.0001960850638206434
33,3,1-4,adjust,-0.0006221417229460318,2.165279801663936e-05,0.00027315543490848116
33,6,1-5,adjust,0.0014825939170268541,1.3138217693396611e-05,0.0002795916052897285
33,7,1-5,adjust,0.0058919164658471366,3.49707684344443e-05,7.751030067535615e-05
33,8,1-5,adjust,-0.0005138977212498862,-1.829895927747449e-05,0.00012618495596991867
33,9,1-5,adjust,0.000821028490996919,3.595437629352984e-05,1.97875208948005e-06
34,2,1-7,adjust,0.0009385597678671211,-1.3748134728210079e-05,8.932954235700555e-05
34,3,1-7,adjust,-2.371737539629269e-05,4.270670842004823e-06,0.00012028356373288871
34,4,1-7,adjust,-0.0025797675598672174,-1.0134740098978203e-05,0.0001488826838078456
34,5,1-7,adjust,0.002004580377401302,-2.3312823085226484e-05,0.00010177366719467046
34,6,1-7,adjust,0.003929463548946766,1.0708576848563177e-06,0.0001512719616770573
34,9,1-8,adjust,-0.0009073799276302605,-6.727206663548523e-05,1.684977662032994e-05
35,2,1-4,adjust,-0.001958314487490374,2.4647344616360442e-05,0.00012530007511695276
35,3,1-4,adjust,-0.0018108787496191926,1.8990153892570863e-06,0.0002033627784680863
35,6,1-5,adjust,0.00041767005023029494,-1.4966941163674304e-06,0.00017841252958668836
35,7,1-5,adjust,0.00028280375180902886,4.6374337569985853e-05,0.00019386157651237664
35,8,1-5,adjust,0.0012837464463289021,2.501944708234454e-05,7.786977804814925e-05
35,9,1-5,adjust,0.003549230664196674,7.836214330206537e-05,2.292172659958988e-05
36,2,1-7,adjust,-0.0002740755058023317,2.978142095816978e-05,0.0001185562413132988
36,3,1-7,adjust,-0.0009673365756969719,3.739903608406289e-05,7.43341368708315e-05
36,4,1-7,adjust,-0.005349087026153285,4.095040697466283e-05,5.581719378593623e-05
36,5,1-7,adjust,0.003921046907470133,-2.3566375463597707e-05,8.615524754625802e-05
36,6,1-7,adjust,-0.00024674783299870627,-1.0914780151466443e-05,0.00018957788164405585
36,9,1-8,adjust,-0.002569356343269288,-4.975825477927212e-05,2.0557720218588e-05
37,2,1-4,adjust,-0.0013690250298151801,3.621487448331621e-05,2.6279393481007116e-05
37,3,1-4,adjust,-0.0028969058692797324,5.67922168182128e-06,0.00011797131224018901
37,6,1-5,adjust,0.0026267883430523093,1.052706512191304e-05,0.0001339099673100457
37,7,1-5,adjust,0.0014203110692445477,-1.2032306889487077e-07,0.0001609692430436488
37,8,1-5,adjust,0.002480828611133012,5.5937166517413366e-05,4.502574776351481e-05
37,9,1-5,adjust,0.0015564731817437174,1.78069304905941e-06,0.00010310709540208063
38,2,1-7,adjust,0.0009955314152449418,-3.1680780604230237e-05,1.9889978604673803e-05
38,3,1-7,adjust,-0.0007549630866269377,1.5016032861201744e-05,4.212449424692512e-05
38,4,1-7,adjust,0.0015738859485952684,1.444997351423629e-05,6.759563742228481e-05
38,5,1-7,adjust,0.000944921667859038,1.2810777145298105e-05,3.408561600508256e-05
38,6,1-7,adjust,-0.0007562176864006103,5.1106421282504577e-05,0.00020363885262902694
38,9,1-8,adjust,-3.54395899246395e-06,3.8289472326713926e-05,0.00013194136544249525
39,2,1-4,adjust,-0.0013457935374369457,4.410245997415674e-05,4.200205945899857e-05
39,3,1-4,adjust,7.989465513371632e-05,1.4026631974402803e-05,0.00012822617027070167
39,6,1-5,adjust,0.0022923610490143275,-1.293260905268335e-06,0.00017057705944469804
39,7,1-4,adjust,0.006088387823284377,2.81300495335113e-05,6.48250468265149e-05
39,8,1-5,adjust,0.0008382828032286725,4.373005050523539e-06,6.66549337993745e-05
39,9,1-5,adjust,0.0014813025658396153,5.306354735439148e-05,9.55689198825107e-06
40,2,1-7,adjust,-0.0006309446703158774,-1.0576376066188847e-06,8.235818823004338e-05
40,3,1-7,adjust,0.0007994790418555141,-6.4736250490855654e-06,8.475602375763637e-06
40,4,1-7,adjust,-0.006519081447977841,-1.0145924221094669e-05,6.456052803306739e-05
40,5,1-7,adjust,0.0014100690937674742,3.2118800460055843e-05,3.2567834033510856e-05
40,6,1-7,adjust,0.001078313146457666,-4.6950453265717334e-05,8.32869324156669e-06
40,9,1-8,adjust,-0.0010757507176619953,-1.9802225141633602e-05,6.015094774193879e-05
41,2,1-4,adjust,-0.001627276445941561,6.7749469274669e-05,4.63371879089721e-05
41,3,1-5,adjust,-0.0019678280678327325,1.0697015081141764e-05,1.8685238162936704e-05
41,6,1-5,adjust,0.0009215959892228473,1.3203237755457144e-06,6.171221135797751e-05
41,7,1-4,adjust,0.001674681561987327,-1.5957872971970465e-05,7.806351818561161e-05
41,8,1-5,adjust,0.0022242332257496303,4.377947353475978e-05,6.717644116994428e-05
41,9,1-5,adjust,0.0010840062430899791,2.325316732950498e-05,6.957924999569628e-05
42,2,1-7,adjust,0.0014779302663136772,-2.9212832001376073e-05,1.8752775546250517e-05
42,3,1-7,adjust,0.003216440442864762,-2.6577007997113764e-05,2.968459481346763e-05
42,4,1-7,adjust,0.003267619580421252,6.645741603559704e-06,1.6551864955703783e-05
42,5,1-7,adjust,0.007270572488130014,9.814037243457063e-06,2.547269259594208e-05
42,6,1-7,adjust,0.0026621550888721746,1.0154281805781085e-06,1.9577448504168462e-05
42,9,1-8,adjust,-0.00011246300903745013,-4.6610084005917825e-05,1.3061224295763002e-05
43,2,1-4,adjust,-0.00015877371434753896,4.144961633596624e-05,4.468108359219399e-05
43,3,1-4,adjust,-0.0028021646080850075,-1.305490931833539e-05,5.762624748655809e-05
43,6,1-5,adjust,0.00251620629214478,1.4548814194037878e-05,2.3262571689744483e-05
43,7,1-4,adjust,0.000921893721369459,6.456114941096192e-05,4.680996621989894e-05
43,8,1-5,adjust,0.0035478106389629795,1.2918830330285527e-06,9.071551068562117e-06
43,9,1-5,adjust,0.0021992608348055417,7.332500536374326e-05,1.7924350879333882e-05
44,2,1-7,adjust,-0.0007553055595251874,-4.2739911312189474e-05,4.109052563843356e-05
44,3,1-7,adjust,0.0020109085029284416,5.702813068004404e-06,9.146505930866473e-05
44,4,1-7,adjust,-0.0007936315105240902,7.169659054256154e-06,0.00010533000634160675
44,5,1-7,adjust,-0.0022011360918405432,-3.0473807304999314e-05,2.3515214914111987e-05
44,6,1-7,adjust,-0.00025271605678800604,2.3630849591303053e-05,2.5762829697348547e-05
44,9,1-8,adjust,-0.00022470385588094365,2.466211321734318e-06,4.2293687903379926e-05
45,2,1-4,adjust,-0.0008256465546292498,6.1192417389488e-06,5.340451118681574e-05
45,3,1-5,adjust,-0.0006028035695715758,2.2072523471185816e-05,1.3789577352450475e-05
45,6,1-5,adjust,-0.0007277826059632649,-3.4903871034479815e-05,6.118328550973293e-05
45,7,1-4,adjust,0.0029355421155397698,-2.0841480041773394e-05,9.948215289079788e-05
45,8,1-5,adjust,-0.0031009527441597153,-1.4200783333571175e-05,5.9134977688348723e-05
45,9,1-5,adjust,-0.000215548011368474,1.744368289040677e-05,4.983267851395114e-05
46,2,1-7,adjust,0.0014146643959034094,2.3899299255092745e-06,1.9989196824269883e-05
46,3,1-7,adjust,0.00020111817553434655,1.8569344528665445e-05,0.00011364522908829768
46,4,1-7,adjust,-0.002173767106153837,-1.8324522327452367e-05,2.5840583735472333e-05
46,5,1-7,adjust,0.0023493712765102165,1.0120568937224489e-05,8.962318942640312e-06
46,6,1-7,adjust,0.0013593755621096695,2.2239821973381826e-07,3.439140488740697e-05
46,9,1-8,adjust,-0.0004234399868130814,-4.8058915506081264e-05,7.150867773735577e-05
47,2,1-4,adjust,-0.00016861314492232213,1.3631773324158135e-05,5.051757419239026e-06
47,3,1-4,adjust,-0.0024294105842159095,-5.2834571215904735e-06,7.813278285221082e-05
47,6,1-5,adjust,0.0032279984903090544,-2.2046375683268032e-05,4.109874621337836e-05
47,7,1-4,adjust,-0.002485210520656424,-2.7719671571444126e-05,7.383870402118271e-05
47,8,1-5,adjust,-0.0005894267781824125,-1.1061616995755429e-05,2.7075282585270448e-05
47,9,1-5,adjust,0.0003077103193879138,3.173649707580489e-05,1.4976707919561291e-05
48,2,1-7,adjust,0.0009151253696602326,-5.977011014828753e-06,6.152939903926318e-05
48,3,1-7,adjust,0.004454710922585246,-4.940061672532514e-05,6.995772363514583e-05
48,4,1-7,adjust,0.0005002771059998648,-2.0391879737466494e-05,1.1962944098333744e-06
48,5,1-7,adjust,0.00014509416659307786,-1.2943440286800656e-05,2.9492329481821544e-05
48,6,1-7,adjust,5.493123445455725e-05,4.563884390704724e-05,1.841282411670849e-05
48,9,1-8,adjust,-9.039955870826768e-05,1.8885506310015995e-07,7.466720083302821e-05
49,2,1-4,adjust,-0.0014830274828537447,-1.0988112933698506e-05,4.08976361514786e-05
49,3,1-4,adjust,-0.0021810201342838697,7.795509595748444e-05,4.5716769563486565e-05
49,6,1-5,adjust,0.0017468205022919377,-4.6302763635081504e-05,3.475155704496916e-05
49,7,1-4,adjust,-0.003309349800998523,-1.3817905273638963e-06,8.382116695626443e-05
49,8,1-5,adjust,0.0006810231844072743,-2.6880105996141585e-05,2.708773179447116e-06
49,9,1-5,adjust,0.0002601966173512722,4.3269494741475254e-05,4.968634671231579e-05
50,2,1-7,adjust,0.0005739553691827372,-3.883947202876481e-05,3.331335519408154e-05
50,3,1-7,adjust,-0.000625277811338436,-2.0275751527978478e-05,8.953659243684629e-05
50,4,1-7,adjust,0.003826606753865454,2.2694879708304683e-05,9.7891385300471e-05
50,5,1-7,adjust,-0.0009205952109856684,9.19326385400981e-06,1.7528036037494026e-05
50,6,1-7,adjust,-0.00278865965544373,7.990564451459824e-06,0.00010507237549568436
50,9,1-8,adjust,-0.0009602133509370703,-5.065228662443567e-05,1.3444985056779646e-05
51,2,1-4,adjust,-9.946473349349319e-05,-1.8230658821239233e-06,3.138577897706065e-05
51,3,1-4,adjust,-0.0005671898276764742,-4.287587127721574e-05,9.595067657546685e-05
51,6,1-5,adjust,-0.00017099726852684032,3.943543203562979e-05,4.1614645757202294e-05
51,7,1-4,adjust,0.002747151939438629,1.3929846167604746e-05,3.0915539722636814e-05
51,8,1-5,adjust,0.0010252779429920289,-1.6270577019395815e-05,7.363013456267682e-06
51,9,1-5,adjust,-0.0009907795179327965,-1.7037674480917376e-05,9.979552368690522e-05
52,2,1-7,adjust,0.00014838491870489639,1.1039054614970304e-05,4.261340962784117e-05
52,3,1-7,adjust,-0.0004022271513787384,3.166933336508057e-06,8.127130053367682e-05
52,4,1-7,adjust,0.0019464703071280134,-2.299341585912987e-06,2.7308063133506425e-05
52,5,1-7,adjust,-0.001961383084829518,1.1282472923048062e-05,0.00011757110538723662
52,6,1-7,adjust,-0.0013928968667092198,7.53392439335362e-06,0.0001412224238539429
52,9,1-8,adjust,0.00014880865301262903,1.816725299767011e-05,1.9253297999504752e-05
53,2,1-4,adjust,-0.0004987624755214334,3.087489997809338e-06,9.004200525603878e-05
53,3,1-4,adjust,0.0006391900978528085,-2.011740042840099e-05,0.0001063332160522359
53,6,1-5,adjust,0.0004750530167863368,-8.285399710178787e-06,7.167891984372124e-05
53,7,1-5,adjust,-0.001269428622386253,2.1464695494904998e-05,7.342751184252999e-05
53,8,1-5,adjust,-0.001603723620461549,-1.7175408900926787e-05,0.00011099691040618782
53,9,1-5,adjust,0.0005880572981322884,2.755344941976838e-05,3.402954614685209e-05
54,2,1-7,adjust,0.0008162160349065631,-2.542895195320189e-06,8.500258089951894e-05
54,3,1-7,adjust,0.003730344474625182,-3.3691167780902866e-05,2.449563032071641e-05
54,4,1-7,adjust,-0.002674368557343457,7.4689880040084865e-06,8.19447167775478e-05
54,5,1-7,adjust,0.0009147124562267755,-5.926796661119744e-06,7.316305260530406e-05
54,6,1-7,adjust,-0.0008168734353253229,6.0669426445353556e-05,0.000146667427657677
54,9,1-8,adjust,-0.0017145811050788583,-4.8649571902698614e-05,2.8416444927661e-05
55,2,1-4,adjust,-0.0011098295343476522,1.3636794288605135e-05,4.428719803403542e-05
55,3,1-5,adjust,-0.003236418175933095,4.121913007416472e-05,4.376550745846782e-05
55,6,1-5,adjust,0.0005283262037803492,-6.005645733513896e-05,5.5100161976387365e-05
55,7,1-5,adjust,0.0026991274092285173,7.446836112425646e-06,6.836060025864466e-05
55,8,1-5,adjust,0.0024713388828889564,5.540398164644663e-05,5.163612654733028e-05
55,9,1-5,adjust,0.0018871960426504193,3.43052449777264e-05,3.188996386189289e-05
56,2,1-7,adjust,-0.00013291214466235103,-3.104014388349879e-05,8.051000735868983e-06
56,3,1-7,adjust,-0.001850589351718147,1.0484112680591811e-05,5.007905699396343e-05
56,4,1-7,adjust,-0.0007780297817506209,-2.9356365453184385e-05,3.3115241440142826e-05
56,5,1-7,adjust,0.00022718177115818293,-1.6803517761126828e-05,5.889850101718687e-05
56,6,1-7,adjust,0.00043714443350067285,-5.684273264868794e-05,4.62295588814054e-06
56,9,1-8,adjust,-3.983248885741954e-05,-2.0798894023029842e-05,2.6890942945285888e-05
57,2,1-4,adjust,0.0011777119033301833,-3.680309553511095e-06,4.2991182683637595e-05
57,3,1-4,adjust,-8.632349263334892e-05,2.6408173171443218e-05,7.105910576945339e-05
57,6,1-5,adjust,-0.00034388692570896994,2.4450446949671997e-05,9.871687992425604e-05
57,7,1-5,adjust,0.001279256226204696,-4.5376665332139663e-05,6.968302832431161e-05
57,8,1-5,adjust,-0.000720693374141571,-6.5462399867578456e-06,5.850606475081541e-06
57,9,1-5,adjust,0.0018323351693706148,3.679486138884021e-05,6.664862554662641e-05
58,2,1-7,adjust,0.0011647931918770062,-2.9349950349080958e-05,2.949754862651344e-05
58,3,1-7,adjust,-0.000509612770834796,-1.7328837752534083e-05,2.5415226436814957e-05
58,4,1-7,adjust,0.0033769698524612965,-2.1563550292888965e-05,3.187048730117291e-05
58,5,1-7,adjust,0.004235419111617904,3.44496467527973e-05,7.527203925605128e-05
58,6,1-7,adjust,0.0014981631186355455,4.814820549346475e-06,4.3886199740503684e-06
58,9,1-8,adjust,-0.0014147091340211426,-1.6125872399819017e-05,4.907064673672021e-05
59,2,1-4,adjust,-0.00014227962238428876,8.647231320860704e-06,4.505112666386923e-05
59,3,1-4,adjust,0.003073468075781276,-1.6342751111749356e-05,6.198718360088578e-05
59,6,1-5,adjust,0.0021293496139213166,-1.6423799990908165e-05,2.059788054709392e-05
59,7,1-4,adjust,9.317973714465894e-05,-1.335265520979521e-05,2.249393834712607e-05
59,8,1-5,adjust,0.0021721042836321926,5.283756307027433e-05,3.2633225740061285e-05
59,9,1-5,adjust,0.0010581559851907168,3.617721351522619e-05,7.450842176754131e-05
60,2,1-7,adjust,0.0008512672003187797,1.1713375529461414e-05,3.463196841435629e-05
60,3,1-7,adjust,3.767974951763912e-05,-2.3502858116277458e-05,2.708650795969106e-05
60,4,1-7,adjust,0.001143224666322335,2.9087044964831166e-05,1.8287780077554736e-05
60,5,1-7,adjust,0.0011776016201779226,-4.466273428552852e-05,4.571219015354661e-05
60,6,1-7,adjust,9.577130884930845e-05,4.984808653127686e-05,3.0333534140948454e-05
60,9,1-8,adjust,-0.0005054569122078313,9.734498029901697e-06,0.000127970557521109
61,2,1-4,adjust,-0.0005411972694680434,4.3642744085266014e-06,3.928062644898484e-05
61,3,1-5,adjust,0.001085465525562112,2.5838998244901222e-05,5.0798387399813045e-05
61,6,1-5,adjust,-0.00014782911166942038,1.400166353633441e-05,3.7209744860506596e-05
61,7,1-4,adjust,0.004736263360259739,2.0370306428035262e-05,8.8205029851859e-05
61,8,1-5,adjust,-0.000143658382771518,-2.2536381425335485e-05,3.250546756743346e-06
61,9,1-5,adjust,3.132656428593004e-05,-5.7560797402127494e-05,9.959800283359365e-05
62,2,1-7,adjust,-0.002056981875156367,4.393876127117166e-05,2.95129064837706e-05
62,3,1-7,adjust,0.0010125811603770743,-3.1293811776082695e-05,2.1127757784925443e-05
62,4,1-7,adjust,0.0024560157945538075,-7.1128250205695674e-06,3.164877970665273e-05
62,5,1-7,adjust,0.0036903398427429574,2.216787317455996e-06,1.1058783540004632e-05
62,6,1-7,adjust,0.0039854354520740265,7.235706512995779e-06,2.055309446858043e-05
62,9,1-8,adjust,0.00019775781520889736,1.605697039947358e-05,3.001270903389441e-08
63,2,1-4,adjust,0.0009431910264200422,-2.8883163724611828e-05,9.982172983076014e-06
63,3,1-5,adjust,0.0001360683651716256,1.9151072662777224e-05,9.408136381278861e-06
63,6,1-5,adjust,0.0009074881440339251,-5.559779197273418e-05,8.036230781699318e-05
63,7,1-4,adjust,0.0020042743120761396,-1.7910967635787577e-05,4.59374025649857e-06
63,8,1-5,adjust,0.0004676220635480859,-3.040457821198587e-05,1.0179071138043446e-05
63,9,1-5,adjust,-0.00034561686639562173,7.878158147472946e-06,1.8818700794342226e-05
64,2,1-7,adjust,-0.0010626667839617164,1.6821983645088877e-05,5.33573812924122e-05
64,3,1-7,adjust,-0.0010391687232015618,-1.9069143642873986e-05,7.754182346791828e-07
64,4,1-7,adjust,0.006409139472816337,-2.6083758276415773e-05,1.544017608700168e-05
64,5,1-7,adjust,0.00028535903739401725,-4.6185600351027156e-06,1.9540989725637803e-05
64,6,1-7,adjust,3.699971798102711e-05,1.4466545746758716e-05,3.078754756797958e-05
64,9,1-8,adjust,-0.00040883411867443915,-8.745895524092812e-07,1.0066428074144926e-05
65,2,1-4,adjust,0.0019067107103403662,-8.735118909962848e-05,3.500102112432069e-05
65,3,1-4,adjust,0.0040478162799857,-1.971716513041213e-05,0.0001044669695081412
65,6,1-5,adjust,-8.400522430881768e-06,-1.185103713144337e-05,2.150208491131426e-05
65,7,1-4,adjust,0.001039586630547621,5.3905334174220745e-05,4.880853742014988e-06
65,8,1-5,adjust,0.00034470983724610806,5.421018533544676e-05,1.1512998501842108e-05
65,9,1-5,adjust,0.0007146124649704177,-2.828745605552376e-05,1.8903763026259718e-05
66,2,1-7,adjust,-0.001349067826838977,7.541149906031713e-05,1.3959254734415583e-06
66,3,1-7,adjust,0.0007715767388213345,3.785127569132054e-05,1.30823241247296e-05
66,4,1-7,adjust,-0.0039268383574314406,-1.6907266612086415e-05,3.060308025907299e-05
66,5,1-7,adjust,-0.0018799586438857012,-2.227406346593546e-05,2.603408800880556e-05
66,6,1-7,adjust,-5.6119475537005216e-05,-5.004782957737943e-05,6.0853525475043146e-05
66,9,1-8,adjust,0.0005849139731978404,2.5462082692108025e-05,1.0728799278827695e-05
67,2,1-4,adjust,0.0015383248559983134,-2.32401744054002e-05,2.1401455898285046e-05
67,3,1-5,adjust,-0.0008835637449925222,2.3486963061497698e-05,7.172872760984278e-05
67,6,1-5,adjust,-0.00298350384497373,5.5613234830459946e-05,2.5620589893807367e-05
67,7,1-4,adjust,-0.0031449572973064883,-1.7329677330582585e-05,6.500310166634852e-05
67,8,1-5,adjust,-0.0022479341791267274,-2.2897082398443653e-05,1.7990304884258914e-05
67,9,1-5,adjust,-0.002085454938921127,-3.341396652366728e-05,2.959495441039877e-05
68,2,1-7,adjust,-0.0018875030682017411,6.249538997520845e-05,5.325245196911266e-05
68,3,1-7,adjust,-0.00020221747179207682,-1.0570394702407742e-06,1.5093704561094548e-05
68,4,1-7,adjust,-0.0012056769543885004,1.0871960677290232e-05,6.782671919057416e-06
68,5,1-7,adjust,0.0011479393842994024,-2.0038197347663005e-06,2.911997794372678e-05
68,6,1-7,adjust,0.001355510762352952,5.8294368304911174e-05,4.1500871595818955e-05
68,9,1-8,adjust,0.00019422578768044367,2.1857920705900644e-05,4.174996416823404e-05
69,2,1-4,adjust,0.00032413265436861505,-2.8416346057500473e-05,4.498047996764095e-06
69,3,1-5,adjust,0.0003558008206740856,-2.6257220909536916e-05,1.986323339140086e-05
69,6,1-5,adjust,-0.0007473186038578647,9.464078959770715e-06,3.99773204633838e-06
69,7,1-5,adjust,-0.000640211822094147,-3.0702419423521384e-05,7.324543665393551e-05
69,8,1-5,adjust,-0.0015550330286860801,-1.885731057950468e-05,4.751394394882469e-05
69,9,1-5,adjust,0.0011135237166163955,2.3798724413448537e-05,3.8305983327785815e-05
70,2,1-7,adjust,0.001259365135686581,-2.192574277951708e-07,2.284583198725391e-05
70,3,1-7,adjust,-0.0033464787252141174,1.60078295277918e-05,2.601428747856549e-05
70,4,1-7,adjust,-0.001884411997313708,1.6725128757171415e-05,3.036721678218848e-05
70,5,1-7,adjust,-0.0035638887720180136,-1.2040032772903672e-05,2.4403393171222345e-05
70,6,1-7,adjust,-0.000984760955343484,-5.125264694057099e-05,9.294702621243947e-06
70,9,1-8,adjust,-0.001057902687036848,-1.3239841708955374e-05,8.563659663931272e-05
71,2,1-4,adjust,-0.00013196763482923882,-3.6071487874550296e-05,1.9937961113586662e-05
71,3,1-5,adjust,0.0007006290173363724,-3.789549249239154e-07,1.8154619150341375e-05
71,6,1-5,adjust,-0.0012478780789801896,8.010382849811057e-06,2.3015887755907017e-05
71,7,1-5,adjust,-0.0018652357021852039,3.407508016710578e-05,6.753298574339134e-05
71,8,1-5,adjust,0.0006009239004676155,-5.229661792853507e-05,7.003761457169232e-06
71,9,1-5,adjust,-1.954626327767968e-05,-4.153021654098335e-05,7.00364524218535e-05
72,2,1-7,adjust,-0.00032617205790283694,2.781534169405985e-05,7.181834973120924e-05
72,3,1-7,adjust,-0.002604175656068318,4.14249394040916e-07,6.630413280941615e-05
72,4,1-7,adjust,-0.0002507560271969757,3.552063413761625e-05,6.947915240263567e-05
72,5,1-7,adjust,-0.003689531923733537,2.0584706204659866e-05,5.488905459031782e-05
72,6,1-7,adjust,0.0004466391285080709,3.555675167256787e-05,6.156923965804403e-05
72,9,1-8,adjust,-0.0010085182868314363,-2.14352193002466e-05,5.485662402290146e-05
73,2,1-4,adjust,9.613302073674312e-05,-2.0454618534147753e-05,5.1655776477318274e-05
73,3,1-4,adjust,0.0009224333650847861,-2.352956514944784e-05,8.240508697619146e-05
73,6,1-5,adjust,-0.0020692028887558246,-2.5838649414128036e-05,0.00012306480103630203
73,7,1-4,adjust,-3.620863142666138e-05,3.056831986556445e-05,7.970854549659092e-05
73,8,1-5,adjust,-0.00013823268770927653,2.549884467658812e-05,4.696251550079672e-07
73,9,1-5,adjust,0.0003327419573635411,2.0056731213945576e-05,2.345697530442653e-05
74,2,1-7,adjust,-0.0018461941950845093,2.1935363129263366e-05,0.0001297714575529556
74,3,1-7,adjust,3.7277228109471983e-06,9.671341491390832e-06,8.291497119260599e-05
74,4,1-7,adjust,-0.002040624249679953,1.4679647815786796e-06,6.914672202198272e-05
74,5,1-7,adjust,0.0006317896144931586,3.2442218987208574e-05,0.00011475812937653986
74,6,1-7,adjust,0.00027931690506081155,-2.0352206463003582e-05,6.56582026451423e-05
74,9,1-8,adjust,0.0007805597042977798,1.0342241311326141e-05,2.2680399829152137e-05
75,2,1-4,adjust,0.0006844581674579814,3.8559682482247245e-05,5.517554460828899e-05
75,3,1-5,adjust,0.00046541102093892463,2.457680953734332e-05,4.6939997762473566e-05
75,6,1-5,adjust,-8.136608556324591e-05,-2.503770370695734e-06,1.3696759405937157e-05
75,7,1-4,adjust,-0.003248418482200139,-1.5233309619697344e-05,5.3315746299043174e-05
75,8,1-5,adjust,-0.0007453221674164589,3.743787247231192e-05,5.9682057571473e-05
75,9,1-5,adjust,-0.000380906878981082,-1.3970123250675595e-07,1.3358514415117543e-05
76,2,1-7,adjust,-0.00010532552945915073,1.6136708942541791e-06,2.3185562359639733e-05
76,3,1-7,adjust,-0.0005422791206588061,-2.673097667958413e-05,3.976428400745862e-06
76,4,1-7,adjust,-0.0031749594486255414,1.292992136726657e-05,4.65878043308284e-05
76,5,1-7,adjust,0.00015520123791589943,-9.479568269489448e-06,2.2372299083718958e-06
76,6,1-7,adjust,-0.001871920836186486,2.3050437774869863e-05,0.0001430364319249379
76,9,1-8,adjust,0.0005100801668854117,-2.3025285716018252e-05,1.2595952761319916e-05
77,2,1-4,adjust,-0.0002238840377906891,5.3799241894385915e-06,1.8456734045700536e-05
77,3,1-5,adjust,-0.0021332452023335624,-1.0305275543142269e-05,2.4259502259774298e-05
77,6,1-5,adjust,0.0009178535310839776,-2.3144059141009853e-07,3.4590713546450165e-06
77,7,1-4,adjust,0.0021773633281794245,-2.5897847504209362e-05,9.387606448104123e-07
77,8,1-5,adjust,0.0017712076300611505,-3.0992848727729937e-06,3.4199325259039777e-05
77,9,1-5,adjust,0.0014699464129793822,6.691950432069278e-05,4.149466066853908e-05
78,2,1-7,adjust,0.0002544290436866593,-6.307551027383691e-05,1.8415440091366404e-05
78,3,1-7,adjust,-0.003192939202725092,1.506424387409839e-05,8.131648104165923e-05
78,4,1-7,adjust,0.006079118799227004,-2.3913790993628657e-06,1.4686699924635685e-05
78,5,1-7,adjust,0.0036196740712522895,3.505833843306175e-05,5.642193388911106e-05
78,6,1-7,adjust,0.0013741149874834991,1.0848156309573119e-05,9.064251636074857e-06
78,9,1-8,adjust,-0.001294461640229993,-8.722741488569787e-06,1.824943369680115e-05
79,2,1-4,adjust,0.0002795494506594724,-1.5851100866176405e-05,2.4185923834280627e-05
79,3,1-4,adjust,0.004986891824009926,1.9807543871541557e-07,0.00012069438125269287
79,6,1-5,adjust,0.0027162750507416424,-3.727173069878535e-05,9.59621957965336e-05
79,7,1-5,adjust,0.0006295440621623879,1.658368154699988e-05,0.00010507154584833628
79,8,1-5,adjust,0.0018654359242989622,8.525591428606172e-05,8.02270472566914e-06
79,9,1-5,adjust,0.0012884619299136201,-1.3939989877181669e-05,1.1917276916378367e-05
80,2,1-7,adjust,0.0005238764640234371,-9.675731311043649e-06,0.00010365211897318076
80,3,1-7,adjust,0.0025876742820796533,-1.337618161375864e-05,9.317985550486305e-05
80,4,1-7,adjust,-0.0019897886360987333,-2.2065645548871716e-05,2.202854807964036e-05
80,5,1-7,adjust,0.0028736468620122906,-1.0308677032947389e-06,1.974243857709071e-05
80,6,1-7,adjust,-0.0019249312735998261,2.9091851873159947e-05,3.339957080845805e-05
80,9,1-8,adjust,0.0011526169894188287,3.54795692500299e-05,0.00012091202613507141
81,2,1-4,adjust,-0.0002532049757326461,1.0688264792017047e-05,6.039078484816409e-06
81,3,1-5,adjust,-0.0014725007092333392,-1.0214862110722059e-05,3.810592827430133e-05
81,6,1-5,adjust,0.003001984625005634,1.4370072768674874e-06,3.018116704650324e-05
81,7,1-5,adjust,0.003665006537149627,-1.1768779143935325e-05,7.776825534438103e-05
81,8,1-5,adjust,0.0004365117508333756,-4.233172356846796e-05,1.1128952151685578e-05
81,9,1-5,adjust,-0.0011466398220610309,-1.9378720257896626e-05,2.5967464938531276e-05
82,2,1-7,adjust,0.0004741643828578329,2.2202898401723503e-05,3.479705315075746e-05
82,3,1-7,adjust,-0.001095458389533814,3.5611106082569116e-05,6.190595595418141e-05
82,4,1-7,adjust,-0.00018043845765578412,-4.2085639230762785e-05,7.343175833759986e-05
82,5,1-7,adjust,4.678686533552095e-05,-1.3052929658310152e-05,6.210620008657759e-05
82,6,1-7,adjust,0.0013476004413708826,-4.7303985981578654e-05,6.319220079422688e-05
82,9,1-8,adjust,-7.92419742856739e-05,-3.2118707070422723e-06,2.4056411703990508e-05
83,2,1-4,adjust,0.00020399911534170308,3.3840131168704956e-06,1.2099050528609627e-05
83,3,1-5,adjust,0.001647528365928383,9.538579870688725e-07,5.3519083837237906e-05
83,6,1-5,adjust,0.0019872585276785077,1.4409588056896669e-05,6.182538771420136e-05
83,7,1-4,adjust,-0.003958746391765607,9.640264234802811e-06,5.1482145630407425e-05
83,8,1-5,adjust,0.0005466129834694387,3.2069561358797744e-05,3.0975793437847366e-05
83,9,1-5,adjust,-0.0007033230826505877,-2.3502272676115824e-05,3.544306463797263e-05
84,2,1-7,adjust,0.0005567517613303942,6.096873519316853e-06,2.397563738556377e-05
84,3,1-7,adjust,-0.0026328271644485255,-2.7945745935311228e-05,4.702418419005744e-05
84,4,1-7,adjust,-0.0014042360467181531,1.4765276359209126e-05,5.640111748604747e-05
84,5,1-7,adjust,-0.0021205365466876085,-2.3370453829102467e-05,5.7828314775534545e-05
84,6,1-7,adjust,-0.002619513145889264,3.519573002914392e-06,2.2236331367958923e-05
84,9,1-8,adjust,0.0015116150223378286,1.4012517947709957e-05,0.00011464539838273675
85,2,1-4,adjust,-0.00025827480496762155,5.881664349252972e-06,5.506475919605292e-05
85,3,1-5,adjust,0.0016614683241272115,2.1371415722058902e-05,7.318032834167139e-06
85,6,1-5,adjust,0.0023271607450686986,-2.0657460736864367e-05,3.90134144001018e-05
85,7,1-5,adjust,0.0008299435449914367,-7.822590494654301e-07,8.417834123329651e-05
85,8,1-5,adjust,-0.0008356279898882033,-2.8095244415893067e-05,4.4835404337983255e-05
85,9,1-5,adjust,-0.0013670788928141482,-2.6629869489376276e-05,2.1613541436598448e-05
86,2,1-7,adjust,-0.0015071092883589298,-2.3473083328428654e-05,3.975005736441012e-05
86,3,1-7,adjust,0.0008568605988696945,-4.526994971879661e-06,9.943778969318811e-08
86,4,1-7,adjust,-0.0052474256146275485,-2.7262852611368657e-07,7.544917908370421e-06
86,5,1-7,adjust,-0.0018884180976912403,-1.3039633456825197e-05,4.2742243700688026e-05
86,6,1-7,adjust,-0.004122685019038518,-5.05252967798492e-05,9.099833528499628e-05
86,9,1-8,adjust,0.00042422507858879435,6.068561893462958e-05,6.416132263361885e-05
87,2,1-4,adjust,-0.00020372396131959335,4.088896647534681e-06,6.254089791316638e-05
87,3,1-4,adjust,-0.002198773650250842,4.6151757271693756e-05,0.0001521293745356177
87,6,1-5,adjust,-0.0015147743349574847,8.100477301173776e-05,4.91138434200389e-05
87,7,1-4,adjust,-0.001407761905969005,-1.4632510989197595e-05,2.9864039231696617e-05
87,8,1-5,adjust,-0.0012973111278015335,-6.328184965592921e-05,2.894176021422694e-05
87,9,1-5,adjust,-0.0004768236332385167,-2.7759235402849076e-05,2.677765950709009e-05
88,2,1-7,adjust,0.0006929507062512094,8.190182229254318e-06,9.584409739860901e-06
88,3,1-7,adjust,-0.0022932128134020647,-2.1924229210588463e-05,3.3099611206294204e-05
88,4,1-7,adjust,0.00038271096727547903,6.30382995241913e-05,7.058287271964228e-05
88,5,1-7,adjust,-0.0024655668760087865,-1.4010728693607047e-05,2.4717494155393993e-05
88,6,1-7,adjust,-0.0005420497198535511,-4.486866624248733e-06,1.938388241080583e-05
88,9,1-8,adjust,6.709199147773566e-05,-2.747725690136378e-06,1.2144027968831887e-05
89,2,1-4,adjust,-0.001286650996898322,2.4950623710272533e-05,2.7236166801771165e-05
89,3,1-4,adjust,-4.921750039216058e-05,1.3935147384855196e-05,5.520020863045485e-05
89,6,1-5,adjust,-0.0014278263280069067,1.109615341591891e-05,8.9115187605742e-05
89,7,1-5,adjust,-0.001650537915523784,3.192212067299344e-05,0.00010129072863348348
89,8,1-5,adjust,-0.0005362597160268131,-1.156943403776058e-05,5.796839973111037e-05
89,9,1-5,adjust,-0.0006652052676630459,-2.6770090789050722e-05,6.592729525504797e-05
90,2,1-7,adjust,0.0006111987161249901,-3.2480744120992743e-05,9.462296695727697e-05
90,3,1-7,adjust,-0.002684184428057931,1.906896482051996e-05,8.245047802147426e-05
90,4,1-7,adjust,0.0005655415166366931,7.508786199461673e-06,0.0001250362045146779
90,5,1-7,adjust,-0.0006636613756524398,2.4172606132087998e-05,6.550548387319161e-05
90,6,1-7,adjust,-0.0019806185615238157,-5.8438677830099976e-05,3.594469668436419e-05
90,9,1-8,adjust,-0.00014899628413807405,-5.4265446735694715e-06,2.1765912729512194e-06
91,2,1-4,adjust,-0.0012195074354652243,2.110037190688953e-05,5.371926983605235e-05
91,3,1-4,adjust,0.0012177968993395166,1.634745591194517e-05,5.2808910968283534e-05
91,6,1-5,adjust,0.002065615086732574,4.152155029145849e-06,4.840856820413797e-05
91,7,1-4,adjust,0.005503768830592389,-4.475594345415501e-05,8.840052804451269e-05
91,8,1-5,adjust,-0.0011932785267037083,-1.962390029927339e-05,7.979952436163667e-05
91,9,1-5,adjust,-0.0004604674826831266,5.332821952858138e-05,2.204483272712851e-06
92,2,1-7,adjust,3.3036069054314296e-05,-7.029455706448117e-06,8.023440484072406e-05
92,3,1-7,adjust,0.000985963382920296,-1.4729494149112641e-05,2.325792528017897e-05
92,4,1-7,adjust,9.088475400454971e-05,-5.5031114308608615e-05,3.243135777450012e-05
92,5,1-7,adjust,0.0015389568771426898,-3.522868230110718e-05,5.831675522288594e-05
92,6,1-7,adjust,0.0044514653376019325,3.5941650652002186e-05,5.651421368371595e-05
92,9,1-8,adjust,-0.000879732491629934,-4.56550698057286e-05,0.0001226889183952858
93,2,1-4,adjust,0.00018231341727963728,6.041073956236223e-06,2.989244502301897e-05
93,3,1-4,adjust,3.6814804610407764e-05,-3.3905292217503655e-05,6.622966269558056e-05
93,6,1-5,adjust,-0.004573937422404326,2.9516825235499656e-05,5.292749865669232e-05
93,7,1-4,adjust,-0.004245618775381791,4.701708144416714e-05,6.75891283654562e-06
93,8,1-5,adjust,-0.0015953914854455677,2.904957684636301e-05,5.650496708107013e-05
93,9,1-5,adjust,0.0012558343797914769,-5.035968535795138e-06,3.56527619863494e-05
94,2,1-7,adjust,0.0008907857830491603,5.48118327141527e-05,0.00013646846990564526
94,3,1-7,adjust,0.002581392559325754,-5.92356056477024e-05,7.925438361676028e-05
94,4,1-7,adjust,0.00016007704371991696,1.2570538373866216e-05,0.00010212038851665151
94,5,1-7,adjust,-0.0004938570785633239,4.0976622587343186e-05,5.517430884195809e-05
94,6,1-7,adjust,-7.918037501512418e-05,2.5600010214150125e-06,5.5010767681166015e-05
94,9,1-8,adjust,-0.00046062881220379807,-1.6975667145357736e-05,0.00011821270140193633
95,2,1-4,adjust,-0.0005618098918411588,-1.6594006054679308e-05,1.1466417325754537e-05
95,3,1-5,adjust,0.000304727862611352,3.067793661116808e-05,5.301916034766409e-05
95,6,1-5,adjust,0.002266706254325003,-7.217213340863799e-05,3.920712740707653e-05
95,7,1-4,adjust,-0.001558043848178481,-1.265706930028022e-05,1.6513183891323002e-05
95,8,1-5,adjust,0.0010806960386761703,1.3988666403339043e-05,9.516758801450062e-05
95,9,1-5,adjust,0.0002899750760354335,1.2581571090757526e-05,1.875779645512278e-05
96,2,1-7,adjust,0.0010889155832511793,-5.4166634853120916e-05,3.497901629498248e-05
96,3,1-7,adjust,-0.00010726643679669297,6.907926956291958e-06,1.2104449234637601e-05
96,4,1-7,adjust,0.0008404192867432747,3.503116184200376e-05,9.42486365646399e-05
96,5,1-7,adjust,-0.0028084806320723956,5.120942481853563e-06,2.1652992775716614e-05
96,6,1-7,adjust,-0.0016353335950823405,6.430942860672044e-05,5.289732963040624e-05
96,9,1-8,adjust,-0.000335145597216223,-2.62913450380911e-05,6.452362468320682e-05
97,2,1-4,adjust,-0.0011381036201784421,4.111720959286873e-05,3.481831930907377e-05
97,3,1-5,adjust,0.0009475247065393642,5.214372335129916e-05,5.751946138112779e-05
97,6,1-5,adjust,-0.00011923204862421186,-1.194881721812699e-05,8.507748285417469e-05
97,7,1-5,adjust,0.0008358614053729986,1.1823081295033529e-05,9.623246556562682e-05
97,8,1-5,adjust,0.0009515600324869108,3.783893813624494e-05,2.971222978931549e-06
97,9,1-5,adjust,-0.0011165139998391914,-2.0282744665884653e-05,0.00012267528664566273
98,2,1-7,adjust,-0.0032123429051186055,0.00011381225452543963,0.00011431804655780392
98,3,1-7,adjust,-0.0047828260090308095,1.102312552249714e-05,2.9906968533976423e-05
98,4,1-7,adjust,0.0007912539456221968,-1.894301732246581e-05,2.7647037297931384e-05
98,5,1-7,adjust,0.0022154974005377127,4.237791649675153e-05,3.358698098585611e-05
98,6,1-7,adjust,-0.0005940146625404243,-9.092557610079758e-06,5.7553306956919195e-05
98,9,1-8,adjust,0.0011066008520171065,6.0300013467077234e-05,1.2730343207190463e-05
99,2,1-4,adjust,0.0013855820852379855,-4.3040005153760795e-05,1.0352802327935569e-05
99,3,1-4,adjust,-1.1282083879745838e-05,-1.1840000803987477e-05,7.499797068888177e-05
99,6,1-5,adjust,-2.0695028006787188e-05,4.660803818275677e-05,7.247960523044151e-05
99,7,1-4,adjust,0.002474762161083911,-3.694618948729197e-05,1.3964495062560584e-05
99,8,1-5,adjust,0.0019900410962733956,-3.5500785946738364e-07,5.9402102858130126e-05
99,9,1-5,adjust,0.0012406797062645722,-3.5447049398871354e-05,3.84035171155893e-05
100,2,1-7,adjust,0.0017661982288695193,-7.203372859123749e-05,7.353745915602903e-05
100,3,1-7,adjust,0.0021725912419626424,-1.1819488564413884e-05,1.886856240367538e-05
100,4,1-7,adjust,0.00018412750706110046,-6.310243888243341e-06,2.6140424091082395e-05
100,5,1-7,adjust,0.004133973449729265,2.0074959888521405e-05,3.8188997135199125e-05
100,6,1-7,adjust,0.002577447747486174,-2.9484868147913795e-05,1.0189169813371794e-05
100,9,1-8,adjust,0.00012615719032088848,1.5220678572731642e-05,6.509634297287172e-05
101,2,1-4,adjust,0.0007385840679184872,-2.6888591789025638e-05,6.099798212810676e-05
101,3,1-5,adjust,0.0020061856407420755,6.718908343898252e-06,7.048259358292746e-05
101,6,1-5,adjust,0.001150510792232928,-1.8196651582246417e-05,3.5925591751759355e-05
101,7,1-4,adjust,-0.0006710358446937799,2.684654923981391e-05,4.277545275522248e-05
101,8,1-5,adjust,0.0008475957764627778,4.989233257415901e-05,1.0165111212339275e-05
101,9,1-5,adjust,0.0019214828516325028,6.798747703423966e-05,6.384655551520587e-05
102,2,1-7,adjust,-0.00047127341707122844,2.4243163401897395e-05,7.471112134930796e-05
102,3,1-7,adjust,-1.606871954840418e-05,-1.7123998525087947e-05,4.7852788154559793e-05
102,4,1-7,adjust,-0.0034138667828446626,-2.099548742252902e-05,2.2392378647991534e-05
102,5,1-7,adjust,-0.0037867324722898944,-5.7593839778124714e-05,1.1107511576134655e-05
102,6,1-7,adjust,-0.0005220227201036615,-5.255259308992242e-06,3.2484296946198034e-05
102,9,1-8,adjust,-0.0001315854496416307,6.2846360586403985e-06,3.0468695290553333e-05
103,2,1-4,adjust,-0.000798703964138901,5.676198504386368e-05,6.827948622251478e-05
103,3,1-4,adjust,-0.002009633711572031,1.2955581721045487e-05,8.205123000273065e-05
103,6,1-5,adjust,-0.0012535206259180187,-7.924882029096812e-06,5.994444533259164e-06
103,7,1-4,adjust,-0.001471019722270779,1.885758894187295e-05,4.134488027994568e-06
103,8,1-5,adjust,-0.0015164293322737588,-3.832553380682542e-05,1.997036157824004e-05
103,9,1-5,adjust,-0.0019941746974315925,-1.8350888333139645e-05,2.4898078239637236e-05
104,2,1-7,adjust,0.001606677379457088,-3.938368166643413e-05,4.451222752884098e-05
104,3,1-7,adjust,0.0030072710952937444,3.8372590646131435e-05,2.789808742594575e-06
104,4,1-7,adjust,0.0019452914868975323,3.877177562219592e-06,6.683309444585519e-06
104,5,1-7,adjust,-0.0005529137308260406,4.4969014350881265e-06,3.272225563590472e-06
104,6,1-7,adjust,1.2941555680011798e-05,2.2474234411036706e-05,4.806716682691831e-05
104,9,1-8,adjust,0.00020014049288260375,-1.2063738740271012e-05,1.2880274697224113e-05
105,2,1-4,adjust,-0.001083710580211671,2.111405013683195e-05,1.0212776548635948e-05
105,3,1-5,adjust,-0.0011145873966106623,-9.75451701442339e-06,3.258812537935285e-05
105,6,1-5,adjust,-0.0004662011575908407,2.795401428519795e-06,5.814391547035706e-05
105,7,1-4,adjust,0.0021076652229375047,-4.758837233610463e-05,7.192677209132622e-06
105,8,1-5,adjust,-0.00123630063086586,-1.3040576783645372e-05,6.221440463833575e-05
105,9,1-5,adjust,-0.00022469075364618787,3.181676812769357e-05,3.0604500942303223e-05
106,2,1-7,adjust,-0.0005113041110412769,1.5139593474761952e-05,6.220277904751436e-05
106,3,1-7,adjust,0.0011928425843788276,-5.474982120158171e-05,3.206657065332707e-05
106,4,1-7,adjust,-4.2766191942099595e-05,-2.5483607627224323e-05,2.5754619463520187e-05
106,5,1-7,adjust,0.0014868587313425254,5.952993796514781e-05,3.6837293172335766e-05
106,6,1-7,adjust,0.0012989400553159091,1.8470985185143217e-05,7.102673419189803e-05
106,9,1-8,adjust,7.594609830868185e-05,-2.8996556719403845e-05,3.689011539543633e-05
107,2,1-4,adjust,0.0006778740727893027,-3.74038766166043e-05,5.4143708770228184e-05
107,3,1-5,adjust,-0.0006439733218847208,2.6573448909171654e-05,8.790910270224018e-06
107,6,1-5,adjust,-0.002016511868125011,1.840757862248842e-05,8.747532512745671e-05
107,7,1-4,adjust,-0.002549961904399985,1.561436861438262e-05,8.301880550590828e-05
107,8,1-5,adjust,0.0032148640322469148,-5.332014171272934e-06,9.559612113228181e-06
107,9,1-5,adjust,0.0003068348382271438,2.6457338093436844e-05,4.994914344109418e-05
108,2,1-7,adjust,0.0006954796616027069,-1.2320994835131268e-05,3.205232193631747e-06
108,3,1-7,adjust,-0.0031608808881314317,-1.6265225022655122e-05,4.768593101522991e-05
108,4,1-7,adjust,0.0007025266866886424,-9.004923159294544e-06,3.823579836399937e-05
108,5,1-7,adjust,-0.001504218190236628,-4.535567281436999e-05,2.4624885613780383e-05
108,6,1-7,adjust,-0.00046110443715578227,-1.2149674712728439e-05,5.728111982064052e-06
108,9,1-8,adjust,-9.078046307668732e-05,-2.5910615744716954e-05,2.5648393519107487e-05
109,2,1-4,adjust,0.00017543650200867604,-4.275045854203524e-05,2.7347165184784854e-05
109,3,1-5,adjust,0.000424160177550533,1.464384922804524e-05,5.597221023563646e-05
109,6,1-5,adjust,0.001007157690935548,-2.8023899143343713e-05,5.0628584293009135e-05
109,7,1-5,adjust,0.0013160388781579236,-1.0487546254638746e-05,8.648447296270765e-05
109,8,1-5,adjust,-0.00252317779411476,-4.75764531736712e-06,1.507944233322092e-06
109,9,1-5,adjust,-0.001109241874842007,-3.836639927158428e-06,1.2139524972621676e-05
110,2,1-7,adjust,0.0005313153317336108,-2.4476319987070597e-05,2.3461071828998585e-05
110,3,1-7,adjust,0.00357909949891416,-5.619969125083425e-05,8.803678210908248e-05
110,4,1-7,adjust,0.0037831386249908942,-6.342913742975296e-06,2.8204695467555405e-05
110,5,1-7,adjust,0.0022585212813356257,-1.1526758697314947e-05,4.7296247418632954e-05
110,6,1-7,adjust,0.0002996969948935402,1.2028636459329942e-05,1.428111605891788e-06
110,9,1-8,adjust,8.2499914554077e-05,4.972443041563123e-06,4.219488437767393e-06
111,2,1-4,adjust,0.0017197893619854583,-3.203772442165661e-05,0.00013076776763689768
111,3,1-5,adjust,0.00012191071599376398,5.145270494815868e-06,1.761211058992915e-05
111,6,1-5,adjust,-0.0006363289834970608,1.295002953445655e-05,5.0621721183191164e-05
111,7,1-4,adjust,-0.0032840787646650715,-1.3730031929426993e-06,6.450106320571925e-05
111,8,1-5,adjust,0.00030177523091345524,-2.6310393657885844e-05,5.8878712941543456e-05
111,9,1-5,adjust,-0.0005512496171250248,-2.7805124445783514e-05,2.7324201038365904e-05
112,2,1-7,adjust,-0.0006358647482225986,-2.2006285905455722e-05,4.11178559846701e-05
112,3,1-7,adjust,0.003062297654753084,-3.014498392248769e-05,2.6185426830955533e-05
112,4,1-7,adjust,-0.003367318740446078,4.495121416095762e-05,5.206040569566191e-05
112,5,1-7,adjust,-0.0019177441459511965,-2.636012081582823e-06,7.693954777335732e-05
112,6,1-7,adjust,-0.0008043963160342212,2.025135414201532e-05,7.871357974499816e-05
112,9,1-8,adjust,0.0001327323398475853,2.1437703047280872e-05,9.917110866179758e-05
113,2,1-4,adjust,-0.0016292438588852585,4.930454042950583e-05,4.2111366743884926e-05
113,3,1-5,adjust,-0.0021833742090228148,1.6788487290351756e-05,5.018515777601993e-05
113,6,1-5,adjust,0.0010821237709763005,-2.124859182402721e-05,2.6961031638317093e-05
113,7,1-4,adjust,0.0033526947727703198,-2.848018918311718e-05,3.067593780923437e-05
113,8,1-5,adjust,0.002445459398564608,3.285610242839635e-05,1.1600207362357464e-06
113,9,1-5,adjust,0.0012898048319220587,-1.6828471196509662e-05,4.799260250970466e-05
114,2,1-7,adjust,0.00030193898402254354,2.434359821416058e-05,8.207025293004688e-07
114,3,1-7,adjust,0.00026802063723568566,-3.822821204671645e-05,7.50924400119078e-05
114,4,1-7,adjust,0.001799731084954454,-9.544275499528098e-06,4.118783831749737e-05
114,5,1-7,adjust,0.00018890744474574014,-3.13201595148757e-05,5.0181075886459866e-06
114,6,1-7,adjust,0.0009397311265978129,9.25411479283315e-06,4.716664492207657e-05
114,9,1-8,adjust,0.0002458023953407846,6.043925047930203e-06,7.310688831003954e-05
115,2,1-4,adjust,-0.00032805871353368385,-7.253929950244759e-06,1.977753532836171e-05
115,3,1-5,adjust,-0.0008815640918736707,1.2535831362140823e-05,3.54988702419977e-05
115,6,1-5,adjust,-0.002335098457615587,-1.2415767327642651e-05,9.611761285812394e-05
115,7,1-5,adjust,0.0006026063838874597,-1.1395100915255612e-05,8.046649114598792e-05
115,8,1-5,adjust,-0.0023754220375086722,-3.0788795437189326e-05,3.979196945489147e-05
115,9,1-5,adjust,0.0012171828073365878,-2.048818883392179e-06,6.214554205289834e-05
116,2,1-7,adjust,0.0001700930437870698,1.2769558698371002e-05,4.880835846555659e-05
116,3,1-7,adjust,0.00020083532188132667,-1.7937279517160328e-05,5.444189059967015e-05
116,4,1-7,adjust,0.0019035541537718145,-1.2835298937472763e-05,2.221030456708766e-05
116,5,1-7,adjust,0.0021591772647074872,2.030340453916168e-05,3.08036322325083e-05
116,6,1-7,adjust,0.0008755496718646546,-5.061607085528736e-05,1.891761752470132e-05
116,9,1-8,adjust,-0.0003596704720120612,1.621615171865984e-06,8.304044365718985e-05
117,2,1-4,adjust,0.0011016399554363565,-2.1970680279371376e-05,4.2799347686442816e-05
117,3,1-5,adjust,-0.0005396592544873079,5.581850324478264e-05,6.007281341632646e-05
117,6,1-5,adjust,0.0026405874322932526,2.1498168178842956e-05,1.223499770767301e-05
117,7,1-4,adjust,-0.0008890840343858715,4.308424811820722e-05,6.343207213072638e-06
117,8,1-5,adjust,0.0014517718289747334,2.879716047257667e-05,2.2476290930114665e-05
117,9,1-5,adjust,-0.0014715029516579952,3.4763715520686035e-05,3.609038990026587e-05
118,2,1-7,adjust,0.0008267719666117592,2.096238512076144e-05,3.359768509871106e-05
118,3,1-7,adjust,-0.00012112368975090537,2.3849587189362878e-06,1.3557821433344754e-05
118,4,1-7,adjust,-0.0019489575233825004,2.052981145550082e-05,1.762745798139779e-05
118,5,1-7,adjust,0.0010858688538548764,-6.127914254675618e-07,9.30341738067707e-06
118,6,1-7,adjust,-0.002954268218544808,-5.931980980943541e-05,5.985045204654228e-06
118,9,1-8,adjust,0.0010002609157026704,-1.0814359427944888e-05,8.615142943497008e-05
119,2,1-4,adjust,-6.702539591049868e-05,3.5811431648231333e-06,1.5559696201973294e-05
119,3,1-5,adjust,-0.00041562432315087457,-2.0646158429389567e-05,1.4234555848844405e-05
119,6,1-5,adjust,0.0009856246029587314,2.123252647545363e-06,2.4236321662111422e-05
119,7,1-4,adjust,0.0019195950247745056,9.723642649022703e-06,2.74183706268584e-06
119,8,1-5,adjust,-0.0004780952463984618,-1.0750729885198566e-05,6.610294730887294e-05
119,9,1-5,adjust,-0.0002267375857353867,3.0917206111087204e-06,3.95167564346203e-05
120,2,1-7,adjust,-0.002143264565269078,8.761021023169469e-06,2.1442189393991046e-05
120,3,1-7,adjust,0.00028549591159472666,4.2750946438352754e-05,3.198170073086653e-05
120,4,1-7,adjust,0.0002883757533584343,7.73446392586862e-06,1.4328000452985887e-05
120,5,1-7,adjust,0.005094435493491312,9.55826106230349e-05,5.4141671893155224e-05
120,6,1-7,adjust,0.00021111207645126823,1.5205092079748073e-05,8.543437730186896e-05
120,9,1-8,adjust,0.00018302004629161734,1.813862092478349e-05,9.863843586656308e-05
121,2,1-4,adjust,-0.0001601549185899415,-4.184367212748336e-06,4.812522019861305e-05
121,3,1-4,adjust,0.0002202229343768076,-1.789560146904592e-05,4.5736010597236864e-05
121,6,1-5,adjust,0.004312435304514667,3.900877646148428e-05,0.00013004391394045052
121,7,1-5,adjust,0.004354874054140069,2.9693437611706145e-05,7.326828192350627e-05
121,8,1-5,adjust,0.0020094661831492637,3.5847619033528374e-05,7.217571328382402e-05
121,9,1-5,adjust,0.0007736567357845086,6.391249979128608e-06,6.499677023617924e-05
122,2,1-7,adjust,0.00040759113516039216,-1.3549111657211462e-05,5.88944250931378e-05
122,3,1-7,adjust,-0.0022910535777719673,-6.756016454796964e-07,4.939437802361195e-05
122,4,1-7,adjust,-0.001621942449595067,-4.326977909644999e-06,2.8595351949657818e-06
122,5,1-7,adjust,-0.001242368169995411,-2.2007644153905527e-05,2.9211604904902754e-05
122,6,1-7,adjust,0.0013035173197360886,5.186903660774503e-05,5.6748018593966644e-05
122,9,1-8,adjust,0.0009186803447938857,1.121529468785268e-05,1.7330788780797597e-05
123,2,1-4,adjust,0.00013151568938473955,1.385884812630925e-05,1.7975173658442196e-05
123,3,1-5,adjust,0.0007542941865822727,4.7043190906622165e-05,4.555880886967146e-05
123,6,1-5,adjust,0.0018890562964193958,-6.0580219041140416e-05,4.7007520477748505e-05
123,7,1-5,adjust,0.0001996676326336737,1.0212276483694356e-05,7.883499615699668e-05
123,8,1-5,adjust,-0.001832718786022127,1.8203312885571942e-05,5.930665056506954e-05
123,9,1-5,adjust,-0.0009857792657677648,-2.3153925901296714e-05,3.831702824903231e-05
124,2,1-7,adjust,-0.00020320660275616274,1.6729826765110395e-05,5.289071092135772e-06
124,3,1-7,adjust,0.00048488603150972497,-1.9698856457555463e-05,3.843711310949277e-05
124,4,1-7,adjust,-0.0028560886228450504,1.4377552667082195e-05,3.055943961692006e-05
124,5,1-7,adjust,-0.001957817169109893,-6.639854180509689e-05,7.56797553329382e-05
124,6,1-7,adjust,-0.0019856406329816657,-6.897412227953082e-06,9.300508667605263e-05
124,9,1-8,adjust,-6.220461137116572e-05,-8.156849537548396e-06,8.508884092814798e-05
125,2,1-4,adjust,-0.0003489843144482314,2.8666623233483474e-05,0.00012268775936885118
125,3,1-4,adjust,-0.0024973748398025904,2.7325641174957617e-05,0.0001600061750068325
125,6,1-5,adjust,-0.002336804524258755,-2.17745628528439e-05,7.001685832699404e-05
125,7,1-5,adjust,0.00106580576459253,7.378012491383617e-06,6.909621458662488e-05
125,8,1-5,adjust,-0.0018711458421040435,-5.037341227049631e-05,4.061301540699548e-05
125,9,1-5,adjust,-0.0009619796619314225,-1.5772996339092898e-05,7.16945808463029e-05
126,2,1-7,adjust,8.113475007298988e-05,-1.3300711817235099e-05,6.364178513735564e-05
126,3,1-7,adjust,-0.0007252973927645019,1.1834309390131867e-05,1.3449921210686913e-05
126,4,1-7,adjust,0.0011825059723898472,-1.6850029355622113e-05,8.52596243881868e-06
126,5,1-7,adjust,0.0013866313102332275,-8.872809540687174e-06,6.524175798230391e-05
126,6,1-7,adjust,0.00014831822808835792,4.5352145392283976e-05,3.492393789991985e-05
126,9,1-8,adjust,-0.00035707094756321915,-2.2229914713545483e-06,0.00020084245233830235
127,2,1-4,adjust,-0.001056461375751725,4.8061403159160176e-05,0.0001154755454352009
127,3,1-4,adjust,0.00027562536956948335,-1.8984864072968477e-05,0.00012414393887992002
127,6,1-5,adjust,0.001845616933545669,3.337758457687015e-05,0.00010228433008509904
127,7,1-4,adjust,-0.00104703187961255,-2.233606310468001e-06,1.0693689937375144e-05
127,8,1-5,adjust,-0.0018848501267124489,3.9289236892057046e-05,3.888399784942208e-05
127,9,1-5,adjust,0.0003201360081981164,-2.5342911031004992e-06,2.2524735829010424e-05
128,2,1-7,adjust,0.0012341894236752333,-3.103227290151576e-05,2.9279607307738766e-06
128,3,1-7,adjust,0.0006205714408083454,-4.011969381744864e-05,4.455964440135638e-05
128,4,1-7,adjust,0.0015534963718245125,-1.4964868549952775e-05,2.6069829321769312e-05
128,5,1-7,adjust,-0.0039041424738131612,-1.3566206758603138e-06,4.233009663231976e-05
128,6,1-7,adjust,0.00022263305026338413,-4.873129138727709e-06,3.831451751890743e-05
128,9,1-8,adjust,-0.0005337933424404206,6.546204597576157e-06,8.019121022013541e-05
129,2,1-4,adjust,-0.0005156910952494171,-4.0836564308143e-05,7.53953965566905e-05
129,3,1-4,adjust,0.0015379362278766942,-2.784621339190406e-06,5.618036810743947e-05
129,6,1-5,adjust,-0.003581213669235821,-3.4333321204063434e-07,1.6641466589713605e-05
129,7,1-4,adjust,-0.004524974104988267,-3.742501785824723e-05,1.6209127657542172e-06
129,8,1-5,adjust,-1.6238001157244066e-05,-2.3657658964448472e-05,2.4315608556721478e-05
129,9,1-5,adjust,-0.001787457873948657,-3.001864194786077e-05,7.532052623467479e-05
130,2,1-7,adjust,-0.00011096567405880166,3.277813268281543e-07,3.8953234450220635e-05
130,3,1-7,adjust,-0.0003413156527705449,3.543060308099715e-05,2.9044968299731302e-05
130,4,1-7,adjust,-0.0020665658797574746,3.894227798468199e-05,2.3074342835564567e-05
130,5,1-7,adjust,-0.00162065545022438,3.089275577881284e-06,5.533676802350124e-05
130,6,1-7,adjust,0.0006903798544316531,-2.2769960929557156e-05,9.66617017964141e-06
130,9,1-8,adjust,0.000924332890622244,-3.117524777893604e-05,3.591574209916946e-05
131,2,1-4,adjust,-0.0004951081957793418,-5.719198826649241e-06,7.783578633602328e-05
131,3,1-4,adjust,-0.0007027178114754393,-1.4832056054383969e-06,0.0001308415564750517
131,6,1-5,adjust,-0.0006493499978636778,-2.318780136561835e-05,2.3077925618909454e-05
131,7,1-5,adjust,-0.0005689731409397097,1.934487605679047e-05,7.305702620839589e-05
131,8,1-5,adjust,0.0021507736064915496,2.5117755439197087e-07,3.3836937175059595e-05
131,9,1-5,adjust,-0.00041676882485375223,-3.026279571073646e-05,7.996327322965687e-05
132,2,1-7,adjust,0.001238298047069701,-1.2080472153536306e-05,6.060124276063717e-06
132,3,1-7,adjust,-0.0034166628488681112,2.5653406327096867e-05,8.689392754812656e-05
132,4,1-7,adjust,-0.0008044129404683328,-2.9147850667261415e-05,1.708656332183996e-05
132,5,1-7,adjust,0.0005317565668989438,2.0628846109448035e-05,3.2262219103544834e-05
132,6,1-7,adjust,-0.00019225655624929123,4.520969324147872e-05,3.0750152412127205e-05
132,9,1-8,adjust,0.000637468576311872,3.357197607974704e-05,1.9113590945822002e-05
133,2,1-4,adjust,-0.0008353139271492674,7.845273303422086e-06,2.5398082564264683e-05
133,3,1-4,adjust,0.0012501761606835346,-2.5014554725881164e-05,4.576023812818575e-05
133,6,1-5,adjust,-0.0005051774766596844,1.1241742512910363e-05,5.435236390114457e-05
133,7,1-4,adjust,-0.0036350892014604115,-4.1867253040091346e-05,8.270206123764338e-05
133,8,1-5,adjust,0.0013294432006515742,-3.759462878581994e-05,5.4790458674233566e-05
133,9,1-5,adjust,0.0008430641162608132,-1.7320448558605741e-06,6.898650011871636e-05
134,2,1-7,adjust,0.0012196091117340545,-2.2772920295121693e-05,2.7033887174126985e-05
134,3,1-7,adjust,-0.0020418452068118424,6.930121378553502e-05,0.00010743485833277175
134,4,1-7,adjust,0.0009966399520840792,-4.791592031151044e-06,1.2772954568774715e-05
134,5,1-7,adjust,0.0020220612279317008,-1.0633314700225465e-05,1.6709208241437395e-06
134,6,1-7,adjust,-0.0006227578370461788,1.4775223078842116e-05,4.254843413432135e-05
134,9,1-8,adjust,0.0003540091398376228,3.5297496528969224e-05,8.243844318711208e-05
135,2,1-4,adjust,-0.001324142215523022,5.1922416987867164e-05,9.65622633010577e-05
135,3,1-4,adjust,0.002296444629795957,-2.3437643219466892e-05,0.00011597934056470962
135,6,1-5,adjust,0.0003324076290609985,5.820728953086617e-06,5.510525039211466e-05
135,7,1-4,adjust,6.27855475381275e-05,-7.791167576790993e-06,5.297856911430805e-05
135,8,1-5,adjust,-0.000824972696043118,-1.713390757268449e-05,8.962292617441384e-08
135,9,1-5,adjust,0.0005660353956570762,-1.4899290020312805e-05,4.8081926742357424e-05
136,2,1-7,adjust,-0.0006227924119032355,-2.0335501321308425e-05,6.214607346055999e-05
136,3,1-7,adjust,0.003764838358972303,5.209816696499865e-06,5.040354243499573e-05
136,4,1-7,adjust,8.976537899127892e-05,3.016082895106452e-06,1.6821379702823373e-05
136,5,1-7,adjust,-0.00212363854673681,1.6057946644612805e-05,5.956629169754517e-05
136,6,1-7,adjust,-0.001894329266931434,-3.891502023390414e-05,5.827622554189892e-05
136,9,1-8,adjust,-0.001149735041065776,2.494659560448456e-05,8.305719502768875e-06
137,2,1-4,adjust,0.001650053705369287,-2.5460536646080808e-05,1.3757091883936632e-05
137,3,1-4,adjust,-0.00207460101160487,1.4530180378415954e-05,9.486180111007153e-05
137,6,1-5,adjust,0.001132756954323321,1.1106287528932055e-05,2.203743045571851e-05
137,7,1-4,adjust,0.0017862936784560294,4.884530956814345e-06,4.535072268992357e-05
137,8,1-5,adjust,0.0005243945117879691,-9.122298887902745e-06,1.7347101174746402e-05
137,9,1-5,adjust,0.0014360441071612014,2.1762428686584246e-06,1.1830322472335527e-05
138,2,1-7,adjust,0.0018072573941729192,-3.51534796736172e-05,1.5244843000180653e-05
138,3,1-7,adjust,0.0035454893485123815,-3.252047001995499e-05,1.3021996316196317e-05
138,4,1-7,adjust,0.0016230509792961368,-4.8638334706985216e-05,2.0374190620946314e-06
138,5,1-7,adjust,0.00021169451595383503,-2.868406642141879e-05,6.0958560971714766e-06
138,6,1-7,adjust,-0.00015174096889103346,2.991757947362769e-06,6.924376533414807e-05
138,9,1-8,adjust,-0.0003198422115357993,-3.399180236786915e-05,1.8068524721810494e-05
139,2,1-4,adjust,-0.0006756059802673196,5.0478488396687025e-05,1.563986644260035e-05
139,3,1-5,adjust,4.097410917042026e-05,-5.0809309830416905e-05,6.945074648906097e-06
139,6,1-5,adjust,0.001505905091754737,-4.3047296504915445e-05,7.260570176815963e-05
139,7,1-4,adjust,7.789020131193296e-05,3.280999677911083e-05,1.4689514021610366e-05
139,8,1-5,adjust,0.0007309038695356441,-5.769543275259393e-06,2.0814316805679754e-05
139,9,1-5,adjust,0.0008869801394809993,3.449233066336202e-05,0.00010932050914463753
140,2,1-7,adjust,-0.0016278624855329265,1.69111259746435e-05,7.823403453071753e-05
140,3,1-7,adjust,-0.0029201864269679384,6.0566947029738595e-05,8.38000570548994e-05
140,4,1-7,adjust,0.0001497433637172722,5.787332980697808e-05,4.6927419315726055e-05
140,5,1-7,adjust,2.4311016095384348e-05,1.7790575254805224e-05,9.485746060638768e-05
140,6,1-7,adjust,-0.0008887261205016855,2.0158071374855708e-05,7.196412156146314e-05
140,9,1-8,adjust,-0.0014442233831890405,3.503673416000892e-05,5.0710025884744144e-05
141,2,1-4,adjust,0.0002648092241934151,1.59314604139578e-05,4.340502102313574e-06
141,3,1-5,adjust,0.0016730285421748972,-4.945194948165484e-05,7.210279393488197e-05
141,6,1-5,adjust,4.7292473289730806e-05,3.4909103057529825e-06,1.283916915454965e-05
141,7,1-4,adjust,0.0003616616341790902,-5.8896749324053876e-05,2.4627803412655387e-05
141,8,1-5,adjust,-0.0008551604075607837,4.5525030285339193e-05,3.370717245898949e-06
141,9,1-5,adjust,3.678683823247327e-05,-1.0749014614322373e-05,1.682474719560858e-05
142,2,1-7,adjust,0.00036529827664927837,-4.473121342889998e-05,4.9052302278842e-05
142,3,1-7,adjust,0.004777293178865241,-4.04671804371238e-05,0.00010977303752182952
142,4,1-7,adjust,0.003577048705572858,-2.6106863692887402e-05,6.104839929208052e-05
142,5,1-7,adjust,0.0014303073925789475,-1.9342897355850423e-05,8.136965579642926e-05
142,6,1-7,adjust,-0.00013607387402337167,6.5484025275900485e-06,6.943946709397133e-05
142,9,1-8,adjust,3.754087468002648e-05,-7.331253723196431e-06,2.9184404165037254e-05
143,2,1-4,adjust,0.00046657580020929,8.350436362992858e-06,6.980712046424523e-06
143,3,1-5,adjust,-0.0024992361464458903,-2.2234448974360102e-05,1.0840041440147802e-07
143,6,1-5,adjust,0.0009875341947064209,-1.7009694828118526e-05,2.09112545310247e-05
143,7,1-4,adjust,0.00010211905561454547,-6.174823045900458e-06,3.08391927849444e-05
143,8,1-5,adjust,0.0016468426511711905,-1.2649427400894104e-05,2.6081661264274366e-05
143,9,1-5,adjust,-0.000528331962434394,-4.472507510730142e-05,9.666124980595763e-06
144,2,1-7,adjust,0.0010347290800582834,-1.80407475233888e-05,1.3863749050103706e-05
144,3,1-7,adjust,0.0003236403936414703,1.075474671863212e-05,6.137199459091302e-05
144,4,1-7,adjust,0.003118030106613983,3.3317195372498256e-05,2.707836983321367e-05
144,5,1-7,adjust,-0.0004892091480314144,-1.0305820222543855e-05,8.288984154939917e-06
144,6,1-7,adjust,-0.00043763413733034946,2.9612985057119553e-05,8.764316072505393e-05
144,9,1-8,adjust,0.0002445558109174291,4.741967265415958e-05,0.00014247962550564377
145,2,1-4,adjust,0.00021736505092892128,-1.386094321508291e-07,2.74462498318673e-06
145,3,1-5,adjust,0.0001002099816510565,-8.137184109901199e-07,3.400033752240603e-05
145,6,1-5,adjust,-0.0006731295821752141,2.5165588957301362e-05,3.312815347151231e-05
145,7,1-4,adjust,0.0023514309089862043,4.308205582377232e-05,1.62428418459145e-05
145,8,1-5,adjust,-0.0011847903996203342,-4.052348532789108e-05,7.367989119250927e-05
145,9,1-5,adjust,0.0004828896721915248,2.565754107989548e-06,4.879046531394473e-06
146,2,1-7,adjust,-0.0022179259488435523,-1.478492045956269e-05,5.3022190198344015e-05
146,3,1-7,adjust,-0.0006912776052945588,-8.230983807579431e-06,6.829717565265533e-05
146,4,1-7,adjust,-5.130016249709225e-05,-5.147571500917354e-05,7.37701564266802e-05
146,5,1-7,adjust,-0.002637389764308797,2.297226200410322e-05,5.004868431915042e-05
146,6,1-7,adjust,3.432538984783065e-05,-5.490857345754725e-05,0.00011923854708290334
146,9,1-8,adjust,-6.93131571948344e-05,-4.6255687161139815e-05,3.2819603003468696e-05
147,2,1-4,adjust,0.0005081579502663921,-8.332443271530227e-06,4.849004450416364e-05
147,3,1-4,adjust,0.0010543320619678471,-2.613180852763528e-05,7.845322706089915e-05
147,6,1-5,adjust,-0.0009566117040303132,-2.4633882247096118e-05,5.009546101338253e-05
147,7,1-4,adjust,-0.0023006775164105806,-1.145938581243593e-06,1.9178022637993373e-05
147,8,1-5,adjust,-0.0008246823170394349,2.2525110083116466e-05,3.241740609037365e-05
147,9,1-5,adjust,-0.0014223340034632726,-2.8829595466499573e-05,4.0137907714016635e-05
148,2,1-7,adjust,0.0017592156667628873,-4.898471208176411e-05,2.353159215500973e-05
148,3,1-7,adjust,0.0003608134429088055,4.877068617333702e-05,1.9298278065035794e-05
148,4,1-7,adjust,-0.005635046600546876,4.432901394219934e-05,7.764041079238152e-05
148,5,1-7,adjust,-0.0006223706925760739,1.3803082232888887e-05,6.899176855721065e-05
148,6,1-7,adjust,-0.0007098192475584443,5.75087215111171e-06,0.00012397856003486905
148,9,1-8,adjust,-0.0006175913107550257,8.717255450283835e-06,1.045536072310955e-05
149,2,1-4,adjust,-0.0018422704295858001,6.245304164523027e-05,1.1290353374027218e-05
149,3,1-5,adjust,-0.0024831307337987614,2.6693401107970304e-05,2.3319463350164086e-05
149,6,1-5,adjust,-0.0009938259479883131,3.0218706752031676e-05,1.85700662195588e-05
149,7,1-4,adjust,-0.0009312009170604648,5.035368733617772e-05,3.844264895634803e-05
149,8,1-5,adjust,-0.0014826622657026169,-9.17986768658324e-06,8.050167937073505e-05
149,9,1-5,adjust,0.0016963127703200046,-3.5178940894290767e-06,1.0616510026827078e-05
150,2,1-7,adjust,-0.0005818897625323674,3.935492366424867e-05,9.253951547918712e-05
150,3,1-7,adjust,-0.003748773458558131,-6.5571252582894365e-06,4.012382220099754e-05
150,4,1-7,adjust,0.00023953565695543583,1.4651612010611292e-05,5.650593810191072e-05
150,5,1-7,adjust,-0.0011969954269900023,2.464798671522097e-05,7.075635124959214e-05
150,6,1-7,adjust,-0.000802377101579069,3.4023097422845245e-05,0.00011646138998669811
150,9,1-8,adjust,-0.0012442652170176595,3.191269901746765e-06,6.0989178529207695e-05
151,2,1-4,adjust,-0.0009915842694024413,4.1331042451922885e-05,9.130377167813268e-06
151,3,1-4,adjust,0.0002598776575778027,-1.2443230335223238e-05,6.539748378212367e-05
151,6,1-5,adjust,0.0016725663313453952,-2.5760267700935365e-06,7.370169220645546e-05
151,7,1-4,adjust,0.0016653120726489376,-2.216864359448451e-05,2.277863012490537e-05
151,8,1-5,adjust,0.0025725313619803887,3.272538135495144e-05,3.221668249855989e-05
151,9,1-5,adjust,0.0009857000210308393,1.8372416773454855e-05,1.623764026465037e-05
152,2,1-7,adjust,-0.0005800242287790009,3.604893569523195e-05,2.876281214958819e-05
152,3,1-7,adjust,0.002262419798536743,2.6978900956957075e-05,6.412202604647727e-05
152,4,1-7,adjust,-0.001358462954824253,-1.287732939572454e-05,5.366582760512089e-05
152,5,1-7,adjust,-0.0003652380475087323,6.9639281657925526e-06,4.6830309979229795e-05
152,6,1-7,adjust,-0.0016233484577962028,-8.671114850907017e-05,2.019956473551912e-05
152,9,1-8,adjust,0.0002800293048398968,4.619240653268886e-05,4.377587599561716e-05
153,2,1-4,adjust,0.0020099929012438317,-3.76795167411846e-05,8.763411102414034e-06
153,3,1-5,adjust,0.0006212961849130945,3.0143502873045274e-05,2.6376794288248986e-05
153,6,1-5,adjust,0.001512118205281231,-2.678326904624399e-06,5.330849203560334e-05
153,7,1-4,adjust,0.0021962987401478685,-3.127528702927982e-05,2.7080590998905977e-05
153,8,1-5,adjust,-0.0004141984011974763,-1.9004570336120596e-05,3.6329112882212784e-05
153,9,1-5,adjust,-0.00019919382822174852,-3.9292086242815145e-05,6.991528096480623e-05
154,2,1-7,adjust,0.0022139585344909474,-5.753581887373455e-05,2.5813155076502504e-05
154,3,1-7,adjust,-0.0005903132609255998,2.1724553678024545e-05,2.978873426077436e-05
154,4,1-7,adjust,0.0025182727967010743,-7.771450772155965e-06,2.7782583177725623e-06
154,5,1-7,adjust,0.00046561731276743054,-3.0388601420219224e-05,6.091913291688645e-06
154,6,1-7,adjust,0.003793716193673689,6.467463062287308e-05,8.445318818717342e-06
154,9,1-8,adjust,0.000461979884475692,4.322686136141435e-05,1.3924450151204534e-05
155,2,1-4,adjust,-0.001898705420989875,3.102622106392474e-05,5.2211552867674736e-05
155,3,1-4,adjust,0.000691041138229647,-4.096119837203116e-06,6.498289942168769e-05
155,6,1-5,adjust,-0.0019397518469290364,-4.1388116470585005e-05,4.1704502806952194e-05
155,7,1-4,adjust,-0.0014755986883412985,1.6342441269595588e-05,1.8797397088320606e-05
155,8,1-5,adjust,-0.0023428564736048714,-1.2283170577116562e-05,5.517085200379148e-05
155,9,1-5,adjust,0.0010576235111919552,3.4069336773065505e-05,4.885960840393627e-05
156,2,1-7,adjust,-0.0008902563274188967,1.7609376926293902e-06,0.00010776338745422373
156,3,1-7,adjust,-0.002778843116771735,-1.8112955248378095e-05,3.344889049322229e-05
156,4,1-7,adjust,0.0006651924647444973,-3.530211544166169e-05,3.350452778867228e-05
156,5,1-7,adjust,0.0019209751318008052,1.254236524122697e-05,7.004204196540663e-05
156,6,1-7,adjust,0.0009207397004073952,2.238054644076748e-05,5.469553816115224e-05
156,9,1-8,adjust,-0.0015492466329531413,-4.439890894849265e-05,3.157695371629962e-05
157,2,1-4,adjust,0.0016266817507372736,-2.97021230041234e-05,8.505785328337787e-08
157,3,1-5,adjust,0.0009640021545837693,-2.6136304525862336e-05,2.0733256479836697e-05
157,6,1-5,adjust,-0.0012439323421591004,1.949796879431621e-05,4.0053332798485876e-05
157,7,1-4,adjust,-0.000564917853100058,-1.9190229152655002e-05,2.489926043163478e-05
157,8,1-5,adjust,0.0016761226218601033,7.276863641790991e-05,0.00011596198008486698
157,9,1-5,adjust,0.0009626944315960213,7.647056764066695e-06,3.953549033577326e-05
158,2,1-7,adjust,0.00011028143698772125,-4.0677439683869754e-05,6.19722076230258e-05
158,3,1-7,adjust,-0.001282603416680294,-2.311904525441107e-05,6.998041175661633e-06
158,4,1-7,adjust,-0.0016559896008610103,2.5361743638341162e-05,4.393282957232258e-05
158,5,1-7,adjust,0.0025867532824564586,6.812735527597426e-05,5.820406177383961e-05
158,6,1-7,adjust,0.0012462108963953158,1.807818592042258e-05,4.578616056546523e-06
158,9,1-8,adjust,-0.0006227895298727218,1.9290037585999454e-05,3.867886793472559e-05
159,2,1-4,adjust,-0.0005735840771028212,1.7829008034214375e-05,8.373196760446216e-05
159,3,1-5,adjust,0.0016238630737856806,3.123285486756736e-05,3.61246164007836e-05
159,6,1-5,adjust,0.0014367486659602369,-2.149348105327061e-05,2.4435309022805967e-06
159,7,1-5,adjust,0.004058833853442466,6.130662851178366e-05,8.43967742635013e-05
159,8,1-5,adjust,0.0022365860348211365,3.059225149514047e-05,7.248713973282623e-05
159,9,1-5,adjust,0.0003233435936625364,-1.186890917290418e-06,6.808818872133792e-05
160,2,1-7,adjust,0.00017881609735780784,4.6130863859102714e-05,5.007501984974199e-05
160,3,1-7,adjust,-0.0014546458511299576,2.375206376011615e-05,3.0158149600542303e-05
160,4,1-7,adjust,0.0015673147143400081,-1.0018329254187889e-05,6.94350559627204e-05
160,5,1-7,adjust,-0.0048769093048713396,-7.705424865349254e-05,2.3459788058852762e-06
160,6,1-7,adjust,-0.0004160567680527465,2.9797413937357224e-06,8.337044651815928e-06
160,9,1-8,adjust,0.00155863792052065,-3.340364438271991e-05,6.148006969994429e-05
161,2,1-4,adjust,-0.0010807613025280481,-3.294064052965816e-05,4.772140048858953e-05
161,3,1-4,adjust,0.0025725159375723254,-2.722220625635075e-05,5.709297884502208e-05
161,6,1-5,adjust,-0.0015835442644449936,8.289472728893983e-06,9.426998407445352e-05
161,7,1-4,adjust,0.00014616023793304143,-1.1244600839389971e-05,3.898228078089456e-05
161,8,1-5,adjust,-0.0025571846892377854,-2.2675554941734918e-05,2.7868682511862512e-05
161,9,1-5,adjust,0.0014344351623441281,2.2337853435061173e-05,6.213157233777573e-05
162,2,1-7,adjust,-0.001180964217330682,5.495508769788759e-05,6.9966046056347976e-06
162,3,1-7,adjust,0.0007144842153199863,1.0446183959795352e-05,1.2805240422688651e-05
162,4,1-7,adjust,-0.0022322835763302876,2.2115554660937545e-07,3.3245734634266655e-07
162,5,1-7,adjust,0.0024872564495115597,-6.190113747624347e-06,5.652714644609746e-05
162,6,1-7,adjust,0.0012250674445116602,5.714376370846412e-06,5.743258595633299e-05
162,9,1-8,adjust,-0.0013726237074789247,-6.7338222183670225e-06,4.3873056586454155e-05
163,2,1-4,adjust,-0.0015944350633609057,2.450723553099034e-05,2.2768534964528466e-05
163,3,1-5,adjust,-0.0006227012290991234,-3.995638190144982e-05,4.273500341346919e-05
163,6,1-5,adjust,0.0011200707403154105,-7.347323274433173e-05,2.004937244411982e-05
163,7,1-4,adjust,-0.002645588769715161,-1.5195639988340322e-05,6.199611556398608e-05
163,8,1-5,adjust,0.0011600880854944432,1.5595468946887512e-05,6.994129399072659e-06
163,9,1-5,adjust,-0.0009432838563957019,3.00408645976788e-05,1.3904737116231412e-05
164,2,1-7,adjust,0.00240592708477202,-1.5018009058525312e-05,3.28573343293183e-05
164,3,1-7,adjust,-0.0018798251551989478,3.856239728662887e-05,3.6191517210327565e-05
164,4,1-7,adjust,-0.0008756092350592728,2.807167907367017e-05,6.546441100456969e-05
164,5,1-7,adjust,-0.00014870614047223857,1.3447780580675865e-05,3.549463602552532e-05
164,6,1-7,adjust,-0.0014193249866591374,2.5424316778609646e-06,6.997707028992923e-05
164,9,1-8,adjust,-0.00038623793524147665,4.194239874759693e-05,3.76644586230806e-05
165,2,1-4,adjust,-0.0005111934311943398,-1.5955802966449562e-05,6.765802499350266e-05
165,3,1-5,adjust,0.0008135092403253763,7.161257704166912e-06,4.3781940610499205e-05
165,6,1-5,adjust,-0.0020257466861902207,2.3378232666375656e-05,7.119080669234296e-06
165,7,1-4,adjust,-0.0002958806381652204,-4.2709587496157965e-05,6.313035234942688e-06
165,8,1-5,adjust,-0.0009215797944060936,-2.5059921533053434e-05,1.0364838417175136e-05
165,9,1-5,adjust,0.0022987196305544262,-1.6088451652915066e-05,3.405822691571716e-05
166,2,1-7,adjust,-0.00025701740357054505,-1.0730684059623025e-05,5.846797102159112e-05
166,3,1-7,adjust,-0.0020230125032617346,1.648201095138867e-05,2.3248322178887815e-05
166,4,1-7,adjust,0.0035878960955386717,-4.5092852762180865e-05,3.3244839540133467e-05
166,5,1-7,adjust,0.0037600855581848072,-2.241979006220379e-05,3.9101718803948104e-06
166,6,1-7,adjust,0.0008630866509558104,-4.671353501274282e-06,4.254975103355678e-05
166,9,1-8,adjust,-0.0013843090641121932,-1.970319487827347e-05,1.8385150592525655e-06
167,2,1-4,adjust,0.0013914209167538074,-3.6612730852098785e-05,4.6820260052992606e-06
167,3,1-5,adjust,0.0014915247248879482,-3.203908318937287e-05,6.0264955367145133e-05
167,6,1-5,adjust,0.0013249714827907968,3.2804057675583563e-06,1.76288911680519e-05
167,7,1-4,adjust,-0.0007152680508595036,-1.3163013250373332e-05,3.865101142965021e-05
167,8,1-5,adjust,0.0016587589051000782,-1.5043008278927285e-05,3.485572258168754e-05
167,9,1-5,adjust,-0.0011822587238929406,-9.326430179190802e-06,9.378663218527287e-05
168,2,1-7,adjust,0.0008055485511796994,-4.5270297817883416e-06,3.46761613349342e-05
168,3,1-7,adjust,0.003882210084624489,-4.758314871892744e-05,7.729847209283556e-05
168,4,1-7,adjust,-0.00017821778705470008,-1.3605202175693238e-05,1.5816814325614385e-05
168,5,1-7,adjust,0.0020718645287656785,2.786333611170966e-05,5.130810797727894e-05
168,6,1-7,adjust,-0.0011463120017867594,2.0184100945558355e-05,3.5265727865465046e-05
168,9,1-8,adjust,0.0012343478580060963,5.7534498452816947e-05,0.00015074423700940976
169,2,1-4,adjust,-0.00040307990710697854,-2.253817843722743e-07,2.429002650992568e-05
169,3,1-4,adjust,-0.0005080856327481019,-1.2665188224436144e-05,6.17393126280791e-05
169,6,1-5,adjust,0.0029000209495067025,-1.9130265655244644e-06,0.00010698212036046697
169,7,1-5,adjust,0.0020254626546763414,7.645441750687785e-05,9.094885668806991e-05
169,8,1-5,adjust,0.0017619261815918,6.8331113896486896e-06,1.5486762291075813e-05
169,9,1-5,adjust,-0.0006501710178895093,-5.429363616274199e-05,2.612975526435237e-05
170,2,1-7,adjust,-0.002387122057183488,7.232102632965905e-05,5.097052249654289e-05
170,3,1-7,adjust,0.00043466571518342267,2.105009451598232e-05,9.67264684321812e-06
170,4,1-7,adjust,0.00029051141309250305,3.622964909221771e-05,1.83526354481786e-05
170,5,1-7,adjust,-0.0032396361850364395,-1.876713032379302e-05,7.95273443308814e-06
170,6,1-7,adjust,-0.00119939106779416,-2.4106953933226064e-05,8.322013507137064e-07
170,9,1-8,adjust,0.00080092544202025,-8.777515788200791e-06,2.5897905415233767e-05
171,2,1-4,adjust,0.0023427130891341547,-1.3436005729261117e-05,4.815560511047153e-05
171,3,1-4,adjust,-0.0018663566639927783,-8.800023799636819e-06,8.622133407441605e-05
171,6,1-5,adjust,-0.0001344599150498052,-2.566919133860701e-06,4.405028911927286e-05
171,7,1-4,adjust,0.003336187134972184,7.405591341754767e-06,5.3816333289521166e-05
171,8,1-5,adjust,-0.0002604868521748287,-1.612979172296832e-05,3.132809432086562e-05
171,9,1-5,adjust,-0.0006118622046458234,-1.0391452724719244e-05,1.505446359866131e-05
172,2,1-7,adjust,0.0008545255309230338,-2.0884683098312943e-05,2.6959711702338987e-05
172,3,1-7,adjust,0.0029414081135374,5.854780770227324e-07,3.2058295297582126e-05
172,4,1-7,adjust,-0.005047086344845788,-1.3768662336660882e-05,3.687192712797489e-05
172,5,1-7,adjust,-3.196425011899801e-05,8.182713346983346e-06,4.592474823814661e-05
172,6,1-7,adjust,0.0003607416097585028,9.893359616907592e-06,1.358025514430392e-05
172,9,1-8,adjust,0.00016465995950380963,2.524670901563213e-05,2.9139383611991564e-06
173,2,1-4,adjust,4.428276547393742e-05,-3.620552042541904e-05,4.024761634816916e-05
173,3,1-4,adjust,-0.002289222468628832,5.871963394190546e-05,8.56690533383818e-05
173,6,1-5,adjust,0.0003127588625768689,-6.8201669713849656e-06,5.668202551711595e-05
173,7,1-4,adjust,-0.0031766419508920257,-6.474312642868779e-05,9.341053636347549e-05
173,8,1-5,adjust,-0.0006038979031667626,1.068918854440285e-05,6.617563909679837e-05
173,9,1-5,adjust,-0.0008790447298692649,-3.214133335347389e-05,1.9702492541447327e-05
174,2,1-7,adjust,-0.00030529128848665504,2.5425263327813434e-05,3.505518979304246e-05
174,3,1-7,adjust,0.0007275664389198717,-3.21586237363992e-05,2.3170101383155977e-05
174,4,1-7,adjust,0.0028814721070610817,2.5603372107424462e-05,4.979469830971348e-06
174,5,1-7,adjust,0.00016644985189909518,1.661724524967738e-05,6.328800037710488e-05
174,6,1-7,adjust,0.001858696659024191,5.2175220323583624e-05,1.948446945020676e-05
174,9,1-8,adjust,0.0005462031027396586,-1.0018355703021253e-05,5.697318144299751e-05
175,2,1-4,adjust,-0.00014745289254215857,-4.2204668153132564e-05,1.708551398581207e-05
175,3,1-5,adjust,-0.0012905758436486674,1.1760192055356481e-06,6.20095475834392e-05
175,6,1-5,adjust,-0.0016653988311354007,1.7792843927648442e-05,1.398943035319464e-05
175,7,1-4,adjust,-0.0045023809727976205,9.284564563549611e-06,8.109998866208043e-05
175,8,1-5,adjust,-0.0002537291658028263,6.674513445630428e-06,0.00013819952845355688
175,9,1-5,adjust,0.0011188884409508988,3.1408263836721874e-05,6.0305305197694665e-05
176,2,1-7,adjust,-0.0003026776116854349,-2.6721721416414204e-06,0.00015474230505777456
176,3,1-7,adjust,0.0017255110233822652,-4.085194132073291e-05,1.1645629164739369e-05
176,4,1-7,adjust,0.004593847177529138,6.5559136783049345e-06,2.554888575047856e-05
176,5,1-7,adjust,-0.0007126061680533639,-4.800102756074977e-06,2.4847650826496694e-05
176,6,1-7,adjust,-0.0030572410000058014,-3.619660815032291e-06,4.386841978803243e-05
176,9,1-8,adjust,-0.0008244119372568866,-1.760676322041196e-05,5.7325571392423344e-05
177,2,1-4,adjust,0.00042538237469011924,-2.375848006096383e-05,2.8591667794129982e-05
177,3,1-5,adjust,0.00032416677452435164,3.890916801745372e-05,4.404715040592549e-05
177,6,1-5,adjust,0.0005458606411656084,-5.5106366863252746e-05,8.11539077843769e-05
177,7,1-4,adjust,0.003609414469915909,-3.6935516960802362e-06,1.0557232144735327e-05
177,8,1-5,adjust,-0.00028777360145100224,1.9600151357071094e-05,1.9768849867156028e-05
177,9,1-5,adjust,0.00029277714862206564,4.17583067799321e-05,4.832906524840504e-05
178,2,1-7,adjust,0.0013139682410462723,5.683856526762449e-07,0.00014632311236519778
178,3,1-7,adjust,-0.0014244164745943987,-5.152979681049838e-07,2.1583530701597922e-05
178,4,1-7,adjust,0.00010936787325814803,1.7800177340481932e-05,2.014468789563022e-05
178,5,1-7,adjust,0.00033512440973646525,4.223435735871705e-05,9.531730974872592e-06
178,6,1-7,adjust,0.0006486000859546485,1.9878186405340174e-05,4.7293833743655816e-05
178,9,1-8,adjust,-2.2406538179805444e-05,-4.079281451172056e-05,3.017179516005011e-05
179,2,1-4,adjust,-0.0007393387782978916,5.167367034849098e-05,6.187799304108443e-05
179,3,1-4,adjust,0.001063879069100647,3.1797069916593227e-06,7.294680879818598e-05
179,6,1-5,adjust,-0.0006618602333525984,3.6624765187020876e-05,5.454469338434822e-05
179,7,1-4,adjust,-0.0012110125742249552,7.631101718540231e-06,7.94103694838707e-05
179,8,1-5,adjust,0.002610606912982854,-2.8095197135608718e-05,5.691110210983047e-06
179,9,1-5,adjust,-0.00012285161822666883,-2.178396334988326e-05,1.8157168981428655e-05
180,2,1-7,adjust,-0.0012921438254247194,2.5761305577363757e-06,2.2869720195187752e-05
180,3,1-7,adjust,-0.003554673668774912,2.7085900194874943e-05,5.538655512285373e-05
180,4,1-7,adjust,-0.003872137255023612,-1.2667287813715278e-05,1.4457872829967921e-05
180,5,1-7,adjust,0.0011319612794163996,-5.449036436383871e-07,3.6282415685533625e-05
180,6,1-7,adjust,-0.0013362428254367867,-8.300823544858553e-05,2.3243858053349196e-05
180,9,1-8,adjust,0.0005532314852057142,4.336826100403519e-05,0.00013159617108848812
181,2,1-4,adjust,0.000550427758497706,3.209757514125472e-05,8.75338553560794e-05
181,3,1-4,adjust,0.0004204834309677883,-1.7368228007456052e-05,5.428937565174879e-05
181,6,1-5,adjust,0.002615712887828092,4.649916340047481e-05,7.171538281523998e-05
181,7,1-5,adjust,0.004157999949487086,-1.5072209150906705e-05,6.915996633717005e-05
181,8,1-5,adjust,-0.0027891931027702634,3.154149501286766e-05,1.4185497030506056e-06
181,9,1-5,adjust,-0.0003486960830441814,1.9708107205904004e-06,8.650335658967745e-05
182,2,1-7,adjust,0.0007182758372458898,-4.366233339617911e-05,7.153518306295656e-05
182,3,1-7,adjust,-0.0011941986505818428,8.335019180639332e-06,6.370890521092515e-05
182,4,1-7,adjust,0.002606348214373936,9.799675185557636e-07,1.9249864487644716e-05
182,5,1-7,adjust,0.0006843665373592639,-5.055474044341717e-05,3.7719582632965456e-05
182,6,1-7,adjust,0.003361861361055956,2.3191334112482427e-05,2.483061608382556e-05
182,9,1-8,adjust,0.00022406178265850507,1.8551781531264247e-05,0.00012133554755362553
183,2,1-4,adjust,-0.0003624106118980133,2.1794314831915327e-05,5.3912452675644326e-05
183,3,1-5,adjust,0.0006367189537711014,2.5920204497373526e-05,4.1377235494723094e-05
183,6,1-5,adjust,-0.001972221698064537,-2.7331629565133332e-05,2.0940721846657286e-05
183,7,1-4,adjust,-0.0012843165744919113,1.7084508774841218e-05,2.134114400704335e-05
183,8,1-5,adjust,-0.00024760940434888075,3.0063749964273835e-07,9.020324956475343e-07
183,9,1-5,adjust,-0.0015752413300200597,9.99286716248171e-07,6.78005640313026e-05
184,2,1-7,adjust,-6.939462054218661e-05,4.006603766166944e-05,2.685254775884194e-05
184,3,1-7,adjust,-0.0006762362474140805,-1.4651794157843973e-05,2.1897939326131523e-05
184,4,1-7,adjust,-0.0006378559918470366,-1.2877067949259225e-05,1.5627948416122714e-05
184,5,1-7,adjust,-0.0025819228150717644,-3.3038292551301914e-05,2.4894453575943778e-05
184,6,1-7,adjust,0.0008994509308552658,-6.082771630541384e-06,6.92110293260628e-05
184,9,1-8,adjust,0.0003578778352329732,-5.211845081975348e-05,1.6985144948588577e-05
185,2,1-4,adjust,-0.00019315634706618267,-3.2452297070330826e-05,5.67652578553534e-06
185,3,1-5,adjust,0.000654136892523052,-2.412293620176784e-05,1.708100516337746e-05
185,6,1-5,adjust,-0.0023734745093463823,-1.4537134551257361e-05,2.2954610507911326e-05
185,7,1-4,adjust,-0.001977642309090263,-4.546451827293116e-05,3.005311140808531e-05
185,8,1-5,adjust,-0.0012803595338311442,-4.1021009663529016e-05,2.459034545048604e-05
185,9,1-5,adjust,-0.0022526471563508997,-5.4386231366636134e-05,6.442586840331636e-05
186,2,1-7,adjust,-0.0015316285308525372,3.314122483593522e-05,4.065567201186955e-05
186,3,1-7,adjust,0.00047684249885716624,-1.3364115468373696e-05,2.335832633133396e-05
186,4,1-7,adjust,0.0007803558670681736,-3.4115073034373593e-06,1.7753209904556245e-05
186,5,1-7,adjust,0.002325602698365465,-2.535849503669335e-06,2.0246028778356846e-06
186,6,1-7,adjust,0.001019540521841182,2.9519940083710006e-06,3.67736737691847e-05
186,9,1-8,adjust,0.00012227458903279041,2.026388883872004e-05,8.502312772457482e-05
187,2,1-4,adjust,0.0005582596196364636,-6.052717452271412e-05,3.469386913855055e-05
187,3,1-4,adjust,0.0013732163561235443,-2.4329639299058333e-06,8.769751906814881e-05
187,6,1-5,adjust,0.0014860596374845919,1.2700030476212381e-05,1.9707170008719084e-05
187,7,1-4,adjust,0.0002714307415324745,2.545417710693076e-05,1.126606250937282e-05
187,8,1-5,adjust,-0.0001852279692576924,-1.4301876707870849e-05,2.440084394447416e-05
187,9,1-5,adjust,0.0005275060903389608,-7.139047483850357e-06,4.1774616837692913e-05
188,2,1-7,adjust,-0.0005216611790276865,-1.076843075781499e-05,9.758118703509308e-06
188,3,1-7,adjust,0.0011724054759593547,1.0030078923118656e-05,4.041279126639243e-05
188,4,1-7,adjust,-0.0009933646810160641,-9.260504603404386e-06,2.768738397453366e-05
188,5,1-7,adjust,0.0010933473416743292,1.0735995890465608e-06,1.255643791966012e-05
188,6,1-7,adjust,-0.0020375501461572043,-3.705239448231958e-05,1.6581085983771965e-05
188,9,1-8,adjust,-6.595929428638898e-05,4.555937112355541e-05,4.253426101209977e-05
189,2,1-4,adjust,0.0010561175180003638,4.5034570803487255e-06,3.692821801256211e-05
189,3,1-4,adjust,8.890992415197557e-05,-4.589031285022962e-05,9.510227537434287e-05
189,6,1-5,adjust,0.0007585575455226554,1.125040289325323e-05,2.7555362162469843e-05
189,7,1-4,adjust,0.0023309648694700884,3.213130495777481e-05,2.8279440220492287e-05
189,8,1-5,adjust,0.0008009353211625803,-4.384692581925706e-05,2.491472571933678e-05
189,9,1-5,adjust,-0.00042830354302679535,-3.359961114402437e-05,2.9058460369831753e-05
190,2,1-7,adjust,0.001212700273258167,-2.178521005435063e-05,5.100971826334374e-05
190,3,1-7,adjust,-0.0007277536462978444,2.6708698592735457e-05,4.4599469088856074e-05
190,4,1-7,adjust,2.636369153506058e-05,4.6045885009161466e-05,7.13148718263008e-05
190,5,1-7,adjust,-0.002339236178014206,-1.575999411508534e-05,3.2118783674749646e-05
190,6,1-7,adjust,0.0012836390721667806,3.4480728802373535e-05,7.4273548808368e-05
190,9,1-8,adjust,-0.0008742517142369427,1.4197169922200142e-06,0.0001417910245786991
191,2,1-4,adjust,-0.0007806240363070396,5.617563033008552e-05,1.3911633796587117e-05
191,3,1-5,adjust,0.0006436550965650387,-2.5877143480723084e-06,6.816114146502687e-05
191,6,1-5,adjust,-0.002163444277342688,-2.2027639870872902e-05,2.9790437124596967e-05
191,7,1-5,adjust,-0.0028957984650778697,-4.652110822983792e-05,0.00014864732374212888
191,8,1-5,adjust,-0.002115214704942494,5.028428278352565e-05,7.822969514371413e-05
191,9,1-5,adjust,-0.001072119102665333,-3.282390158376651e-05,9.841055476757194e-06
192,2,1-7,adjust,-0.00018277987249100936,6.718147691438121e-06,2.1641075924778117e-05
192,3,1-7,adjust,0.0023918130598020878,-3.818057268705226e-06,3.4723024503532374e-05
192,4,1-7,adjust,-0.0007249243398760892,-2.2348042294586934e-05,3.155027937639646e-05
192,5,1-7,adjust,0.005567629248261247,5.327098221891521e-05,4.171025527874299e-05
192,6,1-7,adjust,0.0015885139469412795,7.352089445839938e-05,5.832405560650259e-05
192,9,1-8,adjust,0.0008471913108329389,-1.7669813486111474e-05,4.783778941495906e-06
193,2,1-4,adjust,0.0009195532408332928,-4.727178927807307e-05,4.4797007137973025e-05
193,3,1-5,adjust,-0.0019556008139533037,-1.6221274062312662e-05,6.213474939898922e-05
193,6,1-5,adjust,0.002119152179880445,3.848587804128537e-07,1.8183349046159775e-05
193,7,1-4,adjust,0.0006276882984279541,3.3265519399569735e-05,8.358646664276429e-05
193,8,1-5,adjust,0.00219767053200752,5.14569058568488e-05,1.9157110397530215e-05
193,9,1-5,adjust,0.0016044208773952496,1.8304620702887397e-05,1.768980564844774e-05
194,2,1-7,adjust,-0.0008190023974627371,1.9427940647972565e-05,9.705116280107423e-05
194,3,1-7,adjust,-0.0035487842940693324,2.2999277234311616e-05,1.5644908151775397e-05
194,4,1-7,adjust,-0.00021045011029761918,1.1417288641838019e-05,4.548176380503894e-05
194,5,1-7,adjust,-0.0017189948791381292,8.63880620844624e-06,1.4873481226652714e-05
194,6,1-7,adjust,-0.0022602732908299492,-8.096575104705495e-06,5.984034706492191e-05
194,9,1-8,adjust,0.0010940305290320226,4.10650005753856e-05,1.6103505916146074e-06
195,2,1-4,adjust,-0.0005109863186960159,1.4800905164646464e-05,2.2300552931683824e-05
195,3,1-5,adjust,0.001211174755784018,7.0494589803755124e-06,1.2730177447806898e-05
195,6,1-5,adjust,0.0007027336506550565,2.5602626503975516e-05,1.9488361015592567e-05
195,7,1-5,adjust,0.0020507842702746693,-9.887018947600743e-08,7.795022897464977e-05
195,8,1-5,adjust,0.0029028246446001545,1.4631674527069826e-05,1.4644247533783803e-05
195,9,1-5,adjust,0.0005088638788292345,2.145409215811123e-05,1.5486919045753932e-05
196,2,1-7,adjust,0.0012294663234546166,7.521403508324376e-06,0.00010923785867348396
196,3,1-7,adjust,-0.0001403686104159302,1.9492175464796013e-06,7.913739389430316e-05
196,4,1-7,adjust,0.003187020767918467,5.0787281128027657e-05,1.2926752364252472e-05
196,5,1-7,adjust,0.0024089329492399014,1.478778135014122e-05,3.0468774624878812e-05
196,6,1-7,adjust,0.0009318377531351387,-3.31924538759267e-05,3.0141895213484046e-05
196,9,1-8,adjust,0.0012321757565577666,-2.518248318286337e-06,6.105442845498212e-05
197,2,1-4,adjust,-0.0019741031300827576,3.850355291606998e-05,9.409203207581815e-05
197,3,1-5,adjust,0.0017821870222965042,1.4905501266449534e-05,5.9460376285550174e-05
197,6,1-5,adjust,0.0033060295375780114,-2.157447322298414e-06,3.2806767090045256e-06
197,7,1-4,adjust,0.0007526738108185148,4.8614868595618004e-05,1.0585699409553181e-05
197,8,1-5,adjust,-0.001400186103422906,-3.585878235279049e-05,4.813018394233963e-05
197,9,1-5,adjust,-0.000545152702682981,2.913158787855849e-05,1.6267373139234563e-05
198,2,1-7,adjust,-0.0003868493896768865,-3.718115038124926e-06,2.1868950173439052e-05
198,3,1-7,adjust,0.00025014891308034284,-1.6639116502503294e-05,7.451598410210277e-06
198,4,1-7,adjust,-0.0023494261096122042,-4.231766700196713e-05,6.184511639310089e-05
198,5,1-7,adjust,-0.005455519596302595,-2.7398631430945126e-05,2.407132738690677e-05
198,6,1-7,adjust,-0.001324107980081685,4.306831464635354e-06,2.3367012325152233e-06
198,9,1-8,adjust,0.0008162212199228496,-2.8066066937926063e-05,3.612258313839975e-05
199,2,1-4,adjust,-0.00018946302270335052,2.3264874921238464e-06,2.8161627060718814e-05
199,3,1-5,adjust,-0.0008029455327167455,2.5053533345554653e-05,2.3405171054809945e-05
199,6,1-5,adjust,-0.0019366573014838247,-2.7205484415543744e-05,8.944334728188184e-05
199,7,1-4,adjust,-0.00041606731748948815,-3.94018538871897e-06,5.618262177650535e-05
199,8,1-5,adjust,-0.0012302830988557031,-1.76397203991141e-05,1.034070296697399e-06
199,9,1-5,adjust,-0.0016178217828837357,-5.5051387245457365e-05,0.00016812206423864916
200,2,1-7,adjust,0.0016029696306329956,-3.37677839368433e-05,7.031804214673575e-07
200,3,1-7,adjust,0.0003409032943826762,1.0768491360343236e-05,2.157333790408862e-05
200,4,1-7,adjust,-0.005805878892625791,2.416056456320624e-06,6.0875825193513634e-05
200,5,1-7,adjust,0.0016091961356442673,-5.0267846017439866e-06,7.940932132363836e-06
200,6,1-7,adjust,-0.0026532281402800494,-1.217868057928143e-05,7.823627950001177e-05
200,9,1-8,adjust,-0.00011130481018847374,4.484393974916645e-05,1.59375677811155e-05
201,2,1-4,adjust,-0.001276352887760129,4.4408791037196655e-05,1.4007214071852416e-05
201,3,1-4,adjust,-0.002506743960992818,3.331510907532964e-05,0.0001597711556653937
201,6,1-5,adjust,0.0015254379294463844,-1.7780332654944493e-05,4.112746068344648e-05
201,7,1-4,adjust,-0.0013730179648051785,-4.022516625911143e-05,6.589327740107756e-05
201,8,1-5,adjust,-0.0012479649120043406,-1.6372919834709193e-05,4.429343973088161e-05
201,9,1-5,adjust,0.00025784601901094706,-2.248905763525137e-05,6.462959491787448e-05
202,2,1-7,adjust,0.00037125322846179423,-2.0642806170344307e-05,4.761923720859694e-05
202,3,1-7,adjust,0.001403098516450716,-2.981736817474737e-05,3.480527542103424e-05
202,4,1-7,adjust,-0.000612078971955865,-4.8362894196760916e-05,2.6362293144760835e-05
202,5,1-7,adjust,0.0008222295939852792,2.5837250166966664e-05,8.161124853508916e-05
202,6,1-7,adjust,-0.00027279860456875545,2.6005511620822704e-06,4.001104814287774e-05
202,9,1-8,adjust,-0.0009402328140101726,-1.9645898479749706e-05,2.8080133312947604e-05
203,2,1-4,adjust,-0.00011581811320507598,3.0403055234871893e-05,2.4316334377449082e-05
203,3,1-5,adjust,-0.00035723497514619963,2.174570757357617e-05,6.926680200625851e-05
203,6,1-5,adjust,0.0027974673045270703,-2.1260464288647814e-05,0.00011194580820005061
203,7,1-4,adjust,0.0007814174167020656,3.462316625752498e-05,3.6391145512353006e-05
203,8,1-5,adjust,0.0036232654136934433,2.5949178918691804e-05,2.0303987351228133e-05
203,9,1-5,adjust,0.0007614573881146383,-1.8357634697693095e-05,2.6609768830970028e-05
204,2,1-7,adjust,-0.0011283166439353916,-1.2834597560788266e-06,1.1519654099580612e-05
204,3,1-7,adjust,-0.0012085607820255095,2.648113023706713e-05,3.473275190715069e-06
204,4,1-7,adjust,0.0010410711672723563,2.8662780136658396e-05,3.736580910776842e-05
204,5,1-7,adjust,-0.001495949822708826,7.276667216135396e-06,5.8772375218034e-06
204,6,1-7,adjust,-0.0016342637928903868,-9.005309179803104e-06,8.09877137835208e-05
204,9,1-8,adjust,6.392616989039133e-05,8.226069530502977e-05,5.9095583658662534e-05
205,2,1-4,adjust,0.00014545556112737662,-1.0505701284520557e-05,7.120419057161105e-06
205,3,1-4,adjust,-0.00043573742879506007,1.2053393076356925e-05,5.9529667599252266e-05
205,6,1-5,adjust,-0.0007016781594109543,6.928833674829297e-05,5.086302418063413e-05
205,7,1-5,adjust,0.0008878388305188986,-1.9516604076947044e-05,7.217407744427292e-05
205,8,1-5,adjust,-0.0020431325055978106,5.73395935821785e-06,4.94541503390875e-05
205,9,1-5,adjust,0.0011545444553078175,3.872623829857231e-05,1.8915504716626343e-05
206,2,1-7,adjust,0.00017430701240420644,-2.267242280563587e-05,7.024620834542039e-05
206,3,1-7,adjust,-0.00018871725386572133,-5.836672861115313e-05,7.500163554703037e-06
206,4,1-7,adjust,0.0028983219713897266,-3.462700332722809e-05,2.4549826702823875e-05
206,5,1-7,adjust,0.0006986165151435703,-9.481257305513336e-06,5.986801760312828e-05
206,6,1-7,adjust,-0.0005170010379028607,-1.6227225257706445e-05,1.0004847514905111e-05
206,9,1-8,adjust,0.00017665931057258378,-4.258689504173321e-05,2.1475879078690846e-05
207,2,1-4,adjust,0.0008242998804979338,3.1492439594145364e-07,4.4777168644267085e-05
207,3,1-5,adjust,0.0018992352099403704,-8.973498811000507e-06,4.0427843790762736e-05
207,6,1-5,adjust,0.0008684921881827174,-3.939822182550252e-05,0.00012608513252454622
207,7,1-5,adjust,0.0031501509455915374,9.967303016446246e-06,0.00013713011097415164
207,8,1-5,adjust,0.001180572156758089,-1.681060169443326e-05,4.402943227933265e-05
207,9,1-5,adjust,-0.00013097908561818564,-1.4627292498234191e-05,6.560721122968992e-05
208,2,1-7,adjust,-0.0001141645130641496,-1.705874520997486e-05,1.2791648036945049e-05
208,3,1-7,adjust,0.0018774080454184126,-4.533904879946512e-06,7.4667458391990315e-06
208,4,1-7,adjust,0.00019807928591008663,4.974409655107483e-05,3.1899776671591363e-06
208,5,1-7,adjust,-0.0014068498641784106,-4.872828386628562e-05,8.24848530377525e-05
208,6,1-7,adjust,0.0011470047545898106,5.100853461779666e-05,3.467165260243015e-05
208,9,1-8,adjust,0.0001993723879968052,3.299341175694769e-05,4.12256984912855e-05
209,2,1-4,adjust,-0.0004040600733412782,-2.1847499425588767e-06,7.944908877618884e-05
209,3,1-4,adjust,-0.00119339418247945,1.1649331248411187e-05,5.610443081669337e-05
209,6,1-5,adjust,-0.0024519323325328576,1.5055946262102182e-05,2.744034658191834e-06
209,7,1-4,adjust,-0.004439979642274561,-1.4980267402160228e-05,3.6137848316162674e-05
209,8,1-5,adjust,-0.001630167581536514,-2.7438180064138232e-05,3.555711578312566e-05
209,9,1-5,adjust,-0.0009116636067488219,5.880070770296052e-06,3.656534616451623e-05
210,2,1-7,adjust,-0.0015188013719085092,2.8741643546438075e-05,4.790857045115538e-05
210,3,1-7,adjust,-0.0012481441610023248,2.1033937758153954e-06,5.4657420719923135e-05
210,4,1-7,adjust,-0.0005702260819773395,-7.187564770070021e-05,2.0543055528148946e-05
210,5,1-7,adjust,-0.0019365973203867896,-3.0294167511509002e-05,2.697919250460186e-05
210,6,1-7,adjust,0.0004347924566106314,-2.1409633708694103e-05,2.2257760864039833e-05
210,9,1-8,adjust,-0.0009488560586863463,5.301353862633579e-06,1.933526712467643e-05
211,2,1-4,adjust,0.0016931155789874641,-2.8108914193978198e-05,3.4443568522773023e-05
211,3,1-5,adjust,0.0006357086878898534,-1.7481413295590233e-05,2.2125070732127348e-05
211,6,1-5,adjust,-0.003066859781845514,6.231006106606854e-06,4.1967988240041354e-05
211,7,1-4,adjust,-0.0033593588816121745,-4.0878928903127924e-05,2.010652744681182e-05
211,8,1-5,adjust,-0.000635519971102918,4.228863070782937e-06,5.572325546660546e-05
211,9,1-5,adjust,-0.0012957802820444347,-7.921573850682199e-06,2.729999615720929e-05
212,2,1-7,adjust,0.0015874068701100673,-2.694705377859465e-05,4.4525088634646035e-05
212,3,1-7,adjust,0.0019104330498035896,-4.039148069137596e-05,3.5525784235949085e-05
212,4,1-7,adjust,0.0010558991248147697,2.9604145323358524e-05,5.288085980705979e-05
212,5,1-7,adjust,0.00040667109252521025,1.6051704639620075e-06,6.500311196820448e-06
212,6,1-7,adjust,-0.00046483492309793925,-1.3937008676283991e-05,3.9519794527230465e-05
212,9,1-8,adjust,0.0006476234626691721,-4.0243395069019065e-05,5.661933557156947e-05
213,2,1-4,adjust,0.0008947916569855388,-6.626892881876829e-05,4.5754176198817245e-05
213,3,1-5,adjust,-0.00204362938847495,1.1904820048950022e-05,5.442062266952001e-05
213,6,1-5,adjust,-0.00015171949803484533,1.0042960307689184e-05,6.336666613133914e-06
213,7,1-4,adjust,-0.0015312090408144924,3.4202844175621464e-05,2.104698433120695e-05
213,8,1-5,adjust,-0.0030621465075484737,-1.751333385106703e-05,5.72363129050636e-05
213,9,1-5,adjust,-0.0008561684219555857,-3.401121447465458e-05,5.569910330033005e-05
214,2,1-7,adjust,-0.000319403642859842,1.7783304174528104e-05,2.0648072191981037e-05
214,3,1-7,adjust,-0.0004734145027857283,1.3246055345335614e-05,2.3971846505013927e-05
214,4,1-7,adjust,-0.0036466837506775366,2.8128625897932935e-05,1.201145614093303e-05
214,5,1-7,adjust,0.00035440198599964484,6.988107227846262e-05,2.90924711509531e-05
214,6,1-7,adjust,-0.0022656861302203617,-5.0947060459092755e-05,1.6615520379070776e-05
214,9,1-8,adjust,-0.0005297830994562976,-4.6259305290217487e-07,1.8910845559564912e-05
215,2,1-4,adjust,-0.0017999483819855161,6.976812411362308e-05,4.570510782537345e-05
215,3,1-5,adjust,-0.00044542975970119156,-1.5818027384485633e-05,5.720638458390113e-05
215,6,1-5,adjust,0.002039315468610104,9.119029562930133e-06,4.564078060289333e-05
215,7,1-4,adjust,0.0004803444118643792,-1.6485310449595615e-05,1.540834983852453e-05
215,8,1-5,adjust,0.0022457159437940227,2.7939277689815073e-05,3.045117718270306e-05
215,9,1-5,adjust,0.0007206882613262945,1.802874855765503e-06,5.793537058938149e-05
216,2,1-7,adjust,-0.00030383040195300825,-1.341567101151458e-05,2.6425240048712152e-05
216,3,1-7,adjust,0.0023152779233908643,1.7825315371056462e-05,5.2508702457941735e-05
216,4,1-7,adjust,-0.000750456671625139,-1.2747205254731885e-06,5.358623236523884e-05
216,5,1-7,adjust,-0.002139706015229668,1.524045382806995e-05,8.248981581773826e-06
216,6,1-7,adjust,-0.0007773027113141375,2.3146217545747684e-05,2.290528253107559e-05
216,9,1-8,adjust,-0.000452136454696652,1.4879523010116414e-05,5.791164996362357e-06
217,2,1-4,adjust,-0.00045504287109874003,2.1418858727781677e-05,3.8071354848319547e-05
217,3,1-5,adjust,-0.0026056753146769646,1.98098683917329e-05,1.0885330244885774e-05
217,6,1-5,adjust,0.00046376018148350814,8.500047153890125e-06,6.778477925788465e-08
217,7,1-4,adjust,0.001613228851811683,-1.3149088215033847e-05,5.4345519409932066e-05
217,8,1-5,adjust,0.003279715798044093,1.4720592937295215e-05,2.7942736937203644e-05
217,9,1-5,adjust,0.002876973162125176,5.4554024055896536e-05,1.9227991038818946e-05
218,2,1-7,adjust,0.0020453575721746543,-8.65514949665195e-06,1.2926045179981841e-05
218,3,1-7,adjust,-0.0011909663695748342,-1.2361161253236486e-06,9.89376228746722e-06
218,4,1-7,adjust,0.0013574174953200392,-8.889621655496436e-06,3.366037396493063e-06
218,5,1-7,adjust,0.0016729043740510768,-2.6725836833738714e-05,4.495060854704051e-05
218,6,1-7,adjust,0.0005567803556832371,-1.4583669564778417e-05,1.993326772234102e-05
218,9,1-8,adjust,0.0006248424083101242,-1.45623459235428e-05,3.9206020962582294e-05
219,2,1-4,adjust,-0.000214168447904157,9.91113179335696e-06,7.839268343787899e-06
219,3,1-4,adjust,0.0001684697012791513,9.137151442611141e-06,7.674525260413994e-05
219,6,1-5,adjust,0.0009274368647278608,1.6740536577185752e-06,2.3783578194956796e-05
219,7,1-4,adjust,0.00391220766358188,1.8174484683714275e-05,7.890593332657789e-05
219,8,1-5,adjust,-0.002337350413562327,-1.0650884045317699e-05,2.3703857934841516e-05
219,9,1-5,adjust,-0.0021191951777217734,-1.20757301384932e-05,9.016123167451562e-06
220,2,1-7,adjust,-0.0008853248453414084,1.0029878474717577e-05,7.542279405964261e-05
220,3,1-7,adjust,1.5141749379103917e-05,-1.1748707994710195e-05,6.011987800932087e-05
220,4,1-7,adjust,0.004444637212443772,-2.2030561438566923e-05,4.695080028973846e-05
220,5,1-7,adjust,-0.00022517600144170505,-3.1454331842502195e-05,4.4188522166162385e-05
220,6,1-7,adjust,0.0023869906110733424,3.546139278672316e-05,1.9256618455196455e-05
220,9,1-8,adjust,0.0002201531477771588,-2.5753964428347867e-05,3.2203146747672956e-05
221,2,1-4,adjust,-0.00037446674022733966,-3.711104099496059e-05,3.967804306936215e-05
221,3,1-5,adjust,0.0022560506061365527,-1.405784946726074e-05,2.3555926622458452e-05
221,6,1-5,adjust,-0.0011436289948427458,-8.618542330129255e-06,1.2838107514124519e-05
221,7,1-4,adjust,-0.00010518209243084832,1.5135197223449406e-05,2.617781339329213e-05
221,8,1-5,adjust,0.00013720745804832632,-1.113096107342957e-05,3.630022013771931e-05
221,9,1-5,adjust,-0.0014867660776257227,-2.091007247436446e-05,2.371461298394936e-05
222,2,1-7,adjust,-0.0003384734013901314,-4.281576453825788e-06,6.962885761032673e-06
222,3,1-7,adjust,-0.0005247312704611063,5.662962200276224e-06,3.075287690413656e-05
222,4,1-7,adjust,0.000691203095750188,-2.134089260403123e-05,5.737817353882228e-06
222,5,1-7,adjust,-0.000823796063876711,-7.96092859101172e-07,5.382616332766731e-05
222,6,1-7,adjust,0.0014578611519743547,3.592881941907932e-06,2.4663477552446207e-05
222,9,1-8,adjust,0.000728950442010759,4.473764209376915e-07,3.5111336148827825e-05
223,2,1-4,adjust,0.001533270170240699,2.0764195533885173e-06,1.091154213990545e-05
223,3,1-4,adjust,0.002527680982609867,-4.741303870713604e-06,4.949494193356961e-05
223,6,1-5,adjust,-0.0007827836501584336,-7.929763768835012e-06,5.042135888577951e-05
223,7,1-4,adjust,-0.0009216255378124764,-1.848435775456286e-05,4.261831155086531e-05
223,8,1-5,adjust,0.0009511589314128366,6.689421464738346e-06,7.490393827783299e-05
223,9,1-5,adjust,-0.0013252306486836373,-1.290347437134613e-05,5.0526202696707126e-05
224,2,1-7,adjust,-0.0005060720525948181,5.048866703079664e-05,4.451379127700169e-05
224,3,1-7,adjust,-0.0032919344333228445,2.453057254044654e-05,1.1542949327821495e-05
224,4,1-7,adjust,0.0005213544644950385,4.0816192501150315e-06,3.706930353691869e-05
224,5,1-7,adjust,2.1854641845917074e-05,-1.777571059020044e-05,0.00011075644092091143
224,6,1-7,adjust,-0.0007266251368936333,-1.9143258982682647e-05,3.979349286312492e-05
224,9,1-8,adjust,0.0015509310312195733,4.492673256598751e-05,8.451976508273886e-05
225,2,1-4,adjust,-0.0003119284229107888,-5.401928970639678e-05,2.709318092976292e-05
225,3,1-5,adjust,0.002235432819993205,-3.6668403767098364e-05,4.00728086552733e-05
225,6,1-5,adjust,-0.0018493136430345098,-1.0720435195536508e-05,1.9543809965340514e-05
225,7,1-4,adjust,-0.0003577802234854788,-3.819717478744809e-06,7.885934465537469e-05
225,8,1-5,adjust,-0.0023594715115780223,3.544412640979634e-06,2.5982351859662588e-05
225,9,1-5,adjust,0.00036590019147565847,2.1682135364884622e-05,5.4462424783970546e-05
226,2,1-7,adjust,0.00017464804703701137,1.1144549316018303e-05,6.500292757178705e-06
226,3,1-7,adjust,-0.0003686445835481578,2.0414013251364386e-05,1.5917069447377648e-05
226,4,1-7,adjust,-8.644500055248539e-05,2.7111806518456344e-05,9.433904464122246e-06
226,5,1-7,adjust,-0.0005073045760133066,-2.6650581048572314e-06,9.177197842397403e-05
226,6,1-7,adjust,0.0004950111119894631,-6.749590012301762e-05,9.591646532399516e-05
226,9,1-8,adjust,-0.00014068938901548898,-2.401583266253551e-05,2.2768621214661047e-05
227,2,1-4,adjust,0.0005961535356249635,-4.480494732760505e-06,1.4853775671235259e-05
227,3,1-5,adjust,0.0005297856491672738,-2.581378294957614e-05,2.9042765578664415e-05
227,6,1-5,adjust,-0.0011254439526757925,7.043702734676589e-05,5.6708970239722616e-05
227,7,1-4,adjust,-0.0018740496281019051,9.826564296548447e-07,7.945087354846285e-05
227,8,1-5,adjust,0.00020551734939320052,-4.5879338960085666e-05,1.0493744084871347e-05
227,9,1-5,adjust,-0.0007125404599741859,-3.098218626267339e-05,1.7789278497965197e-05
228,2,1-7,adjust,0.00036320378124978024,-2.695004712761633e-05,0.00011799726702157267
228,3,1-7,adjust,0.00019526696818779056,-2.4123430762434728e-05,1.5904590339280046e-05
228,4,1-7,adjust,-0.0038433859417725097,-1.8746219585410578e-05,5.496223255380029e-05
228,5,1-7,adjust,0.002560317035029013,5.1941374697914e-05,7.233057481783944e-05
228,6,1-7,adjust,0.00024477286529699625,-1.0868588275614543e-05,3.6492547482316036e-05
228,9,1-8,adjust,-0.0005639578241047036,1.3117771734942908e-05,3.243246191208012e-05
229,2,1-4,adjust,2.6895159115060065e-05,3.5760294292212552e-06,3.277675540438005e-05
229,3,1-5,adjust,-0.0021909321284850148,2.0887402607655736e-05,6.535606142086648e-05
229,6,1-5,adjust,0.0023945798620264936,-1.2333515378320467e-05,1.0457384792834379e-05
229,7,1-5,adjust,0.0021085412115857366,1.180141889723329e-05,7.832712544915554e-05
229,8,1-5,adjust,0.00032683744360835124,2.7207916754265026e-05,5.952224883420671e-06
229,9,1-5,adjust,0.00231560075102556,4.482038212430921e-05,9.414534343598252e-05
230,2,1-7,adjust,0.0009890180778062726,8.850466836069503e-06,1.1320425816243334e-05
230,3,1-7,adjust,5.499161342562887e-05,2.6918197897508722e-05,4.155255877931312e-05
230,4,1-7,adjust,0.002010229836095658,1.567744601005021e-06,8.447272294366693e-06
230,5,1-7,adjust,0.001666132859272955,-1.557576573477044e-05,2.909382203746433e-05
230,6,1-7,adjust,0.00040155040081344556,1.1348768989424029e-05,2.892722483456751e-05
230,9,1-8,adjust,-0.00044507392184876235,-7.298721167103528e-05,2.7087343336490443e-05
231,2,1-4,adjust,-0.00036079480500617137,-3.5964128686393874e-05,3.7330603328343e-05
231,3,1-5,adjust,0.001018369059939067,-4.36973256486242e-06,4.1137287956628685e-05
231,6,1-5,adjust,0.001726466765739221,-3.572518037547236e-06,6.955165860681035e-05
231,7,1-4,adjust,-0.0028000531090519197,-6.711894692237492e-06,9.5685572717369e-05
231,8,1-5,adjust,0.0011331544765778227,8.538868438084552e-06,6.8854029453381484e-06
231,9,1-5,adjust,0.0002384017960998436,6.867711717542292e-05,4.609844554947442e-05
232,2,1-7,adjust,-0.001104013004042973,5.3043911117354754e-05,5.046237198327275e-05
232,3,1-7,adjust,0.00197215180625975,-1.1861957047692497e-05,2.831593998237352e-05
232,4,1-7,adjust,0.0026162898924668903,6.327304234747518e-05,3.650585314581399e-06
232,5,1-7,adjust,-0.004425824334000193,-3.474888927764637e-05,4.896778652704011e-05
232,6,1-7,adjust,-0.0011155735662979984,2.596781721084125e-05,2.297686191455634e-05
232,9,1-8,adjust,-0.0005732155508856272,1.2077155137685214e-05,5.511571643286266e-05
233,2,1-4,adjust,-0.0002568209353599054,-1.098718153177096e-06,1.685154567655041e-05
233,3,1-5,adjust,0.0003436033069880698,1.3530646976705609e-05,1.6639388424740852e-05
233,6,1-5,adjust,-0.00400472635129435,-1.7059676393724857e-05,0.0001876859400627944
233,7,1-5,adjust,0.0002876127732119418,-2.7018271122567987e-05,9.352722457043115e-05
233,8,1-5,adjust,-0.0012248008357326145,1.8014284050336594e-05,1.5030028094891099e-05
233,9,1-5,adjust,-0.0002817246743715492,-7.525402842178254e-06,8.496308832373192e-05
234,2,1-7,adjust,0.000298520435860036,-1.4619896612948936e-05,3.5281543086192814e-05
234,3,1-7,adjust,-0.00038530090242412895,-1.6181210433171059e-06,6.2508767384816744e-06
234,4,1-7,adjust,-0.001983689441185636,-6.828300031315546e-05,4.37427781757727e-05
234,5,1-7,adjust,0.00574491932125364,4.8622370197800755e-05,3.0253620958287637e-05
234,6,1-7,adjust,0.0014104650512690936,-1.1098591058070613e-05,5.482198394408443e-05
234,9,1-8,adjust,0.00019878915887611528,-4.40210241863438e-05,4.209632823989966e-05
235,2,1-4,adjust,-0.0008314384569442148,2.540860347327355e-06,2.258132519410311e-05
235,3,1-4,adjust,-0.00032563778973556035,-4.007747205188928e-05,5.6985929230886963e-05
235,6,1-5,adjust,0.0029792235278290396,1.627928437343477e-05,0.00010437688781257006
235,7,1-4,adjust,-0.0007603813108515313,-3.7123365751798406e-06,8.947920447150342e-05
235,8,1-5,adjust,-4.5672571273454966e-05,7.148406045480804e-06,2.7851634704390592e-05
235,9,1-5,adjust,8.594926356064844e-05,1.621823979100776e-05,5.6772173007688665e-05
236,2,1-7,adjust,-0.0004728458753501464,3.94224128397521e-06,3.1310542721174857e-06
236,3,1-7,adjust,0.0011599531457993383,-1.4690077589606069e-05,0.00011315687954088276
236,4,1-7,adjust,-0.0008359191919513535,-1.36574299288662e-06,5.192640501795066e-05
236,5,1-7,adjust,-0.0034929308146822626,-2.107535323036176e-05,3.930613670850681e-05
236,6,1-7,adjust,-0.0013673662176235826,-2.4511056262332974e-06,3.024319086851288e-05
236,9,1-8,adjust,-0.0003722724526261342,-1.5241244075912153e-05,3.662547677232864e-05
237,2,1-4,adjust,0.001083042991245897,2.7911080551179063e-05,4.166716524979346e-06
237,3,1-5,adjust,-0.00048192822858053575,1.605519853813437e-05,2.0218657946512602e-05
237,6,1-5,adjust,-0.0007277634981336931,-1.553916996987375e-05,1.6698388315975304e-05
237,7,1-4,adjust,-0.0010045369547100687,-1.34506298881706e-05,6.686090325315517e-05
237,8,1-5,adjust,-0.0002135621453775236,-3.2397060308463974e-05,4.4106688581191924e-05
237,9,1-5,adjust,-0.0007018018194098537,3.5169334788818096e-05,6.826152419868029e-05
238,2,1-7,adjust,7.67296948734317e-05,-1.7968165505039064e-05,1.2485110970990767e-05
238,3,1-7,adjust,-0.0008482418610300345,4.582782952638225e-06,1.9632773894013093e-05
238,4,1-7,adjust,0.0014031866656004743,2.117614357291583e-05,2.7198714450999236e-05
238,5,1-7,adjust,0.005282597934439731,-1.6966141386133602e-05,5.396549637164563e-05
238,6,1-7,adjust,4.63176335297839e-05,-1.29115606867296e-05,1.593606689829068e-05
238,9,1-8,adjust,0.0007388292349711663,-4.388445981154714e-05,8.651564429819994e-05
239,2,1-4,adjust,-0.00027464871304998993,-5.499634388122663e-06,3.335088521945383e-05
239,3,1-4,adjust,-0.00031008877758732583,3.849370493512203e-06,6.505319175582639e-05
239,6,1-5,adjust,0.0017551267893279423,3.160780308796662e-05,6.065815268125405e-05
239,7,1-4,adjust,-0.0010096581875449922,1.4226415410332208e-06,5.170237151163707e-05
239,8,1-5,adjust,-0.0001796932485019262,-2.6436464134149746e-05,3.2935660791881806e-06
239,9,1-5,adjust,0.0004700640987592348,5.655547617482568e-05,2.078394182919258e-05
240,2,1-7,adjust,0.0014487025455794645,1.7120207675695e-05,1.9029527920362357e-05
240,3,1-7,adjust,-3.727587832864859e-05,3.269352699693396e-05,0.00015235230017098333
240,4,1-7,adjust,0.00013969169947436135,-1.574006104684245e-05,3.0498998463165105e-05
240,5,1-7,adjust,-0.0036658711196715693,-2.6040317988747965e-05,2.8309525517553718e-05
240,6,1-7,adjust,-0.0027817234750030597,-2.3146876339340377e-05,6.983669298154481e-05
240,9,1-8,adjust,-0.0006533633037175458,-4.2131770366871674e-05,2.5852959065119675e-05
241,2,1-4,adjust,-0.00010602722406392995,-3.0231433290000707e-05,3.528288171102862e-05
241,3,1-4,adjust,0.0014387695164840533,-5.7025231855172563e-05,5.563810763687241e-05
241,6,1-5,adjust,0.002153836988705994,-4.1161189588470765e-05,4.814962158615678e-05
241,7,1-4,adjust,0.004660601898189518,2.889753933543211e-05,3.480124122574018e-05
241,8,1-5,adjust,8.356347579912697e-05,2.153139760996363e-05,7.867938955307667e-06
241,9,1-5,adjust,-0.0014793945682525813,-1.4118437931608531e-05,3.2114946665113254e-05
242,2,1-7,adjust,-0.0012303680146509796,2.6510058827843643e-05,1.103916564098237e-05
242,3,1-7,adjust,0.00048387111333188996,1.6621610812688327e-05,3.8976664492536e-05
242,4,1-7,adjust,0.0015741800920051703,-2.6360035520782374e-07,3.4354869078885094e-05
242,5,1-7,adjust,-0.0007095031361889594,5.270034983719652e-05,2.9539602671558545e-05
242,6,1-7,adjust,-0.0002586644206688426,-6.982045592899974e-06,2.3308322581134016e-05
242,9,1-8,adjust,0.0013198255918247105,-1.4979013517799903e-05,4.096377784623118e-06
243,2,1-4,adjust,-0.001305516642974964,-3.295777956299025e-05,1.3282473613020702e-05
243,3,1-4,adjust,-0.00014934063211407436,-1.2565151248878106e-05,7.912029902385787e-05
243,6,1-5,adjust,0.00032154106560868353,1.9763750662310622e-05,2.2880905072142393e-05
243,7,1-4,adjust,-0.0012019001488961796,2.2582558718533233e-05,1.964254549902799e-05
243,8,1-5,adjust,0.00018428175570183965,3.8598272294103584e-05,1.0889139165613912e-05
243,9,1-5,adjust,0.0013254338604108597,4.893726933259677e-05,6.0492605439860785e-05
244,2,1-7,adjust,-0.0006405493584199222,4.55629400728766e-05,3.090450334448857e-05
244,3,1-7,adjust,-0.002323460488131688,2.2290573074287665e-05,3.816602795268512e-05
244,4,1-7,adjust,-0.001393236682838276,-1.3750157642595496e-05,4.871614032954839e-05
244,5,1-7,adjust,-0.0012594128133210675,1.4258101370678434e-05,8.843512421782901e-06
244,6,1-7,adjust,0.0006027029628683503,7.648674122284223e-06,1.4416880439481726e-05
244,9,1-8,adjust,8.835765766475422e-06,-9.52061969072027e-06,1.158870641645505e-05
245,2,1-4,adjust,0.0022148372103303424,-3.250794200056611e-05,8.247570049230752e-05
245,3,1-4,adjust,0.001038401908267748,2.15640918495887e-05,8.23621374181919e-05
245,6,1-5,adjust,-0.0016551355001573399,2.2373162876044938e-05,5.4504880549429655e-05
245,7,1-5,adjust,-0.0004050220725071094,-1.834511297526666e-05,7.146749617108864e-05
245,8,1-5,adjust,-0.00036608919924295986,4.056271971828863e-06,5.5853115399695336e-06
245,9,1-5,adjust,-0.0002994155901188035,1.876557797529596e-05,2.3231164484530442e-05
246,2,1-7,adjust,0.0002831823399616159,1.3787636421158525e-05,7.535582880000114e-05
246,3,1-7,adjust,0.00017242830163993338,-2.1306833706214353e-06,2.7175710701099666e-05
246,4,1-7,adjust,-0.0011228975080818245,2.928788513133102e-05,2.8695580516620406e-05
246,5,1-7,adjust,0.0010507061579793752,2.6314283622832687e-05,4.501094579687189e-06
246,6,1-7,adjust,0.0015434497994509522,2.479818647995353e-05,1.6692119377141702e-05
246,9,1-8,adjust,-0.0005810599218507838,-2.935150472684814e-05,3.151045799039935e-07
247,2,1-4,adjust,0.0007036366701163042,-1.2749798143639067e-05,3.882960230972282e-05
247,3,1-5,adjust,0.0004985425551724904,4.703713402853136e-05,2.799937510420487e-05
247,6,1-5,adjust,0.0009209511758355576,1.4749235088286471e-05,4.927132266585263e-05
247,7,1-5,adjust,0.0019149731266689513,6.27707996505963e-05,9.402484094174253e-05
247,8,1-5,adjust,0.0013768134887905896,1.963878359095252e-05,2.739127829205933e-05
247,9,1-5,adjust,0.0007751476377881208,2.5036897345076695e-05,5.863734543391039e-05
248,2,1-7,adjust,-0.001117252819680284,5.57065499680362e-05,2.8439910285682867e-05
248,3,1-7,adjust,-0.003891875782230948,3.626584970302326e-05,2.156044087613873e-05
248,4,1-7,adjust,0.0015367095407263713,-7.965680966100667e-07,4.157662590205093e-05
248,5,1-7,adjust,0.00021855581017150895,-1.204813301302533e-06,2.178662198450198e-06
248,6,1-7,adjust,-0.0019537814443319015,-1.53761368431185e-05,5.48803842536303e-05
248,9,1-8,adjust,-4.202386111298023e-05,5.268562628118205e-06,4.77369666606509e-05
249,2,1-4,adjust,0.00172913506753148,-5.524499236825156e-05,6.287828492418643e-05
249,3,1-4,adjust,0.002996562701637956,-3.060460487647214e-05,8.941863280492486e-05
249,6,1-5,adjust,0.0005843275657403579,2.4994331990253615e-05,1.179244446560038e-06
249,7,1-4,adjust,-0.0001810447671223319,-8.125983296338508e-06,5.089643481729584e-06
249,8,1-5,adjust,-0.000357323709124231,2.4770695748637664e-06,6.401729912389416e-05
249,9,1-5,adjust,0.0006677344784063351,-1.5076052162286068e-05,5.074563125047958e-05
250,2,1-7,adjust,-0.0012447669231613558,4.3300177454410584e-05,8.398435764585758e-07
250,3,1-7,adjust,-0.0033813940679111583,-1.7245948033161813e-05,1.5237195624693636e-05
250,4,1-7,adjust,-0.0062969182404908315,4.3176756091667446e-05,2.581140564918005e-05
250,5,1-7,adjust,-0.0026363706145418634,-6.460484692376932e-06,1.6257913720417332e-05
250,6,1-7,adjust,-0.0004331343610825076,-1.1331052132977155e-05,4.6259041952159715e-05
250,9,1-8,adjust,-0.0005193514888277163,2.4080365690335404e-06,5.728421386939767e-05
251,2,1-4,adjust,-0.0014632041078901925,7.60364280474069e-06,4.0110045929671545e-05
251,3,1-4,adjust,7.870751942287338e-05,4.050159842452883e-05,5.114242258867586e-05
251,6,1-5,adjust,0.0004220698993397535,-1.382265070622062e-05,1.5492283375651e-05
251,7,1-4,adjust,0.001275369218953567,-9.082145123820927e-06,1.931582907589936e-05
251,8,1-5,adjust,0.0027906406413890283,2.0605480789010702e-05,2.1616438038816002e-05
251,9,1-5,adjust,-0.0005756278476328262,-7.292770282888636e-06,1.2391342433384739e-05
252,2,1-7,adjust,-0.0002906916374153263,2.5949931275579877e-05,3.012996557157465e-05
252,3,1-7,adjust,-0.0003885290935114857,-3.310850294167468e-05,6.403300897682699e-05
252,4,1-7,adjust,-0.003638698763667222,-1.9376543723196365e-05,4.282433175315361e-05
252,5,1-7,adjust,0.004569483684998695,-1.4194675369130448e-05,7.000077480085922e-05
252,6,1-7,adjust,0.00024240577131703981,4.313703472041812e-05,1.1751823074933316e-05
252,9,1-8,adjust,0.0012141683793145976,2.131690796985585e-05,0.00010068706797917904
253,2,1-4,adjust,6.423563553092315e-05,-8.281479764152563e-06,9.696163091623815e-05
253,3,1-4,adjust,-0.0011348838071208666,4.377834567257261e-05,0.00012230952988401579
253,6,1-5,adjust,0.001376903102590924,-5.402126743970951e-06,5.575926783800181e-05
253,7,1-5,adjust,0.0019725130551472942,-3.1696411398889627e-06,8.871965684913318e-05
253,8,1-5,adjust,0.00013398795554537,-4.3019816253703005e-05,9.236905397265034e-06
253,9,1-5,adjust,-0.000496546193381289,-1.2707596161202639e-05,3.3949830770517195e-05
254,2,1-7,adjust,0.0001620684271209821,-2.5266603809665304e-05,2.5855180679230856e-05
254,3,1-7,adjust,0.0008759299003771755,-7.102623559765928e-05,6.924032849347937e-05
254,4,1-7,adjust,-0.00043769666921224763,1.4408633774013564e-05,3.187402528572081e-05
254,5,1-7,adjust,-0.001784244097847994,2.4794597690068337e-05,5.46970625083844e-05
254,6,1-7,adjust,0.00039114740658905306,-9.935129308658693e-06,2.436923547698566e-05
254,9,1-8,adjust,0.0006314043872640767,1.9562226422441147e-06,2.9225840652089897e-05
255,2,1-4,adjust,-0.0009787761776311418,3.4866206221855525e-05,3.4620108297899955e-05
255,3,1-4,adjust,-0.0010211787069653482,9.40355367111334e-05,0.00018774750431550292
255,6,1-5,adjust,0.0009301875480623961,-2.7234086789675107e-05,7.078467370650614e-05
255,7,1-4,adjust,-0.00044845425638078025,-2.5781917597755113e-05,1.993449172174275e-05
255,8,1-5,adjust,0.001058719944169025,4.202912883251585e-06,6.456259369075431e-05
255,9,1-5,adjust,-0.0003892671696947251,2.2114051896843812e-05,4.913294563399113e-05
256,2,1-7,adjust,3.5140588544193596e-06,-2.687313576434402e-05,3.748273740941921e-05
256,3,1-7,adjust,0.004800504819483132,-6.266283136087381e-05,3.963855186508018e-06
256,4,1-7,adjust,0.005033020792398684,1.885428840745891e-06,5.1438834289172616e-05
256,5,1-7,adjust,-0.0005794457753141799,-2.3693643670774577e-05,5.533908378378234e-05
256,6,1-7,adjust,-0.001087850924441172,-2.717396483385194e-05,5.2352790282847745e-08
256,9,1-8,adjust,0.0005753775122291513,-2.060048511548025e-05,1.9950962259533943e-05
257,2,1-4,adjust,-6.297099599903781e-06,1.523461356578875e-05,4.5867996204015615e-05
257,3,1-4,adjust,-0.0009742284730604707,2.110366793838823e-05,5.918062677416759e-05
257,6,1-5,adjust,-0.001704587995232436,2.706396209513841e-05,4.052681195832253e-05
257,7,1-4,adjust,-0.004688306587576904,2.186020843158129e-05,8.001354253778286e-05
257,8,1-5,adjust,-0.001968783280011464,-1.4141393616410722e-05,3.372649178239975e-05
257,9,1-5,adjust,-0.0010739130300692328,-2.0912809940714614e-05,4.202502861245981e-06
258,2,1-7,adjust,0.0021873120844126716,-7.338491803181588e-05,3.9165930928329915e-05
258,3,1-7,adjust,-0.001815242170401469,-2.1345452220717832e-05,7.70853299783154e-06
258,4,1-7,adjust,-0.0019763992775836486,-2.5155597577686413e-05,3.8867694035027697e-05
258,5,1-7,adjust,-0.0013906274214774354,1.9973166111029615e-05,2.4828299185246705e-06
258,6,1-7,adjust,-0.0019763640542012706,-3.0910213183182615e-05,7.407077138289245e-07
258,9,1-8,adjust,0.0004807229261017535,3.605237153174158e-05,9.28559627842923e-05
259,2,1-4,adjust,-7.090843717117073e-05,5.3958948269604645e-05,1.6436240757606264e-05
259,3,1-5,adjust,0.00016919518953728303,-1.1543692392375239e-05,6.314248036112231e-05
259,6,1-5,adjust,0.0010210713170798753,7.714778368886185e-06,3.429508213919819e-05
259,7,1-4,adjust,-0.0031195633478828606,-1.4177378758666718e-05,8.94299036017753e-05
259,8,1-5,adjust,0.0022254328212385774,6.0266937569919044e-06,7.010068815871077e-05
259,9,1-5,adjust,0.00033179971284672097,-8.66472358671617e-06,5.292817036379169e-05
260,2,1-7,adjust,0.0017696806763114249,-5.3301189726378004e-05,5.027650852056013e-05
260,3,1-7,adjust,0.005065920692604833,-8.014898060853717e-07,7.466869945496169e-07
260,4,1-7,adjust,0.0017077448757172764,-1.978131856250391e-05,2.1319799058215414e-06
260,5,1-7,adjust,-0.004044050830314412,-6.435489541254091e-05,2.0375542677516243e-05
260,6,1-7,adjust,-0.0017308950289053882,2.78320953218575e-05,0.00011338019404308304
260,9,1-8,adjust,0.00021044778905457764,3.83112764652071e-05,0.0001366413462995551
261,2,1-4,adjust,-0.0010537432162892094,1.656813188870736e-05,6.979452531366632e-05
261,3,1-4,adjust,-0.0018820496080822922,-3.8181107103350303e-05,5.872122398800514e-05
261,6,1-5,adjust,-0.0031565126312518314,3.1081889909895485e-05,9.871495550290633e-07
261,7,1-4,adjust,0.0022823896051857783,-3.477321303670019e-05,7.28509722010966e-05
261,8,1-5,adjust,-0.002409417300629012,-3.4516365102372705e-05,6.782534095616835e-05
261,9,1-5,adjust,-0.0011242004331557167,-3.849857590060883e-05,8.4250270566661e-06
262,2,1-7,adjust,-0.0005138536591270003,-2.8031658529286802e-05,6.948457835053887e-05
262,3,1-7,adjust,-0.0011874752882733261,2.0154460929273455e-05,1.8433670964774336e-05
262,4,1-7,adjust,0.0032372707289220998,5.424705869046701e-06,1.1338500404544608e-05
262,5,1-7,adjust,0.001520780383948959,1.697044436758222e-07,2.3156497856744076e-06
262,6,1-7,adjust,0.003534972383399235,1.973970065404191e-05,3.816908475113917e-05
262,9,1-8,adjust,-0.00026700060846498525,-1.2326055376538433e-05,4.011943263050102e-05
263,2,1-4,adjust,0.0001397842765500873,1.4017067839625778e-05,4.1434580974945625e-05
263,3,1-5,adjust,-0.0005592419768890124,1.3210855195887714e-05,3.71656235237851e-05
263,6,1-5,adjust,-0.0005868212695241873,-4.45926768481824e-05,1.9028276861862986e-05
263,7,1-5,adjust,-0.0028627743401233533,1.0368300557661011e-06,8.854992955849837e-05
263,8,1-5,adjust,-0.0019857846053366423,-5.074365939051776e-05,4.063048965701851e-05
263,9,1-5,adjust,0.0005540601694961598,-1.693490979023235e-06,7.501659769531127e-05
264,2,1-7,adjust,-0.000662064722783233,-1.62641087172372e-05,3.860723836108544e-05
264,3,1-7,adjust,0.002203802443708053,-4.793686647261235e-05,6.015273653326891e-05
264,4,1-7,adjust,-0.0012410541837292672,2.9435466105384546e-05,3.242060187156479e-05
264,5,1-7,adjust,0.0009720300172812145,-8.871454582425437e-06,2.8079441154579206e-05
264,6,1-7,adjust,-0.0020920589311185026,-1.407086021825221e-05,5.941186303845514e-05
264,9,1-8,adjust,-0.0015497997128426115,-4.450586393971416e-06,4.9040608764283284e-05
265,2,1-4,adjust,-0.0006199638133375297,1.7265178680964164e-05,6.24954238581194e-05
265,3,1-5,adjust,-0.0016011646312390393,-8.288647506997946e-06,3.071488373517229e-05
265,6,1-5,adjust,-0.00014863939266224508,-1.4934142450859742e-05,4.3639681927053976e-05
265,7,1-5,adjust,-8.880603317799626e-05,5.055127447950111e-07,9.299373197578918e-05
265,8,1-5,adjust,-0.0007397472260763264,-1.948713832130487e-05,2.5774231078348467e-05
265,9,1-5,adjust,-0.0003094752200676649,-4.5963765875402655e-05,3.602276095665417e-05
266,2,1-7,adjust,8.639073442716935e-05,3.256102525556416e-06,8.969167751237353e-05
266,3,1-7,adjust,-0.0003705883862526684,1.985861118760244e-05,5.5237183999819036e-05
266,4,1-7,adjust,0.0016103822204864482,-2.1966671281889815e-05,4.516937984940932e-05
266,5,1-7,adjust,-0.0013407127633298511,2.351078228932363e-05,7.813235144479439e-05
266,6,1-7,adjust,0.0010265503401396866,8.335659168897675e-06,4.008911382567687e-05
266,9,1-8,adjust,-0.001073437659071447,-3.7849916882774575e-05,9.854986607248912e-06
267,2,1-4,adjust,-8.843495209732229e-05,3.609595997070076e-05,1.48409624985442e-05
267,3,1-4,adjust,0.0011493075783316153,8.64328350559109e-06,5.817237663858196e-05
267,6,1-5,adjust,-0.0017197542614370133,6.983988131698973e-06,5.260852983542032e-06
267,7,1-4,adjust,0.0031123737638615806,-9.562682145818006e-06,4.366478549721035e-05
267,8,1-5,adjust,-0.0024600690750052963,6.866539413644862e-05,2.3502869599268102e-05
267,9,1-5,adjust,0.0010888249210070024,4.222513127784958e-05,3.253711171261016e-05
268,2,1-7,adjust,0.0027709120054936805,-4.8870867890952916e-05,1.355359267515389e-05
268,3,1-7,adjust,-0.0011007933275773046,-1.3497996309360272e-06,3.748651070109408e-06
268,4,1-7,adjust,-0.00037396565811091844,-8.53038428239988e-06,7.850631142736897e-06
268,5,1-7,adjust,0.00013503239066820028,-1.6535536491660406e-05,1.7693446045885996e-06
268,6,1-7,adjust,0.002316487937828523,-2.4629804823588746e-05,1.072657790143322e-05
268,9,1-8,adjust,-0.000367454113312745,-2.0649826878893317e-05,2.2646453509890435e-05
269,2,1-4,adjust,-0.0001992293079398782,3.538848480502067e-05,2.719586482200078e-05
269,3,1-5,adjust,0.0005553028081457234,8.908784550319711e-06,4.993863808636758e-05
269,6,1-5,adjust,-0.003344114202749045,1.6328694981777633e-05,5.256536730988013e-05
269,7,1-4,adjust,-0.0004053765588554335,3.708856366131274e-05,9.042478440873484e-05
269,8,1-5,adjust,4.043860052533442e-05,-1.8758413742155817e-05,4.1435334577019626e-05
269,9,1-5,adjust,0.0009840509864322046,6.0181610145586106e-05,3.480151864246492e-05
270,2,1-7,adjust,-0.0006966900313885272,8.289500188484325e-06,1.0269841322136873e-06
270,3,1-7,adjust,0.0005341978585905612,-2.4492555144937732e-05,3.0098995835900875e-05
270,4,1-7,adjust,0.0011690174612069204,4.7578305469024395e-05,2.0430208616376367e-05
270,5,1-7,adjust,4.0382539259296926e-05,4.50176466363032e-05,8.08129488569946e-05
270,6,1-7,adjust,0.002118839786673451,-1.6483917707849814e-05,3.3700145935706285e-06
270,9,1-8,adjust,-0.0006228194080780088,-4.42735411604684e-05,5.960231171835889e-05
271,2,1-4,adjust,-6.376809401464651e-05,1.337236993551068e-05,6.3673218794443775e-06
271,3,1-5,adjust,-0.0004577324520097962,8.511152586058072e-06,1.8220480082574384e-05
271,6,1-5,adjust,0.000287221121500024,2.2973950662236674e-05,0.0001018571106778645
271,7,1-4,adjust,6.454681530979062e-05,-2.953185106841565e-05,5.465846794753461e-05
271,8,1-5,adjust,0.0030499127111142887,2.0510863082308898e-05,4.8351442979901294e-05
271,9,1-5,adjust,0.00029072431812441566,1.2378636212880381e-05,4.13811315361571e-06
272,2,1-7,adjust,-0.001058938160496345,-1.290436275586802e-06,8.486708264154309e-05
272,3,1-7,adjust,0.0011852511264958511,-1.3412251231102504e-06,1.8291524390197943e-05
272,4,1-7,adjust,0.002410044328765766,-3.638314592547044e-05,2.9479810526828292e-05
272,5,1-7,adjust,0.001944215700725395,-4.358043892674588e-06,2.6886424561944903e-05
272,6,1-7,adjust,3.4364360629098075e-05,-2.334832039008456e-05,9.665473988307469e-06
272,9,1-8,adjust,7.345967285390534e-05,2.2027845144244336e-05,2.514629922804491e-05
273,2,1-4,adjust,0.0016316613608616105,-1.5217247883423306e-05,6.293696946232802e-05
273,3,1-4,adjust,0.0006672603367609907,3.1471470614021846e-06,5.106974119748857e-05
273,6,1-5,adjust,0.0011979947201039938,3.797221562333499e-05,1.780840401774445e-05
273,7,1-4,adjust,0.00041898257926700137,4.141710464151677e-05,2.0725260162370807e-06
273,8,1-5,adjust,-0.0005343345700176942,7.479551683374446e-06,2.0662940786749132e-05
273,9,1-5,adjust,-0.0001966497941320354,-1.442154069052382e-05,1.7525735137548075e-07
274,2,1-7,adjust,-0.0013343278383462105,2.3532542730122435e-05,7.343219987242747e-06
274,3,1-7,adjust,-0.0042493205085977525,5.953568904884816e-06,8.472679174132674e-06
274,4,1-7,adjust,-0.0064212652866374115,-1.0415603603506486e-05,7.282008742393342e-06
274,5,1-7,adjust,-0.0046561714270914436,-2.9919954712105592e-05,4.5248408878136385e-07
274,6,1-7,adjust,0.0003969552651700614,1.0564670994853492e-05,6.903344154790572e-05
274,9,1-8,adjust,0.0008569492672647636,-3.12484845335656e-05,1.4591345432768258e-06
275,2,1-4,adjust,-0.00014510574796057922,-5.990032495680512e-05,1.3252368438806773e-05
275,3,1-4,adjust,0.0003890725800445488,6.276121164520502e-06,0.00010935145984655422
275,6,1-5,adjust,-0.0011664330890860523,-6.434566840978368e-05,4.285986786172132e-05
275,7,1-5,adjust,-0.0014446393193935335,-2.7858889975203928e-05,7.217258235584748e-05
275,8,1-5,adjust,-0.0018745352776816516,-1.4646738581815238e-06,5.847124713828223e-06
275,9,1-5,adjust,-0.00043341023090366415,8.604880298780301e-06,1.53163676921348e-05
276,2,1-7,adjust,0.0010086907145962444,-1.5571083878509035e-05,2.603900843130765e-08
276,3,1-7,adjust,0.0009272725731274828,-1.145413128283452e-05,4.875757927313779e-05
276,4,1-7,adjust,0.00038181378001562967,-1.4302785639073879e-05,1.3374610102164528e-05
276,5,1-7,adjust,-0.0012447850427381325,-8.618012062294881e-06,4.2244801571813954e-05
276,6,1-7,adjust,0.0011616179504402525,3.418961818507652e-05,1.28496610635686e-05
276,9,1-8,adjust,-0.0003322296723691834,-1.1717357928451665e-05,2.7759559189765503e-05
277,2,1-4,adjust,-0.00040978218737739466,1.2629799222829355e-05,7.180850364975335e-05
277,3,1-5,adjust,-0.0009205719941286916,3.473992505968073e-05,3.2400415916240753e-05
277,6,1-5,adjust,-0.004279053412997787,1.461224750539507e-05,6.332638554353511e-05
277,7,1-4,adjust,0.00017865476725863397,-3.961037946396211e-05,4.8699120976652106e-05
277,8,1-5,adjust,-0.0012342026215430286,-2.7261321531254592e-05,7.393180820843183e-05
277,9,1-5,adjust,0.00020673908294552632,9.195542101456438e-06,3.4868194280978484e-05
278,2,1-7,adjust,0.0009257333525410936,-2.666970092727285e-05,7.456842932096526e-06
278,3,1-7,adjust,0.0025298693761355595,-6.809634693556583e-05,1.0411498504199876e-06
278,4,1-7,adjust,0.0030110939980789136,-2.844954804727602e-06,3.134364730617832e-05
278,5,1-7,adjust,0.0040746598762557585,-2.0331134605430845e-05,8.95228690969912e-06
278,6,1-7,adjust,0.0024843732562532528,-3.681692436152422e-05,8.765564043037567e-05
278,9,1-8,adjust,-0.0008680702170990466,-3.8217122245670065e-05,5.442928134058643e-05
279,2,1-4,adjust,-0.00019058285683734442,1.2050817704420447e-05,2.7798344727955875e-05
279,3,1-4,adjust,-0.0011324114371496607,-3.315276184783015e-05,5.913372062150436e-05
279,6,1-5,adjust,-0.000953516940320281,-3.4407351585443104e-06,1.3037624911632656e-05
279,7,1-4,adjust,-0.00021759829305817842,5.7150592734358876e-05,2.5614701264848798e-05
279,8,1-5,adjust,-0.00011006857149863461,-3.4194440725419726e-05,5.413005340123902e-05
279,9,1-5,adjust,-6.461464776505996e-05,3.9824946224738066e-05,2.0826143967923916e-06
280,2,1-7,adjust,-0.0026146722129678193,4.8572730386591704e-05,7.408925632014961e-05
280,3,1-7,adjust,-0.0015503540871224185,8.2143841352648e-05,8.611374267772281e-05
280,4,1-7,adjust,-0.002157157980611169,1.086959587316555e-05,5.2044081122917376e-05
280,5,1-7,adjust,9.921476086434462e-05,5.2536883822913706e-05,5.7172511268764034e-05
280,6,1-7,adjust,0.0009752489588214466,-4.736587510606304e-06,3.273838642609071e-05
280,9,1-8,adjust,-0.0012003033099475685,-2.6599630604218143e-05,5.957842330296942e-05
281,2,1-4,adjust,0.0012537352026709616,6.19688291137823e-06,9.923221287721999e-05
281,3,1-5,adjust,0.0004894443094713778,1.2126780090052439e-05,2.00781580711146e-05
281,6,1-5,adjust,0.0004637885154906016,6.45998427985812e-06,5.958864602134546e-07
281,7,1-4,adjust,-0.003489388530270893,-1.3315720367959271e-05,8.982473371266735e-05
281,8,1-5,adjust,0.0035977188491169883,4.575471930131247e-05,7.975110744941166e-06
281,9,1-5,adjust,0.0005704909805991863,6.6435964768813765e-06,1.5445879092740702e-05
282,2,1-7,adjust,0.0011064139003787912,-7.135319986947358e-06,7.379236719918466e-06
282,3,1-7,adjust,0.0022934218389069005,-7.935408477537701e-05,1.733309665574585e-05
282,4,1-7,adjust,-0.0010285613621544127,1.2263449451835668e-05,9.163883717403723e-05
282,5,1-7,adjust,-0.0031258239182685803,-2.6608884701320256e-05,3.376202982295205e-05
282,6,1-7,adjust,-0.0013070962869539077,1.4805768889414841e-05,9.896292302212495e-05
282,9,1-8,adjust,0.0010587284998466854,-2.2620088904733642e-05,1.593735843335983e-05
283,2,1-4,adjust,-0.0010265275551734135,-7.096400350659891e-06,2.5722387509817687e-05
283,3,1-5,adjust,-0.0014757861763895566,-1.054270505384415e-06,4.4903595127448366e-05
283,6,1-5,adjust,0.0005285693710698701,-1.0922435428776052e-05,0.00014844363523020096
283,7,1-4,adjust,0.0016495138448874881,4.525537328497823e-05,9.034525665131824e-05
283,8,1-5,adjust,-0.0025085231374281105,-9.785133745351408e-06,4.0596261636607096e-05
283,9,1-5,adjust,-0.0006854776666525737,6.603339674932142e-05,1.3590074123860226e-05
284,2,1-7,adjust,-0.0025477323003377543,3.0862624254464626e-05,8.731606208485588e-05
284,3,1-7,adjust,-0.0032245565739057206,7.329377023396614e-05,9.544437524450653e-05
284,4,1-7,adjust,-0.006301901720193067,1.681836279591993e-05,1.747410980005934e-05
284,5,1-7,adjust,-0.0027794129175007865,2.2211343330779115e-05,0.00011757953163845648
284,6,1-7,adjust,-0.0011655535153256252,4.962515003134577e-05,9.155002807957992e-05
284,9,1-8,adjust,7.90010913259454e-05,-4.57170729401449e-05,0.00011171889658067749
285,2,1-4,adjust,0.0005219760775459761,2.8100240652633173e-06,4.176499297785931e-05
285,3,1-4,adjust,-0.0021847206127187783,1.2646884989819087e-05,6.416828318341746e-05
285,6,1-5,adjust,-0.0016683873008220738,-7.83224178307186e-06,1.9804289238233406e-05
285,7,1-5,adjust,-0.0022775275148779086,-4.769195844107273e-05,9.008870340125134e-05
285,8,1-5,adjust,0.0005024140807648508,-1.3032977501735356e-05,9.073761269176657e-05
285,9,1-5,adjust,0.0011070889514945019,1.3341758492866227e-05,4.066287339458866e-05
286,2,1-7,adjust,0.002022910921573273,-1.0179908764129837e-05,0.00011673205487879277
286,3,1-7,adjust,0.0029364940537752442,-3.8332115206607436e-05,4.880987363421544e-05
286,4,1-7,adjust,0.005667360956652236,3.642718616809335e-05,5.177024469863974e-05
286,5,1-7,adjust,0.0008354769338581686,-2.4789510886948468e-05,4.4882126332548225e-05
286,6,1-7,adjust,-1.6375702111805617e-05,-1.8856178408373968e-05,7.989314435468583e-05
286,9,1-8,adjust,-0.001079874714573282,-1.6473477836776294e-05,4.2253272433043935e-05
287,2,1-4,adjust,-0.00044735705822850313,3.077935125821788e-06,1.0190375484791814e-05
287,3,1-4,adjust,-0.00019738722659111294,1.7434479982190955e-05,8.610903061899639e-05
287,6,1-5,adjust,-0.0003485003986692294,-1.0287165512171077e-05,0.00015602926735941281
287,7,1-5,adjust,-0.001004702106298984,-4.2206459764671696e-05,0.00012996563146915185
287,8,1-5,adjust,7.009384375859173e-05,8.418765431598241e-06,4.951798161550125e-05
287,9,1-5,adjust,0.0004758166180731558,8.102981782351963e-06,7.964628119333861e-05
288,2,1-7,adjust,0.0016917532959224687,-5.1386547669733144e-05,4.504466738993254e-05
288,3,1-7,adjust,0.0004420078680210377,-8.835990926205102e-06,4.8132152232349294e-06
288,4,1-7,adjust,0.004247646540052801,-1.4830361692577446e-05,4.562424553709258e-05
288,5,1-7,adjust,0.004832877056242796,4.686892558721496e-05,3.1122383788706515e-05
288,6,1-7,adjust,-0.0020131796675875242,-7.427177849001477e-05,6.931841214620456e-05
288,9,1-8,adjust,-0.0006188180846965742,-3.1568440723944702e-06,1.9324633701532304e-06
289,2,1-4,adjust,-0.0007911216320339668,6.314925182043348e-06,9.722265062298724e-06
289,3,1-4,adjust,0.0017661394515647985,-2.2502197541259262e-05,4.4785361996534215e-05
289,6,1-5,adjust,0.004455567443169023,3.731804603781826e-05,9.388403775487606e-05
289,7,1-4,adjust,0.003640627340398209,2.8231121496410627e-05,1.7901146200906047e-05
289,8,1-5,adjust,0.0032392129251286885,-1.2794629860581902e-05,2.9529563476526802e-05
289,9,1-5,adjust,0.0008274570857797024,2.114305470296702e-05,1.1386348739088566e-06
290,2,1-7,adjust,-0.00013677351024454353,4.394432165435967e-05,6.034445096272236e-05
290,3,1-7,adjust,-0.0011995819913309988,3.339437180547835e-05,1.7357961069660964e-06
290,4,1-7,adjust,-0.0018687164573616094,-2.8746412537410285e-05,3.604702286216354e-05
290,5,1-7,adjust,-0.0005430786592756532,-4.297197633270777e-05,7.757414512465722e-05
290,6,1-7,adjust,0.001220482471903425,4.2251341696668294e-05,0.00013619201062383334
290,9,1-8,adjust,0.00011236645054942957,2.1691387465688487e-05,6.746731283816135e-05
291,2,1-4,adjust,-0.0002449299156776329,-2.8696276790989672e-05,1.254523460396112e-05
291,3,1-4,adjust,0.0014507185086172982,2.7534715687669648e-05,5.911964328718209e-05
291,6,1-5,adjust,0.0003865140233331791,-2.5842632158154383e-05,0.0001155883246636065
291,7,1-4,adjust,0.0037196048712917766,1.2796316719767577e-05,4.1662278387477176e-05
291,8,1-5,adjust,-0.00010853842714768462,-2.4984070633026602e-05,6.172536113623288e-05
291,9,1-5,adjust,-0.0014253654581976812,-3.0384186340438935e-05,5.756025937622325e-05
292,2,1-7,adjust,-0.00026320172070069944,-2.32877788551666e-05,9.66892936056757e-05
292,3,1-7,adjust,0.0002360023695309199,-2.5822943080754404e-05,2.013181961501101e-05
292,4,1-7,adjust,-0.005279940886175395,1.0729599069680098e-05,6.254576089904853e-05
292,5,1-7,adjust,0.0020122774650394174,7.503499004293931e-06,3.241159880164704e-05
292,6,1-7,adjust,0.0024244661706424963,1.6707047902247183e-05,5.344458266386925e-06
292,9,1-8,adjust,0.0006497297039083967,2.5093364402496444e-05,4.451776586088514e-05
293,2,1-4,adjust,-0.0007278720025417881,4.3098242721661305e-05,3.7042911399241235e-05
293,3,1-4,adjust,-0.0020878102389141947,4.6913600551429546e-05,8.974789400008236e-05
293,6,1-5,adjust,-0.00027321714202987974,-3.4059493479071646e-05,2.9024114345420944e-05
293,7,1-4,adjust,-0.0038399430487850387,-3.025520384461486e-05,6.693510745740293e-05
293,8,1-5,adjust,-0.003095855430484539,5.849926036077767e-05,2.6191030601355817e-05
293,9,1-5,adjust,0.0008968241492598043,2.3464026509637466e-05,7.677020651382816e-05
294,2,1-7,adjust,0.0019296787451143283,-4.953110185417873e-05,2.976696045304848e-05
294,3,1-7,adjust,-7.264218204002712e-05,-1.9799483923531338e-05,8.3152964813651e-06
294,4,1-7,adjust,0.0028841964140905686,2.8414725867858637e-05,5.961773490276081e-05
294,5,1-7,adjust,0.004610046715728287,6.034273430628901e-05,5.015795737174347e-05
294,6,1-7,adjust,-0.0010618590126924379,3.1639093650627705e-05,2.2130032127131284e-05
294,9,1-8,adjust,-0.0007191400276688927,1.621059498061781e-05,9.568308450057013e-05
295,2,1-4,adjust,-0.0015186718662995413,6.437593338830732e-05,2.4526555366016245e-05
295,3,1-5,adjust,0.00046140602945089174,-2.105103852789291e-06,4.6469648327960536e-05
295,6,1-5,adjust,0.003921518949983326,-5.621063742929706e-06,4.0611781779559953e-07
295,7,1-4,adjust,0.001108614913066341,1.3664047577608946e-05,6.811978516321068e-05
295,8,1-5,adjust,0.00021333563897654297,3.2853343361540676e-05,2.8383847950739443e-05
295,9,1-5,adjust,-0.00024939133208734635,2.72103047650191e-05,2.0821150355122393e-06
296,2,1-7,adjust,0.00017404769975752553,4.347587664142621e-06,2.9757515051411355e-05
296,3,1-7,adjust,0.0006287072869142415,-1.4461383395606915e-05,1.519804532684227e-06
296,4,1-7,adjust,0.000553766488140418,-5.727597847360456e-05,2.170585608297907e-05
296,5,1-7,adjust,-0.0020345581873698272,-6.952223488861344e-06,7.403410372465524e-06
296,6,1-7,adjust,-0.002778490902449388,-2.412352459231679e-06,7.892059380648183e-05
296,9,1-8,adjust,0.00035104547485231873,-5.518435903921654e-05,3.089558181439027e-05
297,2,1-4,adjust,-6.918187908124955e-05,1.09973585046757e-05,2.383006165125662e-06
297,3,1-5,adjust,0.0005048646331167643,-1.3961329850141816e-05,2.9347643023339377e-05
297,6,1-5,adjust,0.0015061001912032564,2.3426214943673306e-05,5.302924393376063e-05
297,7,1-5,adjust,0.0022946451846485713,8.628728248793473e-06,6.679515426981651e-05
297,8,1-5,adjust,0.0017307653568398168,-2.1390902394660664e-05,2.7275228210383905e-05
297,9,1-5,adjust,0.002308121078462109,-7.491411512673219e-06,2.2070808152590272e-05
298,2,1-7,adjust,0.00018004257447825056,-3.443436436870299e-05,1.981227926395768e-05
298,3,1-7,adjust,-0.0017254663053229294,5.381016796082885e-06,3.214108840281036e-05
298,4,1-7,adjust,0.0027754434991179833,1.4502164944134078e-05,5.8927979152673486e-05
298,5,1-7,adjust,0.00021659651474075303,-1.7573928396719778e-05,3.30704172198247e-05
298,6,1-7,adjust,-0.001010436457448194,-4.364545908905628e-06,4.524923263727657e-05
298,9,1-8,adjust,-0.0011811812295610684,6.020310690991761e-07,7.06050065885743e-06
299,2,1-4,adjust,-0.0003836771542974623,4.473114649021352e-06,8.505160182142269e-07
299,3,1-5,adjust,0.0015041569285116308,-1.2596227084359986e-05,3.761592913159802e-05
299,6,1-5,adjust,0.0014142432912142744,5.882267448208618e-06,3.5487300668377356e-05
299,7,1-4,adjust,0.0020260853386189557,-2.3825841362432734e-05,3.2756980952799073e-06
299,8,1-5,adjust,0.002244877105918889,3.980802380276003e-06,1.5875754041016627e-05
299,9,1-5,adjust,-0.00017940370012680705,3.100283606331343e-05,5.4277419794089094e-05
300,2,1-7,adjust,0.0009673760262064132,-7.203704847850183e-05,0.00013530902113616808
300,3,1-7,adjust,-0.0014103001707667184,-3.9182561624065334e-05,8.768334857274233e-05
300,4,1-7,adjust,0.0013166381837121529,-2.0273529034807512e-05,2.0640470544402476e-05
300,5,1-7,adjust,-0.00029367905685933335,-3.062749832765375e-05,1.8163837774905682e-07
300,6,1-7,adjust,0.0002349742828750306,1.2742364670637308e-05,7.019240852529939e-05
300,9,1-8,adjust,0.0008374152956911275,-2.004000107079185e-05,6.639364867488337e-05
301,2,1-4,adjust,-4.769914536595551e-05,4.611904709072129e-05,2.954993498275097e-05
301,3,1-4,adjust,0.0023103940614531858,9.908095257047007e-06,7.197697808446352e-05
301,6,1-5,adjust,-0.0023982287977375068,3.1449232269718135e-06,5.1650103045767864e-05
301,7,1-4,adjust,0.0034419610601873884,1.0848116318100219e-05,5.911923878255849e-05
301,8,1-5,adjust,0.0011221918050564727,-5.316378721215759e-06,1.3518907185653142e-05
301,9,1-5,adjust,0.000499509660072551,5.789869176338269e-06,5.6055633079159196e-05
302,2,1-7,adjust,0.0005989979574850741,-3.204231557679721e-05,6.339740534714963e-05
302,3,1-7,adjust,0.004433065891613157,-3.6975126387109224e-05,5.932327118556341e-05
302,4,1-7,adjust,0.00455905576217048,1.1542670156849697e-05,4.4010962030962475e-05
302,5,1-7,adjust,0.002213618445686375,-1.7258904418597834e-05,5.915264892005114e-05
302,6,1-7,adjust,0.0026592445525996673,2.6115119869436175e-05,2.9993949343824756e-05
302,9,1-8,adjust,-0.00010242927788874364,3.474308779307345e-05,3.3961952172429006e-05
303,2,1-4,adjust,-0.0005763057444576826,-3.561215112419573e-06,1.93736389052993e-05
303,3,1-5,adjust,0.0001495967376736822,1.158618833055783e-05,4.493814260683052e-05
303,6,1-5,adjust,0.0008951968972530294,-3.194841120158107e-05,1.398753581141602e-05
303,7,1-4,adjust,-0.0014321308077603772,3.436726534272588e-05,8.71415519136122e-06
303,8,1-5,adjust,-0.001378528961936801,-1.7883425360118572e-05,5.248839279461421e-05
303,9,1-5,adjust,0.0004635717082468767,-1.711199091703108e-05,6.9261538219507106e-06
304,2,1-7,adjust,0.00070974774059158,3.52537032562074e-05,3.775133083489319e-06
304,3,1-7,adjust,-0.0011789527014652078,2.9938771658854928e-05,2.5751616540102793e-05
304,4,1-7,adjust,-0.0049241263225114984,1.3464575680478772e-06,4.524176818882312e-05
304,5,1-7,adjust,-0.0016457853381525455,-1.568134228632005e-05,3.66165272736034e-05
304,6,1-7,adjust,0.00033596361090939886,-4.0858661465671815e-05,4.09080853093193e-05
304,9,1-8,adjust,1.552748896596524e-05,8.073473698937801e-06,2.3550217450947897e-05
305,2,1-4,adjust,0.00022202858007384712,2.4739913007738435e-06,2.560138540955246e-05
305,3,1-5,adjust,-0.0023535346332281977,-3.3254564766945027e-05,1.2701463914894636e-05
305,6,1-5,adjust,-0.0013112256421939008,2.2102500055537728e-05,7.2209801925239815e-06
305,7,1-4,adjust,-0.003995091986764371,-7.036701327897812e-06,2.425804929009671e-05
305,8,1-5,adjust,0.0005583374015181948,2.9082116137373156e-05,1.7176813845891167e-05
305,9,1-5,adjust,-0.002761301186301418,-5.761853484608624e-05,0.00010459822284588952
306,2,1-7,adjust,-0.0007931064371257235,4.8352776340598694e-05,2.381159123108576e-05
306,3,1-7,adjust,0.0010804155370303774,4.5132510611565366e-05,4.454316744743993e-05
306,4,1-7,adjust,-0.0018728667478172555,1.949729418749908e-05,9.29486574007925e-06
306,5,1-7,adjust,0.003220175820797162,4.089475162312741e-05,1.1129692583820809e-05
306,6,1-7,adjust,-0.0009286775391009964,5.55858390149995e-06,1.855230057873734e-06
306,9,1-8,adjust,0.0018638625237255026,5.22644319058472e-05,8.436562720111831e-05
307,2,1-4,adjust,-0.0001299882890533484,-7.485504457231267e-05,9.726815902698725e-05
307,3,1-4,adjust,-0.001065928522543429,3.830138659956814e-05,6.133371286021303e-05
307,6,1-5,adjust,0.0021719657753028563,-1.837537026214456e-05,1.0811152742224834e-06
307,7,1-4,adjust,-0.0011620544484663839,-7.2955776829763234e-06,0.00010014386646124719
307,8,1-5,adjust,-0.0019320694295938152,-9.796949085662839e-06,4.121025807611232e-06
307,9,1-5,adjust,0.0012138509098831168,2.0105603411553242e-05,4.405699420251711e-06
308,2,1-7,adjust,0.0005216834260609234,2.764857420947811e-05,4.462966742117362e-05
308,3,1-7,adjust,0.0017954447462082343,-1.3331950480901914e-05,1.5514631792702828e-05
308,4,1-7,adjust,0.0002150702386800477,-1.5253218193931387e-05,2.6794695850243066e-05
308,5,1-7,adjust,-0.0049893083865419005,2.6680810910958515e-05,1.0125570517487764e-05
308,6,1-7,adjust,-0.005588168930086004,-1.2516803109758495e-05,3.1431869017725555e-05
308,9,1-8,adjust,-0.0012795728632713538,-2.895997366934787e-06,4.695044769010828e-05
309,2,1-4,adjust,-0.0008380902897295703,-4.03613059392364e-06,7.383023062923769e-05
309,3,1-5,adjust,-0.00046418890891018353,-5.173344807190755e-06,2.5517874779289706e-05
309,6,1-5,adjust,0.0011934847374811845,-5.056157774775029e-06,3.0508844126697103e-05
309,7,1-4,adjust,-0.0004571285766007086,1.9267760748739367e-05,7.586446624953634e-05
309,8,1-5,adjust,0.0030843582816208726,1.7710605105936547e-05,3.233594211006482e-05
309,9,1-5,adjust,0.0014599608890425934,2.8564111725865284e-05,0.0001020500779241103
310,2,1-7,adjust,0.0007524104064665721,1.2517485960396165e-05,6.510020694242894e-05
310,3,1-7,adjust,-0.0014174050752336755,-1.9790682778318352e-05,3.846391626725612e-05
310,4,1-7,adjust,-0.000919613751843239,-9.246793332507896e-06,4.435121657315466e-05
310,5,1-7,adjust,0.0013558144464933626,2.199592298641332e-05,5.4854912776355686e-05
310,6,1-7,adjust,-2.768989182110949e-05,4.855107945508382e-05,4.741105492952594e-05
310,9,1-8,adjust,-0.00038218820924598913,1.843966660333428e-05,0.00011158308413713556
311,2,1-4,adjust,0.00011989446215882109,-1.8156542465762946e-05,5.1411186193719534e-05
311,3,1-4,adjust,0.00028570234838536687,2.2057384564746168e-06,5.004625967283787e-05
311,6,1-5,adjust,0.0027905294290502696,-1.2635946016349418e-05,9.728661037428476e-05
311,7,1-4,adjust,0.00419011583881365,-2.5218419720156417e-06,7.016298745095823e-06
311,8,1-5,adjust,-0.001687602020287299,1.0047126294874702e-05,6.75498152480306e-05
311,9,1-5,adjust,0.0005159606998515778,-7.799553054720087e-06,0.0001045542679376144
312,2,1-7,adjust,-0.0005493233151126067,1.1128034750331469e-05,2.132560993621598e-05
312,3,1-7,adjust,-0.0037474518923532743,2.7604077041294936e-05,1.100673317928752e-05
312,4,1-7,adjust,0.0007960726287583288,3.084401155899626e-05,1.4906143880377765e-06
312,5,1-7,adjust,0.0003726243661980292,-5.296608354951352e-05,3.2998897116732563e-05
312,6,1-7,adjust,0.0020261509981182695,2.660803283293051e-05,6.555980438779658e-05
312,9,1-8,adjust,-0.0009253453314149116,1.5460606051544637e-06,3.876611546699807e-05
313,2,1-4,adjust,0.00046585316201552487,9.648272155573773e-06,1.2509771948241362e-05
313,3,1-5,adjust,0.001231697695229213,-7.039041501088442e-06,3.7059939069287655e-05
313,6,1-5,adjust,-0.0028262413470666616,8.99925844096853e-06,1.9231587371887734e-05
313,7,1-4,adjust,0.0007424736137852432,9.702134686284113e-06,6.140198514156776e-06
313,8,1-5,adjust,-0.0012487730399035372,-4.698088176610065e-05,8.864388389588396e-05
313,9,1-5,adjust,0.0009963246624317204,1.84690400032321e-05,4.8077944457296855e-05
314,2,1-7,adjust,-0.0004976332985500016,-1.4153834204051294e-05,1.8393143067046764e-05
314,3,1-7,adjust,0.0003078754734430034,-2.7099089928645947e-05,2.5020530386019752e-05
314,4,1-7,adjust,0.0008864250583282204,-1.2140597100024722e-05,5.297181808967443e-05
314,5,1-7,adjust,-0.0017754678164639511,1.8266779014467817e-06,2.0643573329467562e-05
314,6,1-7,adjust,0.0023466001765590646,1.0999641003456709e-05,2.8518035848642675e-05
314,9,1-8,adjust,-0.0009995879848704713,-4.4677491787088455e-05,5.124132241260341e-05
315,2,1-4,adjust,0.0002281949260280765,1.2660557400470706e-05,3.6764720319540325e-05
315,3,1-5,adjust,-0.0005221208611462215,-1.0689328233347434e-05,6.327108495273007e-05
315,6,1-5,adjust,-0.0017262839929912946,-4.230361751988017e-05,9.283262655725304e-05
315,7,1-4,adjust,-0.005096981963051642,-1.3497445957226144e-05,1.89197255400482e-07
315,8,1-5,adjust,-0.0029916533904381444,-4.712522177255368e-05,9.187788964274057e-05
315,9,1-5,adjust,-0.0012933922070253517,-4.134857394627792e-05,8.630123011569134e-07
316,2,1-7,adjust,0.0009394963296201834,5.51231749272485e-06,3.704848689263546e-05
316,3,1-7,adjust,0.0032921407832056495,1.744036693676233e-05,5.5697943622475784e-05
316,4,1-7,adjust,-0.003277497572212757,-6.825217674025216e-06,6.62346971461804e-05
316,5,1-7,adjust,-0.0016627997332622955,1.0352148147169564e-05,3.668818855632136e-05
316,6,1-7,adjust,-0.0009072233192504099,8.355833404841092e-06,9.80539516546538e-05
316,9,1-8,adjust,-0.001083427909340351,-4.822786421736373e-05,7.61285818507342e-05
317,2,1-4,adjust,-0.002681831488817696,3.3803453653619886e-05,3.3955796309922798e-06
317,3,1-5,adjust,-0.0011497987712153195,2.824567221157809e-06,1.0885923821193931e-05
317,6,1-5,adjust,-0.0014702770943238307,-6.770335947713824e-06,3.171745131872368e-05
317,7,1-4,adjust,0.0014224732992736612,-3.108234717385159e-05,4.1644967598288365e-06
317,8,1-5,adjust,0.0011480906156647569,2.721517700671323e-05,2.4026510961317894e-05
317,9,1-5,adjust,0.0015794921725725932,4.1682661747378166e-05,0.00010807844151589485
318,2,1-7,adjust,0.002054331323371738,-5.7573819848427305e-05,3.1876231775794566e-05
318,3,1-7,adjust,-0.002640777140912405,9.264159802353062e-06,2.1774895282187275e-05
318,4,1-7,adjust,0.0012070732962029113,2.327817674567085e-06,2.24079063709428e-05
318,5,1-7,adjust,0.004454977816243447,-6.605496744958254e-06,5.962172930117228e-06
318,6,1-7,adjust,-0.00019363181081160944,1.2580510534170515e-05,2.1167049181990734e-05
318,9,1-8,adjust,-0.0010591203824672365,-3.305380659411631e-05,5.982453493929873e-05
319,2,1-4,adjust,-0.0012843953768874913,6.7942428814080735e-06,2.4866829351556573e-05
319,3,1-5,adjust,0.0020939738092256516,6.651579349675228e-06,2.0923198006503317e-05
319,6,1-5,adjust,0.0009669817225685469,3.1503929934800686e-05,7.897390290162051e-05
319,7,1-4,adjust,0.00013769310984614903,-1.6409974645508135e-05,5.225572282740513e-05
319,8,1-5,adjust,0.0028879762664828735,1.4685563732210461e-05,2.5689026834082195e-05
319,9,1-5,adjust,0.0012326124853308687,3.703576729949423e-05,5.203963331379727e-05
320,2,1-7,adjust,0.0004062256287129829,-3.884261732484836e-05,1.6048779770221625e-05
320,3,1-7,adjust,0.002222682072412552,-1.7530262570463097e-05,2.9102333794854557e-05
320,4,1-7,adjust,0.0014408356262853217,2.237089041455695e-06,8.19625517182748e-06
320,5,1-7,adjust,0.0012366272444542554,-2.3873719218193834e-05,2.0269226300302772e-05
320,6,1-7,adjust,-8.770945435640844e-05,-3.0352000397041313e-06,3.759177088509087e-05
320,9,1-8,adjust,-0.0003521919390286235,-3.0446624656660686e-05,2.992483836761455e-05
321,2,1-4,adjust,-0.0003535568164664628,1.153067362109466e-05,6.885218392760124e-05
321,3,1-5,adjust,-0.0005631683049307703,-2.2118959952504213e-05,4.7557695300298184e-05
321,6,1-5,adjust,0.00029190017935524576,-2.954159220205115e-05,4.9217927644664676e-05
321,7,1-4,adjust,0.003393140232606326,1.0548831454531408e-05,4.210615711862751e-05
321,8,1-5,adjust,-0.0011013557831451625,-1.7584805548096994e-05,3.4452021438722922e-06
321,9,1-5,adjust,-0.0006008047895204899,2.163935386167421e-05,3.1747196990912995e-05
322,2,1-7,adjust,0.0013275108505988863,-1.8428859299809328e-05,8.365195817335246e-06
322,3,1-7,adjust,0.0014365890590815457,9.26315380760774e-07,1.6630585675647074e-05
322,4,1-7,adjust,0.005100443125795157,-3.450345225928141e-05,4.6828974413827615e-06
322,5,1-7,adjust,0.004615614324365578,3.701689449964128e-05,3.407345627014349e-05
322,6,1-7,adjust,0.0015640284763012526,-2.900064125467457e-05,3.308700947692343e-05
322,9,1-8,adjust,-0.0001298508017817814,-8.72721072693417e-06,2.6361378740252377e-05
323,2,1-4,adjust,0.0007896378209244763,1.5244685615853611e-05,6.536542527949524e-05
323,3,1-5,adjust,0.0006885118790679976,2.3410091617645512e-05,5.716592251636537e-05
323,6,1-5,adjust,0.0022431989291394547,1.907222927982371e-05,0.00010712926608923043
323,7,1-4,adjust,0.0005614408776097389,3.9517882685000925e-05,8.564063507898604e-05
323,8,1-5,adjust,0.001953290645081806,4.16188545414692e-05,9.100835897859314e-05
323,9,1-5,adjust,0.00239228938000897,2.4032959513724425e-05,0.0001000993072228797
324,2,1-7,adjust,-0.002839987725121496,4.683633404074532e-05,0.00010530094279086606
324,3,1-7,adjust,-0.0007722843746965157,1.3664290492810398e-05,5.195808594909908e-05
324,4,1-7,adjust,0.00024029975257282112,2.5435617489383213e-06,4.303491072583876e-06
324,5,1-7,adjust,-0.003490577766145021,2.7451920815208224e-05,1.4471381822444482e-05
324,6,1-7,adjust,-0.0003098411242508534,-1.6663701807639204e-05,4.0101358624568994e-05
324,9,1-8,adjust,-0.0004214212594801201,3.994089140609977e-06,7.526691810720445e-06
325,2,1-4,adjust,0.002398691559441591,-3.427282461452989e-05,8.935433945488762e-05
325,3,1-4,adjust,0.0008441700947150005,-2.000592762469026e-05,7.638869947152188e-05
325,6,1-5,adjust,-0.0008621072936252926,3.6010186398310384e-05,5.874286111578982e-05
325,7,1-4,adjust,-0.00018085286783880913,-1.4690610087977193e-05,5.231351541786123e-05
325,8,1-5,adjust,0.0007174581239336546,3.907381359654396e-05,7.233133403632659e-05
325,9,1-5,adjust,0.001986905465915569,5.645928415460237e-05,9.977718299548594e-05
326,2,1-7,adjust,-0.0013939940763439108,-6.474103844998044e-07,1.289332999136489e-06
326,3,1-7,adjust,0.000495223686912459,8.119650514285112e-06,6.038531957926347e-05
326,4,1-7,adjust,-0.002550102063229833,-2.4981257859400275e-06,3.7213510068559124e-05
326,5,1-7,adjust,0.0002923653256474193,-3.725520170730291e-05,4.565811944695396e-05
326,6,1-7,adjust,-0.0004417166911885586,-4.807227380266059e-05,6.80336145042725e-05
326,9,1-8,adjust,-0.0008779742369008967,2.219005290264535e-05,9.034200448634527e-05
327,2,1-4,adjust,-0.00012554127979175295,-2.607032013044343e-06,5.127187307112185e-05
327,3,1-5,adjust,-0.0004513086815786142,-8.4723241773539e-06,1.15316401419856e-05
327,6,1-5,adjust,0.001018735405329494,4.262838632993342e-05,3.6836351021446784e-05
327,7,1-4,adjust,-0.0016083508879647253,-1.972756989325905e-05,3.798841204477285e-05
327,8,1-5,adjust,-0.0009466822737832386,4.236077042520152e-05,8.928971353370988e-05
327,9,1-5,adjust,-0.0015404528816879092,-2.419493481185587e-06,8.929011384422366e-06
328,2,1-7,adjust,-9.012278406194473e-05,-1.4725389491040728e-05,0.00010770352787107989
328,3,1-7,adjust,0.0004012724965731838,-9.715304009923471e-06,0.00011794105210059772
328,4,1-7,adjust,0.0001652384346869129,1.1337400906025127e-05,1.2047294148360824e-05
328,5,1-7,adjust,-0.00028043988423061294,-1.972910906302898e-05,6.89497984315712e-05
328,6,1-7,adjust,-0.0014614388815012002,3.0850589527993884e-05,6.903887304196984e-05
328,9,1-8,adjust,-0.00041282891831787813,-3.216503905798273e-05,2.4693937080192525e-05
329,2,1-4,adjust,0.0009233443961121203,-9.725539932232405e-06,1.1212697474768847e-05
329,3,1-4,adjust,-0.0013395835881124718,1.0490939004055224e-05,5.471706503503801e-05
329,6,1-5,adjust,0.0012940999024524456,1.8578907591248904e-05,9.002840492440504e-05
329,7,1-4,adjust,-0.000412505753237384,-1.9873032506292743e-05,6.668172964542478e-05
329,8,1-5,adjust,-0.0015366054804311672,-2.5104280517447614e-05,2.9963034459555903e-05
329,9,1-5,adjust,9.308791757328009e-05,-3.1383788537991726e-05,1.4362292625916341e-05
330,2,1-7,adjust,0.0017915324530228365,-2.099214585469477e-05,7.769882187393169e-05
330,3,1-7,adjust,0.001985924881275282,-7.211935564315411e-06,0.00012084342036170139
330,4,1-7,adjust,-0.0004049750693277033,-5.186271793153636e-06,1.4553606356449596e-05
330,5,1-7,adjust,0.0033376545599849514,4.4451895526756954e-07,0.0001293055463019326
330,6,1-7,adjust,0.0013347246086681222,-1.2280049351557045e-05,1.852194676499937e-05
330,9,1-8,adjust,0.00012796893903939044,4.007255132001335e-06,6.117134962569435e-05
331,2,1-4,adjust,-0.0016125412200716227,3.160614709978818e-05,5.7973220282221744e-06
331,3,1-5,adjust,-0.0016596543174133697,-1.0027643511295385e-05,2.29832194522612e-05
331,6,1-5,adjust,0.0025287315229400166,-9.13916321867008e-05,1.220436872403195e-05
331,7,1-4,adjust,0.0025921954752750023,1.5341441054737936e-05,4.032785854676503e-05
331,8,1-5,adjust,0.001039718092776779,-3.373216144591627e-06,6.305627007848033e-05
331,9,1-5,adjust,-0.0015235016229582297,1.9003533305129432e-06,2.2353580954962344e-05
332,2,1-7,adjust,-0.0004110562169543623,9.989236529619125e-06,9.20092781203934e-05
332,3,1-7,adjust,-0.0005723881989081647,3.408967807157814e-05,7.115003009438983e-06
332,4,1-7,adjust,-0.0014488061052600957,2.035986107859242e-05,5.887643009233607e-05
332,5,1-7,adjust,-0.0021226227939453407,2.1126319095185548e-05,2.1434708220056837e-05
332,6,1-7,adjust,-0.0012726210463158724,3.771670189225102e-05,8.867484777579984e-05
332,9,1-8,adjust,0.0008693284954075964,-4.584699342784864e-06,1.6529309535340344e-06
333,2,1-4,adjust,-0.0005314960957730333,7.214856448673061e-06,1.21921681157518e-05
333,3,1-5,adjust,-0.00026560000386715806,-3.7186699500804576e-05,4.2450409243192647e-05
333,6,1-5,adjust,-0.0010698731022098602,3.616594640656198e-05,5.785023055538724e-05
333,7,1-5,adjust,-0.0009505346425134373,3.746593194345538e-05,7.491077861946828e-05
333,8,1-5,adjust,-0.0010029468707509778,2.685256373742286e-05,2.6637579845927306e-06
333,9,1-5,adjust,0.0004097378575179485,-2.3698329771648333e-06,5.420545564197576e-05
334,2,1-7,adjust,-0.0011546955082754147,1.560946008345985e-05,5.1633782943078295e-05
334,3,1-7,adjust,0.001995453746001037,-1.2359563514470788e-05,4.6383914243535653e-05
334,4,1-7,adjust,0.001078957943869267,3.6352592068404104e-05,6.343989113710713e-05
334,5,1-7,adjust,-0.002881387416009897,-1.8915643044531395e-05,0.0001267809364053186
334,6,1-7,adjust,-0.0022676424094562313,-4.3728028632518054e-05,0.00010485393607496179
334,9,1-8,adjust,-0.00024042389919048753,-2.233086289283836e-05,1.7906020522396825e-05
335,2,1-4,adjust,0.0011140926681291127,1.4381956823207862e-05,2.9387126867481656e-06
335,3,1-5,adjust,-0.003233947165316897,1.3962235705872605e-05,7.245999697328235e-05
335,6,1-5,adjust,-0.0008109378338354864,-1.8111267830838725e-05,2.0345461630971536e-05
335,7,1-4,adjust,0.002564452554148156,-2.18152335229937e-05,2.6154323289817226e-05
335,8,1-5,adjust,0.0005074999967198951,-7.687447614092716e-05,4.780948325225336e-05
335,9,1-5,adjust,-0.00014253346649164078,3.064475233234247e-05,6.822825373008589e-05
336,2,1-7,adjust,0.0009246153545590927,-4.541598972315564e-05,9.001284479304252e-06
336,3,1-7,adjust,-0.0006757465177048877,2.0180284917548813e-05,5.7028196914682815e-06
336,4,1-7,adjust,-0.0008731924064163289,-4.137903415413685e-05,6.221731039738113e-05
336,5,1-7,adjust,0.0033467256051535727,2.2826893283040282e-05,2.891222842295348e-05
336,6,1-7,adjust,0.001876692244845671,-1.859792874808902e-05,0.00010972751231184072
336,9,1-8,adjust,-0.0006443742583389907,-2.655852600299821e-05,8.149019486500291e-05
337,2,1-4,adjust,-0.0008989706895977367,1.8656952983146046e-05,1.3723259743500924e-06
337,3,1-5,adjust,0.0015281682052186742,-3.386849637678103e-05,1.9500158342445685e-05
337,6,1-5,adjust,0.000437868307271691,-9.495126943160073e-07,3.797839555388913e-05
337,7,1-4,adjust,-0.0003130115830408502,2.698769669705202e-05,2.8252995629809093e-05
337,8,1-5,adjust,0.0012994453631337895,5.7909679331181454e-05,8.076018199837745e-05
337,9,1-5,adjust,-0.001231895241162587,-5.576899311333698e-05,5.122658703612319e-05
338,2,1-7,adjust,-0.00038520259177710943,1.756901429110828e-05,7.318000172280548e-05
338,3,1-7,adjust,-0.0035407104528356547,3.1575602750516675e-05,1.7142661708231435e-05
338,4,1-7,adjust,-0.0016941389005542117,-1.1941854947524774e-05,4.1566981515952744e-05
338,5,1-7,adjust,-0.0021131700052778226,1.0593338023395255e-05,5.8646397169719124e-05
338,6,1-7,adjust,0.0018154484172796708,1.5425443376808703e-05,2.9290131615954788e-05
338,9,1-8,adjust,0.002218228049416933,1.3470394862944072e-05,4.657560037136913e-06
339,2,1-4,adjust,0.0012641051337182795,-7.325555585062852e-07,3.180074102864903e-05
339,3,1-5,adjust,0.0014396973530478173,2.0015370855959498e-05,1.116612903207547e-05
339,6,1-5,adjust,-0.000655067731677807,3.580503403881408e-05,0.00011542991742574214
339,7,1-4,adjust,-0.002223475734107563,-8.968973030568289e-06,4.3901931023685845e-05
339,8,1-5,adjust,0.0012977208020663285,-1.2495087889199416e-05,2.101021060072947e-05
339,9,1-5,adjust,0.0007369019951010879,3.9444813007398014e-05,1.0345280602131566e-05
340,2,1-7,adjust,-0.0005683645477881238,3.4803508485316616e-05,7.624369844047742e-05
340,3,1-7,adjust,0.0014067081874082328,-3.547597695351175e-05,6.633741430589708e-05
340,4,1-7,adjust,0.0007774078501693092,7.508290738827685e-06,2.727766883446522e-05
340,5,1-7,adjust,0.00047032425661991655,-5.330325577748813e-06,3.834109944040663e-06
340,6,1-7,adjust,-0.0015940918080331397,4.681613505901138e-05,6.271195229951423e-05
340,9,1-8,adjust,0.0013578146235893192,1.4343750811986749e-05,0.00014521257518014538
341,2,1-4,adjust,-0.0008541516813455147,-3.1315572071893632e-06,2.2657458425420586e-06
341,3,1-4,adjust,-0.0012081503046236098,-7.22806807520552e-06,5.6485194330670146e-05
341,6,1-5,adjust,0.0007773243569100468,-5.018428198273405e-05,3.707738625178406e-05
341,7,1-4,adjust,0.0011363688797370087,-1.5370864797517157e-05,2.5102109860268758e-05
341,8,1-5,adjust,-0.00027884877911485553,-3.553680948206947e-05,2.6228249421770222e-05
341,9,1-5,adjust,-0.00024894697206213017,-5.567468754143834e-06,4.659791381847917e-05
342,2,1-7,adjust,0.0004882276274024897,-2.9171012398835934e-05,0.00012591199799699687
342,3,1-7,adjust,-0.0019427118020755945,9.34260362191803e-06,2.3794682619655574e-05
342,4,1-7,adjust,0.0045797885042539585,8.167122088736583e-07,2.973918592738183e-05
342,5,1-7,adjust,0.001734827736986404,-2.6030159009409057e-05,2.589504105449829e-05
342,6,1-7,adjust,0.0006697957792137948,2.247877812328215e-05,2.717333310921934e-05
342,9,1-8,adjust,-0.0006491143641517444,1.799489226484398e-05,7.03752136823879e-05
343,2,1-4,adjust,0.001667812297921369,-1.2065495230098009e-05,3.251343312070131e-05
343,3,1-5,adjust,0.002237258879359057,-7.533169846743454e-06,2.255103537992853e-05
343,6,1-5,adjust,0.0007884706893724591,-2.343340593492149e-05,2.186996995840196e-06
343,7,1-4,adjust,-0.001970726941574673,2.030528442621585e-05,7.635285147209153e-05
343,8,1-5,adjust,-0.00014228210764651844,2.8375179616226733e-05,7.17106346202148e-05
343,9,1-5,adjust,5.514749816158047e-05,-1.2163582781871798e-06,3.673456875638349e-05
344,2,1-7,adjust,-0.0006196433280684651,3.046315786318899e-05,2.5179458784526293e-05
344,3,1-7,adjust,-0.0007712537484872865,-7.536148498121036e-06,2.4293245559766564e-05
344,4,1-7,adjust,-0.007002614137336602,5.264721104678523e-06,1.1352155309314552e-05
344,5,1-7,adjust,-0.0032015685035450716,-3.267342743592612e-07,1.8306110672666744e-05
344,6,1-7,adjust,-0.000495940978144114,1.8001103657346384e-05,8.591575789766065e-06
344,9,1-8,adjust,9.998596821204283e-05,-2.087558953718664e-05,4.964298218880767e-05
345,2,1-4,adjust,-0.0017060712512978714,-5.957442688935161e-06,9.23361773698404e-05
345,3,1-4,adjust,-0.0005270066776468316,2.9143718280463003e-05,8.948964243116322e-05
345,6,1-5,adjust,-0.0009987477928240904,-2.442401929799205e-05,2.2870586161660286e-05
345,7,1-4,adjust,-0.0006588181155401522,8.674568230241601e-06,2.145469375852094e-05
345,8,1-5,adjust,-0.0018636431801118203,-9.90370577802708e-06,6.661758337564039e-05
345,9,1-5,adjust,-0.0014607457360474784,4.13298260372226e-06,3.0769632607727395e-05
346,2,1-7,adjust,-0.0003975480587974595,1.8101932349474408e-05,1.8884384840416778e-05
346,3,1-7,adjust,0.0012172267732133513,1.548776570497901e-05,3.3483417989144153e-06
346,4,1-7,adjust,-0.0033657540620812085,-1.946787186616418e-06,1.05227661436859e-05
346,5,1-7,adjust,0.00020098096021796272,4.792434209502252e-06,3.198069776123482e-05
346,6,1-7,adjust,-0.001521347637753045,3.6378906644365717e-06,4.846018593773548e-05
346,9,1-8,adjust,0.0003156426072966519,1.7681028211411145e-05,5.4647198527012674e-05
347,2,1-4,adjust,0.00030129406241778315,-1.0010796678443963e-05,4.448398410530881e-05
347,3,1-4,adjust,-0.0016563039599617755,-6.750381013470425e-06,4.733195026630167e-05
347,6,1-5,adjust,-3.444625116726907e-05,2.4255688232347e-06,9.397533567909259e-05
347,7,1-4,adjust,0.0006917796242967969,-2.1126902874670617e-05,5.570004591761761e-05
347,8,1-5,adjust,-0.0018451365577210773,4.7273668046338225e-05,5.144731444831178e-05
347,9,1-5,adjust,-0.0004220972484921336,1.9780155477832222e-05,2.522831610300814e-06
348,2,1-7,adjust,0.0011002672748878738,-5.322097887846428e-05,0.00010996759603521021
348,3,1-7,adjust,-0.0006340801525697461,-2.288579948509845e-05,0.00010440912144072438
348,4,1-7,adjust,0.0038070283424967238,-5.460308323537092e-06,4.194789748829236e-05
348,5,1-7,adjust,-0.0015081277850139253,5.0378399679671195e-06,7.44989616548871e-05
348,6,1-7,adjust,0.00011059155725887105,4.116518028072039e-07,7.144190361536586e-05
348,9,1-8,adjust,-0.00030238149774669185,1.5530917252371817e-05,6.767257696831404e-07
349,2,1-4,adjust,-0.00010095895350747888,-7.981516198380937e-06,2.37735958368851e-05
349,3,1-5,adjust,0.002115798981125633,2.3417300172587544e-05,7.270453016283697e-05
349,6,1-5,adjust,-0.0007087106446073736,3.6569628327003507e-06,3.0938759367755655e-05
349,7,1-4,adjust,-0.0005786207522748405,4.612687798443357e-05,8.642205390167782e-05
349,8,1-5,adjust,0.00011736505619190447,-2.209523422853158e-05,5.498522816594613e-06
349,9,1-5,adjust,-0.0018223904728175884,-5.324306496714935e-05,1.147509859259401e-05
350,2,1-7,adjust,-0.0017235031615380598,8.796351914066425e-05,3.71453694874895e-05
350,3,1-7,adjust,-0.0013912493559978117,4.920814954670218e-05,5.101914383519734e-05
350,4,1-7,adjust,-0.0011064158926894158,5.72454091857908e-06,0.00012179173137902834
350,5,1-7,adjust,0.0003692403896379457,5.524033544546641e-05,1.4651727172745095e-05
350,6,1-7,adjust,-0.001259995960661881,3.5278009168171893e-06,6.492236660988424e-06
350,9,1-8,adjust,0.0008569764658078796,2.6338049313605985e-05,4.523657742885524e-05
351,2,1-4,adjust,0.000373146303275326,-2.544169751775449e-05,5.1190040546681345e-05
351,3,1-5,adjust,0.0010685105949301062,-1.5854253076907183e-05,6.50638266125392e-05
351,6,1-5,adjust,0.0012340777537938115,3.3485410660383346e-05,8.730491596547059e-05
351,7,1-5,adjust,0.003916009366326469,-2.699139397194727e-05,8.458028698634417e-05
351,8,1-5,adjust,0.0015908668460650297,9.02528759786003e-06,5.056592199905715e-05
351,9,1-5,adjust,0.002622171244022762,2.332193588246166e-05,7.279384541426044e-05
352,2,1-7,adjust,-0.00020198379428988311,-1.345775049504958e-06,8.944570358209434e-06
352,3,1-7,adjust,-0.0005870275886124784,2.5117714937429127e-05,9.243632430442494e-05
352,4,1-7,adjust,0.002697685734703769,-2.0867425186763195e-06,8.954243490870714e-05
352,5,1-7,adjust,0.0010761145886629454,-3.718535064284411e-05,4.191873103717425e-05
352,6,1-7,adjust,0.0010874143391582105,1.7482657205493253e-05,0.00015636067457458253
352,9,1-8,adjust,0.0008477435023744871,-2.1750115607545767e-05,2.402962093589177e-05
353,2,1-4,adjust,0.0009331637004389406,-4.834435555125661e-05,5.3982327391547445e-05
353,3,1-5,adjust,7.976257512409984e-06,-2.1609440369060617e-05,6.271725193224511e-05
353,6,1-5,adjust,-0.00019722225739717464,1.6730624975664354e-06,4.81894423084273e-05
353,7,1-4,adjust,-0.004342299579603542,-3.160760854781219e-05,9.06039711436982e-05
353,8,1-5,adjust,0.0003049118188274026,-8.425268601535282e-06,5.7670240755470995e-05
353,9,1-5,adjust,-0.0006881941474472562,4.394833622666097e-07,3.309777410134384e-05
354,2,1-7,adjust,-0.0005650590241970223,1.4813301635772688e-05,1.7545166300580354e-05
354,3,1-7,adjust,-0.0005271928504070053,-2.7429717575920943e-05,7.758814344412221e-05
354,4,1-7,adjust,0.0009303270260046321,-2.1622610991570882e-05,8.743052463403033e-05
354,5,1-7,adjust,-0.0008455588758783644,-1.1514957479039327e-05,2.2791343860619028e-05
354,6,1-7,adjust,-0.00047742335767601694,-3.5748893506798e-05,7.112835223242247e-05
354,9,1-8,adjust,0.000830820342675051,1.0335923373409574e-05,7.346703273072161e-05
355,2,1-4,adjust,0.0007125062478733991,2.4152457760941517e-05,1.677462505117601e-05
355,3,1-5,adjust,0.0011060292021100931,5.901360139287605e-06,4.046090240785597e-05
355,6,1-5,adjust,-0.00022382107117481138,-2.6738898234429528e-05,1.0482462315115089e-05
355,7,1-4,adjust,-0.001061927278413839,1.680155643573614e-05,7.739211615447091e-05
355,8,1-5,adjust,-0.0012733817561404882,-8.988725224077981e-06,5.59078557181272e-05
355,9,1-5,adjust,-0.0010906489511820386,-2.0161002312306907e-05,5.888303281142105e-05
356,2,1-7,adjust,0.0018689431190234197,-3.0122661848748232e-05,5.490738271400613e-05
356,3,1-7,adjust,-0.00036039705894376137,-1.0282157836040586e-05,1.3959273998783973e-05
356,4,1-7,adjust,-0.0002370745049056773,-1.4674542395374857e-06,8.624989464216866e-05
356,5,1-7,adjust,-0.0021646431945508537,-1.204562360700985e-05,7.849263860978497e-05
356,6,1-7,adjust,-0.0016983516092340192,-1.6657938932904676e-05,6.257569547150629e-06
356,9,1-8,adjust,-0.0009489847675576623,3.5668421921030742e-06,7.07339267795103e-05
357,2,1-4,adjust,-0.0011578162182276463,-4.755851015216088e-06,3.298850495130741e-06
357,3,1-5,adjust,-0.0003358106076057925,-1.4311617975985995e-05,3.442680788651047e-05
357,6,1-5,adjust,-0.00013107938339120492,-1.427839373632861e-05,2.1941787392612713e-06
357,7,1-4,adjust,-0.0029764482823261616,-3.083706796485024e-05,3.0469344418048564e-05
357,8,1-5,adjust,-0.00039436618824556795,-5.43880911803509e-05,1.62744419451982e-05
357,9,1-5,adjust,-0.0011722152179398906,-1.9624135812716003e-05,3.602836228237596e-05
358,2,1-7,adjust,0.00045521882993914103,-2.3906134837151198e-05,2.218943853559413e-05
358,3,1-7,adjust,0.0028619170785249156,-2.3890435524309334e-06,5.2160657721295e-05
358,4,1-7,adjust,0.0009972569037575753,1.618157316913851e-05,4.1481952552603755e-05
358,5,1-7,adjust,-0.002990986251886538,-1.8857917153955683e-05,4.144520869797965e-06
358,6,1-7,adjust,-0.002185339431611931,2.6440781461591954e-05,5.442290455267901e-05
358,9,1-8,adjust,0.0003856630343795802,4.174305769716169e-05,0.0001154007727206559
359,2,1-4,adjust,-0.00020385058806689666,4.011914780287687e-05,3.224670719332406e-05
359,3,1-4,adjust,-0.0005849591160073414,1.7717777096906568e-05,7.331706491880726e-05
359,6,1-5,adjust,0.0012722661447435643,-2.888198534659139e-05,5.2058070192931845e-05
359,7,1-4,adjust,0.0011060206462275089,3.02562578192021e-05,9.810452921078191e-05
359,8,1-5,adjust,-0.00241598836792452,5.466739340232816e-06,7.009924163590982e-05
359,9,1-5,adjust,-0.0009709679532001859,-8.088958703327204e-05,7.229331342823918e-05
360,2,1-7,adjust,0.0012842713162743533,-5.521771566600751e-06,2.982825995773479e-05
360,3,1-7,adjust,-0.0016803725674223555,-9.053416771720848e-06,1.5646931748034764e-05
360,4,1-7,adjust,-0.0010487613111139187,1.6672981118591124e-05,2.0917156256657163e-05
360,5,1-7,adjust,0.003238994738863865,5.016201104811638e-05,2.9923339116936366e-05
360,6,1-7,adjust,-0.00168480117718484,3.2617288081651744e-05,4.637151034550534e-05
360,9,1-8,adjust,-0.0008651312482902774,-2.421090430243899e-05,4.690608085915667e-05
361,2,1-4,adjust,-0.0019000962278203743,1.0578794297067783e-05,3.0381380539549727e-05
361,3,1-4,adjust,0.00045041462350542405,-2.7203249634184662e-05,6.182166054526726e-05
361,6,1-5,adjust,0.0012353640371002524,1.1860528386790978e-05,6.884929426737515e-06
361,7,1-4,adjust,0.0020773657610554976,3.0309877077495918e-05,1.8282613003134902e-05
361,8,1-5,adjust,0.0014705389580608578,-2.0721857540804643e-05,1.4764444510131916e-05
361,9,1-5,adjust,0.0008739036523626999,9.132712873070558e-06,4.3078537131241296e-05
362,2,1-7,adjust,-0.00017224382821911087,-8.271155449264625e-06,5.487171160099063e-05
362,3,1-7,adjust,-0.002073924959559005,1.7307220202419313e-05,1.1534813355943665e-05
362,4,1-7,adjust,3.078801155248722e-05,-1.8425090897954181e-06,1.9995950757144194e-05
362,5,1-7,adjust,0.0003534031668034173,3.3021129270263056e-06,6.345723893811963e-05
362,6,1-7,adjust,3.936944575142152e-05,-1.1524763942458438e-05,1.0992349896890588e-05
362,9,1-8,adjust,-0.0004485733601488856,2.736347391362581e-05,4.17394277220532e-05
363,2,1-4,adjust,-0.000670473802663664,1.1232368505718579e-05,3.076229597370015e-05
363,3,1-4,adjust,0.001023351363137331,-2.0192751429391542e-05,6.659632530202007e-05
363,6,1-5,adjust,0.0015810728043967564,5.500489685669573e-06,4.0304259500338975e-07
363,7,1-4,adjust,-0.0002931675056607701,1.0870725715199387e-05,7.535517597173215e-05
363,8,1-5,adjust,0.0009311637606208847,3.118631595413849e-05,1.609559448826859e-05
363,9,1-5,adjust,0.0011596510298067532,-3.67828782328386e-05,2.3769534747387456e-05
364,2,1-7,adjust,0.00016425549308516176,1.5082099487654753e-05,1.60284494808598e-05
364,3,1-7,adjust,-0.001417011835229311,4.552674278556359e-05,1.323157280446131e-05
364,4,1-7,adjust,-0.005673420858833237,6.308093070612636e-05,9.138778074662144e-05
364,5,1-7,adjust,0.0005930873124966138,-3.9397830446570155e-05,1.246370295972326e-05
364,6,1-7,adjust,-0.0022466286096821677,-2.8842106003346796e-05,4.1530812286438914e-05
364,9,1-8,adjust,0.0008177772841560746,4.0963899735918596e-05,3.758081207701394e-05
365,2,1-4,adjust,-0.0018479448321717562,2.8912380836329646e-05,8.729017565953961e-05
365,3,1-4,adjust,-0.0016916879374578248,1.4139711555628861e-05,0.0001614266916433708
365,6,1-5,adjust,-0.0003787422211987442,2.7534838083470235e-05,1.4699363523472034e-05
365,7,1-4,adjust,0.0009279058418761698,-1.4681387098951884e-05,4.628006107149793e-05
365,8,1-5,adjust,-0.0017498497897779671,2.2243658485545117e-05,5.970342645767698e-05
365,9,1-5,adjust,0.0009608740839082606,2.12457619223531e-05,8.592985077726135e-05
366,2,1-7,adjust,0.0023262963842319434,-4.425672361065573e-05,3.729565778004467e-05
366,3,1-7,adjust,-0.0017739859804214995,1.2006436837036198e-05,7.665498426798984e-05
366,4,1-7,adjust,0.0011377017794758338,-2.8929681550322435e-05,7.219845898156962e-05
366,5,1-7,adjust,-0.001665983215137844,-8.839316165881288e-06,3.897879815018968e-05
366,6,1-7,adjust,0.0014216815212677457,1.0180226598658054e-05,3.339479556813248e-05
366,9,1-8,adjust,-0.0010495430246413079,-5.327281451543526e-05,0.00010063879448723199
367,2,1-4,adjust,-0.0012601955800948794,5.727937736233884e-05,8.438435754921311e-05
367,3,1-4,adjust,0.000957475476267712,2.1213656051392917e-05,0.000140141393569383
367,6,1-5,adjust,0.0002406216024783235,-1.4073807442196237e-05,9.253427919484035e-06
367,7,1-4,adjust,-0.0024160093651887783,1.4453921235596612e-05,2.652582630960164e-05
367,8,1-5,adjust,0.0005385427360198273,-3.645617711907125e-05,9.105359352895802e-05
367,9,1-5,adjust,0.00020450918804620186,1.1129053902840507e-05,6.190387330045287e-05
368,2,1-7,adjust,-0.0007782451044699553,-2.735440567882962e-05,3.431762996198413e-05
368,3,1-7,adjust,0.0024886660651661187,-1.4988612875735682e-05,3.654264668210205e-05
368,4,1-7,adjust,0.0005201830999529069,-1.0090735175817121e-06,9.726559886100111e-06
368,5,1-7,adjust,-0.0007821340288971252,2.903802344450369e-05,2.3063997527163494e-05
368,6,1-7,adjust,-0.0021479636312402854,-1.8846364155881694e-05,2.993759449375866e-05
368,9,1-8,adjust,-0.0007474760281699321,-8.68262675037345e-06,1.1283249223817104e-05
369,2,1-4,adjust,0.0008807323194689093,1.7835334472168503e-05,5.427667153908526e-05
369,3,1-5,adjust,-4.964721335352011e-05,-2.1865886669694703e-05,5.7211316233204206e-05
369,6,1-5,adjust,0.0027969672321880162,-1.5534660261012697e-05,3.1761392241611664e-05
369,7,1-4,adjust,0.002533863412553922,-2.236884067917412e-05,2.2652457861429444e-05
369,8,1-5,adjust,0.00017275722085464777,3.487806036101989e-05,1.9323832014302053e-05
369,9,1-5,adjust,0.0008753294528476516,-3.05229203567759e-05,2.154001521082428e-05
370,2,1-7,adjust,0.0021905182543398224,-4.397034651238465e-05,8.066078535978128e-05
370,3,1-7,adjust,0.001268259294347797,-1.1279236561135836e-06,8.899951163339649e-06
370,4,1-7,adjust,0.002620166386451804,-1.2609513963392698e-05,3.919172952950454e-05
370,5,1-7,adjust,0.0024501356664299555,-7.323615635874359e-07,9.677395831564772e-05
370,6,1-7,adjust,-2.527618886217311e-05,1.913160596930554e-05,7.999915083739241e-05
370,9,1-8,adjust,-0.0008615883477253774,3.807480441731143e-05,6.278022428123931e-05
371,2,1-4,adjust,-0.00027219615507605215,-2.5805160939533304e-06,4.127175790659027e-06
371,3,1-5,adjust,0.0002634977552529227,-5.9534843353183915e-06,7.692147884388654e-06
371,6,1-5,adjust,0.0016830260937930842,-2.7647119648293414e-05,6.15171110571031e-05
371,7,1-4,adjust,0.0034008890312494356,-3.880069407865457e-06,4.213891698555181e-05
371,8,1-5,adjust,0.0012163443824955251,1.996112860459804e-06,1.1329082520567625e-05
371,9,1-5,adjust,0.0005843621208744794,1.6226346447307207e-05,6.301706004770315e-05
372,2,1-7,adjust,-0.000603182960761623,-5.103574180400785e-06,4.884964629490203e-05
372,3,1-7,adjust,-0.0015212972731436325,2.702123752163879e-05,3.0215304114176815e-05
372,4,1-7,adjust,-0.00010991540444998749,-1.8669660064316776e-05,2.1202983813245745e-05
372,5,1-7,adjust,0.0034454196815406676,-9.052371036064133e-06,2.2836838443100387e-06
372,6,1-7,adjust,0.0018994691107521375,6.91362179647281e-05,7.141011369540363e-05
372,9,1-8,adjust,0.0005367106305894951,-1.9006267471470909e-06,4.4429332112094584e-05
373,2,1-4,adjust,-0.0015396881218813772,5.972011623227774e-05,0.00011805990856230241
373,3,1-5,adjust,0.0008570612831571932,-3.4166295988247656e-05,6.172877581653534e-05
373,6,1-5,adjust,0.0012787182989555195,-1.1347994554922018e-05,7.16880886157343e-05
373,7,1-4,adjust,-0.0023494491704818465,8.245562862668539e-06,2.0935701165175358e-05
373,8,1-5,adjust,0.0017935732638002953,-8.254588633650041e-06,2.4091622731197124e-05
373,9,1-5,adjust,-0.0007066298366536957,1.137428504626105e-06,1.2337652804794563e-05
374,2,1-7,adjust,0.0008336592183390107,8.826015419579611e-06,0.00010707679905381143
374,3,1-7,adjust,0.0013895295057975128,3.740887456946657e-06,1.9832923283816458e-06
374,4,1-7,adjust,0.0006524126633814332,1.2591130104859776e-05,5.393206984445357e-06
374,5,1-7,adjust,0.0003055506201385109,3.250024689634982e-05,3.2304788924648147e-06
374,6,1-7,adjust,-0.001369498441680714,-2.996633842431873e-05,8.374990625523004e-06
374,9,1-8,adjust,0.0006402099418213676,2.7303268775242537e-05,9.48364707804054e-06
375,2,1-4,adjust,0.0007489040216412561,-7.144283090624077e-05,8.00333233916117e-06
375,3,1-4,adjust,0.0005753427784017432,7.785210037345466e-06,6.259782964566057e-05
375,6,1-5,adjust,0.0019132745356332211,1.7297720391277224e-05,0.0001449113122697496
375,7,1-5,adjust,0.003610342403876812,1.1715948043851565e-05,6.682760173074851e-05
375,8,1-5,adjust,-0.0007821958429678767,-2.7175940132645595e-05,4.762500177157649e-05
375,9,1-5,adjust,0.0012792332109705928,5.107652729748837e-06,2.8330325434048638e-06
376,2,1-7,adjust,-0.0005605012180933765,2.6881393833910775e-05,3.230288582998019e-05
376,3,1-7,adjust,-0.0034599776831503912,4.7508313662295767e-07,2.4395266184483817e-05
376,4,1-7,adjust,0.0013172832274200128,-4.707498483269534e-05,1.0075204201855447e-06
376,5,1-7,adjust,-0.005103855138485544,-4.1681588018955064e-05,5.527846849143006e-05
376,6,1-7,adjust,0.0007213924946807048,-3.090481185065566e-06,5.431851712112983e-05
376,9,1-8,adjust,-0.001447043906807959,-2.642290981505803e-05,6.980673351764909e-05
377,2,1-4,adjust,0.0013293844631474957,-1.8878120029479792e-05,5.058570127881284e-05
377,3,1-4,adjust,0.0021664818239673124,-4.584771675961693e-06,6.195404934226051e-05
377,6,1-5,adjust,-0.003448164241009949,-4.2769680729196e-05,1.2722922071772905e-05
377,7,1-4,adjust,-0.00419264812959283,-4.096103149829119e-05,1.5779180185930384e-05
377,8,1-5,adjust,0.0026787791474350204,1.7191059254828127e-05,7.350839105510994e-05
377,9,1-5,adjust,-0.0010522438710822198,-2.298281245648092e-05,5.665685086740012e-06
378,2,1-7,adjust,-9.070513366969275e-05,9.156476049942122e-06,3.343481705527111e-05
378,3,1-7,adjust,0.0019365258544106888,-3.8140935890398705e-05,2.021838007755511e-05
378,4,1-7,adjust,-0.0007655394920876253,2.2511195190869007e-05,6.624633226286219e-05
378,5,1-7,adjust,0.0026710457985703218,1.4627214400637488e-05,4.21349173458812e-06
378,6,1-7,adjust,-0.0009961913246572152,4.535422665019627e-05,2.149162639027979e-05
378,9,1-8,adjust,0.001958694148132278,5.863843413466627e-05,9.015251195169145e-05
379,2,1-4,adjust,4.3411751937213166e-05,-8.919351297874254e-06,1.0251976257798749e-05
379,3,1-5,adjust,-0.00012072277978841461,-1.2533876883579622e-05,3.507819281343408e-05
379,6,1-5,adjust,0.001958378086118418,1.2185030957577323e-05,6.3081934475768596e-06
379,7,1-4,adjust,-0.0005785531709470094,-1.526875528999502e-05,3.4879526136156773e-05
379,8,1-5,adjust,-0.0042995275973150655,-3.546421278988817e-05,1.8100259292400586e-05
379,9,1-5,adjust,0.00018380625959085042,-2.47167558975002e-07,4.138717607990779e-05
380,2,1-7,adjust,0.0009033262107613758,-1.4895592795359541e-05,9.659329471345209e-06
380,3,1-7,adjust,0.0015205408160773864,-1.114985901975769e-05,3.403524712982666e-05
380,4,1-7,adjust,0.001348998603227657,-3.511018013000555e-05,8.357649428188716e-06
380,5,1-7,adjust,1.3525961416210835e-05,-2.539814909273908e-05,7.235978023762012e-05
380,6,1-7,adjust,-0.001877494109076391,-4.1271114303717314e-05,4.8046892908053865e-05
380,9,1-8,adjust,-0.001768272284181119,-3.560667816070163e-05,2.2185952763537413e-06
381,2,1-4,adjust,-2.512029126022625e-06,1.256614373452942e-05,3.0139024831247312e-05
381,3,1-5,adjust,-0.0002679169744720346,2.356144198078986e-05,2.8318255845452997e-05
381,6,1-5,adjust,0.0014792374567426459,3.436011784557758e-06,6.968588681933786e-05
381,7,1-4,adjust,0.0015022291285087114,4.704771234480608e-05,8.812151545050617e-06
381,8,1-5,adjust,-0.001554582869262412,3.578886306475129e-05,1.0018545751908525e-05
381,9,1-5,adjust,0.0009464348082455562,5.913854117915186e-05,7.672184649053126e-05
382,2,1-7,adjust,-0.001845856030020373,3.586738718328517e-05,2.405467663664831e-05
382,3,1-7,adjust,-0.0026076639226630736,1.3241371852432871e-05,3.271120817735704e-05
382,4,1-7,adjust,-2.0602739615233917e-06,3.507507464575177e-05,2.624644737976175e-05
382,5,1-7,adjust,-0.0016719891982537867,-1.1355472049227691e-05,4.116466640577682e-05
382,6,1-7,adjust,-0.0015372278900948229,1.2597187865804913e-06,7.398701021719265e-06
382,9,1-8,adjust,-0.00048754327652809416,-1.0068691601667448e-05,1.0715399569378232e-06
383,2,1-4,adjust,0.0002464499217470581,-3.9421247500429325e-05,4.518608094076372e-06
383,3,1-5,adjust,-0.0005348057236530664,-4.491557812503091e-05,6.74917177521943e-05
383,6,1-5,adjust,-0.0012072740054316136,2.2433155818020454e-05,1.681134865224369e-05
383,7,1-4,adjust,-0.0014252370656672028,-1.0145746190701932e-05,6.134933612407508e-05
383,8,1-5,adjust,0.0009597452232843432,-3.099759479239159e-05,3.261493145255198e-05
383,9,1-5,adjust,0.0007325025541178588,-1.9997350666031462e-05,3.370490706898529e-05
384,2,1-7,adjust,-0.000353041541463376,2.9505487409875118e-05,4.9242511242057024e-05
384,3,1-7,adjust,0.002362049841474515,2.729322983007325e-05,4.3495755984001144e-05
384,4,1-7,adjust,-0.001424669293611058,-1.769191510674635e-05,1.4837530200201816e-05
384,5,1-7,adjust,-0.0004245791766474079,3.427876559173963e-05,1.3837628951233297e-05
384,6,1-7,adjust,-0.00042755575321090254,-2.389384247013171e-05,8.486693330797859e-06
384,9,1-8,adjust,-0.001471938308462469,-3.725111305316544e-05,6.210623670308822e-05
385,2,1-4,adjust,0.0008566252752392852,-4.7256772384221444e-06,2.0907587090337223e-05
385,3,1-5,adjust,-0.0007114955896723597,2.2990802058517538e-05,4.134083382885726e-05
385,6,1-5,adjust,0.0006905640296009179,6.3204203949841385e-06,1.7489753063262135e-06
385,7,1-4,adjust,-0.00012072254320473137,1.9419113447627782e-05,5.018867234482747e-05
385,8,1-5,adjust,0.002350041097214402,2.1633767332248188e-05,6.98605440980283e-05
385,9,1-5,adjust,0.0007380652107437316,3.654161118085413e-05,5.48549831585367e-05
386,2,1-7,adjust,-0.0006895322517631677,-3.839187722110969e-05,1.3814363904612887e-05
386,3,1-7,adjust,-0.003957990218765079,1.30871758453072e-05,2.555996591701908e-05
386,4,1-7,adjust,-0.0009098949506115174,4.447123930616749e-05,3.49779241983378e-05
386,5,1-7,adjust,-0.0010000498704083862,2.1424143549060314e-05,3.0164272195265223e-05
386,6,1-7,adjust,-0.00038755248508693605,2.1628022691924874e-05,2.0605322402210075e-06
386,9,1-8,adjust,-0.0007992949009965724,1.3315435120123653e-05,1.8063273251506898e-05
387,2,1-4,adjust,-0.0007801997476720518,3.222353392694459e-05,2.045671031331451e-05
387,3,1-5,adjust,-0.00037177758684554975,-3.2309815944934187e-08,4.5390510731347084e-05
387,6,1-5,adjust,-0.0009684627399202437,-6.392005017370635e-06,4.668278917572902e-05
387,7,1-4,adjust,0.00034812091830304054,1.4891565509295194e-05,1.9640161246854227e-06
387,8,1-5,adjust,0.0008407019411599636,-2.0385612164617704e-07,7.212202234276373e-05
387,9,1-5,adjust,0.0004477817128907053,-3.46748711479196e-06,1.2617998064503712e-05
388,2,1-7,adjust,-0.0005375760940781406,-3.4572094334523426e-06,1.3781520565339703e-05
388,3,1-7,adjust,0.0006891968321745546,4.842907757940633e-05,6.158430200074131e-05
388,4,1-7,adjust,-0.003295776714342236,6.040950142306751e-06,4.336604113378277e-05
388,5,1-7,adjust,-0.004118542496821762,-3.533833712966226e-05,4.622101576360255e-06
388,6,1-7,adjust,0.0003443882865410087,-1.0932807722112204e-05,4.16651892691349e-05
388,9,1-8,adjust,0.0002834407116265932,-2.850016920929961e-06,3.222538229942652e-05
389,2,1-4,adjust,1.86775327784025e-05,1.577725135862311e-05,4.396210854694835e-05
389,3,1-5,adjust,-0.0007839909890725829,-1.7766433858831473e-05,1.2093807395374858e-05
389,6,1-5,adjust,-0.0024440607696068896,8.599956874273024e-06,9.85111899874119e-06
389,7,1-4,adjust,-0.001196632212982238,-2.010843284088595e-05,3.995634475874211e-05
389,8,1-5,adjust,-0.0023991872551295404,-1.219189347640703e-05,9.079216051157003e-05
389,9,1-5,adjust,-0.002511971708783739,-4.890721827972318e-06,6.3301008092277295e-06
390,2,1-7,adjust,-0.0004174806541377935,-7.649298470294884e-06,1.3492712192530023e-05
390,3,1-7,adjust,0.0003519914251828146,8.537304198603522e-06,4.469312137275937e-05
390,4,1-7,adjust,0.0008870248194452141,6.312418312064847e-06,6.447778547462802e-06
390,5,1-7,adjust,0.0027706674297792613,8.093770756962274e-06,1.9102030135463116e-05
390,6,1-7,adjust,0.0018791347498574185,-1.4582152183583874e-05,3.0091838529521667e-05
390,9,1-8,adjust,0.0010543322169638315,-1.2612037470258405e-05,2.8489863229622194e-05
391,2,1-4,adjust,-6.817471861975747e-05,4.4674958284725904e-05,6.759605765038138e-05
391,3,1-5,adjust,0.0009965644641816472,-2.7383773720387867e-05,6.855468328668257e-05
391,6,1-5,adjust,0.0003958304369893444,-7.436171157493342e-06,3.0714289434099495e-05
391,7,1-4,adjust,-0.0002186907182966539,-1.9564856404521634e-05,2.8342599927298507e-05
391,8,1-5,adjust,0.0004031476367888129,4.28228159753875e-06,8.399630881905198e-06
391,9,1-5,adjust,0.00029407999660021754,-1.6205713973533115e-05,2.723080725042035e-05
392,2,1-7,adjust,0.0017056065158849475,-5.497596898001022e-05,4.132980348073541e-06
392,3,1-7,adjust,-0.0009023397565918108,-1.8239577526626927e-05,2.165254921133009e-06
392,4,1-7,adjust,-0.0023390118873648797,-2.477184965015421e-05,5.067231608671821e-06
392,5,1-7,adjust,0.0022609125387991406,2.6845617877523954e-05,9.171751889240323e-07
392,6,1-7,adjust,-0.0020330448462060526,1.1065843643298409e-05,7.673914416839962e-08
392,9,1-8,adjust,0.00029545449389892643,1.663837216341988e-05,5.196651936184863e-05
393,2,1-4,adjust,-0.00047238391834824233,2.6255325949533232e-05,1.533588876947301e-05
393,3,1-4,adjust,-0.001634718724098417,4.15213709179338e-05,0.00010067246737655135
393,6,1-5,adjust,0.0012769343265117575,4.510620017892997e-05,8.951118667263903e-05
393,7,1-4,adjust,0.0005955486143976003,1.5466425402227625e-05,5.151310291717331e-05
393,8,1-5,adjust,0.0005834340392606155,1.4958099963262584e-06,1.0928463652508322e-06
393,9,1-5,adjust,0.0016308118117196227,2.9178730580110952e-06,2.341030250237189e-05
394,2,1-7,adjust,-0.0012582816947373917,2.801856875287365e-05,3.3081083889968096e-05
394,3,1-7,adjust,0.0011274219561146883,-4.160806576594499e-05,4.504942494002698e-05
394,4,1-7,adjust,0.0033485308480974284,3.2357797862883285e-06,2.840685167339704e-05
394,5,1-7,adjust,0.001549081507097166,1.2635632668184331e-05,5.0304211317042456e-05
394,6,1-7,adjust,0.00019007979916649956,-1.910972894366901e-05,2.1487130740299828e-05
394,9,1-8,adjust,-0.0005438337978651623,-2.491861535750392e-05,2.0368485102455925e-05
395,2,1-4,adjust,7.340525187871326e-05,-2.4261332050438496e-05,7.645457137614794e-06
395,3,1-4,adjust,0.001568833366094205,3.4303989682327925e-05,4.998234283809339e-05
395,6,1-5,adjust,0.0021854351925146612,-2.4354095500331805e-05,9.225325838516717e-05
395,7,1-4,adjust,0.001161649706066117,-2.3866164662841554e-06,3.8174543921507854e-05
395,8,1-5,adjust,0.0007877059837284493,3.073626338576543e-05,1.8939496436792285e-05
395,9,1-5,adjust,0.0003498287433871137,5.504314733465701e-05,5.9276402973146286e-05
396,2,1-7,adjust,0.0016184101791053259,-3.100634510678003e-05,3.525063609557362e-06
396,3,1-7,adjust,0.0024303390988978943,-1.2790412369274955e-05,3.5888422844645797e-06
396,4,1-7,adjust,-0.0016810180749810234,1.5915122485614895e-05,1.2967653384653836e-05
396,5,1-7,adjust,0.001750447519615668,3.910046557587315e-06,1.727112169669881e-05
396,6,1-7,adjust,0.0003078326568028458,-7.2963697191260225e-06,5.268688813541939e-05
396,9,1-8,adjust,-0.0006317496347230076,-1.2807837321159295e-05,3.876056821461845e-05
397,2,1-4,adjust,-0.00116777988254021,-5.8448233991121906e-06,9.008971962328489e-06
397,3,1-5,adjust,-0.0010664461763033265,-1.4374839534560311e-05,6.714150474767432e-05
397,6,1-5,adjust,0.0012354413480971799,6.683051636848579e-06,3.0659790514323745e-05
397,7,1-4,adjust,-0.0009184316283387346,1.7484661834399785e-05,9.806003307414651e-05
397,8,1-5,adjust,-0.00012719840466530715,3.8948408448283314e-05,5.3392406097652786e-05
397,9,1-5,adjust,-0.0007376217295110185,-2.11970296663566e-06,3.011399064594338e-05
398,2,1-7,adjust,0.0009606387410493611,-1.7057994272732834e-05,4.0176869928249746e-05
398,3,1-7,adjust,0.0009144990354349807,8.373066356926104e-06,8.617049054219765e-05
398,4,1-7,adjust,-0.0024509323048872815,8.281183198863847e-06,2.017303443601734e-05
398,5,1-7,adjust,-0.001527394040837314,2.1264368799309022e-05,1.9502102682163415e-05
398,6,1-7,adjust,-0.000645242718014717,2.25693362957048e-05,3.3492400715222394e-05
398,9,1-8,adjust,0.0014186520153313055,2.0863433511121664e-05,2.5870288802349512e-05
399,2,1-4,adjust,-0.00013433332373645587,4.555694732753621e-05,9.373162301919054e-06
399,3,1-4,adjust,-0.003080933058037657,2.248417074605412e-05,7.064697887097664e-05
399,6,1-5,adjust,0.0015923566912693537,1.37133147307721e-05,0.00011682448560064954
399,7,1-5,adjust,0.003143476798106199,-8.414209221566434e-07,9.661372734061258e-05
399,8,1-5,adjust,0.0011034162758337383,7.691789209218835e-06,2.7762625168619685e-05
399,9,1-5,adjust,0.0011674435333263629,-2.852122054228936e-06,3.9972080134790105e-06
400,2,1-7,adjust,0.0017682330329357222,-5.606714834687764e-05,5.5395691146091124e-05
400,3,1-7,adjust,0.0032339556445606958,-2.152797557790234e-05,4.589247895986656e-05
400,4,1-7,adjust,0.006349151753030368,-4.533495332382286e-05,7.449258207478978e-05
400,5,1-7,adjust,-1.4302196169369024e-05,-1.6231847112326707e-05,4.90196465797679e-05
400,6,1-7,adjust,-0.0021680380921701103,-2.0735559446348023e-05,0.00015770647237049073
400,9,1-8,adjust,4.4590060251036126e-05,-1.7622461803637335e-05,7.732389949772837e-05
401,2,1-4,adjust,-0.0007715549866730394,9.338147273564859e-06,2.1401135713716382e-05
401,3,1-5,adjust,-0.0006021962056518287,-3.8476162397111625e-06,1.0722427447484797e-05
401,6,1-5,adjust,0.0005605621435733511,-7.789418164390514e-06,4.248081697795812e-05
401,7,1-4,adjust,0.0014089451582652065,5.024264258076754e-07,1.403257591583228e-05
401,8,1-5,adjust,0.0003223480225828088,-5.4849051289695184e-05,3.520282442047044e-05
401,9,1-5,adjust,-0.0007273584609091719,-4.692835997699479e-05,2.132058170931692e-06
402,2,1-7,adjust,4.20628655136766e-05,-1.2959387231360208e-05,4.582534769829181e-05
402,3,1-7,adjust,0.00013114118583076813,-1.6246012850729473e-05,1.674335330676086e-05
402,4,1-7,adjust,-0.003608332021035124,-3.4517572866702703e-06,1.2326803086647224e-05
402,5,1-7,adjust,-0.0008753608241304399,-1.7073449517084214e-05,5.5117702732395394e-05
402,6,1-7,adjust,0.00046795241876842976,-6.179562473103361e-06,1.761524445824384e-06
402,9,1-8,adjust,0.00010712637064277831,2.9188950446415817e-05,7.22887386397234e-06
403,2,1-4,adjust,-0.0004983080341383326,5.717604657582666e-07,2.986359227581285e-05
403,3,1-4,adjust,-1.4331507844643228e-05,3.945854598559507e-06,4.5473084771416154e-05
403,6,1-5,adjust,0.0017276836857467491,-2.2429805078916847e-05,3.3738676048173193e-05
403,7,1-4,adjust,-0.001349166363551559,-2.9283477088441084e-05,8.255892952635025e-06
403,8,1-5,adjust,-0.0010031836523402904,-1.929760113720727e-05,6.70115013238299e-05
403,9,1-5,adjust,0.00041652855375677404,3.9569572967714656e-05,2.108648485764345e-05
404,2,1-7,adjust,0.0011350721490476683,1.5390191632169355e-05,3.318357830903883e-05
404,3,1-7,adjust,0.002377540067745534,-2.4744227152480547e-05,5.102804951343286e-05
404,4,1-7,adjust,0.0010981895881131585,-7.325956036212778e-06,2.4700502025335623e-05
404,5,1-7,adjust,0.000821470915092132,-4.4109148633192757e-05,1.1388770767768156e-05
404,6,1-7,adjust,-0.0011508200969403385,5.9300089462141105e-06,1.673311845578827e-05
404,9,1-8,adjust,-0.00012043367452717431,-2.541116197092695e-05,2.2231314260110853e-06
405,2,1-4,adjust,-8.368994004039347e-05,-3.950117192853628e-06,1.1082195657054753e-05
405,3,1-4,adjust,-0.0020747177743609376,3.348681800736236e-05,8.667402857127472e-05
405,6,1-5,adjust,-0.0009034525392632063,2.872971104455537e-05,6.09445999004857e-05
405,7,1-5,adjust,-0.0009350422583664274,1.668542162851599e-05,0.0001077527889150329
405,8,1-5,adjust,-8.105608491468263e-05,8.105815965070335e-06,1.3940575713976704e-05
405,9,1-5,adjust,-0.0018772043459706622,-3.837946106506172e-05,3.3828294363932395e-05
406,2,1-7,adjust,-0.0015922205052580672,2.102027358715143e-05,3.3129195135047275e-05
406,3,1-7,adjust,-0.00017295249782782788,-1.008122685700761e-05,3.420414664056656e-07
406,4,1-7,adjust,0.0016460290020827897,8.894683063982077e-06,6.82442692024911e-06
406,5,1-7,adjust,0.0010667369971031884,2.288357689771949e-05,7.435508833297104e-06
406,6,1-7,adjust,-0.00020604192177810758,1.5266326217787464e-06,4.892791493234303e-05
406,9,1-8,adjust,0.0007227218950870552,3.6938984228186166e-05,3.893093831299573e-05
407,2,1-4,adjust,-0.00015652617722746403,-4.26077400234123e-05,3.778162203001138e-05
407,3,1-4,adjust,-0.0005004836373013894,2.974832841420942e-05,6.43058618933456e-05
407,6,1-5,adjust,-0.0005810585075327815,6.559720555503788e-05,3.479836912309283e-05
407,7,1-4,adjust,0.0003774565041094529,-1.8444489616765888e-05,4.712523760200917e-05
407,8,1-5,adjust,-0.002799604184107912,6.412497788386785e-05,2.7553438838570943e-05
407,9,1-5,adjust,0.0012925213235900812,4.441885600739987e-05,7.777593770988878e-05
408,2,1-7,adjust,-0.0007143927643014505,8.148931370261727e-06,4.372391532812937e-05
408,3,1-7,adjust,0.0031455649401410037,-4.314067143364275e-05,8.930141266961734e-05
408,4,1-7,adjust,-0.0008262803259593386,-1.6266999189955835e-05,1.788876580476482e-05
408,5,1-7,adjust,-0.004675038383457615,-3.4039944343304676e-05,7.175318049314143e-05
408,6,1-7,adjust,0.0028243454807569284,-4.020443948185075e-05,9.339794521999827e-05
408,9,1-8,adjust,-0.001097059224428603,-2.117089375830812e-05,5.0651840958044134e-06
409,2,1-4,adjust,6.414878467724425e-05,2.0283788618111883e-05,2.8702128023184085e-05
409,3,1-5,adjust,-0.0010654778091392497,4.999237746287638e-06,6.553617936038192e-05
409,6,1-5,adjust,-0.004519586083598174,3.0245143318412452e-05,7.7018141462033e-05
409,7,1-4,adjust,-0.003149549411532953,3.504199054807692e-05,2.488302630233141e-05
409,8,1-5,adjust,0.0005216236906267507,-1.4936554321513059e-05,4.559569974343024e-05
409,9,1-5,adjust,-0.0008729059682297965,-3.342704791693837e-05,1.4270507261842852e-05
410,2,1-7,adjust,0.0005055299122112715,-8.938898453871758e-07,3.245349678878352e-05
410,3,1-7,adjust,0.0010013029914951858,1.4675148277190366e-05,6.824325071775544e-05
410,4,1-7,adjust,-0.0005064084170895113,7.54755884082083e-06,3.158868580762112e-05
410,5,1-7,adjust,-0.0032976716556843396,2.6478010329669536e-05,4.243996199472569e-05
410,6,1-7,adjust,-9.063337347950985e-05,-1.6613110081247976e-05,8.032453632314521e-05
410,9,1-8,adjust,-0.00015839508577243723,-3.391004171366765e-05,3.771736300456964e-05
411,2,1-4,adjust,-0.001005698923890398,3.17324997706614e-05,9.43284635125999e-06
411,3,1-5,adjust,-0.003016616113726309,1.8240893850519536e-05,6.642975775970097e-05
411,6,1-5,adjust,-0.001891125447926417,-4.776929325783477e-05,0.00010075715014644408
411,7,1-4,adjust,0.0017053560723637676,-5.6305703772160913e-05,2.9695193760823313e-06
411,8,1-5,adjust,-0.002811232400932826,-1.872023689720418e-05,1.0179837570076418e-05
411,9,1-5,adjust,-0.0007329257170399028,3.4803608862886235e-05,0.00012009642213291678
412,2,1-7,adjust,0.0021072709799802186,-2.2076184418942445e-05,5.372244893985283e-05
412,3,1-7,adjust,0.002756545443652424,-2.2658526890689928e-05,6.82637102020384e-05
412,4,1-7,adjust,0.0040552468017814,1.839248630638228e-05,3.825625170936816e-05
412,5,1-7,adjust,0.00543324013489687,9.04999057259363e-06,5.674352438194613e-05
412,6,1-7,adjust,0.0015983476423584205,2.6631884844339e-06,0.00010408078621174429
412,9,1-8,adjust,-0.0005746029622700702,-3.0139912656121175e-06,0.00011160103666630975
413,2,1-4,adjust,-8.880886318239249e-05,-2.617771737247017e-05,4.521897977129164e-05
413,3,1-4,adjust,-6.91273999929683e-05,-7.967107980112377e-06,0.00013651682765999042
413,6,1-5,adjust,-0.0012883383366292431,4.528129147269246e-05,2.1138509681688503e-05
413,7,1-4,adjust,-0.000746458371178981,5.015058704907323e-06,2.4482550565032015e-05
413,8,1-5,adjust,0.003154957090083692,-9.828233981880937e-06,1.1441134240028603e-05
413,9,1-5,adjust,0.0014433021219807953,1.5003725650048471e-05,4.7770764220304394e-05
414,2,1-7,adjust,0.001095256768461751,6.186896502781434e-06,2.420917112852616e-05
414,3,1-7,adjust,0.0026463461429564457,-3.5347667550805234e-05,4.686948057327928e-05
414,4,1-7,adjust,-0.0005480751631798887,2.654808305287313e-05,9.138555780989653e-05
414,5,1-7,adjust,0.0008481804583922709,-1.2862276931457331e-06,4.9752631542186996e-05
414,6,1-7,adjust,0.002300721914761546,3.84190183842762e-05,4.190976622753166e-05
414,9,1-8,adjust,8.654186770986318e-06,-6.70529843238238e-05,6.575182125216801e-05
415,2,1-4,adjust,-0.00048200778418700955,2.5008311264143724e-05,4.269859764512271e-05
415,3,1-4,adjust,-0.0021793441550446266,2.1785912596137598e-05,5.412768427924015e-05
415,6,1-5,adjust,0.0012027848842215347,-4.271355104940381e-05,3.263429902139743e-05
415,7,1-4,adjust,0.0018608579715414099,1.2290053929734706e-05,7.288959018988154e-05
415,8,1-5,adjust,0.0007928425662690113,-2.0536326802041562e-05,2.0697503241443575e-05
415,9,1-5,adjust,-0.00018195192847997996,3.5365177824675955e-05,5.8972101543050326e-05
416,2,1-7,adjust,-0.0010795981236275723,5.7270276855148824e-06,1.0414109373744405e-05
416,3,1-7,adjust,0.0005538604499126953,8.841743276273353e-06,6.767364227204719e-05
416,4,1-7,adjust,-0.004414412285432207,-3.0721666293777306e-05,4.309365495963275e-05
416,5,1-7,adjust,0.0011711466627518934,-1.0847269546381886e-05,3.53222228237783e-05
416,6,1-7,adjust,-0.0013785292247913432,-4.917487669746334e-05,9.284676407540384e-06
416,9,1-8,adjust,-0.00011465089067886466,-3.256655755985036e-06,1.1787718665574905e-06
417,2,1-4,adjust,-0.0008545417054213312,1.5994460829402954e-05,9.398503597920886e-06
417,3,1-4,adjust,-0.0035004191534644237,2.604664255126383e-06,7.184802252393e-05
417,6,1-5,adjust,0.000565173857578916,2.4464669492172148e-05,2.6743384453030485e-05
417,7,1-5,adjust,0.0008314073742622957,2.001030467198622e-05,7.578278045560983e-05
417,8,1-5,adjust,0.0005945217626651177,2.3666573886252305e-05,3.6252608190206115e-05
417,9,1-5,adjust,0.0016449650492148355,7.31103765801174e-06,3.8988152021078445e-05
418,2,1-7,adjust,0.0005823708808593718,-1.7878727075728275e-05,4.1003191999128964e-05
418,3,1-7,adjust,-0.002505553228636553,5.01713563670371e-05,3.14730841943678e-05
418,4,1-7,adjust,0.000856937705950906,2.0927315153167026e-05,2.178562789963091e-05
418,5,1-7,adjust,0.0019648659507545967,4.298335205449861e-06,2.5888050391424496e-05
418,6,1-7,adjust,0.0007920871123051407,7.291003935540038e-06,3.962238217928819e-05
418,9,1-8,adjust,-0.000297160235613397,1.1876849270919636e-05,1.6017626050477717e-05
419,2,1-4,adjust,-0.0003540166482627986,-6.781217833537778e-07,6.303688580702137e-05
419,3,1-5,adjust,0.0007039020775451605,-3.1049857888958596e-05,1.8823615388696943e-05
419,6,1-5,adjust,0.0005397304889926265,-4.130243628540536e-06,0.00010788103465113214
419,7,1-4,adjust,-0.0007731871590428772,-9.119361171287789e-07,7.873959766926533e-06
419,8,1-5,adjust,-0.0013765518667369443,1.1358682126418865e-05,9.746686032300927e-06
419,9,1-5,adjust,-0.000696275771022414,-2.8230845011829805e-05,8.985372115482041e-05
420,2,1-7,adjust,-0.0015965250755112163,2.5662261806746915e-05,1.8200265374455245e-05
420,3,1-7,adjust,-0.0031813730444402487,-3.330153378589329e-05,8.76957567520087e-05
420,4,1-7,adjust,0.00026319342109636193,9.647419435365901e-06,7.792181918816412e-05
420,5,1-7,adjust,-0.000843169655270563,1.1296878482164625e-05,5.621282728898929e-05
420,6,1-7,adjust,-0.0005615445230153757,-9.163304132063709e-06,9.875827973900009e-05
420,9,1-8,adjust,-6.627761357584939e-05,3.038014268502038e-05,1.4104363591586529e-05
421,2,1-4,adjust,0.0009769038822284787,-4.800191672813661e-06,2.1273769511937516e-05
421,3,1-4,adjust,0.0010199993869904824,6.991566248525221e-06,8.620312691386225e-05
421,6,1-5,adjust,0.0028661021518534137,-2.9370947708974395e-05,2.762185486162685e-06
421,7,1-4,adjust,0.0008837424225741922,3.418543576140479e-05,3.182905447792505e-05
421,8,1-5,adjust,0.00042290198483550703,-1.0325570669190648e-05,1.4319680906180289e-05
421,9,1-5,adjust,-0.00026160869891765875,2.6233102576700553e-05,7.476473643860831e-05
422,2,1-7,adjust,0.0017756821884302306,-3.687799388348051e-05,3.1630408253182725e-05
422,3,1-7,adjust,0.00030756114254285537,1.8593406174504e-05,5.412545113917906e-05
422,4,1-7,adjust,0.0016234329168402437,-2.30337213250302e-05,6.349772894532571e-05
422,5,1-7,adjust,-0.001073318841780383,-1.1515678835280354e-06,3.547852520264674e-05
422,6,1-7,adjust,-0.0019773257823102576,-9.609113745511293e-06,0.0001012707178517754
422,9,1-8,adjust,0.00020940230987273711,-5.831516471740842e-06,0.00010717464828168979
423,2,1-4,adjust,-0.0007844095708380863,3.103189704318723e-05,2.366511223768176e-05
423,3,1-4,adjust,0.001051389915507254,-7.2735378493053675e-06,7.551160316946758e-05
423,6,1-5,adjust,0.0015501750611633003,4.35880661392988e-06,1.880071006468099e-05
423,7,1-4,adjust,-0.002671892743240243,-3.2034410345339344e-05,7.820416168888742e-05
423,8,1-5,adjust,0.0016546210727219105,3.343380433895295e-05,8.42346462505057e-05
423,9,1-5,adjust,0.0011065191936786038,9.601257236159514e-06,1.206605456712116e-06
424,2,1-7,adjust,-0.0001189468711699721,-2.8700150544390123e-06,6.027929679440034e-05
424,3,1-7,adjust,0.0030242704312482753,3.635074587371795e-05,1.9559105066486053e-05
424,4,1-7,adjust,-0.0006139399935669667,2.789477215651044e-06,2.6539015560383864e-05
424,5,1-7,adjust,-0.003467264794243973,-3.297426130627063e-05,9.788499733822741e-05
424,6,1-7,adjust,-0.002017647108694463,3.769143101777611e-05,7.260778172430803e-05
424,9,1-8,adjust,0.0010665092720930473,3.0460343987711914e-05,1.5159335865446537e-05
425,2,1-4,adjust,0.00032347666096259347,1.234154708522935e-05,5.281306042908583e-05
425,3,1-5,adjust,-0.0007318545277731453,-2.0102662542153937e-05,1.1045132576410814e-05
425,6,1-5,adjust,-0.0019689608589745886,3.0408104371606167e-06,2.265415849527235e-05
425,7,1-4,adjust,0.0010235567243775368,4.103737063819196e-05,6.693905375495396e-05
425,8,1-5,adjust,-0.003318288699940287,-2.6277068523918794e-05,2.1937839800699485e-05
425,9,1-5,adjust,-0.0008696983723247807,-5.120312461783494e-05,2.010725170673471e-05
426,2,1-7,adjust,-0.00018776741246859629,9.492344211651386e-06,2.4791819471068735e-05
426,3,1-7,adjust,-0.002186117576649782,-3.1180438492747324e-05,3.696598454322736e-05
426,4,1-7,adjust,-0.0016426271576418965,-4.3274745331694594e-06,9.69549438065095e-06
426,5,1-7,adjust,0.0022170391405212167,2.8884362473991418e-05,3.8194692418720614e-05
426,6,1-7,adjust,-0.0014986998651183327,-2.980761284562641e-05,6.31091020573475e-05
426,9,1-8,adjust,-0.001784707537620988,-2.8613558536744103e-05,0.00011741190406202707
427,2,1-4,adjust,0.0005978673526800023,2.757446225452787e-05,3.7755229058120656e-05
427,3,1-5,adjust,0.00237355013702855,1.581139463092509e-05,5.648795005388505e-05
427,6,1-5,adjust,-0.0004977117508352502,3.2461900997382205e-05,1.6656402721126627e-05
427,7,1-4,adjust,0.00025896301089055524,-5.01100079741e-05,1.3633282362117469e-05
427,8,1-5,adjust,-0.00034157301995835725,-1.327427036187784e-05,8.803581155673969e-05
427,9,1-5,adjust,-0.0012109419346596753,3.532439943315674e-06,5.826786945119055e-06
428,2,1-7,adjust,0.0005394934683192724,-6.458914587673422e-05,8.147459380341165e-05
428,3,1-7,adjust,-0.003585174020571241,8.152275086112647e-06,2.394706218424139e-05
428,4,1-7,adjust,-0.00016293959155022348,-4.251613974749274e-06,1.5924515881532675e-05
428,5,1-7,adjust,0.001819386083941772,4.517342731350948e-05,2.2662830736782605e-05
428,6,1-7,adjust,0.001866697022638304,-1.9829914696943347e-05,7.084090237756169e-05
428,9,1-8,adjust,0.0005056872215302265,1.3548687832870447e-05,2.1759276264659505e-05
429,2,1-4,adjust,-0.0008153005855299976,3.1098355490466876e-05,4.167670003281946e-05
429,3,1-5,adjust,0.0015208701057952696,-1.9949058497084497e-05,1.0778755603912312e-05
429,6,1-5,adjust,0.0016822342159685693,4.592063851638255e-06,0.0001100583583515659
429,7,1-4,adjust,0.0015144998445779604,1.4587504569905925e-05,2.9363711809484453e-05
429,8,1-5,adjust,0.005177743239391087,2.159839562155564e-05,0.00013944823220752496
429,9,1-5,adjust,0.003996276065009124,3.128209530936865e-05,0.00010370699687980116
430,2,1-7,adjust,0.0003081977483773282,2.0279022923301637e-05,6.695146938369764e-05
430,3,1-7,adjust,0.003207079984890173,2.8048645372129503e-05,4.863338823491271e-05
430,4,1-7,adjust,0.0012045832052849008,4.442970734551438e-05,2.024311870410308e-05
430,5,1-7,adjust,0.00176713410306655,-3.169275096324421e-05,4.723790010619511e-06
430,6,1-7,adjust,0.0009415308554827094,9.914240747463542e-06,4.005002652262487e-05
430,9,1-8,adjust,0.0001593844964011698,3.631160186452538e-05,3.317539188139239e-05
431,2,1-4,adjust,0.00017097484058286965,3.5307708851115086e-05,5.4680535757746725e-05
431,3,1-4,adjust,-0.0007485910587907016,3.8466057533758696e-05,5.778126965583842e-05
431,6,1-5,adjust,0.0009667813959187274,2.3073823901618558e-05,6.240948494288205e-05
431,7,1-4,adjust,-0.0035147267047111724,-1.2539065875737545e-06,8.709587727477609e-05
431,8,1-5,adjust,0.0005056913345808906,3.086581395024694e-05,4.2947072315783706e-05
431,9,1-5,adjust,-0.0005357942686282859,-2.7464495433448556e-05,3.0912693771753186e-05
432,2,1-7,adjust,0.000951891055730714,-6.215728605254898e-05,0.00014960519155143078
432,3,1-7,adjust,-0.004520894450490449,-2.13028129521089e-06,0.00011576871996938494
432,4,1-7,adjust,-0.0004234198094215816,-8.586863711954267e-06,4.102915505591846e-05
432,5,1-7,adjust,-0.004437300976457599,-2.4118563628730496e-06,7.379941912935597e-05
432,6,1-7,adjust,-0.0013222359806881918,8.44022857253882e-06,3.138864609471568e-05
432,9,1-8,adjust,0.0009234532619603772,1.718908476724234e-05,0.00011432254121886826
433,2,1-4,adjust,-0.0025807642952564154,3.488846970032229e-05,5.9522721500934874e-05
433,3,1-5,adjust,0.0012274375177150896,-1.7081374354503574e-05,1.5768113581308562e-05
433,6,1-5,adjust,0.00014098772136350647,-1.5688706741263158e-05,7.024990878725635e-07
433,7,1-4,adjust,-0.001980374668741632,-4.022028551440363e-06,5.1184735678107656e-05
433,8,1-5,adjust,-0.0009605429125555948,-6.001808094390479e-05,4.3491129212868345e-05
433,9,1-5,adjust,-0.001448776710678517,-1.6900221873955814e-05,5.351074334529838e-05
434,2,1-7,adjust,-0.00033030456533569965,-2.062383297203882e-05,2.285832309628922e-05
434,3,1-7,adjust,0.00017449737787770866,-3.513222758548696e-06,2.0621733841172387e-05
434,4,1-7,adjust,-0.0011454636692205665,8.303353521862248e-06,5.517090256878439e-05
434,5,1-7,adjust,-0.003378322780906916,2.454950205533703e-05,6.099420202674028e-05
434,6,1-7,adjust,-0.0029993080955575194,-2.120417711676084e-05,1.4579614634142412e-06
434,9,1-8,adjust,-0.0007901543448142187,1.5326288785065288e-06,2.9392622889347017e-05
435,2,1-4,adjust,0.0002809885517791574,4.4300667521593155e-05,4.6191931607227e-05
435,3,1-4,adjust,0.0005284281943002912,7.987749834863207e-06,0.0001360908146569208
435,6,1-5,adjust,-0.00035549765240486004,-1.1980359818697851e-05,6.44397949792389e-05
435,7,1-4,adjust,0.00018961410838213744,-4.526681087355362e-06,2.9509349540877797e-05
435,8,1-5,adjust,-0.0020085743781931933,2.1209169909482507e-05,3.7342180339966995e-05
435,9,1-5,adjust,-0.0022148575694014684,1.1720709335012972e-07,6.354965719640592e-05
436,2,1-7,adjust,0.0015128211540211324,-4.882389798370549e-05,4.276066489202058e-05
436,3,1-7,adjust,0.0016611321171559894,-1.9523495459341705e-05,2.6888944876452332e-05
436,4,1-7,adjust,0.0010109336118526017,-3.5077800748063956e-05,9.031181294444163e-05
436,5,1-7,adjust,-0.0009987508967396926,-7.543952968086439e-06,0.00012380512954570307
436,6,1-7,adjust,-0.0010747591850959128,2.3208911446320926e-05,4.0608605317814056e-05
436,9,1-8,adjust,0.0008609519898247762,-3.519389147462618e-05,6.140568883083901e-06
437,2,1-4,adjust,-0.0015343318063248594,1.3139713013572628e-05,3.5762975722995503e-06
437,3,1-5,adjust,-0.0005809427266759837,-1.3215227637512e-05,1.7879620880133144e-05
437,6,1-5,adjust,-0.0008778592786519799,-1.6731928853720477e-05,5.8752016977768535e-06
437,7,1-4,adjust,-0.00046176963571916866,-8.267529311619097e-06,1.8596449161788938e-06
437,8,1-5,adjust,0.0009131437343702844,-1.3297788891592098e-05,3.511704938565777e-05
437,9,1-5,adjust,0.0003992888772985535,3.191935149677769e-05,1.6973867830959796e-05
438,2,1-7,adjust,0.0007014272254296858,-2.503057317680123e-05,3.472338900449079e-05
438,3,1-7,adjust,-0.00045043827520042164,2.718492822415556e-05,4.996254799546415e-05
438,4,1-7,adjust,-0.00557832017580503,4.94373303823965e-06,2.3255419426447092e-05
438,5,1-7,adjust,0.000986613426219698,-1.3437231310252118e-05,1.6950204713115655e-06
438,6,1-7,adjust,-0.0016752285004774836,-1.9332131117584526e-05,4.213426033090582e-05
438,9,1-8,adjust,-4.1682359360852565e-06,4.907556295103063e-06,8.96197857451748e-05
439,2,1-4,adjust,0.00012457624197788778,3.040772881369718e-05,4.4071025223565057e-05
439,3,1-4,adjust,-0.003238891234755395,1.8727745737668556e-05,5.408564587980405e-05
439,6,1-5,adjust,0.002646903896755663,-9.299957912719127e-06,5.764680276466949e-05
439,7,1-4,adjust,0.001688821869980499,-4.541325329600839e-05,4.712003160599128e-05
439,8,1-5,adjust,-0.0005314119524539205,2.227799488267559e-05,1.878623819882855e-05
439,9,1-5,adjust,-6.694044948737803e-05,-4.385741760963212e-06,1.5010634942052684e-05
440,2,1-7,adjust,0.001056907598221146,-5.187924326320661e-05,9.93935759397773e-05
440,3,1-7,adjust,0.005948851313477815,-2.5425533406723387e-05,5.725588052194475e-05
440,4,1-7,adjust,0.005883741057723319,-1.5577953980430164e-05,7.625069191854423e-06
440,5,1-7,adjust,0.0015366771827709266,-1.4295625227307672e-05,2.859893748578789e-05
440,6,1-7,adjust,0.0013134884020044647,-1.0682131577825264e-05,6.280158859984605e-05
440,9,1-8,adjust,0.0009368678633284061,-5.389300623463593e-06,7.826006445722042e-05
441,2,1-4,adjust,-0.0009486967462434103,3.4786430522780974e-05,1.974952265698672e-05
441,3,1-4,adjust,-0.0011201136086135398,1.6319495199247594e-06,8.241323689478885e-05
441,6,1-5,adjust,-0.001292328744593648,4.532279355127341e-05,1.8672568181514777e-05
441,7,1-4,adjust,0.002720947464686931,1.1655941934261039e-05,4.515038989213765e-06
441,8,1-5,adjust,0.00029538300644473225,-1.8225770680304123e-05,1.631966422928858e-05
441,9,1-5,adjust,-0.0011836213114985413,-2.4861723305037427e-05,5.3708543305779145e-05
442,2,1-7,adjust,-0.0009501527175877274,-2.3816994960113255e-06,7.452185198549889e-05
442,3,1-7,adjust,0.00011668659065545063,-2.3182851329802507e-05,2.170323747338153e-05
442,4,1-7,adjust,0.007081414240290488,-4.5038573904687565e-05,7.902782243148893e-05
442,5,1-7,adjust,0.0033211875873202755,2.397282491053347e-06,7.136619427056545e-05
442,6,1-7,adjust,0.0014474274670224839,-2.118148290057203e-06,3.828291685837501e-05
442,9,1-8,adjust,0.00019656837460114664,-1.504150517528233e-05,7.712780634285527e-05
443,2,1-4,adjust,0.002539087034077766,-6.551273470335935e-05,6.918450459443538e-05
443,3,1-4,adjust,0.004403419201766795,7.523781616845054e-06,0.00010428916297772302
443,6,1-5,adjust,0.0019379400880069262,-1.7762561215546065e-05,8.529183857541269e-07
443,7,1-4,adjust,-9.634852619822524e-05,3.7132381605670054e-05,5.1050425575316755e-05
443,8,1-5,adjust,0.0005205663225006197,-1.1757277663184978e-05,3.33406999251366e-05
443,9,1-5,adjust,-0.0005437321054746437,-1.3376255006601007e-05,6.874063518627286e-05
444,2,1-7,adjust,-0.0008770573811167236,9.903110188772708e-06,8.215202786178698e-05
444,3,1-7,adjust,-0.002039435964474413,-4.6411024235351126e-05,3.923251549744591e-05
444,4,1-7,adjust,0.00031878048590046245,4.488603614650198e-05,5.557550378028219e-06
444,5,1-7,adjust,0.001512449452083639,8.435884667872009e-06,9.894115610849271e-05
444,6,1-7,adjust,-0.00023171820072020414,-1.1975572738443934e-05,1.99358284170778e-05
444,9,1-8,adjust,0.000914560972503805,2.722585709990496e-05,7.210371667387928e-06
445,2,1-4,adjust,0.0004594038862414111,-2.8629992844046943e-05,8.6608975756547e-05
445,3,1-4,adjust,0.001135436953125885,2.5752821064996667e-06,0.00011107530163158668
445,6,1-5,adjust,0.0008403029187990064,2.6727595946251006e-05,4.912689134285476e-05
445,7,1-4,adjust,-0.004241487339933069,-3.325573956066382e-05,8.351877244383047e-05
445,8,1-5,adjust,0.001453595115131281,1.4498609302139354e-05,6.989971824409432e-05
445,9,1-5,adjust,0.0015303696134822734,5.440321156612764e-07,9.256776451219373e-05
446,2,1-7,adjust,0.0020981551459447155,2.8066261151884787e-06,0.00015719195283891573
446,3,1-7,adjust,-0.000864850868995376,3.928751066661917e-06,7.543996708704744e-06
446,4,1-7,adjust,-0.0015430078563115697,1.3375533349894e-05,8.465681601789864e-09
446,5,1-7,adjust,-0.0009879815137393564,1.2229402239300617e-05,1.3945031851912913e-05
446,6,1-7,adjust,-0.0008174578382406124,9.958242211462326e-06,1.6104168280931846e-05
446,9,1-8,adjust,0.00014701215562461952,-2.3788148967429714e-05,9.055228834999133e-05
447,2,1-4,adjust,0.000190234718946302,2.746911251559607e-07,0.0001018432206159747
447,3,1-5,adjust,0.0009962815910467843,8.998820259421525e-06,5.206901969229896e-06
447,6,1-5,adjust,0.0013502416249561965,1.6576196323923175e-05,2.9385497785638092e-05
447,7,1-4,adjust,0.003071959566733413,4.658030650822931e-05,6.610279280370863e-05
447,8,1-5,adjust,-0.0010466962435060382,1.2445178797850964e-05,3.292048832563043e-05
447,9,1-5,adjust,-0.0009203605631639612,1.2722376221767804e-05,1.7330169063959024e-06
448,2,1-7,adjust,-0.00212327850819642,8.582794735618912e-05,4.458113178037686e-05
448,3,1-7,adjust,-0.0017886948979796914,1.3545146470075824e-06,6.276513486317933e-05
448,4,1-7,adjust,-0.002896307620164699,-1.2104542409802247e-05,3.8768633675524846e-05
448,5,1-7,adjust,0.0011407051775350957,1.9516715650409275e-05,3.165145111159144e-06
448,6,1-7,adjust,0.00010427291182786714,3.0531608316274316e-05,2.3825418776881736e-05
448,9,1-8,adjust,0.00010562808323043604,0.00010385199832640105,5.666810840452544e-05
449,2,1-4,adjust,0.00043451185683635556,-2.6082661658228412e-05,8.29935787804079e-05
449,3,1-5,adjust,0.0008896522112953949,7.315744240692066e-06,5.971469580046314e-05
449,6,1-5,adjust,-0.0002957938645859638,9.286280774539949e-06,9.84082848595669e-05
449,7,1-4,adjust,0.004102115293270981,-7.69373994074337e-06,5.681914954729223e-05
449,8,1-5,adjust,-0.0005118766857783174,-5.18994921654333e-06,8.598296121195819e-05
449,9,1-5,adjust,0.0005193513521406311,-1.308851747158471e-05,2.0522725117736622e-05
450,2,1-7,adjust,-0.0010647074438963882,2.1105552186646846e-05,2.921202280773682e-05
450,3,1-7,adjust,-0.003107157125869489,4.4869010455908546e-05,1.527262240717591e-05
450,4,1-7,adjust,-0.0010469782735615717,-4.8652476379408346e-06,1.3071691101129045e-05
450,5,1-7,adjust,-0.0013509500510208816,-3.47293685029575e-05,6.562252126719173e-05
450,6,1-7,adjust,0.00046425945347210466,-3.899798481904328e-05,5.2232604075138744e-05
450,9,1-8,adjust,0.00012466533330477146,-4.022611719391552e-05,2.965037112249454e-05
451,2,1-4,adjust,0.00035570532095297453,2.063921418147614e-05,4.3309295533324065e-05
451,3,1-5,adjust,6.49480367608041e-05,-3.555536426683204e-05,1.4096346057272084e-06
451,6,1-5,adjust,0.00017325822899098787,1.5185065197256615e-05,0.00010570887647440903
451,7,1-4,adjust,-0.00199452173736011,1.0417902192014764e-05,1.110528047617674e-05
451,8,1-5,adjust,0.001515022617776757,-4.218781005904375e-06,0.00010225321667797631
451,9,1-5,adjust,-0.0010433334795906999,-1.0094498978672651e-05,2.0144169278859355e-05
452,2,1-7,adjust,-0.0005719879338030398,5.083331806029654e-06,5.4855887233466494e-05
452,3,1-7,adjust,-0.002765419991227016,2.3589786848668338e-05,3.3720522548181594e-05
452,4,1-7,adjust,0.0013033309081983994,8.344775919373905e-06,1.6200878094768163e-05
452,5,1-7,adjust,-0.0006351613899488886,-5.58896133578929e-06,1.3921214567490104e-05
452,6,1-7,adjust,-0.0016809937030839647,-3.670585680372938e-05,1.8446848375602885e-05
452,9,1-8,adjust,0.0003122213086493761,-8.278413780718893e-06,4.146603444758735e-05
453,2,1-4,adjust,0.0015309167191181507,-7.0958323563611e-05,5.235903117898828e-05
453,3,1-4,adjust,0.0032412886925672307,-3.759174782837309e-05,8.81586678499145e-05
453,6,1-5,adjust,0.000559455827022734,9.055738354308626e-06,3.527024394794913e-05
453,7,1-4,adjust,-2.1926425742628467e-06,-4.452886121413074e-06,4.276722988919584e-05
453,8,1-5,adjust,-0.004205766316448742,-5.16296591498918e-05,3.358385578076074e-05
453,9,1-5,adjust,-0.0005380512992844884,4.05157113248951e-06,8.30031983923368e-06
454,2,1-7,adjust,-0.0014249608310596697,3.7873976213664465e-05,8.634807639130267e-05
454,3,1-7,adjust,0.0008800311210305087,-1.2027794246854753e-05,6.251903089809302e-05
454,4,1-7,adjust,0.0023862448969204897,-4.173801320206639e-05,6.433977678303211e-06
454,5,1-7,adjust,-0.0017720223971684358,6.758373403802216e-06,4.572963546522466e-05
454,6,1-7,adjust,-0.0005862750983788356,-8.423793173228261e-06,4.317684977234305e-05
454,9,1-8,adjust,-0.00033507399075625543,-8.001755541838117e-05,9.353526933950588e-05
455,2,1-4,adjust,0.0013844481756461451,-2.382102688121917e-05,0.00010752388375655713
455,3,1-5,adjust,0.001011468108367444,-8.492014115382975e-06,4.058565034966396e-05
455,6,1-5,adjust,-0.0010600822886627842,1.8847238992547602e-05,7.3331817653422955e-06
455,7,1-4,adjust,-0.0003244655812279428,-1.3023154142859127e-05,3.801676550022994e-05
455,8,1-5,adjust,0.0037291354157044138,1.0868499340635543e-05,6.432787216329007e-05
455,9,1-5,adjust,0.00030352869261379337,3.011518981697944e-05,0.00011704352001902212
456,2,1-7,adjust,-0.002321985770274826,2.385858008205287e-05,8.213208825629929e-06
456,3,1-7,adjust,-0.0019202029227848908,1.9766569113375404e-05,3.524963425416013e-05
456,4,1-7,adjust,-3.5502481168332656e-05,3.774478717037816e-05,0.00011639331878690742
456,5,1-7,adjust,0.0017786578270906112,-2.7067780787608287e-06,3.956805768376587e-05
456,6,1-7,adjust,0.0016320839161896113,-1.8131651466690563e-05,3.362597824143702e-06
456,9,1-8,adjust,-0.00027435968518553885,-1.699997870736849e-05,6.351188076693769e-05
457,2,1-4,adjust,0.001470151442926066,-4.095806742559396e-06,5.779611679507022e-05
457,3,1-4,adjust,0.0012340439066285467,-3.6967399921967077e-06,6.679268004112898e-05
457,6,1-5,adjust,0.0002315102403889322,-5.110033480190219e-06,4.504624027245446e-05
457,7,1-4,adjust,-0.00014941856275004989,-1.2229676572473797e-05,5.902210249219872e-06
457,8,1-5,adjust,-3.4699154115684584e-05,-6.173303639460447e-07,1.994216020144078e-05
457,9,1-5,adjust,-0.0007488424627207374,6.5994789922240336e-06,1.5826410926378256e-05
458,2,1-7,adjust,-0.0021015109783078254,2.74221687477985e-05,2.8148703091404683e-05
458,3,1-7,adjust,-0.0008359094948745566,3.7178314442982905e-05,2.2518310656124828e-05
458,4,1-7,adjust,-0.00288525991299365,3.780310632741287e-06,2.6717713891044358e-05
458,5,1-7,adjust,-0.002795154228381395,-2.6455493057356973e-05,2.2422907910553477e-05
458,6,1-7,adjust,0.0011418500921525129,3.6185209844765953e-05,6.9415709381714666e-06
458,9,1-8,adjust,-0.00033912697440692286,2.240064650055949e-05,1.8905154766642037e-05
459,2,1-4,adjust,0.0006365357599166122,-3.576457128905479e-06,5.268338797748652e-05
459,3,1-4,adjust,0.00045717003718339803,-6.353563870238779e-05,5.093169537745731e-05
459,6,1-5,adjust,-0.0032136818550937856,-8.902517736110959e-06,1.7323607382836768e-05
459,7,1-4,adjust,-0.0012503264909294294,-5.5419860721595886e-06,3.72061434785871e-05
459,8,1-5,adjust,-0.0024642759013365637,-2.8421084874995074e-06,8.828356191889094e-05
459,9,1-5,adjust,0.0009747362624482423,1.974548169444126e-06,2.5728624993276352e-05
460,2,1-7,adjust,-0.0011810011920831886,-2.2566800559067324e-05,2.5614912427047958e-05
460,3,1-7,adjust,0.0015194059159655798,-1.3824934471105553e-05,4.0447015205828324e-05
460,4,1-7,adjust,-0.005381534539278111,3.350733225323523e-05,3.028334814925114e-05
460,5,1-7,adjust,-0.00014545447303267148,-3.014388902685982e-05,6.527444139072548e-05
460,6,1-7,adjust,0.001665227038597768,1.6563900478334548e-05,2.3444163921004176e-06
460,9,1-8,adjust,-0.0004160231491494158,-2.3683265922312774e-06,2.416983698978526e-05
461,2,1-4,adjust,-0.0005079499696090452,1.4426386447181673e-05,9.775681998194418e-05
461,3,1-4,adjust,-0.001870693864593793,4.2155497454430484e-05,9.730855433893745e-05
461,6,1-5,adjust,-0.0011463530868593692,-1.6893497723954512e-05,1.2007836688788948e-05
461,7,1-4,adjust,-0.0006326719947545442,-2.7571108723680396e-05,5.180126322444391e-06
461,8,1-5,adjust,-0.00350917251704134,2.282238447525211e-06,8.892795909566066e-05
461,9,1-5,adjust,-0.001092180727314003,-6.01927432463771e-06,7.098508786907385e-05
462,2,1-7,adjust,0.0011525129035871572,-2.411273280581596e-05,3.2757365154910823e-05
462,3,1-7,adjust,0.0008949206727291297,-2.8679251787717223e-05,9.550938144689115e-06
462,4,1-7,adjust,0.00629948350244041,-3.803244389224071e-05,4.3089207469964826e-05
462,5,1-7,adjust,0.004408848131951223,-4.862461035551235e-06,7.541714576752824e-05
462,6,1-7,adjust,0.0006165165678157517,-3.151634417543088e-05,8.608593433385685e-05
462,9,1-8,adjust,-0.0007380087718649253,-1.5405553945070067e-05,1.632990186576877e-05
463,2,1-4,adjust,-1.1793718594806181e-05,-1.7453207207778527e-05,0.0001037365536189355
463,3,1-5,adjust,0.0007884531811000022,2.0132774412587587e-05,3.2665026590143424e-05
463,6,1-5,adjust,0.0010409705252706933,-3.955743773854873e-05,8.81482819260096e-05
463,7,1-4,adjust,-0.0018071065315525005,4.476981029350062e-05,4.739133875749559e-05
463,8,1-5,adjust,0.0004970757639562215,2.4071331171105693e-05,1.6791926058077365e-05
463,9,1-5,adjust,-0.001154160776469868,-8.133610806206451e-05,2.3171548037279263e-05
464,2,1-7,adjust,0.0005982901382141836,8.427662779058548e-06,1.559235879403534e-05
464,3,1-7,adjust,0.00030630511958856853,-3.711854187113131e-07,6.496872400306407e-06
464,4,1-7,adjust,-0.0003792297493964357,2.4851901540806347e-05,5.708277695792455e-05
464,5,1-7,adjust,-0.0007860612775192334,5.9797284415146555e-05,1.7190749851125345e-05
464,6,1-7,adjust,-0.001003666906200791,2.8207405393903335e-05,2.1378667776248832e-05
464,9,1-8,adjust,0.0010771639858917132,1.0478935537627107e-05,4.222217315529017e-05
465,2,1-4,adjust,-0.0006521309797786403,1.6309873093288045e-05,6.451658632238968e-05
465,3,1-5,adjust,-0.0013481063234564074,-2.372938557401739e-05,3.2956678374388234e-06
465,6,1-5,adjust,0.0005778530368461843,5.671064541144067e-05,4.166903518950796e-05
465,7,1-4,adjust,0.005520853011535282,1.2147161815616471e-05,8.244217757113036e-05
465,8,1-5,adjust,6.831315980942411e-05,-2.4319145899596796e-07,0.00010461215581237793
465,9,1-5,adjust,0.00041864074267132474,5.391018138835662e-05,2.6709065472141317e-05
466,2,1-7,adjust,0.0006782248616508444,1.603654725074564e-05,3.3560955371757295e-05
466,3,1-7,adjust,-0.0026771245689227994,5.0285758426570946e-05,6.953104024696566e-06
466,4,1-7,adjust,0.001047335158554157,1.5468433668240104e-05,5.900405573339804e-05
466,5,1-7,adjust,-0.0006055851294683571,-4.618883590283998e-05,1.921010497834031e-05
466,6,1-7,adjust,0.0008379927947916541,8.053479019904186e-06,7.943916420670334e-05
466,9,1-8,adjust,0.0004488611114958674,-1.687909091264107e-05,0.0001144484883225471
467,2,1-4,adjust,0.00017876115046616887,-1.5310060752714546e-05,6.454240203328505e-05
467,3,1-5,adjust,0.001871049129108861,-3.0725468551832035e-06,6.909307635405022e-05
467,6,1-5,adjust,-0.0005422674337103263,-2.789018503467502e-05,5.7697439141373764e-05
467,7,1-5,adjust,-0.0029567608797939644,-5.3098252007538845e-05,9.394119202652175e-05
467,8,1-5,adjust,0.0013329479088340515,1.60132586878257e-05,3.5843611920044226e-05
467,9,1-5,adjust,0.00013188387546175817,6.052895184439098e-06,7.3771258407305e-05
468,2,1-7,adjust,0.00018257562842233794,-1.88885940839785e-05,3.538259510726563e-05
468,3,1-7,adjust,-0.0004698654895924061,-3.1140248227356045e-05,0.00011359654900015258
468,4,1-7,adjust,-0.0011247870546763814,-6.573512936501582e-05,4.375443080136626e-05
468,5,1-7,adjust,-0.0018321886477295694,-3.3270453906456345e-05,9.171534284263652e-05
468,6,1-7,adjust,0.0008135519340948444,2.8860971554669605e-06,2.3106695368257728e-05
468,9,1-8,adjust,0.00042304132163095156,3.0112169474593863e-05,4.7390635539047054e-05
469,2,1-4,adjust,0.0012665203982684297,-1.4901226015117704e-06,8.345732347126072e-05
469,3,1-4,adjust,2.485059375409279e-06,-9.208180062606624e-06,6.911899147320677e-05
469,6,1-5,adjust,-0.002432807055267417,-4.38423684705222e-05,6.131121772182936e-05
469,7,1-4,adjust,-0.0001471628001757152,8.103999612133397e-06,1.2448380932324753e-05
469,8,1-5,adjust,-0.005413346329803023,-9.32516234123951e-05,2.937161257514278e-05
469,9,1-5,adjust,-0.0008739631630167785,3.501137685078657e-07,5.704012988767637e-06
470,2,1-7,adjust,-0.0005562455114782069,-1.9572441652813613e-05,0.00011036918755202621
470,3,1-7,adjust,-0.002281320414778777,4.221148193445791e-06,4.127988912352621e-05
470,4,1-7,adjust,0.0006526967409282429,6.613383610408021e-06,1.2133709131470438e-05
470,5,1-7,adjust,0.003611798759655194,5.669557738606274e-05,1.4401952733946357e-05
470,6,1-7,adjust,-0.0008258014887998186,4.069858542185581e-05,3.1364687364144423e-05
470,9,1-8,adjust,-0.0013253255039393712,-6.413945972372127e-05,0.00012879539710592306
471,2,1-4,adjust,0.0001847215471651492,-2.5228726708968053e-05,2.1321019574811224e-06
471,3,1-4,adjust,0.002268716445373037,-1.634002112150458e-05,5.7483605486204935e-05
471,6,1-5,adjust,0.0013588800575686554,2.0882433978445e-05,6.02991286542055e-05
471,7,1-4,adjust,-0.0030909654431740237,-1.3900970853663234e-05,0.00010092429452651445
471,8,1-5,adjust,0.003015681343866425,3.402204037508121e-05,1.2538427766232911e-05
471,9,1-5,adjust,0.0018672352106600192,6.400796764379574e-05,9.169222604152023e-05
472,2,1-7,adjust,0.0012996515248846258,-2.2790735459861344e-05,5.4822950987244645e-05
472,3,1-7,adjust,0.0034367088891564582,-3.096600379851667e-05,6.737050239900476e-05
472,4,1-7,adjust,-0.004225985726695036,-4.228394099657301e-05,1.6633047459785442e-05
472,5,1-7,adjust,0.0011837265263752782,2.8384569997099827e-05,2.2062038520599633e-05
472,6,1-7,adjust,-0.0007435699661917405,-7.369031222681154e-06,5.21902974071524e-07
472,9,1-8,adjust,-0.00049668231849851,1.6452116930423868e-05,2.241889134301029e-05
473,2,1-4,adjust,-0.0008258731422010625,9.153689179946712e-06,3.343214172824168e-05
473,3,1-5,adjust,0.0005181802692499834,2.395551524243049e-05,6.0511213397117445e-05
473,6,1-5,adjust,0.0029109793992641744,-6.501127818660317e-05,9.307063676005335e-05
473,7,1-5,adjust,0.004988176298438368,5.01670146969108e-05,0.00010781860265673601
473,8,1-5,adjust,0.002097696572395184,4.9318945090396253e-05,4.6983689212361384e-05
473,9,1-5,adjust,0.0015737228717527818,2.621751745322813e-05,4.053244746547526e-05
474,2,1-7,adjust,-0.0008631026118552016,2.3052106988255724e-05,1.9612324130434726e-05
474,3,1-7,adjust,0.0028001320680174657,4.490198026736266e-05,6.99301460923444e-05
474,4,1-7,adjust,0.0009000345812219575,4.54674319759668e-05,6.504519556575679e-06
474,5,1-7,adjust,-0.002737372997389717,-2.3640454641550428e-05,2.437827204182065e-05
474,6,1-7,adjust,-0.0016960344121029851,-7.872289108552284e-06,4.7177739935876086e-05
474,9,1-8,adjust,0.00011109255041682499,2.019003642512502e-05,2.127415359697289e-05
475,2,1-4,adjust,-0.0001177728513144739,3.8163553191664284e-05,1.5071480638826394e-05
475,3,1-4,adjust,-0.00390953894745765,1.6776189692291053e-05,6.923032736937507e-05
475,6,1-5,adjust,-6.618275326831759e-05,-5.002423274797169e-06,4.2013754918281505e-05
475,7,1-4,adjust,-0.001364035689310867,3.34424670479399e-05,3.2150682025321665e-05
475,8,1-5,adjust,0.0012126530073880441,-1.947865139946884e-05,5.322684775299284e-05
475,9,1-5,adjust,-0.0002897024606288177,-8.878029890047537e-06,3.4228104239249934e-05
476,2,1-7,adjust,0.0006773881963936781,1.70671419675592e-05,5.223825662036584e-05
476,3,1-7,adjust,-0.002203763923453883,6.6548746312798025e-06,1.3151062986395222e-05
476,4,1-7,adjust,-0.002405155717063903,4.177506180765838e-05,1.7441245318532528e-05
476,5,1-7,adjust,-0.0021417763285930063,1.9804917616508754e-05,0.00010421564348321564
476,6,1-7,adjust,-0.0006329738970728221,4.530231703906456e-05,6.899143178664012e-05
476,9,1-8,adjust,-5.421789473473245e-05,-2.0901511811916496e-05,2.441436621890207e-05
477,2,1-4,adjust,-0.0012514403198630902,5.320600427045223e-05,4.6888104158501756e-07
477,3,1-4,adjust,-0.001942580966334842,2.3422468512872396e-05,0.0001223993270868082
477,6,1-5,adjust,0.0007183606785101552,-1.3160422189134999e-05,2.2752010242808722e-05
477,7,1-4,adjust,0.0016946074278161082,2.9062882090266814e-05,8.812728282211695e-05
477,8,1-5,adjust,5.648585950660906e-05,-1.0297423058390511e-05,5.0490938649477175e-05
477,9,1-5,adjust,-0.0006350594287197214,-1.4866183906930349e-05,2.8359613634488516e-05
478,2,1-7,adjust,-0.000797954002644982,-3.38225269281009e-06,7.3439101332947915e-06
478,3,1-7,adjust,-0.003048199709974691,5.807473199628607e-05,7.723449135113438e-05
478,4,1-7,adjust,0.0026713470346296686,-9.039985899993985e-07,7.540060226612285e-06
478,5,1-7,adjust,-0.0022496711567325405,-1.57170555606859e-05,1.5032417026258042e-05
478,6,1-7,adjust,-0.001098238088920793,8.131188304126327e-06,1.902098724081209e-05
478,9,1-8,adjust,0.00011808090031909663,1.5255827091885473e-05,7.194049729201627e-05
479,2,1-4,adjust,0.0001492318068119152,8.025397640023836e-06,1.3015840224985746e-06
479,3,1-5,adjust,0.0023638200714329433,-7.83866655557222e-05,5.308172358035353e-05
479,6,1-5,adjust,-0.0011286159760529734,-8.662235327643934e-06,8.512725538703677e-05
479,7,1-4,adjust,-0.002849807031906415,-4.116679035614951e-05,3.290114845130961e-05
479,8,1-5,adjust,-0.0010374646535550888,-1.0314319770726004e-07,1.4900466447782991e-05
479,9,1-5,adjust,0.00022787714501965395,3.1553388090337916e-05,2.6380292668883596e-05
480,2,1-7,adjust,-0.000521913676607022,-2.7420198077903812e-05,5.3852588321053175e-05
480,3,1-7,adjust,-0.003196760956198597,3.992980121637172e-05,0.00010533652567287308
480,4,1-7,adjust,-0.0005239095904897341,3.0165504900622752e-05,1.4766079741129412e-05
480,5,1-7,adjust,0.0018841179086347712,3.5447652195781256e-05,2.90193464396917e-05
480,6,1-7,adjust,-0.0004990340060362084,-2.494743211147498e-06,1.190882285445488e-05
480,9,1-8,adjust,-1.8866883665282168e-05,-6.064737988822254e-05,0.0001700310913635542
481,2,1-4,adjust,-5.4358122335969646e-05,4.3981775276031325e-05,2.4171506371253992e-05
481,3,1-5,adjust,0.0025018057112821176,-2.06764045071136e-05,3.688353746790742e-05
481,6,1-5,adjust,0.0014030543067238069,-3.0031454812283413e-05,5.921019382916346e-05
481,7,1-4,adjust,0.0011931274938554318,-3.2530964436547062e-06,4.505966899117428e-09
481,8,1-5,adjust,0.0016102518875370838,1.53573870381152e-05,6.577703078602944e-05
481,9,1-5,adjust,0.0003446902513353555,2.8047024716712e-06,3.681297619740557e-05
482,2,1-7,adjust,-0.00022015641758260006,-2.74202327381518e-05,4.057104901224017e-05
482,3,1-7,adjust,0.003822810656985358,-2.4095770674538416e-06,5.276283059553788e-05
482,4,1-7,adjust,-0.0005474274929002607,-3.0262504379808433e-05,6.584551149118832e-05
482,5,1-7,adjust,-0.002770638595080015,-3.7310138178853505e-05,3.707876135201709e-05
482,6,1-7,adjust,-0.0008931823292036029,3.0531699469903374e-05,3.392309778419417e-05
482,9,1-8,adjust,0.0002491912088375992,7.492055398137609e-06,3.910336775143844e-05
483,2,1-4,adjust,0.00014270570098461332,-3.263473261787328e-05,6.799494338813085e-06
483,3,1-5,adjust,-0.001858831863911154,8.255341513565736e-06,5.244862873873694e-05
483,6,1-5,adjust,-0.0032005944049919525,2.1440862042537188e-05,2.7055968113975777e-05
483,7,1-4,adjust,-0.000283738024047597,-2.56214448541619e-05,3.0834885401376324e-05
483,8,1-5,adjust,-0.000823379015565993,-2.6183956854124526e-05,9.012510223831087e-06
483,9,1-5,adjust,-0.0005548285007170753,1.50025951099267e-05,2.1356505193397607e-05
484,2,1-7,adjust,0.0018106752954705678,-9.209481809991053e-06,3.298263507440792e-05
484,3,1-7,adjust,0.0005337030786220314,3.148898600546138e-05,4.04770839447388e-05
484,4,1-7,adjust,0.0015010744607680062,-1.0880980272189464e-05,7.200329781503218e-05
484,5,1-7,adjust,0.001557348251422737,-1.8828455493888e-05,2.0293327550356146e-05
484,6,1-7,adjust,0.00197812875517067,-1.2154551471944945e-05,2.0229088118878604e-05
484,9,1-8,adjust,-0.000347234322943094,-1.191015180370817e-05,4.741307556596114e-05
485,2,1-4,adjust,-0.0002199583308145505,-1.6055032312166185e-05,2.8105454471684186e-05
485,3,1-5,adjust,-0.0001548529177457096,-5.231730152678984e-05,3.7506761079113424e-05
485,6,1-5,adjust,8.982734136222061e-05,-4.7374880482982725e-05,0.00014386308693414737
485,7,1-4,adjust,-0.0012576369580235406,-2.4643409966884467e-05,3.648635236630841e-06
485,8,1-5,adjust,-0.00042689698319038464,5.21634495680871e-06,2.6856069889780366e-05
485,9,1-5,adjust,-0.0004240200331096987,2.4599623185589432e-05,1.9125772075804166e-05
486,2,1-7,adjust,0.0023715579700090915,-5.541176553564493e-05,4.6616611043397484e-06
486,3,1-7,adjust,-0.0033664089969045008,8.257358938161112e-06,2.686478075548647e-05
486,4,1-7,adjust,0.0024573646989029577,4.233787869871939e-06,3.257232824266295e-05
486,5,1-7,adjust,0.0032999040942555007,1.74837285798022e-05,1.2534762790382984e-05
486,6,1-7,adjust,0.0015146818370368514,-1.6208765406842495e-05,4.520575318572414e-05
486,9,1-8,adjust,0.0004520995841348627,-2.9713631369935305e-05,2.680018561334562e-05
487,2,1-4,adjust,-0.002847420826082784,6.265906061613037e-05,0.00011683534797278874
487,3,1-5,adjust,0.002174083758635242,-2.7591008046598195e-05,6.314434831557014e-05
487,6,1-5,adjust,0.001601327677889891,7.358280576546028e-05,1.589578814823004e-05
487,7,1-4,adjust,-0.0011564600544112533,-1.680719742572238e-05,1.8696310385878605e-05
487,8,1-5,adjust,-0.00010152966140399144,4.56561819988568e-05,4.8113632084972306e-05
487,9,1-5,adjust,0.0011689814186668418,-2.7895433818644075e-07,4.6494420955613614e-05
488,2,1-7,adjust,-0.00043023002572998626,-2.808949954508299e-06,7.612766745008771e-05
488,3,1-7,adjust,0.0019493914835942462,2.2796664041323443e-06,8.342283942686011e-05
488,4,1-7,adjust,-0.004120555104037916,-1.2814179664792276e-05,7.641571021493406e-05
488,5,1-7,adjust,8.819104665983612e-05,2.4432258739597403e-06,9.234174835507297e-05
488,6,1-7,adjust,-0.0004954329029267297,-7.1161252957390095e-06,3.152826922944146e-05
488,9,1-8,adjust,0.00017436270153453425,-2.0472547376143804e-05,6.210218463300669e-05
489,2,1-4,adjust,0.000344437104450351,4.938889668897278e-06,7.642995809612792e-05
489,3,1-5,adjust,0.0004940296018683826,1.4123400394746867e-05,3.901887865834131e-05
489,6,1-5,adjust,-0.0007429429594614875,-6.385053554692011e-06,8.666760204705914e-05
489,7,1-4,adjust,-0.0016206992649313494,-4.62694159889266e-06,9.383162118572184e-05
489,8,1-5,adjust,0.0012345821902957556,-1.1709040359659189e-05,8.775898959272349e-05
489,9,1-5,adjust,-0.000844619658093005,-2.1353240198822973e-05,1.2612341288566412e-05
490,2,1-7,adjust,0.0016433618603758683,-7.74763229695712e-06,1.7234710446370304e-05
490,3,1-7,adjust,-0.0014934045950712076,-1.8317053734105325e-05,1.495705031131148e-05
490,4,1-7,adjust,0.005183530522199688,-2.283046072972664e-06,6.17842775023171e-05
490,5,1-7,adjust,-0.000239320050275329,-1.0699418669955635e-05,0.00010712959211543925
490,6,1-7,adjust,-0.002008123602276392,-1.1968055898978869e-05,1.7713360793811932e-05
490,9,1-8,adjust,0.00036373471058459285,4.805111448457441e-05,7.242576541439526e-05
491,2,1-4,adjust,0.0008704434637199684,-3.059140907963557e-05,2.026064700480937e-05
491,3,1-4,adjust,0.002138210712397955,-3.6365188605479455e-05,8.954843767634988e-05
491,6,1-5,adjust,0.00189209012354844,3.824440512084379e-05,8.383308832424228e-06
491,7,1-4,adjust,0.0033411345106581338,1.0398373428639459e-05,1.696727434544488e-05
491,8,1-5,adjust,0.0014171983050412765,-7.540940450781829e-06,5.6569233865009294e-05
491,9,1-5,adjust,-0.0003911561084822649,-1.6176635698449686e-05,2.5996599890639225e-05
492,2,1-7,adjust,-0.0009790897010737841,-2.050969388245154e-05,8.582308251915222e-05
492,3,1-7,adjust,0.0015981794413201897,-1.7451342868760167e-05,7.584529509642634e-05
492,4,1-7,adjust,-0.004636859134329264,3.601945241523231e-05,1.8200842694565667e-05
492,5,1-7,adjust,-0.0018988829602767634,-1.1460364056027473e-05,2.3158366193348686e-05
492,6,1-7,adjust,0.0013486377968317377,-7.74790630627098e-06,4.268644257647695e-05
492,9,1-8,adjust,0.0008123799817775706,7.572143574166792e-06,0.00010080131210581642
493,2,1-4,adjust,-0.0013068939999482732,2.4098378405025676e-05,2.452049921358019e-05
493,3,1-4,adjust,-0.002158935540376528,4.398783786138762e-05,5.148751358061827e-05
493,6,1-5,adjust,-0.00015017516212010576,-1.1448672292728228e-05,3.229041631389289e-05
493,7,1-4,adjust,-0.002919001980696748,3.643536382333686e-05,3.3256133131270794e-06
493,8,1-5,adjust,-0.002769514419460756,-3.758244654267506e-05,5.324211400199021e-05
493,9,1-5,adjust,-0.0013450023301948266,1.0306094833958707e-06,7.214649821604277e-05
494,2,1-7,adjust,-0.0009555657066842495,2.6443531325056825e-05,5.88351844790244e-05
494,3,1-7,adjust,-0.003993864541994703,3.6393321938572415e-05,0.00010721026042806407
494,4,1-7,adjust,0.0011969970470546813,2.5319435464006467e-05,5.7334460922563684e-05
494,5,1-7,adjust,-0.003959553042754102,8.628429286884668e-06,3.490933386445121e-05
494,6,1-7,adjust,-0.0007625691493103785,-2.08403074375389e-05,7.29824061117395e-06
494,9,1-8,adjust,-0.0004213717392492563,-3.681151078850948e-05,4.117936929998798e-05
495,2,1-4,adjust,-0.0005543493872169655,5.793842687266202e-06,1.5518323761885072e-06
495,3,1-5,adjust,0.0008944492423249544,-3.2841757112327374e-05,6.260004662616881e-06
495,6,1-5,adjust,-0.0014796245699646552,3.37803997171694e-05,4.1188162642348915e-05
495,7,1-5,adjust,-2.138455471202523e-05,8.268835669382645e-06,7.701049693088022e-05
495,8,1-5,adjust,-0.0012727267252746679,-2.86548676507183e-06,2.455610033793297e-05
495,9,1-5,adjust,0.0023054058305890385,4.4865856757636575e-05,1.4322291243272476e-05
496,2,1-7,adjust,-0.00048342824966419887,2.4457873805079603e-05,6.451426323725526e-06
496,3,1-7,adjust,-0.0011995544370522943,-1.26462750687021e-05,3.8905803272689665e-05
496,4,1-7,adjust,0.0008258868348103793,-5.6608556380194696e-06,6.184641076143122e-05
496,5,1-7,adjust,-0.00029398938186610436,-1.811667235443908e-05,2.0949332325362296e-05
496,6,1-7,adjust,-0.0010904896014592514,-1.2002563204450326e-05,1.2520466674314203e-05
496,9,1-8,adjust,-0.00167162897178872,-5.971833147355637e-06,1.6059069924335124e-05
497,2,1-4,adjust,0.0013239020093899307,2.2970751088276605e-05,3.76451325929053e-05
497,3,1-5,adjust,0.0018525247113196578,4.112631514216229e-05,4.719034485565028e-05
497,6,1-5,adjust,-0.001583621373873352,1.9906805201440326e-05,0.00011526404798227186
497,7,1-5,adjust,-0.0019221640421936846,-2.6365098882580803e-05,0.00010750646469174932
497,8,1-5,adjust,-0.001791324493767004,-1.02030020643951e-05,4.645164619828743e-05
497,9,1-5,adjust,-0.0001729697997100913,-1.2753839460779855e-05,5.999693182767193e-05
498,2,1-7,adjust,0.0012001467231376956,-2.866163232869649e-06,5.656303071122596e-05
498,3,1-7,adjust,0.0008234504973570739,-4.034382586575764e-06,3.435827767087938e-05
498,4,1-7,adjust,0.002905869890889406,-3.763551189276661e-05,6.150727087087392e-07
498,5,1-7,adjust,0.0002639188105829898,1.9085962014890964e-05,4.70215698886655e-05
498,6,1-7,adjust,0.0010142351206960285,2.094129958677554e-05,1.4264866812948438e-05
498,9,1-8,adjust,-0.001048011053975089,-8.751041471017634e-06,9.317167569113457e-06
499,2,1-4,adjust,0.0007420802890201865,-4.929073435117344e-05,1.1455369150358408e-06
499,3,1-4,adjust,0.0014281866727097795,-2.680349628538042e-05,9.916681216162144e-05
499,6,1-5,adjust,-0.0013962854172262591,-8.318861722256489e-06,0.00010107135012226703
499,7,1-5,adjust,-0.0020040458353493985,-4.022538379435686e-05,0.00010823536529773567
499,8,1-5,adjust,0.0028373091974479092,5.394068500517552e-06,1.1531268179867863e-05
499,9,1-5,adjust,-0.000246780798934165,2.3413383522878677e-06,3.23520569234916e-05
500,2,1-7,adjust,0.0001966334158135359,-2.773762593423546e-05,4.652279977422743e-05
500,3,1-7,adjust,0.002157995168517658,-4.132359264509447e-05,1.0559594055015195e-05
500,4,1-7,adjust,0.0007621183327451123,2.245884662466139e-05,4.149974558957014e-05
500,5,1-7,adjust,0.003700245574790211,7.955816942201256e-06,3.605782293587227e-05
500,6,1-7,adjust,0.002443959251524967,4.5139722751621134e-05,5.060159877240947e-05
500,9,1-8,adjust,-0.0004860057027886947,-1.5980197778031406e-05,5.556315527844814e-06
501,2,1-4,adjust,0.000328604996211861,-7.4830101810194315e-06,5.812275070973501e-05
501,3,1-4,adjust,-0.0006460247841789826,-4.357216519436561e-06,4.6618467521604e-05
501,6,1-5,adjust,0.0011509291925801731,-2.1036998770824363e-05,0.00011230149633427965
501,7,1-5,adjust,0.0011535046195755008,-2.6969478801430184e-05,0.00010906993405700838
501,8,1-5,adjust,-0.0024483986701469345,-1.0518332161166399e-06,2.1973559298869436e-05
501,9,1-5,adjust,-0.0003095423600835498,1.0222700198032139e-05,1.6452985220422576e-05
502,2,1-7,adjust,0.0022725477743439177,-1.435086645275403e-05,1.3532997459190714e-05
502,3,1-7,adjust,-0.0008667561000402119,3.461857963045095e-05,2.152336290041812e-05
502,4,1-7,adjust,-0.0013976035920002536,8.43868482857485e-06,3.197850748115962e-06
502,5,1-7,adjust,0.0035808115632959612,-2.8116441291250364e-05,5.558706959463868e-06
502,6,1-7,adjust,-0.000417883968967778,-7.45998873879278e-06,2.020493766152411e-05
502,9,1-8,adjust,-0.00016198517483278512,-2.459839975329089e-05,8.765622967040297e-06
503,2,1-4,adjust,-0.0018958516241011044,3.0154509922791474e-05,5.749503677342502e-05
503,3,1-4,adjust,-0.000377012447998595,2.880078325535676e-05,4.757993913277777e-05
503,6,1-5,adjust,0.0014094601674762256,-2.7547630988034987e-05,3.891078436911936e-05
503,7,1-4,adjust,0.0035215378767675496,6.402599604456865e-05,4.944342709071869e-05
503,8,1-5,adjust,-0.0015747609907241712,-1.93817825392387e-05,0.00010875259279863173
503,9,1-5,adjust,0.000656058009396699,9.185488675837837e-06,4.2557651521763636e-05
504,2,1-7,adjust,-0.0012869919098112655,-2.089473052213738e-05,4.666703854699739e-05
504,3,1-7,adjust,-0.0033941135308871886,3.1423740195021264e-05,8.625212377591325e-05
504,4,1-7,adjust,0.001958010466684188,-3.273291862660715e-05,6.90438805361903e-05
504,5,1-7,adjust,-0.003139374235580116,-6.328586583169611e-06,5.817295292880164e-05
504,6,1-7,adjust,-0.0007598258015319673,-1.595301527798707e-05,4.328430173312099e-05
504,9,1-8,adjust,-0.0011892109707579842,-1.657371551234528e-05,0.00010499320452354671
505,2,1-4,adjust,0.00061852496947266,-2.027589038062532e-05,5.5350846336098734e-05
505,3,1-5,adjust,0.0021228282847123815,-1.2695945135868003e-05,4.0216660359595384e-05
505,6,1-5,adjust,0.0003962771177907197,-3.897001411434078e-06,2.1383786265253675e-05
505,7,1-4,adjust,0.0019214068980131943,-1.0990824703325033e-05,9.172914921299174e-05
505,8,1-5,adjust,0.0015129882693477865,2.3888779594980025e-05,4.993813767431652e-05
505,9,1-5,adjust,0.0022139487218078143,4.0209344687656985e-05,1.58638456227182e-05
506,2,1-7,adjust,0.0017739178166622778,-4.4111691130210325e-05,1.1170162085113668e-05
506,3,1-7,adjust,0.000785928277664174,-7.551827574426988e-06,4.7486455754257046e-05
506,4,1-7,adjust,-0.00021706413628460415,-1.733333281133496e-05,1.797815122333401e-05
506,5,1-7,adjust,0.0017081706587937005,3.401039745144484e-05,4.95907936189293e-05
506,6,1-7,adjust,0.0006022108332444379,4.981140323300542e-05,4.3990753872951014e-05
506,9,1-8,adjust,-0.001116189172446743,-3.876536653586643e-05,3.489909689323599e-05
507,2,1-4,adjust,-0.000541384828008285,2.176863536753409e-05,3.9745635289995184e-05
507,3,1-4,adjust,0.0016840615488010028,-5.2196092645130814e-06,6.652030229066122e-05
507,6,1-5,adjust,-0.0002959143342111313,3.0088432857915253e-06,8.250626362873855e-05
507,7,1-4,adjust,0.0014100413685989698,5.3825496536031625e-05,7.955534823239276e-05
507,8,1-5,adjust,0.0015509761528619572,1.5112213204670085e-05,4.437008405299076e-05
507,9,1-5,adjust,0.002785915202840235,4.265264178353874e-05,2.3401390089071737e-05
508,2,1-7,adjust,-0.0022037206561053508,5.5224047199601566e-05,6.666271699035087e-05
508,3,1-7,adjust,-0.0026531820829652814,-1.5560293848915686e-05,8.839259719206799e-05
508,4,1-7,adjust,-0.0034707925932672416,1.8644760867250667e-05,2.4433366247402358e-05
508,5,1-7,adjust,-0.0029367319436943073,9.398539434393071e-06,1.5345323931526129e-06
508,6,1-7,adjust,0.0006558795497396367,-5.0812474937793025e-06,1.905076382602074e-05
508,9,1-8,adjust,-0.001739122930838567,-2.3367055702156468e-05,8.968491565343162e-05
509,2,1-4,adjust,0.0011182630349384133,-8.919406860473208e-06,3.829208497847167e-05
509,3,1-5,adjust,0.00031607230228102224,2.4214994146337594e-05,1.561703695920717e-06
509,6,1-5,adjust,-0.0022611149574823085,-1.2508818185012903e-05,1.1236322441706329e-06
509,7,1-4,adjust,-9.691573776783885e-05,-3.943427571109732e-05,5.677809440175206e-05
509,8,1-5,adjust,0.0018443870942234544,-3.194112395475795e-05,0.00010229867864931807
509,9,1-5,adjust,8.675841493825667e-05,2.5480173741550806e-05,2.5919340193100263e-05
510,2,1-7,adjust,-0.0014950832307808863,1.9732721804789133e-05,3.3070275218004135e-05
510,3,1-7,adjust,0.00048548295095212864,-3.304823205323321e-05,1.3526995470668373e-05
510,4,1-7,adjust,-0.001315063572097136,2.282696856778902e-05,6.936033052128051e-05
510,5,1-7,adjust,-0.0014867258619828234,-2.4183133664945274e-05,2.486183776975619e-06
510,6,1-7,adjust,0.0015522437350572976,6.181799430424978e-06,2.1481973135541797e-06
510,9,1-8,adjust,0.00012889563050961193,-2.4279173841458606e-05,2.2327798192590377e-05
511,2,1-4,adjust,-0.0006344874223171468,5.3725158953171905e-05,5.778533402643922e-05
511,3,1-5,adjust,0.00048193901419190993,7.161536063611642e-06,7.084880997513787e-05
511,6,1-5,adjust,-0.0021855494767789164,9.63132606938305e-06,4.6202347779751614e-05
511,7,1-4,adjust,-0.003120342001736885,-9.366540644914898e-06,1.8402093812332568e-05
511,8,1-5,adjust,-0.0022015729795371282,-1.3602974832010468e-05,7.52400227446142e-05
511,9,1-5,adjust,0.0006225844014994944,1.9828208675965146e-05,8.261795288128695e-05
512,2,1-7,adjust,0.001723306912517647,-9.973537675263119e-05,1.1616674722805361e-05
512,3,1-7,adjust,-0.0024396610898039504,1.6552444248060952e-05,5.772810898260364e-05
512,4,1-7,adjust,0.0033197552723247493,-2.6242778565274266e-05,4.57233340534644e-05
512,5,1-7,adjust,0.002304386272811949,3.3092874586145314e-05,4.6835100264366736e-05
512,6,1-7,adjust,0.0008704997566917459,1.2223583762885992e-05,3.7385828130124766e-05
512,9,1-8,adjust,-0.0003279900726234386,1.6909284790135075e-05,3.27254349561026e-05
513,2,1-4,adjust,-5.08465938236834e-05,1.0815384294811094e-05,9.04517248958239e-05
513,3,1-4,adjust,0.0017813914064445985,5.17745534779374e-07,6.152091893089022e-05
513,6,1-5,adjust,-0.001264995603113151,-3.226350342113007e-05,7.073254554416097e-05
513,7,1-4,adjust,0.0016281406083329295,1.7768606196977384e-05,4.196066832091857e-05
513,8,1-5,adjust,0.003994411340403672,1.782855027114062e-05,2.582247387165448e-06
513,9,1-5,adjust,0.0021518334105394654,2.4381012922319142e-05,3.240642860917525e-05
514,2,1-7,adjust,-0.0002658311431778412,1.8012313923177163e-05,2.29644501509036e-08
514,3,1-7,adjust,-0.0007240730781869453,2.456820890601537e-05,0.00012044820843230598
514,4,1-7,adjust,-0.004861308758476593,-8.511185428809679e-07,6.565224288326206e-06
514,5,1-7,adjust,-0.00014352996839594537,1.7116188295237438e-05,9.995735625935899e-05
514,6,1-7,adjust,7.789084569315576e-05,-4.947005440259682e-05,5.489769378401569e-06
514,9,1-8,adjust,-0.00045849409358698245,-2.8916246444247316e-05,1.0089193740656176e-05
515,2,1-4,adjust,-0.0010249195892944251,2.952304558158382e-05,2.515112417378304e-05
515,3,1-5,adjust,-0.00017702384841888276,6.500676109562692e-06,3.995952518175909e-06
515,6,1-5,adjust,0.001929859490158135,6.910896114955999e-06,2.5392539103871333e-05
515,7,1-5,adjust,-0.0031453052725192335,1.2503241833459083e-05,9.075509680112375e-05
515,8,1-5,adjust,-0.0012312902625544644,4.112871917660698e-05,1.4476705891688424e-05
515,9,1-5,adjust,0.000830395536746783,1.9248005333904877e-05,4.482118368363347e-05
516,2,1-7,adjust,6.16335639019817e-05,1.712150335716684e-05,2.1069554886007843e-05
516,3,1-7,adjust,0.0031552478399626484,3.1902162534920804e-06,6.813366809263958e-06
516,4,1-7,adjust,-0.00041684932028480536,7.461736995178728e-06,4.069026329212721e-05
516,5,1-7,adjust,-0.0010068705647520255,2.6686513083700748e-05,4.8405141208717735e-05
516,6,1-7,adjust,-0.0015337140909981648,2.360112927213477e-05,8.813102652744047e-05
516,9,1-8,adjust,-0.0009171138069385688,-2.834906453248713e-05,4.1280499852966e-06
517,2,1-4,adjust,-0.0017879351785684981,4.441550131366673e-05,1.5545857744069162e-05
517,3,1-5,adjust,-0.00360292780207951,-7.630458491279713e-06,5.219821811702655e-05
517,6,1-5,adjust,0.0007279938948998653,7.636262780079661e-06,3.30197581787617e-05
517,7,1-4,adjust,0.003927164378106455,-1.3781897320433219e-05,2.7685048867421127e-06
517,8,1-5,adjust,0.002516265494141098,5.668809832213892e-06,5.204587405576429e-06
517,9,1-5,adjust,-0.0004919309874081115,2.6498476389916514e-05,2.466860356137291e-05
518,2,1-7,adjust,0.0011823959441379652,-5.552811011080333e-06,7.587658994027051e-06
518,3,1-7,adjust,0.0009863960538889938,-5.997284744903341e-05,6.264973755153916e-05
518,4,1-7,adjust,0.0028701213694544733,-1.4821256198608016e-05,2.874892908369304e-06
518,5,1-7,adjust,0.0004098314549188551,-4.016458322711206e-05,3.5179279284960313e-06
518,6,1-7,adjust,-0.0003404173322093817,-1.8318353288418437e-05,2.7398814161526314e-05
518,9,1-8,adjust,-6.318833839664688e-05,-6.704534013072309e-06,4.328016931739585e-07
519,2,1-4,adjust,0.0012984226613079726,-1.2228293835452381e-05,1.2552558190237844e-05
519,3,1-4,adjust,0.0012414930269404943,-1.2670283923962898e-05,7.41687408710304e-05
519,6,1-5,adjust,0.0009189769430792173,2.85788810539055e-07,2.4281877434964082e-05
519,7,1-4,adjust,0.0021720846291355136,-4.876682113098407e-06,1.795080914758595e-05
519,8,1-5,adjust,-0.0021407066570253053,5.234057249509993e-06,7.633548460399058e-05
519,9,1-5,adjust,-0.0005075803440753073,7.266755178418414e-06,2.2710275843405966e-05
520,2,1-7,adjust,-0.0015132376462774764,-2.772334087851202e-05,1.5024012204310019e-05
520,3,1-7,adjust,0.0016715800067311536,-1.5257446026194414e-05,3.0530179218402286e-05
520,4,1-7,adjust,-0.0014965119223404933,3.187459736384193e-05,9.489828501045915e-05
520,5,1-7,adjust,0.0018588875752574676,-1.2067393911416375e-05,2.9538736821905993e-05
520,6,1-7,adjust,0.002940877058696778,8.91220354848893e-06,9.445192374164373e-05
520,9,1-8,adjust,-0.00022663752122555186,-3.5676244162301305e-07,1.3588194968715615e-05
521,2,1-4,adjust,-3.516753080311107e-06,1.1130788945965646e-05,6.034935078462132e-05
521,3,1-5,adjust,-0.0010613590939041666,3.275506973412449e-05,7.262539332238962e-05
521,6,1-5,adjust,-0.001503972635283942,-4.464403206112083e-06,1.8195916812564205e-05
521,7,1-4,adjust,-0.004121263499956443,1.765803318348033e-05,6.68924915903812e-05
521,8,1-5,adjust,-0.0003162238839402016,-2.529135753431036e-05,5.024766759212306e-05
521,9,1-5,adjust,0.0010996431250319407,-1.533407093656971e-05,2.5592704475513726e-05
522,2,1-7,adjust,0.00018419931428542672,-2.691728762052868e-05,0.0001068515487138563
522,3,1-7,adjust,0.00040551220002405463,1.8584819105217532e-05,3.5395125074954015e-06
522,4,1-7,adjust,0.002133772541252648,-9.96815013484324e-06,2.260090171667315e-06
522,5,1-7,adjust,-0.002592441018060758,-3.292215634944434e-05,1.5576683717033392e-06
522,6,1-7,adjust,-0.0006826821635530947,-4.160065793107758e-07,4.570812485851354e-05
522,9,1-8,adjust,-0.0009276682058393845,-1.843582936285045e-05,1.3232600973028738e-05
523,2,1-4,adjust,0.0012567218428110973,-2.9275755649430137e-05,6.232379194842e-06
523,3,1-4,adjust,-0.0011353136355620552,-5.241577750461871e-06,7.455618228797509e-05
523,6,1-5,adjust,-0.002558187465240302,-1.0766643733784824e-05,0.00010237742098065379
523,7,1-4,adjust,0.0005802730167469081,3.798694044814645e-05,5.900276313951358e-05
523,8,1-5,adjust,0.0005700274363206435,-1.9089282936199887e-05,2.0423722437387372e-05
523,9,1-5,adjust,-0.0006656859296894572,-1.55073467398118e-06,0.00010101038096261949
524,2,1-7,adjust,-0.000727256563451319,4.2921898081963104e-05,0.0001179259337045637
524,3,1-7,adjust,-0.0018963928365396873,2.1897257313638574e-05,8.960188476117567e-05
524,4,1-7,adjust,0.0003295663036439341,1.1096855768759841e-05,8.135233018297688e-05
524,5,1-7,adjust,-0.0008474950182357328,1.4596316154192792e-05,3.3378339770427164e-05
524,6,1-7,adjust,-0.0022360603432123654,2.825719889931528e-05,2.8538615200291887e-05
524,9,1-8,adjust,-0.00030555843828735833,9.69693075860231e-06,5.9139517944444804e-05
525,2,1-4,adjust,0.0006246880341041652,-9.166582836757798e-06,3.926455736728039e-05
525,3,1-5,adjust,0.0003342153465856068,2.714710271897764e-06,3.588201461443959e-05
525,6,1-5,adjust,0.0014305230672766519,-5.341832882704981e-05,5.511939637107693e-05
525,7,1-5,adjust,-0.00042838587604243736,-1.7608223481725677e-05,8.295257527298596e-05
525,8,1-5,adjust,-0.004138534668883224,3.464621099146485e-06,6.557299114355075e-05
525,9,1-5,adjust,0.0008711252806978815,2.8327137814918316e-05,1.48931499883425e-05
526,2,1-7,adjust,0.00015943456673148538,2.6067276237678503e-05,4.390522893440277e-06
526,3,1-7,adjust,-0.005811464727428591,4.608785615460551e-05,3.447463812262639e-05
526,4,1-7,adjust,-0.0018413232382614383,-4.2747256002554356e-05,3.325657739143329e-05
526,5,1-7,adjust,0.000910151788103778,3.565796913936649e-05,2.177848296772491e-05
526,6,1-7,adjust,0.0009064517512685925,1.3724776023992609e-05,3.1549649913358034e-05
526,9,1-8,adjust,-6.94707265451082e-05,-2.7990118298652715e-05,6.373295824674341e-05
527,2,1-4,adjust,-0.00018931910735574256,-1.7456742091203724e-05,7.762306460672177e-06
527,3,1-5,adjust,0.003276009045439423,3.0688452680929635e-05,2.6418247416684817e-05
527,6,1-5,adjust,-0.0009356885601935773,3.3489479241548644e-05,1.0906634566672095e-05
527,7,1-4,adjust,-0.002538211488982725,4.949489772184226e-06,7.205591861843174e-05
527,8,1-5,adjust,0.0011626825637758994,2.30860371165338e-05,2.1087682440425398e-05
527,9,1-5,adjust,-0.00041787238580037354,2.7562996011317915e-05,6.671735222707657e-05
528,2,1-7,adjust,-0.0015112134926047506,-3.576979953859782e-06,3.511953688870095e-05
528,3,1-7,adjust,-0.0008991764712239558,-2.641431062533996e-05,5.378539875228522e-05
528,4,1-7,adjust,-0.0009954816780843299,3.168146325173751e-05,5.1587662625381925e-05
528,5,1-7,adjust,-0.0035656122481775884,-2.4782882446885435e-05,1.3482052808043556e-05
528,6,1-7,adjust,0.0005113443394138763,3.489109110687496e-06,5.795450016156424e-05
528,9,1-8,adjust,-0.0006852760254552249,-1.1713204603745428e-05,9.33398598235073e-05
529,2,1-4,adjust,-8.150306934495672e-05,-6.265741870242601e-06,3.736344464603756e-05
529,3,1-5,adjust,0.001317498613110235,-2.13730271944959e-05,1.1096126900216062e-05
529,6,1-5,adjust,-0.0010094693009038952,-8.661643316165494e-06,0.0001584103804125467
529,7,1-4,adjust,0.0016882938754383306,6.294976073296608e-06,3.844113236705244e-05
529,8,1-5,adjust,-0.0017785081657647169,1.888688122679698e-05,3.478750589986637e-05
529,9,1-5,adjust,0.001138112601950124,6.797960112010156e-07,7.40431061407817e-05
530,2,1-7,adjust,-0.0009727163670818199,5.8200838319005914e-05,9.827361160238824e-05
530,3,1-7,adjust,-0.0005838732740009418,1.4506965504191125e-05,3.1355667165436544e-05
530,4,1-7,adjust,0.0012750118344758473,3.210234458360804e-05,1.4529295968099266e-05
530,5,1-7,adjust,-0.0011541612600765023,5.3266580243262165e-06,1.6367832310943217e-05
530,6,1-7,adjust,-0.0003440938737119439,-3.497261298807865e-05,2.881995768591948e-05
530,9,1-8,adjust,-0.00029312902011230754,-1.4979211031041402e-05,8.184520091414334e-05
531,2,1-4,adjust,-0.00140066439475407,2.548799403561109e-06,2.9030857788309457e-05
531,3,1-5,adjust,0.0008815725201358791,-3.4660495198791705e-05,8.688085856013582e-06
531,6,1-5,adjust,-0.0009234976761310816,1.6684299402549277e-05,7.228221841229236e-05
531,7,1-4,adjust,0.00028451511042264265,-1.1831603363208837e-06,3.5855550548599244e-05
531,8,1-5,adjust,0.0011717621352173037,-7.465188113811387e-06,7.65788940838747e-05
531,9,1-5,adjust,0.0005765526355421506,-6.217068852895984e-05,7.900299595323685e-06
532,2,1-7,adjust,-0.0004694137351961102,1.7497507273208535e-05,4.658200433061111e-05
532,3,1-7,adjust,0.0004816377532017963,1.2798299277852656e-05,2.305239171362873e-05
532,4,1-7,adjust,-0.002167822348029165,-1.2484367987551583e-05,5.643646656433178e-06
532,5,1-7,adjust,0.0010126633674991275,3.6061035250031968e-06,4.813315664947516e-05
532,6,1-7,adjust,0.0012140469738841802,-8.939008528389412e-06,5.131954775758422e-05
532,9,1-8,adjust,-0.000814513250163236,-1.0357694771459071e-05,9.109669325380592e-05
533,2,1-4,adjust,0.0022048101744246767,-2.122831835308281e-05,2.8862081118284824e-06
533,3,1-5,adjust,-0.0006820158781234075,-2.3893385561180425e-05,8.585474162563563e-06
533,6,1-5,adjust,-0.0020298527925490415,2.6989370294504988e-05,6.745117185290794e-05
533,7,1-5,adjust,-0.0013572051859438731,-3.309059607721131e-05,6.889143026175063e-05
533,8,1-5,adjust,0.0026935326135468112,1.3576484700016541e-05,4.769271516590845e-05
533,9,1-5,adjust,-2.771096537096034e-05,1.9917713691069113e-05,2.0945874285215815e-05
534,2,1-7,adjust,-0.00018636655005987806,1.1156358440249227e-05,5.906526584701657e-05
534,3,1-7,adjust,0.0014000126569339703,-2.671148234699033e-05,6.984786540379062e-05
534,4,1-7,adjust,0.0016687976494702975,-1.4052240777617157e-05,9.791074906622507e-06
534,5,1-7,adjust,0.002025000139688724,-5.786408422106332e-06,5.487050271998563e-05
534,6,1-7,adjust,0.0006131410752321488,4.9560533197559784e-08,1.2392614363304465e-05
534,9,1-8,adjust,0.0010338998474216487,5.7581509608734175e-05,3.944709683694735e-05
535,2,1-4,adjust,0.00026634483444952576,-2.4757847157911977e-05,4.6051443744544856e-05
535,3,1-5,adjust,0.0015570683275509109,4.2592468256844456e-06,3.9411568588265276e-05
535,6,1-5,adjust,0.0036723856809114525,-4.6708602789511564e-05,9.94427647062933e-05
535,7,1-5,adjust,7.99542089854599e-05,-4.190502261409493e-05,0.00010306158840232412
535,8,1-5,adjust,-0.00027193732791495786,1.996034211614772e-06,6.592787711984032e-05
535,9,1-5,adjust,0.00014928323611420566,2.3634175067634666e-05,1.7270848378352394e-05
536,2,1-7,adjust,0.0018262506819830965,-6.663000930565404e-05,1.0083773604282716e-05
536,3,1-7,adjust,0.0005980015339628006,2.8680872669620802e-06,1.1907562035637902e-05
536,4,1-7,adjust,0.0055024710968041,-2.5213087660974624e-05,6.386912458538341e-05
536,5,1-7,adjust,0.002729385267557127,-3.5462579136538856e-05,2.6978372047156556e-05
536,6,1-7,adjust,5.890346454784544e-05,-9.224407642000117e-06,8.058278273890894e-05
536,9,1-8,adjust,-0.0005784390725007147,-2.571642692511622e-05,4.6694129346567146e-05
537,2,1-4,adjust,0.0006964576857440644,-3.8145930304576042e-06,2.2113835976276872e-06
537,3,1-5,adjust,-4.408616809792682e-05,-1.6298879056971446e-05,6.13952512358691e-05
537,6,1-5,adjust,-0.0003546536771253023,2.79638269012541e-05,0.00010734089341348273
537,7,1-5,adjust,-0.0004546554791185013,6.838642957023192e-07,0.00012147408383984038
537,8,1-5,adjust,-0.0012964696890379011,-9.98972105238888e-06,6.171715411171706e-05
537,9,1-5,adjust,-0.000670188635806061,8.237214118904794e-06,4.349870482116047e-06
538,2,1-7,adjust,-0.0014087653814007651,-2.7870961781825118e-08,2.8345593872483247e-05
538,3,1-7,adjust,-0.0009080586829477498,5.3920102886767986e-05,3.897817153824791e-05
538,4,1-7,adjust,-0.001388413369660535,7.918109537985815e-06,4.805815073088337e-05
538,5,1-7,adjust,-0.001075745887681951,-2.3128086635949008e-05,4.095637867322686e-05
538,6,1-7,adjust,-0.000546258536950242,1.388378605056349e-05,7.801109618520953e-06
538,9,1-8,adjust,-0.0008118128368297097,2.2643823831988244e-05,7.6414800494955e-05
539,2,1-4,adjust,0.0012815387404661277,-1.82499850668694e-05,4.54031807700733e-05
539,3,1-5,adjust,0.002694495932276344,7.153585129357393e-06,5.196321672993781e-05
539,6,1-5,adjust,-0.0013916976928367408,3.924477424896753e-06,9.091712165382147e-05
539,7,1-4,adjust,0.002463153592885989,9.713662112118676e-06,7.520033358911106e-05
539,8,1-5,adjust,-0.0023903338049299176,-7.608296542869731e-05,0.0001375437018641512
539,9,1-5,adjust,0.00129696566551679,-3.3746235316052924e-05,6.08827432500674e-05
540,2,1-7,adjust,-0.0017897575621280705,4.414201716547364e-05,8.798769136413116e-05
540,3,1-7,adjust,0.0002701063032350923,-5.249063115767083e-05,5.1720541078318434e-05
540,4,1-7,adjust,-0.001087148136649224,-3.718945577111039e-05,1.302121653668704e-06
540,5,1-7,adjust,0.003253989226858821,4.063519378511463e-05,6.01532881195395e-05
540,6,1-7,adjust,0.0028763050040013964,2.596348117789515e-05,5.8525811541122985e-05
540,9,1-8,adjust,-0.001548449769775411,-2.4011684407225e-05,9.555382454622859e-05
541,2,1-4,adjust,0.0021299136245079725,-3.042479761681068e-05,1.5099577872613717e-05
541,3,1-5,adjust,0.0001502772643508497,2.5396787513975193e-05,2.507098208395159e-05
541,6,1-5,adjust,0.000743462160994179,2.4987729405814333e-06,1.381221224557668e-05
541,7,1-4,adjust,0.0018579570377543033,4.4830546460228396e-05,4.250466720715456e-05
541,8,1-5,adjust,3.735628883978375e-05,1.11966531452901e-05,3.174194288688766e-05
541,9,1-5,adjust,0.00044530685256827154,2.3723272412544354e-07,1.2216862795936116e-05
542,2,1-7,adjust,0.0008973332361459031,-2.859348286473016e-06,3.306068303434966e-05
542,3,1-7,adjust,-0.002273379788687809,-1.0681640156198133e-05,4.698500603406937e-05
542,4,1-7,adjust,-0.004397847543180863,-1.559347121641816e-05,6.174850342099551e-06
542,5,1-7,adjust,-0.0016400330760638674,1.1997323517289537e-05,2.664015410521083e-05
542,6,1-7,adjust,0.0019951711353981025,2.2045618847391663e-05,4.146144965418515e-05
542,9,1-8,adjust,-0.0016495719729605392,-2.487382785029079e-05,0.0001378430475528016
543,2,1-4,adjust,-0.0009054800992126746,-4.724890030433518e-05,4.0581197022810755e-05
543,3,1-4,adjust,-0.0007453987336782586,-4.997836905705536e-06,5.381777854693255e-05
543,6,1-5,adjust,-0.0004944325835000422,-3.586145734361835e-05,3.444046716944981e-05
543,7,1-4,adjust,-0.004715117438085924,4.239032046936816e-06,1.5191294246747203e-05
543,8,1-5,adjust,0.0018103094090773555,4.313897793274242e-05,6.806972797507954e-06
543,9,1-5,adjust,0.0018007530738319982,9.954433295111726e-06,2.0252158388416214e-06
544,2,1-7,adjust,-0.0016002631788204543,4.7044285277725907e-05,4.216416750563223e-05
544,3,1-7,adjust,0.0017658639102357866,1.586946200868376e-05,6.566060052174707e-05
544,4,1-7,adjust,-0.0016936348284667144,4.193581050747838e-05,4.02325885684827e-06
544,5,1-7,adjust,-0.002994088125486431,-1.9997089307791897e-05,3.149050495375443e-05
544,6,1-7,adjust,-0.00393517408329895,-1.1814172945470044e-05,1.968240225579244e-05
544,9,1-8,adjust,0.00010827820198847304,1.35222395340862e-05,4.8402815148087005e-05
545,2,1-4,adjust,-0.0011003415712102598,2.2057700202970084e-05,2.284334403787506e-05
545,3,1-5,adjust,-0.0004323169528669607,-3.4083917051219322e-06,6.506840904736358e-05
545,6,1-5,adjust,-0.0003596039363066131,-4.5880729363452394e-05,3.9561917136471636e-05
545,7,1-4,adjust,0.0023721192269924663,-2.7973618389783473e-05,4.4979885817745074e-05
545,8,1-5,adjust,0.0010667056605582186,1.7691936494904333e-05,2.0668769660090912e-05
545,9,1-5,adjust,-6.0037266312740836e-05,-1.3083344302087354e-05,2.6614640925782187e-05
546,2,1-7,adjust,-0.0004087699979805208,2.4887920741585146e-05,1.884278139789778e-05
546,3,1-7,adjust,-0.0029768836520853454,-2.0291239118222126e-05,6.7651153353838856e-06
546,4,1-7,adjust,0.0015209723767281287,-1.991482717410567e-05,1.4259852712325566e-05
546,5,1-7,adjust,-0.0031549719935658337,-1.343337571661117e-05,1.2323628448863487e-05
546,6,1-7,adjust,0.0010287677292233964,6.052785876297887e-05,2.880443349293479e-07
546,9,1-8,adjust,3.079746683593377e-05,8.967614739225193e-06,9.587028029605646e-06
547,2,1-4,adjust,0.0026675588522992156,-3.303430782817798e-05,5.986693997044807e-05
547,3,1-5,adjust,0.0010164611056902645,-3.695211417593705e-07,6.099510013047031e-05
547,6,1-5,adjust,-0.0027577405983897096,-1.4208478668600654e-06,3.479375932402869e-05
547,7,1-4,adjust,0.0007745831063532936,-4.989405752593771e-05,6.007787471645306e-05
547,8,1-5,adjust,-0.002917165418303513,-1.3920832323308412e-05,3.824292046514628e-05
547,9,1-5,adjust,-5.908648730112534e-06,-1.3784620993845764e-05,3.834043875609795e-05
548,2,1-7,adjust,0.0012618284665839295,-2.7256347811443225e-05,7.178448054980094e-05
548,3,1-7,adjust,0.003648280060184734,-1.8330293531791296e-05,1.4916622576127183e-05
548,4,1-7,adjust,-2.6789842460304375e-05,1.531040410189869e-05,1.492193936822331e-05
548,5,1-7,adjust,0.00491356708229884,4.22846074758287e-05,3.7428365895472146e-05
548,6,1-7,adjust,0.003952272927982749,-5.058641657876538e-06,7.332942431262245e-05
548,9,1-8,adjust,-0.0014020472964494418,-9.334937693965087e-06,3.066768441047029e-05
549,2,1-4,adjust,-0.001697033881946422,-5.597157157655065e-06,1.5619135155361733e-05
549,3,1-5,adjust,-0.002700899496587974,-7.3549280159118455e-06,4.525752679288224e-06
549,6,1-5,adjust,-0.0018763710045334166,2.9307984219195065e-05,1.6793621434235817e-05
549,7,1-5,adjust,-0.001663215466883499,4.466742098090341e-05,8.628225353091051e-05
549,8,1-5,adjust,0.0025940495809208303,1.516679442578427e-05,7.711010107365568e-05
549,9,1-5,adjust,0.001306940390280006,5.9094240208360595e-05,7.799524597152852e-05
550,2,1-7,adjust,0.00035332809650736723,1.5222908692023864e-05,1.720285089246787e-05
550,3,1-7,adjust,-5.414865793689597e-05,4.140676131662313e-05,7.327738213781326e-05
550,4,1-7,adjust,0.0008496194176878826,1.1861294569332656e-05,1.7804531175957874e-05
550,5,1-7,adjust,0.0013553064926445663,1.3404604528559125e-05,1.6526847961029255e-05
550,6,1-7,adjust,-0.0001608339945414443,-3.440110651650218e-05,9.922142004889815e-06
550,9,1-8,adjust,0.0009265560159987576,-1.5797909743225764e-05,1.1168676403340933e-05
551,2,1-4,adjust,3.5572216735696004e-05,7.128403624347831e-06,2.0676990630605158e-05
551,3,1-5,adjust,-0.0013643218373228475,3.6978247916604526e-06,2.8171767280566325e-05
551,6,1-5,adjust,0.0009557732165289957,-2.3737925402273183e-06,4.886474728963006e-05
551,7,1-4,adjust,0.0024694783677181712,1.9044927996420125e-05,7.901208548713667e-05
551,8,1-5,adjust,0.0019313825906081032,4.1148229964914815e-06,1.2309060304419734e-05
551,9,1-5,adjust,0.0016251980067725964,5.787087410829222e-05,9.143267711818215e-05
552,2,1-7,adjust,-0.0003974948149780711,1.8516524524972434e-05,5.220303821837297e-05
552,3,1-7,adjust,0.00019001260204725158,2.4261572074364965e-05,2.9321937801713543e-05
552,4,1-7,adjust,0.00036737857597026553,3.338670691409214e-05,7.726827845730632e-05
552,5,1-7,adjust,0.0012136182662772458,2.3477578333871443e-05,4.062697463283738e-05
552,6,1-7,adjust,-0.00028340208779546185,-6.281111042062934e-06,4.6649453897250786e-05
552,9,1-8,adjust,-0.00031518987509473973,-2.556269638944092e-05,2.303374137134195e-05
553,2,1-4,adjust,-0.000760294969404913,-2.0618583726151408e-05,2.0319137238115743e-06
553,3,1-5,adjust,-0.0005050299076291212,4.066646226157256e-06,3.363678252587317e-05
553,6,1-5,adjust,0.0013445755560461908,1.5561323196387824e-05,1.7376833769074806e-05
553,7,1-4,adjust,0.002692462545545799,9.77430536500674e-08,1.0626755206432874e-05
553,8,1-5,adjust,-0.0009371420435698128,1.039264926406346e-05,3.760010986425167e-06
553,9,1-5,adjust,-0.0003307747995937113,2.065131287032734e-05,2.6400624508810355e-05
554,2,1-7,adjust,0.001503737503471312,-1.4178841092292379e-05,2.009691959271006e-05
554,3,1-7,adjust,0.0015512875063407258,-2.2903316293554537e-05,9.573727275474699e-05
554,4,1-7,adjust,0.0044212833175329026,-2.2219693036834787e-05,4.4842609772352696e-05
554,5,1-7,adjust,0.0009528257476388466,-2.4992847312208437e-06,2.1857173489269877e-05
554,6,1-7,adjust,0.0006693543809226428,-2.9067157997075548e-05,9.089786076006509e-05
554,9,1-8,adjust,-0.0003109627086585358,-5.0630649277075824e-05,4.3320939488038504e-05
555,2,1-4,adjust,-0.0009547645872816026,2.7551690056433294e-05,8.771625618263652e-06
555,3,1-4,adjust,0.0008626847533607041,-3.753588880086541e-05,6.764189745978989e-05
555,6,1-5,adjust,0.002559464893429715,-2.446732096746606e-05,5.995986922464385e-05
555,7,1-4,adjust,0.00033344754018465114,2.0885751782702125e-05,2.32491500532002e-05
555,8,1-5,adjust,0.0017786119397967062,2.084817459067764e-05,6.2921210132670985e-06
555,9,1-5,adjust,0.0008161749122177134,7.184695009051955e-05,7.060243045973838e-05
556,2,1-7,adjust,0.0008701411996261744,-1.7622719404673787e-05,4.91887166848926e-05
556,3,1-7,adjust,-0.004877579960851487,5.6061726714198594e-05,5.0755215478821395e-05
556,4,1-7,adjust,-0.000155852061898926,-1.9871895810783517e-05,4.5825042067329725e-05
556,5,1-7,adjust,-0.0014080436614562492,-6.771393720319466e-05,9.90311211872096e-05
556,6,1-7,adjust,0.0008910197163145842,4.251637093382868e-05,3.523304696942627e-05
556,9,1-8,adjust,0.00043511651832738615,-1.3142204194860877e-05,1.829751555086994e-05
557,2,1-4,adjust,-2.2116605412963034e-05,1.7045225634612835e-05,1.208109859250918e-05
557,3,1-4,adjust,0.0031866413556052844,-4.8894703157185164e-05,4.6622710425509e-05
557,6,1-5,adjust,-0.0007821607622537371,3.0657482157418505e-05,2.1745391896566074e-05
557,7,1-4,adjust,0.0022873068115085897,-1.7508824240305436e-05,8.065016810404209e-05
557,8,1-5,adjust,-0.002057816882359806,-3.820104121920407e-05,5.252015117064907e-05
557,9,1-5,adjust,-0.002780115859814645,-0.0001059788845458595,0.00011849522471387336
558,2,1-7,adjust,0.00015347270126325426,1.2818527598696348e-05,5.613430517433086e-07
558,3,1-7,adjust,0.004150800503249295,-1.6142292158242093e-05,5.8709757034955126e-05
558,4,1-7,adjust,-0.002566022442063696,-5.683149749361413e-07,2.658238319604685e-05
558,5,1-7,adjust,-0.0007641327192122212,1.275380817690885e-05,7.100375629366783e-05
558,6,1-7,adjust,0.0004260636202596326,-1.725002355741685e-05,1.3766706695317391e-05
558,9,1-8,adjust,0.0006458371826504453,4.481614750095219e-05,0.00012071594220025956
559,2,1-4,adjust,-0.001119657196717371,2.0800422331945448e-05,2.959447395360454e-05
559,3,1-5,adjust,-0.0005714087644218438,4.718335512013838e-05,5.089991121651193e-05
559,6,1-5,adjust,-0.0007595312398057329,-2.9694186197563472e-05,4.1955574940069566e-05
559,7,1-4,adjust,-0.0016648146140363725,2.1879709620796205e-05,4.8965273264453494e-05
559,8,1-5,adjust,-0.0035252076849169246,-8.568594780610975e-05,7.444378822788986e-05
559,9,1-5,adjust,-0.00034772486220783886,2.2213135869690304e-06,0.00010683691687410992
560,2,1-7,adjust,-0.0006398105745217805,2.942851732736759e-05,0.00018267875396117323
560,3,1-7,adjust,-0.005087266491264547,1.0558349545811332e-05,9.176418074451542e-05
560,4,1-7,adjust,0.0004895849894206052,1.3499550573431863e-08,8.826912223393123e-06
560,5,1-7,adjust,-0.0022116208679044324,9.461616132270585e-06,3.060188857055627e-05
560,6,1-7,adjust,-0.00023799327143053702,2.1562489813965485e-06,1.2117713290334896e-05
560,9,1-8,adjust,-0.001259538279225527,-5.073416240074366e-05,0.0002712007958986562
