slot,receiver_id,selected_pair,status,radial_command_m,angular_command_rad,consistency_rad
1,2,1-4,adjust,-5.0,-0.024506115218463385,0.04233024566302064
1,3,1-4,adjust,1.0497662661900813,-0.02055558893900621,0.07388597093035289
1,6,1-5,adjust,0.28633695715581137,-0.004122072110436982,0.0660437374732635
1,7,1-5,adjust,0.6420272577799858,-0.011695959741753683,0.036709408338790966
1,8,1-5,adjust,3.2960589836365917,-0.01474129938229542,0.017424556384643373
1,9,1-5,adjust,-4.331325516053634,-0.006799177233596514,0.0007813181048021492
2,2,1-7,adjust,-3.290024934692913,0.007983192427024522,0.00610165750839437
2,3,1-7,adjust,-1.1872689010502886,0.013480031547276797,0.009442379380497577
2,4,1-7,adjust,-2.7757413558581674,0.0038459861858991377,0.012174183268582642
2,5,1-7,adjust,2.393491257062822,0.006145486122690832,0.015289080262671766
2,6,1-7,adjust,1.2941471180643265,0.0024229613378920264,0.0198113535619181
2,9,1-8,adjust,-0.55177572799096,-0.017171557212557465,0.006529815461017306
3,2,1-4,adjust,-0.7035192791744067,0.021889437170748188,0.006706932635764486
3,3,1-4,adjust,-0.8281323289927359,0.00986539981403322,0.0124674159994656
3,6,1-5,adjust,1.1519495420812402,0.0018564562104332963,0.011475811720353803
3,7,1-5,adjust,1.9377649585925736,0.011494007205957018,0.006505021303714256
3,8,1-5,adjust,1.0862117901765556,0.013395557236235273,0.003210218460299374
3,9,1-5,adjust,0.9818466305229991,0.0272878883645045,0.00045290000264387633
4,2,1-7,adjust,0.2254929348443689,-0.006025994227599899,0.00036928508286971734
4,3,1-7,adjust,0.2323757636642479,-0.002816558704106192,0.0013829062589564972
4,4,1-7,adjust,0.05544584045187953,-9.765148965071139e-05,0.002308088041235532
4,5,1-7,adjust,0.8323064986021164,-0.0015997664538546048,0.003316370324291323
4,6,1-7,adjust,0.4166718980678691,0.0007662300642678417,0.004873606791260862
4,9,1-8,adjust,-0.18773787822385044,-0.005224888893685378,0.0035916475999003008
5,2,1-4,adjust,-0.20642026767408705,0.00543277869702791,0.001850793869293586
5,3,1-4,adjust,-0.20062789405187406,0.0023618561035623886,0.0034421744696254168
5,6,1-5,adjust,0.3047545477205585,0.00042799284923363055,0.0034300939846131874
5,7,1-5,adjust,0.5046702966215064,0.0027326281317716873,0.0019707568871282343
5,8,1-5,adjust,0.2050270233287484,0.0021108601801837737,0.0009474439643487271
5,9,1-5,adjust,0.19694765970311684,0.005458689518598814,0.00014653911535120556
6,2,1-7,adjust,0.05735736584417648,-0.0016414786845914816,0.00017778366496931333
6,3,1-7,adjust,0.06292589931907606,-0.000668488346501656,0.000482223595161135
6,4,1-7,adjust,0.01830110127670732,-0.00023645052869713856,0.0006005684706179338
6,5,1-7,adjust,0.23456117179969474,-0.0002866588227796709,0.0009119721220234484
6,6,1-7,adjust,0.12048073112524836,0.0002446278148915277,0.0013249183110426396
6,9,1-8,adjust,-0.050192309559594056,-0.0014963355666593556,0.0009533945305166161
7,2,1-4,adjust,-0.04437963459662121,0.0013405752074516252,0.0006900822151118105
7,3,1-4,adjust,-0.04751945148949922,0.0004199877644081553,0.0010882510646272863
7,6,1-5,adjust,0.09037722141427806,0.0002871298372793868,0.0007470446023685219
7,7,1-5,adjust,0.141536596672423,0.0008527404823565605,0.0002961463490413839
7,8,1-5,adjust,0.06455189937401658,0.0007303530573433494,0.00010319670588822485
7,9,1-5,adjust,0.06049899222323293,0.0015251546692867546,0.00022372333222436084
8,2,1-7,adjust,0.006673363517364842,-0.0002105491804758327,2.051692837211765e-05
8,3,1-7,adjust,0.010021341455952803,-9.966330038066889e-05,9.777207774793587e-05
8,4,1-7,adjust,-0.0016602662917174578,0.00016192635017851846,9.030808157771205e-05
8,5,1-7,adjust,0.060602535648430045,-0.00016976114834254015,0.0003108251531601948
8,6,1-7,adjust,0.027679157279789653,-3.5569886939490864e-05,0.0002913191357220361
8,9,1-8,adjust,-0.015892211125341664,-0.0002997625360919407,0.00027498925346154494
9,2,1-4,adjust,-0.012700440066378658,0.0003597612353427769,5.263816571853888e-05
9,3,1-4,adjust,-0.014687565689241878,0.00022071745939741878,0.00024263127684060392
9,6,1-5,adjust,0.02515670722405016,6.538258888287382e-06,0.0002777739958225199
9,7,1-5,adjust,0.03366851747715232,0.00011440177401549222,0.00017721786237595783
9,8,1-5,adjust,0.009147043889597932,0.0001107100737901083,8.32742951252997e-05
9,9,1-5,adjust,0.00996637062440822,0.000319738905434414,5.0021411892790364e-05
10,2,1-7,adjust,0.0038249317900025353,-0.0002150456460549822,1.2258560267933244e-05
10,3,1-7,adjust,-4.051442568984139e-05,-4.607670084464206e-06,3.2260097003041117e-06
10,4,1-7,adjust,-0.009218243947853384,-2.1713678709827496e-05,3.2334214417765268e-06
10,5,1-7,adjust,0.01061926031544028,-2.6817949601847897e-05,4.85170755076062e-05
10,6,1-7,adjust,0.006516197627684964,0.00010686978372507783,8.434242815198747e-05
10,9,1-8,adjust,-0.0051143144586726615,-0.0001881591985168597,2.8827624772495143e-05
11,2,1-4,adjust,-0.003152536283940825,0.00022771247420898008,1.3554641065276434e-05
11,3,1-4,adjust,-0.008464821347202238,3.6751789358548314e-05,6.639480000235229e-05
11,6,1-5,adjust,0.0037605200045056947,-1.6030751258482697e-05,4.1982717343464745e-05
11,7,1-5,adjust,0.007965129367812815,7.563074157797582e-06,7.353753289975714e-05
11,8,1-5,adjust,0.0001387397007127603,5.724067488403684e-05,2.5018607307987658e-05
11,9,1-5,adjust,0.003971173494153762,0.00012669313154710924,6.550001963358883e-05
12,2,1-7,adjust,0.003998261703602916,-0.00018230522437954227,6.025197262507249e-05
12,3,1-7,adjust,0.008583900333322167,-0.00011971625556704743,2.8755228900788425e-05
12,4,1-7,adjust,0.008458990114015612,-2.923399839642165e-05,2.5878006734382185e-05
12,5,1-7,adjust,0.000418928833210811,-8.743415493273864e-05,9.470313751833372e-05
12,6,1-7,adjust,0.003581657099385322,-7.416407109002669e-06,3.67078744028776e-05
12,9,1-8,adjust,-0.00104239589329541,-7.166175504477405e-05,2.1385726550693025e-05
13,2,1-4,adjust,-0.003866519339091772,0.00011576507795065416,1.1765290740826488e-05
13,3,1-4,adjust,0.0013886949781427098,5.850168622842447e-05,0.00016594211370982723
13,6,1-5,adjust,-0.008199127406908124,4.772234211744082e-06,9.295964801800539e-05
13,7,1-5,adjust,-0.006342103686979694,-9.061995061125803e-06,0.00010317160182997247
13,8,1-5,adjust,-0.0027723656628356546,-0.00017666836033655077,0.00011028880434778457
13,9,1-5,adjust,-0.0019332907039350316,-4.028123263555159e-05,8.662913888245802e-05
14,2,1-7,adjust,0.004671038475854026,-0.00013347906801220864,7.454421572752173e-05
14,3,1-7,adjust,-0.0024500702025840857,-0.00012510548297102057,8.743426993084584e-05
14,4,1-7,adjust,-0.0022854814145109987,3.8811093310915945e-05,0.00014877528175160303
14,5,1-7,adjust,0.006323548541190175,2.9404987756184034e-05,0.00010956001250480813
14,6,1-7,adjust,0.0033624309965172555,-3.245480004466686e-05,0.00010304335741350639
14,9,1-8,adjust,-0.002909603525888448,-2.3094011445294083e-05,2.7996587946639428e-05
15,2,1-4,adjust,-0.005904614638010943,0.00014629358776419596,7.0232189785395e-07
15,3,1-4,adjust,-0.0009212617755946706,0.00015697163262255026,0.00011066136891134923
15,6,1-5,adjust,0.0032234868666603696,0.00013865713980692714,9.066515092636219e-06
15,7,1-4,adjust,0.01111770929578854,2.8990993129101123e-06,5.038519248808463e-05
15,8,1-5,adjust,0.00185234103113412,0.0001120510375926609,9.55367375211185e-05
15,9,1-5,adjust,0.006137033698093276,9.732960932991372e-05,0.00010915496944409436
16,2,1-7,adjust,0.006369624174564425,-9.487988656805802e-05,1.3671218288536805e-05
16,3,1-7,adjust,0.007832361153152449,-0.00012038838907502472,8.256752181222578e-06
16,4,1-7,adjust,0.011820826911182114,-1.895765561698246e-05,3.386694393350148e-05
16,5,1-7,adjust,0.010690766522391103,-1.3044716151054671e-05,1.841078316093552e-05
16,6,1-7,adjust,0.010148726418036073,-0.0001110462892083647,9.06191990889294e-05
16,9,1-8,adjust,-0.001160039230603008,-0.00010679508229324562,7.813894752701403e-05
17,2,1-4,adjust,-0.0024647848115720815,6.423711474139161e-05,9.981164778803344e-07
17,3,1-5,adjust,0.0023384290988274783,9.321848992632836e-05,2.7836928456308163e-06
17,6,1-5,adjust,-0.0008818514646640196,4.702687557275126e-05,7.338333919366447e-05
17,7,1-4,adjust,0.0033296051330460458,9.552009238325341e-05,1.1046792641221479e-05
17,8,1-5,adjust,0.003016311985648879,2.725778926539993e-05,0.00011511014735697339
17,9,1-5,adjust,-0.0005386011766224464,0.00010734203700866828,4.447780493748837e-05
18,2,1-7,adjust,-0.0028971010853444308,0.00011232099820749245,8.322592543722439e-05
18,3,1-7,adjust,-0.01076586189168179,7.348398273286462e-05,8.712198854527673e-05
18,4,1-7,adjust,-0.01023472650909602,-2.0709980777848047e-05,2.4002430782384548e-05
18,5,1-7,adjust,-0.007852964076453273,1.0593458663595753e-06,8.96474952017102e-06
18,6,1-7,adjust,-0.0031170966621955616,-0.00013570473477482546,9.427496066877886e-05
18,9,1-8,adjust,0.0016338714383501358,-2.8067712087155295e-06,0.0001316683531133154
19,2,1-4,adjust,0.0014303628815444398,-0.00010059932168944566,1.7824431124346334e-05
19,3,1-5,adjust,0.003120033425186226,-7.211274821782922e-05,1.1042856931855552e-05
19,6,1-5,adjust,-0.0038770049520757306,0.00014300316163655578,4.085497998162677e-05
19,7,1-4,adjust,0.0021708073699575215,-8.964723304723291e-05,2.399655675698151e-05
19,8,1-5,adjust,0.002152634432345767,9.708415696525517e-05,3.887873300762118e-05
19,9,1-5,adjust,-0.0026294154768152695,-3.7296118586311035e-05,8.659160039877413e-05
20,2,1-7,adjust,0.00278954686645104,-6.408879918236513e-05,0.00010211148911770642
20,3,1-7,adjust,0.003285133298909147,-0.00012145066979788604,0.0001269348878668118
20,4,1-7,adjust,0.01653102363013981,-0.0001012472930862805,8.957463229637015e-05
20,5,1-7,adjust,0.01137005173022838,-2.3253777663701825e-05,0.00014350783981439223
20,6,1-7,adjust,0.01277860616309289,2.3687719074650354e-06,0.00017317549167058542
20,9,1-8,adjust,0.005534290317520656,0.00014817975712010697,0.00011777465350705603
21,2,1-4,adjust,0.0030450541868399334,-0.00019031960747488988,9.32034278005225e-05
21,3,1-4,adjust,0.010554759391128557,-4.360343379310325e-05,0.00012918909385052274
21,6,1-5,adjust,-0.0013188950731551304,-8.225483036798164e-05,2.838172352489309e-06
21,7,1-4,adjust,-0.0055826263621940354,0.00010382014787924545,6.030679489381225e-06
21,8,1-5,adjust,-0.002325646689711183,-0.0001156621467978642,2.140704661133602e-05
21,9,1-5,adjust,-0.0029427056516775126,-0.00013336108326592497,6.150237886032181e-05
22,2,1-7,adjust,-0.004208678950293435,0.00024986628580194673,6.274069516145338e-05
22,3,1-7,adjust,-0.01217126133704915,0.00015540889402803268,8.087455527910504e-05
22,4,1-7,adjust,-0.01692145920071216,9.477472223766648e-05,6.98936129610513e-05
22,5,1-7,adjust,-0.0117007887004374,0.00012151674920993713,3.0546034035800186e-06
22,6,1-7,adjust,-0.007843111998871954,9.582128361183273e-05,3.109799200389359e-05
22,9,1-8,adjust,-0.002380647318877412,3.954350435954126e-05,0.00010740061797839753
23,2,1-4,adjust,-0.00401392437665067,5.640140338682674e-05,4.471637229225428e-05
23,3,1-4,adjust,-0.0023667341027238525,-4.7018344916853134e-08,6.667806056255921e-05
23,6,1-5,adjust,-0.0026690685533181536,8.1134854203181e-06,2.6168511955730793e-05
23,7,1-5,adjust,0.0045926650208894405,-3.193619650776917e-06,7.586759469298099e-05
23,8,1-5,adjust,0.002018303501498505,-2.6046182809263168e-05,9.200725928862662e-05
23,9,1-5,adjust,0.003954334121477454,2.4344656168374782e-05,8.157209599709843e-06
24,2,1-7,adjust,-0.00022059802902042172,2.2294751801205403e-05,0.00016101315959830495
24,3,1-7,adjust,-0.002839591356516651,2.8822427587846206e-06,7.317684482542617e-05
24,4,1-7,adjust,-0.004600533465978066,-6.528067828867649e-05,0.00010827299285242626
24,5,1-7,adjust,0.004746017637272313,-4.7927210046749285e-05,6.311766391227443e-05
24,6,1-7,adjust,0.007314043332542053,-2.1595129747282565e-05,1.714452880474946e-05
24,9,1-8,adjust,-0.0014625863318568656,-3.990862449993142e-05,0.00014211412073862606
25,2,1-4,adjust,0.0025290797708907003,-4.1080003914729814e-05,1.1312758890170958e-05
25,3,1-4,adjust,0.0028740252455153174,1.2434756906727467e-05,8.981857003860596e-05
25,6,1-5,adjust,-0.0009208359698613931,3.880733440818663e-05,0.0002022009142693452
25,7,1-5,adjust,-0.005449664783990095,-4.2616922117100694e-05,0.00016247982578280635
25,8,1-5,adjust,0.002773924914555861,5.0965952633806574e-05,9.194669610361151e-05
25,9,1-5,adjust,-0.002330004708303076,3.1395215930412074e-05,9.812757634251136e-05
26,2,1-7,adjust,-0.0024105254624986333,-6.172992969324942e-05,1.769122478133738e-05
26,3,1-7,adjust,-0.000984537352839832,6.483599570055869e-05,6.59219556889522e-05
26,4,1-7,adjust,-0.004468363297804711,6.243328499067969e-05,1.4580218856885406e-05
26,5,1-7,adjust,0.002657321022958803,-4.478006890184489e-06,1.7430510131722295e-06
26,6,1-7,adjust,-0.0032229896256449103,-5.555562593366291e-05,1.357308741761426e-06
26,9,1-8,adjust,0.004067960169934396,2.465612795604501e-05,1.7593575068433434e-05
27,2,1-4,adjust,0.0009802800067887218,5.376522443554478e-05,0.00010429477546273381
27,3,1-4,adjust,-0.005720168510182309,-1.976473337612809e-05,0.0001963518209844022
27,6,1-5,adjust,0.006128971177891835,-7.198334783037331e-05,0.0001857453867033682
27,7,1-5,adjust,0.004483276750167295,-1.6595281437230704e-05,7.282798292264502e-05
27,8,1-5,adjust,0.0012510906356540804,1.6525566813916663e-05,6.623809824233794e-05
27,9,1-5,adjust,-0.002129263521487462,-7.095537880569155e-05,2.077647221311343e-05
28,2,1-7,adjust,0.00046210603365510745,-3.1701701812595865e-05,1.2829758685100143e-05
28,3,1-7,adjust,0.014059434145731478,-0.00010500425249392488,5.4043966813123786e-05
28,4,1-7,adjust,0.015656102406624697,-5.942086789464602e-05,1.3926128800936774e-05
28,5,1-7,adjust,-0.006683147278979851,-0.00015251900559123466,0.00010532191650972828
28,6,1-7,adjust,0.0008402510991791549,0.00010790510419714014,5.003100929083059e-06
28,9,1-8,adjust,0.0024659917017415722,8.08432592871003e-05,4.781788710305716e-06
29,2,1-4,adjust,0.0028074204643607267,-0.00014515013297112964,7.3831854827076515e-06
29,3,1-5,adjust,-0.0018721077925519874,-5.590341140536733e-05,4.787672223247699e-05
29,6,1-5,adjust,-0.015729638192455608,-4.625755596760969e-05,3.941808340329349e-05
29,7,1-4,adjust,-0.008271872788896142,-1.1381302086290673e-05,7.168498286626198e-05
29,8,1-5,adjust,-0.013079323226584274,-0.00013499953576482252,4.95569979457022e-05
29,9,1-5,adjust,-0.0049045596903741755,-0.0002079646988150123,6.789547942085817e-05
30,2,1-7,adjust,-0.0033726138289083135,0.00021059340369165998,0.00011864769433346188
30,3,1-7,adjust,-0.014696704593211396,0.00011841021568958272,0.00010081720513629678
30,4,1-7,adjust,-0.0010945145973755208,7.749389937672396e-05,6.739150802513814e-05
30,5,1-7,adjust,-0.003063404584059509,6.156602718285956e-05,4.800430801861494e-05
30,6,1-7,adjust,0.00616493146325645,3.7344006192444297e-05,9.90701980727715e-05
30,9,1-8,adjust,-0.003366721322124187,-6.56011160252379e-05,0.00019559537825508078
31,2,1-4,adjust,0.0015582288492384196,-3.996068862532439e-07,4.675652585547519e-05
31,3,1-5,adjust,0.012558814473038235,-6.546160685643413e-05,1.7839177946973498e-05
31,6,1-5,adjust,-0.00360375821290513,-6.852327873805268e-05,0.00015159769187319738
31,7,1-5,adjust,-0.0036930785648950407,-8.744864734316519e-05,0.0001242307101452295
31,8,1-5,adjust,0.000719023255928891,3.562147193103033e-05,0.000133451452225571
31,9,1-5,adjust,0.004015625791403344,0.00018247313104804936,9.327667921537865e-05
32,2,1-7,adjust,0.010171446300916782,-0.0002871639300239949,4.761828535171404e-05
32,3,1-7,adjust,0.0037521707394890277,-9.348510092641285e-05,3.35585576264428e-05
32,4,1-7,adjust,5.499883325802627e-05,-1.0539180043625306e-05,5.11817426905423e-05
32,5,1-7,adjust,0.004009920901483764,1.2526781268394356e-05,1.5684661356614592e-05
32,6,1-7,adjust,0.0019555148039801917,1.1707750709588724e-05,1.3455212875333469e-05
32,9,1-8,adjust,-0.004381124116761696,-0.00014050694806115225,0.00010741113498409865
33,2,1-4,adjust,-0.010330398381126744,0.00014940220730518946,1.3843124327528032e-05
33,3,1-5,adjust,-0.004275141770383145,0.00010139059732645404,2.4711671908229085e-06
33,6,1-5,adjust,0.0024732314578384835,-3.1667401690362356e-05,6.331600403446408e-05
33,7,1-5,adjust,0.002909924908015945,0.0001286176235508183,6.789347826531697e-05
33,8,1-5,adjust,0.0018041962336259132,4.5447237169787357e-05,3.7816249177833774e-05
33,9,1-5,adjust,0.006580035826012268,0.00018380478319094786,1.6007882473957998e-05
34,2,1-7,adjust,-0.007958174929065354,0.0001892474140796083,0.00014401404875063307
34,3,1-7,adjust,-0.010023504662956722,2.8569633492381728e-05,8.539595032027858e-05
34,4,1-7,adjust,-0.01122574316806061,-4.3643484323365784e-05,4.5575056769647146e-05
34,5,1-7,adjust,-0.009239427917131015,0.0001531860694284854,5.959435853121539e-05
34,6,1-7,adjust,-0.00910836619190289,-0.00010691720724539907,6.736505376212891e-05
34,9,1-8,adjust,-0.003214591828755844,-3.0014751844104306e-05,7.379010601681512e-05
35,2,1-4,adjust,0.007745553235720397,-6.70430568757851e-05,8.043191048175025e-05
35,3,1-4,adjust,0.006353868088072037,3.679343288626471e-05,0.00010005824075823629
35,6,1-5,adjust,0.004890424755264427,0.00016155060436782046,0.00010294671201744579
35,7,1-4,adjust,-0.005562345789100752,-5.420825883463324e-05,6.00818429493997e-05
35,8,1-5,adjust,0.006406760197857727,-3.3773750773586847e-06,3.9860392623051754e-05
35,9,1-5,adjust,0.004130330761758354,9.120886552675763e-05,8.003633049888311e-05
36,2,1-7,adjust,0.0034639359208349266,-0.00011332280454932495,5.5627744721953174e-05
36,3,1-7,adjust,0.0008913585256513694,-7.903469297548222e-05,4.504888432259194e-05
36,4,1-7,adjust,0.0022508123862221255,7.002756520681533e-06,6.193600144859135e-05
36,5,1-7,adjust,0.007053617566119426,-0.00015079739729991954,5.9937611220730495e-05
36,6,1-7,adjust,-0.003438846423981537,-9.250057607184996e-07,6.825683883416934e-05
36,9,1-8,adjust,-0.001533957377588756,-0.0001573837536298581,3.6444595053603396e-05
37,2,1-4,adjust,-0.002534393878326795,8.180709664846442e-05,4.635324016452869e-05
37,3,1-4,adjust,-0.004723738084967744,0.00011793372148621959,0.0001316304835043346
37,6,1-5,adjust,0.005601678833362875,-1.5672642943016472e-05,5.5853622441817275e-05
37,7,1-4,adjust,0.0009146170609472965,-5.973111899673029e-06,2.5624064185905044e-06
37,8,1-5,adjust,-0.0034113297546313516,1.085192168097208e-05,1.4346910215069753e-05
37,9,1-5,adjust,0.0001857150501199597,6.574049046379918e-05,3.5754729563833396e-06
38,2,1-7,adjust,0.0011166485892796854,-6.480678982074733e-05,6.774463164067487e-05
38,3,1-7,adjust,0.012790543291833089,-0.0001068645488925984,4.941930940896518e-05
38,4,1-7,adjust,0.007397118021915099,1.1813558574587634e-05,3.6009508455318546e-05
38,5,1-7,adjust,-0.009323293844864269,3.3020020078560565e-05,9.85541839880918e-06
38,6,1-7,adjust,-0.004160775057493233,4.774750030087451e-05,1.1109469032605213e-05
38,9,1-8,adjust,-0.0016387678009420557,-2.1807884970223083e-05,8.235869335292035e-05
39,2,1-4,adjust,-0.0029357380785871795,-6.620961638851693e-05,6.932503472848454e-05
39,3,1-4,adjust,-0.006725998360418416,2.23464360776182e-05,7.651141880762451e-05
39,6,1-5,adjust,-0.003736382553793502,-0.00011661080734522104,0.00015155107063944144
39,7,1-5,adjust,-0.00044112541360494565,-2.3050268169758658e-05,6.612198450115905e-05
39,8,1-5,adjust,-0.0024987681700712853,-2.1681836951740265e-05,4.8295035875824044e-05
39,9,1-5,adjust,-0.0006606217913635862,-5.203828379055398e-05,6.979398358616903e-06
40,2,1-7,adjust,0.00471310582343978,1.1351563363685251e-05,2.3403998655964597e-05
40,3,1-7,adjust,0.001183885093671933,-6.610967979791353e-05,1.1117925995702506e-05
40,4,1-7,adjust,-0.002808123999812956,-7.782845210931398e-05,2.3992740700331138e-05
40,5,1-7,adjust,0.006326805721873015,-1.5815091004409703e-05,4.136406948228792e-06
40,6,1-7,adjust,0.003629676820179418,0.00012671199471829184,5.537595607351693e-05
40,9,1-8,adjust,0.00010925652412054221,-1.0065831350849926e-05,1.0452657949441402e-06
41,2,1-4,adjust,-0.0010544910422807048,5.6028475699291576e-05,5.1935443022700105e-05
41,3,1-4,adjust,0.00022828875036450083,-4.7379342537067216e-06,9.291060475486476e-05
41,6,1-5,adjust,-0.00056984102934541,-4.1619928657343545e-05,2.80974078066003e-05
41,7,1-5,adjust,0.0018195550565840218,6.922440245329118e-05,7.903266866500088e-05
41,8,1-5,adjust,0.0003589617155970029,2.4518359373355576e-05,1.9797647007505298e-05
41,9,1-5,adjust,0.0017607876943236643,7.49096163960552e-05,7.313599296849841e-05
42,2,1-7,adjust,0.00027145031892604146,8.125637016314209e-05,6.548959501039636e-05
42,3,1-7,adjust,-0.007117102591753201,0.00012007514853028566,6.093364397949687e-05
42,4,1-7,adjust,-0.002999981014925429,9.163504615214787e-05,5.385031560496176e-05
42,5,1-7,adjust,-0.00043232902501194316,0.00010815126977496394,6.254737121921819e-06
42,6,1-7,adjust,-0.0008809874846458152,-7.295090832591077e-05,5.440044246778044e-05
42,9,1-8,adjust,-0.002202599669674224,-6.222491211601231e-05,2.6119221771874267e-05
43,2,1-4,adjust,-0.004552207598023032,4.820666063119816e-05,6.513277649594759e-05
43,3,1-5,adjust,0.0021746399584754066,-4.456463540427022e-05,4.508805375656611e-05
43,6,1-5,adjust,0.008027396263697665,9.445090366661072e-05,4.823295301366793e-05
43,7,1-4,adjust,0.0031157013071297806,-5.9778998311291106e-05,4.9543086173227154e-05
43,8,1-5,adjust,0.01113353122913304,-1.6889098024915872e-06,1.5232662756043301e-05
43,9,1-5,adjust,0.0054440302365686205,0.00014111123939332043,8.15109792863286e-06
44,2,1-7,adjust,0.001725019233912604,-0.00016105860805239888,4.5066781329103005e-05
44,3,1-7,adjust,0.004799790164503504,-7.011833415391505e-05,8.28708496954293e-06
44,4,1-7,adjust,0.01035516260489167,-2.2200729251875677e-05,1.4368785352288813e-05
44,5,1-7,adjust,0.00452249011092128,-7.475334419976038e-05,5.822260136214501e-05
44,6,1-7,adjust,0.0008449566839583776,1.3180652204403224e-05,0.00015574912097506864
44,9,1-8,adjust,0.0020023889926585833,-4.581203671279539e-05,9.954562240211633e-05
45,2,1-4,adjust,0.004296646229368461,-3.756870119972615e-05,0.00011950493857633407
45,3,1-4,adjust,3.525492450678855e-05,-5.796666434017007e-05,0.00012344117848189792
45,6,1-5,adjust,-0.0011253285146453186,-6.088372054330975e-05,0.0001198455281060777
45,7,1-4,adjust,0.0008575017088884655,6.564926813011975e-05,6.456429991089997e-06
45,8,1-5,adjust,-0.009268930376755302,9.922869533808887e-05,1.7774015798676823e-05
45,9,1-5,adjust,-0.006996065063732959,-5.4377154666669186e-05,1.8687028937306076e-05
46,2,1-7,adjust,-0.004688781734523179,0.0001088225180102937,5.828355711558576e-05
46,3,1-7,adjust,-0.009640863186880634,0.00023242448793253168,7.087664750807109e-05
46,4,1-7,adjust,-0.00886812557035829,5.133416091575637e-05,4.9393910777266905e-05
46,5,1-7,adjust,-0.006723261113593114,3.8959373826523126e-05,0.00010024349656538101
46,6,1-7,adjust,-0.005300312872924104,-5.3894507611222705e-05,2.8771801157120194e-05
46,9,1-8,adjust,0.0028019117801111326,-1.0924970761880887e-05,5.598987181065294e-05
47,2,1-4,adjust,-0.0027619720210768773,-3.1000985715151885e-05,6.878247378624824e-05
47,3,1-4,adjust,0.006413500173776652,-7.37640949455663e-05,8.798658564613222e-05
47,6,1-5,adjust,0.0013410043275883057,-7.775014452403631e-05,0.0001015025397616884
47,7,1-5,adjust,-0.00074458557969341,-8.648236896734976e-05,7.569109445380665e-05
47,8,1-5,adjust,0.0037132152975888327,-0.00014353386250689568,7.713771097807628e-06
47,9,1-5,adjust,-0.0018293249349696896,2.7864193956077984e-05,6.424669425029786e-05
48,2,1-7,adjust,0.0053706430105758774,-4.3251006225310614e-05,5.862794981599848e-05
48,3,1-7,adjust,0.008388501977734664,-0.0001266776545583376,3.704388255066701e-05
48,4,1-7,adjust,0.0013337658943645106,-4.5464886333193767e-05,9.19521402895819e-05
48,5,1-7,adjust,0.000522080254512541,-0.00013006020250910393,4.836015907348593e-05
48,6,1-7,adjust,0.0010422719570722051,0.00012667665172572356,2.5857139152532033e-05
48,9,1-8,adjust,0.002512488456637362,2.7334624306719473e-05,0.00010620292524971048
49,2,1-4,adjust,-0.0031361929126286383,4.7891746552891724e-05,4.1733190106999785e-05
49,3,1-4,adjust,-0.006239531952198155,4.04528445744401e-05,5.276828233381603e-05
49,6,1-5,adjust,-0.005368714542953714,2.0931520297568647e-05,9.9546462228411e-05
49,7,1-5,adjust,-0.006152959509938404,-1.2645771128216837e-06,9.52979223339601e-05
49,8,1-5,adjust,-0.009143664827168982,-5.004717147937469e-05,0.00017761872659442565
49,9,1-5,adjust,-0.006838634166942097,-0.00010249343934076888,3.58654765321033e-05
50,2,1-7,adjust,0.005963559012895406,-0.0001337110819460574,8.549207630548088e-05
50,3,1-7,adjust,0.005085864845709314,-2.8215198414907913e-05,8.910462362842424e-05
50,4,1-7,adjust,0.00235851151401178,-4.59118300450642e-05,2.2044242159551872e-05
50,5,1-7,adjust,0.00012249767395645009,0.00011460412503202788,6.513858314214827e-05
50,6,1-7,adjust,0.004899600471477227,6.567883783408174e-05,0.0001085413547335946
50,9,1-8,adjust,-0.000535798243407476,-7.499290074196919e-05,8.293466920127626e-05
51,2,1-4,adjust,-0.0026165512323239764,0.00010450132605559338,0.00012259374404991198
51,3,1-4,adjust,-0.0034007137392054855,4.8424921034053044e-05,0.0001209437390463072
51,6,1-5,adjust,-0.003059091940399556,-5.8720887884024475e-05,2.6833211368673116e-05
51,7,1-5,adjust,0.0024175048792718055,-8.411109666285938e-05,9.19997702121811e-05
51,8,1-5,adjust,0.005397385049323075,5.5506591901388675e-05,4.4759729451023635e-05
51,9,1-5,adjust,0.007314942614001695,0.00021604396967446658,5.604774879760174e-06
52,2,1-7,adjust,0.005777129269196416,-0.0001245143424870952,5.253656156356775e-05
52,3,1-7,adjust,0.007710718256282497,-0.00014944768425229036,9.266389147504628e-05
52,4,1-7,adjust,0.0022720372700134025,1.305350276080517e-05,3.041770590996404e-05
52,5,1-7,adjust,0.012990522062466188,-5.0727587727713133e-05,6.263049680889336e-05
52,6,1-7,adjust,0.008932585936937043,2.367757176259503e-06,6.542140225425322e-08
52,9,1-8,adjust,-0.002850240895051024,-0.0001711709550084841,0.00015059423643857612
53,2,1-4,adjust,-0.00519001789000085,9.995463243910343e-05,1.8655570423088847e-05
53,3,1-5,adjust,-0.006099482075732674,0.00011457096943203687,2.5164490442270395e-05
53,6,1-5,adjust,-0.0008613662274151376,9.329497912313025e-05,6.749502735045409e-05
53,7,1-4,adjust,0.003877722187208159,0.00019790694351342716,2.975169651992315e-05
53,8,1-5,adjust,-0.0004777098155041479,1.572775014496115e-05,2.8361968149774998e-05
53,9,1-5,adjust,-0.0002473718795013635,0.00011435090545058505,6.819029799431451e-06
54,2,1-7,adjust,-0.004913904897958474,0.00010985680113402698,7.677154383992703e-05
54,3,1-7,adjust,0.0007334003750976531,2.3015403485569306e-05,4.4688114801609066e-05
54,4,1-7,adjust,-0.005625299994079282,0.00010202542430865501,4.458500367281279e-05
54,5,1-7,adjust,-0.011048506092587437,7.624789594020311e-05,3.6086809609865836e-05
54,6,1-7,adjust,-0.006717789493961171,-0.00011966804384288475,1.2872929941115275e-05
54,9,1-8,adjust,0.0009435047840848883,-5.7709813034884533e-05,6.166672882304967e-05
55,2,1-4,adjust,0.001317269439029501,-2.6987822521894515e-05,7.938422288814491e-05
55,3,1-5,adjust,-0.006731149335937601,2.801541342863904e-05,5.1970349085780016e-05
55,6,1-5,adjust,0.002191175932017765,1.523173878924329e-06,0.00010191445177610375
55,7,1-4,adjust,0.001225186709371729,-0.0001413410344830168,1.4907329963185836e-05
55,8,1-5,adjust,0.007630703402215458,5.724085143135428e-05,8.0250598001692e-06
55,9,1-5,adjust,0.0028983370034644826,7.087477322429443e-05,7.241356249263075e-06
56,2,1-7,adjust,0.006134821217437858,-0.0002047633231606502,0.00010995256816931092
56,3,1-7,adjust,0.012095909394809583,-6.222030226517782e-05,4.9626158093959204e-05
56,4,1-7,adjust,0.007961630450639207,-0.0001241842134983417,6.461562636350021e-05
56,5,1-7,adjust,0.008271414629527383,4.159469429982001e-06,3.0605738633183253e-06
56,6,1-7,adjust,0.003365559455867755,9.290100914594252e-05,4.174830710709109e-05
56,9,1-8,adjust,0.0011620299171906233,6.053894337168749e-05,0.00018560978624784175
57,2,1-4,adjust,-0.0016098685697831087,0.00011568539571616024,0.0001426369324958573
57,3,1-4,adjust,-0.003728540243017302,-3.722397652233544e-05,0.00020447156045808198
57,6,1-5,adjust,0.006770341623654272,-7.350963113635577e-05,6.764806410492476e-05
57,7,1-5,adjust,0.007251790074663079,7.137705397356504e-05,6.932844549268952e-05
57,8,1-5,adjust,-0.0031018210248247055,2.539749888909839e-05,7.34915738837444e-05
57,9,1-5,adjust,0.001569189079582102,-4.284874311804335e-05,0.0001311399693642127
58,2,1-7,adjust,-0.002720475958357775,0.00010133717929750845,5.383587279082897e-05
58,3,1-7,adjust,0.0011383126858773766,0.0001078086993960337,2.4370175804072735e-05
58,4,1-7,adjust,-0.002250050195163836,6.793683051808891e-05,8.458500889602384e-05
58,5,1-7,adjust,0.001177586220895495,-1.6491080872084442e-05,4.572100076494575e-05
58,6,1-7,adjust,0.0010372785044691054,8.129851523889619e-05,6.183865663972153e-05
58,9,1-8,adjust,-0.0026646968839590043,-2.6932445068043827e-05,4.448755670066918e-05
59,2,1-4,adjust,-0.0013600054360511484,-2.495416717706189e-05,1.9811134063656816e-06
59,3,1-4,adjust,-0.005792981670813715,4.937313864714882e-05,0.0001387034784497629
59,6,1-5,adjust,-0.001835093610246332,-5.130297751460904e-05,2.7470505436340747e-05
59,7,1-4,adjust,-0.008580804927145861,3.997786434642054e-05,9.231246018956691e-05
59,8,1-5,adjust,0.00272269030915168,2.804597491038482e-05,4.313982761244122e-05
59,9,1-5,adjust,-0.0040100675833695245,4.478536891418941e-05,1.5333447663961968e-05
60,2,1-7,adjust,0.0005718257364990068,5.546330087031502e-06,5.331741951265604e-05
60,3,1-7,adjust,-0.004887596334437149,-1.564101036501377e-05,3.0372667943706018e-05
60,4,1-7,adjust,0.0019106445818600649,6.118969722911278e-05,1.0544923996802075e-05
60,5,1-7,adjust,-0.012931435599066286,-4.149081599006981e-05,9.450419786320259e-06
60,6,1-7,adjust,-0.015465254445424622,-0.0001267154100546445,2.9221132271189868e-05
60,9,1-8,adjust,0.005692289984963064,9.008652550081594e-05,0.00018263461496800064
61,2,1-4,adjust,0.0006712557470819945,-2.5972316706015486e-05,7.607462144281346e-05
61,3,1-4,adjust,0.0061571174284229,-7.466879693174879e-05,0.00015904767008550748
61,6,1-5,adjust,0.003939275044662759,-2.6770112051694115e-05,0.00022697940293203153
61,7,1-5,adjust,-0.0013785867432906367,-7.002408513107098e-05,0.00011848267169606392
61,8,1-5,adjust,-0.012466063680525165,-0.00017503553334779413,0.0001677810783466027
61,9,1-5,adjust,-0.004341363604341411,-0.00017447650594165485,5.393873919148744e-05
62,2,1-7,adjust,0.003529592338339688,-7.971907835278048e-05,9.034303543468345e-05
62,3,1-7,adjust,0.00046394530214757677,3.6301643765317635e-05,0.00011887489792677186
62,4,1-7,adjust,-0.0009776585738684276,-9.102703063525157e-05,9.063377660464337e-05
62,5,1-7,adjust,0.008267347343788263,7.839706167782215e-05,6.748321698575371e-05
62,6,1-7,adjust,0.007482338433004473,0.00021626913639010426,3.9402389980650617e-05
62,9,1-8,adjust,-0.004972936523378755,-0.00012911051075866213,0.00010817770952581833
63,2,1-4,adjust,-0.0006906982008474554,9.443610440187232e-05,0.00013596627618507278
63,3,1-4,adjust,0.0030385730272822807,-1.241610831635017e-05,0.0001332002524301017
63,6,1-5,adjust,0.003769342978731154,-3.453125645433571e-05,1.199465231305365e-05
63,7,1-5,adjust,0.007323169141872174,6.47373327784189e-05,8.140734325696809e-05
63,8,1-5,adjust,0.005996300300333037,0.00018150376653013636,3.923159766899022e-05
63,9,1-5,adjust,0.005172303485407288,0.00015483431902407207,7.672666361118937e-05
64,2,1-7,adjust,-0.0025514538970803097,8.240888275248899e-05,1.2206256537428229e-05
64,3,1-7,adjust,-0.008788405157515344,4.481229586519926e-05,9.758900493984056e-05
64,4,1-7,adjust,-0.006474274374732246,5.560362034100942e-05,0.0001073319092820553
64,5,1-7,adjust,0.006108671282106738,-4.2081820729259896e-05,0.00015685811237400226
64,6,1-7,adjust,-0.0015896874099980707,3.1595286755225235e-05,9.295314324125905e-05
64,9,1-8,adjust,0.001863446755356819,9.60289450947286e-05,6.338993546639068e-05
65,2,1-4,adjust,-0.0025815622770850037,-6.10451131800248e-05,5.924451084329446e-05
65,3,1-4,adjust,-0.00041179643323721046,-2.7945697372702246e-05,8.464068308300017e-05
65,6,1-5,adjust,0.00339396492808961,-6.873024910664667e-05,5.1671140022378567e-05
65,7,1-4,adjust,0.0039167987724110735,8.030584891919695e-05,7.564691873704646e-05
65,8,1-5,adjust,0.004248769995740984,2.4763167583706714e-05,4.280952183145444e-08
65,9,1-5,adjust,1.259350262732252e-05,-6.257948986761968e-05,8.083529557865034e-06
66,2,1-7,adjust,8.886062869114973e-05,6.017364112181046e-05,1.776155835206482e-05
66,3,1-7,adjust,0.0008551655047909576,0.00015625118929643074,5.9461061617657434e-05
66,4,1-7,adjust,0.002897541641750429,-6.0929952646004385e-05,0.00013005680063079338
66,5,1-7,adjust,-0.005368331136233871,-2.089028745175889e-05,0.00012349132728811202
66,6,1-7,adjust,-0.006113703777597839,2.1886035849719952e-05,4.906446292055412e-05
66,9,1-8,adjust,-0.00015639376862291556,7.619991752542565e-05,7.466327825695258e-05
67,2,1-4,adjust,0.0009992153170906301,-0.00010134054298354928,1.8823774488283835e-05
67,3,1-5,adjust,0.003542339088628976,-0.00016375665378785944,1.053806014611466e-05
67,6,1-5,adjust,-0.0004093335519027822,-6.709055699730708e-05,5.819571466141197e-05
67,7,1-5,adjust,-0.004831037556091633,-1.1880533392660354e-05,0.00010585402364638716
67,8,1-5,adjust,-0.0053256946756555,-0.00012876872028131834,3.088719097331041e-07
67,9,1-5,adjust,-0.0019980530939326334,-9.607047103215486e-05,5.093626153738313e-05
68,2,1-7,adjust,-0.0037373635104069776,0.0001482660061758878,0.00013783536965754112
68,3,1-7,adjust,-0.005666854907917922,9.33699502714535e-05,9.510276090033917e-05
68,4,1-7,adjust,-0.010153474287558178,8.331561737557438e-05,5.466869572243718e-05
68,5,1-7,adjust,0.000570071679295111,-1.58569112420012e-06,4.5267037042333645e-06
68,6,1-7,adjust,-0.002449182738888058,1.0988620170147621e-05,1.1121729963423602e-05
68,9,1-8,adjust,-0.002365263303685419,-0.00012344239509093618,0.00019401740783156889
69,2,1-4,adjust,0.0014536637277131512,-5.480001924139877e-05,0.00010002626859105588
69,3,1-4,adjust,-0.003851533924004772,4.326140350909546e-06,0.00016727452885924668
69,6,1-5,adjust,0.000516287813593247,5.80405948439889e-06,7.533337995482885e-05
69,7,1-5,adjust,0.0010761428338066867,-0.0001152218578746462,7.695154283410476e-05
69,8,1-5,adjust,0.00679516250582432,7.451032036880205e-05,1.201424104525092e-05
69,9,1-5,adjust,0.003326496504052857,9.14399993917509e-05,4.90440008894353e-05
70,2,1-7,adjust,0.0021808778926947735,-9.96288131195142e-05,8.766478776436742e-05
70,3,1-7,adjust,0.011862948541364899,-8.581045627472256e-05,5.4226847014231735e-05
70,4,1-7,adjust,0.009083214476002263,-3.8241985939012014e-05,1.2308774610766826e-06
70,5,1-7,adjust,0.005932434636704849,0.00010161962994453052,5.89171988043955e-05
70,6,1-7,adjust,0.0009264099979934251,-0.00012370888868207423,6.81108574998229e-05
70,9,1-8,adjust,0.0027737539529318457,0.00012249528904791348,4.922045340859196e-05
71,2,1-4,adjust,0.00100298254049731,4.762634628566413e-05,2.7440719771671482e-05
71,3,1-5,adjust,-0.0033512680283312867,1.0781303258747049e-05,6.145699188123976e-05
71,6,1-5,adjust,0.009939428870263084,0.000153088777555965,0.00013433820349081948
71,7,1-5,adjust,0.010450436876884489,0.00013418565624168178,0.00011512377737434358
71,8,1-5,adjust,0.007958224874634233,1.786061367295839e-05,7.76732993615639e-05
71,9,1-5,adjust,-0.0033545279388895854,-6.00894802492363e-05,9.11379049597569e-06
72,2,1-7,adjust,-0.0035748127584177354,7.675558915053635e-05,7.587904028095408e-05
72,3,1-7,adjust,-0.0004967834022357632,6.147515181564543e-05,0.00012076638938163279
72,4,1-7,adjust,-0.006903282197290896,-6.284726393698048e-05,1.5107242148074328e-06
72,5,1-7,adjust,-0.0028685873176924697,-0.00010088063661070749,9.463492257581627e-05
72,6,1-7,adjust,0.0012459959363398678,-7.410544675647167e-05,4.963081030186616e-05
72,9,1-8,adjust,0.008858782409865552,0.00014242387703651104,2.012286591373095e-05
73,2,1-4,adjust,0.002980184173010882,-0.00012905690291278664,3.5592475819028256e-05
73,3,1-4,adjust,-0.006442815765093741,-9.31971911336339e-05,0.0001528516499430372
73,6,1-5,adjust,-0.006612671536584393,5.524187705033668e-05,0.00013711625242468468
73,7,1-5,adjust,-0.010404908437053608,-9.182056728068654e-05,0.00010132377643836646
73,8,1-5,adjust,-0.005421324772406602,-3.480635673000149e-05,0.0001310600877284278
73,9,1-5,adjust,-0.009351299746119255,-0.0001005065335326264,4.920390858455681e-05
74,2,1-7,adjust,0.0004759555250241953,8.163536062996349e-05,6.078173437388342e-05
74,3,1-7,adjust,0.004060344493656014,-2.7667615260415967e-05,7.790899706545989e-05
74,4,1-7,adjust,-0.0031289600818290206,2.8313921364889096e-05,2.9751025267924953e-05
74,5,1-7,adjust,-0.004816444009826036,4.335191312632505e-05,2.1844508710519648e-05
74,6,1-7,adjust,-0.00147866261005465,-8.348239352479206e-05,4.943493236814981e-05
74,9,1-8,adjust,0.005819264498477981,9.598170328991058e-05,0.00012962983328698203
75,2,1-4,adjust,-0.002490747175878657,1.75484180128981e-05,1.4998173858124713e-05
75,3,1-4,adjust,-0.0050604093232008715,0.00018128250218389468,0.00010297236436378327
75,6,1-5,adjust,-0.0004594085996895417,6.12278172338095e-05,0.00013247887635082668
75,7,1-5,adjust,-0.00442846885952278,-4.5833002622116045e-05,7.76397344907474e-05
75,8,1-5,adjust,-0.0017317940070237054,5.869600331100516e-05,0.00010535475849643758
75,9,1-5,adjust,-0.003270962091144695,-0.00011170947566491936,4.869728007228002e-05
76,2,1-7,adjust,0.0034693981798482655,-0.00013719224196284306,0.00011707884206894415
76,3,1-7,adjust,0.009349587890242421,-0.00015023785139415904,8.52687524605023e-05
76,4,1-7,adjust,0.020534169546987648,-7.555589109273828e-05,0.0001331362253545665
76,5,1-7,adjust,0.002631498384895577,-7.77151675460249e-05,0.00010779596029354075
76,6,1-7,adjust,-0.0026856874153960756,5.0672807856666015e-05,4.154973105785936e-05
76,9,1-8,adjust,0.0007031699643054399,7.109172624969705e-05,0.00010472320014144417
77,2,1-4,adjust,0.0011621577249365863,-1.147284674217348e-05,5.012891434052097e-05
77,3,1-4,adjust,0.006779882035453969,-0.00018128192828868573,0.00012576519569622896
77,6,1-5,adjust,-0.0013262564420133257,1.666375732759627e-05,2.4313127264254855e-05
77,7,1-4,adjust,-0.003670988499738995,5.696146300351815e-05,4.371411197769267e-05
77,8,1-5,adjust,-0.00360564773987808,-7.118136273600899e-05,0.00017158363188371595
77,9,1-5,adjust,-0.002996316508807844,-0.00010235319066281132,2.6640653876498674e-05
78,2,1-7,adjust,-0.0041347806087918965,8.572157039669587e-05,2.947970895803843e-05
78,3,1-7,adjust,-0.013796063785750217,0.0002933155557323614,4.405617579076759e-05
78,4,1-7,adjust,-0.022316128180966933,0.00021738642747643603,1.661608438418694e-06
78,5,1-7,adjust,-0.013298227286894653,5.729146304008189e-05,4.770153173088019e-05
78,6,1-7,adjust,-0.005299657886124607,2.3267534106366034e-05,0.00010491151802264298
78,9,1-8,adjust,0.0019148193544200978,9.153705091004918e-05,6.47946180701457e-05
79,2,1-4,adjust,-0.004677523797960816,0.00016792730555925884,7.712314670466858e-05
79,3,1-4,adjust,-0.006548110418719092,5.913580397187819e-05,9.556683097602864e-05
79,6,1-5,adjust,-0.0005129421588745353,-0.00016755555507460111,9.904174915112676e-05
79,7,1-5,adjust,-0.00047036072468539016,2.0800671736181518e-05,7.226124296359701e-05
79,8,1-5,adjust,-0.00475573029317829,-3.56049537172989e-05,0.00011512979010533674
79,9,1-5,adjust,-0.0007938386067708737,-0.00016662240516981803,0.00015056874115971868
80,2,1-7,adjust,0.0069903709531857145,-0.000188254537097765,4.019023833920598e-05
80,3,1-7,adjust,0.008327645839354143,-8.946449443260538e-05,4.393485852270298e-05
80,4,1-7,adjust,0.0046510984158330245,-5.866177327306423e-05,9.265003915527333e-05
80,5,1-7,adjust,0.0010472011502672593,9.345219386823733e-05,7.986740311305238e-05
80,6,1-7,adjust,-0.002678465650468208,0.00011086468207380706,4.907098056900375e-05
80,9,1-8,adjust,-0.002232694518646972,-3.468760755454678e-05,5.4453988333308526e-05
81,2,1-4,adjust,-0.002487573696863278,0.00011196446668234156,9.962224092066223e-05
81,3,1-4,adjust,-0.004300263018079953,-2.424816141951008e-05,5.482848799286119e-05
81,6,1-5,adjust,0.004823731314662731,-3.9358576976685794e-05,1.5212302148450529e-05
81,7,1-4,adjust,0.015613889000691833,-9.547529930227666e-05,5.170761564974804e-05
81,8,1-5,adjust,0.0002477468662047657,5.163471051142992e-05,3.447661382474381e-05
81,9,1-5,adjust,0.005259536799443466,0.00014488554508341371,1.3450873723059717e-05
82,2,1-7,adjust,0.002835350493587363,-0.0001301304186319248,9.875801785106437e-05
82,3,1-7,adjust,0.016111302418921086,-3.965810989163326e-05,4.791697074018358e-05
82,4,1-7,adjust,0.014240210825547652,-0.00012545359508844538,0.00014481513325619112
82,5,1-7,adjust,0.019750298621668546,-0.00010776814592059427,8.76692036884426e-05
82,6,1-7,adjust,0.015175327328059865,-4.456961665924625e-05,0.0001997188329894554
82,9,1-8,adjust,-0.005325572883982909,-4.847608659821243e-05,7.498113676876765e-05
83,2,1-4,adjust,0.0026396557419206663,-8.057025776878538e-05,7.332257340682307e-05
83,3,1-4,adjust,-0.004589290351475288,-0.00017796644446481413,5.419828776037543e-05
83,6,1-5,adjust,-0.00237180429048029,0.0001305111417562241,0.0001332521664914159
83,7,1-5,adjust,-0.003227526761032952,0.00010280383459104071,7.61905177357884e-05
83,8,1-5,adjust,0.008259999764940002,-1.233928251423414e-05,0.00016642908617671008
83,9,1-5,adjust,0.0016518978689247274,-2.0843323536691338e-05,5.3695911292165786e-05
84,2,1-7,adjust,-0.004514817572246744,0.00016093993843209066,4.244373025798133e-05
84,3,1-7,adjust,-0.00984517463445169,0.00027323141582096997,5.2995890313439336e-05
84,4,1-7,adjust,-0.00571787245494062,9.624020828895672e-06,8.700883734629236e-06
84,5,1-7,adjust,-0.007977640646533352,-6.483634023785965e-06,3.7581802005833826e-05
84,6,1-7,adjust,-0.0024772954740368484,-0.00014910762326309364,6.470981488266297e-05
84,9,1-8,adjust,0.000654709922299007,0.00013458140746325348,4.02403787169464e-05
85,2,1-4,adjust,0.0019547047708477067,-8.907553360093649e-05,5.751015885981673e-05
85,3,1-5,adjust,0.00560589359792767,-0.00015299876460346946,2.9373735192843335e-06
85,6,1-5,adjust,-0.0024346828403932516,9.680583514383842e-05,2.0064613258169862e-05
85,7,1-4,adjust,-0.004553376786800541,-3.768561350858669e-05,5.450563367475313e-05
85,8,1-5,adjust,0.0006701473861577481,6.421375658821793e-05,5.035383842069142e-05
85,9,1-5,adjust,0.0008408511101503641,-8.443685415123774e-05,7.61453949296185e-05
86,2,1-7,adjust,-0.0017706478064991676,5.0945720180390544e-05,6.486900920101315e-05
86,3,1-7,adjust,-0.006504203297600237,0.00019317736089217015,3.460805511329776e-05
86,4,1-7,adjust,-0.005679951759008952,8.425753695104296e-05,4.60812977320944e-05
86,5,1-7,adjust,-0.009220488874078345,-5.878312313394405e-06,5.0958358617298735e-05
86,6,1-7,adjust,-0.0019907857067701733,2.2296738256782765e-05,3.6121547337144725e-05
86,9,1-8,adjust,0.002422075027661956,0.00011820373892264412,0.00014679352586680224
87,2,1-4,adjust,-0.0004375293252578422,-4.0509694732387654e-05,5.519802356805046e-05
87,3,1-5,adjust,0.0021127110423842395,-0.00010932370386513375,7.268340458501541e-05
87,6,1-5,adjust,-0.008010420526316746,5.681468375731712e-07,2.048165229268582e-05
87,7,1-5,adjust,-0.009172228733042865,-4.3036864194818035e-05,7.606843976613565e-05
87,8,1-5,adjust,-0.0017747556947187864,-2.799023551989196e-05,0.00010364112865853002
87,9,1-5,adjust,-0.005680871739128094,-0.0001447976876944503,6.305993216748253e-05
88,2,1-7,adjust,0.0031454123921986457,-5.3755502997522116e-05,0.00016051546902069678
88,3,1-7,adjust,0.0038171449772274246,-1.9029067478876694e-05,5.7162802469713555e-05
88,4,1-7,adjust,-0.004108352579432681,-4.281819997646427e-05,3.2434474852866726e-05
88,5,1-7,adjust,0.0004619941669151883,-3.248945421527413e-05,5.2636768260467385e-05
88,6,1-7,adjust,-0.0005149999354691642,-6.531740579616471e-05,6.879885665347842e-05
88,9,1-8,adjust,0.003896403082562472,0.0001307332580488008,0.0001901673053473344
89,2,1-4,adjust,-0.005959293119092215,0.00011332497273912192,5.438536668075363e-05
89,3,1-4,adjust,-0.004077315660656995,5.3485351833252786e-05,9.77421739447079e-05
89,6,1-5,adjust,-0.0009281171618311524,4.9461509567938754e-05,3.99346009394751e-05
89,7,1-5,adjust,-0.003968093589382382,-2.34453518323415e-05,7.347656228482746e-05
89,8,1-5,adjust,-0.007293642988618025,-8.33889700877373e-05,2.4791655833482198e-05
89,9,1-5,adjust,-0.005985624165085305,-0.0001719497829991524,7.549700677788779e-05
90,2,1-7,adjust,0.002410646023615656,-2.1887442572243843e-05,3.544760503822682e-05
90,3,1-7,adjust,0.008228220682256003,-7.391588794109596e-05,2.804407350448151e-05
90,4,1-7,adjust,0.005986497579886654,-5.111845288984511e-06,2.767650061642963e-06
90,5,1-7,adjust,0.0003939036674855463,5.9414118631333114e-05,1.5447417304613956e-05
90,6,1-7,adjust,-0.0031592087749310644,-1.7059010804282372e-05,9.789351214610949e-05
90,9,1-8,adjust,0.0036763403527403592,-6.811502319733562e-05,5.680840641556937e-05
91,2,1-4,adjust,0.00054537109369958,3.687151575127939e-05,1.6145259311006914e-05
91,3,1-4,adjust,-0.004028107004459197,1.0999955883647729e-05,5.775887682471034e-05
91,6,1-5,adjust,0.007810165265171411,-9.169389084763738e-05,4.191544353962077e-05
91,7,1-4,adjust,0.008304806809776771,-2.762941045410498e-05,4.324017235876802e-05
91,8,1-5,adjust,0.009822316654878116,2.0092149190456986e-05,1.2270435910069814e-05
91,9,1-5,adjust,0.0014929423716719147,0.00012395369425441922,4.122924401929552e-05
92,2,1-7,adjust,0.0038918013533443432,-0.00010275964826051929,3.8168780723879884e-05
92,3,1-7,adjust,0.006707074468193962,-5.634861128656575e-05,9.244193740026481e-05
92,4,1-7,adjust,0.006562464186396256,8.3501089558724e-06,3.700931323238993e-05
92,5,1-7,adjust,0.0045310705148011166,3.928835066358169e-06,4.179341225610481e-05
92,6,1-7,adjust,0.006823513865726666,3.042502107115925e-05,5.5133076303462635e-05
92,9,1-8,adjust,0.002028079236548144,0.00012069122222792775,0.00012062372927636159
93,2,1-4,adjust,-0.002814134297927134,-2.2466998825982947e-05,5.3759536992603004e-05
93,3,1-4,adjust,-0.0029309822531435803,-3.302676766704753e-05,0.00016767105656637364
93,6,1-5,adjust,-0.0038897029967328222,4.559012356401349e-05,4.052134559911809e-05
93,7,1-5,adjust,0.002160526042203696,-2.1939339137927008e-05,7.898716822007933e-05
93,8,1-5,adjust,-0.006509276758085491,8.936820791519286e-05,4.4718070201819924e-05
93,9,1-5,adjust,-0.0016635158678159781,-0.00013492891035282796,2.6070302296187532e-05
94,2,1-7,adjust,0.0046764437890904325,-4.752219368984395e-05,9.357415510449852e-05
94,3,1-7,adjust,0.004904336683542563,4.463687707148779e-05,0.00013969078431579453
94,4,1-7,adjust,0.010469476146135616,-2.1734467940808032e-05,0.0001904267728746746
94,5,1-7,adjust,0.012797915040740437,-1.9227363321367333e-05,0.00010403486563646073
94,6,1-7,adjust,0.004570200326229704,3.475959827835376e-05,6.420988403179569e-05
94,9,1-8,adjust,-0.0006582196730628487,6.518670568166597e-06,0.00010939146518670336
95,2,1-4,adjust,0.0005166229147317608,5.353359001508292e-05,6.185574688582616e-05
95,3,1-4,adjust,0.0032525740113446304,-4.704828153013011e-05,7.023354214669042e-05
95,6,1-5,adjust,0.00377177418690808,0.00013855792724858196,7.1746940477205e-05
95,7,1-4,adjust,0.006080131551606094,0.00016524390282653497,2.5919980529306855e-05
95,8,1-5,adjust,0.003764710187881992,-3.1795586465996734e-05,5.962022949384447e-05
95,9,1-5,adjust,0.0012427387065951279,1.4459884526929996e-06,6.298351758866422e-05
96,2,1-7,adjust,-0.010750712371727398,0.00026505229984715264,3.0418700414040975e-06
96,3,1-7,adjust,-0.01795992909449001,7.835417629922899e-05,2.0577260376827937e-05
96,4,1-7,adjust,-0.014387338500064843,4.313968780200416e-05,3.7403749140963016e-05
96,5,1-7,adjust,-0.009634614772887039,6.808556421709936e-05,1.8659196497708098e-05
96,6,1-7,adjust,-0.0069723095875866324,-0.00018506998818365938,8.276110485637628e-05
96,9,1-8,adjust,0.0006101911785228792,4.557257778064238e-05,8.362729662129627e-05
97,2,1-4,adjust,0.004163708533702796,-0.00017934172008032815,2.57057628454134e-05
97,3,1-5,adjust,0.003152911728171497,0.00010045092633874722,5.173113136093244e-05
97,6,1-5,adjust,0.0037871092834236204,-1.5782781712839366e-05,3.5549086039328204e-05
97,7,1-4,adjust,-0.009495603062690091,1.4059572500743912e-05,8.970881768269182e-05
97,8,1-5,adjust,0.0013676333995676984,2.478931597353279e-05,9.780704296937638e-05
97,9,1-5,adjust,0.003704390979583104,5.813790136965085e-05,9.797827653961478e-05
98,2,1-7,adjust,-0.0005323629031808911,4.1063700386764905e-05,2.4198971737097677e-05
98,3,1-7,adjust,-0.008649258744311066,2.7175357253377536e-05,3.0307049112763667e-05
98,4,1-7,adjust,-0.015482898906776971,4.35748470409622e-05,2.4562585577122026e-05
98,5,1-7,adjust,-0.003657598134672561,2.829290176514583e-05,2.8431770697241038e-05
98,6,1-7,adjust,-0.011441017898366563,6.533598551191396e-05,4.9417344289344096e-05
98,9,1-8,adjust,-0.002460201835251872,-6.89646078788268e-05,8.430087132987199e-05
99,2,1-4,adjust,-0.0027932777287789545,0.0001665266615120673,6.425638669660184e-05
99,3,1-4,adjust,0.00012517968862662008,1.1781600622661295e-05,0.00010738903379096587
99,6,1-5,adjust,0.008441597173321764,-2.2700109506566683e-05,8.036687399890487e-05
99,7,1-4,adjust,0.0065906637355804066,-1.8509701342450504e-05,4.290239746434849e-05
99,8,1-5,adjust,0.008109711972920142,-2.320682624769753e-05,7.945394279524789e-05
99,9,1-5,adjust,0.0028099838564530854,2.212269228288833e-05,7.718396802574293e-05
100,2,1-7,adjust,-0.001691693022492387,-3.762247150663265e-05,3.999519122449888e-05
100,3,1-7,adjust,0.006487664286737061,-5.63615271022611e-06,1.1316021464765923e-05
100,4,1-7,adjust,0.006821658152220626,6.401258294764995e-05,5.73621582335706e-05
100,5,1-7,adjust,-0.0056207134579030794,-7.958839904712065e-05,2.2240801309434087e-05
100,6,1-7,adjust,-0.0014143686315797811,1.3113092634370968e-05,0.00015397607538787493
100,9,1-8,adjust,0.0007349048473848409,0.00011828633817888511,0.00015928296440673244
101,2,1-4,adjust,0.0011140319544485694,9.530669816118557e-06,1.7943925385308977e-05
101,3,1-4,adjust,-0.0032342851347900176,9.255749902467953e-05,0.00010733137747094004
101,6,1-5,adjust,-0.007831408211244157,-3.030887026920565e-05,0.00012973294852426824
101,7,1-5,adjust,-0.0012035972782884089,-0.00015234692500570694,9.017335256330087e-05
101,8,1-5,adjust,-0.012867781041677658,-5.745913434762328e-05,8.015560623566408e-05
101,9,1-5,adjust,-0.007315748375081668,-0.0001467677122372089,8.414797178359639e-05
102,2,1-7,adjust,0.008883694507330403,-0.00023413555068720556,0.0001172531733045678
102,3,1-7,adjust,0.01696977694796113,-0.0002812098755459871,2.317009306382648e-05
102,4,1-7,adjust,0.007161919301471453,-0.00012143988079476324,2.3934816191189448e-05
102,5,1-7,adjust,0.017118743139612924,-7.360431501336123e-05,5.3952560444996965e-05
102,6,1-7,adjust,0.013043866187703682,9.503598920175995e-06,7.426015262085674e-06
102,9,1-8,adjust,-0.0011473094324692787,-5.789507476640793e-06,5.7447483703135286e-05
103,2,1-4,adjust,-0.0023790302021192158,6.585095662730996e-05,5.702620266305839e-05
103,3,1-4,adjust,-0.010107125312285224,7.153598409701517e-05,0.0001311467296289224
103,6,1-5,adjust,0.0009416650233284772,5.0898150787615676e-05,6.371940223821376e-05
103,7,1-4,adjust,0.001947661431293101,0.00013254585901655532,4.25062112367431e-05
103,8,1-5,adjust,0.0005148629321808004,9.723939939754158e-05,3.812808341257878e-05
103,9,1-5,adjust,-0.0026220893817434448,-0.0001651586774455061,4.4828451045557984e-05
104,2,1-7,adjust,-0.0048617190288382205,4.275610049852705e-05,2.1706141085919808e-05
104,3,1-7,adjust,0.001151485657839112,6.469669422372039e-05,6.112528802644881e-05
104,4,1-7,adjust,-0.005757736884135918,-2.472796686377703e-05,3.498139084060147e-05
104,5,1-7,adjust,-0.007186539984752358,9.434142885643905e-05,4.905575778718376e-05
104,6,1-7,adjust,-0.004933742519778387,-4.418366205000095e-05,8.037948727686844e-05
104,9,1-8,adjust,0.005678706382704167,0.00014727608269644014,6.353225024903531e-06
105,2,1-4,adjust,0.002692228256865237,5.15835887676393e-06,9.341015499023415e-06
105,3,1-4,adjust,-0.003265119645612893,1.3493766593267384e-06,7.373198073919976e-05
105,6,1-5,adjust,0.0046866720287043135,-3.5314187919793626e-05,0.00019195855465015837
105,7,1-5,adjust,0.002086219076677976,-2.7314294327853285e-05,7.76226445013583e-05
105,8,1-5,adjust,-0.0003655502278170954,-6.851302864367367e-05,2.241182161211762e-05
105,9,1-5,adjust,-0.001632892432449962,3.896074048888785e-05,8.175011069396426e-06
106,2,1-7,adjust,0.0023980286770926757,-4.1323842868981035e-05,2.040391994117435e-05
106,3,1-7,adjust,0.0041854902398591525,-5.611032706853984e-05,3.038249840314124e-05
106,4,1-7,adjust,0.008284791523288036,3.7192345439627626e-05,5.9761951271893755e-05
106,5,1-7,adjust,-0.0006762133145077023,-7.441068231556803e-05,3.949945077123275e-06
106,6,1-7,adjust,0.0005730239978555741,4.263411598211574e-05,5.534567722385124e-05
106,9,1-8,adjust,0.0007421338083148332,-9.714173322356465e-05,6.491961979860786e-05
107,2,1-4,adjust,-0.0010738172787492883,1.7185775327040305e-07,2.2292900640511266e-05
107,3,1-5,adjust,0.0027788936912769052,4.7789393927119304e-05,3.981679011087725e-05
107,6,1-5,adjust,-0.007664593062988868,-3.0022723487825315e-06,4.033167249512718e-05
107,7,1-4,adjust,-0.007560746082568554,9.441351853055936e-05,1.628819271751016e-05
107,8,1-5,adjust,-0.004176301881337246,1.9177469663458508e-05,4.3493582708476664e-05
107,9,1-5,adjust,-0.0013461901060619452,5.155546468611178e-07,4.604734868754587e-05
108,2,1-7,adjust,-0.004263220253584131,5.336833436391844e-05,3.7498540739923845e-05
108,3,1-7,adjust,-0.011743528653303982,3.3521118524213454e-05,7.25425007261167e-05
108,4,1-7,adjust,-0.017661512615829062,6.591155060236763e-05,2.7493404991052e-05
108,5,1-7,adjust,-0.0066473522242915944,0.00013139566936559482,1.3644424203808174e-05
108,6,1-7,adjust,-0.006306588880085792,-1.2144212741537539e-05,1.05674280037134e-05
108,9,1-8,adjust,-0.0030037982489482043,-4.468589118762144e-05,0.00011750373735049711
109,2,1-4,adjust,-0.002910775810012972,7.626478183806392e-05,8.562787928920017e-05
109,3,1-4,adjust,-0.005985845801864091,9.792240312167551e-05,0.00013821245043725179
109,6,1-5,adjust,0.0069186434545621235,7.48972088081424e-05,0.00016997548062793664
109,7,1-4,adjust,-0.0015199269140446746,-0.00014714640981077924,7.656017616521777e-05
109,8,1-5,adjust,0.005791801701025488,2.2840943963368183e-06,2.8524153260580534e-06
109,9,1-5,adjust,0.005510555207111997,0.0001482305438859528,1.3176046160114194e-05
110,2,1-7,adjust,0.0059598145235005015,-0.0002494255907265433,9.043535707677029e-05
110,3,1-7,adjust,0.015861481325071664,-0.00016791924677236937,6.241755476133407e-05
110,4,1-7,adjust,0.00923880364396591,-0.0001047368151898676,7.13100111829718e-05
110,5,1-7,adjust,0.004512966436930534,-7.488319719345808e-05,5.7126712109248354e-05
110,6,1-7,adjust,-0.0006699903763228545,-7.78115619853184e-05,1.3591497047614407e-05
110,9,1-8,adjust,0.00014683353598399422,-6.56332572411115e-05,0.00016293443293898912
111,2,1-4,adjust,0.00025829846682556617,9.123929131308936e-05,4.95301921340901e-05
111,3,1-4,adjust,-0.006591405124879812,3.5436559875358794e-06,5.483326061757292e-05
111,6,1-5,adjust,0.0039270976221212174,5.52887110269049e-06,0.00014766468461232382
111,7,1-4,adjust,0.004446410521242454,4.9825110619686274e-05,3.926841897713807e-06
111,8,1-5,adjust,-0.00011883838767457082,-0.0001694733208595071,3.630780033543431e-05
111,9,1-5,adjust,-0.0010150025455240726,-1.8932535669710812e-05,5.621261425510646e-06
112,2,1-7,adjust,0.0005660263405047128,-9.828238375474893e-06,9.936141823310634e-05
112,3,1-7,adjust,-0.0004572401074252069,-8.968246183127723e-06,0.00011260368934761026
112,4,1-7,adjust,-0.00031913101788950276,0.00011804615957770594,0.00011647450130448186
112,5,1-7,adjust,0.0020923858390720297,-2.48693197469912e-06,0.0001621650473641352
112,6,1-7,adjust,-0.0006876329754711137,-2.948413603050161e-06,0.00012985162885037886
112,9,1-8,adjust,-0.005164186803359046,-5.745907392954196e-05,7.696835918366015e-05
113,2,1-4,adjust,-0.0033319942020115885,0.00018326573629564915,0.00012787845266482953
113,3,1-4,adjust,-0.004166716838943847,0.00014471636184795704,0.00018330264076320564
113,6,1-5,adjust,0.00022956101169137696,-2.4730207051192823e-05,4.347286770900442e-05
113,7,1-4,adjust,0.00264584796037633,-5.651460837621657e-06,1.9593791419797667e-06
113,8,1-5,adjust,0.0005565351626904348,6.562179919786093e-05,9.557892892640093e-05
113,9,1-5,adjust,0.0037889786306652714,9.431133853396141e-05,0.00013649449320292658
114,2,1-7,adjust,-0.0002721481882681069,-0.00011871784400489071,4.950649193899346e-05
114,3,1-7,adjust,0.008441995500186567,-0.00011620901410677927,1.5164936751835456e-05
114,4,1-7,adjust,0.00841413961977996,-8.354562028756422e-05,6.669483055195204e-06
114,5,1-7,adjust,-0.004778792355091991,-1.6152633307084096e-05,0.0001057325153844605
114,6,1-7,adjust,0.0035325015607669224,8.816158671025175e-05,4.1150931385093213e-05
114,9,1-8,adjust,-0.0006131109312588677,6.1919429360399264e-06,7.81889727112772e-05
115,2,1-4,adjust,0.0008601009971836626,-5.5838985555094705e-05,9.047045246584656e-05
115,3,1-4,adjust,0.0015965741587575296,-4.547725490599137e-05,0.00010396024981525549
115,6,1-5,adjust,-0.0073994752320108124,-3.1958760918886976e-05,3.35008008430903e-05
115,7,1-4,adjust,-0.010020468087845794,-2.1696750659849185e-05,7.224339859668317e-06
115,8,1-5,adjust,0.000943714357654396,0.00013374671182264221,2.865781739060866e-05
115,9,1-5,adjust,0.004335074265359256,-4.116610923568268e-06,3.8016663425348345e-05
116,2,1-7,adjust,0.005502420117495158,-5.516064700725404e-05,8.66282904252498e-05
116,3,1-7,adjust,0.0034234078709670206,-8.86061875626535e-06,9.758865038633608e-05
116,4,1-7,adjust,-0.001736487911347448,7.112854127763459e-05,1.4499544361999646e-05
116,5,1-7,adjust,0.004183490018369569,-6.850565635190132e-05,2.328904526678262e-05
116,6,1-7,adjust,-0.004979886581320379,-6.247231097491717e-05,6.855098591578597e-06
116,9,1-8,adjust,-0.0008513903288352491,1.7409232411717518e-05,0.0001299682380419324
117,2,1-4,adjust,-0.004714474092634827,0.00010125907019081192,0.00012262351427091536
117,3,1-4,adjust,-0.0056976515967089,-3.2594147787429416e-05,8.612893920155141e-05
117,6,1-5,adjust,0.006299536539450855,-3.6343634524460035e-05,0.00016646537430468943
117,7,1-5,adjust,0.003908433934027937,0.0001006325761313081,6.824121868451331e-05
117,8,1-5,adjust,-0.010864449529255008,-0.00010284246484440554,0.0001307480097539478
117,9,1-5,adjust,-0.005456284400715985,-0.00010223366948083025,0.00016060936857632076
118,2,1-7,adjust,-0.00384813914511573,6.547407031174059e-05,0.00013265868886675554
118,3,1-7,adjust,-0.0011286515263959592,0.00011587747544477311,0.00015990095577453751
118,4,1-7,adjust,-0.004202685994974103,-6.301104273944685e-05,4.64789594284254e-05
118,5,1-7,adjust,-0.009916450504424718,0.0001500030121501377,5.2324988984781164e-05
118,6,1-7,adjust,-0.0062211318828966,6.225360675191706e-05,6.286767873634742e-05
118,9,1-8,adjust,-0.001740255039777887,-4.7092555809519085e-05,0.0002095294018739683
119,2,1-4,adjust,0.0055678497640343945,-0.00012029311352138497,7.97012017673762e-05
119,3,1-4,adjust,-0.0014885902258942089,-5.088955829344513e-05,0.000101066938647607
119,6,1-5,adjust,0.0025358036449412047,3.8154778351370906e-05,3.421637191693255e-05
119,7,1-4,adjust,-0.0005600296220866515,-7.611897992031062e-05,7.918652047230204e-06
119,8,1-5,adjust,0.00903585663263492,7.945855928691115e-05,5.532632883692715e-07
119,9,1-5,adjust,0.010675462393664991,0.00020266087748798986,4.8345840999218405e-05
120,2,1-7,adjust,0.0007562628062903308,2.313656672131178e-05,6.805985648042182e-05
120,3,1-7,adjust,0.014255691346162436,-0.0002115963780647653,0.0001148423490840858
120,4,1-7,adjust,-0.0009856529925152276,3.855365346630697e-05,2.410914831145605e-05
120,5,1-7,adjust,0.00880975008892403,9.244014637280588e-06,5.2822197267162644e-05
120,6,1-7,adjust,0.0013740586010334548,-4.0980191541501034e-05,1.5718639764290543e-05
120,9,1-8,adjust,-0.004741253875991388,-1.268584464513393e-05,8.02930023771431e-05
121,2,1-4,adjust,-0.0037334257288448272,2.6611238142597496e-05,2.255139637954046e-05
121,3,1-5,adjust,-0.01661021071328335,0.00026256045742846024,3.236805612394681e-05
121,6,1-5,adjust,0.004132442554357404,-1.5031933382612437e-05,4.4092357195952335e-06
121,7,1-4,adjust,0.0005773310711434591,-5.521739469307662e-05,9.774314288323628e-05
121,8,1-5,adjust,0.008115436137815518,-5.32262636795569e-07,1.1886512472691581e-05
121,9,1-5,adjust,0.0032319871090873116,2.5614775966570918e-05,5.7247239705891335e-05
122,2,1-7,adjust,0.004296287533359417,-0.00011880847046054771,0.0001246982355891729
122,3,1-7,adjust,0.010903431012437537,-0.00015036734656523722,6.657910171146519e-05
122,4,1-7,adjust,0.013923834006395132,-3.530865263329207e-06,2.978760071378762e-05
122,5,1-7,adjust,-0.0030871373845152627,-0.00019799497478779644,6.17384074927155e-06
122,6,1-7,adjust,0.00015907311318693414,7.366003642534655e-05,0.00011755749712857379
122,9,1-8,adjust,-0.00019834366722730384,5.925049366011602e-05,0.00027152495570302386
123,2,1-4,adjust,0.0002750649058436523,9.526702751711387e-05,3.649778780164746e-05
123,3,1-4,adjust,0.0009181746598204077,3.108815866398567e-05,6.99120590496548e-05
123,6,1-5,adjust,-0.00634462413080745,-6.645118308032971e-05,0.00025273473838920287
123,7,1-5,adjust,-0.0066306678814322464,-6.071803928537776e-05,0.00023535375255294213
123,8,1-5,adjust,-0.01675865515836074,-0.0001248372700365776,0.00017528043033270736
123,9,1-5,adjust,-0.005693539447349002,-0.0002162160345339241,0.00011588348371504133
124,2,1-7,adjust,0.001542509387552278,-0.00015723012870649336,5.1547320906578064e-05
124,3,1-7,adjust,0.005632303272140159,-8.784352429449813e-06,4.8507319385581765e-05
124,4,1-7,adjust,-0.009500129716499748,-0.00013274166560686438,6.781313667578263e-05
124,5,1-7,adjust,0.0052629108476056775,0.00012752451978962235,8.041479543929818e-05
124,6,1-7,adjust,0.0015949630211974798,-3.04083368292632e-05,2.1350841275256395e-05
124,9,1-8,adjust,-0.002841568631641612,-6.550577093820077e-05,2.521640289236621e-05
125,2,1-4,adjust,-0.0017923816040966442,3.718391146832618e-05,0.00013094654296271171
125,3,1-5,adjust,-0.009658963385266698,6.844437827407825e-05,1.46397598327547e-05
125,6,1-5,adjust,0.0037135498811643373,4.668063261391571e-05,2.058791382030516e-05
125,7,1-5,adjust,0.010159012056380338,0.00013680175026975063,0.00017690023676261474
125,8,1-5,adjust,0.008592191963358151,0.00015033005344829248,8.643278348850021e-05
125,9,1-5,adjust,0.005002513142715388,0.00011654391905887631,9.89376000411088e-05
126,2,1-7,adjust,-0.0011996653246268574,8.321202315745908e-05,7.938658243794e-05
126,3,1-7,adjust,0.0007602501097559012,6.842005486021285e-05,9.881522050470764e-05
126,4,1-7,adjust,-0.012129857545463144,8.026336799915681e-05,6.681512131566126e-05
126,5,1-7,adjust,-0.006459345032267166,-2.8888870346302307e-05,3.59039953971935e-05
126,6,1-7,adjust,-0.0020206436867855845,-8.809388146501807e-05,8.090628598051794e-05
126,9,1-8,adjust,-0.00024703068420676907,0.00010364637251152537,3.7830524031255437e-05
127,2,1-4,adjust,-0.0041551485150502394,0.0001268389576745841,6.943170404344912e-05
127,3,1-4,adjust,-0.010489247321899573,3.908604180985134e-05,0.00010169671784093861
127,6,1-5,adjust,-0.0018874667994700836,0.00011821026799756523,4.584475601915543e-05
127,7,1-4,adjust,-0.005853873931612878,-1.5609412326568365e-05,5.771306615459641e-05
127,8,1-5,adjust,-0.0032580635359554296,-0.00012708646068441596,9.906612572120251e-07
127,9,1-5,adjust,0.0007005200485733293,-0.0001184881565503702,3.484006186737402e-05
128,2,1-7,adjust,0.006060093244448737,-0.00018720432191431945,6.636090443959454e-05
128,3,1-7,adjust,0.01125710849712696,-0.00013121736952426564,7.09936654966535e-05
128,4,1-7,adjust,0.011406771787922834,3.474714734241166e-06,9.053662006114382e-05
128,5,1-7,adjust,0.005668300221296877,5.325925647932878e-05,9.368383025208269e-05
128,6,1-7,adjust,-0.00046664062325268535,-4.747230697159575e-06,6.137472452051601e-05
128,9,1-8,adjust,-0.0039061584854535127,-2.937001295789379e-05,3.7113833887194643e-06
129,2,1-4,adjust,-0.002234583523615169,2.6816486841818085e-05,2.5467313951847293e-05
129,3,1-5,adjust,-0.004599644096833935,-1.5823509147481704e-05,3.380734025217462e-05
129,6,1-5,adjust,0.0053724287966584175,-5.648297047410434e-06,9.075047661197173e-05
129,7,1-4,adjust,0.00950640219710278,-2.246509734996699e-05,2.0086504329266063e-05
129,8,1-5,adjust,0.00863970566855166,0.00010458613437270337,5.647843919331611e-06
129,9,1-5,adjust,0.0052028967285377755,8.473124634358049e-05,4.733486044734396e-05
130,2,1-7,adjust,0.0026695971284925657,2.5572722910997372e-05,0.00010096960533654772
130,3,1-7,adjust,0.012969539892378382,-1.2081903124970933e-05,9.601033097277124e-05
130,4,1-7,adjust,0.005721447283608801,2.3332065768633005e-05,7.281730947761564e-05
130,5,1-7,adjust,0.002006078743169776,-1.6843098663482547e-05,1.0039352755322179e-05
130,6,1-7,adjust,0.004996629635612447,-1.632085843023346e-05,3.220864466221434e-06
130,9,1-8,adjust,0.00028545346862294966,3.9232656549927306e-05,0.00011152840331383916
131,2,1-4,adjust,-0.002075466324959434,5.015338777147488e-06,8.281232235294925e-06
131,3,1-5,adjust,-0.009328942574057324,7.77080185156642e-05,3.7679359214745944e-05
131,6,1-5,adjust,-0.0013655587984889067,-1.1443825874450481e-05,1.0137836598032276e-05
131,7,1-4,adjust,0.0013636902537766424,3.266225505396392e-05,6.521070602645045e-06
131,8,1-5,adjust,0.0029917662802859423,-1.2089503690531147e-05,3.617583036315945e-05
131,9,1-5,adjust,-0.0025396131037692827,-6.837283670127504e-05,5.587664493706158e-05
132,2,1-7,adjust,-0.0007638484374229751,1.57852845712434e-05,0.00010036787726358904
132,3,1-7,adjust,-0.005988438344350306,-8.554552283494212e-05,5.9764215234771194e-05
132,4,1-7,adjust,-0.0005288798297993591,3.1039921727836616e-06,3.4275952445692525e-05
132,5,1-7,adjust,0.0054450875714263545,-7.293666464670319e-05,4.6514061593845914e-07
132,6,1-7,adjust,0.004421149413726973,0.00011165803455929663,5.008591221029199e-05
132,9,1-8,adjust,0.0061783932109119016,0.00010508797136897223,0.00011495651150459949
133,2,1-4,adjust,0.0012749027859291265,3.268131211265761e-05,5.679797286987812e-05
133,3,1-5,adjust,0.009865881854403843,4.007350321147786e-05,4.325962592021328e-05
133,6,1-5,adjust,-0.0007343829629954715,-0.00012385089299023525,2.060042965248713e-06
133,7,1-5,adjust,0.00048299643164963245,3.8699944843811606e-07,7.433109497746956e-05
133,8,1-5,adjust,-0.007519480637127252,-1.3200894338041853e-06,5.1137039818415934e-05
133,9,1-5,adjust,-0.009337268583742989,-0.0001508975881887567,4.416626120508496e-06
134,2,1-7,adjust,-0.002910745060251418,-1.3062821866787857e-05,3.655447229007957e-05
134,3,1-7,adjust,-0.007288816968490768,-1.365549388981436e-05,1.5265649681257685e-05
134,4,1-7,adjust,-0.006743808709346769,5.434236180557104e-05,8.157403355154619e-06
134,5,1-7,adjust,-0.005699479761437097,4.127976897386311e-05,5.887664711910671e-05
134,6,1-7,adjust,-0.001934750014758023,1.5342530736636334e-05,0.00013596981127679571
134,9,1-8,adjust,0.004197038104646728,5.11482303379896e-05,3.1973015365023775e-05
135,2,1-4,adjust,-0.0023130284865801013,5.317148554473359e-05,9.539765989994715e-05
135,3,1-4,adjust,-0.003340080154523188,4.123427970339848e-05,0.00010578163861019058
135,6,1-5,adjust,-0.003471019135250145,-1.2549753080113453e-05,5.374835821823455e-05
135,7,1-4,adjust,-0.003466527221981591,3.889352125454627e-06,3.749035040510566e-05
135,8,1-5,adjust,-0.0008361007057207925,-5.782639477364423e-05,3.212019917721393e-05
135,9,1-5,adjust,-0.002506829132156187,-2.673043900229818e-05,3.493248417561202e-05
136,2,1-7,adjust,0.0023308743398202003,-3.9589153034599495e-05,7.038278822481386e-05
136,3,1-7,adjust,0.005253025282095675,4.563140930987959e-05,4.858700254847779e-05
136,4,1-7,adjust,0.0012257311930380997,-5.473215338947748e-05,5.829949241942018e-05
136,5,1-7,adjust,-0.004720130569701534,-4.386173532379043e-05,5.098859945156253e-05
136,6,1-7,adjust,-0.0019270290819801597,3.98619704389203e-06,1.0044508499485616e-05
136,9,1-8,adjust,0.0010116514102966703,-5.229209515407342e-05,0.0001110037717494601
137,2,1-4,adjust,-0.00036618703363597814,-1.1470685532668887e-05,8.593026019404506e-05
137,3,1-4,adjust,0.0005150810762031457,-4.2555237979325125e-05,7.20298261902252e-05
137,6,1-5,adjust,-0.002693767063707629,2.9087282815606195e-05,6.835387373103333e-05
137,7,1-4,adjust,-0.0037473651840801616,2.4233954434868814e-06,3.0003068112622436e-05
137,8,1-5,adjust,-0.0022925579972218157,-4.789019655582997e-07,8.776314683181371e-05
137,9,1-5,adjust,-0.0038137939142917363,-8.506110860138871e-05,0.00011601720214759673
138,2,1-7,adjust,0.0016749254331793416,5.3246925812931186e-05,3.7619943991037554e-05
138,3,1-7,adjust,-8.454013885544198e-05,-4.5050040655896475e-06,7.405115074382464e-05
138,4,1-7,adjust,-0.0070875981675138965,1.1850951620342663e-05,4.777724762168596e-05
138,5,1-7,adjust,-0.003495296490985541,2.6927409609614535e-06,2.418056067833626e-06
138,6,1-7,adjust,-0.0004999674532443818,-2.9156636365364484e-05,2.896156486544014e-05
138,9,1-8,adjust,0.0024797882255371685,6.514852556462374e-05,1.1784892064871874e-05
139,2,1-4,adjust,-0.0024905823846609132,2.1591197358168213e-05,8.900854986902965e-05
139,3,1-4,adjust,-0.0064956212089437,9.488578077465642e-05,0.00012589749321152956
139,6,1-5,adjust,-0.0022163739574358765,-3.710054590988403e-05,1.732419706379941e-05
139,7,1-5,adjust,-0.002647101413146131,-7.454159321140777e-05,0.00010927262665079272
139,8,1-5,adjust,-0.0013990945446342698,-4.064883600261719e-05,3.358836072964342e-05
139,9,1-5,adjust,-0.0008559421852384191,9.424947320750633e-05,0.00013202124610828971
140,2,1-7,adjust,0.003953444581915671,-0.00014573363859135907,8.979799705609762e-06
140,3,1-7,adjust,0.009897132852421367,-0.00011406112158660117,8.784558335721552e-05
140,4,1-7,adjust,0.011390751517206471,-5.103551381798292e-05,5.072064016453833e-05
140,5,1-7,adjust,0.003779821310461288,-3.094574223118277e-05,4.3007326666885975e-05
140,6,1-7,adjust,-0.0005718145790636434,1.1246683337103233e-05,1.6611250040289176e-06
140,9,1-8,adjust,0.00038704302109803706,-8.883261245536555e-05,2.880562254835473e-05
141,2,1-4,adjust,-1.7040174177757706e-05,3.887965130842539e-06,1.4983637011421028e-05
141,3,1-5,adjust,-0.002176099623971608,-9.181213021297195e-06,8.835888137343995e-06
141,6,1-5,adjust,-2.732291582090703e-05,5.7999776358540896e-05,8.60361417273796e-05
141,7,1-4,adjust,0.0013073036888530684,9.862030174545767e-05,6.215761244090163e-05
141,8,1-5,adjust,-0.002561498548120056,6.275514931516438e-05,2.566968462643845e-05
141,9,1-5,adjust,-0.002481572576671827,-7.280564937399047e-05,4.117182576850823e-05
142,2,1-7,adjust,-0.0030283959864595925,0.00016967223112449113,0.00013555749435810102
142,3,1-7,adjust,-0.006058707256417998,0.00010650018537474886,6.595551397046463e-05
142,4,1-7,adjust,-0.013282323563563,0.0001445574552576442,7.976286796087173e-05
142,5,1-7,adjust,-0.0025901386635891433,8.737047230956342e-05,1.9518357676028574e-05
142,6,1-7,adjust,-0.0005635282628119812,-2.6853634913861624e-05,6.979771181395048e-05
142,9,1-8,adjust,0.0007012726777922567,0.00012051149539865858,0.00010482044273728356
143,2,1-4,adjust,-0.004220728043560652,0.00012190119637948185,0.000142609963544049
143,3,1-4,adjust,-0.007287827818207634,0.00016814240751622213,0.0002368417979488835
143,6,1-5,adjust,0.0009946511656046119,4.749848237494182e-05,2.3814678471240984e-05
143,7,1-5,adjust,-0.0027124260129455873,-8.600687890296751e-05,0.00012035476456384196
143,8,1-5,adjust,0.0013930070959426613,-1.0910448580811128e-05,0.00014709906850237712
143,9,1-5,adjust,0.0012258530713792747,3.41722158435551e-05,0.00012729061923380907
144,2,1-7,adjust,0.011010765052456252,-0.00031325295648851586,1.2629570970426096e-05
144,3,1-7,adjust,0.006983910487438631,-0.00023285874465199752,1.6048227238478352e-05
144,4,1-7,adjust,0.009771264386537437,-0.00016875594398930996,2.8072626714722485e-05
144,5,1-7,adjust,0.0064441565989039416,3.8672756369550724e-05,6.644028054986614e-07
144,6,1-7,adjust,0.0016652200236130293,-5.638598514271146e-05,1.6305104695583292e-05
144,9,1-8,adjust,0.0006756087676130667,2.079980960170924e-05,2.792667435413558e-05
145,2,1-4,adjust,-0.0032518774314781295,7.659217305101632e-05,3.1184526021566384e-05
145,3,1-5,adjust,0.0038723794182070723,-4.236992874563339e-05,1.6814397369398974e-05
145,6,1-5,adjust,0.007444922819183114,2.8495937400006827e-05,9.6167551211007e-05
145,7,1-4,adjust,0.007449369241297799,4.605716373708083e-05,7.857284739728875e-05
145,8,1-5,adjust,0.007262841271210793,5.659085037618055e-05,3.80535399738043e-05
145,9,1-5,adjust,0.003848190907623881,6.672870881570397e-05,7.90458165980774e-05
146,2,1-7,adjust,-0.0008423222755531832,4.026573739435331e-06,3.29368362416036e-05
146,3,1-7,adjust,0.002396822698444074,-3.343299667839025e-05,0.00013069351318050702
146,4,1-7,adjust,0.006803136494098109,6.646416869042572e-05,7.91774929485325e-05
146,5,1-7,adjust,-0.007367443561228479,-2.6716704636432932e-05,2.0906933770494896e-05
146,6,1-7,adjust,-0.004640655849065384,-3.3129999103826914e-06,6.272797112869117e-05
146,9,1-8,adjust,0.0015752041661039357,5.8795092219756546e-06,4.328390689170539e-05
147,2,1-4,adjust,0.0012040705496571015,-3.249991584239418e-05,4.8032062231529964e-05
147,3,1-4,adjust,0.0012391705001712722,4.7655614681656334e-05,0.00014978622036388562
147,6,1-5,adjust,-0.004305187053610316,-5.661684228198563e-05,0.00019970290115671284
147,7,1-4,adjust,-0.0021184534218531767,-4.572369642335803e-05,2.094604185292144e-05
147,8,1-5,adjust,-0.002755006047469662,-2.6559004254971102e-05,3.069152826674405e-05
147,9,1-5,adjust,-0.0022549517024977035,-0.00010284485805070607,3.1081448170200254e-05
148,2,1-7,adjust,-0.0005021030965546872,-3.853261118884479e-05,5.1141442612790336e-05
148,3,1-7,adjust,0.003289415834017976,-5.8293049870498565e-05,6.194463708612228e-05
148,4,1-7,adjust,0.0006178088107662025,-4.598114477902324e-05,8.335493510935102e-05
148,5,1-7,adjust,0.013260011392836788,-1.806013258980187e-05,7.08734622413034e-05
148,6,1-7,adjust,0.005415569117001579,9.69771382323667e-05,5.1108574753595594e-05
148,9,1-8,adjust,-0.0020014885250151547,-5.376290116210551e-06,5.6459150390897174e-05
149,2,1-4,adjust,0.00040891148411498516,-1.3128948924678633e-05,2.4484580163851457e-05
149,3,1-5,adjust,-0.003821046913965635,-1.325238982847633e-05,7.227747349978051e-05
149,6,1-5,adjust,0.007624956547766173,-0.00014299435975786843,8.179812143873176e-05
149,7,1-5,adjust,0.00689858598893741,6.627447093157126e-05,9.675518612548733e-05
149,8,1-5,adjust,0.002924127659441114,1.6538467331206742e-05,5.6642616590510255e-05
149,9,1-5,adjust,0.0007957112520669998,1.127610858585103e-05,1.3317530894328788e-05
150,2,1-7,adjust,-0.003910969418890702,0.0001762496579601719,2.0092699823007653e-05
150,3,1-7,adjust,-0.004249715000971121,0.00012461134329717932,3.567653463457774e-05
150,4,1-7,adjust,0.004971147553953334,-3.695098400866457e-05,6.464138653527511e-05
150,5,1-7,adjust,-0.00047066613881737156,5.694829571014146e-05,4.695455982457032e-05
150,6,1-7,adjust,-0.005268713432210885,0.00011506374463594784,6.072184018164174e-05
150,9,1-8,adjust,0.0015018447560153634,8.54287216311569e-05,2.2264259942374702e-05
151,2,1-4,adjust,0.00895282862452982,-0.0002503865256743082,0.00019419633289996158
151,3,1-4,adjust,0.012956395911925161,-0.00011563257781974575,9.917964158607139e-05
151,6,1-5,adjust,0.005802144175743951,-4.8465335088642913e-05,7.350353025063667e-06
151,7,1-4,adjust,-0.0015968427635370272,-7.312047977608173e-05,7.489363285108511e-06
151,8,1-5,adjust,0.004148488332963505,-3.428488097398567e-05,9.258428003774506e-05
151,9,1-5,adjust,0.0013038266290999851,1.4553541285634698e-05,0.00013017172064549968
152,2,1-7,adjust,-0.005705836444882324,0.00019422767444535836,6.413078325885315e-05
152,3,1-7,adjust,-0.008407857265580463,-1.3581616442776213e-05,1.7937294160577683e-05
152,4,1-7,adjust,-0.0019118976491132,-1.5236316061833158e-05,5.6159367456859864e-05
152,5,1-7,adjust,-0.0005802820721018384,-2.263937616405074e-06,1.9412396642833524e-05
152,6,1-7,adjust,-0.00107520587779141,3.552285185729237e-05,1.2296224047955773e-05
152,9,1-8,adjust,0.00030895333523872984,3.978156571199401e-06,8.553956598604279e-05
153,2,1-4,adjust,0.0038597241572115516,-0.00020463748873775507,0.00011487337820422854
153,3,1-4,adjust,0.006162011904438231,2.4191079033486874e-05,0.00013775660669404968
153,6,1-5,adjust,0.0015130195867514343,2.9115375423366976e-05,9.783154640555327e-05
153,7,1-5,adjust,0.004928602430801828,0.0001316664758172295,0.00015442058164815616
153,8,1-5,adjust,-0.002162998654484918,9.10004624234942e-05,0.00011982704238982834
153,9,1-5,adjust,0.00034421263391646694,-3.5242900412572856e-05,0.00016599620778349325
154,2,1-7,adjust,-0.006752793095660314,0.00022714629265617215,3.2169449301222715e-05
154,3,1-7,adjust,-0.010090532399878704,7.474673109584557e-05,3.46186598334996e-05
154,4,1-7,adjust,-0.015347379535236393,0.00011015476334864362,6.120109609895788e-05
154,5,1-7,adjust,-0.002683268366800269,-8.816610074635831e-05,7.668263295643654e-05
154,6,1-7,adjust,-0.002471144715609219,2.14304956660328e-06,7.698427142599598e-05
154,9,1-8,adjust,0.002786957438736069,0.00012451690698128432,1.4735652676086004e-05
155,2,1-4,adjust,-0.0024250606674351936,4.634278611186539e-05,0.00013820672303906762
155,3,1-4,adjust,-0.004199654681679898,8.939424806141812e-06,0.00019530303569075108
155,6,1-5,adjust,-0.005163253420960742,-4.905650977671048e-05,7.307757731133865e-05
155,7,1-5,adjust,-0.0072783028839744895,-5.56604732291443e-05,7.4324166477017e-05
155,8,1-5,adjust,-0.007278882514121505,-0.0001295000768249275,5.896974848823798e-05
155,9,1-5,adjust,-0.008148624504584076,-0.00025511716543873467,2.1398727777116293e-05
156,2,1-7,adjust,0.005878434883267163,-0.0001267959887008039,2.036806295301516e-05
156,3,1-7,adjust,0.002298942376084275,-4.868392994247738e-05,4.35848005302563e-05
156,4,1-7,adjust,0.004679587443501558,-2.8540416207859364e-05,8.458083882501964e-05
156,5,1-7,adjust,-0.0057170236458258415,8.633337215338793e-05,3.8968884984802356e-05
156,6,1-7,adjust,-0.0043022069604454856,2.9962736631880794e-05,6.622675252907265e-06
156,9,1-8,adjust,5.559853042696981e-05,-2.1971034390544032e-05,8.355528026637067e-05
157,2,1-4,adjust,-0.00404680870339312,3.9860066065751144e-05,3.1522164217119545e-05
157,3,1-5,adjust,0.0012390304806080253,0.0001049640931865824,4.797784252798744e-05
157,6,1-5,adjust,0.002681395735792159,-4.658517533047606e-05,3.740732318692632e-06
157,7,1-4,adjust,-0.006581511459571137,-7.557017161693457e-05,2.3879207375073232e-05
157,8,1-5,adjust,0.006631555436057088,0.0001161574187927816,4.5597975894045184e-05
157,9,1-5,adjust,0.0018086638515765962,0.00015543602717711614,4.137055009620688e-05
158,2,1-7,adjust,0.006106684166479106,-3.5065332841890155e-05,0.00017045907654689917
158,3,1-7,adjust,0.0030750786457182304,-0.00011186126882006603,0.00010106357777760144
158,4,1-7,adjust,0.012277240587402323,4.466182347851361e-05,0.00011347577636389989
158,5,1-7,adjust,-0.00013867571849017607,-6.987176260876532e-05,4.6401609780124335e-05
158,6,1-7,adjust,-0.0019828752912167073,-2.36641646722596e-05,3.361568883920193e-05
158,9,1-8,adjust,0.0046825953538204715,6.206194402044875e-05,0.00025781277645453755
159,2,1-4,adjust,-0.003109208827085322,-8.449236205484452e-05,4.793997874930129e-05
159,3,1-4,adjust,0.004023756377167319,-4.4525609904387924e-05,0.00016178676403384476
159,6,1-5,adjust,0.001005923230055844,4.7881844321225576e-05,0.0001602512100915712
159,7,1-5,adjust,0.005715666036165873,-3.8472254167797994e-05,0.00010840872170402705
159,8,1-5,adjust,-0.005916656583968424,-0.00011069934540702571,8.185434880258933e-05
159,9,1-5,adjust,-0.007158438107161863,-0.00016369022126745393,0.00011797276602499446
160,2,1-7,adjust,-0.00023469003771317128,7.79065845254198e-05,4.5824767160888554e-05
160,3,1-7,adjust,-0.00122019959671004,-4.245207136160838e-05,7.618127998820949e-05
160,4,1-7,adjust,-0.002566657637217939,-7.590524208596103e-05,5.96456756266792e-06
160,5,1-7,adjust,0.0036381662858413514,-2.278294771293612e-05,6.876993168126807e-05
160,6,1-7,adjust,0.00891239747380389,7.223890262315052e-05,1.105637972700573e-06
160,9,1-8,adjust,0.0017816923272670434,-1.2000339263987568e-05,3.350567318514739e-06
161,2,1-4,adjust,0.0053767035105868385,-6.701731056729646e-05,3.446542833088671e-05
161,3,1-5,adjust,0.0012264335356025361,9.190255549381418e-05,4.503756248470318e-05
161,6,1-5,adjust,-0.007673789084342781,-0.00010764735580209424,0.0001387996640148072
161,7,1-4,adjust,0.0015206450927590968,0.00010666558291569409,7.772813265854275e-05
161,8,1-5,adjust,-0.0018855050612168408,-1.0296950765270969e-05,1.468987056544533e-05
161,9,1-5,adjust,0.002265317425776197,0.00010452825691281338,4.7284657474652226e-05
162,2,1-7,adjust,-0.007952312515752041,0.00014305967099103282,9.900510284867216e-05
162,3,1-7,adjust,-0.00442890807411806,5.49697117849385e-07,4.5927942472891155e-05
162,4,1-7,adjust,-0.004785980171274322,1.8219828310276576e-05,1.8610662417716054e-05
162,5,1-7,adjust,0.0004767269239990013,3.9679454776586544e-05,1.2160631262390356e-05
162,6,1-7,adjust,0.0029862980106369745,0.00010282779805700643,1.6616878378076148e-05
162,9,1-8,adjust,-0.002964412326250897,-0.00014757172507872204,0.00019836000153119826
163,2,1-4,adjust,0.0057003369956440605,-8.27801443616711e-05,4.7126416107991714e-05
163,3,1-5,adjust,0.0024475552283403715,1.9421352999236922e-06,4.541281254589497e-05
163,6,1-5,adjust,-0.00010495473553533901,6.497680060063186e-07,5.88149990534285e-05
163,7,1-4,adjust,0.0012489382229555483,-2.0661994655780575e-05,1.9158665540112417e-05
163,8,1-5,adjust,0.0043506179537085915,0.00010439755597029927,7.507546157938507e-05
163,9,1-5,adjust,0.003595039737245885,0.0001408415506922217,7.821820835870124e-05
164,2,1-7,adjust,-0.002912199362567125,6.845398311533818e-05,3.613195558988342e-05
164,3,1-7,adjust,-0.007549854481686619,8.127631515560354e-05,2.5056561514555006e-05
164,4,1-7,adjust,-0.0023705345803217122,-9.89900502155087e-05,6.49779942107499e-05
164,5,1-7,adjust,0.004162182852463571,-8.10615008533482e-05,0.00012678094055805267
164,6,1-7,adjust,-0.0004313892202902285,-0.00013545270965295127,0.00010975870620176237
164,9,1-8,adjust,-0.0006247009710666799,7.569686764892089e-05,4.761293978052631e-06
165,2,1-4,adjust,0.0019077494777610916,-6.756416118786226e-05,3.644994878773569e-05
165,3,1-4,adjust,0.007070613749457721,-0.00016361654324935175,0.0001189725178666048
165,6,1-5,adjust,0.0016624138393618827,6.419959879061812e-05,0.00017989370407936445
165,7,1-5,adjust,-0.002645843343311445,-4.811589148650081e-05,0.00010975510303831408
165,8,1-5,adjust,-0.004582835454876446,-3.012855391307592e-05,0.00013784098661640473
165,9,1-5,adjust,-0.005019164973077577,-0.0001861697638540161,5.257219616016283e-05
166,2,1-7,adjust,0.00039618778555394827,-3.131653327309502e-05,8.649625161925964e-05
166,3,1-7,adjust,0.0007916615844814923,4.3638584275940514e-05,7.264107976341199e-05
166,4,1-7,adjust,-0.005561497856382618,-9.403818275761924e-06,8.425941989263377e-05
166,5,1-7,adjust,-0.005578942674549601,0.000106778698375712,6.994760067478582e-05
166,6,1-7,adjust,0.0005856929851994148,1.693025472438171e-05,0.00017366769209671668
166,9,1-8,adjust,0.0026359696913772547,9.600185544800794e-05,2.0825041899964548e-05
167,2,1-4,adjust,-5.622214665766754e-05,6.082219085103273e-05,4.569621713331497e-05
167,3,1-5,adjust,-0.002120577257193332,4.030539523983283e-07,6.421964975097435e-05
167,6,1-5,adjust,0.00029486948929643585,-4.0066500113246455e-05,0.00012647638819896932
167,7,1-5,adjust,0.006231384695493165,1.3820467859511144e-05,0.00011349135940726669
167,8,1-5,adjust,0.007013786931980299,2.015947802719708e-05,0.00017681104750032526
167,9,1-5,adjust,0.0013344473176090132,-1.8987415916118108e-05,0.00016486064505396976
168,2,1-7,adjust,-0.00312149235267692,2.7308294546674662e-05,6.172435440730525e-05
168,3,1-7,adjust,-0.000579501627699339,3.368391899055778e-05,7.755777144010269e-05
168,4,1-7,adjust,0.015884153677119244,6.889940199752027e-05,0.00020310188299251474
168,5,1-7,adjust,0.006802862582590747,-3.600163538536374e-05,8.38780401736771e-05
168,6,1-7,adjust,0.0025259319953971943,2.9738494062693756e-06,8.124287188316758e-05
168,9,1-8,adjust,0.0031516888742270225,2.0596874002096808e-05,1.882837882414688e-05
169,2,1-4,adjust,0.003659546913696213,-7.073425503353089e-05,1.0774258374891544e-05
169,3,1-5,adjust,0.0070976666168608826,-2.499942091345978e-05,5.1344976182801025e-05
169,6,1-5,adjust,-0.0009031641773099528,2.5501864196644982e-05,2.099673626835733e-05
169,7,1-4,adjust,-0.00405929534126711,8.563053548945557e-05,3.316817647836835e-05
169,8,1-5,adjust,-0.00040587171712467884,-3.365090848100198e-05,8.359580328993266e-06
169,9,1-5,adjust,-0.0034925563002635765,-8.362517958185304e-05,6.811361825623239e-05
170,2,1-7,adjust,-0.004840762520897512,0.00013012847634083453,9.596042928500171e-05
170,3,1-7,adjust,-0.018724091712406597,0.0001350392121205545,7.249328842066253e-05
170,4,1-7,adjust,-0.01939690549525873,0.00010662431245075707,2.649604141487061e-05
170,5,1-7,adjust,-0.008010761223618048,-0.00011972518802148804,5.711364436337934e-06
170,6,1-7,adjust,-0.006514917174517768,-9.115805342383042e-05,6.951123823551551e-05
170,9,1-8,adjust,0.0006913916293520428,0.00011084544186927179,6.179409072777612e-05
171,2,1-4,adjust,-0.0018078760902325813,2.4610497866639374e-05,0.0002319355732332387
171,3,1-4,adjust,0.0037472251391512546,-2.1974180691069793e-05,0.0002789024942963543
171,6,1-5,adjust,-0.003876887638626816,9.660376469333259e-05,1.2513751110891263e-05
171,7,1-5,adjust,-0.014627051743299858,-7.720582096882584e-05,0.00011247064564790397
171,8,1-5,adjust,-0.007375417681544326,-5.9304183669843854e-05,8.719928162310831e-05
171,9,1-5,adjust,-0.004016097708620059,-0.00014665472973055397,7.595078314961055e-05
172,2,1-7,adjust,0.007184288563374482,-0.00010069639484695247,4.616533185973551e-05
172,3,1-7,adjust,0.015400634658287792,-0.00010972456059094227,7.802811633847494e-05
172,4,1-7,adjust,0.010347489870339007,-0.00012233346243355992,3.2725329472401085e-05
172,5,1-7,adjust,-0.007190451881154823,0.00012489759690245314,4.5190260354049456e-05
172,6,1-7,adjust,-0.011966432728503397,-9.764165969710052e-05,2.708558597313303e-05
172,9,1-8,adjust,0.0004436907404182533,-2.6241953423313855e-05,5.3951529173857445e-06
173,2,1-4,adjust,-0.0021157405868616097,-6.016859598782112e-05,4.6052621094794775e-05
173,3,1-4,adjust,-0.005712272352531717,4.907879007623096e-06,0.00012736931746303717
173,6,1-5,adjust,0.010454619553660525,5.6283695736029324e-05,1.5706684586782748e-05
173,7,1-4,adjust,0.00441098807757916,4.236683171766156e-05,5.169753895474852e-05
173,8,1-5,adjust,0.002478491617022021,5.412089704222829e-05,8.14809360778726e-05
173,9,1-5,adjust,-0.0014503307431728081,9.463098354882807e-05,3.266418299014666e-05
174,2,1-7,adjust,-0.0007073221066821758,-9.075065826826426e-06,4.267123933968175e-05
174,3,1-7,adjust,-0.0034716330766177,3.0047580228462013e-05,8.18310751325389e-06
174,4,1-7,adjust,-0.011319492851843953,9.206248523075565e-05,7.684918455531177e-05
174,5,1-7,adjust,-0.0013863973340634097,-6.275640857582315e-05,7.645605474257744e-05
174,6,1-7,adjust,-0.0012358921151580779,-1.6421433208439541e-06,8.66046672815053e-06
174,9,1-8,adjust,0.004238606170720987,7.08128500436285e-05,6.61227574019103e-05
175,2,1-4,adjust,-0.004675192589301003,0.00015821994242280036,0.00011790984613414991
175,3,1-4,adjust,-0.006200261016290434,0.00013382402512546055,0.00017690373658787507
175,6,1-5,adjust,-0.004569512893746439,6.70037026628894e-05,8.957675759700428e-05
175,7,1-4,adjust,-0.0010390415145767843,-6.249430298923608e-06,7.372864929166104e-05
175,8,1-5,adjust,-0.0036149525233874517,-8.518978944956507e-05,2.1479478706980542e-05
175,9,1-5,adjust,-0.005687715974578782,-0.00016505637005056247,0.00016117603284531397
176,2,1-7,adjust,0.0019869391114366117,-5.2996037077161666e-05,5.8519608455043965e-05
176,3,1-7,adjust,0.004658833555429374,-7.519989825438008e-05,7.045078481281903e-05
176,4,1-7,adjust,0.004869056562445853,9.249791850600251e-06,9.273678623573749e-06
176,5,1-7,adjust,0.00542147953751835,0.00022712014133490947,0.00016636829767264453
176,6,1-7,adjust,0.0040193082586049145,-0.00010457527387895091,3.919089491524e-05
176,9,1-8,adjust,0.0018617214982288245,-9.789154763578647e-05,0.00014587882556784057
177,2,1-4,adjust,-0.0010640753571377623,0.0001012363641379809,5.472194215495229e-07
177,3,1-4,adjust,-0.00011556735705140377,1.733291771253456e-05,8.870887042728973e-05
177,6,1-5,adjust,0.010701178257779598,7.524648543349668e-05,6.522714913487754e-06
177,7,1-4,adjust,0.015071471647621232,1.844400430218911e-05,4.158671969914344e-05
177,8,1-5,adjust,0.011064924489602298,0.0002800747777837886,5.521516742516896e-05
177,9,1-5,adjust,0.007943528834850088,0.0003019297815585204,4.683765139789267e-05
178,2,1-7,adjust,-0.0009599194177753835,-8.263289233809827e-05,0.00026504209138836514
178,3,1-7,adjust,0.002165497508840082,-0.00013255779257734249,0.0002713414230393304
178,4,1-7,adjust,0.005618779692836966,-9.355212499035052e-05,0.00015232242182252522
178,5,1-7,adjust,0.008775389814006414,-0.00023192412718529536,0.0002114593537347641
178,6,1-7,adjust,0.002881524336258216,3.491876955052837e-05,0.00014220365046022527
178,9,1-8,adjust,-0.000254644741564814,0.00010280041244388482,8.6920295303198e-05
179,2,1-4,adjust,0.006900520109336364,-0.00013598112347228301,0.00010796593590993621
179,3,1-4,adjust,0.0023193512781604204,3.306318930309401e-06,0.0001356987963408806
179,6,1-5,adjust,-0.0020196726030571196,-9.738326358957357e-05,5.895443666497687e-05
179,7,1-5,adjust,-0.010588038931042711,-3.51295747317826e-05,8.640816880365979e-05
179,8,1-5,adjust,-0.0051022755286154655,-0.0002575170056502679,5.114212023388132e-05
179,9,1-5,adjust,-0.0062714416182876095,-0.000243520992797092,3.611250715441569e-05
180,2,1-7,adjust,-0.006600132622170718,0.00012933830838308721,7.21362417659687e-05
180,3,1-7,adjust,0.0018669247494050548,0.00016134342939504786,2.458122783625118e-05
180,4,1-7,adjust,-0.005417952493183562,7.24004050987132e-05,2.7194377593220587e-05
180,5,1-7,adjust,-0.006412043437749217,2.356744289450353e-05,1.2648469452474944e-05
180,6,1-7,adjust,-0.008744108732078735,8.610740027995775e-05,9.64524504637045e-05
180,9,1-8,adjust,0.0010837563486267624,4.644358907351758e-05,1.3943670383049572e-05
181,2,1-4,adjust,0.00035694091474601383,1.2591163166667245e-05,5.7981070105089105e-05
181,3,1-4,adjust,-0.005141658356436865,-9.961170099866093e-06,0.0001246991100398209
181,6,1-5,adjust,0.0020212756730642626,-2.7537533878182364e-07,3.544078428836034e-05
181,7,1-4,adjust,0.0026691086047137117,6.882278766608065e-05,8.266780135364411e-05
181,8,1-5,adjust,-0.0018085383218862947,-2.9839784097340174e-05,7.448224432440126e-05
181,9,1-5,adjust,0.0022060125826110096,2.62215873563593e-05,8.095829249409626e-06
182,2,1-7,adjust,0.0007457644630964926,-3.403960441509484e-05,0.00011537153967693934
182,3,1-7,adjust,-0.004908323074283019,-1.897923143334552e-05,0.00012613560167706615
182,4,1-7,adjust,-0.0036161568916135032,-6.812917517719386e-05,0.00010424162909608502
182,5,1-7,adjust,-0.0006151761920894242,8.197045467377083e-05,2.7395198707942768e-05
182,6,1-7,adjust,0.0011879591293890253,-3.033917161794197e-05,8.380370896078859e-05
182,9,1-8,adjust,-0.0016116103263029342,-0.00011163839095738413,0.00018608108849568726
183,2,1-4,adjust,0.0016940077655210085,-5.502626709719848e-05,1.9087388180452275e-05
183,3,1-5,adjust,-0.00027108328935622543,-1.7837282506631338e-05,3.848862979532716e-05
183,6,1-5,adjust,0.0026040322888063244,-3.0499943074815435e-05,6.891336480850127e-05
183,7,1-4,adjust,-0.00722417271852313,-0.00013070678472110767,5.3286884531058856e-05
183,8,1-5,adjust,0.00681042300065831,0.00011556314053691523,7.602795304216401e-05
183,9,1-5,adjust,-0.0006543407101155904,0.0001868968705742449,0.00013576809587223553
184,2,1-7,adjust,0.007640462900543042,-0.00016010076612355768,0.00018445392900635023
184,3,1-7,adjust,0.0069978359328588535,-4.953543033999177e-05,1.9675511051201178e-05
184,4,1-7,adjust,0.004775757763475146,4.122945205150782e-06,3.166636444708305e-05
184,5,1-7,adjust,0.004117461196245456,-7.564875941269483e-06,1.2374980177013477e-05
184,6,1-7,adjust,-0.005154868388401858,9.77201357393992e-05,0.00010934583916795967
184,9,1-8,adjust,0.001996767740597526,8.182657842492253e-05,0.00018314688476646183
185,2,1-4,adjust,-0.008959069018095163,0.0001562090232395646,1.147617476347004e-05
185,3,1-4,adjust,-0.0006501004461946727,-1.0922644399834315e-05,5.1754496774603204e-05
185,6,1-5,adjust,0.007170885452270786,-0.00012766245242869193,0.00012017450504674357
185,7,1-5,adjust,0.005746382327356395,0.0001651831129910502,7.547246810454141e-05
185,8,1-5,adjust,-0.004555343973596746,8.824634986326483e-05,9.863430359356984e-05
185,9,1-5,adjust,-0.0024224985753349302,-0.00018756528404825873,2.4430790545175713e-05
186,2,1-7,adjust,0.0006830763543492705,0.00010251592340301806,6.238662119226175e-05
186,3,1-7,adjust,-0.007226528661350606,9.049863138831195e-05,6.551017372211565e-05
186,4,1-7,adjust,-0.012565277781284726,0.00015148025811082772,3.069665866702846e-05
186,5,1-7,adjust,-0.010037340095062245,-3.650354347831123e-05,4.760363512578429e-05
186,6,1-7,adjust,-0.009071884356881573,0.00013897457584348432,9.224211128561575e-05
186,9,1-8,adjust,0.004824721707040261,-1.3546272020499342e-05,7.947206277830432e-05
187,2,1-4,adjust,-0.0045933059468417844,0.0001737110108954189,0.0001788598044468554
187,3,1-4,adjust,-0.003648096290558884,0.0001527005783744671,0.0001767793419462646
187,6,1-5,adjust,-0.006228305048227419,-4.80179040392594e-05,4.065408047625703e-05
187,7,1-5,adjust,-0.009687789316632537,-0.0001824027844165516,0.00012799224669185965
187,8,1-5,adjust,-0.008209776238528211,-0.0001639388726899442,0.00018645170365215894
187,9,1-5,adjust,-0.006415992079018663,-5.360668926831591e-05,0.00021515441190279676
188,2,1-7,adjust,0.011030624914143737,-0.00037096681116924394,4.189169956818243e-05
188,3,1-7,adjust,0.021374814849332055,-0.0002210635647138495,7.209274106308259e-06
188,4,1-7,adjust,0.021740773417544306,-0.00011944067252276271,3.079274415372317e-05
188,5,1-7,adjust,0.006223147321073119,6.346566584399428e-05,6.745490182016939e-05
188,6,1-7,adjust,0.003607403998097092,-5.592550620987531e-05,1.1182726341982998e-05
188,9,1-8,adjust,-0.0010310458885133347,-0.0001344778088479807,1.709397741575275e-05
189,2,1-4,adjust,-0.0025287830598216716,8.62074787134023e-05,0.00012414840223095338
189,3,1-4,adjust,-0.004176186634963271,1.133596085384817e-05,0.00011161832552157722
189,6,1-5,adjust,0.007496288690214739,3.29299129381113e-05,2.1913296110503697e-06
189,7,1-4,adjust,0.013206670743292752,0.00017197353589228255,4.481597653712303e-05
189,8,1-5,adjust,0.014176795338719388,5.630185028174751e-05,2.5326778262743528e-05
189,9,1-5,adjust,0.00792106848735366,0.00031499378236511866,0.0001251925636653019
190,2,1-7,adjust,-0.005156553998365886,0.0001747467629269946,2.9955343016398336e-05
190,3,1-7,adjust,-0.012813138550109317,7.853067752254348e-05,8.644147136207861e-05
190,4,1-7,adjust,-0.012794451909183909,7.930992178213021e-05,6.130666086522905e-05
190,5,1-7,adjust,-0.002209133006247998,-4.842768676123702e-05,5.4091314332419476e-05
190,6,1-7,adjust,-0.0009300219560454823,-2.0147140474710344e-05,7.33548765626098e-05
190,9,1-8,adjust,0.00022984460000206414,-3.893932087080221e-05,0.00010446530120327517
191,2,1-4,adjust,-0.0006965885624041058,-4.393070457015287e-05,0.00010613858157426546
191,3,1-4,adjust,0.0004373954107382918,4.8544984828178156e-05,0.00010907862111888822
191,6,1-5,adjust,-5.1459071554834916e-05,2.9502966189824124e-05,4.293208519416266e-05
191,7,1-4,adjust,-0.005684066838046781,-5.762653589203301e-05,3.837895991412886e-05
191,8,1-5,adjust,-0.001722597312161108,-2.0741903010595613e-05,4.0908494703139634e-05
191,9,1-5,adjust,-0.005158602500180321,-0.00011224713348634742,6.932072218363653e-05
192,2,1-7,adjust,0.0024062724063508723,-8.730298617668155e-05,4.218981952439302e-06
192,3,1-7,adjust,-0.00037626982601781744,-0.0001169473827389024,2.377498214553882e-05
192,4,1-7,adjust,0.0007943565374520242,-2.2406094517900083e-05,8.979123916249707e-05
192,5,1-7,adjust,0.0014804471527549898,2.2035072524679843e-05,9.96114570996899e-05
192,6,1-7,adjust,-0.0065594341453416504,-3.265929679252068e-05,5.4051403828046714e-05
192,9,1-8,adjust,0.002590666054184101,0.00010997648100139898,8.820712142186875e-05
193,2,1-4,adjust,-0.001551454327666321,0.0001065865951813058,1.479557645509567e-05
193,3,1-4,adjust,5.102151752263158e-05,0.00010038901087926495,7.024419297940927e-05
193,6,1-5,adjust,0.005556897960682541,1.3635416491602141e-05,1.0670022606415905e-05
193,7,1-4,adjust,0.0013135459657247922,-5.367894826814642e-05,1.7261948014272335e-05
193,8,1-5,adjust,-0.006306599365926855,3.6636375173717207e-05,0.00010326770177335643
193,9,1-5,adjust,-0.0003116814066359776,-9.63955529904721e-05,8.279388963553858e-05
194,2,1-7,adjust,0.004238676829366196,-0.00020252321170086577,4.78234566152362e-05
194,3,1-7,adjust,0.01025621173471146,-9.471579008628088e-05,2.5304181818455003e-05
194,4,1-7,adjust,0.0023989005723565318,-6.440289922382776e-05,3.011043388483465e-05
194,5,1-7,adjust,0.005945620900382115,1.9328210470658837e-05,3.547845690439641e-05
194,6,1-7,adjust,-0.0017144772579848636,1.9389451814245085e-05,6.924870721415747e-05
194,9,1-8,adjust,-0.0018863216953022939,7.088295831254263e-05,5.992038455205719e-05
195,2,1-4,adjust,-0.0026614062139786988,8.483898980668677e-05,2.7149374305287056e-05
195,3,1-5,adjust,-0.003072398114862145,5.0803825844981594e-05,2.5752448122191705e-06
195,6,1-5,adjust,0.010469671420225785,-2.1417963259071172e-05,7.987343090416047e-05
195,7,1-5,adjust,0.010928635958010833,4.219999267324197e-06,8.87182316978671e-05
195,8,1-5,adjust,0.004933900163024565,8.894603965861915e-06,9.029295284746823e-05
195,9,1-5,adjust,0.00032823788998096256,6.634405358708369e-05,2.37669067810541e-05
196,2,1-7,adjust,0.0025798980484377197,-5.9032946149925544e-05,7.027187770276654e-05
196,3,1-7,adjust,-0.003499821807351515,-9.886188395373611e-05,5.8865115470396834e-05
196,4,1-7,adjust,0.005792109593841979,-2.4309794431134772e-05,0.00012612220707572668
196,5,1-7,adjust,0.009020566079920885,-7.841616258373935e-05,8.660939227356596e-05
196,6,1-7,adjust,0.004413260526728637,6.472553141577019e-06,0.00011338186848242438
196,9,1-8,adjust,0.0034738204361376385,-4.556764589645702e-05,1.9039185043652583e-05
197,2,1-4,adjust,-0.0002561905084476121,9.170928451861461e-05,5.599436944025888e-05
197,3,1-4,adjust,0.007347000833835624,-1.0007448571432151e-05,0.00011928332288167493
197,6,1-5,adjust,-0.0013617229004695849,6.481149513168747e-05,0.00010055323248617396
197,7,1-5,adjust,-0.004223286651471129,8.229662939148267e-05,9.333185931222003e-05
197,8,1-5,adjust,0.0022314039010700062,-9.206051135113086e-06,6.664632728460068e-05
197,9,1-5,adjust,-0.003292580670068724,-1.877632520008233e-05,0.00015602032489514148
198,2,1-7,adjust,-0.004388732436543759,6.715899534379051e-05,1.403103855594367e-05
198,3,1-7,adjust,-0.01603066707041982,0.0001461307106137381,7.994073290556009e-07
198,4,1-7,adjust,-0.00674072137492896,3.44353282174485e-05,5.512519960536492e-06
198,5,1-7,adjust,-0.01620676933725697,1.0579463477281058e-05,4.096226908749604e-05
198,6,1-7,adjust,-0.009649616554562975,-2.0323465775278866e-05,2.9064008887376598e-05
198,9,1-8,adjust,0.004045876772627457,1.5441260110986976e-05,3.596004880574414e-05
199,2,1-4,adjust,-4.555716155351704e-05,-0.0001464138762629673,7.07963256456501e-05
199,3,1-5,adjust,0.00879215094423195,-6.394237565855863e-05,7.147614596287486e-05
199,6,1-5,adjust,-0.004553253073457665,-3.091847440262263e-05,4.995938895100086e-06
199,7,1-4,adjust,-0.01342879893873045,-5.514417452506104e-05,1.7675200707664293e-06
199,8,1-5,adjust,-0.0056153802997653815,-0.00010146566603069508,3.759453620113333e-05
199,9,1-5,adjust,-0.005988121899818992,-0.00011807708683531596,3.6782840570449455e-05
200,2,1-7,adjust,0.0026731227068367306,5.380082016611743e-05,8.794688744626256e-05
200,3,1-7,adjust,-0.0008244467575848818,-3.3504207909873145e-05,4.837426747942388e-05
200,4,1-7,adjust,-0.0045877892025028314,-4.466483606986326e-05,0.00012385342297338887
200,5,1-7,adjust,-0.007321501737616723,4.056914872840284e-05,0.00014116060755678438
200,6,1-7,adjust,-0.003792380752084387,8.942670606770496e-05,0.00019850387303988872
200,9,1-8,adjust,0.0014939916577591226,3.7442042964040994e-05,0.00010762732932329008
201,2,1-4,adjust,-0.002591061610970734,1.591282025045879e-05,5.0811284339867513e-05
201,3,1-4,adjust,-0.0004932097211239237,-6.1380543222908405e-06,6.406331209910521e-05
201,6,1-5,adjust,0.0013858178005873236,-0.00019862946294850738,5.459546791579392e-06
201,7,1-4,adjust,0.0075976587544930455,-6.73641889947112e-05,2.651311129422041e-05
201,8,1-5,adjust,-0.0033777926661528426,0.0001262599745466384,6.536957432631572e-05
201,9,1-5,adjust,0.0024964598324148306,0.00010459026309326302,7.164425378413994e-05
202,2,1-7,adjust,0.0032064794795483107,-5.556906368992694e-06,6.17020195748791e-05
202,3,1-7,adjust,0.011949684028041552,-5.284461624187681e-05,9.340838903320456e-05
202,4,1-7,adjust,0.005555281531204141,-1.4091765875437164e-05,8.550803517084828e-05
202,5,1-7,adjust,0.007873932377619736,-9.066638458865005e-05,8.843114235575614e-05
202,6,1-7,adjust,0.0064073782882009,0.0001310278785348143,8.843965810191583e-05
202,9,1-8,adjust,-0.0033604617788014724,-7.559864658550513e-05,7.424895643168951e-05
203,2,1-4,adjust,0.0030918504426942018,-8.024171267507407e-05,1.673782183160102e-05
203,3,1-4,adjust,-0.007648324095403932,8.829094241380838e-05,6.890926558644524e-05
203,6,1-5,adjust,-0.0024781137940395274,-3.480327885017579e-05,1.7936271496090328e-05
203,7,1-4,adjust,-0.010112849493874752,6.672441946162767e-05,5.3856567444474635e-05
203,8,1-5,adjust,0.000714571531805347,-6.659659073646143e-05,4.533629629886963e-05
203,9,1-5,adjust,-0.002933319669098419,-0.00013490536573988038,1.5631588113858946e-05
204,2,1-7,adjust,-0.004414306208740532,6.859243492645752e-05,7.622724743197476e-05
204,3,1-7,adjust,-0.0011185947292935907,-5.989043381614561e-05,2.830404627666261e-05
204,4,1-7,adjust,-0.0013673949719688605,2.372516957670894e-05,3.453729199082892e-05
204,5,1-7,adjust,-0.011622327650375333,5.859841310562005e-05,1.5958122639347986e-05
204,6,1-7,adjust,-0.011647854015678617,-9.429233371146207e-05,5.975699669302336e-05
204,9,1-8,adjust,0.0027075813534785365,0.00014319679902774894,8.921866598308987e-05
205,2,1-4,adjust,-4.795372160359137e-05,8.294836724732099e-05,4.290079191533769e-05
205,3,1-4,adjust,-0.0019282985850622176,0.00010344583255228686,8.214339060053842e-05
205,6,1-5,adjust,0.0010600371192065155,5.97152515504332e-05,0.00013409697065584303
205,7,1-4,adjust,-0.002329392036318651,-1.0258013201797529e-05,4.873372763956965e-05
205,8,1-5,adjust,-0.008335979696535989,-1.1624922379974916e-05,4.2830265060948344e-05
205,9,1-5,adjust,0.002147591252527703,2.640855730579296e-05,2.5141017808895474e-05
206,2,1-7,adjust,0.0013455755419515764,-0.00014239670794381984,9.56297001509918e-05
206,3,1-7,adjust,-0.00043418154605409805,-3.7656871767603763e-05,7.103391955994351e-05
206,4,1-7,adjust,-0.0016159559514515272,0.00011969468812369169,0.00011788736955525661
206,5,1-7,adjust,0.006472964207541753,8.142795998561134e-05,3.38204897521292e-05
206,6,1-7,adjust,0.0014646829818882037,1.759616094404686e-05,7.49391768782894e-05
206,9,1-8,adjust,-0.007695542849579695,-0.00029565302168971794,0.00013199922991653356
207,2,1-4,adjust,-0.0040368587484814035,0.0001801188913146555,3.0278737384090552e-05
207,3,1-5,adjust,-0.004033211126893994,-1.5140079980230444e-05,6.528177909161242e-05
207,6,1-5,adjust,0.008305529857142701,5.787419763911532e-05,4.771056185109803e-05
207,7,1-4,adjust,0.02306796401994218,-1.210416172649059e-05,0.00010017379619415271
207,8,1-5,adjust,0.01190833660045937,3.7456813574395924e-05,7.683864416239424e-05
207,9,1-5,adjust,0.011751890998350776,0.00035585608724760193,3.4642459395962384e-05
208,2,1-7,adjust,0.00404380704419214,-0.0001310788515801889,6.283015895902019e-05
208,3,1-7,adjust,0.014729098814904133,-1.4779717499982031e-06,9.454733275775603e-06
208,4,1-7,adjust,0.00456764291153049,-0.00017134517254767352,6.96311235678613e-05
208,5,1-7,adjust,0.01660839256234237,-0.00011247013897637011,6.508326115565915e-05
208,6,1-7,adjust,0.018131792311022386,2.922531932689039e-05,0.00010993611551834176
208,9,1-8,adjust,-0.004299026650242936,-7.276280599534686e-05,4.2817272400506584e-05
209,2,1-4,adjust,0.004240802533965928,-7.247380542308827e-05,2.9165427332354493e-05
209,3,1-4,adjust,-0.0058581125348459275,-8.916116388414383e-05,7.109443392040721e-05
209,6,1-5,adjust,-0.006781604722416263,-9.358293960750287e-05,0.00022599296585342664
209,7,1-5,adjust,-0.0037730981331147813,8.391476122699075e-05,0.00015000776679698625
209,8,1-5,adjust,0.0038794343806975978,-1.9209700820674142e-07,4.821040748459188e-05
209,9,1-5,adjust,-0.0028808274630593347,-9.527147995184991e-05,4.6398188802167136e-05
210,2,1-7,adjust,-0.003948164271041409,0.00011534255879129844,6.322638495080178e-05
210,3,1-7,adjust,-0.0017741992613177174,0.00011136225011786423,3.145335511137368e-06
210,4,1-7,adjust,0.00010025085601254684,0.00011713178496147012,5.0032949806384474e-05
210,5,1-7,adjust,-0.008317065618440705,6.229484170434659e-05,1.8605095261935494e-06
210,6,1-7,adjust,-0.00565321917756536,-4.9879898517780484e-05,1.600003927870974e-05
210,9,1-8,adjust,0.005333260013357592,4.46597025544435e-05,4.968853013135627e-05
211,2,1-4,adjust,-0.001442003414020972,4.352795014796807e-05,4.049299130983233e-05
211,3,1-5,adjust,0.00039544531715525515,-4.862132441808198e-05,1.528743747965884e-06
211,6,1-5,adjust,-0.002251531294022559,8.992887146764617e-05,2.703258815690617e-05
211,7,1-4,adjust,-0.0028461486707144616,-0.00016434806761281813,3.270269468519807e-05
211,8,1-5,adjust,-0.00281063241825541,-8.754807968826802e-06,2.9661732241335013e-05
211,9,1-5,adjust,-0.003311991298661719,6.685175580840814e-05,2.1602634784750013e-05
212,2,1-7,adjust,0.004441607107337791,-0.00019593313779470945,0.00010505002128998603
212,3,1-7,adjust,0.005771784319202464,-9.559023191650893e-05,8.556727229145128e-05
212,4,1-7,adjust,0.013635205279950489,-8.409189799407063e-05,5.659556484997347e-05
212,5,1-7,adjust,0.005233907970894655,-6.700217120593851e-05,7.52202166998139e-05
212,6,1-7,adjust,0.007492840889543712,2.4906223391248657e-05,6.487477940325705e-05
212,9,1-8,adjust,0.004539103245554173,1.3180042994930833e-05,0.00013136230200265885
213,2,1-4,adjust,0.00158174683203445,-4.239015801125135e-05,0.00011280373292454898
213,3,1-4,adjust,0.0046306738586807126,-5.059582896971784e-05,0.000205461452364428
213,6,1-5,adjust,-0.0018477668397448505,-6.968013907962104e-05,1.166839646826875e-05
213,7,1-4,adjust,-0.0059346359927667505,5.1280249850346125e-05,5.55255064758051e-05
213,8,1-5,adjust,0.0011162403803758208,1.5404246556743928e-05,1.770378948699415e-05
213,9,1-5,adjust,-0.005015460157939863,-3.4155373080950676e-05,0.00011382425042643606
214,2,1-7,adjust,-0.005218477650524096,0.00013071934763012372,1.575029508750512e-05
214,3,1-7,adjust,-0.0034103931331668077,6.206802343945576e-05,1.9512167412441015e-05
214,4,1-7,adjust,-0.011230081727036236,2.6302619472942926e-05,2.4374141218020168e-05
214,5,1-7,adjust,-0.008857573038291065,4.198468300313547e-06,2.1246159374213465e-05
214,6,1-7,adjust,-0.008016848528089418,4.115228668166488e-05,7.137852599858827e-06
214,9,1-8,adjust,0.0030606409048375407,-5.137598320346044e-05,0.00013995562245221007
215,2,1-4,adjust,0.0023182826122823664,-3.536530519883806e-05,2.8780435329225354e-05
215,3,1-5,adjust,-0.0057299269148912,2.072411574426003e-05,1.2085464393824804e-05
215,6,1-5,adjust,-0.002622642804434044,6.365417604530518e-05,2.039264323598902e-05
215,7,1-4,adjust,0.001812293377209739,2.4216971673857755e-05,9.547426678979284e-05
215,8,1-5,adjust,-0.0032278898240859655,-4.2191030247720706e-05,2.1833587650392546e-05
215,9,1-5,adjust,-0.003487843150853048,-4.473440024406263e-05,3.35151394090892e-05
216,2,1-7,adjust,-0.0035646251013939493,3.0183744576941768e-05,7.2174808040966805e-06
216,3,1-7,adjust,-0.00033000947646368305,7.503163534845113e-05,1.2321816558585078e-06
216,4,1-7,adjust,0.008666214515556221,9.443755751344233e-05,3.727232737451855e-06
216,5,1-7,adjust,0.0028482508763833687,4.582524974651221e-05,4.536162373091943e-05
216,6,1-7,adjust,0.005921009242920055,-7.516700239255662e-05,4.111458886904682e-05
216,9,1-8,adjust,0.0014063300355887413,3.117243488887091e-05,7.860047791082158e-06
217,2,1-4,adjust,0.002610065839000136,-3.907031645681037e-05,4.26863129322556e-05
217,3,1-4,adjust,0.005277684113557742,-9.262228584965747e-05,0.00015027249732287148
217,6,1-5,adjust,-0.0020005062420011127,-4.4492451640439566e-05,0.0001837408791880813
217,7,1-5,adjust,0.004541842917244039,5.850943715348051e-06,7.152749080140209e-05
217,8,1-5,adjust,-0.0002914727815193758,-7.462972999398631e-06,7.552637864508808e-05
217,9,1-5,adjust,0.000603938746588227,1.1806583774103717e-05,5.3817623937655824e-05
218,2,1-7,adjust,-0.0011640966959465067,4.3642948966901004e-05,3.204133323620222e-05
218,3,1-7,adjust,-0.008431455338351993,2.3970403881352535e-05,5.924014547464544e-05
218,4,1-7,adjust,-0.013707393927923731,-0.00012226288148690361,2.9509744057953696e-05
218,5,1-7,adjust,0.007396275315938926,4.310705488348686e-05,5.197007801528084e-06
218,6,1-7,adjust,0.00936891160725726,9.268508659272413e-05,1.2721997647715445e-05
218,9,1-8,adjust,-0.0016328918339913346,-1.823459732570484e-05,5.341265981840624e-05
219,2,1-4,adjust,0.002171825138889831,4.738089016056451e-05,1.647150217069783e-05
219,3,1-5,adjust,0.00110894916973216,8.80889447977269e-05,5.721726667022173e-05
219,6,1-5,adjust,-0.0022730926554731055,4.132257842925775e-05,0.0001836313605584746
219,7,1-5,adjust,0.006034698981905744,9.295803972676385e-06,0.0002145824953763672
219,8,1-5,adjust,0.005778947384135915,0.00010462732399235233,0.0001710597890684896
219,9,1-5,adjust,0.0006953956440243083,0.0001252197545247106,0.0001240082674319924
220,2,1-7,adjust,-0.004795430452299049,7.708110648486074e-06,6.018303127320856e-05
220,3,1-7,adjust,-0.0009444197889961821,-0.00010836938155784915,4.437119507109151e-05
220,4,1-7,adjust,0.004718968037007741,4.931643486677164e-05,4.746996006329666e-05
220,5,1-7,adjust,0.007051699592163638,8.837456614459436e-05,8.8861804544268e-05
220,6,1-7,adjust,0.0023687836951302773,-9.843524731061764e-05,9.157974350550518e-05
220,9,1-8,adjust,0.003533102937679926,-3.7974747463108646e-05,8.050243285930617e-05
221,2,1-4,adjust,0.002473134465933228,-2.5391103931695093e-05,6.283288505050181e-05
221,3,1-5,adjust,0.004266234309250832,-5.249077689612877e-06,1.5334802749534647e-05
221,6,1-5,adjust,0.007143198347833145,7.539249875748769e-05,0.00022396232430387926
221,7,1-5,adjust,0.0069031662898651315,0.00018382134746703724,0.0001976266178549013
221,8,1-5,adjust,0.009954848920177107,0.00014765508101057014,0.0002786489787015198
221,9,1-5,adjust,2.111555148715198e-05,4.719685226766746e-05,0.0001522312786984074
222,2,1-7,adjust,-0.006264582228951359,0.00022191796360734832,0.0001272305475224978
222,3,1-7,adjust,-0.016273164938037297,0.0002510653352129225,7.746345447602233e-05
222,4,1-7,adjust,-0.0064032560393838586,0.00010649280450539252,0.0001386942951952929
222,5,1-7,adjust,-0.014673492856648934,-0.00015462844280461887,8.502357166541333e-05
222,6,1-7,adjust,-0.00675670652417721,-0.00010612870235406545,0.00019795682858781663
222,9,1-8,adjust,0.00901176817577233,0.00021169193359504748,7.553803588854834e-05
223,2,1-4,adjust,0.00048474166474229903,-0.00010349519696391836,0.00019205968473787557
223,3,1-4,adjust,0.01040385007399816,-0.0001514087605865206,0.00012636429812792449
223,6,1-5,adjust,-0.006887659762889394,-1.557896244009897e-05,8.418128953923739e-05
223,7,1-4,adjust,-0.014001998789231883,-0.0001271811048778352,4.581871158909108e-06
223,8,1-5,adjust,-0.015238680522937644,-0.00025069828139936165,9.43611692757832e-05
223,9,1-5,adjust,-0.015037857770510022,-0.0004052612671450776,0.00014587410560213196
224,2,1-7,adjust,0.007155038357474305,-1.36591303984877e-05,4.8085281383197787e-05
224,3,1-7,adjust,-0.002752587741957209,2.8823296410477396e-05,7.6956541641806e-05
224,4,1-7,adjust,0.003036827450963288,-8.753964762878035e-05,4.882052112378354e-05
224,5,1-7,adjust,-0.001507372381660765,2.2848682516398608e-05,7.41356912583061e-05
224,6,1-7,adjust,-0.0022016760629357795,0.00011312400083551735,5.413282243665989e-05
224,9,1-8,adjust,0.00021918002776472438,7.328728412506506e-05,7.829784413212085e-05
225,2,1-4,adjust,-0.0019159483077252366,-0.00016372357843713047,5.861927760035207e-05
225,3,1-5,adjust,0.003334540627655253,9.469539120886516e-06,6.576043420498887e-05
225,6,1-5,adjust,-0.0028816734780248254,2.4048495807750336e-05,6.947029073415748e-05
225,7,1-4,adjust,-0.0014360107550748856,-6.470351259410694e-05,4.225309969038932e-05
225,8,1-5,adjust,-0.004428150966859763,-2.9108950087151717e-05,1.9505586594042173e-06
225,9,1-5,adjust,0.004117098482841881,1.975692838810607e-05,7.921937941378937e-05
226,2,1-7,adjust,-7.449533374698137e-05,5.4749770772641825e-05,8.200415609955214e-05
226,3,1-7,adjust,0.006160644743242963,-0.00012654633929395055,5.606812512163264e-05
226,4,1-7,adjust,0.0074801661127643845,5.804430954689893e-05,5.6970541724910364e-05
226,5,1-7,adjust,0.0065759955482259415,3.442629578245129e-05,1.9508644218617017e-05
226,6,1-7,adjust,0.003926707189515664,-5.147283768790201e-05,3.995531858710734e-06
226,9,1-8,adjust,-0.005316188685154631,-0.00012438153984759289,0.0001713030180387927
227,2,1-4,adjust,0.0008566901792248404,2.0798661168189316e-05,2.692736843089052e-06
227,3,1-5,adjust,0.00014434204407559245,0.00010831291126543987,5.345568238678003e-05
227,6,1-5,adjust,0.005568613123928934,-1.1470331703519867e-06,1.0491069411008244e-05
227,7,1-4,adjust,0.01079097158183046,8.294232414873518e-05,7.965216169000785e-05
227,8,1-5,adjust,0.010224538458712112,0.00015341799626562134,5.6184982840986103e-05
227,9,1-5,adjust,0.0054251931497515905,0.00022946856529547374,3.1050117417479686e-05
228,2,1-7,adjust,-0.004323025425170921,4.050392344131211e-05,2.3544361007449093e-05
228,3,1-7,adjust,-0.0064720865686228365,5.16494810208883e-06,1.8830173607653082e-05
228,4,1-7,adjust,-0.0037610253938498905,-2.051563674998766e-05,9.088448175186982e-05
228,5,1-7,adjust,-0.0010551919294173118,-4.133723698849078e-05,6.264982188563171e-05
228,6,1-7,adjust,0.003914808238520731,-3.2954479235121025e-05,0.00013226462726145918
228,9,1-8,adjust,0.004218720457434083,-4.093038914316618e-06,1.864705870694617e-05
229,2,1-4,adjust,0.004184873078308332,-4.571542191095617e-05,5.412913448699848e-05
229,3,1-5,adjust,0.003074913289161654,-6.5220768991172e-05,1.9518572778378274e-05
229,6,1-5,adjust,-0.0075475829117595886,8.243191730444407e-05,3.39108073097142e-05
229,7,1-4,adjust,-0.011849019648638912,-5.277511155314617e-05,3.3848634440661504e-05
229,8,1-5,adjust,-0.005233716525277802,-8.249316833474767e-05,3.7120409173181755e-06
229,9,1-5,adjust,-0.00563012548475861,-9.687775291597809e-05,4.26907090206021e-05
230,2,1-7,adjust,-0.0012819986234626694,6.434925886057917e-05,1.380052038040716e-05
230,3,1-7,adjust,-0.0025787264283294847,0.000104906625799688,1.1430700286396848e-05
230,4,1-7,adjust,-0.0042611562382095245,-5.16666136929847e-05,1.7062075649902856e-05
230,5,1-7,adjust,-0.005703104570910171,-1.974918390232313e-05,4.368327286086183e-05
230,6,1-7,adjust,-0.0070300462742371285,-0.00010976508443194687,5.088260267202952e-06
230,9,1-8,adjust,-0.0014054561530416289,3.24628054769397e-05,8.921999946220572e-06
231,2,1-4,adjust,0.0015526899413061057,-2.2035993478392565e-05,2.3044498023735962e-08
231,3,1-4,adjust,-3.429014313682564e-05,-0.00011225504576333202,5.761541303961893e-05
231,6,1-5,adjust,0.004081620398629311,-2.4002386176831383e-05,2.7767794946532758e-05
231,7,1-4,adjust,-0.00584709017574641,-0.00012496425790366701,2.699010915749078e-05
231,8,1-5,adjust,0.00023579166589080897,-9.691011577537132e-05,2.3474535110488756e-05
231,9,1-5,adjust,-0.0005342191669814977,-0.00016048497417376354,4.238532091653612e-05
232,2,1-7,adjust,0.006008470846972564,-0.00016388165336030442,1.984190497530872e-05
232,3,1-7,adjust,0.013045227418502333,-0.00011995788708360246,2.5798244454695834e-05
232,4,1-7,adjust,0.015447031984743476,-5.005998272554998e-05,9.450497513465573e-06
232,5,1-7,adjust,0.005990034606230891,-3.7297374420274535e-05,2.6326071636029013e-05
232,6,1-7,adjust,0.001589566428971339,9.69187109967818e-05,0.00014343226940188319
232,9,1-8,adjust,-0.0011711836398606912,3.6268148852484916e-05,4.148341303422291e-05
233,2,1-4,adjust,0.00037972297488251535,-5.2638195796294454e-05,6.684213397336674e-05
233,3,1-4,adjust,0.0007974677835244413,9.44008121927492e-06,0.00011504185375922472
233,6,1-5,adjust,0.0003934428957354648,2.2836378371581004e-05,4.148112855166704e-05
233,7,1-4,adjust,0.006285520640614627,0.0001603200135233884,6.9369010067469e-05
233,8,1-5,adjust,0.0004991167211550636,4.641683280712277e-05,2.1517800792062067e-05
233,9,1-5,adjust,0.0009687194693240767,9.291242356744778e-06,1.1621267278406691e-06
234,2,1-7,adjust,-0.00860435914510113,0.00021323758849491517,3.3797239376944904e-05
234,3,1-7,adjust,-0.015825532668593868,0.00016339983675979695,0.00011728361895201691
234,4,1-7,adjust,-0.016361360836973267,7.766376669542514e-05,4.4281057671153314e-06
234,5,1-7,adjust,-0.005941979377298279,0.00010564221119044637,3.584598906703111e-05
234,6,1-7,adjust,-0.0029640302351544565,-3.376347171357058e-05,7.070783768642614e-05
234,9,1-8,adjust,0.0015228975194084714,0.00011621481941481261,2.2884155374117076e-05
235,2,1-4,adjust,-0.0010039345206606508,1.3202150853481767e-05,2.32865092282734e-05
235,3,1-4,adjust,-0.0006124457345799714,-4.3109673878318026e-05,6.961416919759501e-05
235,6,1-5,adjust,0.0015402140863847635,3.0404712726235993e-05,1.3329817907636166e-05
235,7,1-5,adjust,2.0768910426946284e-05,-2.83577845354413e-05,8.255368493669558e-05
235,8,1-5,adjust,0.003178793084323323,8.903876808256692e-05,2.2023464931564875e-05
235,9,1-5,adjust,0.0020558994673133997,-2.058717723278111e-06,3.497317913240557e-05
236,2,1-7,adjust,0.0004194189347442601,-6.59167109785238e-05,1.4466944361539758e-05
236,3,1-7,adjust,0.0026433190734340656,6.0439682841969304e-05,1.7002364362596702e-05
236,4,1-7,adjust,-0.0016663975125656902,3.6161495639094235e-05,2.425872605000488e-05
236,5,1-7,adjust,-0.003775077445758814,-3.8973723099817614e-05,1.5607665796044404e-05
236,6,1-7,adjust,-0.0009513104702158128,-4.999106571109549e-05,4.956976281980419e-06
236,9,1-8,adjust,0.00037292945723999124,0.00010224305640957009,0.00012476498904825573
237,2,1-4,adjust,-0.0022302314186059624,0.00011803706628223536,8.540609394920242e-05
237,3,1-5,adjust,-0.00013333069741381707,-1.7783265275327105e-05,4.97924020624078e-05
237,6,1-5,adjust,-0.0016753253076114223,-4.9934760979717994e-05,3.978799937453856e-05
237,7,1-4,adjust,0.0026394244319018264,-8.289131934072189e-05,9.006703036502295e-05
237,8,1-5,adjust,-0.007532779337264526,-4.452684595547589e-05,4.983839764477388e-07
237,9,1-5,adjust,-0.0009401309542379426,-0.0001342106878655694,3.160719958010438e-05
238,2,1-7,adjust,0.007973960628556815,-0.0001961156249215773,3.4902631042835423e-05
238,3,1-7,adjust,0.013991373714523438,-9.711644329068684e-05,4.6739406009157854e-05
238,4,1-7,adjust,0.01607135437163273,-9.789338897881004e-05,0.00012110343199450661
238,5,1-7,adjust,0.011227124817423145,2.255403135743057e-05,4.4530217958520036e-05
238,6,1-7,adjust,0.009643562617014607,0.00013238606013336255,4.1125164528250714e-05
238,9,1-8,adjust,-0.004168356491467838,3.644026919235734e-05,9.693883557290017e-06
239,2,1-4,adjust,0.0015527063487459326,-3.2975657271139935e-05,0.00015253828155524835
239,3,1-4,adjust,-0.0025288232966124294,-4.544567386289258e-05,0.00015173941328275895
239,6,1-5,adjust,-0.0002936823337200109,-0.00014662675968645604,2.0711663695379273e-05
239,7,1-5,adjust,-0.002475693991477466,3.563540449576896e-05,7.452804215112752e-05
239,8,1-5,adjust,0.0054625164332721245,5.559589729602846e-05,5.196023997009433e-05
239,9,1-5,adjust,0.003713530887986247,2.6949925055637945e-05,0.0001676228266315986
240,2,1-7,adjust,-0.005283556916636081,0.00010029401462549339,5.8391539373706686e-05
240,3,1-7,adjust,-0.005889543230632444,9.825313738734007e-05,4.654231937945758e-05
240,4,1-7,adjust,-0.011537723466608814,-2.240659123809996e-05,5.011741932202284e-05
240,5,1-7,adjust,-0.0062048703791470206,1.369395858381473e-05,1.5136521512212218e-05
240,6,1-7,adjust,-0.008302565519158865,7.654936841285447e-05,4.567465221463803e-05
240,9,1-8,adjust,0.000833297923015119,-4.9953658521212516e-05,0.00011791861156307293
241,2,1-4,adjust,0.0026046960804043343,-4.076781891624623e-05,0.00011955831982872459
241,3,1-4,adjust,0.0005654338554029143,-3.7412889726443827e-05,0.00014565207503607728
241,6,1-5,adjust,0.002964617936153869,2.7997865993641302e-05,5.8100608025285024e-05
241,7,1-4,adjust,-0.005677429196426808,5.8128140570803935e-05,8.829044385440143e-05
241,8,1-5,adjust,-0.0012184448263645147,-7.715612985154052e-05,9.068992652621049e-05
241,9,1-5,adjust,0.002695578148153468,5.2072665231291065e-05,0.00012038305591044064
242,2,1-7,adjust,-0.00505922195078416,7.410100535613622e-05,1.1470761840482159e-05
242,3,1-7,adjust,-0.004000398939579338,6.0151590317851656e-05,8.682740895254323e-06
242,4,1-7,adjust,-0.002872411688682854,0.00015355377822901892,0.00010795945714696499
242,5,1-7,adjust,-0.00926144751550618,-3.0400553915076923e-05,5.184166663126578e-05
242,6,1-7,adjust,-0.010898690493437616,-0.00017348138159087572,3.4624822609505354e-05
242,9,1-8,adjust,-0.005184539188783412,-0.00014986644782316765,7.569215632283999e-05
243,2,1-4,adjust,0.0014787739797512641,3.57811277413991e-05,2.7308650909998874e-06
243,3,1-5,adjust,-0.0020853706130124017,-1.394079640883459e-05,1.3267796321615487e-05
243,6,1-5,adjust,0.00023908877393897553,0.0001042486935788442,0.00013647788558718898
243,7,1-4,adjust,0.003570314453097646,1.894610059926296e-05,9.081357346331325e-05
243,8,1-5,adjust,-0.002322188855350019,-2.0157362830971123e-05,9.270768794161207e-05
243,9,1-5,adjust,0.0012427133264894846,6.772186160886392e-05,0.00011217199842285637
244,2,1-7,adjust,0.0006126378565562484,-3.832265776657887e-05,1.9891019285670988e-05
244,3,1-7,adjust,-0.001671263572774268,3.150263396319502e-05,2.1699406611424794e-05
244,4,1-7,adjust,-0.00489181149081008,-3.8067923874718814e-05,8.934375215951602e-06
244,5,1-7,adjust,0.006260951861701072,-3.326029904062406e-05,3.978447166359509e-05
244,6,1-7,adjust,0.002530004051960328,-5.0984124534614844e-05,9.959710512184354e-05
244,9,1-8,adjust,-0.0009592510220085749,-3.327090374703425e-05,4.454471465754465e-06
245,2,1-4,adjust,-0.004277695930794271,0.00014664220602978638,0.00016922897334008307
245,3,1-5,adjust,-0.0007175239449312669,7.541128957954413e-06,5.995839697242587e-05
245,6,1-5,adjust,0.0013451615324354801,5.3460425570053704e-05,5.888573993101691e-05
245,7,1-4,adjust,-0.002607930346893746,-4.778273871419058e-06,4.128702341343621e-05
245,8,1-5,adjust,-0.00015382297630599868,-1.6576993577781212e-05,1.7322578589675033e-05
245,9,1-5,adjust,-0.000361736313950373,1.0315500208708047e-05,9.113081547430061e-05
246,2,1-7,adjust,0.004438843055933828,-0.00013602707037756743,4.6511876604001324e-05
246,3,1-7,adjust,0.00685956562276978,1.265859627010746e-05,3.4896516785133254e-05
246,4,1-7,adjust,0.011719861787609483,3.806933528026474e-05,4.210669937375371e-05
246,5,1-7,adjust,-0.00774455176732259,-2.2800994086402234e-05,0.00010590225010433347
246,6,1-7,adjust,0.00017486708931406037,1.9135426380740687e-05,8.315026257373318e-05
246,9,1-8,adjust,7.516409289885959e-06,-5.908036665886013e-06,3.488719352893219e-05
247,2,1-4,adjust,-0.002537606254779894,-9.953099777169536e-06,6.4911724732466714e-06
247,3,1-4,adjust,-0.0005790962431446187,-8.221659516100662e-05,8.000226007502289e-05
247,6,1-5,adjust,-0.00669239703398523,-1.5705983503869104e-05,0.0002502821090727487
247,7,1-5,adjust,-0.011481547785524278,-8.219626421752767e-05,0.0002168904487276261
247,8,1-5,adjust,-0.0061612503565096595,7.423984319209312e-06,0.00020644438831296226
247,9,1-5,adjust,-0.0003875912077889911,-5.603003896529609e-05,0.0001074077013830452
248,2,1-7,adjust,0.00798511245733918,-0.00019335706947406822,1.1302173572342133e-06
248,3,1-7,adjust,-0.0024779269950925987,5.294073062281936e-06,5.237057077543114e-05
248,4,1-7,adjust,-0.009115066794731636,-4.2250824842191115e-05,7.109434061301759e-05
248,5,1-7,adjust,0.006629694548459106,0.00015532836707293635,9.846535584324377e-05
248,6,1-7,adjust,-0.004885084400875922,-5.3475732502567925e-05,9.863283838729549e-05
248,9,1-8,adjust,-0.00333371919852591,8.97328102584458e-05,9.789993457489528e-05
249,2,1-4,adjust,-0.008178167235900643,0.000244682682172455,8.330693419415982e-05
249,3,1-5,adjust,-0.00163061579923894,9.474046400152858e-05,2.757698686653744e-05
249,6,1-5,adjust,0.013284376830476202,0.00013274322467696188,1.7146120634479126e-05
249,7,1-4,adjust,0.015830098656469883,0.00017955583216581545,6.708975167532196e-05
249,8,1-5,adjust,0.011266884670194497,8.915874277420595e-05,2.6974915477964354e-05
249,9,1-5,adjust,0.009065048805768191,0.00017670459240284194,3.1515322270611644e-05
250,2,1-7,adjust,-0.001522673683654684,7.863374052400937e-05,7.828517677958121e-05
250,3,1-7,adjust,0.0010966002470269803,1.3640498046850221e-05,8.71151134958956e-05
250,4,1-7,adjust,-0.0012593823359029544,-5.296030361471627e-05,1.7917087824957957e-05
250,5,1-7,adjust,-0.00603639369143008,-9.761958024979267e-05,1.5433836496051184e-05
250,6,1-7,adjust,-0.0012575281401676216,-0.00013533116021789557,5.026556372229195e-05
250,9,1-8,adjust,-0.0024145154661203406,-0.0001737096916581326,6.110861128930467e-05
251,2,1-4,adjust,0.0028951561783610797,-0.00013625906065296535,3.914917314962196e-05
251,3,1-5,adjust,-0.0027327011811664565,7.483965072101274e-05,6.130087492065113e-05
251,6,1-5,adjust,-0.0061842790455441015,0.00014020926364152384,2.2038194221884213e-05
251,7,1-5,adjust,-0.0068198049627751,-0.0002832369367492299,0.00010305678896715383
251,8,1-5,adjust,-0.004073368160322016,-4.408896923753236e-05,1.6360179911796303e-05
251,9,1-5,adjust,-2.6506297095416973e-05,-1.481503529744755e-06,1.4947398333981576e-05
252,2,1-7,adjust,0.00882967544451975,-0.00022230323998329648,0.0001211973497912104
252,3,1-7,adjust,0.017949296550426333,-0.00013844496784098885,3.392284301439328e-05
252,4,1-7,adjust,0.015181088717943488,1.763092605616726e-05,4.713272228953272e-05
252,5,1-7,adjust,0.019474070343678762,-5.903359532095711e-06,5.153519147897316e-05
252,6,1-7,adjust,0.008221954558582443,-7.670655870878119e-05,1.5905360472711723e-05
252,9,1-8,adjust,-0.0019078484565435247,-7.095555403535559e-05,0.0001581586118803834
253,2,1-4,adjust,-0.00424885535178455,0.00016174783939617213,2.5377266214579336e-05
253,3,1-4,adjust,-0.006483809093287069,-8.189815509491981e-05,4.778339911696764e-05
253,6,1-5,adjust,0.009608754752214376,2.5697207396522334e-05,2.4678313707715136e-05
253,7,1-4,adjust,0.008763768187290065,0.00017982078266737405,9.303661700739768e-05
253,8,1-5,adjust,0.0011196948923594436,6.819668457430693e-05,3.167179823466477e-05
253,9,1-5,adjust,-0.0013695016622582627,0.00013073209261836905,6.488482510035444e-06
254,2,1-7,adjust,-0.00455887803408724,0.00013102627196033423,3.1900294230139835e-05
254,3,1-7,adjust,-0.008420470038719685,0.000155783569722286,3.8694792804308076e-05
254,4,1-7,adjust,-0.004580939749669431,-3.1208046195319546e-05,0.00010026000887870328
254,5,1-7,adjust,-0.006198764889295254,5.1125339844083196e-05,3.2037224604224425e-05
254,6,1-7,adjust,-0.008277103715735269,-3.793584471713111e-05,3.9729246621186586e-05
254,9,1-8,adjust,0.0025539225749457587,-3.948189747594256e-05,6.987124753374397e-05
255,2,1-4,adjust,0.004342409993721813,-8.502262859278958e-05,7.362496279805485e-05
255,3,1-4,adjust,0.0072265339780627665,-0.00011825464558884488,0.00013367454808790736
255,6,1-5,adjust,0.005157373598573101,0.00011101674945433345,6.454488777471813e-05
255,7,1-5,adjust,0.0008768587149869983,4.746545378774201e-05,0.00013255816101681914
255,8,1-5,adjust,-0.0030910417405509505,-5.983944943644982e-05,6.757854660416289e-05
255,9,1-5,adjust,0.00021849682339300736,3.307259008109451e-05,4.272697108139602e-05
256,2,1-7,adjust,-0.006971337750948822,0.00018627600255658242,0.00014071098217538844
256,3,1-7,adjust,-0.003995843388424759,6.82901267162129e-05,2.661981256965813e-05
256,4,1-7,adjust,-0.010744814898532622,-2.1492651814835508e-05,6.917570911207337e-06
256,5,1-7,adjust,-0.007742012574723794,-6.492357778642754e-05,2.8304873419463962e-06
256,6,1-7,adjust,-0.002231548630898295,-2.0051768788931067e-05,3.73921603805498e-05
256,9,1-8,adjust,-0.0030929168254577545,-0.0001444271304514137,0.0002223869217370505
257,2,1-4,adjust,0.003138661942944709,-0.00021452240161872187,2.4308113626425003e-05
257,3,1-5,adjust,-0.0035626807911665163,-4.662979943157128e-06,5.8630087809308055e-05
257,6,1-5,adjust,-0.008004777518743372,-7.811414177965203e-05,4.43914447107092e-05
257,7,1-5,adjust,-0.00777154944174611,-6.453330931925486e-06,7.174754531319682e-05
257,8,1-5,adjust,-0.0010058416887381398,-2.3278550643860674e-05,3.1976768690865513e-06
257,9,1-5,adjust,-0.00042777077794554604,3.508999915900742e-05,4.69262056982236e-06
258,2,1-7,adjust,0.0009410431459754893,5.5228810862752736e-05,9.417862205564719e-05
258,3,1-7,adjust,-0.005397549636985606,5.778737283887815e-05,6.87193054667165e-05
258,4,1-7,adjust,0.0008555815733972974,5.730140766618042e-05,5.588007588724687e-05
258,5,1-7,adjust,-0.0012465653843143649,3.877135099524914e-06,4.86026736694968e-05
258,6,1-7,adjust,-0.0016133600517271262,-2.7448531184670213e-05,7.107612503660156e-06
258,9,1-8,adjust,0.0015732756767564196,2.645077073497479e-05,6.349650481402476e-05
259,2,1-4,adjust,-9.300935510631469e-05,5.897658474696479e-06,6.692886789185641e-06
259,3,1-5,adjust,0.005477802232445789,-2.239818484668056e-05,3.5265124114152375e-05
259,6,1-5,adjust,0.0031299097873583293,-3.6673334158084124e-05,3.2093959604143e-05
259,7,1-4,adjust,0.006567865417400595,-0.00010246131794747135,7.522111951954582e-05
259,8,1-5,adjust,-0.0008824450199918795,2.2393746418871414e-05,6.239249917028255e-05
259,9,1-5,adjust,0.0018907575004315153,9.21506166699611e-05,4.080849497282302e-06
260,2,1-7,adjust,0.001757997253129841,-3.2168434119658266e-05,2.4451395236024735e-05
260,3,1-7,adjust,0.0008641421334503616,-2.3903628161136386e-05,4.2083258202099496e-05
260,4,1-7,adjust,0.009199272008691839,-0.00010244364696406298,5.1656985989936387e-05
260,5,1-7,adjust,0.013355050920710178,-2.665462662477726e-05,2.44605022453928e-06
260,6,1-7,adjust,0.010436490847227987,0.00015954286617915817,4.357495992123172e-06
260,9,1-8,adjust,-0.002511527153470785,-0.00017912975758540648,0.00011009874360767118
261,2,1-4,adjust,0.0030105881713991,-3.2029347344673316e-05,3.5670638285436775e-05
261,3,1-5,adjust,0.008083065211603114,-2.9500867383504843e-05,7.056302362847294e-06
261,6,1-5,adjust,0.000906713785988173,-0.00013909775436368846,5.7798890037564874e-05
261,7,1-5,adjust,-0.0016150581548648568,1.7999591667758324e-05,9.692817432576794e-05
261,8,1-5,adjust,0.0048650844811961745,0.00011065573477819732,0.0001831452225896933
261,9,1-5,adjust,-0.0014315942605253327,0.00010478121228451067,0.00010962546666582143
262,2,1-7,adjust,-0.0004993289066890362,-4.728938477931043e-05,0.00017063810265791106
262,3,1-7,adjust,-0.01601641335043735,2.696987983336801e-05,7.387332168144373e-05
262,4,1-7,adjust,-0.01166191493478345,6.5740170952963e-05,0.00010781467286078481
262,5,1-7,adjust,-0.002953972389004147,1.6351987964525568e-05,9.327982850822574e-05
262,6,1-7,adjust,-0.0072821391723451,2.9498099636568416e-05,0.00011665744620552826
262,9,1-8,adjust,0.006157211979670965,2.995655534027121e-05,0.00010330038402461918
263,2,1-4,adjust,-0.005437666144404752,0.00014418169150079042,8.629317628096927e-05
263,3,1-4,adjust,0.003464715351566731,-1.4100901976259423e-05,0.0001412082859633142
263,6,1-5,adjust,0.0009907358170728419,8.087904959526604e-05,0.00014024851468455893
263,7,1-5,adjust,0.0010114072820509115,0.00011800840820128968,6.982838605160187e-05
263,8,1-5,adjust,0.0014448997945380904,-6.336490986312206e-05,0.00010305680843700682
263,9,1-5,adjust,-0.0022997650715838995,6.13148169593079e-05,4.7880188651997475e-05
264,2,1-7,adjust,-0.002700570920309024,-9.563350228992497e-06,6.80241818357892e-06
264,3,1-7,adjust,-0.005686697409381679,7.162405242007558e-05,6.172806354732641e-05
264,4,1-7,adjust,-0.0025043210686410276,0.00011044382070239222,8.275770250261717e-05
264,5,1-7,adjust,-0.01041543270689139,8.697926081083676e-05,3.853097386974517e-05
264,6,1-7,adjust,-0.003878551045273026,-0.00010101414762318189,4.8901422906176534e-05
264,9,1-8,adjust,0.0021658743903289683,-7.252679297843921e-05,8.043226566997664e-05
265,2,1-4,adjust,-0.0007385299546161682,0.00010644818242103254,9.493187753835057e-05
265,3,1-4,adjust,0.0041181991969444515,2.625988696546171e-05,8.316411970164999e-05
265,6,1-5,adjust,-0.002001441117647837,-1.3900597941148903e-05,6.0425896022392376e-05
265,7,1-4,adjust,0.0032006485674125167,-7.878631732553189e-05,9.890266045917078e-05
265,8,1-5,adjust,-0.0005470123383613043,-2.3160772463049433e-05,0.00010977473194423054
265,9,1-5,adjust,-0.0013918784633578667,5.381613420055623e-05,7.135351690427774e-05
266,2,1-7,adjust,0.005770299929187113,-0.00017118668335903468,8.088241362423855e-05
266,3,1-7,adjust,0.01206520780808368,-9.0075660270582e-05,1.8494183860693617e-05
266,4,1-7,adjust,0.010135292830241843,-8.178082567352758e-06,6.630622922189462e-06
266,5,1-7,adjust,0.013361687137601731,-5.55114961233589e-05,1.830989921366006e-05
266,6,1-7,adjust,0.008880997012949934,5.5253054476204676e-05,4.400660478912234e-05
266,9,1-8,adjust,0.00014025177369774634,-6.921723548802253e-05,2.8983832635119497e-06
267,2,1-4,adjust,-0.004214338831062681,0.00015115661262988866,0.00010692396789257587
267,3,1-4,adjust,-0.005350852332269685,6.901200000479582e-05,0.00013269882468466626
267,6,1-5,adjust,0.003638141603851685,-4.125455676088782e-05,2.7206543297853094e-05
267,7,1-4,adjust,-0.0002648445508937718,5.620425357837932e-05,4.373628722674656e-06
267,8,1-5,adjust,0.0015551845205804761,1.446404235164564e-05,2.6636308473362292e-05
267,9,1-5,adjust,-0.00023996048243555404,9.412281459126814e-05,5.2914127302016735e-05
268,2,1-7,adjust,-0.002313029614703946,-5.565874121985007e-05,3.471127318521207e-05
268,3,1-7,adjust,-0.005345278013608008,-1.5792928719725937e-05,9.029490790762282e-06
268,4,1-7,adjust,-0.0018448251931513207,-0.00013759195218119715,2.2534934187856017e-05
268,5,1-7,adjust,-0.015700724922354838,-4.456931325213645e-05,3.4953852372642194e-06
268,6,1-7,adjust,-0.008535528367341191,-5.8781946695297836e-05,2.1268674009067143e-05
268,9,1-8,adjust,-0.00013270936117822972,-1.1653036133935838e-05,5.3381190973504645e-05
269,2,1-4,adjust,0.005052779613149636,-3.6245152295201565e-05,3.144480078317911e-06
269,3,1-4,adjust,0.008064321780939252,-2.280916295738697e-05,8.723632169205841e-05
269,6,1-5,adjust,-0.009582910839134888,9.52670099993178e-05,2.9088841721180603e-05
269,7,1-4,adjust,-0.017845553092760102,-0.00013478931605515504,4.612071781754039e-05
269,8,1-5,adjust,-0.008474637088253061,-0.00011945482061394625,1.2843720871262977e-05
269,9,1-5,adjust,-0.0008897684717039345,-0.00010938045165171791,5.43453422548633e-05
270,2,1-7,adjust,0.003099938086663952,-0.0001550208420696183,3.738815129852346e-05
270,3,1-7,adjust,-0.001912842559418111,-9.817111602975357e-05,4.994548469006676e-05
270,4,1-7,adjust,-0.009285859011478489,9.859760181232928e-05,9.90346379842822e-05
270,5,1-7,adjust,-0.001630952956382984,4.443243265590403e-05,0.00010934797557248543
270,6,1-7,adjust,-0.0027854698108320075,1.5657568573241548e-05,0.00010714443085972103
270,9,1-8,adjust,-0.0035428396551455627,-0.00011848665141566063,9.697029248937577e-05
271,2,1-4,adjust,-0.007070297272768575,0.00022999569215655287,2.1712424551326327e-05
271,3,1-5,adjust,-0.010038374770340378,0.00020250332226405597,3.6846359461078036e-05
271,6,1-5,adjust,0.002400213085274883,-3.4749683232753125e-05,4.9360880673367614e-05
271,7,1-4,adjust,0.012695219915477328,2.967683248337987e-05,8.120428741931412e-05
271,8,1-5,adjust,0.00023596020655981137,7.24718952416618e-05,4.6573464152633615e-05
271,9,1-5,adjust,0.0033510993718169,0.00016658463604293214,2.277422152350415e-05
272,2,1-7,adjust,0.005766775154658665,-8.700708855933222e-05,3.445954678323823e-05
272,3,1-7,adjust,0.008953406276143957,-0.00013074790746845806,4.610384809753377e-06
272,4,1-7,adjust,0.017425783208004142,-3.0583636688758466e-05,1.0291711067480735e-07
272,5,1-7,adjust,0.015705098926050345,-3.627740984555718e-05,5.430259911218143e-05
272,6,1-7,adjust,0.011133203614350657,1.2806905776737534e-05,5.317682024575871e-05
272,9,1-8,adjust,-0.0023715660050514457,-4.129101813409575e-05,5.865760342264748e-05
273,2,1-4,adjust,0.0018161424967258607,-8.165994130800654e-05,1.600450246712454e-05
273,3,1-5,adjust,0.004623613913747549,-9.571388690981364e-05,2.0166254641922945e-05
273,6,1-5,adjust,0.004625552156926423,-7.384262263490978e-05,2.880949605830674e-05
273,7,1-4,adjust,0.0002329140783331642,1.608852753434224e-05,4.8704808209017276e-05
273,8,1-5,adjust,0.005372658028175486,5.528748068686691e-05,7.645481321819118e-06
273,9,1-5,adjust,0.001248258594638629,-3.986887047915224e-06,6.239095020829472e-06
274,2,1-7,adjust,-0.004660138224147183,5.4738370748575486e-05,2.0498670120816916e-05
274,3,1-7,adjust,0.00028466644244230836,3.668268508157338e-05,5.8636036377766724e-05
274,4,1-7,adjust,-0.0063931389325332065,-2.5238211347502465e-05,1.7148225118497325e-05
274,5,1-7,adjust,-0.007129252430886237,4.350453499684177e-07,7.879178619443482e-05
274,6,1-7,adjust,-0.0030463932792029265,0.0001594148978269955,7.020257667871183e-05
274,9,1-8,adjust,0.0026622199021505036,9.422317257660296e-05,7.083935411517973e-06
275,2,1-4,adjust,0.002063277104285172,-5.986413557807468e-05,3.1194390950844896e-06
275,3,1-5,adjust,-0.0022935086235487435,6.288234642512969e-06,5.067386926457738e-05
275,6,1-5,adjust,-0.000658776792770465,-0.00019487949699751564,1.8202425048944768e-05
275,7,1-4,adjust,-0.003632075081916763,1.815323941094764e-05,1.9905286282572203e-05
275,8,1-5,adjust,-0.0038420292593327747,-7.214820965901358e-05,1.670131972449052e-05
275,9,1-5,adjust,-0.002516967731615698,-3.167130028435059e-05,2.901136673937967e-05
276,2,1-7,adjust,0.00534065739549308,3.1502359636862755e-05,2.3204059529150994e-05
276,3,1-7,adjust,-0.002862623483666548,2.709221819451729e-05,7.293349561962165e-05
276,4,1-7,adjust,0.0022281440519442003,7.600150882724028e-05,0.00011466883198028964
276,5,1-7,adjust,-0.00018116750340263575,1.152223016399879e-06,9.837522930668265e-07
276,6,1-7,adjust,-0.008549823391093928,5.695664371484736e-05,6.107520592210555e-05
276,9,1-8,adjust,-0.0014522993569446039,-7.732371014369442e-05,2.9344170019883096e-05
277,2,1-4,adjust,-0.004576126371316147,1.941887326136956e-05,1.9733724486335807e-06
277,3,1-5,adjust,0.003518489186390102,5.442396047733961e-05,5.7639728538579116e-05
277,6,1-5,adjust,0.00477835442165832,0.00013634845712797556,5.13198536352464e-05
277,7,1-5,adjust,-0.002947714393138179,-7.551454391472136e-05,6.918902793299482e-05
277,8,1-5,adjust,0.003256187661047807,4.509353830758645e-06,0.00012883397165067026
277,9,1-5,adjust,-0.0017927070022545303,-1.4930093316781707e-05,7.140447900339479e-05
278,2,1-7,adjust,0.006731678124985774,-0.00011964044013750403,6.357182373192297e-05
278,3,1-7,adjust,0.004180823279701495,-0.00013917077069270633,1.653438583837375e-05
278,4,1-7,adjust,0.0027616291489972445,-4.9527662462059454e-05,1.8143570476785737e-05
278,5,1-7,adjust,0.0025801041492636706,4.517760993295872e-05,1.24099825149189e-05
278,6,1-7,adjust,-0.0029886141614129517,-4.3601832840886755e-05,9.638162303869348e-05
278,9,1-8,adjust,0.00313901884812271,7.362750589875566e-05,9.242554603735345e-05
279,2,1-4,adjust,-0.004707657859500734,8.94815442126144e-05,9.690624494986396e-05
279,3,1-4,adjust,-0.0034629434362114897,8.82177460115905e-05,4.514841191560407e-05
279,6,1-5,adjust,0.006833448725581605,-4.948969791808864e-05,2.065614630969687e-05
279,7,1-4,adjust,0.00611904152650113,0.0001039526390966378,7.515480933563595e-05
279,8,1-5,adjust,-0.0014439399108692474,6.392619294475528e-05,1.6144404697369563e-05
279,9,1-5,adjust,0.003574929342548144,7.635751274050724e-05,6.186123170763573e-05
280,2,1-7,adjust,-0.0009648331964098377,-3.890493599873877e-05,0.00012205816696208346
280,3,1-7,adjust,-0.008069588717151289,8.934030330360795e-05,2.4784546173519272e-05
280,4,1-7,adjust,-0.013728745416215011,1.2146498128172676e-05,1.3188033391166517e-05
280,5,1-7,adjust,0.0005350528010366497,-9.031768713088478e-05,8.894091804703124e-05
280,6,1-7,adjust,-0.0052081404020390435,3.7297258277605566e-05,3.6313441646072404e-05
280,9,1-8,adjust,-0.003481598619166644,-5.527919662517726e-05,5.238258145404886e-05
281,2,1-4,adjust,-0.00624550572084496,0.0001658587460841621,0.00017133069960708098
281,3,1-4,adjust,-0.002463182897044444,-5.551546626479537e-05,0.00025223538024053124
281,6,1-5,adjust,0.0037594915074252826,-4.526276336507438e-05,2.4994927788073034e-05
281,7,1-5,adjust,-0.0014860810894462412,-0.00011998680369337822,7.631590993781667e-05
281,8,1-5,adjust,-0.0061672338171899505,-7.011961436748627e-05,3.37525199174065e-05
281,9,1-5,adjust,-0.002046081542083801,-0.0001612188687376685,0.0001301291809075291
282,2,1-7,adjust,0.0050176839463392355,-0.00014122969755135043,1.5107048396924171e-06
282,3,1-7,adjust,0.008489394229822086,-0.00011934704296203861,2.495300628826284e-05
282,4,1-7,adjust,0.020440344436665727,-8.500673593348424e-05,8.109364704469582e-05
282,5,1-7,adjust,0.00440391664410794,2.1432642728872715e-05,8.714296401453175e-05
282,6,1-7,adjust,-0.00014407898065670605,2.2206179969647546e-05,1.069268752237394e-05
282,9,1-8,adjust,-0.002731801155963094,5.365211123906969e-05,3.221677174220053e-05
283,2,1-4,adjust,0.005047980932375422,-6.502487784745578e-05,2.2040999286046145e-05
283,3,1-4,adjust,0.0071532096901306495,-0.0001255687654259305,0.00013001072993699196
283,6,1-5,adjust,0.002003186491776299,-8.534446314857284e-07,3.624415080307953e-05
283,7,1-4,adjust,0.001028054646015127,0.00014480268739749968,0.00010011929053000199
283,8,1-5,adjust,0.00432101162247093,-6.084174702485424e-05,9.844175593004229e-06
283,9,1-5,adjust,0.0040694210199643845,2.5469467420717895e-06,1.9002890915645082e-05
284,2,1-7,adjust,-0.011295610393043552,0.00020943585217624215,0.0002009870265540935
284,3,1-7,adjust,-0.013630205996861761,0.0002466661630248557,0.00012194934634386282
284,4,1-7,adjust,-0.027549061570523673,0.00010042881183556407,9.002503332604644e-05
284,5,1-7,adjust,-0.00889752697468305,6.178826241289688e-05,2.363144508629077e-05
284,6,1-7,adjust,-0.004656925557449126,-2.2723783593519457e-05,0.00012733444983946857
284,9,1-8,adjust,-0.0011625497615068508,-2.5898621581259704e-05,0.00018042551894063
285,2,1-4,adjust,9.062821518930877e-05,8.994907122422171e-05,7.720387708971166e-05
285,3,1-4,adjust,-0.008428484535828801,2.2968529648573478e-05,0.0001465236294381263
285,6,1-5,adjust,0.0002587897796725867,8.277034124421807e-06,7.992993362903156e-05
285,7,1-4,adjust,-0.009517938906696033,-7.397636876808097e-05,5.5393375733609885e-05
285,8,1-5,adjust,0.004477820596304478,0.00012676751741527375,2.8529396963220583e-05
285,9,1-5,adjust,0.00034407058828939553,0.00014988865632647975,6.341995944965866e-05
286,2,1-7,adjust,0.0023187981357187222,-0.00020941977533647145,6.558810128462645e-05
286,3,1-7,adjust,0.008987293822284088,6.87810630647098e-05,1.1536642060207187e-05
286,4,1-7,adjust,0.010577714957897983,-4.581139472578732e-05,3.84420474271149e-05
286,5,1-7,adjust,-0.005792623183083722,-1.6882780093165668e-05,3.308082763544772e-05
286,6,1-7,adjust,-0.005884659352223279,5.711006092669331e-05,0.0001396762475773216
286,9,1-8,adjust,0.003736805419074501,-5.138800043102112e-05,0.00013445209365646523
287,2,1-4,adjust,0.002754510821199261,-8.341783840860505e-06,6.081546297845061e-05
287,3,1-5,adjust,0.002184624281286933,-5.9467330688924145e-05,3.7074742036207685e-05
287,6,1-5,adjust,0.001630274643876203,-1.2884069549615362e-05,3.8022026872285046e-05
287,7,1-4,adjust,0.011759028480885073,3.2910968304758814e-07,6.0669486469041887e-05
287,8,1-5,adjust,-0.0024418681662634507,-8.545124198735174e-05,2.5997916998516104e-05
287,9,1-5,adjust,-0.0032076153986967506,8.281669375239057e-06,1.1552723317790863e-05
288,2,1-7,adjust,0.0016638681807670359,7.644942465899548e-05,2.296854526442161e-05
288,3,1-7,adjust,0.008939284096276366,-0.00018873814268160384,2.7409387959366424e-06
288,4,1-7,adjust,0.009842296964434878,-7.090114598349561e-05,1.1987015199937748e-05
288,5,1-7,adjust,0.011627376197160448,1.726664914112421e-05,1.639556869597503e-05
288,6,1-7,adjust,0.01042267347973761,3.369203213382935e-05,8.102920004082189e-05
288,9,1-8,adjust,0.0014123661533130864,-4.87324456366962e-05,1.3093403893793727e-06
289,2,1-4,adjust,0.001230055588982777,-8.170329500328446e-05,5.340431453256881e-05
289,3,1-4,adjust,-0.00253897822236465,0.00010343995709219467,7.930752495540647e-05
289,6,1-5,adjust,0.0009191261174130978,-2.9199905516953517e-05,0.00010434843221452708
289,7,1-4,adjust,-0.00515500760855235,3.3345868631339927e-06,6.47439037365982e-05
289,8,1-5,adjust,0.0029640340047021553,0.00011141056126561963,6.719600124813866e-05
289,9,1-5,adjust,-0.0030357054214183066,3.783370936212107e-05,7.092929464166928e-05
290,2,1-7,adjust,-0.004973429380855102,0.0001393535729086749,1.1519346377284427e-05
290,3,1-7,adjust,-0.006062404639794751,-2.076458384458711e-05,0.00011578502652605231
290,4,1-7,adjust,-0.0020307883982355617,-6.659231641774701e-05,2.5446595743415042e-05
290,5,1-7,adjust,-0.012752180545653911,-3.002091222097397e-05,2.005298362520077e-05
290,6,1-7,adjust,-0.0051135158303326055,4.621427832689657e-06,1.9706134720670757e-05
290,9,1-8,adjust,0.006189919541417777,5.189072449403761e-07,0.00013333532318555736
291,2,1-4,adjust,0.007869486451809956,-0.0002494517045128668,0.0002017757628529442
291,3,1-4,adjust,0.006925117041564019,-5.714011520086294e-05,0.00014078263610206902
291,6,1-5,adjust,-0.01134098456107564,-2.0611965341004683e-05,3.7567474634410283e-06
291,7,1-4,adjust,-0.0036246247045080126,-1.4625246595772334e-05,1.3829656425527095e-05
291,8,1-5,adjust,-0.005881015236041067,-0.00017200254333500097,4.9149013567142005e-05
291,9,1-5,adjust,-0.004423260202202138,-4.020756679343242e-05,7.734728895174982e-05
292,2,1-7,adjust,-0.0035685576882150656,9.294072785532247e-05,0.00010372629040524079
292,3,1-7,adjust,0.002028117648828933,8.842011418978995e-05,0.00011237216207575471
292,4,1-7,adjust,-0.002509251314832719,0.0001507121780329564,8.815362579476642e-05
292,5,1-7,adjust,0.0035333974788614507,2.6322672479888557e-05,0.00015232641903987178
292,6,1-7,adjust,0.003269078469707815,-4.887194271155376e-05,7.28111257025048e-05
292,9,1-8,adjust,-0.0024574318560795887,-0.00010148334032443431,4.116865962996317e-05
293,2,1-4,adjust,-0.002069604051557844,9.347859343145635e-05,5.852281630050238e-05
293,3,1-5,adjust,-0.007174927187694991,7.933192629606542e-05,1.9134791052613486e-05
293,6,1-5,adjust,0.0005090823128611144,5.986929606406905e-05,5.202185640574452e-05
293,7,1-4,adjust,0.010554828510685083,0.00010039211404103285,7.914290626260128e-05
293,8,1-5,adjust,-0.002810350566741286,6.971210153470766e-05,7.394809221123071e-05
293,9,1-5,adjust,0.0021601172841401585,8.652229572929111e-05,2.2722957609111802e-05
294,2,1-7,adjust,-0.0012515220312641355,3.7568369201902235e-05,2.1507602455394646e-05
294,3,1-7,adjust,-0.01051173960000361,-9.027633978342903e-05,4.504936713870114e-05
294,4,1-7,adjust,0.00031039234857235424,2.109133878808409e-05,3.6211322577139285e-05
294,5,1-7,adjust,0.004431604158029299,-6.469928715571366e-05,1.542787918832002e-05
294,6,1-7,adjust,0.010116366753326968,5.868617236583375e-06,6.761027126763319e-05
294,9,1-8,adjust,-0.0011165610135403555,-8.514802525433702e-05,0.00023259135899859518
295,2,1-4,adjust,-0.00020440285793887404,-3.98933378901574e-05,5.5829634717359465e-05
295,3,1-5,adjust,0.009056082308143174,3.909677789935498e-05,7.244542452257198e-06
295,6,1-5,adjust,-0.004770208225335012,-8.513062979015081e-05,5.3212365973146026e-05
295,7,1-5,adjust,-0.00967989887127899,-0.00013743590806025504,0.0001259751207809004
295,8,1-5,adjust,0.0016816814087031403,-1.2431011919573586e-05,9.19412457275441e-05
295,9,1-5,adjust,7.997651127134939e-05,5.5510311393805044e-05,0.00015340290969214468
296,2,1-7,adjust,0.00428823491687502,-0.00015084074796373567,1.8643750843294878e-05
296,3,1-7,adjust,0.011040750385097725,-0.00011646374609947612,4.819314540549014e-05
296,4,1-7,adjust,0.006950359484092649,-2.697452070848866e-05,1.8177802583605026e-05
296,5,1-7,adjust,-0.002424206006264303,-3.2394735480302503e-05,2.4786640388772507e-05
296,6,1-7,adjust,-0.0045776173472245225,4.939800337441081e-05,9.901427048187466e-06
296,9,1-8,adjust,-0.0015000738909764259,3.7110879053261296e-05,4.805881045917512e-05
297,2,1-4,adjust,-0.0007398176862602546,1.6585157968579913e-05,7.04275938783824e-05
297,3,1-4,adjust,-0.004769123676675564,9.450074456649344e-05,0.00012548777368942977
297,6,1-5,adjust,-0.00027614908148347606,-1.2759585643873997e-05,0.0001415200604407278
297,7,1-5,adjust,0.0010124153439404827,-1.856095423111753e-05,0.0001559710572723485
297,8,1-5,adjust,0.0004608750184092225,-4.1524625903201925e-06,0.00010297589754632477
297,9,1-5,adjust,0.0018705041087414098,4.418925222484613e-06,5.803368084932663e-05
298,2,1-7,adjust,-0.0004441057721596203,1.0297241337651687e-05,4.749622454072144e-05
298,3,1-7,adjust,0.0013087234109235692,-8.511166137554251e-05,3.1961776007171046e-05
298,4,1-7,adjust,0.00038420809027301853,-4.92376074909061e-05,5.018051267924502e-05
298,5,1-7,adjust,0.0007279912925988622,-6.855349204573467e-05,4.721978026788968e-05
298,6,1-7,adjust,0.003058400836336387,-5.365511400596534e-06,0.00010381584300358994
298,9,1-8,adjust,-0.0006739623765961348,-1.6802091852147202e-05,1.1182486450336712e-05
299,2,1-4,adjust,0.002196403193646809,4.62062102893901e-06,2.5549175211599968e-05
299,3,1-5,adjust,-0.0009792796439181141,-4.4113345216036295e-05,5.4623142898223455e-05
299,6,1-5,adjust,-0.006143460611455781,7.238056786476644e-06,0.00016099553457720665
299,7,1-5,adjust,-0.007043500183911289,-1.6536188839620737e-06,0.00011348983436728721
299,8,1-5,adjust,-0.00545950974721922,-8.979805638268915e-05,0.00011952351345536347
299,9,1-5,adjust,-0.0006134321163210828,-9.636828278034146e-05,0.00010641424075807964
300,2,1-7,adjust,0.00039390499532665133,-4.2777371099371854e-05,3.751277094792082e-05
300,3,1-7,adjust,0.0006475312531908141,9.931273024000756e-05,0.00011398607447168808
300,4,1-7,adjust,-0.016754837830188007,4.726502897406653e-05,0.00010889840584150144
300,5,1-7,adjust,-0.010795119992628026,1.79843092680565e-05,5.6312106735877554e-05
300,6,1-7,adjust,-0.005747961578428074,-0.00010102260994471058,0.00017960994744885175
300,9,1-8,adjust,-0.005239536397810652,1.2233479702407626e-05,0.00016592839205091398
301,2,1-4,adjust,-0.007560075513848255,0.000161904267833497,0.00011471704946320823
301,3,1-4,adjust,-0.012315907357749227,0.0001239550806391054,0.00017078902772113143
301,6,1-5,adjust,-0.004314150519822077,0.00012850216528009336,7.913274216404413e-05
301,7,1-5,adjust,-0.005598885174485187,-0.0001113294198168203,0.00012473658414864321
301,8,1-5,adjust,-0.00017499531862463734,-9.699137939033894e-05,0.0002229899643097237
301,9,1-5,adjust,0.0037622340942932812,7.916247227894254e-06,0.00014895435133198767
302,2,1-7,adjust,0.011648779270744335,-0.0003681347796417494,1.4130880456662048e-06
302,3,1-7,adjust,0.017693466239099332,-0.00027563868454379793,0.00011546917779795179
302,4,1-7,adjust,0.023252653190574464,-9.138042593440582e-05,0.00014241322547224784
302,5,1-7,adjust,0.00890795887531191,6.552488693046973e-05,0.00012102912077602324
302,6,1-7,adjust,0.009045967419806995,1.976517945607604e-05,0.0001670461167241103
302,9,1-8,adjust,-0.004832190072522718,-6.0529873867295836e-05,3.634156247349016e-05
303,2,1-4,adjust,-0.002358916316563453,0.00021542893601157504,0.0001221959937466974
303,3,1-4,adjust,7.394266215428643e-05,4.320731244847037e-05,0.0002391691992325951
303,6,1-5,adjust,0.0016852400073951283,1.2646215248040087e-05,0.00015140176873764712
303,7,1-4,adjust,0.017840205306692426,0.00018523078224840905,9.724736909621323e-05
303,8,1-5,adjust,0.0016545056830380629,0.00010480756857717298,2.1026332975357703e-05
303,9,1-5,adjust,0.007845855437645537,0.00021652879630841226,1.93552717920362e-05
304,2,1-7,adjust,-0.006408836665553487,0.00011542810678902476,0.00017506137427483507
304,3,1-7,adjust,-0.014531735312676371,0.00017282356054423913,0.00012979425062410485
304,4,1-7,adjust,-0.01503616237572378,6.769810259199778e-05,9.858210749881799e-05
304,5,1-7,adjust,0.0016400177419829119,-3.4969982927719676e-05,8.827283857934164e-05
304,6,1-7,adjust,0.0045197501791207914,-0.00013587700405600872,3.895190581485548e-05
304,9,1-8,adjust,-0.004687027848507959,-0.00020007036710126936,0.00018355515163402558
305,2,1-4,adjust,-0.0012353414160879825,0.00010589588346303511,0.00012262868702387608
305,3,1-4,adjust,0.002258452288445781,-9.213597596585175e-05,6.872565881745854e-05
305,6,1-5,adjust,-0.0017621225903414123,1.214538191610757e-06,6.694242206677704e-06
305,7,1-5,adjust,-0.006640978149250931,-4.767994525564729e-05,0.00010029233885126231
305,8,1-5,adjust,0.0015952781824286973,6.390526094479011e-05,5.322586569721486e-05
305,9,1-5,adjust,0.003303359487129531,0.0001160696787943874,4.013175301599253e-06
306,2,1-7,adjust,0.0074589182448952475,-0.0002637001429633764,4.429142276796216e-05
306,3,1-7,adjust,0.004205723738552878,9.363655836707466e-05,1.1634630846814068e-05
306,4,1-7,adjust,0.007088741209035206,-1.1170508579237738e-05,7.008495679979594e-06
306,5,1-7,adjust,-0.0012615073746768965,7.449632441242267e-05,7.773264289041286e-05
306,6,1-7,adjust,0.0019725763747929074,4.849320098777047e-05,5.402291624876259e-05
306,9,1-8,adjust,-0.004139558473424756,-3.1944250448334697e-05,4.6804460193147174e-05
307,2,1-4,adjust,-0.0030100390404806526,5.1258562232341795e-05,8.670456110990806e-05
307,3,1-4,adjust,0.0039360367517465664,-6.941613088801649e-05,0.00012426643908307905
307,6,1-5,adjust,-0.002308208595422277,8.007126382617545e-05,0.00019543278984333014
307,7,1-4,adjust,0.013083594782887351,3.207203949344767e-05,8.218548607684018e-05
307,8,1-5,adjust,0.0027247562331133286,9.0099344948011e-06,1.6907030234663754e-05
307,9,1-5,adjust,0.004643743291193583,3.794699911630681e-05,1.89395174082067e-05
308,2,1-7,adjust,-0.0018576296343170665,8.839475097612067e-05,2.7100669398359932e-05
308,3,1-7,adjust,-0.006419528068840491,6.520201183125964e-05,0.00011109810198002798
308,4,1-7,adjust,0.0004739896319228633,-2.331914698559315e-05,3.7492159526253704e-05
308,5,1-7,adjust,0.012533711677150311,-7.913661779110776e-06,3.3185627070437838e-06
308,6,1-7,adjust,0.0117292849322937,-6.355541711688905e-05,2.6098864327362818e-05
308,9,1-8,adjust,-0.00047536659235955633,-6.399173847581306e-05,0.00018895003099497008
309,2,1-4,adjust,0.0009236673701570956,-9.099760841953238e-05,2.775774371405907e-05
309,3,1-5,adjust,0.008723208300690167,-8.838717491483865e-05,3.517420909007366e-05
309,6,1-5,adjust,7.697937212351577e-05,5.600873233755263e-05,3.062759531943112e-05
309,7,1-4,adjust,-0.009008427650082819,0.00010025227590544175,2.377113109699284e-06
309,8,1-5,adjust,0.005147327548851625,9.748521169276665e-05,7.434575330897548e-05
309,9,1-5,adjust,0.00227185237989526,0.00012028886555863502,2.522684256621904e-05
310,2,1-7,adjust,-0.004435289212851778,0.00018024816478152275,2.3121464328608225e-05
310,3,1-7,adjust,-0.014042219083654084,9.344350431623488e-05,6.3882030063905e-05
310,4,1-7,adjust,-0.016711311837182004,0.00017099934692439394,2.7294833172081782e-05
310,5,1-7,adjust,-0.017344618498015045,6.410197793076594e-05,9.655081658504264e-05
310,6,1-7,adjust,-0.008139436277925988,-6.983508095168822e-06,1.9583605958855727e-05
310,9,1-8,adjust,0.0005323505885671374,6.415345534896975e-05,2.6568985683341887e-05
311,2,1-4,adjust,-0.0022333149141532285,4.869867816357686e-05,6.689248390622231e-05
311,3,1-4,adjust,-0.006043159304517841,2.6022764748819893e-05,5.7913242548340434e-05
311,6,1-5,adjust,-0.005248787312605322,1.819213212746054e-05,9.864995555548665e-05
311,7,1-4,adjust,0.0033831033373385748,-4.100801908219041e-05,8.441392357452657e-05
311,8,1-5,adjust,-0.007162109539805381,-7.005994627147811e-05,0.0001370149204504032
311,9,1-5,adjust,-0.0025851266486933704,-8.595260796788698e-05,0.00010985666144867902
312,2,1-7,adjust,0.002192501566286299,-0.0001530351436678248,8.307913584935508e-05
312,3,1-7,adjust,0.008380183095097504,-8.609763684612099e-05,9.139810826793816e-05
312,4,1-7,adjust,-9.347910458171988e-06,-0.00010275354558254877,3.8315573779812395e-05
312,5,1-7,adjust,0.011138662525821009,-1.7275861356995224e-05,2.1245424839163805e-05
312,6,1-7,adjust,0.009877642120267198,-3.897073714174976e-05,2.4383611871170003e-05
312,9,1-8,adjust,-0.0021771659144648905,-0.00011772562161422255,0.0001807207018339818
313,2,1-4,adjust,0.0004260517256765463,0.00020624109238230503,4.35603511898882e-05
313,3,1-4,adjust,-0.004974407223848092,0.00012603211252997084,0.0001848391838185142
313,6,1-5,adjust,-0.0021028303839729563,-2.7979929207969335e-05,0.00011034800533840253
313,7,1-5,adjust,-0.002871661570907867,1.7352248650906627e-05,8.887201960848336e-05
313,8,1-5,adjust,0.007687683383149918,-3.575019790385695e-06,7.12353733085414e-05
313,9,1-5,adjust,0.00776961172226186,0.00015633680123962868,5.743776921049677e-05
314,2,1-7,adjust,-0.001014268194590349,-0.00011435637225175549,2.106887454337982e-05
314,3,1-7,adjust,0.013238603707801801,-6.047775032276557e-05,5.880377534059187e-05
314,4,1-7,adjust,0.00557878334699461,3.967993538597256e-05,9.34800185105203e-05
314,5,1-7,adjust,-0.004869351638046069,-6.039487938917199e-06,7.39184214461459e-05
314,6,1-7,adjust,-0.0031901911921717,-1.6422141869319623e-05,6.704151706173834e-05
314,9,1-8,adjust,-0.002413683669986109,1.5265533743372454e-05,2.3168993263761234e-05
315,2,1-4,adjust,-0.0009168915759981115,2.1334937685267956e-05,8.776415689192165e-05
315,3,1-4,adjust,-0.011056955708820357,3.793771337186288e-05,8.064597289768815e-05
315,6,1-5,adjust,-0.0014202130182459404,2.9077322837243588e-05,7.982528366926419e-05
315,7,1-5,adjust,-0.0049685359096811686,-5.979547761630051e-05,6.818293418815147e-05
315,8,1-5,adjust,-0.00017322699602345638,6.512914199907704e-05,6.39430402703769e-05
315,9,1-5,adjust,-0.0007962597361592787,-1.7783413765240863e-06,4.633281930362433e-06
316,2,1-7,adjust,0.0039005667688523657,-8.748938314953715e-05,4.5124929879117876e-05
316,3,1-7,adjust,0.002590457735736733,1.8620425285000313e-06,6.951324995286517e-06
316,4,1-7,adjust,0.005905257006144819,-5.673341191905821e-05,5.796125383108881e-06
316,5,1-7,adjust,-0.006070952506251889,-6.726482813549117e-05,1.0997378776058594e-05
316,6,1-7,adjust,0.000519536760389994,-3.85986476152063e-05,3.717417306684728e-05
316,9,1-8,adjust,0.0010107553354704176,-7.488460671837719e-06,6.940253064638146e-05
317,2,1-4,adjust,0.0029553301906309693,-3.996046006880198e-05,0.0001031698649110736
317,3,1-4,adjust,0.005882349134095209,-8.858360795922433e-05,9.18596407715717e-05
317,6,1-5,adjust,-0.007961802741121078,1.544365156030917e-06,0.0002081125731427351
317,7,1-5,adjust,-0.0018000107466224163,-0.00015016752205360498,0.00016803745088737288
317,8,1-5,adjust,-0.010023455435165357,-9.449511794256612e-05,0.00011922862937850681
317,9,1-5,adjust,-0.001329219881283732,-7.556801803818114e-05,3.5086535981705e-06
318,2,1-7,adjust,0.004307641642184806,-0.00013559798501064715,7.407265429250953e-06
318,3,1-7,adjust,0.0030946797660343192,1.173577628510911e-06,4.3287294127997193e-05
318,4,1-7,adjust,0.002095655872613216,-1.0881037055218468e-05,3.00681571975993e-06
318,5,1-7,adjust,0.02031490175817133,6.801123245987951e-06,5.1990810495461403e-05
318,6,1-7,adjust,0.010236934394896742,9.141816636888385e-05,5.877500134670408e-05
318,9,1-8,adjust,-0.004808824571959553,-9.215619225027178e-05,7.926480533179216e-05
319,2,1-4,adjust,-0.005661853847063229,0.00016696628292070103,6.314299155466429e-06
319,3,1-4,adjust,-0.005781489077925239,-2.6318264418039203e-05,7.178869259861585e-05
319,6,1-5,adjust,0.009423654219415881,2.490503692808216e-05,8.811816530577692e-05
319,7,1-4,adjust,0.005673672531329966,9.73578730259021e-05,9.94325407594646e-05
319,8,1-5,adjust,0.0071959385290199535,4.2500173075283715e-05,2.6489685640859053e-05
319,9,1-5,adjust,0.005169290370328964,5.3930494770294275e-05,2.1683947120734182e-05
320,2,1-7,adjust,0.0016885990031150842,7.0941487026926e-08,1.7287529947805631e-06
320,3,1-7,adjust,0.006568269593565064,-1.5852411949995664e-05,1.0136099271305068e-05
320,4,1-7,adjust,-0.0026302680884583937,-2.9751829466921672e-05,3.95661203908731e-05
320,5,1-7,adjust,-0.010767769710359138,6.123848332184446e-05,1.6868948942585228e-05
320,6,1-7,adjust,-0.005926366289243258,-5.424297220108002e-05,3.540368315478469e-05
320,9,1-8,adjust,-0.0027167427808297354,2.3551714136208185e-05,5.046159625842645e-05
321,2,1-4,adjust,-0.0021315541691454376,-4.5523065554146974e-05,2.835475773046131e-05
321,3,1-4,adjust,-0.006891618216881851,7.695444130693107e-05,6.36579873490359e-05
321,6,1-5,adjust,-0.003934718269031671,-4.600490773690881e-05,1.4544682590298237e-05
321,7,1-4,adjust,-0.003913760719644245,-3.600529829434703e-05,7.925512026452097e-05
321,8,1-5,adjust,0.00297730471549869,3.124385654253998e-05,2.7853546766586718e-05
321,9,1-5,adjust,0.0006456082920784072,0.00017783778190812025,8.56205389945891e-05
322,2,1-7,adjust,0.004497015846339088,-0.00010399540426397761,8.049424375124204e-05
322,3,1-7,adjust,0.008509525010428915,-0.00015937752802347367,1.449616436468485e-05
322,4,1-7,adjust,0.010880658226646887,4.8716078989165e-05,2.3180509231143068e-05
322,5,1-7,adjust,0.0027158110166085325,-4.151159141755796e-05,0.00010930134923970546
322,6,1-7,adjust,0.0015141831410818974,9.046940138727005e-05,8.695720693553129e-05
322,9,1-8,adjust,0.0034545860459827883,-1.9975420152899794e-05,0.0001846409427681634
323,2,1-4,adjust,-0.001534703871637602,5.199150841895672e-05,6.665666412416191e-05
323,3,1-4,adjust,-0.0022261260417642814,4.4666795273724474e-05,0.00011061950089717574
323,6,1-5,adjust,0.0018900513959858125,-4.515704228924494e-05,0.0001480423889895079
323,7,1-4,adjust,0.01378505135725392,0.00020758571049650054,4.2501533145357776e-05
323,8,1-5,adjust,-0.005996176160050245,-6.499643316460917e-06,8.774610140961676e-05
323,9,1-5,adjust,-0.003528575679977544,-0.00012941442902079876,4.5512939348069734e-05
324,2,1-7,adjust,-0.0068511985950281745,0.00018189859388565135,9.887951562217194e-05
324,3,1-7,adjust,-0.021747849383979726,0.0002353573137322637,6.974579677730961e-05
324,4,1-7,adjust,-0.016454979858678383,4.288645792058405e-05,1.7006039244140218e-05
324,5,1-7,adjust,-0.005246274419316431,1.8546332579404885e-05,1.1650265346883607e-05
324,6,1-7,adjust,0.002369379522619972,7.407819506249356e-05,4.784142969668303e-05
324,9,1-8,adjust,0.002690294268944101,1.2782064320185754e-06,0.00018249603409956248
325,2,1-4,adjust,0.0017630625669493901,-1.2236090979885366e-05,4.5428193532611424e-05
325,3,1-4,adjust,0.009017555357091702,-0.00012592490355808094,0.00011151159102064537
325,6,1-5,adjust,-0.001326226126992213,-0.00022766675118852275,0.00010589220509373375
325,7,1-4,adjust,-0.009028544602230116,-0.00014843653843970358,3.4045354598254436e-05
325,8,1-5,adjust,0.005206574435955512,-1.4713632480663656e-06,1.2675177995586593e-06
325,9,1-5,adjust,-0.001053181668893559,-1.9725608145265986e-05,4.9408514185368964e-05
326,2,1-7,adjust,0.0050694231051566065,-0.00017756802008480032,3.0975185874709864e-05
326,3,1-7,adjust,0.007356654429493834,-3.642045238554052e-05,3.8572869536330406e-05
326,4,1-7,adjust,0.009287385688515896,-1.7114249063245813e-05,2.2215465517784748e-05
326,5,1-7,adjust,0.003404150141129068,7.192889304586967e-05,1.7429088968905172e-05
326,6,1-7,adjust,-0.0024651362474813225,0.00018287821624165214,3.3669194029165645e-05
326,9,1-8,adjust,0.001922455112368053,7.60910439506926e-05,7.022091029364443e-05
327,2,1-4,adjust,-0.003836083623167927,0.0002207836253846655,3.6697391048863244e-05
327,3,1-4,adjust,0.001995015001318793,5.551500677067193e-06,6.166285517618272e-05
327,6,1-5,adjust,0.0020193540067572177,-6.0369227826490926e-05,6.168442530663338e-05
327,7,1-4,adjust,0.009259368470448061,5.389218883297512e-05,2.6708109316908003e-07
327,8,1-5,adjust,0.004005959785244723,0.00013264945859874346,7.527163147332115e-05
327,9,1-5,adjust,0.00045253854381535174,2.4841351131381233e-07,1.316600257332412e-05
328,2,1-7,adjust,-0.0009049793318744438,2.3197875632579528e-05,8.94275687688452e-05
328,3,1-7,adjust,-0.0029636780282776003,-2.081656888145804e-05,0.00012719479317479558
328,4,1-7,adjust,-0.0038967679661568166,8.587729156776008e-07,0.00011472338837850978
328,5,1-7,adjust,0.003889710810989802,-8.29243033731193e-05,0.0001477356891127449
328,6,1-7,adjust,0.0043502246133301885,-5.0956376632068704e-05,0.00016118694896057457
328,9,1-8,adjust,0.0035926400572854015,0.0001250866073445276,7.319446814654532e-05
329,2,1-4,adjust,0.001231927360894944,-4.3491937774515635e-05,0.0001468191702346073
329,3,1-4,adjust,-3.605896404540495e-05,2.8454506901275877e-05,0.0001441459232007781
329,6,1-5,adjust,-0.0006097329731452069,2.8494489856883516e-05,4.7067012330334116e-05
329,7,1-5,adjust,-0.0036981938450367405,-3.2589100649694833e-06,8.282356890758597e-05
329,8,1-5,adjust,-0.0031016323086216226,-0.00010608999804217604,1.434879119361566e-05
329,9,1-5,adjust,-0.008347510106850019,-0.00021363159375197168,2.9231209562355884e-05
330,2,1-7,adjust,0.0004804572461420868,-0.00020623363889502006,4.463802460402864e-05
330,3,1-7,adjust,0.0049226828238046125,-2.6376687944471164e-05,1.4975692000538595e-05
330,4,1-7,adjust,-0.0038726103697854226,5.759669871134648e-05,1.9230442360694225e-05
330,5,1-7,adjust,-0.00938901849732145,4.216658336198788e-05,1.9246946186908505e-05
330,6,1-7,adjust,-0.002336465198350382,2.02927678681354e-05,1.797373458111239e-06
330,9,1-8,adjust,0.0032837090796581734,8.835891057589276e-05,3.816331733475542e-05
331,2,1-4,adjust,-0.005523567272890947,0.00023407663389135182,0.0001105672290369569
331,3,1-4,adjust,-0.012080948440618904,5.418066950043302e-05,5.410051296836355e-05
331,6,1-5,adjust,-0.006747520825165592,2.1605624329604258e-05,0.00013746198614584856
331,7,1-4,adjust,-0.004911311448537252,3.482560396995329e-05,3.2581454921936214e-05
331,8,1-5,adjust,-0.003140849641007194,-3.318768734011797e-05,5.9525105778523795e-05
331,9,1-5,adjust,0.0027264020347670657,2.4022250505821235e-06,5.1100543748190397e-05
332,2,1-7,adjust,0.005159868524086177,-2.943053229415005e-05,6.102103769380634e-05
332,3,1-7,adjust,0.0052395716309703855,-7.540088962679641e-05,1.1509020052995955e-05
332,4,1-7,adjust,0.0019003917910882726,-0.0001441267871406634,2.7610509446805377e-05
332,5,1-7,adjust,-0.0007791216509259824,1.3460882669494578e-05,7.059355285855285e-05
332,6,1-7,adjust,0.00036666588445812226,4.89272369118896e-05,5.3662568269692474e-05
332,9,1-8,adjust,-0.004069655893400008,-6.487996459208471e-05,8.442816587395266e-05
333,2,1-4,adjust,0.0030075820184505956,-0.0001291021577889606,0.00012800440199347234
333,3,1-4,adjust,0.0026780757024998944,2.2416672079721452e-05,0.00014087981809538682
333,6,1-5,adjust,-0.0032452170917952,-6.329183536878263e-05,4.4251989109812854e-05
333,7,1-4,adjust,-0.0103940939179234,-9.564475936969556e-05,9.625102020198057e-05
333,8,1-5,adjust,0.0012045569387130113,2.062500765731281e-05,9.676247148342609e-06
333,9,1-5,adjust,0.0036403237439750686,3.3809659382563756e-05,6.262190161493738e-05
334,2,1-7,adjust,-0.0022126941629050023,-3.9302946733637304e-05,7.6906950956907e-05
334,3,1-7,adjust,-0.004277155050967261,-2.89624542534598e-06,4.3331037207109554e-05
334,4,1-7,adjust,0.0018193313145704237,0.0001234095405733837,2.185513625832371e-05
334,5,1-7,adjust,0.002791717985831677,3.783545074858603e-05,1.383143064836371e-05
334,6,1-7,adjust,-0.004139121813457733,-7.484860973907458e-06,9.940731955065572e-05
334,9,1-8,adjust,-0.0035620166885884266,-2.4144337933127497e-05,0.00013946568461157015
335,2,1-4,adjust,-0.0016740770491550149,0.00011141332298918498,2.9122001607418035e-06
335,3,1-4,adjust,0.0007129137852144379,4.918073513724592e-05,4.588935868494305e-05
335,6,1-5,adjust,0.009272543040775145,0.00010896938950131932,0.00010415762507937948
335,7,1-4,adjust,0.011649579899442618,2.9868441477629294e-05,4.571208334892997e-05
335,8,1-5,adjust,-7.936928610720553e-05,-8.48734830469745e-05,6.755774927668082e-05
335,9,1-5,adjust,0.004469282798228332,0.0001751130893923697,9.426121582278151e-06
336,2,1-7,adjust,-0.0024274522171968986,7.73021448706638e-05,0.00018020774613296644
336,3,1-7,adjust,0.00908525628206024,-8.99197706992303e-05,6.21864743702706e-05
336,4,1-7,adjust,-0.0031802199392716784,-0.00016269491995707884,5.699348374461494e-05
336,5,1-7,adjust,0.00794287073896685,-4.201702572023041e-05,4.172162623720726e-06
336,6,1-7,adjust,0.0017492704732381048,-0.00013240900341924235,0.00014456505708183992
336,9,1-8,adjust,-0.006403365288576722,-0.00019841197173116283,4.028667501487748e-05
337,2,1-4,adjust,0.004022234325088997,-0.00011766025370427813,4.155793473255814e-05
337,3,1-5,adjust,-0.003692692782767866,-7.749832706208117e-08,5.0291711440547225e-05
337,6,1-5,adjust,0.0065803592797120825,-1.6877087913889528e-05,0.0002459756841976572
337,7,1-5,adjust,0.0045744113855246266,1.1138463446254354e-05,0.00012501689375540628
337,8,1-5,adjust,0.003201855936579711,0.00011413424002090975,0.00013248682671341042
337,9,1-5,adjust,0.003741665160229952,0.00013232602002790232,0.00010480995858338082
338,2,1-7,adjust,0.000776295450548653,3.410860422295799e-05,3.834579696390678e-06
338,3,1-7,adjust,-0.001983120246193216,5.407001615511292e-05,4.7961013063634244e-05
338,4,1-7,adjust,0.0002561801129325518,0.00019073211014880578,2.0737347743182843e-05
338,5,1-7,adjust,-0.0034235785891008367,4.6995974012568516e-05,2.669803435978602e-05
338,6,1-7,adjust,-0.0035826913456239308,6.101558745362092e-05,6.878611567351786e-05
338,9,1-8,adjust,0.0016847954626222033,3.31688841369368e-05,1.733369967473023e-05
339,2,1-4,adjust,-0.0028568865592862643,7.38883612362657e-05,3.56306347862039e-05
339,3,1-4,adjust,-0.00417971008066284,7.36293710552054e-05,0.00010257968173560503
339,6,1-5,adjust,6.138942643292695e-05,-2.292152684943141e-05,4.913281379743207e-05
339,7,1-4,adjust,0.005703850107711167,-1.3195113003853106e-06,2.088029133528292e-05
339,8,1-5,adjust,0.0008632643873409597,6.56821705478457e-05,1.7972216636592813e-05
339,9,1-5,adjust,-0.0016903358619864872,-7.648491616358652e-05,5.698765000129003e-05
340,2,1-7,adjust,0.0023959139439367265,-0.00010637581247216947,0.00016621141152999399
340,3,1-7,adjust,0.0067383550951118565,-9.727984825133025e-05,0.00010246963889661096
340,4,1-7,adjust,0.008417894745549787,-9.426544652429701e-05,0.00016287360019197496
340,5,1-7,adjust,-0.000707989807414773,-0.0001370276630241269,0.00011966667632499792
340,6,1-7,adjust,0.00830142314656836,8.210665837722333e-05,0.00011829794115976592
340,9,1-8,adjust,0.0038416708202974248,-1.838396150734554e-05,4.429923116748904e-06
341,2,1-4,adjust,0.0020450137965187538,-4.229431256427582e-05,4.072767989101662e-05
341,3,1-5,adjust,0.00243956218832334,-4.812018369024744e-05,2.2962935089049264e-05
341,6,1-5,adjust,-0.013777375470263807,-0.00014655428101392995,8.125929940062985e-05
341,7,1-4,adjust,-0.0062777467965744035,-2.2677526805540858e-05,9.843464180494399e-05
341,8,1-5,adjust,-0.008157360572355592,-0.00017233867301299079,2.212128785770445e-05
341,9,1-5,adjust,-0.005494573479800498,-9.871101688785933e-05,2.1125945266591396e-05
342,2,1-7,adjust,0.0015969726141966422,-2.8133079388312208e-05,6.411379480474627e-05
342,3,1-7,adjust,0.0002092640127081815,-2.5041053859144026e-05,3.804327226840528e-05
342,4,1-7,adjust,0.0009685418837938588,-7.314910637204827e-05,3.74095684495525e-05
342,5,1-7,adjust,0.004742252897055229,0.00011808000214894466,5.492701838520979e-05
342,6,1-7,adjust,0.006417471709981764,0.00014804847198934639,6.5766535909366275e-06
342,9,1-8,adjust,-0.0020462894097939346,9.55156088837448e-06,0.00011336234911290138
343,2,1-4,adjust,0.0013624139683295219,-6.419015056049005e-05,0.0001575705681923664
343,3,1-4,adjust,0.00027742796067714446,1.5117483269409057e-05,0.00011856258252835155
343,6,1-5,adjust,0.0014978752602328631,-3.9870202235101484e-05,2.6013992484311254e-05
343,7,1-5,adjust,0.0009988434752239038,0.00012606821655920185,9.582255891704743e-05
343,8,1-5,adjust,0.003898783959838651,5.168289180815459e-06,9.934183436818401e-05
343,9,1-5,adjust,0.006763029938204995,0.00013790455936651562,9.355824162595407e-05
344,2,1-7,adjust,-0.014759502380694005,0.0003610196128793268,0.00017720303989026144
344,3,1-7,adjust,-0.012455984606295635,0.00014048380372128693,6.17152344702276e-05
344,4,1-7,adjust,-0.011066608427564923,0.0001706209058675785,0.0001656946648290769
344,5,1-7,adjust,-0.01431063773360365,-0.0001055759955901961,7.285545339017281e-05
344,6,1-7,adjust,-0.007702487952492634,-4.742827239006923e-05,3.378305339660898e-05
344,9,1-8,adjust,-0.007448576752005599,-0.00011280877684067608,0.00021341621122625813
345,2,1-4,adjust,0.00478981606539472,-0.00014869363304409624,3.689773665098466e-05
345,3,1-4,adjust,0.0013178812908883543,-5.6044157594900875e-06,0.00010818582408334331
345,6,1-5,adjust,-0.007884900384674121,4.526047097964622e-05,0.0001904452334111538
345,7,1-5,adjust,-0.011209160590258073,-0.00017723022042345923,0.00014112494854151173
345,8,1-5,adjust,-0.003457020696282169,1.9353253954051638e-05,4.3921497391282236e-05
345,9,1-5,adjust,-0.0007772652274402208,2.2708681202894392e-05,9.689149310998678e-05
346,2,1-7,adjust,0.00800632797443184,-0.00017597505936638817,4.838223474342343e-06
346,3,1-7,adjust,0.010949401983467182,-7.402685708602086e-05,5.2923053229594175e-05
346,4,1-7,adjust,0.005010790560563995,-0.00013713297476645415,4.7587910137132045e-05
346,5,1-7,adjust,0.007309904639570057,4.575605835301897e-05,3.0158488840020646e-05
346,6,1-7,adjust,0.0052068610494362105,-5.2376335767063744e-05,3.48262418595437e-05
346,9,1-8,adjust,0.001958268826240979,-3.5079922789885236e-05,0.00010577114861022489
347,2,1-4,adjust,-0.003537515122460953,8.842777634987562e-05,5.9299306929422974e-05
347,3,1-5,adjust,-0.0060776949951890655,-1.4140579801283076e-05,6.747515789823472e-07
347,6,1-5,adjust,0.004346073778516706,-5.927998808479755e-05,3.239622135770089e-05
347,7,1-4,adjust,0.005703897890885113,-3.49994059234393e-06,7.0742051597835975e-06
347,8,1-5,adjust,0.004257815600187191,9.553274451621819e-05,5.809223070755242e-05
347,9,1-5,adjust,0.003985632101050773,2.834419746605866e-05,2.4505770585625345e-05
348,2,1-7,adjust,0.003228729808597632,-5.076100499024859e-05,9.556504012661565e-05
348,3,1-7,adjust,0.006258129778542517,-8.680890538500851e-05,8.500745064456685e-05
348,4,1-7,adjust,0.005378581149627273,-5.0106136747364765e-05,6.669988389219894e-05
348,5,1-7,adjust,0.008201287986561044,8.733002939080926e-05,5.329130274217765e-05
348,6,1-7,adjust,6.937883964025417e-05,9.124905049570235e-05,6.99487136209451e-05
348,9,1-8,adjust,-0.0010417694756647438,9.979054533303618e-05,0.00015705059187108255
349,2,1-4,adjust,0.0017336232456974087,-5.021074149402019e-05,0.00021029621468797533
349,3,1-4,adjust,-0.0018443632932016918,9.76524360348129e-05,0.00013835433460445217
349,6,1-5,adjust,0.008256930707450497,-3.636727381416178e-06,0.00011578582423807
349,7,1-5,adjust,0.010058238273244516,6.650895854510746e-05,0.00010166876132324695
349,8,1-5,adjust,0.007231295544768298,7.0165457705834425e-06,0.00016536756330401818
349,9,1-5,adjust,0.0041769345317401564,1.6021556942968416e-05,0.00015961993996288474
350,2,1-7,adjust,-0.0047708325064862705,0.00013280254400140925,3.5466838674019164e-05
350,3,1-7,adjust,0.008434096195752113,3.9833120074499676e-05,8.69578577040989e-05
350,4,1-7,adjust,-0.007066712726878901,4.9352819754115315e-05,8.125592649851855e-05
350,5,1-7,adjust,0.004206394374768451,-6.147779809970887e-05,4.242331675577444e-05
350,6,1-7,adjust,0.003113512712853266,-1.2357876185567524e-05,5.095233624247145e-05
350,9,1-8,adjust,0.0012933349379796622,7.110623104769804e-05,0.00012789250243133439
351,2,1-4,adjust,0.0003835884543410115,-9.139538952061525e-05,1.397139709692515e-05
351,3,1-4,adjust,-0.01196331786881395,-1.139941260956337e-05,9.379454658992865e-05
351,6,1-5,adjust,-0.002606605641488832,8.091888816020635e-05,0.00017214095466981847
351,7,1-5,adjust,0.002522968524172125,2.5702894886285373e-05,0.00011150655228792812
351,8,1-5,adjust,-0.0018281995580391932,-6.564525713219161e-05,5.805653656917401e-05
351,9,1-5,adjust,-0.005854517740953548,-0.00011039316944743996,5.8264411107760806e-05
352,2,1-7,adjust,-0.0017681165379801783,0.00014719135899757653,2.1072417079019533e-07
352,3,1-7,adjust,0.0025356168047454444,-3.292717835015657e-05,9.799101307830071e-05
352,4,1-7,adjust,0.0029234281737713632,2.7746741020280925e-05,1.3654537498428297e-05
352,5,1-7,adjust,-0.007592912175871478,-3.794048822821076e-05,2.1555657879014347e-06
352,6,1-7,adjust,0.00389298447232391,-7.948833492828218e-05,2.432793050647904e-05
352,9,1-8,adjust,0.0009049801396685293,4.647664655735785e-05,6.400800620829451e-05
353,2,1-4,adjust,0.0024475424050078654,-0.00011744141234660215,1.793611021881229e-05
353,3,1-5,adjust,-0.0032319872409726407,-1.3439210536242941e-05,3.5254379536489766e-05
353,6,1-5,adjust,-0.011085185647304686,2.8204535290027906e-05,1.575447268660376e-05
353,7,1-4,adjust,-0.010286047114947705,-6.990779581572706e-05,3.4067805169221624e-05
353,8,1-5,adjust,-0.008110586701008213,3.319373405825034e-05,1.740451476012175e-05
353,9,1-5,adjust,0.0010898129968757323,-0.0001310354946706997,3.698640326049304e-05
354,2,1-7,adjust,-0.0022200789865788207,-2.8655688350340292e-05,6.023360397561859e-05
354,3,1-7,adjust,0.0025716997989186884,7.4009842284340204e-06,0.00012267611793185574
354,4,1-7,adjust,-0.0012286960304306732,2.160026848903132e-05,3.361760992512481e-05
354,5,1-7,adjust,0.0034257332984937473,-3.790578566197477e-05,5.66949740626624e-05
354,6,1-7,adjust,0.0023217829325036994,-4.161083706033433e-05,0.00014795473452971087
354,9,1-8,adjust,-0.002415834189205894,-6.98036751571011e-06,4.2573739134274274e-05
355,2,1-4,adjust,0.0014585400560049933,0.00011527716527249198,1.1662306081167742e-05
355,3,1-4,adjust,-0.0003958451551784699,9.266734826686294e-05,5.477408007527547e-05
355,6,1-5,adjust,-0.00047763320658312163,9.197739241901641e-05,0.00011099943525566622
355,7,1-4,adjust,-0.0008122911123330365,3.4849200055876553e-06,3.978980034524131e-05
355,8,1-5,adjust,0.004846026346971067,-6.622915566145596e-06,1.3941662853047303e-05
355,9,1-5,adjust,0.000546927150184753,2.4785948698326532e-05,3.060310300385962e-07
356,2,1-7,adjust,0.0024021854176479148,-0.00019378849507175897,7.990383529329136e-05
356,3,1-7,adjust,0.0006014386977377331,-0.000102785558575769,4.730482635825006e-05
356,4,1-7,adjust,0.005535331791524023,4.673577772403267e-05,1.9730787941619306e-05
356,5,1-7,adjust,0.0019900804947187143,5.2365673870973214e-05,6.405475732936635e-05
356,6,1-7,adjust,0.00011018924386161336,-5.3801859416554254e-05,3.739873645504777e-05
356,9,1-8,adjust,0.000444081352269246,7.053349979227274e-05,0.00011049119321264126
357,2,1-4,adjust,-0.001667991492385107,0.0001571472552298789,7.94439769834208e-05
357,3,1-5,adjust,3.497378071696967e-05,-6.599489453900733e-05,4.302941164037335e-05
357,6,1-5,adjust,0.005413118476776444,-4.618367030830831e-06,5.2622868630331893e-05
357,7,1-4,adjust,0.00639010679577384,4.722114438223347e-05,8.455434127438967e-05
357,8,1-5,adjust,-0.0037115294623583234,-1.7246263125215535e-05,4.4462694259104845e-05
357,9,1-5,adjust,0.001649461118536156,7.724310561263227e-07,4.994108005735606e-05
358,2,1-7,adjust,-0.001606676140954759,-4.118822097799014e-05,4.329287244255395e-05
358,3,1-7,adjust,-0.00572190295780377,0.00014668047021348666,6.779328857000348e-06
358,4,1-7,adjust,-0.0003335524116936103,-2.7753463322973656e-05,5.594033112406575e-05
358,5,1-7,adjust,-0.0012536467744616918,-7.403949364876486e-06,6.377115147996035e-05
358,6,1-7,adjust,-0.0017678056879886336,3.18855575636087e-05,8.276670756075016e-05
358,9,1-8,adjust,-0.003553184897522023,-7.583750081857963e-05,5.105964007192117e-05
359,2,1-4,adjust,0.0013687511018023342,7.2811494747785005e-06,3.9694314932609765e-05
359,3,1-5,adjust,0.0045131904871030136,-8.138809144055217e-05,7.273708258849491e-05
359,6,1-5,adjust,0.0008215335864612092,-4.057383372750732e-05,1.572913347877916e-05
359,7,1-4,adjust,0.0011416403832621171,4.355636108242695e-05,2.6812149929893835e-05
359,8,1-5,adjust,0.0040282399369795125,-2.4539699123834637e-05,5.4642029684556845e-05
359,9,1-5,adjust,0.0017115340674165155,-1.3384634766102893e-05,4.010100256623403e-05
360,2,1-7,adjust,-0.003728618412665719,0.00014190354462655902,5.0186394843844025e-05
360,3,1-7,adjust,-0.004550723953468392,9.70289091276054e-05,3.5293593064479074e-07
360,4,1-7,adjust,-0.006498896193352349,-7.3822397298175755e-06,2.193125839321705e-05
360,5,1-7,adjust,-0.00150654358021457,8.118120267569576e-05,1.865063975292632e-05
360,6,1-7,adjust,-0.0016189974010225579,-5.620745679749654e-05,8.812692553577803e-05
360,9,1-8,adjust,-9.382252466741825e-05,0.00010961183632763336,6.631124988437126e-05
361,2,1-4,adjust,0.0004366965823029324,-1.2027883013566212e-05,4.807748114123115e-05
361,3,1-5,adjust,0.0017937643746227235,-9.823754068908574e-05,2.9006444423977223e-05
361,6,1-5,adjust,-3.7931721338860056e-05,9.879385214061769e-05,1.249376168214545e-05
361,7,1-5,adjust,0.001119285675250141,-2.824315421433625e-05,0.00012870495850024065
361,8,1-5,adjust,0.006818763974154353,0.00011739140956428196,9.179215227895922e-05
361,9,1-5,adjust,0.0008159730245423654,-2.5106024319697995e-05,4.5702227996951096e-05
362,2,1-7,adjust,0.0026778437779635114,-6.438417689198905e-05,0.0001647476246662688
362,3,1-7,adjust,0.0033795551942193093,2.475067413914582e-06,0.0001506818185818359
362,4,1-7,adjust,0.009215198269926507,2.1484021004954775e-06,8.77669077944133e-05
362,5,1-7,adjust,0.001421468452976887,-0.00011778084652518303,3.301968612089497e-05
362,6,1-7,adjust,0.003092708158074175,-1.4825966785070778e-05,8.927217744723214e-05
362,9,1-8,adjust,0.003218633274979178,9.575764107736423e-05,4.791329469249139e-05
363,2,1-4,adjust,0.0018516107547393568,-2.4174338026253075e-05,6.911384363879779e-05
363,3,1-4,adjust,0.0031175534827323857,4.098951786247941e-05,6.135204281642069e-05
363,6,1-5,adjust,-0.0058926353615421576,3.5797913960241415e-05,1.7026573237698743e-05
363,7,1-4,adjust,-0.005781143637716344,1.1089780465350804e-05,4.8691206348692296e-05
363,8,1-5,adjust,-0.013293610473025127,-7.847122362511169e-05,4.08120852407393e-05
363,9,1-5,adjust,-0.006665541892488393,-0.00014774405646979192,4.511206674218349e-05
364,2,1-7,adjust,-0.00013886676692075346,-0.00010615148329119688,1.078528776576257e-05
364,3,1-7,adjust,-0.006980254839847447,3.46266473468813e-05,1.544172445008278e-05
364,4,1-7,adjust,-0.005803034133025002,2.096560997539388e-06,2.9447319180843093e-05
364,5,1-7,adjust,-0.006879425602209564,1.5730250527681554e-05,9.002975305732986e-05
364,6,1-7,adjust,-0.0019994374429768464,2.6799052119574428e-06,0.00010840188342061884
364,9,1-8,adjust,-0.00021016488325274472,3.3929795366985958e-06,0.00011422508573564373
365,2,1-4,adjust,-0.0027986104569710586,0.00011184990527593408,2.19019395858294e-05
365,3,1-5,adjust,0.003706570470031723,-8.619254740228632e-05,1.9278442929095125e-05
365,6,1-5,adjust,9.132882153473715e-05,-3.945676509433061e-05,3.3994136550688576e-05
365,7,1-4,adjust,0.005853280279454046,-7.082651820500414e-05,6.19217435470152e-05
365,8,1-5,adjust,-0.00336786000977343,1.2650041295710985e-05,5.313304962038213e-05
365,9,1-5,adjust,0.0018883176687349442,-9.288302614876018e-06,2.222750739073521e-05
366,2,1-7,adjust,0.002099045887565075,-6.570615328346162e-05,5.613947455890192e-06
366,3,1-7,adjust,0.005934416556375686,-1.0709313772244996e-05,0.0001248462290174492
366,4,1-7,adjust,0.009150371094124667,-8.810014632414514e-05,5.044743830238723e-05
366,5,1-7,adjust,0.006233709838769925,2.8396395747977548e-05,0.00013834584825302062
366,6,1-7,adjust,0.013198327745076443,3.767773319287812e-05,0.00023257182984516624
366,9,1-8,adjust,-0.0026585851434418736,-6.986176850104804e-05,0.00020421563650995729
367,2,1-4,adjust,0.0044332631677171,-7.41717114972366e-05,0.00014467279591852424
367,3,1-4,adjust,0.0025526214078458336,4.558623564967644e-06,0.0001724242654063715
367,6,1-5,adjust,-0.010769082869179793,-9.228755069547968e-06,4.8312802402810816e-05
367,7,1-4,adjust,-0.0017506451964011576,0.00010065432352875153,3.93387964742624e-05
367,8,1-5,adjust,0.007620155431684499,-1.3064097364636916e-05,5.415001175739165e-05
367,9,1-5,adjust,0.003432592127864804,-1.0541378575029019e-06,5.956135899756733e-05
368,2,1-7,adjust,-0.007640075290046711,0.00016331505128821332,5.105639758787948e-05
368,3,1-7,adjust,-0.0133161572398,0.0001029807225100135,9.04847387064283e-05
368,4,1-7,adjust,-0.006936065295280079,0.0001312461715731398,4.6273598364367754e-05
368,5,1-7,adjust,-0.006341952758157648,-0.00010059030498253934,9.949348836867763e-05
368,6,1-7,adjust,0.007387468116070548,3.387170926877881e-05,3.809977880615884e-05
368,9,1-8,adjust,0.00031884169129300184,9.400162433424234e-05,9.02754639013471e-05
369,2,1-4,adjust,0.0010241242085265874,-3.75523989415102e-05,4.8280247694980756e-05
369,3,1-4,adjust,0.005596044040420132,-5.385391400097664e-05,6.601603966959767e-05
369,6,1-5,adjust,-0.015752372202628453,-6.154711229402224e-05,0.00014880895777205047
369,7,1-5,adjust,-0.015025906089982501,-9.883943376258674e-05,0.00016731642513802313
369,8,1-5,adjust,-0.004664235477654816,-2.420162891227229e-05,0.00011395210346059195
369,9,1-5,adjust,-0.0038265074221850853,-0.00013688660338549252,0.00014017767504786953
370,2,1-7,adjust,0.002846125647056459,-3.397591081984944e-05,3.1958379568268886e-05
370,3,1-7,adjust,-0.001249755678714399,1.5920085208901584e-05,8.597390169323042e-05
370,4,1-7,adjust,0.005393259933744247,-2.267751229743289e-05,5.412451481563621e-06
370,5,1-7,adjust,-0.00844892264406671,7.767470192196119e-05,3.241642407210946e-05
370,6,1-7,adjust,0.001107096920010585,-5.222621127113376e-05,1.120898558412584e-05
370,9,1-8,adjust,-0.00016084410525646876,6.86031843955132e-05,3.09242204346054e-05
371,2,1-4,adjust,0.000165200499463797,-6.0234176479462737e-05,8.520489796974647e-05
371,3,1-4,adjust,0.0053349839800424705,1.5074929520967702e-05,0.0001807560017990139
371,6,1-5,adjust,-0.007228480828341231,1.9247373454328116e-06,0.00028285219222091653
371,7,1-5,adjust,-0.001293654322072258,6.103366065635231e-05,0.00015221829971284238
371,8,1-5,adjust,0.004051715820673293,-3.0155574515470674e-05,7.395862862318282e-05
371,9,1-5,adjust,0.0012090645943247872,2.6032553002064145e-05,6.103161182616183e-05
372,2,1-7,adjust,-0.0004975883410814248,4.353987969824915e-05,1.374081047186525e-05
372,3,1-7,adjust,-0.006314382403121395,-4.3199652496493906e-05,2.4385938410602417e-05
372,4,1-7,adjust,-0.01559057477202142,1.8581087261027607e-05,7.538647040886972e-05
372,5,1-7,adjust,0.0014757171012966886,7.01643108204491e-05,3.298567424517519e-05
372,6,1-7,adjust,0.0009597611987975218,6.143554385477832e-05,0.00014799859124099902
372,9,1-8,adjust,0.0009273324255924732,-1.6451282790395527e-05,5.694577546032479e-05
373,2,1-4,adjust,-0.006059107290140652,0.00011294272124542492,4.376618642425456e-06
373,3,1-5,adjust,-0.005269895389925524,5.744868602865894e-05,2.8839882904954134e-06
373,6,1-5,adjust,0.004743773059833155,1.006839546702919e-05,0.00010837593680211562
373,7,1-4,adjust,0.011610370000396815,3.110655416657796e-05,4.568887095661744e-05
373,8,1-5,adjust,0.003465695290956636,6.60918673800523e-05,6.043400164041637e-06
373,9,1-5,adjust,0.002602471833638875,9.527465079639455e-05,5.082169594024387e-05
374,2,1-7,adjust,-0.001033526432082419,-1.9213799108967437e-05,0.00010002052848462025
374,3,1-7,adjust,0.0002839249380229443,1.9500406852882283e-05,1.7114613959421046e-06
374,4,1-7,adjust,0.003949596415136242,-0.00010053984113911061,1.2695312261032637e-05
374,5,1-7,adjust,0.006575075684365067,-0.00011888595629871407,3.786458439688306e-05
374,6,1-7,adjust,0.007622536522643329,-8.010759035056197e-05,8.073586375748079e-05
374,9,1-8,adjust,0.00043025169080152675,2.2620733420686474e-05,7.443531126453842e-05
375,2,1-4,adjust,0.006182692581390417,-4.069938890768809e-05,4.3423692624656374e-05
375,3,1-4,adjust,0.0028872759225365935,-3.438113700318105e-05,9.066041808053733e-05
375,6,1-5,adjust,-0.00727142314531351,6.0471325017070146e-05,8.952887207146457e-06
375,7,1-4,adjust,0.0007532649554261806,-7.076536307897878e-05,5.5993928978700854e-05
375,8,1-5,adjust,-0.005037387304300573,-8.483433925898163e-05,1.0701341735804537e-05
375,9,1-5,adjust,-0.005337058748778272,-0.00010653447463748701,3.1368063778082354e-06
376,2,1-7,adjust,-0.0015509907382855878,1.4061401587724234e-05,8.308536010074726e-05
376,3,1-7,adjust,0.00586970871824198,-0.00014486335554363415,1.4083069538148532e-05
376,4,1-7,adjust,0.011999218196027303,0.00013582069829585255,5.2834704204840954e-05
376,5,1-7,adjust,0.007025388067541358,7.622713812938262e-05,2.2842204548228533e-05
376,6,1-7,adjust,0.009256705352055862,-6.465509649250799e-06,2.6966840554671374e-05
376,9,1-8,adjust,-3.816351739105142e-05,-1.3994539916303706e-05,6.22125728855995e-05
377,2,1-4,adjust,0.0025643850437070534,-0.00011563573679613462,9.96054318754806e-06
377,3,1-5,adjust,-0.002272319179619742,4.9380394582867775e-05,5.9857257482062127e-05
377,6,1-5,adjust,0.0005180325326498863,2.4142695465175547e-06,0.00015324993209847037
377,7,1-5,adjust,-0.0026813118053516075,0.00010031357688559394,8.345593872160092e-05
377,8,1-5,adjust,0.002060118318344699,6.21215220455893e-05,0.00010003760610150719
377,9,1-5,adjust,0.0020758793497728497,-9.319904517576198e-05,8.430629083867055e-05
378,2,1-7,adjust,-0.004795071258211615,0.00019549098073038968,1.9289619197330406e-06
378,3,1-7,adjust,-0.007053144764069631,0.00011772386429761973,5.1102288631135376e-05
378,4,1-7,adjust,-0.011753992741768964,-2.1803657666557336e-05,5.680987416392029e-05
378,5,1-7,adjust,-0.011968697397025455,-3.2841199718205535e-05,5.24247944828544e-05
378,6,1-7,adjust,-0.004266764808858423,6.634631315183464e-05,7.611298260948353e-06
378,9,1-8,adjust,0.0024370374395710245,0.00012598346850513888,4.903913455202149e-05
379,2,1-4,adjust,0.0017400281175849871,-3.6024715937992355e-05,3.1313041016445506e-05
379,3,1-4,adjust,0.001520544970003535,-0.00010636223302277437,5.56363914780223e-05
379,6,1-5,adjust,-0.006932756240371014,-0.00011451271338697859,0.00010696266852513711
379,7,1-5,adjust,-0.013421763003749608,-0.00013469849983003326,0.00014709241101697833
379,8,1-5,adjust,-0.006976439789910668,-7.171769186472175e-05,0.00010047840775747535
379,9,1-5,adjust,-0.002963039724227171,-2.5375036388167145e-05,7.480736421981008e-05
380,2,1-7,adjust,0.0045922915695462046,-7.29703064305186e-05,0.00010513198990983517
380,3,1-7,adjust,0.007178014486981695,2.2877695595719315e-05,1.6448108646549577e-05
380,4,1-7,adjust,0.0051033386389850435,-0.00010371063020975792,8.734101410968813e-05
380,5,1-7,adjust,0.0033112239349163976,3.381276346951585e-05,3.849355456571197e-05
380,6,1-7,adjust,-0.00389059612409605,4.1911087270982364e-05,6.962272005115625e-05
380,9,1-8,adjust,-0.0035687867017512114,-9.84999705826749e-05,1.6640765526233204e-05
381,2,1-4,adjust,-0.0025242925884656465,-2.674857855346591e-05,9.487554373828397e-05
381,3,1-4,adjust,-0.0003051747958646221,-5.677195419520216e-05,0.00014077184729504677
381,6,1-5,adjust,0.009228407242396569,-6.379516684503813e-05,2.7198439542186407e-05
381,7,1-4,adjust,0.00871496461184698,0.00012719137455280226,1.3543999655972121e-05
381,8,1-5,adjust,0.00810903951605625,5.765966459578015e-05,1.0333406210721976e-05
381,9,1-5,adjust,0.003479826297905625,0.00016426550638212184,6.73194444622638e-06
382,2,1-7,adjust,-0.0012677790918423826,8.723499350724759e-05,1.5908445928261423e-05
382,3,1-7,adjust,-0.010482750655613517,0.000191378173756645,0.000106312388527317
382,4,1-7,adjust,-0.008692469372352135,4.2515959390950414e-05,7.799613946152623e-05
382,5,1-7,adjust,-0.007155901365208505,-6.350919211800029e-05,2.3436790216038167e-05
382,6,1-7,adjust,-0.007801562297961046,-8.96847606425217e-06,1.5023320322047012e-05
382,9,1-8,adjust,0.002938186289778055,3.073105782543924e-05,6.7962393317974e-06
383,2,1-4,adjust,-0.0001107977749077246,-4.467553925908911e-05,4.656979097404983e-05
383,3,1-4,adjust,0.00428038364747969,1.2923732475454061e-05,5.444377301917212e-05
383,6,1-5,adjust,-0.003948508200297913,4.751443685323239e-05,9.954120687795329e-05
383,7,1-5,adjust,-0.007353289353414386,-0.00016341784923954269,7.953304578810664e-05
383,8,1-5,adjust,-0.00912078888027916,-8.614513766387219e-05,9.839910700804516e-05
383,9,1-5,adjust,-0.0011625840550769523,-6.858257741805714e-05,3.620345476780839e-06
384,2,1-7,adjust,0.0059813003146109486,-0.000244271103424873,8.5572644984265e-05
384,3,1-7,adjust,0.009815475006394755,-0.00020299735244269507,1.3949107541264388e-05
384,4,1-7,adjust,0.0026086720877888654,-4.6232728645113586e-05,6.254830959598844e-05
384,5,1-7,adjust,0.00488944282119114,8.365509256700739e-05,0.0001387641842201697
384,6,1-7,adjust,0.00248389460739883,-9.14551551875235e-06,8.239955361436485e-05
384,9,1-8,adjust,-0.00551800770825728,-0.00011404028155402367,2.7137999467309667e-05
385,2,1-4,adjust,-0.006718177864665725,0.0002661610333309618,3.6922048906772134e-07
385,3,1-5,adjust,-0.00763849462988542,0.0001697236007152466,3.3113422157611257e-05
385,6,1-5,adjust,0.008020345855757867,-4.8288807051985065e-05,2.9935190979363813e-06
385,7,1-4,adjust,0.004772874791224118,0.00011695074494065846,5.012365059706828e-05
385,8,1-5,adjust,0.01288059366600165,0.0001529086196975853,9.275903647552874e-05
385,9,1-5,adjust,0.005662469910142023,0.00017344653379091604,0.00010251023968822931
386,2,1-7,adjust,0.00014587390052619602,-1.5054054430292506e-05,3.6484816165774e-05
386,3,1-7,adjust,-0.0029516236486105967,-4.2038182776393514e-05,2.807735836627534e-05
386,4,1-7,adjust,-0.010419168303146863,0.00016073461147037772,7.477272217997173e-05
386,5,1-7,adjust,-0.012759191722739947,-1.4263840697643074e-06,7.01880116848982e-05
386,6,1-7,adjust,-0.0019620870471940316,0.0001377213567391999,3.311417219446437e-05
386,9,1-8,adjust,0.002231880483302524,3.280494085956405e-05,0.0001289232991252298
387,2,1-4,adjust,-0.0035741922715806823,0.00020459986848855443,0.0001273155139423027
387,3,1-5,adjust,-0.0035067130777499903,8.615296200179997e-05,6.127958492304589e-05
387,6,1-5,adjust,-0.010443336390968238,-0.00015964249332451312,0.00010932987206836989
387,7,1-5,adjust,-0.003959285109607027,-0.00012029056233033677,0.00013235741003996554
387,8,1-5,adjust,-0.012765680161736806,-9.767255817945487e-05,0.00014559208194780363
387,9,1-5,adjust,-0.00207833336725718,-3.171402602943149e-05,0.00017259399167083333
388,2,1-7,adjust,0.005916098167047687,-0.000283848334599497,4.823029018999828e-05
388,3,1-7,adjust,0.016250104840222067,-0.000137427246671706,1.1104774955791325e-05
388,4,1-7,adjust,0.011778436746469688,-0.0001258251616375378,2.760495495483981e-05
388,5,1-7,adjust,0.01394521281791179,-4.453360541381766e-05,3.6373632557289574e-05
388,6,1-7,adjust,0.0053301925903589,1.3542550071332703e-05,2.4593913541995387e-05
388,9,1-8,adjust,-0.004477810263216771,-0.00011752330066411813,4.551258473559439e-05
389,2,1-4,adjust,-0.0007514440105127774,8.880203276486906e-05,5.240108325399017e-05
389,3,1-5,adjust,-0.008307894752062818,9.17209255640699e-05,6.260988291586665e-06
389,6,1-5,adjust,0.0037902821741139727,0.00011948939954042893,1.4779847320311522e-05
389,7,1-4,adjust,0.00940663224770362,3.599474806237053e-05,2.072762442858443e-05
389,8,1-5,adjust,0.007431796459453972,3.535154844846318e-05,6.802954361421924e-06
389,9,1-5,adjust,0.003759761528331183,4.289729522807158e-05,3.5075493677146e-05
390,2,1-7,adjust,0.0015713804846342614,-9.633475838889093e-05,9.843817228187698e-06
390,3,1-7,adjust,0.008006897137884638,-0.00014775689282209983,5.779296002446223e-05
390,4,1-7,adjust,0.0016659407974799207,-1.6347461983909672e-05,2.0812394377721218e-05
390,5,1-7,adjust,0.005706787859449903,4.5490530742628794e-05,0.00014131675285751635
390,6,1-7,adjust,0.0026336960906656577,-0.00010838052868901301,3.139880352261143e-05
390,9,1-8,adjust,-0.00022619496519251124,2.096783926729569e-05,4.8987985314566574e-05
391,2,1-4,adjust,0.0011373029063317204,8.929917743370304e-05,4.677541005532762e-05
391,3,1-5,adjust,-0.006112903500488864,0.00013430355871438035,6.211660208417505e-05
391,6,1-5,adjust,0.005132351911524027,0.00014248197832368375,0.00010028600444397822
391,7,1-4,adjust,-0.003669965798064274,0.00011034134489905034,9.911864237152663e-05
391,8,1-5,adjust,0.0024616921252407654,5.917789872914205e-06,3.9190534000927484e-05
391,9,1-5,adjust,0.002777889713405704,7.2214867502539e-05,5.195460855835536e-05
392,2,1-7,adjust,-0.0031430586093449888,-2.9043966790785354e-05,2.1187099058203262e-05
392,3,1-7,adjust,-0.006393518399908545,1.4506209813410352e-05,6.09691056847122e-05
392,4,1-7,adjust,-0.012720329383206658,0.00011759071961856515,0.00010232232206243537
392,5,1-7,adjust,-0.013511997950863283,-1.5585129506133943e-05,8.983045491871938e-05
392,6,1-7,adjust,-0.00810416299261539,-0.00018920712197584313,2.5277748246700546e-05
392,9,1-8,adjust,-0.0013690078447837586,-5.5758095116986895e-05,3.506111599912767e-05
393,2,1-4,adjust,-0.007973192304312041,0.0001332130013124951,5.05261752827748e-05
393,3,1-4,adjust,-0.00860482525851912,5.368484219447401e-05,0.00016406366401975055
393,6,1-5,adjust,-0.00439192488450255,0.00012194935741939318,5.62607110228085e-05
393,7,1-5,adjust,-0.0037693043915458862,-0.00013187681746184969,0.00011584150307816734
393,8,1-5,adjust,-0.00031013591202358687,-1.3062343574829192e-05,5.618066410549626e-05
393,9,1-5,adjust,0.000719263249351488,7.678823109110984e-08,9.378861898770842e-05
394,2,1-7,adjust,0.010207980375520563,-0.0002555704595724351,2.4385258506618205e-05
394,3,1-7,adjust,0.012784905645220359,-0.00012323617474744805,4.2904094170908675e-05
394,4,1-7,adjust,0.015399876659060297,-0.0001201913089949034,2.491480374204146e-05
394,5,1-7,adjust,0.00938058333267433,5.446682562278353e-06,9.30391528762375e-05
394,6,1-7,adjust,0.0056165688637598325,1.8178061990363529e-06,3.920612191543118e-05
394,9,1-8,adjust,-0.001885624656584874,-1.142684196606486e-06,0.00014469805985527556
395,2,1-4,adjust,0.0015590338954128524,6.426178083504055e-05,8.31753765900318e-05
395,3,1-4,adjust,0.002514097595398281,1.5323042555092986e-05,8.904775293709547e-05
395,6,1-5,adjust,0.003924545087914245,2.813340222522859e-05,2.583443367337475e-05
395,7,1-4,adjust,0.012270426226654953,5.092784457267047e-05,1.846513076313002e-05
395,8,1-5,adjust,-0.002470785721663392,-1.7837029351394443e-08,3.4869730782520646e-05
395,9,1-5,adjust,0.0014472635659177147,4.079633120488704e-06,2.184273010257495e-05
396,2,1-7,adjust,-0.003799111417360598,7.0028917191383514e-06,3.099893849502543e-06
396,3,1-7,adjust,-0.00036570693206893504,4.4566220096512515e-05,2.8962602403178543e-05
396,4,1-7,adjust,-0.0006326589021677756,3.035040511420026e-05,8.671769662782468e-05
396,5,1-7,adjust,0.007872926857427265,-4.893609699619611e-06,3.624040846200189e-05
396,6,1-7,adjust,0.004612940475784724,-3.120694764280792e-05,0.0001570610821306482
396,9,1-8,adjust,-0.0018790353740856442,-5.327901049278197e-05,9.881959615672012e-05
397,2,1-4,adjust,0.0019822420744469785,4.923091217288779e-05,5.808845888340255e-05
397,3,1-5,adjust,0.002829114702062256,-3.7093552168100785e-05,4.2397542017316826e-05
397,6,1-5,adjust,0.0020042594001611538,3.8440083042371954e-05,1.3907130266754761e-05
397,7,1-5,adjust,-0.00031842081712986576,8.982363702793155e-05,6.744827584793055e-05
397,8,1-5,adjust,0.002035564490223195,8.864764378131456e-05,3.101554590058321e-05
397,9,1-5,adjust,-0.0005257765224443492,3.0356017690207865e-05,4.281696677875869e-06
398,2,1-7,adjust,-0.003804807532140581,5.288378114320601e-05,3.625063064534561e-05
398,3,1-7,adjust,-0.009651008677579561,0.00015470575814563808,2.6894860228134294e-05
398,4,1-7,adjust,-0.007492225657903022,5.357324729056486e-05,0.00012262277450774683
398,5,1-7,adjust,-0.006508050013505629,4.252553397787926e-05,4.195330166982838e-05
398,6,1-7,adjust,-0.004248408327250979,-4.632097427261923e-05,0.00010189629826899719
398,9,1-8,adjust,0.0036950836797611246,4.315702176256919e-06,4.0856130254030163e-07
399,2,1-4,adjust,-0.0012741095882793498,8.023335657412098e-05,1.9048226084183223e-05
399,3,1-4,adjust,-0.0011120941436684863,-0.00012747380619650966,0.00010250460551825676
399,6,1-5,adjust,0.001990116476931838,-2.2338047357008192e-05,2.6726184479854625e-05
399,7,1-4,adjust,-0.002705737745210769,-5.8837196520143684e-05,2.8310008254324682e-05
399,8,1-5,adjust,-0.001619122094284203,-1.9205424009909787e-05,4.799669107013446e-05
399,9,1-5,adjust,-0.001043441264913802,4.838880475516565e-05,2.8289646617690476e-05
400,2,1-7,adjust,0.0010428808702007335,-0.0001541403855034915,1.089365547178663e-06
400,3,1-7,adjust,0.001734066992206464,6.714036663207083e-06,1.911415764725235e-05
400,4,1-7,adjust,0.004407778128314502,-4.8680707066211334e-05,6.186723724674841e-06
400,5,1-7,adjust,0.000609468377538352,-3.687122275264093e-05,9.221350487938433e-05
400,6,1-7,adjust,-0.004046825603025867,5.077782491807162e-05,0.00011262879386894411
400,9,1-8,adjust,-0.002281861717209847,2.2809011248874863e-05,3.7420679729100464e-05
401,2,1-4,adjust,0.0009775665290074282,4.8163428309360505e-05,9.135977642178588e-05
401,3,1-4,adjust,0.0021390481306218278,-8.784042169091287e-06,5.6334321127926605e-05
401,6,1-5,adjust,0.0024755382700533666,-9.843429355873917e-05,2.4569794926627475e-05
401,7,1-4,adjust,-0.003802409206087131,-4.840465377126089e-05,2.1448452329591533e-05
401,8,1-5,adjust,-0.0005788904519159572,-8.262705908547929e-05,3.215340049185563e-05
401,9,1-5,adjust,0.0009018398432579574,-6.602472996638611e-05,4.2339727036235755e-05
402,2,1-7,adjust,0.005523516034354859,-0.00010870383806112559,0.00010267801466865836
402,3,1-7,adjust,0.0031120481097966545,-0.00014162162580423981,1.580837698752111e-05
402,4,1-7,adjust,-0.0005064635717682742,-3.984200190404209e-05,6.932654693911397e-05
402,5,1-7,adjust,0.004061467481783513,3.700894901965017e-05,8.383403669171707e-05
402,6,1-7,adjust,-0.002389952165989068,5.8065233639874e-05,4.18560239960408e-06
402,9,1-8,adjust,-0.0006046521910668934,-5.2835028764305416e-05,2.463809201878392e-06
403,2,1-4,adjust,-0.0017621663340339948,4.2712527342455565e-06,3.982785732863572e-05
403,3,1-5,adjust,-0.0025422022177810097,0.00012992533819559162,2.3720144306490063e-05
403,6,1-5,adjust,0.0027694624956062295,8.676322654782311e-05,9.698125060608352e-05
403,7,1-4,adjust,0.0009314420604250463,0.00012023510640930386,8.202501195461498e-05
403,8,1-5,adjust,0.0070525777339235035,7.721399053590943e-05,8.940923213088705e-05
403,9,1-5,adjust,0.0033596483132670883,8.996933209657874e-05,8.845064169209424e-05
404,2,1-7,adjust,-0.007264481744129184,0.00014143446663916962,5.1147165242443696e-06
404,3,1-7,adjust,0.002940637844148675,-3.556529423337017e-05,2.7574662424191987e-05
404,4,1-7,adjust,-0.012269397452023004,7.900783022225998e-05,4.392121190768095e-05
404,5,1-7,adjust,-0.007706177890648525,4.251096964411983e-05,8.053147252739515e-05
404,6,1-7,adjust,-0.004685622308772536,-4.3205895964903e-05,4.823863178986878e-05
404,9,1-8,adjust,0.0007958149934397427,9.624611026105623e-05,6.342282702866449e-06
405,2,1-4,adjust,-0.00281726528219738,0.00017092796123412731,7.980779365790185e-05
405,3,1-4,adjust,-0.00986662266486234,0.000189252916701271,0.00011061730902235553
405,6,1-5,adjust,0.0026275015971385556,-1.901857233083455e-05,0.0001408944090802205
405,7,1-4,adjust,-0.0015313569329458816,-8.254098928233721e-05,9.423543207658978e-05
405,8,1-5,adjust,-0.004931562959315206,1.0406019481815773e-05,2.147869800664456e-05
405,9,1-5,adjust,0.000398481845507063,-4.0725268909567676e-05,1.810882938714249e-05
406,2,1-7,adjust,0.00663376451110496,-0.000328960492494956,8.546958994032599e-05
406,3,1-7,adjust,0.005089493151084197,-0.00017248564340180118,6.76042541769311e-05
406,4,1-7,adjust,0.008709603502247167,-9.579105042114689e-05,5.7304138949738636e-05
406,5,1-7,adjust,0.003491978877785922,-5.1948217475720346e-05,4.233868021890439e-05
406,6,1-7,adjust,-0.006718880606734174,-0.00014936285208823615,9.079196491610635e-05
406,9,1-8,adjust,-0.00299268685002445,-2.2046325565938444e-05,7.359761689690904e-05
407,2,1-4,adjust,0.0005202340547899593,4.353614254091011e-05,3.7978705383752413e-05
407,3,1-5,adjust,-4.15325596151278e-05,-0.0001087545336930307,5.518030735355557e-06
407,6,1-5,adjust,0.006837334225744121,0.00011575321286917746,8.995997793615119e-05
407,7,1-5,adjust,0.003817855119481576,2.8341508665231797e-05,7.998044730100609e-05
407,8,1-5,adjust,-0.0003340216949792628,-0.00010411444993055038,6.139945788157551e-05
407,9,1-5,adjust,0.0026034311497540154,-2.596598811040481e-05,9.693829990735045e-05
408,2,1-7,adjust,0.0003091585730806915,0.00013255070341297072,7.443784704889606e-05
408,3,1-7,adjust,0.002646859739111815,3.605381099956082e-05,1.812399871295543e-05
408,4,1-7,adjust,0.0030402939868085306,0.0001699529088857972,0.00016570561604752458
408,5,1-7,adjust,0.002287841910765536,-7.892763118998847e-05,3.197358997133708e-05
408,6,1-7,adjust,-0.002294459177352994,-8.965463541369871e-06,2.9080685469850453e-05
408,9,1-8,adjust,-0.0037415146231674482,-0.00015753667273839576,2.5922003512525716e-05
409,2,1-4,adjust,-0.004059808825531453,6.140771512323067e-05,0.00011485286496720937
409,3,1-4,adjust,-0.0026968705561728925,0.00011423690362307573,0.00014999899265701023
409,6,1-5,adjust,-4.6494065834772976e-05,9.451640592524173e-05,0.00011305060651785659
409,7,1-5,adjust,-0.0009038650959336133,-0.00010248610385483906,0.00012260602322483887
409,8,1-5,adjust,0.0011038429468513873,2.6453835789802234e-05,0.00014551394479985895
409,9,1-5,adjust,0.0004161625338499908,9.000048903150075e-05,0.00011188391718140157
410,2,1-7,adjust,0.007322424585393191,-0.0002019476891201474,1.5013226629499577e-05
410,3,1-7,adjust,0.013545832237170843,-0.0001224834815832992,2.612904948309134e-05
410,4,1-7,adjust,0.005212902846410349,-0.00014566737868074425,1.2792130823088079e-05
410,5,1-7,adjust,0.006905357191685228,6.091001162295091e-05,9.834159580473496e-07
410,6,1-7,adjust,0.005839491477599741,-3.254918719862064e-05,1.5242431891845911e-05
410,9,1-8,adjust,-0.000190622259076561,8.478774687461707e-05,9.121138407842571e-05
411,2,1-4,adjust,-0.0004933946630487345,7.93873581436206e-05,3.806370582736938e-05
411,3,1-4,adjust,-0.007429035919508645,4.225332746252708e-05,6.983911155126323e-05
411,6,1-5,adjust,0.005943637911896511,-6.727680158381519e-06,4.782301424340704e-05
411,7,1-4,adjust,-0.0023013223885808213,0.0001059640781743172,8.659983572814689e-05
411,8,1-5,adjust,0.0010155081056436952,0.00014887052995281376,5.896651843760831e-05
411,9,1-5,adjust,-0.0011452891040403025,-7.14523883344081e-05,1.377704758580784e-05
412,2,1-7,adjust,-0.004506164624587787,2.246493482517344e-05,5.043366140460807e-05
412,3,1-7,adjust,-0.0005550430832265344,2.4702551162867643e-05,5.964027708844574e-05
412,4,1-7,adjust,-0.00561982597331074,8.791835504787025e-05,9.397764627227681e-05
412,5,1-7,adjust,-0.012644126619124015,1.597315788722397e-05,1.2412730419079077e-06
412,6,1-7,adjust,-0.01428863607293889,-3.956158124498609e-05,8.205237428468864e-05
412,9,1-8,adjust,0.0050532200507250455,0.00010280580990200327,4.5141712025897444e-05
413,2,1-4,adjust,-0.0016912500884423102,5.934589149892563e-05,4.281984897244118e-05
413,3,1-5,adjust,-0.008649790951224852,3.7572160441583215e-05,3.4440307999065836e-05
413,6,1-5,adjust,0.0025061163443610025,2.0452916114208165e-05,0.00010602211180532671
413,7,1-5,adjust,0.0027144506518966115,-4.270796230593833e-05,6.820210520766365e-05
413,8,1-5,adjust,-0.00471980987977416,-0.00010348344586466612,1.2670957731218063e-05
413,9,1-5,adjust,-0.0017973903156244073,-5.499918136219002e-05,4.850831881960621e-05
414,2,1-7,adjust,0.005180224066975474,-7.923126917602205e-05,2.7424523421021248e-05
414,3,1-7,adjust,0.010663993459909865,-0.0001053581256372332,9.991726699256102e-05
414,4,1-7,adjust,0.0020962501697965566,-0.0001337818472215936,0.000120546169460626
414,5,1-7,adjust,0.008962464074636859,-6.702026218367178e-05,6.58093107986077e-05
414,6,1-7,adjust,-0.0012155420041474333,-3.3288258043728906e-05,3.535216021578011e-05
414,9,1-8,adjust,-0.002160244031275878,-9.026252997473258e-06,8.012736319669239e-06
415,2,1-4,adjust,-0.00039807174172348813,-0.00010974863756514343,1.1068344477726866e-05
415,3,1-5,adjust,-0.0032111832935420607,9.021669267461469e-07,3.4501166462292675e-06
415,6,1-5,adjust,0.00824984734109819,0.00010583678323198022,0.00011035627977469889
415,7,1-4,adjust,-0.0038900951803436134,-4.610389975554866e-06,9.043073151998842e-05
415,8,1-5,adjust,0.0030294064145743424,-1.993566781910102e-05,8.0409430599816e-05
415,9,1-5,adjust,-0.001058252553141654,3.152422481977391e-05,0.0001232236261062995
416,2,1-7,adjust,-0.0033856532690488676,4.514686590259666e-05,5.72415617185699e-05
416,3,1-7,adjust,0.0022372339893493003,7.527158235093992e-05,3.883360284446846e-06
416,4,1-7,adjust,-9.60000420448631e-06,6.755994212911556e-05,7.4427619346425095e-06
416,5,1-7,adjust,-0.008268398407079474,-3.6170397317626805e-05,2.772280631489201e-05
416,6,1-7,adjust,-0.009780079758690885,-8.089914411154868e-05,8.497230774836088e-05
416,9,1-8,adjust,0.0015819368022242145,-4.65789067535346e-05,4.9692075874433645e-06
417,2,1-4,adjust,0.0015803659601376287,2.45061549693008e-05,1.5436122467396812e-05
417,3,1-4,adjust,-0.0037780458671210315,-1.311902183622091e-06,8.281050548719717e-05
417,6,1-5,adjust,-0.0019143439626267723,1.951050957005025e-05,3.9521720948333195e-05
417,7,1-4,adjust,0.0013052389191786466,-6.069817942124705e-05,2.338194830798434e-05
417,8,1-5,adjust,-0.004388904774275265,-8.792853126616737e-07,4.640236220991222e-05
417,9,1-5,adjust,-0.004835642202395531,-4.136776889287068e-05,5.056391096514444e-05
418,2,1-7,adjust,0.0036772410066093332,-0.00013665736123879868,6.328585631678392e-05
418,3,1-7,adjust,0.006771727555406383,-0.0001495406310152314,3.0434584949753542e-05
418,4,1-7,adjust,0.00530488562536282,1.0729283571632191e-05,6.237762710064076e-05
418,5,1-7,adjust,0.008713396609647822,6.194452812915728e-05,6.373849672182394e-05
418,6,1-7,adjust,0.006838814199763658,2.0646987029697526e-05,3.4974535223142886e-05
418,9,1-8,adjust,0.0030168906833913023,-3.718304361029112e-05,4.459401885941458e-05
419,2,1-4,adjust,-0.0018862460191951744,0.000117411886038677,5.503077842935044e-05
419,3,1-4,adjust,-0.0036424411604479776,9.442151537141867e-05,4.847225417990469e-05
419,6,1-5,adjust,0.0054829110922950995,3.6641738659505066e-05,2.9118289380865497e-05
419,7,1-4,adjust,0.005931594659307599,0.00012242295288450718,9.077750483384875e-06
419,8,1-5,adjust,0.005341561504425784,-8.243882471225728e-06,2.251761560191885e-06
419,9,1-5,adjust,0.0034186887678406427,0.0001675882938197841,5.4455486896543584e-05
420,2,1-7,adjust,-0.006856469725780311,0.00011362684468060801,6.277507501797292e-05
420,3,1-7,adjust,-0.0025258579995462434,0.0001429991537106075,4.068419765607185e-05
420,4,1-7,adjust,-0.007849032659959359,-3.5118528644786236e-05,4.4888234638761004e-05
420,5,1-7,adjust,-0.0063418295691916255,-4.5215231070609065e-05,3.480432007761167e-05
420,6,1-7,adjust,-0.004266558548476905,-9.988735861499795e-05,6.26543815488281e-05
420,9,1-8,adjust,-0.00035885855146411584,-7.45298804799193e-05,7.044856095876079e-05
421,2,1-4,adjust,0.0051109289617814,-5.950030502738733e-05,6.596071456723596e-05
421,3,1-4,adjust,-0.004025126230720069,-7.205563300003138e-05,5.1983030561102463e-05
421,6,1-5,adjust,-0.004317694164554567,8.461364259111313e-05,3.554641174858337e-06
421,7,1-4,adjust,-0.0069866620057214505,-8.477876193112999e-05,1.5596160528988442e-05
421,8,1-5,adjust,-0.0024078917003890936,-4.188410462001457e-05,1.822065991826916e-05
421,9,1-5,adjust,-0.0021476065607488157,1.6518253091975345e-06,2.822322114157523e-05
422,2,1-7,adjust,0.0006873222852118878,-4.219039435135052e-05,5.252184675858981e-05
422,3,1-7,adjust,0.009800657646618935,-0.00010927504888800484,3.3700128315775464e-05
422,4,1-7,adjust,0.006649242870305136,1.5713203729844145e-05,7.132406896119622e-05
422,5,1-7,adjust,0.001300382512575134,3.0568603831195795e-05,4.885693328040436e-05
422,6,1-7,adjust,0.001203045681709722,-0.00013355028672218895,6.0486573127578975e-06
422,9,1-8,adjust,0.0005001061722767581,-6.491049746280206e-05,7.638449252355779e-05
423,2,1-4,adjust,0.003324190417165674,7.355665612366478e-05,2.8113222152892837e-06
423,3,1-5,adjust,-0.0034971634185503877,8.547577232612446e-05,5.0596040009207256e-06
423,6,1-5,adjust,0.0021927345612759775,8.56111080941861e-05,2.3025504673092163e-05
423,7,1-5,adjust,-0.0013990412252680201,7.667172245096785e-06,7.366980302158895e-05
423,8,1-5,adjust,-0.000817670304782082,9.996162791502595e-05,4.885279817256351e-05
423,9,1-5,adjust,2.3462885141464024e-05,1.478219548076933e-05,2.262645598415769e-06
424,2,1-7,adjust,-0.003540199662172282,-0.00016911620127901236,0.00013989682475633569
424,3,1-7,adjust,0.0002061079479842539,-1.0535373496530943e-05,7.012213646220005e-05
424,4,1-7,adjust,-0.002070944933247608,5.540353940387728e-05,7.172050744867147e-05
424,5,1-7,adjust,-0.004192873069999657,0.0001245239825354864,1.7881582517092532e-07
424,6,1-7,adjust,-0.0049483172932009226,-1.0860500561232227e-05,3.008570658754955e-05
424,9,1-8,adjust,0.0007088643860553381,7.74679389225851e-06,9.945419754636985e-05
425,2,1-4,adjust,-0.0013083649138905915,0.00021093767419983744,3.0419477478711535e-05
425,3,1-4,adjust,-0.0015931767609265854,-1.1803349230596668e-06,0.00012398074074073737
425,6,1-5,adjust,0.00857351608228806,-5.616743170686929e-05,5.172435277096523e-05
425,7,1-4,adjust,0.014777864721175456,0.00011418004855119382,0.00010010461475305809
425,8,1-5,adjust,0.009612460002075189,4.5695751668543396e-05,4.2697748352531434e-05
425,9,1-5,adjust,0.002779994249436279,0.00013743962571457406,3.919367154751725e-05
426,2,1-7,adjust,-0.002219696696216373,1.6098298803324186e-05,4.291638137159275e-05
426,3,1-7,adjust,-0.0025164244015501995,4.7996876608501614e-05,5.672375367821943e-05
426,4,1-7,adjust,-0.0045194796410179565,2.432110343997757e-05,7.989180358356727e-05
426,5,1-7,adjust,0.001491561642264074,-0.00015063494868249876,8.26486984120428e-05
426,6,1-7,adjust,0.0013059737829280882,0.0001060044220205724,9.27120987644198e-05
426,9,1-8,adjust,0.004128991127798348,5.9284678734988234e-05,4.6975627029801904e-05
427,2,1-4,adjust,0.0010083728721583243,-7.068137377644527e-05,5.5690678045733686e-05
427,3,1-4,adjust,-0.0029854569962756736,-4.846923608819276e-05,7.494217593233729e-05
427,6,1-5,adjust,-0.008402724077676275,-0.00014030079637521585,0.00014271834830380354
427,7,1-5,adjust,-0.012148163413877575,-0.0001456429265943019,0.00010160984284506064
427,8,1-5,adjust,-0.009025175638526357,-0.000175162979352963,0.00014950679750630276
427,9,1-5,adjust,-0.011344429549805584,-0.0002869010368961166,0.00018460013971793553
428,2,1-7,adjust,0.0031469144618353167,-0.00010984141456462745,7.71485542355177e-06
428,3,1-7,adjust,0.007101177986692597,2.9518013666852112e-05,5.2871710945129965e-05
428,4,1-7,adjust,0.003187607122255985,-8.670684566836981e-05,6.673732243617891e-05
428,5,1-7,adjust,0.009585754016000148,-2.985136595385627e-06,1.1206775316231643e-06
428,6,1-7,adjust,0.003374191368036799,0.00013187655605152832,9.021279518745599e-05
428,9,1-8,adjust,0.002117293929961733,7.707407059382193e-05,1.0447532126192771e-05
429,2,1-4,adjust,-0.0011349447797144125,0.00012481393521923383,3.768052651472753e-05
429,3,1-5,adjust,0.0014903375943648581,-8.210213126609808e-06,4.737184379315737e-05
429,6,1-5,adjust,0.007422846304493757,-7.720701523615894e-05,5.6903550084848874e-05
429,7,1-5,adjust,0.0088619863803452,0.00012349966899787975,7.345876423009827e-05
429,8,1-5,adjust,0.0013335545236125177,7.682795423364966e-05,3.8027866771205815e-05
429,9,1-5,adjust,-0.00191200539854148,-1.1889975567658774e-05,4.609814177771278e-05
430,2,1-7,adjust,-0.0018892668554170444,4.657573888966385e-05,7.362933453366537e-05
430,3,1-7,adjust,-0.009305218319725417,3.556373758094154e-05,2.105923903593688e-05
430,4,1-7,adjust,-0.003271903028118852,2.38713294635162e-05,9.752165928061784e-05
430,5,1-7,adjust,0.0020059045530887625,0.00013569589704988446,6.2706442537920225e-06
430,6,1-7,adjust,-0.0018310745372226026,6.709779740033496e-05,3.157485911948252e-05
430,9,1-8,adjust,0.006126848170747879,4.618349069265624e-05,6.925425073627793e-05
431,2,1-4,adjust,0.0024938684814623108,-1.944635051719936e-05,4.8892201243235033e-05
431,3,1-4,adjust,0.0065309267466029325,3.0766910272654857e-05,7.437934124452754e-05
431,6,1-5,adjust,0.005632790090730853,-3.506758306984896e-05,0.00012840135866947467
431,7,1-5,adjust,0.0009822976308241915,1.3291549406066603e-05,9.554356622294848e-05
431,8,1-5,adjust,0.00964420483158676,0.00011203687683982627,0.00010661629222645748
431,9,1-5,adjust,0.0033994290673398132,0.00019579310626880765,8.257791668490997e-05
432,2,1-7,adjust,-0.004197345363489095,-3.546500218966333e-05,9.087500966378919e-05
432,3,1-7,adjust,-0.003826372863397764,-7.854082075670291e-05,9.74899871870694e-05
432,4,1-7,adjust,-0.0071493374890174,1.0017225787361261e-05,6.45694541231512e-05
432,5,1-7,adjust,-0.005246740306325918,-1.4530888004678523e-05,5.384905048465353e-05
432,6,1-7,adjust,-0.007592935246510755,0.00012964725257431066,4.276213218767403e-05
432,9,1-8,adjust,0.0013104705207047124,2.656162638981943e-05,0.0001545669016006236
433,2,1-4,adjust,-0.0007694219850516208,7.256786842251646e-05,7.300859594954388e-05
433,3,1-4,adjust,-0.004648214755312684,0.0001377822104816327,0.00014389181943070872
433,6,1-5,adjust,0.006480611418470654,-0.0001671541454783102,0.0001285908867887453
433,7,1-5,adjust,-0.0004850663433379574,-7.89406869735163e-06,0.00012510398228984866
433,8,1-5,adjust,-0.001254743175838124,-2.2772582019025936e-05,6.644002170937759e-05
433,9,1-5,adjust,-0.006048933672418705,-0.00010888567379325597,2.3856467510859286e-05
434,2,1-7,adjust,0.003657514892522288,-1.9894954003128478e-05,0.00012774781197921127
434,3,1-7,adjust,-0.0006109566036997568,-6.486566798148327e-05,7.515131424514243e-05
434,4,1-7,adjust,0.005424703500075824,2.9426771413676317e-05,0.00013006001968412763
434,5,1-7,adjust,-0.003261006550111489,-2.606037804521608e-05,6.713377851102281e-05
434,6,1-7,adjust,-0.006173342290546434,5.734776450901007e-05,5.657909898563862e-05
434,9,1-8,adjust,0.0041102773111650875,5.8268738728306776e-05,6.722732596897398e-05
435,2,1-4,adjust,-0.0003495286235468345,-1.4995317087115994e-05,5.560843528306788e-06
435,3,1-4,adjust,0.0033482565307732534,-7.225781715759578e-05,7.817900089863671e-05
435,6,1-5,adjust,-0.004512384451996181,7.570672254100116e-05,8.270500448635266e-05
435,7,1-4,adjust,-0.004202159549610435,-7.698648071751112e-05,5.32843268007293e-05
435,8,1-5,adjust,-0.0035448932869933114,-4.728806698405608e-05,1.746648143262581e-05
435,9,1-5,adjust,-0.006676319519744538,-0.00011107695182541393,1.7907602937589622e-05
436,2,1-7,adjust,0.004555109073096265,-0.00012159001682733794,0.00014156821152882466
436,3,1-7,adjust,0.0018375970544795347,-7.764930289496269e-06,5.85576655406759e-05
436,4,1-7,adjust,0.001796849603800949,-1.3127743450187632e-06,2.9706129525733905e-05
436,5,1-7,adjust,-0.0033434047054180143,-0.00011288382480103855,4.776764310961323e-05
436,6,1-7,adjust,0.004883968626975444,-4.3602304045555606e-05,3.122667902438659e-06
436,9,1-8,adjust,0.004928740805700829,1.9060884702597565e-05,0.00012961289202209104
437,2,1-4,adjust,-0.007428307056046293,2.5756395469361155e-05,4.7618467561915194e-05
437,3,1-4,adjust,0.0006596176467765767,0.00012917275011172687,0.00010581968149227526
437,6,1-5,adjust,-0.011264509207802049,-3.913030481651604e-05,4.618257544435902e-05
437,7,1-4,adjust,-0.0018471223903245818,4.24714166072005e-05,8.291658967913347e-05
437,8,1-5,adjust,-0.011071777066639065,-0.00010519346383207632,8.021448179790629e-05
437,9,1-5,adjust,-0.005715457125610785,-0.00014596239707370751,0.00011128386053507858
438,2,1-7,adjust,0.0030810409158671098,7.064786730085012e-05,0.00011922321199307569
438,3,1-7,adjust,-0.0027897616373883474,-5.221116186796697e-05,8.598973769477494e-05
438,4,1-7,adjust,0.0033549987911621806,-1.7793521200412094e-05,6.392496765115737e-05
438,5,1-7,adjust,0.0024565081797026985,0.00011651449229253454,9.028026839781928e-05
438,6,1-7,adjust,0.0058868146300718035,-6.919381227839691e-06,5.005908607471098e-05
438,9,1-8,adjust,-0.0020140285965471114,-2.230343915700241e-05,0.00016750025000136125
439,2,1-4,adjust,-0.0005467804848034854,-4.5321767787967415e-05,3.0849041748921353e-06
439,3,1-5,adjust,0.0031560427482509256,2.481578305618351e-07,2.9528205603876104e-05
439,6,1-5,adjust,0.005342389405055421,8.235454619435041e-05,1.5089548157996339e-05
439,7,1-4,adjust,0.0014688082365125416,3.1706349258072574e-05,1.0665899549846306e-05
439,8,1-5,adjust,0.0074739207504697204,0.0001243087418971385,2.463158531901079e-05
439,9,1-5,adjust,0.004135859014837523,8.959590800057077e-05,3.236100967120652e-05
440,2,1-7,adjust,0.0023958099310283174,1.0955903058978045e-05,2.729216148608605e-05
440,3,1-7,adjust,0.007291899919950494,3.745734554283655e-05,5.495568050765053e-05
440,4,1-7,adjust,0.0022107444521135867,-2.4208376063869887e-05,3.573856468727493e-05
440,5,1-7,adjust,-0.005354604759759962,-9.526122032025357e-05,7.922147398172999e-06
440,6,1-7,adjust,-0.0059560769557321525,-7.237172601796802e-05,4.532829684556438e-05
440,9,1-8,adjust,0.00022963942337968397,8.749030698501258e-05,1.306286882829126e-06
441,2,1-4,adjust,-0.0014688815998431999,-2.734728215220164e-05,1.381203215601878e-05
441,3,1-4,adjust,-0.005022802744981493,-0.00012749028575046058,9.93611769940401e-05
441,6,1-5,adjust,-0.006530575915159726,2.0048019725502673e-05,1.2581318272564249e-05
441,7,1-4,adjust,-0.006232223670181518,-6.923820330965904e-05,8.479025111308728e-06
441,8,1-5,adjust,-0.0019032469863967036,-4.8320270169507424e-05,4.7052330639687046e-05
441,9,1-5,adjust,0.0014583936787515715,-7.379513086380572e-05,9.082029027544407e-07
442,2,1-7,adjust,0.0034213652785423524,6.711079852613949e-07,7.287547105871536e-05
442,3,1-7,adjust,-0.004596197409540964,0.00011785625634367702,2.9195468261506794e-05
442,4,1-7,adjust,-0.0034795449808748755,2.9230044494702773e-05,2.1266747841122452e-05
442,5,1-7,adjust,-0.001384943849368106,4.1236515871315097e-05,2.38831360195704e-05
442,6,1-7,adjust,0.0034880546176925963,3.3853317334737348e-06,4.7844581610432116e-05
442,9,1-8,adjust,-1.4206585971667987e-05,-2.846750808510435e-05,4.170157980928347e-05
443,2,1-4,adjust,-0.00387501897966094,5.8765291441927636e-05,5.3670184673637994e-05
443,3,1-5,adjust,0.0013010891882456917,-5.29567301252683e-05,6.294312195727786e-05
443,6,1-5,adjust,1.6100835493857467e-05,1.0881434421641963e-05,5.64128766954054e-05
443,7,1-4,adjust,0.0013027078992646141,5.068028878180566e-05,1.6533684410636145e-05
443,8,1-5,adjust,-0.0012354241777108275,-3.252949329696227e-05,7.733718790194716e-05
443,9,1-5,adjust,-0.0013629116939184202,8.959289770313362e-06,7.386174518860302e-05
444,2,1-7,adjust,-0.00435678787940272,4.343663063306136e-05,9.714949006113124e-05
444,3,1-7,adjust,0.0020142812744560336,5.8263851555753417e-05,1.5140464364294847e-05
444,4,1-7,adjust,-0.004828746375947962,-1.6472548604031886e-06,2.2754435632346347e-05
444,5,1-7,adjust,-0.0034365976790607044,7.035992413765061e-06,9.141239502961073e-05
444,6,1-7,adjust,-0.0005276908881311319,-0.00014774230824726763,7.212665402201842e-05
444,9,1-8,adjust,-0.0009033891132449617,1.3463688747941795e-05,1.512820990302802e-05
445,2,1-4,adjust,0.002225369824752072,9.011921974355182e-06,6.260684264994008e-05
445,3,1-5,adjust,-0.004618914273784728,-4.4543401038310567e-07,1.1442762731154057e-05
445,6,1-5,adjust,-0.002190929813448443,0.00010514946319794447,6.1031484406407685e-05
445,7,1-5,adjust,-0.0029530646402450888,-7.275639885405573e-05,8.617703927280723e-05
445,8,1-5,adjust,-0.0005004651993857437,-3.4342307037402875e-06,1.6972589022442294e-05
445,9,1-5,adjust,0.0007473994894700254,3.24968607833684e-05,7.640009080592313e-06
446,2,1-7,adjust,0.0012077138683495917,-4.162926300823138e-05,3.746464340009219e-05
446,3,1-7,adjust,0.003895987097341396,-0.00014680398991211824,1.5102410132932451e-05
446,4,1-7,adjust,0.008396319318056372,2.4947052819627307e-05,3.652857846792709e-05
446,5,1-7,adjust,0.007542067486770395,7.829090443807868e-05,6.393531481446427e-05
446,6,1-7,adjust,-3.494978780087756e-05,-9.522565616176201e-05,3.714957057891049e-05
446,9,1-8,adjust,-0.0019479528426449906,-5.7906280419782925e-05,9.701335547961107e-05
447,2,1-4,adjust,0.0011515028084952024,-4.7331466728783705e-05,9.546234243433222e-05
447,3,1-5,adjust,-0.0005731654378975717,0.00011222086896786323,6.192583428124214e-05
447,6,1-5,adjust,0.006251706927828988,0.00021360139995036927,0.0001236757261270958
447,7,1-4,adjust,0.008606722178071792,9.53530820224493e-05,1.0603510610168092e-05
447,8,1-5,adjust,0.0023948330585975342,1.7077258080800677e-05,8.631680882963584e-06
447,9,1-5,adjust,0.0071040429588278015,0.00010264927729088971,9.101763279596838e-05
448,2,1-7,adjust,-0.0038457291909757127,7.527899469872624e-05,4.700499029725666e-05
448,3,1-7,adjust,-0.0009371600025442228,-1.4226078129684712e-05,8.152507651081543e-05
448,4,1-7,adjust,-0.0016045013952264583,-7.81058302571453e-05,7.546535222036492e-05
448,5,1-7,adjust,0.0012908436167767278,-7.268166348355231e-05,4.0279512831896955e-05
448,6,1-7,adjust,0.00017980024866266834,-5.7010960038716274e-05,2.6731285937723798e-05
448,9,1-8,adjust,-0.005651785360195522,-0.00010464330346334856,8.529784489712312e-05
449,2,1-4,adjust,0.00681985078387669,-9.571380833559395e-05,4.4471528806325634e-05
449,3,1-4,adjust,0.005134620442123099,-2.8002848833022894e-07,5.2231941724871344e-05
449,6,1-5,adjust,-0.0025180184910809527,-6.255813116946817e-05,1.0717274261759114e-05
449,7,1-4,adjust,-0.0008595027616166944,-8.075897382141045e-05,2.303475818141748e-05
449,8,1-5,adjust,0.0019710764313958006,-3.950144804143108e-05,9.735118746653636e-06
449,9,1-5,adjust,0.001181261483931652,2.76005019925262e-05,3.6054358305540366e-05
450,2,1-7,adjust,-0.0022260241819742075,-7.000989440328895e-05,6.770534971972933e-05
450,3,1-7,adjust,0.00468370374318696,-8.852031703722662e-05,1.762838730867358e-05
450,4,1-7,adjust,0.0006853177899684086,-6.0590550176047144e-05,1.7591615046089665e-05
450,5,1-7,adjust,0.004875374217313137,-4.684027929847948e-05,1.5941903951082446e-05
450,6,1-7,adjust,0.00391974576008561,-7.741665085322359e-05,4.9730401892582805e-05
450,9,1-8,adjust,7.61452658731133e-05,-8.692550136467788e-05,3.919684516137143e-05
451,2,1-4,adjust,0.0012823099739860341,6.778242850923802e-05,2.4126474220980588e-05
451,3,1-5,adjust,-0.003074635037578895,-9.049643599600222e-06,1.6218161359983104e-05
451,6,1-5,adjust,0.0007734951467325407,0.00012190221107862777,0.00010072006725031064
451,7,1-4,adjust,-0.003940183619162507,2.0844726757589485e-05,1.3333355813038126e-05
451,8,1-5,adjust,-0.008036652939067745,-2.7864760282401285e-05,4.206160807282758e-05
451,9,1-5,adjust,-0.005327815674526117,1.6823392851230474e-05,7.181697505165634e-06
452,2,1-7,adjust,-0.0017681918550179455,-5.629171836160353e-05,0.0001276439899858021
452,3,1-7,adjust,-0.0049852501988292275,7.614252725244966e-05,0.0001615346873371519
452,4,1-7,adjust,-0.005727811323731073,0.00010241107495939227,3.5593544964904946e-06
452,5,1-7,adjust,-0.007639642220032457,2.1602776976438128e-05,4.647748756844374e-05
452,6,1-7,adjust,-0.005218133047492889,-2.8265192216420614e-05,4.486773421965024e-05
452,9,1-8,adjust,0.001982750960480401,1.1936391603588651e-05,6.472820110940599e-05
453,2,1-4,adjust,-0.000988175650217196,2.9895545828047553e-05,1.1238774593275907e-05
453,3,1-5,adjust,0.0016622852098395115,-2.156909097713715e-06,4.285347615082222e-05
453,6,1-5,adjust,-0.002832618533756699,-8.832143321877925e-05,3.772634828927793e-05
453,7,1-5,adjust,0.0025846939872641935,-8.934715992121822e-05,0.00013772001434963962
453,8,1-5,adjust,-0.0011375001993756293,5.783924579515076e-06,3.9647720321583144e-05
453,9,1-5,adjust,0.001172737941060272,3.2344540060412014e-05,1.563727386108798e-05
454,2,1-7,adjust,0.007049439108391646,-6.0136841296552925e-05,2.411927633505695e-07
454,3,1-7,adjust,0.007698167835269527,-1.0508608399755698e-05,7.174774264182677e-05
454,4,1-7,adjust,0.010951194335493039,2.369097179013458e-05,7.600322597034629e-05
454,5,1-7,adjust,0.012464087025269494,3.86198349649155e-05,7.475187691793345e-05
454,6,1-7,adjust,0.008298523389714029,6.41120386229938e-05,7.721418094105634e-05
454,9,1-8,adjust,-0.00540691794103856,-0.00010769627103996168,3.527895750838297e-05
455,2,1-4,adjust,-0.004211865678316488,8.616897005274735e-05,2.3059844751141478e-05
455,3,1-5,adjust,-0.004832075534116252,-4.508120041678283e-06,7.917227127232433e-06
455,6,1-5,adjust,0.009036417503487076,-5.115809027947244e-05,1.3745931255829913e-05
455,7,1-4,adjust,0.009643319058160484,4.665816224293514e-05,7.337353692422125e-05
455,8,1-5,adjust,0.01392887327354121,0.00014873350115733822,2.0995107022004307e-05
455,9,1-5,adjust,0.007155728984681302,0.00017028786593051426,4.14249371890041e-05
456,2,1-7,adjust,-0.0006151134581605659,-5.959020989074768e-05,0.0001464403547842937
456,3,1-7,adjust,-0.002815095702049674,-9.680239949899125e-05,6.591607316479123e-05
456,4,1-7,adjust,0.004074985321853082,-8.544789560584677e-05,6.787654761457107e-05
456,5,1-7,adjust,-0.001184532176510751,-2.6244197084758342e-05,0.0001425048285771327
456,6,1-7,adjust,-0.0018499321621447279,2.086316671230529e-05,0.00010209588273271345
456,9,1-8,adjust,0.0028534855598022863,0.00014890375551887905,9.467600121697989e-05
457,2,1-4,adjust,0.0035742596772606076,-8.072415033865734e-05,0.0001595872109921218
457,3,1-4,adjust,0.0073927481397949414,7.657989504575481e-05,0.00012081094918711404
457,6,1-5,adjust,-0.002225818599233315,6.357234604092167e-05,7.70010882741756e-06
457,7,1-4,adjust,-0.007826583287689839,8.171483964549996e-05,5.946282515564803e-05
457,8,1-5,adjust,-0.008266631259845024,-7.777545648670917e-05,6.866423947005195e-05
457,9,1-5,adjust,-0.004627652378828099,-0.00024027794293911416,2.9439671007278486e-05
458,2,1-7,adjust,-0.005808768125361412,0.0002450797448898566,5.365411878417981e-05
458,3,1-7,adjust,-0.005622358532691669,2.2416513534016838e-05,5.5561741696062104e-05
458,4,1-7,adjust,-0.020007697360673017,9.294425910008558e-05,1.3427430818655876e-05
458,5,1-7,adjust,-0.01274743471081746,3.654518573079029e-05,1.1846691323907938e-05
458,6,1-7,adjust,-0.008306369297513161,-0.00014924610414191513,2.756042036348568e-05
458,9,1-8,adjust,0.0011175472924662639,4.145793746947627e-05,8.59852314649267e-05
459,2,1-4,adjust,-0.002401482378721191,4.8298903021891486e-05,0.0001141746793967801
459,3,1-4,adjust,-0.01162117500841804,7.446627251235517e-05,5.6910410300191354e-05
459,6,1-5,adjust,-0.0018556376521376827,0.00016275862870848443,3.762080983152398e-05
459,7,1-4,adjust,-0.008762097071821042,-2.0441807693813253e-05,8.525085357615408e-05
459,8,1-5,adjust,-0.000544671293603914,6.570465505997976e-05,3.9027385061882923e-05
459,9,1-5,adjust,0.0011673614672357638,9.984764318151153e-05,3.889641221846497e-05
460,2,1-7,adjust,0.0021417779943102536,-0.00010738499027921119,3.898036687129216e-05
460,3,1-7,adjust,0.008567189118269427,-6.39710875154343e-05,2.113742839052371e-05
460,4,1-7,adjust,0.001020275743198563,-1.0980936279841199e-05,5.4793375495890975e-05
460,5,1-7,adjust,-0.0045767060759788845,-0.00010968473824295973,2.9293208228536233e-05
460,6,1-7,adjust,-0.0037554684517970612,-0.00010508652721903915,6.698126663543496e-05
460,9,1-8,adjust,-0.0011878239919271907,-3.588737881106729e-05,7.719034323226994e-05
461,2,1-4,adjust,-0.0009813679904470006,0.00010855853441034291,7.351300530967861e-05
461,3,1-5,adjust,-0.0033536710604352123,-7.631496872042825e-06,6.111486433344149e-05
461,6,1-5,adjust,-0.004683500783032146,6.143589216253993e-05,0.0001645796636680443
461,7,1-5,adjust,-0.008778017402714826,-0.00010202524753916462,9.722329225708148e-05
461,8,1-5,adjust,-0.007211057063923491,-0.00011380539060897747,0.0001280694626468049
461,9,1-5,adjust,-0.003509835171952602,-0.00012691889974899377,0.00013892356065419136
462,2,1-7,adjust,0.007142944431450609,-0.0002327763659556294,4.286883507186233e-05
462,3,1-7,adjust,0.01490554131894838,-0.0001656015270382789,2.9606291148700432e-05
462,4,1-7,adjust,0.011652251566955958,-3.362966323781499e-05,6.293891134023687e-06
462,5,1-7,adjust,0.0007069548768788053,0.00010747301268496387,0.00010001499781769764
462,6,1-7,adjust,-0.0029842222624665788,3.483388568776296e-05,8.098056881374846e-05
462,9,1-8,adjust,-0.002012512250655021,-9.168476864964576e-05,4.892398293336566e-05
463,2,1-4,adjust,-0.0019926351403153626,4.2002651433905525e-05,0.00017661390015338263
463,3,1-4,adjust,-0.01036128005905556,7.261011652290619e-05,0.0002315753280459146
463,6,1-5,adjust,0.005161707168218893,-6.302523447659324e-05,0.00013969226913508644
463,7,1-5,adjust,0.016478597871286887,7.690991803200161e-06,7.176175466333033e-05
463,8,1-5,adjust,0.0014493494235107358,4.236219460854576e-05,9.691663129563483e-05
463,9,1-5,adjust,0.006387922793818077,0.0002000439372421754,1.569115626776112e-05
464,2,1-7,adjust,-0.001147798217098965,-4.587556733128429e-05,1.740610952384378e-05
464,3,1-7,adjust,0.005533653049523348,1.044806888531779e-05,8.019465621202328e-05
464,4,1-7,adjust,0.005717218376422699,-3.660722078946135e-05,1.9825075534848332e-05
464,5,1-7,adjust,0.014032802587600906,-3.317054583999055e-05,7.811118195583145e-05
464,6,1-7,adjust,0.009211614501259572,-2.2309813348385275e-05,8.338057853801314e-05
464,9,1-8,adjust,-0.005238541543957152,-0.00010769620975897246,5.463692782177583e-05
465,2,1-4,adjust,0.003593056429049067,-1.9479171556257824e-05,4.3630827105300456e-05
465,3,1-4,adjust,0.003815405577937859,4.50488435791241e-05,5.998123731440475e-05
465,6,1-5,adjust,0.005995607656869978,0.00010298886585497505,9.764695659349148e-05
465,7,1-4,adjust,0.0010743517126647847,7.238521425731555e-05,1.5316569903327245e-05
465,8,1-5,adjust,0.006858585491060195,-2.7319759775171135e-06,1.7172908532588105e-05
465,9,1-5,adjust,0.002447113858037733,1.0075475298691898e-05,7.755510844157163e-05
466,2,1-7,adjust,-0.005904189761738843,0.00014904360712480533,3.767462915205703e-05
466,3,1-7,adjust,-0.011759522121115907,-1.095463536597236e-05,1.058818927848146e-05
466,4,1-7,adjust,-0.010526598555050988,1.157045185092875e-05,6.762735033076434e-05
466,5,1-7,adjust,-0.004266693762109695,4.017694017535341e-06,2.725189962563103e-06
466,6,1-7,adjust,-0.00293396000311899,-5.212969394769974e-05,7.410631363023009e-05
466,9,1-8,adjust,0.0020512173928237923,0.00011628053857688772,7.865582765928324e-05
467,2,1-4,adjust,0.001868338644470189,5.39110988654603e-06,1.555139743013545e-05
467,3,1-5,adjust,0.0008053061799072166,-1.5989376514107746e-05,8.347141423699662e-06
467,6,1-5,adjust,-0.004050409858694273,-4.871353087789549e-05,3.0689578121473766e-06
467,7,1-4,adjust,0.0023985716207101655,-4.758796273640087e-05,3.027631971999142e-05
467,8,1-5,adjust,0.0070185450413093,7.217467849843573e-05,8.017886455508797e-05
467,9,1-5,adjust,0.0020052601131798826,-0.00012725126949181105,5.58040845577559e-05
468,2,1-7,adjust,0.003111483811850431,-8.536818320681657e-05,0.00010443572115728822
468,3,1-7,adjust,-0.003033205512890689,7.496944311152461e-05,0.0001564791553993237
468,4,1-7,adjust,0.008538784727717953,2.4356825872758675e-05,8.005298086829881e-05
468,5,1-7,adjust,0.009795299609105568,-2.762819871084648e-05,0.00011586352879709792
468,6,1-7,adjust,0.006926697813657792,8.626087040036113e-06,7.866743328454394e-05
468,9,1-8,adjust,0.003494423680031823,0.0002498571905995671,0.00016551791955335358
469,2,1-4,adjust,0.0008536702177329667,-1.5121645155478631e-05,3.843803368264118e-05
469,3,1-4,adjust,0.01100213726847461,-2.5126228327302804e-05,4.726200931801909e-05
469,6,1-5,adjust,0.0009409608462077407,9.04696486545467e-05,1.1953579733773507e-05
469,7,1-4,adjust,0.0016559749969450985,5.022380762249603e-05,4.8115109370545114e-05
469,8,1-5,adjust,-0.005879878435805724,-8.182240628187327e-05,2.2959556369799568e-05
469,9,1-5,adjust,-0.00347471180578603,-0.00010219080364455822,3.7494826950483383e-07
470,2,1-7,adjust,-0.005800960274026055,4.331874526840065e-05,3.3150852090115615e-05
470,3,1-7,adjust,-0.008829843166801417,2.7272022328122084e-05,2.4298081645740323e-05
470,4,1-7,adjust,-0.0077188081586887424,4.8666111069586415e-05,4.000811323191034e-05
470,5,1-7,adjust,-0.004866628163867221,3.327373765652827e-05,1.0144559387147758e-05
470,6,1-7,adjust,0.003437826438588824,-1.096900442544866e-05,3.302730811598271e-05
470,9,1-8,adjust,-0.0018107742512298364,-6.134168517874114e-05,3.03600942553457e-05
471,2,1-4,adjust,-0.0013423066977339558,7.020917713148459e-05,0.00011117462740367164
471,3,1-4,adjust,-0.0014847984213679861,-7.603981897487577e-05,8.055857260766357e-05
471,6,1-5,adjust,-0.004670063573171376,4.970543014636506e-06,2.1568045126687656e-05
471,7,1-5,adjust,0.0016361821007340265,1.619195755512002e-05,6.706410175188541e-05
471,8,1-5,adjust,0.0038966062085203285,6.987241536483553e-05,1.2996900506043694e-05
471,9,1-5,adjust,-0.001219698798079627,-6.814027694990386e-05,5.443629595225355e-05
472,2,1-7,adjust,0.006223344284738638,-8.146835774814442e-05,0.00014168828515068993
472,3,1-7,adjust,0.0052817344143089645,0.0001300516542285383,2.281163481744567e-06
472,4,1-7,adjust,0.008172753153904764,-0.00011922291347314591,7.110800033894343e-05
472,5,1-7,adjust,-8.42757726051761e-05,-6.465176339542923e-05,9.606915720036413e-05
472,6,1-7,adjust,0.002887275147386614,3.681734112333191e-05,4.733165326304819e-05
472,9,1-8,adjust,0.004628795582422772,9.423205701967987e-05,4.85168220523426e-05
473,2,1-4,adjust,0.0026283450161078766,-7.281267847086741e-05,2.5859773538724388e-05
473,3,1-4,adjust,0.005720161730800433,-0.00021926358878700052,6.43872692092963e-05
473,6,1-5,adjust,-0.0044175086836994535,-4.659263653549898e-05,4.654176074032072e-06
473,7,1-4,adjust,-0.009894191388587922,-1.6030972594922938e-05,2.2411386556792915e-05
473,8,1-5,adjust,-0.004043454177219627,-0.0001294240010471608,2.0881620990443257e-05
473,9,1-5,adjust,-0.005163235916580835,-0.00015294742201998936,4.9778048813306814e-05
474,2,1-7,adjust,-0.003943929641703062,9.43259496062845e-05,2.4136455383995074e-05
474,3,1-7,adjust,-0.0072836854197269865,0.00023918096013000086,8.066463808750636e-06
474,4,1-7,adjust,-0.0059514906696878644,3.874176716980527e-05,6.0124241501478804e-05
474,5,1-7,adjust,-0.011489965243171855,8.269578594022003e-05,0.0001419037269503564
474,6,1-7,adjust,-0.0039725722633847825,-1.2507834191677432e-05,0.00010305926796107111
474,9,1-8,adjust,-0.00041765496935380257,8.80955562574302e-05,5.6640743907785625e-05
475,2,1-4,adjust,-0.001199673427120095,3.120944711573335e-05,4.8350336531881615e-05
475,3,1-4,adjust,0.0009047307413793231,-0.000135037114542147,0.0001040483669296511
475,6,1-5,adjust,-0.004270069739288343,-3.970230137709831e-05,0.00012957996627188027
475,7,1-4,adjust,-0.0022058812764787516,5.404737646150485e-05,2.2901810776839973e-05
475,8,1-5,adjust,-0.0017343123085974848,0.00011601426056857527,2.8537143542221307e-05
475,9,1-5,adjust,0.002385227290776553,3.486084027156937e-05,8.041470943227614e-05
476,2,1-7,adjust,0.0005775597796654709,-8.051723793505068e-05,1.1910195821673604e-06
476,3,1-7,adjust,-0.0056811514215802834,0.00013891490711704022,6.339971401632955e-05
476,4,1-7,adjust,-0.004786650096365856,7.041808430148817e-05,3.873374045140978e-05
476,5,1-7,adjust,0.00503275645957267,-3.369576378349555e-05,3.9680577451046716e-05
476,6,1-7,adjust,-0.0018533435228942582,7.311900149885421e-05,3.002707692015469e-05
476,9,1-8,adjust,-0.0006747004825847394,4.653073256233307e-06,8.695565560644048e-06
477,2,1-4,adjust,-0.003902277705078429,0.00011178921605405321,6.0704388015883685e-05
477,3,1-5,adjust,0.0022716748983859845,-0.00011594677677266247,5.7799229288372665e-05
477,6,1-5,adjust,0.004761558792705058,-3.9602314668815125e-06,1.3664710297942922e-05
477,7,1-4,adjust,0.008046652128718943,-5.597433549953465e-05,1.648799080808686e-05
477,8,1-5,adjust,0.006170946370782245,6.948030869178956e-05,5.534104620894811e-05
477,9,1-5,adjust,-0.002961815203412785,-0.00011051537490439889,6.932481310253199e-05
478,2,1-7,adjust,0.001735427381244063,-3.335718106254005e-05,0.00013502911067341759
478,3,1-7,adjust,-0.0018257601848617943,2.1137154401470302e-05,0.00010982971461300879
478,4,1-7,adjust,0.0013594617571334763,-7.877137619356406e-05,4.375829135189583e-05
478,5,1-7,adjust,-0.0020189566912950318,-1.8574315518773e-05,3.902173286426338e-05
478,6,1-7,adjust,0.006722900257848402,-1.369565431105779e-05,8.036357089138129e-05
478,9,1-8,adjust,0.007471589879692441,0.00025513221836636593,8.524970535750688e-05
479,2,1-4,adjust,0.0011086120255431426,-2.5908990187803303e-05,3.81665563889047e-06
479,3,1-5,adjust,0.002071126620611424,9.39111597199608e-06,4.982156942630821e-05
479,6,1-5,adjust,-0.00885964331474712,1.5519219080643978e-05,4.072390067120033e-06
479,7,1-4,adjust,-0.007663111436169398,-7.654437561867486e-06,3.635250488154777e-05
479,8,1-5,adjust,-0.013840257470308958,-0.00018347851402601104,6.381722876893087e-05
479,9,1-5,adjust,-0.0024142654564587593,-0.00015616610924161582,2.7991145819232635e-05
480,2,1-7,adjust,0.0004773190636162895,-5.295463990886817e-06,9.870981345498052e-05
480,3,1-7,adjust,0.0013581458464304041,1.400817699291261e-05,0.00011496988778758806
480,4,1-7,adjust,-0.003135312570032401,1.1769631172519515e-05,0.00010548346736787607
480,5,1-7,adjust,-0.006430133029599445,-4.4906561406849435e-05,9.935578889627614e-05
480,6,1-7,adjust,-0.0033224943064532357,-9.171058736690747e-05,8.778220826349317e-05
480,9,1-8,adjust,-0.006868606257758817,-0.0001774821268881924,7.815546738389457e-05
481,2,1-4,adjust,-0.002428505790352317,9.781451619350575e-05,9.414634302807451e-05
481,3,1-5,adjust,-0.00228030136631186,9.363236428591585e-05,7.670243056545593e-06
481,6,1-5,adjust,-0.0057366841827276634,1.976632321770077e-05,5.9156817379500436e-05
481,7,1-5,adjust,-0.007328004662246986,-2.9415768322244682e-05,9.465056223232627e-05
481,8,1-5,adjust,0.002532849513587823,3.3383109090611634e-05,1.201144752751844e-05
481,9,1-5,adjust,0.0016815045727558015,5.740393880872779e-05,0.0001124231642158905
482,2,1-7,adjust,0.0057017748263926546,-0.0001502886274173858,7.801813975331348e-06
482,3,1-7,adjust,0.0065735344641239465,-0.0001945247043439625,1.900480751218722e-05
482,4,1-7,adjust,0.002910522566153629,-4.344500874234751e-06,3.8844109214343084e-05
482,5,1-7,adjust,0.006197336862924581,0.00012851659934644003,1.482293336039545e-05
482,6,1-7,adjust,0.005798086359227567,5.480763176289754e-05,0.00010546988302963517
482,9,1-8,adjust,-0.0020481960458271766,3.4992699676989565e-06,1.4988792757379229e-05
483,2,1-4,adjust,-0.006096294786461314,2.8346757438923586e-05,8.804470932608608e-05
483,3,1-4,adjust,-0.004552111922078218,0.00011997794064154826,7.481768495039238e-05
483,6,1-5,adjust,0.0037761533324912454,-4.576529527096001e-06,8.028794963154035e-05
483,7,1-5,adjust,0.010559652968852036,6.889744699000901e-05,8.394804509338372e-05
483,8,1-5,adjust,0.008339337641379911,7.549981304429681e-05,4.1449756358107045e-06
483,9,1-5,adjust,0.008687820223909305,0.00024268311822434624,9.663490270695073e-05
484,2,1-7,adjust,0.0010224565166250866,5.646357286176627e-05,6.341631675080263e-05
484,3,1-7,adjust,0.002122758989819645,-0.00010400211178462057,0.00010787155332667715
484,4,1-7,adjust,0.0015026150104425597,6.876322230516926e-05,6.28915556895973e-05
484,5,1-7,adjust,-0.0047355222509080155,-3.6852992764397795e-06,8.218036029663387e-06
484,6,1-7,adjust,-0.003932167637022086,-9.764886106712823e-05,0.00010465320914408356
484,9,1-8,adjust,-0.0018628846794949464,-8.292627665410597e-05,2.8822433255456854e-05
485,2,1-4,adjust,0.0016228996089339713,3.417576771506338e-05,1.5679831927617158e-05
485,3,1-4,adjust,-0.003238233585248298,8.066684615564579e-06,0.0001479684141771135
485,6,1-5,adjust,0.0016075044270113653,7.852102806816308e-05,4.6881343358182856e-05
485,7,1-5,adjust,-0.0023348784272774533,3.2171942326919086e-05,0.00010523299568057865
485,8,1-5,adjust,0.0012396882587294433,-4.8728593718791326e-05,3.0821691949737886e-05
485,9,1-5,adjust,0.00248219441147548,-3.147205422417234e-05,1.4630048601573069e-05
486,2,1-7,adjust,-0.0019562968893230407,-9.660203359817258e-05,4.216746687639062e-05
486,3,1-7,adjust,-0.003685014621421272,0.0001391755493438172,6.31917809852881e-05
486,4,1-7,adjust,-0.005319347214550318,9.039611626618112e-05,0.00011169816452383717
486,5,1-7,adjust,0.0005483933736257201,-7.582108362188163e-05,4.79261655408587e-05
486,6,1-7,adjust,-0.003962100467612054,-7.958207757258598e-05,2.665291679650979e-05
486,9,1-8,adjust,-0.0006617386728341526,5.7439030194134136e-05,9.355383739579958e-05
487,2,1-4,adjust,-0.004209508402221484,0.00023807191933906705,0.0001344780276545964
487,3,1-4,adjust,-0.0007643615060132834,3.184612962211784e-05,0.0001139419001315288
487,6,1-5,adjust,8.195077463024099e-05,6.101895691675423e-05,0.00020590106707417787
487,7,1-5,adjust,-0.0015261156261877822,-1.6023691930307866e-05,0.00016254534597585845
487,8,1-5,adjust,-0.010414411560605883,-1.1264781999030584e-05,0.000206563094977364
487,9,1-5,adjust,-0.00549399711682041,-4.785505880284882e-05,0.00010116845858988862
488,2,1-7,adjust,0.0038985397286876006,-0.00011322695901816912,2.800101041644754e-06
488,3,1-7,adjust,0.002446953546470181,-5.7833878389678024e-05,6.45775131142176e-05
488,4,1-7,adjust,-0.0029534066577259046,-0.00015835961139494916,4.2595901634293886e-05
488,5,1-7,adjust,0.002440923449059592,8.680928136968389e-06,4.701518796478114e-05
488,6,1-7,adjust,-0.00026965759979040823,-9.38532374870486e-05,9.63636667519861e-06
488,9,1-8,adjust,-0.0016938973114417881,-0.0001515259210072646,0.0002102235009247368
489,2,1-4,adjust,3.0195379814733377e-05,-4.9534680833945133e-05,3.5129009746527514e-05
489,3,1-5,adjust,0.0011598978567969299,-3.162619832538699e-07,4.806442214186177e-05
489,6,1-5,adjust,0.002563431269500029,0.00016823094331610983,2.1735163118389768e-05
489,7,1-4,adjust,0.0009898700214900477,-7.064449604208776e-05,6.378978655480476e-05
489,8,1-5,adjust,0.0019105666446074929,-0.00010822380382579974,2.6341956157800096e-05
489,9,1-5,adjust,0.0033454608525512676,6.800053000997737e-05,2.2120020832733725e-06
490,2,1-7,adjust,0.0013001642943177424,-5.211978397546842e-05,0.00010994855523514163
490,3,1-7,adjust,0.00495037749384715,-5.585892318856509e-05,7.888864489593263e-05
490,4,1-7,adjust,0.00990951145028715,-2.52455198194415e-05,6.882225256652321e-05
490,5,1-7,adjust,0.006261650052586385,0.00013504312320476996,0.00010508853917465372
490,6,1-7,adjust,0.003154607173314097,-7.699531907785278e-05,5.5570980496527196e-05
490,9,1-8,adjust,-0.004233591747292166,-0.00011861012043351042,1.1516702552646367e-05
491,2,1-4,adjust,0.004314561388692027,-2.2842733253437185e-05,0.00015146414243896776
491,3,1-4,adjust,-8.184955509723479e-05,6.147812440564904e-05,0.0001062893085225244
491,6,1-5,adjust,0.007660013174450062,3.802687594941289e-05,0.0001394349380156532
491,7,1-5,adjust,0.007918839265204581,0.00015821488889809668,7.624629404349297e-05
491,8,1-5,adjust,0.012728686978130435,0.00025563934873835763,8.745977855496817e-05
491,9,1-5,adjust,0.007877624542927987,0.00017520263948954222,6.455835240048743e-05
492,2,1-7,adjust,-0.007439500706521706,0.00020596837809792095,2.1200311676106944e-05
492,3,1-7,adjust,-0.014249434953638073,6.063924353777465e-05,2.7010128773625956e-05
492,4,1-7,adjust,-0.013107390651413748,0.00010719400766953465,1.6378821366325823e-05
492,5,1-7,adjust,-0.00674176028687728,-5.944113937650489e-05,3.8307217350181857e-05
492,6,1-7,adjust,-0.006177323586343173,-6.506816060075938e-06,3.111212717119046e-06
492,9,1-8,adjust,0.0046681992417543176,0.00010935711266295903,5.616404826989441e-05
493,2,1-4,adjust,-0.00240112744469922,-1.1420967727417517e-05,0.0001253619564537731
493,3,1-4,adjust,0.0023769309791743737,-3.599953281881966e-05,0.00011977394039562367
493,6,1-5,adjust,0.0009497897407309294,8.875702321122053e-06,4.6856197761420575e-05
493,7,1-4,adjust,0.0008115316137487758,-4.789899138510986e-05,7.338019277987712e-05
493,8,1-5,adjust,-0.010815563864099091,-9.756595842522322e-05,6.354876155244962e-05
493,9,1-5,adjust,-0.008089131507439376,-0.00016188799311477945,3.499349285271965e-05
494,2,1-7,adjust,0.003871594180136725,-6.302314722201862e-05,3.052640333551917e-05
494,3,1-7,adjust,0.006099332031743914,3.139943281328459e-05,4.3206564544380854e-05
494,4,1-7,adjust,0.008194147323124429,-5.579138636720605e-06,4.280096361254548e-05
494,5,1-7,adjust,0.0022091300586269884,-0.00010055502557750985,5.1121768147929745e-05
494,6,1-7,adjust,0.003428626640073509,-2.840486987562823e-05,0.00015422225654142062
494,9,1-8,adjust,-0.00020413733715998923,4.094247895564459e-05,0.00017286098718775607
495,2,1-4,adjust,-0.0005109045738728974,-3.659536147747388e-05,0.00010907151390658437
495,3,1-4,adjust,-0.002133885596036715,-7.59910022409804e-05,7.52911671152108e-05
495,6,1-5,adjust,-0.005309726801514231,6.102089922003978e-06,1.279592642694707e-05
495,7,1-4,adjust,-0.010137434902878203,-0.00010499828096901909,6.0470418008934414e-05
495,8,1-5,adjust,0.0011100819661150926,-5.965382694747001e-05,4.974811706366212e-05
495,9,1-5,adjust,-0.00016395083482783845,-4.031306837185734e-05,6.251826405920922e-05
496,2,1-7,adjust,0.005168637977996444,-0.0001734538376414011,1.445130135881828e-05
496,3,1-7,adjust,0.0006198662613967694,1.887500095081251e-05,0.00010066820459206455
496,4,1-7,adjust,-0.0010706779765003722,-7.082661326350518e-05,5.965884084329626e-07
496,5,1-7,adjust,0.002140176820984955,0.00011845737079346179,2.117587439210595e-05
496,6,1-7,adjust,-0.00013549770944830113,-1.2718640014506567e-05,7.722654976584972e-06
496,9,1-8,adjust,-0.0019157889612643492,2.1673545781340567e-05,1.5452744498239598e-05
497,2,1-4,adjust,-0.0020249098855880743,1.040792740100075e-05,5.442094874995636e-05
497,3,1-4,adjust,0.00331212464034231,-7.710882126539653e-05,4.631688749459832e-05
497,6,1-5,adjust,0.005869037738738955,-3.212945928150396e-05,0.00016428010205385592
497,7,1-5,adjust,0.006552763902970593,0.00012050817136713197,0.00010884092683158325
497,8,1-5,adjust,0.011691584880481103,6.605618662462971e-05,9.002276905068757e-05
497,9,1-5,adjust,0.00319456774089907,9.925681162714672e-05,5.292701324418288e-05
498,2,1-7,adjust,-0.005239249292098777,0.0002402950159230576,2.258995375487496e-06
498,3,1-7,adjust,-0.007300052780835596,5.083570180140227e-05,1.5255853770843742e-05
498,4,1-7,adjust,-0.0006280865724874966,5.89127033549401e-05,6.615964259597445e-05
498,5,1-7,adjust,-0.01235635523281398,-6.44023595568817e-05,7.788092715939206e-05
498,6,1-7,adjust,-0.0030294254986221267,5.781226161933894e-05,0.00012070740112239964
498,9,1-8,adjust,0.005069481462773714,3.3498079944729476e-05,7.27893385291146e-05
499,2,1-4,adjust,0.0036122941352902285,-7.730908863100286e-05,4.658382651133589e-05
499,3,1-4,adjust,0.005687461860788455,-2.3461330567221926e-05,5.2477695173793455e-05
499,6,1-5,adjust,-0.011133684050635922,-0.00014016992671822908,0.0001632236555947197
499,7,1-5,adjust,-0.014087746825888014,-0.00012682090402877307,0.00012677775245901733
499,8,1-5,adjust,-0.016542857512826647,-2.7992299435592965e-05,8.450063747744248e-05
499,9,1-5,adjust,-0.008522038399673406,-4.2432549280400206e-05,6.2791404229736746e-06
500,2,1-7,adjust,0.004434406252339199,-5.992296951162299e-05,3.0937987535434515e-05
500,3,1-7,adjust,0.0010330132036730935,-1.5584803062834498e-05,2.608830245349383e-05
500,4,1-7,adjust,-0.010391525833618612,4.510153545818309e-05,2.086960854478308e-05
500,5,1-7,adjust,0.001937130726500829,-2.5947418779240466e-05,2.931784661869916e-05
500,6,1-7,adjust,-0.002088365569288373,4.0001238257229394e-05,6.848634419663646e-06
500,9,1-8,adjust,0.00032199370581411795,-0.00022692900249699058,2.7907591433396173e-05
501,2,1-4,adjust,-0.01012335838979505,0.00016514676678377641,0.0001327491012575209
501,3,1-4,adjust,-0.008950998432765101,0.00019316170902115734,0.00013290001479982316
501,6,1-5,adjust,0.002521013099330817,9.106336907821855e-05,7.81512840345606e-05
501,7,1-5,adjust,0.0022173112530227425,-5.107274042989471e-05,0.00010687183580062439
501,8,1-5,adjust,-0.00033105536552717295,-3.179113097851766e-05,0.00012726975792131404
501,9,1-5,adjust,0.002252518486885163,0.0001814702161788696,3.297168316386995e-05
502,2,1-7,adjust,0.015008404909189496,-0.00031693018208398704,1.079454329932014e-05
502,3,1-7,adjust,0.018359476080146108,-0.0002824875301414544,5.9176428248203166e-05
502,4,1-7,adjust,0.021204446689447445,-5.827253710944218e-05,5.05656509794043e-05
502,5,1-7,adjust,0.008521956343985984,7.476322077210426e-06,3.810903573604372e-05
502,6,1-7,adjust,0.003993954366028265,4.062737026297532e-05,3.741940575093703e-05
502,9,1-8,adjust,-0.0033553306865502486,-0.0001397842254707962,4.719643187323992e-05
503,2,1-4,adjust,-0.006507908499601138,0.0001227874142037743,0.00012011460997907312
503,3,1-4,adjust,-0.0034999998134258286,-1.4486923643943545e-05,0.00010926364939698555
503,6,1-5,adjust,0.006408559474857396,1.4548124363003272e-05,0.0001238664789788015
503,7,1-5,adjust,0.0074785938350906776,7.3508204638445e-05,6.881563899396441e-05
503,8,1-5,adjust,0.004582056862702456,3.271688136686072e-05,2.560286707951224e-05
503,9,1-5,adjust,0.001778365259284356,6.806070563679232e-05,5.1487646302813815e-05
504,2,1-7,adjust,-0.00104743957733277,-4.271046621141771e-05,5.968690169386037e-05
504,3,1-7,adjust,-0.00329908111226504,0.00012828743358642418,8.803946287881741e-07
504,4,1-7,adjust,-0.008901115850142503,3.646638034969383e-05,7.314512113523138e-05
504,5,1-7,adjust,0.0008516777441215685,-4.926316278199352e-07,7.212803924812428e-05
504,6,1-7,adjust,0.001178336565323246,-6.849780992759302e-05,1.5106627825594785e-05
504,9,1-8,adjust,-0.000964705425869891,-1.2374716112760115e-05,2.6388779061466555e-05
505,2,1-4,adjust,-0.004691103782470398,0.00014223971256200626,7.666372496152333e-05
505,3,1-5,adjust,-0.0033805624157516884,2.1256820001185342e-05,7.091208975170218e-05
505,6,1-5,adjust,0.00011157652411071821,1.5035825325045188e-05,7.112084101222834e-06
505,7,1-4,adjust,0.0070722068196538085,3.07745021971573e-05,8.04807894654835e-05
505,8,1-5,adjust,-0.0016148154550200535,-1.6398952495138905e-05,5.547044097763657e-06
505,9,1-5,adjust,-0.0014840500628560981,6.527620394368796e-06,0.0001574130315038113
506,2,1-7,adjust,0.0021654361276758514,-6.136752993827428e-05,1.4778336898758492e-05
506,3,1-7,adjust,0.0019788814737763723,-5.482934044538122e-05,1.2904710048599531e-05
506,4,1-7,adjust,-0.001537348345545558,-1.9936017140668855e-05,3.6064054138389962e-06
506,5,1-7,adjust,0.005833317930345767,2.545306996274441e-05,2.409218559154155e-06
506,6,1-7,adjust,0.002118934519913552,-6.263209923155156e-05,7.711952232607038e-05
506,9,1-8,adjust,0.0013221797954077535,-5.442704829765668e-05,0.00016269486864755039
507,2,1-4,adjust,-0.0020877967780540845,0.00010580550932526284,0.00011932499272816577
507,3,1-4,adjust,-0.0026232049716742316,0.00011086963529977965,0.00011541091675681515
507,6,1-5,adjust,0.004620078907040096,1.832532824629636e-05,7.130153630446445e-05
507,7,1-4,adjust,-0.0071183484756036615,-5.4143155126941776e-05,8.007091747381961e-05
507,8,1-5,adjust,0.00648014416420702,3.903708242237905e-05,4.7193453956814515e-05
507,9,1-5,adjust,0.004074869594228001,7.764377082282598e-05,5.173776873364787e-05
508,2,1-7,adjust,0.0047648426038512,-0.00012356759659474463,2.528378671175786e-05
508,3,1-7,adjust,0.0053102906780150725,-8.874820409427254e-05,6.484074434433116e-05
508,4,1-7,adjust,0.003468475951936529,-4.203947482605401e-05,1.8992524039422716e-05
508,5,1-7,adjust,0.001625568027413507,3.784012270894087e-05,2.6041320957197543e-05
508,6,1-7,adjust,-0.007681196880115552,5.128152553747666e-05,7.323289542685191e-05
508,9,1-8,adjust,9.861395230091602e-05,0.00010329949239431045,6.116209769669829e-05
509,2,1-4,adjust,-0.0011624836819063304,1.9424853710059835e-05,2.215575569064826e-05
509,3,1-5,adjust,-0.001267471365005435,-1.3839050147670946e-05,6.888186732866617e-05
509,6,1-5,adjust,0.009230062820439476,1.593308127793018e-05,5.3356641013152506e-05
509,7,1-5,adjust,0.008862655917110036,5.3178953412172756e-05,0.0001277878994253802
509,8,1-5,adjust,-0.0024778150382333596,3.308288264718293e-05,3.421187737209527e-05
509,9,1-5,adjust,0.0006313357363731728,-8.503024310060329e-05,9.155229866345827e-05
510,2,1-7,adjust,-0.005171859652053616,6.351423271421892e-05,2.5481574061817893e-05
510,3,1-7,adjust,-0.0030027194277556625,3.927835934220017e-05,2.5252745855918068e-05
510,4,1-7,adjust,0.004632300256982674,6.542373424925435e-06,6.369117412981343e-05
510,5,1-7,adjust,-0.002687125323971735,-0.00012677942477097286,1.4440738614424085e-06
510,6,1-7,adjust,-0.0063274104495459164,-2.9806820102234402e-05,8.754353939126447e-05
510,9,1-8,adjust,0.00039328022973054056,7.05881248048385e-05,8.513144448525997e-05
511,2,1-4,adjust,0.006556558769397103,-6.079890738845203e-05,6.328390291731594e-05
511,3,1-4,adjust,0.00714786096064641,-6.616812145073607e-05,8.95231884244313e-05
511,6,1-5,adjust,-0.003527769220160127,4.7238853414306336e-05,5.861388236608901e-05
511,7,1-4,adjust,-0.0016116996768171183,3.2293048691673656e-05,9.020743988691034e-05
511,8,1-5,adjust,0.00021718180843369493,-0.00016908463551412538,4.398429857589345e-05
511,9,1-5,adjust,-0.005361352148229115,-0.00013663372336958512,6.411982633848458e-05
512,2,1-7,adjust,-0.002637723656133316,0.0001225915113520093,0.00015984657576744116
512,3,1-7,adjust,-0.009098485289602129,-3.24627284350793e-07,7.302438378829254e-05
512,4,1-7,adjust,-0.0036599966819864196,-4.785885425028126e-07,0.00014422085800828985
512,5,1-7,adjust,-0.010985027843660258,-9.08543126679101e-06,9.27609488524658e-05
512,6,1-7,adjust,0.004036413025836644,-3.154393583094351e-05,0.00010566758776569277
512,9,1-8,adjust,0.0005967240882439226,-3.354826696072757e-05,0.0001701039906831733
513,2,1-4,adjust,0.0007235350646165968,-0.000144001414847556,1.179127021766616e-05
513,3,1-4,adjust,0.0066709430985539145,2.3397174600139817e-05,5.023490262142425e-05
513,6,1-5,adjust,-0.013157319474250875,-4.357883947716461e-05,0.00022427618949353304
513,7,1-5,adjust,-0.018032059797019457,-0.00014840902506833836,0.00017695975203842423
513,8,1-5,adjust,-0.00573850467714044,4.033667383951918e-05,8.849612750415112e-05
513,9,1-5,adjust,0.0011638732615712817,2.8353312459893084e-05,2.537351097756908e-05
514,2,1-7,adjust,0.005519647752635942,-0.00015553592342281144,2.4063963971970487e-05
514,3,1-7,adjust,-0.0030954270876710687,-2.6137541483254364e-05,0.00013682764263043068
514,4,1-7,adjust,-0.003917479352334278,4.364621829094549e-05,4.570053235643335e-05
514,5,1-7,adjust,0.0019347491620954808,3.744599086487781e-05,4.305470504511767e-06
514,6,1-7,adjust,0.002177588408317705,-5.2204599739613485e-05,4.424919888784612e-05
514,9,1-8,adjust,-0.0015854634136898836,-3.0828935119799415e-05,8.246650661290781e-05
515,2,1-4,adjust,-0.005962108219935256,0.00022034508981072436,5.196654587786955e-05
515,3,1-4,adjust,-0.004869301515554264,9.96528911100403e-05,0.00010900183518051253
515,6,1-5,adjust,0.0010508059121578576,0.00016071437203375884,7.642642720114282e-05
515,7,1-5,adjust,0.0022406881664873124,8.171949700624712e-05,9.04658659957491e-05
515,8,1-5,adjust,-0.0015003933218318863,-3.1844766682841795e-05,6.164866119000829e-05
515,9,1-5,adjust,0.004413174948481787,8.681786831176021e-05,7.573705494101403e-05
516,2,1-7,adjust,-0.002513930286939332,8.041534373523804e-06,0.00010527695862578014
516,3,1-7,adjust,0.013780903516822245,-0.00012563796795912624,2.498961241177421e-05
516,4,1-7,adjust,0.00504779069816435,-2.252148480511065e-05,5.984827182761619e-05
516,5,1-7,adjust,-0.0017721779433235222,0.00013388177061811007,0.0001231035937706354
516,6,1-7,adjust,-0.006504200205068818,-0.00019089578176063472,5.9168258270092324e-05
516,9,1-8,adjust,-0.006156023093853019,-0.00015508873941916568,0.0001230192200458449
517,2,1-4,adjust,0.0049006671654364025,-0.00010305541751352924,0.00017541484370862598
517,3,1-4,adjust,-0.007971717802769888,-1.948181819759645e-05,0.0001507655349473766
517,6,1-5,adjust,0.009782004522565274,9.272330602477598e-05,8.884461820063502e-05
517,7,1-4,adjust,0.02106144227426579,-4.045039447145046e-05,8.39173894948494e-05
517,8,1-5,adjust,0.01296130943545961,0.00010801473191943345,7.886607980875565e-06
517,9,1-5,adjust,0.010099350453420697,0.0002694418381075047,9.691947727018694e-06
518,2,1-7,adjust,-0.0011938495845221079,7.414257132553972e-05,7.026169413302635e-05
518,3,1-7,adjust,-0.0016696436296698945,-4.370521394400303e-06,8.174283550212027e-06
518,4,1-7,adjust,0.0068592874904406425,-6.968441493645789e-05,6.497348120907639e-05
518,5,1-7,adjust,0.014123651537070778,-0.00012204348923031386,7.365182592098985e-05
518,6,1-7,adjust,0.01833428811680911,0.00014833500261717404,6.770778947213166e-05
518,9,1-8,adjust,-0.002839769298380821,4.253486524264881e-05,3.790975055788124e-05
519,2,1-4,adjust,0.0009446087290111971,-4.123312448578938e-05,3.61045602821214e-05
519,3,1-5,adjust,0.005370858696949527,-5.6334040209025894e-05,2.410568826256672e-05
519,6,1-5,adjust,-0.008430269895234802,-9.469328957023324e-05,5.938103220754232e-07
519,7,1-4,adjust,-0.01198590360707218,1.1055747621397922e-05,7.74861842726773e-05
519,8,1-5,adjust,-0.004277914600237894,-3.940847613851961e-06,4.0114955761873266e-05
519,9,1-5,adjust,-0.0025768896377626766,-0.00017815293986918866,5.783885826357269e-05
520,2,1-7,adjust,0.0010510345095750024,-3.0488438503377527e-06,7.011327518342627e-05
520,3,1-7,adjust,-0.002993849942766058,7.340891655209897e-05,5.346275737457196e-05
520,4,1-7,adjust,-0.013640284934593115,4.208386344696044e-05,4.518991349233162e-05
520,5,1-7,adjust,-0.0028205727849243646,4.504628358392947e-05,5.81248332632291e-06
520,6,1-7,adjust,-0.006883222600682458,-5.925710286122273e-05,2.104212307823469e-05
520,9,1-8,adjust,-0.0004166494809787732,1.3965248486938388e-05,2.704341870757039e-06
521,2,1-4,adjust,-0.005219731265420323,0.0002077812189753658,0.0001320851016049313
521,3,1-4,adjust,-0.0013837129447653934,0.0001905872654492584,0.00010814519966365746
521,6,1-5,adjust,0.0035135009950962083,0.00010645474800776553,9.286090802378161e-05
521,7,1-4,adjust,0.006993075940860806,6.23515411248728e-05,6.322094785719852e-06
521,8,1-5,adjust,0.0003794232777220544,5.215423389599002e-06,8.174843099656989e-05
521,9,1-5,adjust,0.0021114301823436724,6.784234437900432e-05,2.1227012576018804e-05
522,2,1-7,adjust,0.00031198365340681335,-0.0001838982228061953,1.4499620127819168e-05
522,3,1-7,adjust,0.0052787971384026825,-0.00013525835587981962,1.023028984659568e-06
522,4,1-7,adjust,0.006479041871472174,-1.3513584100261855e-05,8.206436310481323e-05
522,5,1-7,adjust,-0.0011871621823683113,-5.764818542353806e-05,4.6832110919485626e-06
522,6,1-7,adjust,0.0032273529492229235,-0.00016636519243582685,0.00011201697910177224
522,9,1-8,adjust,-2.890634016689743e-05,-9.061300360477156e-05,1.4824860525332192e-05
523,2,1-4,adjust,0.004279514287767013,-6.635313905447663e-05,1.5795171195990744e-05
523,3,1-4,adjust,-0.004155949192504889,4.2000597399488233e-05,9.288474239750973e-05
523,6,1-5,adjust,-0.005315884885643799,0.00011398476921196161,5.935730879488265e-05
523,7,1-4,adjust,-0.0007760444078258751,-3.4427682507488382e-06,3.048686607631292e-05
523,8,1-5,adjust,-0.0018019361893326763,4.5640789320112306e-05,7.13274002299635e-05
523,9,1-5,adjust,0.0008753504086005069,6.72685899125852e-05,4.0625549120054316e-05
524,2,1-7,adjust,-0.0021944266590395722,0.00011763558242121521,5.973912496892061e-05
524,3,1-7,adjust,0.004763205376283962,-9.340515004463521e-05,7.192176169428141e-05
524,4,1-7,adjust,0.0023568466676665966,-1.1739384319862781e-05,4.573027611442548e-05
524,5,1-7,adjust,-0.003514578705290781,-2.6087144745643012e-05,7.35899373993399e-05
524,6,1-7,adjust,0.00215401127922674,2.472317249304963e-05,6.526164169245831e-05
524,9,1-8,adjust,-0.0012014370782900499,-1.5498656153319903e-05,1.6733906794276268e-05
525,2,1-4,adjust,0.0006168550178354082,-7.202176447971104e-05,6.393231918367454e-05
525,3,1-4,adjust,-0.0035214108332013313,7.187943631864813e-05,5.706622022578272e-05
525,6,1-5,adjust,-0.00656707396319182,-4.942649174047579e-05,0.00012740238588182377
525,7,1-4,adjust,-0.006864612306678685,7.387190763884552e-05,1.1982516419903349e-06
525,8,1-5,adjust,-0.00018192426773914504,-2.9760458344762368e-05,6.150539485065525e-05
525,9,1-5,adjust,-0.003150553764571794,-5.554943069885187e-05,4.051194098752572e-06
526,2,1-7,adjust,-0.005085042926787691,0.00017623947502789085,6.353316012661717e-05
526,3,1-7,adjust,-0.006913465924180141,0.0001007280141380917,2.7910384515882075e-05
526,4,1-7,adjust,-0.00949921928406841,0.00012057655574914396,9.27785535620143e-05
526,5,1-7,adjust,-0.010847653298434838,9.505463068096184e-05,2.3196415157347718e-05
526,6,1-7,adjust,0.000207807896981126,6.103177908253617e-05,1.8673039869551083e-05
526,9,1-8,adjust,0.0023257902761322697,2.7948680619130545e-05,4.862301540997322e-06
527,2,1-4,adjust,0.0005034299953226305,-4.482657436839023e-05,4.287898641967056e-05
527,3,1-5,adjust,0.0004934251560838174,-8.208761911902672e-05,2.2785173633517452e-05
527,6,1-5,adjust,-0.006240128989249159,-0.00011714680945425606,0.00010725794974867309
527,7,1-5,adjust,-0.00993611088709952,-9.568059250805707e-05,0.0001390498929913149
527,8,1-5,adjust,-0.005560350104571504,-7.797591509418407e-05,9.178309422065749e-05
527,9,1-5,adjust,-5.115316512873377e-05,3.930339690901571e-05,0.00011396485056102224
528,2,1-7,adjust,0.007284339258907121,-0.00022997171585403397,2.2425287829074434e-05
528,3,1-7,adjust,0.005271304384069201,2.1638178165567313e-05,8.605734938635064e-05
528,4,1-7,adjust,-0.001717018257323905,-5.8673306058465456e-05,8.617576016390691e-05
528,5,1-7,adjust,0.0024709462495146567,-8.589652875883839e-06,0.000129021604960566
528,6,1-7,adjust,-0.003959725434989111,4.3839754134325325e-05,6.899471053006622e-05
528,9,1-8,adjust,-0.004140292401418542,-0.0001764228730456696,1.5914182757199453e-05
529,2,1-4,adjust,-0.00840736956235795,0.00023080902214983305,2.884605593740187e-05
529,3,1-5,adjust,-0.0074067314929378,-5.235090782738032e-05,3.5184624873166275e-06
529,6,1-5,adjust,0.008596552539753626,-3.126371859486475e-05,8.057737399689062e-05
529,7,1-4,adjust,0.007701719141654797,4.1800616974073244e-05,7.923794388154626e-05
529,8,1-5,adjust,0.001399421457065645,-5.954453914272275e-05,2.5126465187632104e-05
529,9,1-5,adjust,0.007208795518234785,0.0002012716440586438,3.286242397508471e-05
530,2,1-7,adjust,0.0050634184735517665,-0.00015896229212614607,0.00010830788826948797
530,3,1-7,adjust,0.005726332691800373,-1.2046875534732289e-05,0.00020557679411808665
530,4,1-7,adjust,0.0128636177872178,-4.062553460697043e-06,0.00012232066180860334
530,5,1-7,adjust,-0.00145787248311432,-0.00011083737369606156,0.00015796025166999608
530,6,1-7,adjust,0.0010868630311773905,3.59933956689616e-05,4.7188142653398727e-05
530,9,1-8,adjust,-0.0063701172795682355,-0.00017932054513592965,0.00010334630929173938
531,2,1-4,adjust,0.0020425456142760126,-6.509376932504266e-05,1.8250305447513396e-05
531,3,1-4,adjust,0.004705040868055371,4.555710384285744e-05,6.880814777726143e-05
531,6,1-5,adjust,-0.009171200886315716,-7.751888944003768e-05,0.00027542557082711473
531,7,1-5,adjust,-0.006787098440841207,-0.00016137670126652117,0.0001658663932885374
531,8,1-5,adjust,-0.008155498937485288,-3.300348735881552e-05,0.00015963696736934105
531,9,1-5,adjust,-0.00019878874240862154,-2.202637987984213e-05,0.00011986161131030855
532,2,1-7,adjust,0.0009418728854502158,3.350376688610823e-05,8.032307627526632e-05
532,3,1-7,adjust,-0.001657752919437875,-5.711263876490854e-05,0.00011881291272969521
532,4,1-7,adjust,0.0029336962991730435,-7.397577656117735e-05,1.3218567990494755e-05
532,5,1-7,adjust,0.010221164692059113,0.00012026566710288917,5.666269414334784e-05
532,6,1-7,adjust,0.004531408124583611,-1.961582836993674e-05,6.579604126052775e-05
532,9,1-8,adjust,-0.006672245504881002,-0.0001074990965455772,8.211882923823543e-05
533,2,1-4,adjust,0.0006832073165548637,-7.242712271872424e-05,0.00015922155893362982
533,3,1-4,adjust,0.004915175437757025,-8.24536738116927e-05,0.00017503306223839177
533,6,1-5,adjust,0.010461521576491025,3.892084844233462e-06,0.0001135475415622074
533,7,1-4,adjust,0.013011475860883056,0.00018963842091245303,2.650829954170493e-05
533,8,1-5,adjust,0.016833184709038412,0.00019488883023820723,0.00010079779065195315
533,9,1-5,adjust,0.009104392560422211,0.00020239751495925682,3.098543035454954e-05
534,2,1-7,adjust,-0.006854571166762296,0.0002714215623330232,4.583390164045163e-05
534,3,1-7,adjust,-0.011948226142502946,0.00018684598164784956,3.4911278046550097e-06
534,4,1-7,adjust,-0.014551484891178993,6.838256300993336e-05,8.320396334714205e-06
534,5,1-7,adjust,-0.0030172400767667874,-3.5200281074401935e-07,2.7600911807160913e-05
534,6,1-7,adjust,-0.002123059895387239,0.0001834604763842582,3.25862817482998e-05
534,9,1-8,adjust,0.003461145979821946,0.00018931756398070336,6.042847062377096e-05
535,2,1-4,adjust,0.0012357095384708688,-0.00010428139490493846,6.918748869017319e-06
535,3,1-5,adjust,4.0419890749905544e-05,-4.952185152871521e-05,3.06661195609968e-05
535,6,1-5,adjust,-0.003538667491964255,-6.102525761183645e-05,4.183101028323862e-05
535,7,1-4,adjust,-0.0023432955425116255,-0.00011819650259529578,8.129300901469058e-06
535,8,1-5,adjust,-0.004324561438584516,-4.8167372039688e-05,3.481363508729943e-05
535,9,1-5,adjust,-0.002409230114648895,-0.0001645866692131686,4.0161075886039474e-05
536,2,1-7,adjust,0.004508847882043709,-2.0608892191167103e-05,2.7512762944907745e-05
536,3,1-7,adjust,0.011198629660924983,-9.303841539364559e-05,4.125412331735847e-05
536,4,1-7,adjust,0.0034810420352278946,-3.1524699699640064e-05,4.737045881884746e-05
536,5,1-7,adjust,0.0005440624428532988,-5.019222910415513e-05,3.040793444418767e-05
536,6,1-7,adjust,0.0028904874779292146,-0.00010562696560227195,2.3306555675106325e-05
536,9,1-8,adjust,-0.0021259307482771545,6.701704744560167e-05,3.846885966598941e-06
537,2,1-4,adjust,-0.0020208255945939513,2.436195492482131e-05,1.8628225695142573e-05
537,3,1-5,adjust,-0.009136200852718882,9.4522006444489e-05,4.23137926232895e-05
537,6,1-5,adjust,-0.0035232363940243716,0.00012209927640760798,2.6147898644336193e-05
537,7,1-4,adjust,-0.0007099255866003844,5.564596381487675e-05,1.97378770135585e-05
537,8,1-5,adjust,-0.006273471490943965,-4.866331683719978e-05,4.8831374497082326e-05
537,9,1-5,adjust,0.00027911338326986446,-3.308309023224704e-05,7.71608129433912e-05
538,2,1-7,adjust,-0.002341485573322441,2.6750643490819898e-05,0.0001386491457155313
538,3,1-7,adjust,0.0012259575470743808,1.4091230422524863e-06,6.83469213036368e-05
538,4,1-7,adjust,-0.005129771482494612,4.506506328581532e-05,9.699189393274187e-06
538,5,1-7,adjust,0.0063560541556277085,0.00013619985790633236,0.00011937971716162785
538,6,1-7,adjust,0.0051432847645210885,1.6746461088636922e-05,3.3379146900587276e-05
538,9,1-8,adjust,-0.0016179172064017435,-0.00012201157196719912,0.00015890000875349607
539,2,1-4,adjust,-0.0016718225937242823,7.623879675470183e-05,8.791914857115429e-05
539,3,1-4,adjust,-0.001499180821848399,6.635743397135378e-05,5.579957067996457e-05
539,6,1-5,adjust,0.00406752324006349,-3.788407168804492e-05,0.00014589610589733248
539,7,1-5,adjust,0.013075916425721349,-3.1321476883729094e-05,0.00012006970039116614
539,8,1-5,adjust,0.019307232279604084,0.00019677552767464145,7.125564208820794e-05
539,9,1-5,adjust,0.007617114700745944,0.00018102664636294546,3.9335456342704315e-05
540,2,1-7,adjust,0.005551066859312141,-0.00016121907731106243,0.00021835665270448953
540,3,1-7,adjust,0.009058485977992503,-0.0001982069527966848,0.00023893720135983415
540,4,1-7,adjust,0.015687984276491103,-0.000140351682192323,0.00015518549190137376
540,5,1-7,adjust,0.010683446644919497,-5.355902446378301e-05,0.0001450680985676585
540,6,1-7,adjust,0.008297982667512695,1.0966724168768437e-05,7.552205723993312e-05
540,9,1-8,adjust,0.003395805851750591,0.00020077651680092077,0.00019966733508809803
541,2,1-4,adjust,0.001677084419118657,-8.726853725430766e-05,3.752754375188914e-05
541,3,1-4,adjust,0.0037522714402379365,-4.200683891473272e-05,7.846390175377107e-05
541,6,1-5,adjust,0.0019428702110170645,-4.085528398681296e-05,0.0001513938636442811
541,7,1-5,adjust,0.004937303443134724,8.819981153636824e-05,0.00018682994611045437
541,8,1-5,adjust,-0.002330646058816274,-5.5334228045534424e-05,0.0001376069007721062
541,9,1-5,adjust,-0.0017467970247108837,-0.00013828807484765818,0.00022473565924329753
542,2,1-7,adjust,-0.008168431188079767,0.00024409154759424148,6.285300586586548e-05
542,3,1-7,adjust,-0.010291678514455607,0.00014616059771969364,8.093180496964952e-05
542,4,1-7,adjust,-0.007645587186264741,0.0001048865601499828,1.2740298479627634e-05
542,5,1-7,adjust,-0.007806647445393916,-6.21455798807131e-05,3.461115801797112e-05
542,6,1-7,adjust,0.00345011776560415,0.00011553093283289058,7.357264958256843e-05
542,9,1-8,adjust,0.00036488749825060797,5.802439636003442e-05,1.840497655828994e-05
543,2,1-4,adjust,0.0053833386868931184,-0.00011359706459141902,4.486678123360365e-05
543,3,1-4,adjust,0.0010359308705166867,-1.4388832869527294e-06,0.00010628075817159355
543,6,1-5,adjust,-0.01343485737860901,-9.630154983271756e-05,0.00010109617339612613
543,7,1-4,adjust,-0.016358088398970922,-5.7908644297304014e-05,2.3493475101081337e-05
543,8,1-5,adjust,-0.008327261068077211,-0.00010754864814516733,3.1875788150017454e-05
543,9,1-5,adjust,-0.0038995807769563553,-0.0001103266883493508,5.700698475921608e-05
544,2,1-7,adjust,-0.001123306683785277,-4.130491506204536e-06,4.597783851365642e-05
544,3,1-7,adjust,-0.004730470050727774,-1.1918197369387401e-05,1.8190405986706503e-05
544,4,1-7,adjust,-0.004909120799355187,-1.4935221643274426e-05,4.974481363115784e-05
544,5,1-7,adjust,-0.003858182073083836,-1.6165434528827923e-05,3.4425698035135285e-05
544,6,1-7,adjust,-0.003556493530821723,5.5519957249922613e-05,4.537437240712149e-05
544,9,1-8,adjust,-0.0006543293277021123,-4.8531843798244737e-05,5.080963662791275e-05
545,2,1-4,adjust,0.0022082952953065517,9.413980340490143e-05,6.374366981678356e-05
545,3,1-4,adjust,0.001066620658322891,0.00010423973156925899,8.552102052907961e-05
545,6,1-5,adjust,0.005726772946908452,-0.0001311884632549173,4.013746642497571e-06
545,7,1-4,adjust,-0.0033343673090155857,-7.655190425473213e-05,7.646484372022973e-05
545,8,1-5,adjust,-0.0018736325659128976,-4.839562130231134e-05,2.0515898457259734e-05
545,9,1-5,adjust,-0.0022466149886582213,-1.6558476175679795e-05,7.613563334513013e-06
546,2,1-7,adjust,0.003625803099543934,-0.000214633650241865,6.158966112859164e-07
546,3,1-7,adjust,0.01618326604391621,-8.464467451934214e-05,1.6678170749308032e-05
546,4,1-7,adjust,0.007317551602758353,-3.401278786257939e-05,1.1249988316545731e-05
546,5,1-7,adjust,-0.0035141805580517554,-1.564468262681807e-05,1.8613523344937556e-05
546,6,1-7,adjust,-0.006967754817437408,0.00014442305762702291,7.479622150373222e-05
546,9,1-8,adjust,-0.0015931446095106294,-5.116097758160355e-05,5.907954291146074e-05
547,2,1-4,adjust,-0.004113355640646358,5.0710036480584335e-05,5.750760738921146e-05
547,3,1-5,adjust,-0.009331980469938248,-3.2774761494848625e-05,2.35397709854793e-05
547,6,1-5,adjust,-0.00415174405333158,-3.9042573290597384e-05,8.430229324075365e-06
547,7,1-4,adjust,0.009542266627021354,1.839578048754438e-05,5.430977492223704e-05
547,8,1-5,adjust,-0.00479985736034581,-4.968868740925021e-05,1.812933906256234e-05
547,9,1-5,adjust,0.0011694632080464225,9.071727812696851e-05,3.2014100024692036e-05
548,2,1-7,adjust,0.0036487105494577075,-2.144805695423917e-06,0.00011436769073265027
548,3,1-7,adjust,0.0022932993554370105,2.2529478851201198e-05,3.007334891174127e-05
548,4,1-7,adjust,0.0029137451351765207,2.0642832360431807e-05,5.903206518206384e-05
548,5,1-7,adjust,0.009806002278850394,-3.482826074232044e-05,1.5231837056249173e-05
548,6,1-7,adjust,0.016971579420120078,9.247361460349544e-05,5.353661269116454e-05
548,9,1-8,adjust,-0.0035323453514279476,-0.0001767031417290752,0.00019465352737981203
549,2,1-4,adjust,-0.0020460552553697125,-3.538882181109208e-05,2.452794419011348e-05
549,3,1-4,adjust,-0.0028815249600404264,1.8180094787850677e-05,7.315309839873306e-05
549,6,1-5,adjust,-0.008711762120470899,-7.273364506487337e-05,7.524649856477946e-05
549,7,1-4,adjust,-0.0051191764368917,8.857394688038669e-05,1.7397262160333087e-05
549,8,1-5,adjust,0.0030365163326738494,6.171570978648045e-05,1.4478143266234773e-05
549,9,1-5,adjust,0.004002701604155769,0.00017578929423655627,3.3780136524698134e-05
550,2,1-7,adjust,-0.006097147657409589,0.0002492589827312078,0.00010910416488443253
550,3,1-7,adjust,-0.004211561668698557,3.1090302961704635e-05,4.546242468498421e-05
550,4,1-7,adjust,-0.013815748515448333,4.67823033759943e-05,0.00010184234002046738
550,5,1-7,adjust,-0.006410288048767698,0.00016657395629173205,0.00012519063542570144
550,6,1-7,adjust,-0.004453984952828656,-0.0001340816606548835,1.2413216168876174e-05
550,9,1-8,adjust,0.001366389505031647,-3.0182331041092484e-05,4.530853770002925e-05
551,2,1-4,adjust,0.0005878138871226537,-9.85509153344237e-05,3.439776458879739e-05
551,3,1-4,adjust,-0.004581206505108766,-5.645887112546834e-05,5.868649580086463e-05
551,6,1-5,adjust,0.006579005623319876,0.00011435931719109513,0.00013592416338178753
551,7,1-5,adjust,0.005561097198227753,1.5204696344198915e-05,8.429923280224341e-05
551,8,1-5,adjust,0.008399899375756777,0.00015528618236566316,8.259370589947433e-05
551,9,1-5,adjust,-0.0013198412950458209,2.8619381372177658e-05,3.022943227770706e-05
552,2,1-7,adjust,-0.000341986133092631,3.875581244606601e-05,0.00010578738315235629
552,3,1-7,adjust,0.0038488668036923907,7.512243808292184e-05,7.227566751480833e-05
552,4,1-7,adjust,0.013211641299260526,-3.720994937349551e-05,0.00013750317127530145
552,5,1-7,adjust,0.0014308674379597602,-9.688545128886788e-05,2.2234617407696157e-05
552,6,1-7,adjust,-0.0037309967611576195,-0.00010044717533706046,2.345740945015784e-06
552,9,1-8,adjust,0.007062415440500295,5.416453860353678e-05,3.118850493493622e-05
553,2,1-4,adjust,0.00482489851961286,-0.00010189161755604424,2.5850742212648697e-05
553,3,1-4,adjust,0.006926322703632851,-0.00014889605017030883,0.00010190084369483423
553,6,1-5,adjust,-0.0002945992197291323,0.00012111229160717385,1.0332246635233424e-05
553,7,1-4,adjust,-0.004444235285163966,-2.7418143376009064e-05,4.2631082135701756e-05
553,8,1-5,adjust,-0.010155500310762521,-0.00013490414119623985,1.0125779042007081e-05
553,9,1-5,adjust,-0.006597479035569112,-7.290103434961683e-05,6.521185438214078e-05
554,2,1-7,adjust,-0.0014336315391286316,-2.4403532026965865e-05,4.317309304522901e-05
554,3,1-7,adjust,-0.010390325215080105,0.0001034274676557521,8.761019900896696e-05
554,4,1-7,adjust,-0.003591506765501476,8.370830494754694e-05,6.784062113331266e-05
554,5,1-7,adjust,-0.006380113164708983,-7.513392264626101e-05,1.5232012426664343e-05
554,6,1-7,adjust,-0.001631863367503872,-8.198862666654404e-05,3.572004180217596e-05
554,9,1-8,adjust,-0.0024820941658097308,1.755276808664386e-06,7.244784536362983e-05
555,2,1-4,adjust,0.000964823468771746,8.950558643930962e-05,2.3935481093644974e-05
555,3,1-4,adjust,0.003448543351674094,-3.200171515362586e-05,9.987655222622314e-05
555,6,1-5,adjust,-0.00923632430244469,0.00010739287155613089,0.00012702715866299294
555,7,1-5,adjust,-0.006846635218745229,-5.0658598372624746e-05,0.00019324738646368399
555,8,1-5,adjust,-0.00020936138090141932,1.1517811351820593e-05,9.754034674092393e-05
555,9,1-5,adjust,0.0007963190890228235,-0.00010918505396245918,0.00020101907207135554
556,2,1-7,adjust,0.001155092103317682,-0.00011340616135946818,2.7169767636737098e-05
556,3,1-7,adjust,0.007791578698598916,2.208143590077678e-06,3.5547352574422862e-06
556,4,1-7,adjust,-0.003999250590978851,-5.52593848996017e-05,1.2376325307937143e-05
556,5,1-7,adjust,0.0013236107570670495,7.557794310629634e-05,3.3789047492507244e-06
556,6,1-7,adjust,0.003379626370778664,-0.00013566911399615187,2.3601287648963666e-05
556,9,1-8,adjust,-0.0015577773093615162,0.00011458689237453862,3.683663611435012e-05
557,2,1-4,adjust,-0.001531186235524442,0.0001346770113768589,4.312246019773814e-05
557,3,1-4,adjust,-0.00825643160429799,4.454175276115456e-05,9.052754894486782e-05
557,6,1-5,adjust,0.004633192015122762,7.551048328264252e-05,1.0474063267247123e-06
557,7,1-4,adjust,0.0016649878489958712,-4.278929611083852e-05,9.255289980400566e-05
557,8,1-5,adjust,0.002093547039862234,1.3815431394096381e-05,2.8459568499521702e-05
557,9,1-5,adjust,0.003533304753998679,2.9260511344595275e-06,3.655926938282492e-05
558,2,1-7,adjust,0.004156259017091466,-0.00011565068098498408,4.607746915958498e-05
558,3,1-7,adjust,0.0009228056131238822,-1.3966913127690499e-05,8.867936115309206e-06
558,4,1-7,adjust,0.007870992835175629,-8.042782557993698e-05,3.0054592350860725e-05
558,5,1-7,adjust,0.0019643544658202766,1.4250316062174207e-05,3.0331986149511942e-05
558,6,1-7,adjust,-0.0024452116451459845,-0.00015853110029810433,2.8925195489931685e-05
558,9,1-8,adjust,-0.0021715414746207038,-3.519031010298671e-05,4.0854951867784096e-05
559,2,1-4,adjust,-0.0009346187981788586,-4.8808131063146234e-05,5.72278643674113e-05
559,3,1-4,adjust,0.004806762376152084,-0.0001402322524359904,0.00012534439526170347
559,6,1-5,adjust,0.005005647653419466,0.00010295680048033879,4.61626487343232e-05
559,7,1-4,adjust,-0.0009968672116663299,1.707457968708806e-05,8.199735613944421e-05
559,8,1-5,adjust,0.004303862384724768,-3.107884757697088e-05,9.348048730388882e-05
559,9,1-5,adjust,0.0035445259461304715,4.6973749851907935e-05,8.839939518597863e-05
560,2,1-7,adjust,0.0005727295593577478,4.442019080379687e-05,2.5040732837911863e-05
560,3,1-7,adjust,-0.005329560751828762,5.8475626752239705e-05,3.0749284439748192e-06
560,4,1-7,adjust,-0.0010825090445323298,0.00010379448785008379,7.080832375648878e-05
560,5,1-7,adjust,6.063519103268397e-05,-6.0057501927008594e-05,7.875167672133724e-05
560,6,1-7,adjust,-0.006570487939392943,-3.579707272171643e-05,5.948922628577204e-05
560,9,1-8,adjust,0.0002213144255860268,1.0863983257852875e-05,0.00011616618181763632
