slot,receiver_id,selected_pair,status,radial_command_m,angular_command_rad,consistency_rad
1,2,1-4,adjust,-4.165516002458781,0.02254457379475812,0.06221618331370164
1,3,1-4,adjust,2.3065090269037656,0.020755165458489475,0.09833555248032051
1,6,1-5,adjust,1.5470897542035398,-2.5555035989441305e-06,0.07952771307440037
1,7,1-5,adjust,4.764538716152492,0.006353417909506039,0.04109001867268164
1,8,1-5,adjust,-4.470547937816695,0.006809643388906734,0.016681106427864145
1,9,1-5,adjust,2.9245989980567364,0.0008323668654537841,0.006069033752985379
2,2,1-7,adjust,-1.3995207559648795,-0.014820418254444977,0.029484215698417464
2,3,1-7,adjust,2.379600337545072,-0.0044788501880317095,0.004439283190084004
2,4,1-7,adjust,1.4884555631327638,0.005373339479187965,0.017518253245360015
2,5,1-7,adjust,-2.999069568528507,0.0042502019025021385,0.04321059491779677
2,6,1-7,adjust,-2.269184837874915,-0.005428504634426126,0.0825278984097205
2,9,1-8,adjust,2.6642644138790375,0.028674630620886887,0.1125065750498739
3,2,1-4,adjust,-1.3133641202993516,0.010794281176982336,0.03152102252608046
3,3,1-4,adjust,0.28607990307544023,0.008599290276194473,0.04766576026855097
3,6,1-5,adjust,0.6330852484713141,0.00043109305713796473,0.028449121854107928
3,7,1-5,adjust,1.6036756877299148,-0.0014093832621137373,0.01155862484370061
3,8,1-5,adjust,-2.6278565457934757,-0.0013186408504501348,0.0008300079201150487
3,9,1-5,adjust,0.11146109551686752,-0.014258960745037791,0.009294652400699573
4,2,1-7,adjust,-0.0649890700509774,-0.012103585205883982,0.01515567505611095
4,3,1-7,adjust,1.204177995830822,-0.008375091678232043,0.0022884431461061678
4,4,1-7,adjust,1.1912987892324534,2.135780383162739e-05,0.008842060406308468
4,5,1-7,adjust,-0.6699216146386185,0.000671331899888532,0.02189058609896002
4,6,1-7,adjust,-0.5239836949180924,-0.0012692558320239495,0.04168510442074071
4,9,1-8,adjust,0.6821900033194029,0.009614967861341755,0.059635246114906545
5,2,1-4,adjust,-0.45408529072104015,0.005700087990771251,0.016321389271710847
5,3,1-4,adjust,-0.05116090729088813,0.003603753491406464,0.02256380411074845
5,6,1-5,adjust,0.27548882253589707,0.0003158499279631818,0.008487861376806861
5,7,1-5,adjust,0.5958010676543797,-0.0019019580568706749,0.0012988935238978396
5,8,1-5,adjust,-1.4062372115148614,-0.0017686891792690184,0.0032796107058773332
5,9,1-5,adjust,-0.2930053386768678,-0.012148866770587614,0.00759097448543272
6,2,1-7,adjust,0.21349132054515416,-0.009395610634698993,0.00759837694345306
6,3,1-7,adjust,0.7393756611898606,-0.00728680838225652,0.0007162066357285088
6,4,1-7,adjust,0.8217706201240651,-0.0013099559061917172,0.005225851198119366
6,5,1-7,adjust,0.004077610117557611,-0.0002595701276982252,0.01220672949433688
6,6,1-7,adjust,-0.03919521544517122,-0.00015389112366190778,0.02274288082817366
6,9,1-8,adjust,0.13965572395230993,0.001834784449141518,0.03187038209070189
7,2,1-4,adjust,-0.19194590063850717,0.0034875325962571567,0.008203338632032615
7,3,1-4,adjust,-0.08834975179848484,0.001806681409729357,0.010038087303052381
7,6,1-5,adjust,0.15338144528980358,0.00022837528644515233,0.0008694932232642918
7,7,1-5,adjust,0.28943124353693017,-0.0009942639155165259,0.0018773181061574832
7,8,1-5,adjust,-0.7087993447006579,-0.000947103381221114,0.003615436951217905
7,9,1-5,adjust,-0.22107723123557882,-0.007133023808140732,0.005288922233298794
8,2,1-7,adjust,0.21280198883205761,-0.006722692439564142,0.003728931155616673
8,3,1-7,adjust,0.4707355850041782,-0.005213073483798471,0.00012524808364837808
8,4,1-7,adjust,0.5246912647892193,-0.0013143789606760673,0.003439673601098825
8,5,1-7,adjust,0.16570080127641929,-0.0004175642600796354,0.00736999574996255
8,6,1-7,adjust,0.07851630202675436,0.00011748283990428693,0.013252282335249521
8,9,1-8,adjust,0.0006570431141335219,-0.0004830904516666685,0.017489015409562454
9,2,1-4,adjust,-0.10528177022208574,0.0024174758455718197,0.0038003858962312956
9,3,1-4,adjust,-0.07765499866796396,0.0011162637762254198,0.003781977284266024
9,6,1-5,adjust,0.10762948079595505,0.00017933795797642628,0.0017963236251320389
9,7,1-5,adjust,0.18796198713663118,-0.0002439226722977482,0.0025108819850011596
9,8,1-5,adjust,-0.33822063578093636,-0.00027746469757217624,0.002936086902923314
9,9,1-5,adjust,-0.11346082273447454,-0.0033999471969308683,0.003421011990956058
10,2,1-7,adjust,0.15714732338541212,-0.004535802517442191,0.0017850437837828228
10,3,1-7,adjust,0.29607290589889596,-0.0034240015749013096,0.00047428300048801874
10,4,1-7,adjust,0.3195299374180527,-0.0009875856635594691,0.002397336184749497
10,5,1-7,adjust,0.17364952207025336,-0.0003686117435453407,0.004723686965214744
10,6,1-7,adjust,0.09053907533136972,0.0001544387036091409,0.008156468846116625
10,9,1-8,adjust,-0.028483854482529856,-0.0009189761363321068,0.009922627781584675
11,2,1-4,adjust,-0.06997635200783958,0.0017895824342254786,0.001468849634290727
11,3,1-4,adjust,-0.06198557540566688,0.0007865593689972542,0.0007565477408307288
11,6,1-5,adjust,0.08361202701495703,0.00014483410242371425,0.0024683845539706347
11,7,1-5,adjust,0.1419034309825951,0.00015600985647623458,0.00229845659792093
11,8,1-5,adjust,-0.15061868383172558,8.275367514732516e-05,0.00214813602165707
11,9,1-5,adjust,-0.04375372519101987,-0.0012760442444927419,0.002121758652896202
12,2,1-7,adjust,0.10534850247663251,-0.0029521569110870205,0.0008256413090145675
12,3,1-7,adjust,0.18286775848837106,-0.0021520190708459075,0.000556940522723977
12,4,1-7,adjust,0.18850470071936293,-0.0006597059940432959,0.0017120636669903549
12,5,1-7,adjust,0.14283887298117176,-0.00028297296482316487,0.0031576153072050044
12,6,1-7,adjust,0.07604337256257018,0.0001327907220534674,0.005244203863190015
12,9,1-8,adjust,-0.028976525435755105,-0.000833904905186036,0.00583116533910329
13,2,1-4,adjust,-0.050710812230627664,0.0013522555727470851,0.0003013333522528277
13,3,1-4,adjust,-0.0479770205571835,0.0005833252136056391,0.0005857315360950212
13,6,1-5,adjust,0.06592816165045402,0.00011560568912495938,0.002366787966682113
13,7,1-5,adjust,0.11105401209948787,0.0003098505020643224,0.0018672001856862052
13,8,1-5,adjust,-0.05968680318528396,0.0002277344934059393,0.0015014341427003525
13,9,1-5,adjust,-0.007975003514052536,-0.00023727632881315864,0.001285987582807244
14,2,1-7,adjust,0.0679825240250761,-0.001885215308443122,0.0003618993975803545
14,3,1-7,adjust,0.11144737247525624,-0.0013212657446374618,0.0005179932900433654
14,4,1-7,adjust,0.10870123481797213,-0.0004132559226346587,0.0012318279241378947
14,5,1-7,adjust,0.10841588789527971,-0.00020668194570810992,0.0021729057051980793
14,6,1-7,adjust,0.05821327199590904,0.00010232762170152091,0.003488056042466384
14,9,1-8,adjust,-0.023323378791364077,-0.0006509994957918252,0.003546242382061916
15,2,1-4,adjust,-0.03767502787631347,0.0010208970371726955,0.00022688316422963116
15,3,1-4,adjust,-0.036437499268650086,0.0004367933027680817,0.0010682266950918348
15,6,1-5,adjust,0.05117804729928968,9.008551864378524e-05,0.002005073078227107
15,7,1-5,adjust,0.08621053143517413,0.000332082118212143,0.0014377848103479698
15,8,1-5,adjust,-0.017830552822314414,0.00025693761747878094,0.0010275409645206424
15,9,1-5,adjust,0.007406316258015472,0.00019951678252389763,0.0007737342116534606
16,2,1-7,adjust,0.043301514958366406,-0.0011958831780513747,0.00014410314775022387
16,3,1-7,adjust,0.06745801818464145,-0.0008023165504860965,0.0004358598646692722
16,4,1-7,adjust,0.06161493766582523,-0.0002485635615231221,0.000886107230117651
16,5,1-7,adjust,0.07960385486877104,-0.00014810492402285265,0.0015264846577399734
16,6,1-7,adjust,0.04302929970607737,7.579874342855452e-05,0.0023816346216839587
16,9,1-8,adjust,-0.017493292460652815,-0.0004832262572824557,0.002225551325265896
17,2,1-4,adjust,-0.02803594564037124,0.0007648551696649553,0.0004190739169290881
17,3,1-4,adjust,-0.02726197234849849,0.0003253382433974101,0.0011346925664663086
17,6,1-5,adjust,0.038891078172675037,6.854246342494659e-05,0.0015975210285010942
17,7,1-5,adjust,0.06573823676295279,0.0002966539865157326,0.0010767494254137202
17,8,1-5,adjust,-2.7255366841288167e-05,0.0002342690972908309,0.0006967656392881859
17,9,1-5,adjust,0.012327157143538842,0.0003380158300936519,0.0004699727706100112
18,2,1-7,adjust,0.02759262538959828,-0.0007605927253190794,4.631788276572905e-05
18,3,1-7,adjust,0.040803727784184944,-0.0004859686069898521,0.0003480697457013842
18,4,1-7,adjust,0.0344588808742599,-0.00014536341995232096,0.000635148364220734
18,5,1-7,adjust,0.05758974932312708,-0.00010541056530876553,0.001089621064789901
18,6,1-7,adjust,0.03137326104224463,5.530695364200076e-05,0.0016602993626778876
18,9,1-8,adjust,-0.012791462818713916,-0.00035205160293775575,0.0014352386624199279
19,2,1-4,adjust,-0.02077151985479572,0.00056850419375085,0.000446335163472944
19,3,1-4,adjust,-0.020154857733833836,0.0002402136223506383,0.0010207342824140224
19,6,1-5,adjust,0.028983862888515215,5.11033941234899e-05,0.0012276094193743828
19,7,1-5,adjust,0.04929095740660321,0.00024308594459229033,0.0007939169979458262
19,8,1-5,adjust,0.006448011901395471,0.0001940487266317789,0.00047076857822414764
19,9,1-5,adjust,0.012502704770138652,0.00034348194896477246,0.00029411418130551487
20,2,1-7,adjust,0.017741613635947277,-0.0004885153676076837,5.797608355090672e-06
20,3,1-7,adjust,0.024796921188553263,-0.0002954934099037992,0.00027005441751120555
20,4,1-7,adjust,0.019064251530426395,-8.327625308947046e-05,0.0004528912550774819
20,5,1-7,adjust,0.04138086249703447,-7.489495324456185e-05,0.0007886877441533206
20,6,1-7,adjust,0.022776687504603734,4.016335180750375e-05,0.0011777245885768591
20,9,1-8,adjust,-0.009271272429480844,-0.0002548510710511727,0.0009463241289141132
21,2,1-4,adjust,-0.015323521615585629,0.0004201095283796204,0.0004015914187526583
21,3,1-4,adjust,-0.014764462464870773,0.00017591995920203157,0.0008466182545520545
21,6,1-5,adjust,0.021248079255561585,3.746977573918334e-05,0.0009212101322975284
21,7,1-5,adjust,0.036468488889775115,0.00018976838982591148,0.0005801750922611767
21,8,1-5,adjust,0.007882189384820978,0.00015247936878310119,0.00031753278187699396
21,9,1-5,adjust,0.010860655128686251,0.00029844059431846686,0.00019413470013779734
22,2,1-7,adjust,0.011582126424687356,-0.00031868335129592876,8.297959364413419e-06
22,3,1-7,adjust,0.01520836274521386,-0.00018126684037591108,0.00020638239593836328
22,4,1-7,adjust,0.010453822888885524,-4.69606111504156e-05,0.00032082716625811446
22,5,1-7,adjust,0.02964060310651951,-5.3227829402799916e-05,0.0005787956025314075
22,6,1-7,adjust,0.01654490622183548,2.9177706577020297e-05,0.0008486878014338296
22,9,1-8,adjust,-0.006707997249016559,-0.00018432238818988248,0.0006345813732633276
23,2,1-4,adjust,-0.011279157368684747,0.00030952157555173723,0.0003327484523166758
23,3,1-4,adjust,-0.010742286179750295,0.0001279963673769242,0.0006695928697162419
23,6,1-5,adjust,0.015358345269976804,2.7085351466519837e-05,0.0006796386142471709
23,7,1-5,adjust,0.026714366680693397,0.0001438239031669714,0.0004218973816653391
23,8,1-5,adjust,0.0072851192386671265,0.00011605728736435927,0.0002136496703372599
23,9,1-5,adjust,0.008772014250374122,0.00024103881348756575,0.00013809428334739832
24,2,1-7,adjust,0.0077138470097755886,-0.00021214082227580304,1.0861908176824245e-05
24,3,1-7,adjust,0.009447265656490587,-0.00011260645833143621,0.00015680965641824734
24,4,1-7,adjust,0.005689795866591035,-2.6153460207355902e-05,0.00022540444111600642
24,5,1-7,adjust,0.021200688238850338,-3.786373693342464e-05,0.0004312098110459002
24,6,1-7,adjust,0.012062423962539452,2.1273631591020102e-05,0.0006212336476766093
24,9,1-8,adjust,-0.004862230045689417,-0.00013359348032369046,0.0004305412102257529
25,2,1-4,adjust,-0.008305577704858371,0.00022804254553139534,0.00026268172630029314
25,3,1-4,adjust,-0.007777497802530434,9.26762361611665e-05,0.0005135579479492447
25,6,1-5,adjust,0.010956412375392046,1.9322943393670684e-05,0.0004948291346110512
25,7,1-5,adjust,0.019428367642379225,0.00010695290550522832,0.0003061212551674413
25,8,1-5,adjust,0.006038049671260678,8.655708610334595e-05,0.0001429525267416719
25,9,1-5,adjust,0.006811364513702068,0.00018715344354134397,0.00010703710220501534
26,2,1-7,adjust,0.005262092866776536,-0.00014466480247146492,8.904955105239092e-06
26,3,1-7,adjust,0.0059590876702310495,-7.102887300881213e-05,0.00011930331256715229
26,4,1-7,adjust,0.00307731640174539,-1.4419002041967542e-05,0.00015663667442053093
26,5,1-7,adjust,0.015154298675160481,-2.6961501965767114e-05,0.00032688089844908655
26,6,1-7,adjust,0.0088497442239279,1.5607965049697176e-05,0.00046244847809167683
26,9,1-8,adjust,-0.0035392295618364334,-9.724333380110638e-05,0.00029407648137270417
27,2,1-4,adjust,-0.006136115378058939,0.0001685271514104699,0.00020093648692241117
27,3,1-4,adjust,-0.005611571357622735,6.687089150912235e-05,0.00038563711912289697
27,6,1-5,adjust,0.0077097587953093615,1.3597401663867567e-05,0.00035620886197997937
27,7,1-5,adjust,0.01405673461977158,7.854247204493929e-05,0.00022208716153757606
27,8,1-5,adjust,0.004733123300469821,6.369523617345692e-05,9.456015003906519e-05
27,9,1-5,adjust,0.005172621450827811,0.00014212098050146325,8.998438041766839e-05
28,2,1-7,adjust,0.0036890841236081745,-0.00010139701257080951,5.5962959155980965e-06
28,3,1-7,adjust,0.003822523424389851,-4.5561462055629326e-05,9.144159614983914e-05
28,4,1-7,adjust,0.0016553410125735243,-7.883393530624868e-06,0.00010718445353867989
28,5,1-7,adjust,0.010829435397763654,-1.9215325025675826e-05,0.00025287023392218033
28,6,1-7,adjust,0.006550976683291803,1.1553778395634532e-05,0.0003508262532041195
28,9,1-8,adjust,-0.002592741426162882,-7.123915808758954e-05,0.0002012254368479014
29,2,1-4,adjust,-0.0045625212579959344,0.0001253295518676476,0.00015034778135502165
29,3,1-4,adjust,-0.004039415655396428,4.813789801135126e-05,0.0002851765751452527
29,6,1-5,adjust,0.0053375488667315955,9.413831985887806e-06,0.0002536313592847968
29,7,1-5,adjust,0.010133033531829608,5.719322011148902e-05,0.00016139883020137717
29,8,1-5,adjust,0.003592361425168385,4.644992614763409e-05,6.12207737931779e-05
29,9,1-5,adjust,0.0038814574454046616,0.00010664332672577552,8.069309554218585e-05
30,2,1-7,adjust,0.0026658567868369145,-7.326253966934383e-05,2.269690002912351e-06
30,3,1-7,adjust,0.002494698202538556,-2.9734374468400265e-05,7.099376012872403e-05
30,4,1-7,adjust,0.0008862440087296454,-4.27999213069779e-06,7.168180059410806e-05
30,5,1-7,adjust,0.007738073645753316,-1.3704339642574903e-05,0.00020024379756799354
30,6,1-7,adjust,0.004907396645496142,8.6550089727391e-06,0.00027197223647934586
30,9,1-8,adjust,-0.0019161416285460304,-5.264951203194368e-05,0.00013720763902385768
31,2,1-4,adjust,-0.003426001807990656,9.411860142581655e-05,0.0001106474368265392
31,3,1-4,adjust,-0.0029034911808287745,3.460176685848461e-05,0.00020843883686849413
31,6,1-5,adjust,0.0036156905988624375,6.3771548416094534e-06,0.0001784455050244281
31,7,1-5,adjust,0.007285643424098514,4.1407432710456996e-05,0.00011771687969715091
31,8,1-5,adjust,0.0026725008270329378,3.3665066525201896e-05,3.810590394843875e-05
31,9,1-5,adjust,0.0028982565410271307,7.962911451336803e-05,7.566350398058747e-05
32,2,1-7,adjust,0.00199074260149598,-5.470449936505002e-05,5.918985193029901e-07
32,3,1-7,adjust,0.0016558036045667478,-1.9735381075731876e-05,5.6109347303884356e-05
32,4,1-7,adjust,0.00047252341856082015,-2.309809695568606e-06,4.622596029000923e-05
32,5,1-7,adjust,0.005529025729152295,-9.779175513407474e-06,0.00016276387431338212
32,6,1-7,adjust,0.0037326700614356647,6.583110588166427e-06,0.00021607443342795012
32,9,1-8,adjust,-0.0014326204884823077,-3.936427567484747e-05,9.262831133704292e-05
33,2,1-4,adjust,-0.002607688082400216,7.164147788305506e-05,8.03431491431899e-05
33,3,1-4,adjust,-0.00208543117982196,2.4852974015468237e-05,0.00015091366508906967
33,6,1-5,adjust,0.002371690071629504,4.183206934518065e-06,0.00012371242845378628
33,7,1-5,adjust,0.005228795401622722,2.985977993460061e-05,8.63465596698034e-05
33,8,1-5,adjust,0.0019626153440548545,2.4295292439909938e-05,2.198693586065556e-05
33,9,1-5,adjust,0.0021652113876150865,5.948867038961425e-05,7.295594534222576e-05
34,2,1-7,adjust,0.00153917940716376,-4.229363991198806e-05,2.880502878577559e-06
34,3,1-7,adjust,0.0011165732772014736,-1.330828722324723e-05,4.533523932068355e-05
34,4,1-7,adjust,0.0002510193717270192,-1.2401422895460684e-06,2.799089665387445e-05
34,5,1-7,adjust,0.0039506237762359075,-6.9810273186011435e-06,0.0001360426592971867
34,6,1-7,adjust,0.0028931764238252235,5.102451843821248e-06,0.0001763539033502253
34,9,1-8,adjust,-0.0010871178015958004,-2.98709903178483e-05,6.135665751045044e-05
35,2,1-4,adjust,-0.002019789775423955,5.549146938378468e-05,5.7640244856143625e-05
35,3,1-4,adjust,-0.0014976468526854514,1.7848185267807398e-05,0.0001083542639574143
35,6,1-5,adjust,0.0014758650904172078,2.603298524603994e-06,8.406551952392097e-05
35,7,1-4,adjust,0.0069400775365486625,3.9903364148060285e-05,9.783140134660663e-05
35,8,1-5,adjust,0.0014289663305319565,1.7481499738696284e-05,1.0689889885431039e-05
35,9,1-5,adjust,0.0016260807067523283,4.467621124611153e-05,7.150536014774381e-05
36,2,1-7,adjust,0.0007654287874305092,-2.10349181740486e-05,1.2946591581473125e-05
36,3,1-7,adjust,0.0002962724822890826,-3.5319336405893465e-06,4.579273174813842e-05
36,4,1-7,adjust,0.0001331272219989203,-6.640688779299299e-07,1.4934593605548487e-05
36,5,1-7,adjust,0.003539891915417126,-6.249296006364406e-06,0.00010761713307340574
36,6,1-7,adjust,0.0036407893578375636,6.420391406042857e-06,0.00012438052710892576
36,9,1-8,adjust,-0.0008402443900928217,-2.308759724636029e-05,9.608274572228278e-06
37,2,1-4,adjust,-0.0013641101189773026,3.7478075302837536e-05,3.617599986474058e-05
37,3,1-4,adjust,-0.000842026830898319,1.00345945789689e-05,6.866958325390996e-05
37,6,1-5,adjust,0.000473730588491974,8.362369452826007e-07,4.797962590903e-05
37,7,1-4,adjust,0.003474475834470615,1.9977774596601733e-05,6.683621979515673e-05
37,8,1-5,adjust,0.0011157046998113492,1.3521622714569044e-05,8.116330273676745e-07
37,9,1-5,adjust,0.001233152112090781,3.388065885208203e-05,7.07295625441273e-05
38,2,1-7,adjust,0.0005571069452032771,-1.5309016625055057e-05,1.4739267250266665e-05
38,3,1-7,adjust,6.300702810814758e-05,-7.516051791609835e-07,4.1281228759231454e-05
38,4,1-7,adjust,7.02468639988901e-05,-3.5330958654852606e-07,4.880412358733018e-06
38,5,1-7,adjust,0.0025530274458398818,-4.505442762420066e-06,9.125874313870246e-05
38,6,1-7,adjust,0.0030511783688870766,5.380580661405995e-06,9.836431407258766e-05
38,9,1-8,adjust,-0.0006347082039452948,-1.7439975218987088e-05,3.5346572756430076e-05
39,2,1-4,adjust,-0.0009455390762927227,2.5978251455414658e-05,2.0379978804173305e-05
39,3,1-5,adjust,-0.0013830247629449631,1.6482247992735626e-05,6.546545103752845e-05
39,6,1-5,adjust,-0.00016629392575438467,-2.924732581702592e-07,2.179703194592121e-05
39,7,1-4,adjust,0.0017394560852965228,1.0001932198066907e-05,4.4452402888845645e-05
39,8,1-5,adjust,0.0008472390828409145,1.0209151298592858e-05,6.243745613736207e-06
39,9,1-5,adjust,0.0009339402552189635,2.5659864215624193e-05,7.031746662243211e-05
40,2,1-7,adjust,0.0004971594385152547,-1.366078705650395e-05,1.1214809566091534e-05
40,3,1-7,adjust,0.00046957534687570233,-5.597332576296549e-06,3.5603396296593805e-05
40,4,1-7,adjust,3.6928514491839834e-05,-1.8708094494948594e-07,2.690660876287017e-06
40,5,1-7,adjust,0.0016684993267797252,-2.94390743981159e-06,8.153394968580556e-05
40,6,1-7,adjust,0.0023434450888447493,4.132470740447143e-06,8.534066714595493e-05
40,9,1-8,adjust,-0.000479601415161538,-1.3178071999109667e-05,4.1172656421437597e-05
41,2,1-4,adjust,-0.000713410814699224,1.9600733265718522e-05,9.946579901386472e-06
41,3,1-5,adjust,-0.00044733544247526074,5.330869017896439e-06,3.3833291039725034e-05
41,6,1-5,adjust,-0.0005212889703543489,-9.186293114852009e-07,4.631207097355202e-06
41,7,1-4,adjust,0.0008708369482538903,5.007487778897003e-06,2.9813512431816076e-05
41,8,1-5,adjust,0.000612749423655718,7.358268540148461e-06,1.0830547018618298e-05
41,9,1-5,adjust,0.0007067849796219196,1.941880227096582e-05,7.009963290160835e-05
42,2,1-7,adjust,0.0004780367470695842,-1.3134806632320517e-05,6.561390528656998e-06
42,3,1-7,adjust,0.0003315820033042141,-3.952086060226321e-06,3.052689774129243e-05
42,4,1-7,adjust,1.935500390220968e-05,-9.868563338372042e-08,8.139011427195803e-06
42,5,1-7,adjust,0.001030472679856194,-1.8179547582973668e-06,7.56622533752663e-05
42,6,1-7,adjust,0.0018001744213325304,3.1743813420841425e-06,7.882102568908225e-05
42,9,1-8,adjust,-0.0003730399954203933,-1.0250059627920337e-05,3.947750620616701e-05
43,2,1-4,adjust,-0.0005915549051490632,1.625288059081774e-05,3.460545305447982e-06
43,3,1-5,adjust,-9.36577931637917e-05,1.1161518054861293e-06,1.4197869215869037e-05
43,6,1-5,adjust,-0.0007076584991778714,-1.2474134236697451e-06,5.9914143434327245e-06
43,7,1-4,adjust,0.00043597282638838916,2.5070042514972894e-06,2.0768518717975404e-05
43,8,1-5,adjust,0.00042318417394509184,5.071050301621933e-06,1.3654067049533121e-05
43,9,1-5,adjust,0.0005399253468080045,1.483437695739387e-05,6.998492116675641e-05
44,2,1-7,adjust,0.00047108865125492633,-1.2943603790465404e-05,2.448303234798144e-06
44,3,1-7,adjust,0.00014910401361960832,-1.7770209672208408e-06,2.660635062645384e-05
44,4,1-7,adjust,1.0118616827468753e-05,-5.1890882222182334e-08,1.1890209781091896e-05
44,5,1-7,adjust,0.0006134637635661137,-1.0821832821226081e-06,7.210339722750394e-05
44,6,1-7,adjust,0.0014380467562874002,2.5357415811310145e-06,7.555731748267754e-05
44,9,1-8,adjust,-0.0003045369220970951,-8.367758383651618e-06,3.578186718754457e-05
45,2,1-4,adjust,-0.0005291383659261171,1.453807557411181e-05,4.179416835849502e-07
45,3,1-5,adjust,5.471221456844309e-05,-6.519744985790664e-07,2.468665878680203e-06
45,6,1-5,adjust,-0.000803124262986906,-1.4158582813247571e-06,1.2323813850830153e-05
45,7,1-4,adjust,0.00021826353513092257,1.2551320370561281e-06,1.538220525466638e-05
45,8,1-5,adjust,0.00028113261482863274,3.3641757293082648e-06,1.5331183310098142e-05
45,9,1-5,adjust,0.0004222412419020288,1.1601058102345966e-05,6.992470073610699e-05
46,2,1-7,adjust,0.00046821856171040286,-1.2864588331050021e-05,6.720238583987736e-07
46,3,1-7,adjust,1.539784708008133e-05,-1.8343934981813184e-07,2.382300885014347e-05
46,4,1-7,adjust,5.278146746685135e-06,-2.7209578730585747e-08,1.437723834416369e-05
46,5,1-7,adjust,0.000355903462989889,-6.277971105255042e-07,6.995322236626891e-05
46,6,1-7,adjust,0.0012127634307217312,2.1384350062430297e-06,7.392353705522568e-05
46,9,1-8,adjust,-0.00026249018461857964,-7.212386714183609e-06,3.223770190111845e-05
47,2,1-4,adjust,-0.0004975376318156912,1.3669898257692702e-05,2.6753165687377183e-06
47,3,1-5,adjust,0.00012181681908569883,-1.451711361530469e-06,4.3527557349757775e-06
47,6,1-5,adjust,-0.0008514585817714957,-1.50115614932481e-06,1.600117412132464e-05
47,7,1-4,adjust,0.00010927029995339918,6.283808303544241e-07,1.225662094028956e-05
47,8,1-5,adjust,0.00018091129320372382,2.162838521285586e-06,1.630257045108609e-05
47,9,1-5,adjust,0.0003423730442896542,9.406728866277808e-06,6.989317042604273e-05
48,2,1-7,adjust,0.00046690998520717577,-1.2828551911745889e-05,2.849478799625722e-06
48,3,1-7,adjust,-6.912865786050828e-05,8.239418217754538e-07,2.1953765003883952e-05
48,4,1-7,adjust,2.7477353692621565e-06,-1.423249995806619e-08,1.597548256480047e-05
48,5,1-7,adjust,0.0002025663593938645,-3.5730237001411366e-07,6.866310691566648e-05
48,6,1-7,adjust,0.0010782560868499269,1.901219044814609e-06,7.310569443420083e-05
48,9,1-8,adjust,-0.00023752099012191899,-6.526256293313179e-06,2.9481123069671876e-05
49,2,1-4,adjust,-0.0004816289935790994,1.3232837704749634e-05,3.963266753035369e-06
49,3,1-5,adjust,0.00015361744237086614,-1.8307329149418577e-06,8.242442764325365e-06
49,6,1-5,adjust,-0.0008757915577867326,-1.5441047303975329e-06,1.8095741036968667e-05
49,7,1-4,adjust,5.4704356345697325e-05,3.1459778492712937e-07,1.047735652375338e-05
49,8,1-5,adjust,0.00011341890696020838,1.355046624609387e-06,1.68547541662494e-05
49,9,1-5,adjust,0.00028995205080009233,7.966502914390037e-06,6.987670032013293e-05
50,2,1-7,adjust,0.00046627512758559366,-1.2811066309711336e-05,4.289602862218699e-06
50,3,1-7,adjust,-0.00011934274195260024,1.422371267217835e-06,2.074729829904124e-05
50,4,1-7,adjust,1.4278325942847055e-06,-7.427998000114653e-09,1.6976505497518174e-05
50,5,1-7,adjust,0.00011360484674827679,-2.0037851483388666e-07,6.789569140361756e-05
50,6,1-7,adjust,0.0010001242965589976,1.7634263413483589e-06,7.269630385679033e-05
50,9,1-8,adjust,-0.00022305032026097356,-6.128602784866212e-06,2.754234049011376e-05
51,2,1-4,adjust,-0.00047364253436275617,1.3013425305339848e-05,4.6869714064456435e-06
51,3,1-5,adjust,0.00016908903556443847,-2.015147644955645e-06,1.042706253254244e-05
51,6,1-5,adjust,-0.0008880071783525789,-1.5656692185055104e-06,1.927112020151739e-05
51,7,1-4,adjust,2.7386829680242107e-05,1.575024865260502e-07,9.479362164131211e-06
51,8,1-5,adjust,6.958815971585172e-05,8.309825334224736e-07,1.7164128693623697e-05
51,9,1-5,adjust,0.0002565045020975103,7.047562325225901e-06,6.986811524397333e-05
52,2,1-7,adjust,0.0004659564997817645,-1.2802290149274328e-05,5.2067639243537505e-06
52,3,1-7,adjust,-0.00014820578448789594,1.7663415335783646e-06,1.99915938529763e-05
52,4,1-7,adjust,7.407382507646332e-07,-3.868949354501879e-09,1.7590249796649632e-05
52,5,1-7,adjust,6.29703692738196e-05,-1.1106625395887104e-07,6.744337399701752e-05
52,6,1-7,adjust,0.0009556299375596817,1.6849563559359699e-06,7.249137726668167e-05
52,9,1-8,adjust,-0.0002148181129001791,-5.902374295156683e-06,2.6258539663130964e-05
53,2,1-4,adjust,-0.0004696387302576846,1.2903428859278012e-05,5.08873761003153e-06
53,3,1-5,adjust,0.00017672224485833416,-2.1061383681364412e-06,1.1639405044877841e-05
53,6,1-5,adjust,-0.0008941311450004556,-1.5764817065637326e-06,1.992293259605942e-05
53,7,1-4,adjust,1.3710728186473198e-05,7.885302705661166e-08,8.926120817471276e-06
53,8,1-5,adjust,4.193274748701549e-05,5.005529068540494e-07,1.733547510326448e-05
53,9,1-5,adjust,0.00023566341045335256,6.474975214271278e-06,6.986364936922773e-05
54,2,1-7,adjust,0.0004657938756864702,-1.2797810987914549e-05,5.774606257272442e-06
54,3,1-7,adjust,-0.00016446148876147186,1.9600634821537276e-06,1.9529222625065967e-05
54,4,1-7,adjust,3.8369889758141326e-07,-2.0114824728520635e-09,1.7959886242320885e-05
54,5,1-7,adjust,3.457282887998207e-05,-6.097724686680644e-08,6.717919130736923e-05
54,6,1-7,adjust,0.0009306696065088966,1.6409364638280175e-06,7.238880037510651e-05
54,9,1-8,adjust,-0.00021020235699137268,-5.775524668528898e-06,2.5442333608601198e-05
55,2,1-4,adjust,-0.0004676329158362302,1.2848323231148046e-05,5.309601904489051e-06
55,3,1-5,adjust,0.00018051550479413278,-2.1513582364399967e-06,1.2305665595462884e-05
55,6,1-5,adjust,-0.0008971990225701085,-1.581899214072762e-06,2.0280939339150333e-05
55,7,1-4,adjust,6.864016602184883e-06,3.9477396539592516e-08,8.622344918126473e-06
55,8,1-5,adjust,2.4885883307259015e-05,2.9697876965760206e-07,1.7429488614202062e-05
55,9,1-5,adjust,0.00022293420082932948,6.12525505613437e-06,6.986132967700073e-05
56,2,1-7,adjust,0.00046571023966983523,-1.2795507515059758e-05,6.118521803050534e-06
56,3,1-7,adjust,-0.00017348849711344144,2.067638850807968e-06,1.925163024393302e-05
56,4,1-7,adjust,1.9847353850335843e-07,-1.0440104870890215e-09,1.8179164512489118e-05
56,5,1-7,adjust,1.8832014925772524e-05,-3.3213933948050306e-08,6.702622616184963e-05
56,6,1-7,adjust,0.0009168323246587098,1.6165331190958082e-06,7.233745676144241e-05
56,9,1-8,adjust,-0.00020764419084735666,-5.705218903430397e-06,2.493851508134785e-05
57,2,1-4,adjust,-0.00046662839645947557,1.2820726149194613e-05,5.4300368763621185e-06
57,3,1-5,adjust,0.000182407444121221,-2.1739135414242745e-06,1.2668876703514735e-05
57,6,1-5,adjust,-0.000898735393997273,-1.5846126928346393e-06,2.0476011719760316e-05
57,7,1-4,adjust,3.4363329517036335e-06,1.9764134526794937e-08,8.456863774537326e-06
57,8,1-5,adjust,1.4577963376542824e-05,1.7392856691642182e-07,1.7480669861117583e-05
57,9,1-5,adjust,0.00021528999932833825,5.9152403959742935e-06,6.986012683629396e-05
58,2,1-7,adjust,0.0004656670970103101,-1.2794319370060029e-05,6.323161371780667e-06
58,3,1-7,adjust,-0.00017844860236223352,2.126748298813119e-06,1.9087554794881197e-05
58,4,1-7,adjust,1.025282999041508e-07,-5.410215603257337e-10,1.830757431933825e-05
58,5,1-7,adjust,1.018969777693923e-05,-1.7971230175180548e-08,6.693837472663887e-05
58,6,1-7,adjust,0.0009092346014582495,1.6031338256309743e-06,7.231175806558274e-05
58,9,1-8,adjust,-0.00020623978870292162,-5.666620448730766e-06,2.4634462260729642e-05
59,2,1-4,adjust,-0.00046612541680347527,1.2806907834668369e-05,5.495261882270792e-06
59,3,1-5,adjust,0.0001833528134972975,-2.1851846500041253e-06,1.2865540765754205e-05
59,6,1-5,adjust,-0.0008995046658244306,-1.5859715626995928e-06,2.0581591793279195e-05
59,7,1-4,adjust,1.7203281374019495e-06,9.894782916992752e-09,8.367318799613503e-06
59,8,1-5,adjust,8.444229306208655e-06,1.0072907654050387e-07,1.7508350024617535e-05
59,9,1-5,adjust,0.00021076537453359594,5.790932579581739e-06,6.985950410272755e-05
60,2,1-7,adjust,0.00046564482496850386,-1.2793706041768864e-05,6.443165905282312e-06
60,3,1-7,adjust,-0.00018115133949355477,2.1589565759583573e-06,1.899183831229085e-05
60,4,1-7,adjust,5.2899668237539614e-08,-2.7995999947757577e-10,1.8381935758347798e-05
60,5,1-7,adjust,5.482139348094982e-06,-9.668544718027013e-09,6.688829808286865e-05
60,6,1-7,adjust,0.0009050958726479873,1.5958347908329504e-06,7.22988956548552e-05
60,9,1-8,adjust,-0.00020547485090736557,-5.6455961654886315e-06,2.445421866954412e-05
61,2,1-4,adjust,-0.00046587358859650856,1.2799989382798944e-05,5.530381193804131e-06
61,3,1-5,adjust,0.000183825634132558,-2.1908221209516026e-06,1.2971411088280377e-05
61,6,1-5,adjust,-0.0008998898116487836,-1.586652004608112e-06,2.0638408465044646e-05
61,7,1-4,adjust,8.612445582208198e-07,4.953747753983784e-09,8.319140200683023e-06
61,8,1-5,adjust,4.843658589129046e-06,5.777013272215409e-08,1.7523236025595174e-05
61,9,1-5,adjust,0.00020812039559605044,5.718265688598505e-06,6.985918216542647e-05
62,2,1-7,adjust,0.00046563333013947177,-1.2793389518677712e-05,6.512683247159397e-06
62,3,1-7,adjust,-0.0001826139604545098,2.176386424925413e-06,1.8936620533873898e-05
62,4,1-7,adjust,2.726245733433839e-08,-1.4467493865576847e-10,1.842458078233933e-05
62,5,1-7,adjust,2.9349375933911415e-06,-5.176134615705389e-09,6.685995079262224e-05
62,6,1-7,adjust,0.0009028563954090128,1.5918852664853216e-06,7.229245812853682e-05
62,9,1-8,adjust,-0.00020506097761653283,-5.634220429914451e-06,2.434891432877951e-05
63,2,1-4,adjust,-0.00046574751069677157,1.279652565872083e-05,5.549195778689588e-06
63,3,1-5,adjust,0.0001840622213940232,-2.193643111695728e-06,1.302811991443334e-05
63,6,1-5,adjust,-0.0009000826311018452,-1.5869927149437409e-06,2.0668832465093854e-05
63,7,1-4,adjust,4.311623878668556e-07,2.4800512637083667e-09,8.293345890247088e-06
63,8,1-5,adjust,2.7545872340433934e-06,3.2849761589588175e-08,1.7531202561448882e-05
63,9,1-5,adjust,0.0002065908509407251,5.676243841052118e-06,6.98590159551402e-05
64,2,1-7,adjust,0.0004656274017809451,-1.2793226285000782e-05,6.552536195207799e-06
64,3,1-7,adjust,-0.00018340090664084068,2.185764318965543e-06,1.8905071497710556e-05
64,4,1-7,adjust,1.4034941867790208e-08,-7.467015893426294e-11,1.8448828685347217e-05
64,5,1-7,adjust,1.5645141151872096e-06,-2.7591963589173972e-09,6.684400578047031e-05
64,6,1-7,adjust,0.0009016515066446837,1.58976033377784e-06,7.228923631740165e-05
64,9,1-8,adjust,-0.00020483832135561063,-5.628100249944852e-06,2.428813328287665e-05
65,2,1-4,adjust,-0.0004656843912662511,1.2794791584265441e-05,5.559231298955662e-06
65,3,1-5,adjust,0.00018418063075611315,-2.1950550591881778e-06,1.3058363419467963e-05
65,6,1-5,adjust,-0.0009001791618689658,-1.5871633105243637e-06,2.068505347014484e-05
65,7,1-4,adjust,2.1585118225850317e-07,1.2416141418870095e-09,8.279595251260544e-06
65,8,1-5,adjust,1.5546784954899625e-06,1.853832696120002e-08,1.7535447884889635e-05
65,9,1-5,adjust,0.00020571468062869228,5.652172502537316e-06,6.985893025226677e-05
66,2,1-7,adjust,0.00046562434705978476,-1.2793142180211079e-05,6.575178371811573e-06
66,3,1-7,adjust,-0.00018382221598006602,2.1907849704700365e-06,1.8887196567291873e-05
66,4,1-7,adjust,7.218071197560559e-09,-3.8494318840788133e-11,1.8462512060973878e-05
66,5,1-7,adjust,8.308353684105657e-07,-1.4652616423509437e-09,6.683508908543734e-05
66,6,1-7,adjust,0.0009010064393053943,1.5886226980580595e-06,7.228762394863573e-05
66,9,1-8,adjust,-0.00020471912493158725,-5.62482374966939e-06,2.4253409204979204e-05
67,2,1-4,adjust,-0.00046565279162264167,1.279392345064201e-05,5.564563552601219e-06
67,3,1-5,adjust,0.00018423990003259353,-2.1957618385581274e-06,1.3074430843065779e-05
67,6,1-5,adjust,-0.0009002274872618714,-1.5872487271450727e-06,2.0693669062103785e-05
67,7,1-4,adjust,1.0806051289167366e-07,6.21601158696046e-10,8.2722927001124e-06
67,8,1-5,adjust,8.715411055494215e-07,1.0391510502387365e-08,1.753770171798423e-05
67,9,1-5,adjust,0.00020521695657110703,5.638498389284827e-06,6.985888611112303e-05
68,2,1-7,adjust,0.0004656227745439375,-1.2793098886884766e-05,6.587941690220717e-06
68,3,1-7,adjust,-0.000184046801423056,2.1934612986508434e-06,1.8877143653011042e-05
68,4,1-7,adjust,3.7086482711801646e-09,-1.9822865570477988e-11,1.847018188102498e-05
68,5,1-7,adjust,4.3973467138499086e-07,-7.75511810678578e-10,6.683012935706518e-05
68,6,1-7,adjust,0.0009006625699652868,1.588016253493685e-06,7.228681706512764e-05
68,9,1-8,adjust,-0.00020465558830854667,-5.623077169111059e-06,2.4233745675174124e-05
69,2,1-4,adjust,-0.0004656369718993904,1.279348883766151e-05,5.567387114702711e-06
69,3,1-5,adjust,0.00018426956872619616,-2.1961156524550456e-06,1.3082937957045955e-05
69,6,1-5,adjust,-0.0009002516797939277,-1.587291494913986e-06,2.069822969758215e-05
69,7,1-4,adjust,5.409771565214342e-08,3.111975120189175e-10,8.268427564662889e-06
69,8,1-5,adjust,4.856294521195924e-07,5.7897786658689396e-09,1.753889429297073e-05
69,9,1-5,adjust,0.0002049363028183717,5.630787928916504e-06,6.985886340268039e-05
70,2,1-7,adjust,0.00046562196575650465,-1.27930766211498e-05,6.5950867017533965e-06
70,3,1-7,adjust,-0.00018416606658832986,2.1948825483405413e-06,1.8871526811368047e-05
70,4,1-7,adjust,1.9038163878121912e-09,-1.0197287458681001e-11,1.8474455092760907e-05
70,5,1-7,adjust,2.3203974379689347e-07,-4.092211632787511e-10,6.682738414409127e-05
70,6,1-7,adjust,0.0009004799552839467,1.587694195812582e-06,7.228641329116575e-05
70,9,1-8,adjust,-0.00020462184871693136,-5.6221496503156056e-06,2.4222695728537064e-05
71,2,1-4,adjust,-0.0004656290521619674,1.2793271258822524e-05,5.568877711087331e-06
71,3,1-5,adjust,0.00018428442049506384,-2.196292775839487e-06,1.308742849755381e-05
71,6,1-5,adjust,-0.0009002637909165463,-1.5873129098351274e-06,2.0700636579212857e-05
71,7,1-4,adjust,2.7082593019711884e-08,1.5579731944353425e-10,8.266387945124642e-06
71,8,1-5,adjust,2.691247683768423e-07,3.2083441168717624e-09,1.7539523445594902e-05
71,9,1-5,adjust,0.0002047790928034951,5.626468873794275e-06,6.985885173042509e-05
72,2,1-7,adjust,0.00046562155022775213,-1.2793065183036587e-05,6.599062028220934e-06
72,3,1-7,adjust,-0.00018422918918618638,2.1956347613771473e-06,1.8868406847900397e-05
72,4,1-7,adjust,9.765028866864095e-10,-5.24075227653936e-12,1.8476822984191863e-05
72,5,1-7,adjust,1.2211302243449837e-07,-2.1535551175661179e-10,6.682587152568156e-05
72,6,1-7,adjust,0.0009003833018162908,1.5875237380773908e-06,7.22862112460532e-05
72,9,1-8,adjust,-0.00020460399223148364,-5.621658746879538e-06,2.421652790821559e-05
73,2,1-4,adjust,-0.0004656250873288189,1.2793162333730013e-05,5.5696624635383615e-06
73,3,1-5,adjust,0.00018429185514720576,-2.1963814462215856e-06,1.3089792399333958e-05
73,6,1-5,adjust,-0.0009002698539406415,-1.5873236299142337e-06,2.0701903377129762e-05
73,7,1-4,adjust,1.3558159294719361e-08,7.799766387154804e-11,8.265314548378683e-06
73,8,1-5,adjust,1.484084647965026e-07,1.7691303561506712e-09,1.753985447044907e-05
73,9,1-5,adjust,0.00020469155200222684,5.624063856912825e-06,6.985884573890601e-05
74,2,1-7,adjust,0.00046562133693669783,-1.2793059311253331e-05,6.601261685174978e-06
74,3,1-7,adjust,-0.00018426249747607914,2.1960316852556357e-06,1.8866682914528176e-05
74,4,1-7,adjust,5.004766786275459e-10,-2.6910695893750843e-12,1.8478128644127033e-05
74,5,1-7,adjust,6.410657339916939e-08,-1.1305624489756138e-10,6.68250415371999e-05
74,6,1-7,adjust,0.000900332299020051,1.5874337895678116e-06,7.228611014923849e-05
74,9,1-8,adjust,-0.00020459457010651235,-5.62139970687817e-06,2.4213105677832797e-05
75,2,1-4,adjust,-0.0004656231024443529,1.2793107803861128e-05,5.570074589664321e-06
75,3,1-5,adjust,0.00018429557690836866,-2.196425837228621e-06,1.3091033735654478e-05
75,6,1-5,adjust,-0.0009002728891411311,-1.587328998477113e-06,2.070256849104709e-05
75,7,1-4,adjust,6.78748459791413e-09,3.9048597685750106e-11,8.264751024964673e-06
75,8,1-5,adjust,8.147326450842305e-08,9.711646899053327e-10,1.75400282183164e-05
75,9,1-5,adjust,0.00020464306630932978,5.622731808354734e-06,6.985884266476172e-05
76,2,1-7,adjust,0.00046562122746782777,-1.2793056298027544e-05,6.60247280739298e-06
76,3,1-7,adjust,-0.00018428002612972937,2.196240568572256e-06,1.886573487485441e-05
76,4,1-7,adjust,2.562956717773699e-10,-1.3806178422689723e-12,1.847884537180508e-05
76,5,1-7,adjust,3.358004156896552e-08,-5.922053610854268e-11,6.682458786540102e-05
76,6,1-7,adjust,0.0009003054580214668,1.5873864536245813e-06,7.228605956727545e-05
76,9,1-8,adjust,-0.00020458961186786248,-5.621263384964518e-06,2.4211216942215662e-05
77,2,1-4,adjust,-0.0004656221087437492,1.2793080503632172e-05,5.570290540136717e-06
77,3,1-5,adjust,0.00018429744005423992,-2.196448060154412e-06,1.3091684133683204e-05
77,6,1-5,adjust,-0.0009002744086185029,-1.5873316856534602e-06,2.0702916923809418e-05
77,7,1-4,adjust,3.397939165307321e-09,1.9548918039172326e-11,8.264455836186735e-06
77,8,1-5,adjust,4.4544327263942706e-08,5.309446627839728e-10,1.7540119214737537e-05
77,9,1-5,adjust,0.00020461634198445626,5.6219976100419274e-06,6.985884108905404e-05
78,2,1-7,adjust,0.00046562117141626805,-1.2793054755222545e-05,6.603136668788559e-06
78,3,1-7,adjust,-0.0001842892281033095,2.1963502246080952e-06,1.886521576670248e-05
78,4,1-7,adjust,1.31171694713414e-10,-7.077671781975803e-13,1.8479237205162207e-05
78,5,1-7,adjust,1.755427363870357e-08,-3.095793525663459e-11,6.682434076972756e-05
78,6,1-7,adjust,0.0009002913669777795,1.5873616028082317e-06,7.228603426073396e-05
78,9,1-8,adjust,-0.00020458700900117876,-5.6211918173059076e-06,2.4210179528267984e-05
79,2,1-4,adjust,-0.0004656216112771788,1.2793066837067208e-05,5.5704034637167724e-06
79,3,1-5,adjust,0.00018429837268762306,-2.1964591853284448e-06,1.3092024213031526e-05
79,6,1-5,adjust,-0.0009002751692627677,-1.5873330318382718e-06,2.0703099086032648e-05
79,7,1-4,adjust,1.7010559972403713e-09,9.786671473039056e-12,8.264301520386164e-06
79,8,1-5,adjust,2.426270573487413e-08,2.8918567709819e-10,1.754016677415578e-05
79,9,1-5,adjust,0.00020460167708256425,5.621594721913537e-06,6.985884028184238e-05
80,2,1-7,adjust,0.0004656211426694057,-1.279305396478576e-05,6.603499077195002e-06
80,3,1-7,adjust,-0.00018429404825600447,2.1964076651134817e-06,1.8864932643105226e-05
80,4,1-7,adjust,-0.0,-0.0,1.8479450205441317e-05
80,5,1-7,adjust,9.159678979000747e-09,-1.615359442585405e-11,6.682420663269619e-05
80,6,1-7,adjust,0.0009002839857866028,1.587348585782056e-06,7.228602160017196e-05
80,9,1-8,adjust,-0.00020458564564735166,-5.621154331319231e-06,2.4209612180946525e-05
81,2,1-4,adjust,-0.00046562137699096876,1.279306040083804e-05,5.570463253946889e-06
81,3,1-5,adjust,0.00018429883957956478,-2.196464754826542e-06,1.3092203612886808e-05
81,6,1-5,adjust,-0.0009002755500639514,-1.587333705849709e-06,2.070319452446554e-05
81,7,1-4,adjust,8.505296011071759e-10,4.893474514443333e-12,8.264220965460121e-06
81,8,1-5,adjust,1.3170001028385687e-08,1.569664319088224e-10,1.7540191375835306e-05
81,9,1-5,adjust,0.0002045936622234784,5.6213745311857375e-06,6.985884028541588e-05
82,2,1-7,adjust,0.000465621135498163,-1.279305376700031e-05,6.60369618994033e-06
82,3,1-7,adjust,-0.00018429656783736561,2.1964376900033724e-06,1.886477877958548e-05
82,4,1-7,adjust,-0.0,-0.0,1.8479566037342188e-05
82,5,1-7,adjust,4.771098565127493e-09,-8.414029310911237e-12,6.682413404117528e-05
82,6,1-7,adjust,0.0009002801267524971,1.587341780095125e-06,7.228601527442596e-05
82,9,1-8,adjust,-0.00020458493296574617,-5.621134733972081e-06,2.4209303108442088e-05
83,2,1-4,adjust,-0.0004656212562728504,1.2793057084002772e-05,5.570494396936532e-06
83,3,1-5,adjust,0.00018429907317614095,-2.1964675414629555e-06,1.3092297059514949e-05
83,6,1-5,adjust,-0.0009002757405798757,-1.5873340439748567e-06,2.0703244235903377e-05
83,7,1-4,adjust,4.2524717340015115e-10,2.4465429682037927e-12,8.264179005965613e-06
83,8,1-5,adjust,7.1260230862137095e-09,8.492800381644107e-11,1.7540204190955412e-05
83,9,1-5,adjust,0.00020458929806702056,5.621254634501777e-06,6.98588402871786e-05
84,2,1-7,adjust,0.00046562113371848533,-1.2793053717197781e-05,6.603803033176469e-06
84,3,1-7,adjust,-0.00018429788243313225,2.1964533550303936e-06,1.8864695439969098e-05
84,4,1-7,adjust,-0.0,-0.0,1.8479628708538976e-05
84,5,1-7,adjust,2.4811725647877705e-09,-4.375568789739831e-12,6.682409486920747e-05
84,6,1-7,adjust,0.0009002781130139335,1.5873382278234343e-06,7.22860121134599e-05
84,9,1-8,adjust,-0.00020458456111687283,-5.6211245088154825e-06,2.4209135342094416e-05
85,2,1-4,adjust,-0.0004656211949917376,1.2793055400344833e-05,5.570510593698696e-06
85,3,1-5,adjust,0.0001842991899759816,-2.1964689346146272e-06,1.3092345654320404e-05
85,6,1-5,adjust,-0.0009002758358500196,-1.5873342111252363e-06,2.0703270088726525e-05
85,7,1-4,adjust,2.1260916448105804e-10,1.2234657731340627e-12,8.264157185178579e-06
85,8,1-5,adjust,3.844373905401781e-09,4.581572318267793e-11,1.7540210854581985e-05
85,9,1-5,adjust,0.00020458692986256724,5.62118957290039e-06,6.985884028906952e-05
86,2,1-7,adjust,0.00046562113328921863,-1.2793053705024539e-05,6.603860764586585e-06
86,3,1-7,adjust,-0.00018429856723990072,2.196461515863254e-06,1.8864650439373197e-05
86,4,1-7,adjust,-0.0,-0.0,1.847966251731577e-05
86,5,1-7,adjust,1.2883827074932442e-09,-2.272006876721194e-12,6.682407378703041e-05
86,6,1-7,adjust,0.0009002770641126958,1.5873363772234007e-06,7.228601053502803e-05
86,9,1-8,adjust,-0.00020458436745422756,-5.62111918307895e-06,2.420904457918505e-05
87,2,1-4,adjust,-0.0004656211641407474,1.2793054552660331e-05,5.570519003135018e-06
87,3,1-5,adjust,0.00018429924841704666,-2.1964696320508817e-06,1.3092370889007194e-05
87,6,1-5,adjust,-0.0009002758834820856,-1.5873342952040217e-06,2.0703283512864937e-05
87,7,1-4,adjust,-0.0,-0.0,8.264143306580225e-06
87,8,1-5,adjust,2.0682970713236035e-09,2.4648375526714234e-11,1.7540214314552722e-05
87,9,1-5,adjust,0.0002045856488038201,5.621154379681849e-06,6.985884028791574e-05
88,2,1-7,adjust,0.0004656211486831028,-1.2793054128316471e-05,6.603892451261879e-06
88,3,1-7,adjust,-0.00018429890781163582,2.1964655742612647e-06,1.886462593456292e-05
88,4,1-7,adjust,-0.0,-0.0,1.8479680705433993e-05
88,5,1-7,adjust,6.441355618457669e-10,-1.135988328836573e-12,6.682406278159447e-05
88,6,1-7,adjust,0.0009002764737410618,1.5873353367364813e-06,7.228601053631e-05
88,9,1-8,adjust,-0.00020458426675649456,-5.621116413798094e-06,2.4208993998664227e-05
89,2,1-4,adjust,-0.00046562115641484835,1.2793054340914463e-05,5.570523207981376e-06
89,3,1-5,adjust,0.00018429926299470768,-2.196469806298922e-06,1.3092383505180786e-05
89,6,1-5,adjust,-0.0009002758953761017,-1.5873343167402325e-06,2.070329022422906e-05
89,7,1-4,adjust,-0.0,-0.0,8.264137642044942e-06
89,8,1-5,adjust,1.1071999341767215e-09,1.3194391851524368e-11,1.7540216045106967e-05
89,9,1-5,adjust,0.0002045849578198545,5.621135395457563e-06,6.985884028894133e-05
90,2,1-7,adjust,0.0004656211525648598,-1.2793054235299099e-05,6.603909413555489e-06
90,3,1-7,adjust,-0.00018429908536222124,2.196467689894432e-06,1.886461281793829e-05
90,4,1-7,adjust,-0.0,-0.0,1.8479690441410097e-05
90,5,1-7,adjust,3.220390396372836e-10,-5.67952737616561e-13,6.682405689066237e-05
90,6,1-7,adjust,0.0009002761845176605,1.5873348267604276e-06,7.228601053739968e-05
90,9,1-8,adjust,-0.0002045842154108876,-5.6211150018467525e-06,2.4208966922804762e-05
91,2,1-4,adjust,-0.00046562115448619157,1.2793054287666853e-05,5.57052530891426e-06
91,3,1-5,adjust,0.0001842992666216558,-2.1964698499303207e-06,1.3092389814004719e-05
91,6,1-5,adjust,-0.0009002758983579903,-1.5873343219262963e-06,2.07032935795746e-05
91,7,1-4,adjust,-0.0,-0.0,8.264134809905497e-06
91,8,1-5,adjust,5.901366486826713e-10,7.032345585516301e-12,1.7540216909815215e-05
91,9,1-5,adjust,0.00020458458666034753,5.621125199170524e-06,6.9858840288733e-05
92,2,1-7,adjust,0.0004656211535083107,-1.2793054261053496e-05,6.603918454620955e-06
92,3,1-7,adjust,-0.0001842991759870837,2.1964687697440856e-06,1.8864605826334406e-05
92,4,1-7,adjust,-0.0,-0.0,1.8479695630348636e-05
92,5,1-7,adjust,1.6100464197584122e-10,-2.839131277183362e-13,6.682405375136169e-05
92,6,1-7,adjust,0.0009002760414358775,1.5873345756529258e-06,7.228601053852141e-05
92,9,1-8,adjust,-0.00020458418949159262,-5.621114288987854e-06,2.420895249074546e-05
93,2,1-4,adjust,-0.00046562115401459615,1.2793054274117997e-05,5.57052635968517e-06
93,3,1-5,adjust,0.0001842992675252876,-2.196469860699396e-06,1.3092392967246882e-05
93,6,1-5,adjust,-0.0009002758990895419,-1.587334324845068e-06,2.070329525659036e-05
93,7,1-4,adjust,-0.0,-0.0,8.264133393867823e-06
93,8,1-5,adjust,3.133293435760313e-10,3.7337806418135415e-12,1.75402173433792e-05
93,9,1-5,adjust,0.00020458438812745997,5.6211197451116815e-06,6.985884028786767e-05
94,2,1-7,adjust,0.0004656211537904118,-1.279305426873008e-05,6.603923256066485e-06
94,3,1-7,adjust,-0.0001842992217326591,2.1964693149280685e-06,1.8864602114311332e-05
94,4,1-7,adjust,-0.0,-0.0,1.8479698385201002e-05
94,5,1-7,adjust,8.049995405845566e-11,-1.4201715333247974e-13,6.682405208415304e-05
94,6,1-7,adjust,0.0009002759702506516,1.5873344489218737e-06,7.228601053829706e-05
94,9,1-8,adjust,-0.00020458417651106773,-5.621113931836782e-06,2.4208944827899396e-05
95,2,1-4,adjust,-0.0004656211539112588,1.2793054271648916e-05,5.570526887025637e-06
95,3,1-5,adjust,0.00018429926772712982,-2.196469863030844e-06,1.3092394543659643e-05
95,6,1-5,adjust,-0.0009002758992759095,-1.587334324045103e-06,2.0703296095482834e-05
95,7,1-4,adjust,-0.0,-0.0,8.264132685672715e-06
95,8,1-5,adjust,1.6577896937688635e-10,1.975491786144409e-12,1.7540217558206183e-05
95,9,1-5,adjust,0.00020458428232250677,5.621116838332573e-06,6.98588402889253e-05
96,2,1-7,adjust,0.0004656211538425876,-1.279305426995077e-05,6.603925795018219e-06
96,3,1-7,adjust,-0.00018429924474915193,2.196469589033759e-06,1.8864600150389543e-05
96,4,1-7,adjust,-0.0,-0.0,1.847969984314324e-05
96,5,1-7,adjust,-0.0,-0.0,6.682405140996233e-05
96,6,1-7,adjust,0.0009002759347467347,1.5873343868321091e-06,7.228601053877781e-05
96,9,1-8,adjust,-0.0002045841699743354,-5.6211137525396135e-06,2.4208940773172325e-05
97,2,1-4,adjust,-0.0004656211538558322,1.2793054270385155e-05,5.570526886256452e-06
97,3,1-5,adjust,0.0001842992562236799,-2.1964697260859816e-06,1.3092394544557025e-05
97,6,1-5,adjust,-0.0009002759170112496,-1.5873343553488546e-06,2.070329609609177e-05
97,7,1-4,adjust,-0.0,-0.0,8.264132685672715e-06
97,8,1-5,adjust,8.290308187344765e-11,9.880374640324056e-13,1.754021755911959e-05
97,9,1-5,adjust,0.00020458422615496873,5.62111529513942e-06,6.985884028857275e-05
98,2,1-7,adjust,0.0004656211538404288,-1.2793054270724104e-05,6.603927065103024e-06
98,3,1-7,adjust,-0.00018429925051967463,2.1964696579244717e-06,1.8864599167867784e-05
98,4,1-7,adjust,-0.0,-0.0,1.8479700572346714e-05
98,5,1-7,adjust,-0.0,-0.0,6.682405096870649e-05
98,6,1-7,adjust,0.000900275925892166,1.5873343715047023e-06,7.228601053893805e-05
98,9,1-8,adjust,-0.0002045841683324075,-5.6211137069104095e-06,2.420893874556842e-05
99,2,1-4,adjust,-0.0004656211538840151,1.279305427115947e-05,5.570526886961538e-06
99,3,1-5,adjust,0.00018429925336217935,-2.1964696918358893e-06,1.3092394542858409e-05
99,6,1-5,adjust,-0.0009002759214616164,-1.5873343629587729e-06,2.0703296095899476e-05
99,7,1-4,adjust,-0.0,-0.0,8.264132685672715e-06
99,8,1-5,adjust,-0.0,-0.0,1.754021700001823e-05
99,9,1-5,adjust,0.00020458419724927874,5.621114501132002e-06,6.985884028942206e-05
100,2,1-7,adjust,0.0004656211538497826,-1.2793054269889426e-05,6.603927065263271e-06
100,3,1-7,adjust,-0.00018429925189924383,2.196469673921449e-06,1.8864599166553758e-05
100,4,1-7,adjust,-0.0,-0.0,1.8479700572346714e-05
100,5,1-7,adjust,-0.0,-0.0,6.682405096870649e-05
100,6,1-7,adjust,0.0009002759236796926,1.5873343675129944e-06,7.228601053932265e-05
100,9,1-8,adjust,-0.00020458418279322693,-5.6211141045837715e-06,2.4208938746722198e-05
101,2,1-4,adjust,-0.00046562115386052945,1.2793054270255164e-05,5.5705268866410445e-06
101,3,1-5,adjust,0.00018429925263865283,-2.1964696829541792e-06,1.309239454385194e-05
101,6,1-5,adjust,-0.0009002759225481848,-1.5873343661707557e-06,2.070329609554693e-05
101,7,1-4,adjust,-0.0,-0.0,8.264132685672715e-06
101,8,1-5,adjust,-0.0,-0.0,1.754021700001823e-05
101,9,1-5,adjust,0.00020458419004294935,5.6211143031590696e-06,6.985884028881312e-05
102,2,1-7,adjust,0.00046562115386273656,-1.2793054270578397e-05,6.603927065904258e-06
102,3,1-7,adjust,-0.00018429925228876943,2.1964696795628367e-06,1.8864599168861313e-05
102,4,1-7,adjust,-0.0,-0.0,1.8479700572346714e-05
102,5,1-7,adjust,-0.0,-0.0,6.682405096870649e-05
102,6,1-7,adjust,0.0009002759231137107,1.587334366497023e-06,7.228601053880986e-05
102,9,1-8,adjust,-0.0002045841864097788,-5.621114203502522e-06,2.4208938746850395e-05
103,2,1-4,adjust,-0.0004656211538558322,1.2793054270385155e-05,5.570526885743662e-06
103,3,1-5,adjust,0.00018429925246165284,-2.1964696810668166e-06,1.3092394543531444e-05
103,6,1-5,adjust,-0.0009002759228326398,-1.5873343658028655e-06,2.0703296095739227e-05
103,7,1-4,adjust,-0.0,-0.0,8.264132685672715e-06
103,8,1-5,adjust,-0.0,-0.0,1.754021700001823e-05
103,9,1-5,adjust,0.0002045841882162105,5.621114252627736e-06,6.985884028943808e-05
104,2,1-7,adjust,0.0004656211538497826,-1.2793054269889426e-05,6.603927065263271e-06
104,3,1-7,adjust,-0.0001842992523807408,2.19646968025183e-06,1.8864599167322942e-05
104,4,1-7,adjust,-0.0,-0.0,1.8479700572346714e-05
104,5,1-7,adjust,-0.0,-0.0,6.682405096870649e-05
104,6,1-7,adjust,0.0009002759229503534,1.5873343651359143e-06,7.228601053855346e-05
104,9,1-8,adjust,-0.00020458418731357988,-5.621114227815868e-06,2.4208938746497853e-05
105,2,1-4,adjust,-0.00046562115386052945,1.2793054270255164e-05,5.5705268866410445e-06
105,3,1-5,adjust,0.00018429925242128425,-2.196469680844776e-06,1.3092394543339149e-05
105,6,1-5,adjust,-0.0009002759229009859,-1.587334365479332e-06,2.0703296095867424e-05
105,7,1-4,adjust,-0.0,-0.0,8.264132685672715e-06
105,8,1-5,adjust,-0.0,-0.0,1.754021700001823e-05
105,9,1-5,adjust,0.00020458418775865544,5.621114240445143e-06,6.985884028937398e-05
106,2,1-7,adjust,0.00046562115386273656,-1.2793054270578397e-05,6.603927065904258e-06
106,3,1-7,adjust,-0.00018429925238344584,2.1964696804320954e-06,1.8864599168348523e-05
106,4,1-7,adjust,-0.0,-0.0,1.8479700572346714e-05
106,5,1-7,adjust,-0.0,-0.0,6.682405096870649e-05
106,6,1-7,adjust,0.0009002759229528765,1.5873343666021608e-06,7.228601053903421e-05
106,9,1-8,adjust,-0.00020458418754390776,-5.621114234366056e-06,2.4208938745920966e-05
107,2,1-4,adjust,-0.0004656211538558322,1.2793054270385155e-05,5.570526885743662e-06
107,3,1-5,adjust,0.0001842992524088633,-2.1964696807337526e-06,1.3092394543467346e-05
107,6,1-5,adjust,-0.000900275922922502,-1.5873343664794795e-06,2.070329609561103e-05
107,7,1-4,adjust,-0.0,-0.0,8.264132685672715e-06
107,8,1-5,adjust,-0.0,-0.0,1.754021700001823e-05
107,9,1-5,adjust,0.00020458418763872937,5.621114237196472e-06,6.985884028911759e-05
108,2,1-7,adjust,0.0004656211538497826,-1.2793054269889426e-05,6.603927065263271e-06
108,3,1-7,adjust,-0.00018429925242943157,2.196469680832105e-06,1.886459916836455e-05
108,4,1-7,adjust,-0.0,-0.0,1.8479700572346714e-05
108,5,1-7,adjust,-0.0,-0.0,6.682405096870649e-05
108,6,1-7,adjust,0.0009002759229053776,1.5873343654082204e-06,7.228601053887395e-05
108,9,1-8,adjust,-0.00020458418760452044,-5.621114235809301e-06,2.4208938746882447e-05
109,2,1-4,adjust,-0.00046562115386052945,1.2793054270255164e-05,5.5705268866410445e-06
109,3,1-5,adjust,0.0001842992524088633,-2.1964696807337526e-06,1.3092394543467346e-05
109,6,1-5,adjust,-0.0009002759229294627,-1.5873343654185527e-06,2.070329609609177e-05
109,7,1-4,adjust,-0.0,-0.0,8.264132685672715e-06
109,8,1-5,adjust,-0.0,-0.0,1.754021700001823e-05
109,9,1-5,adjust,0.0002045841876273384,5.621114237438612e-06,6.9858840288733e-05
110,2,1-7,adjust,0.00046562115386273656,-1.2793054270578397e-05,6.603927065904258e-06
110,3,1-7,adjust,-0.00018429925242943157,2.196469680832105e-06,1.886459916836455e-05
110,4,1-7,adjust,-0.0,-0.0,1.8479700572346714e-05
110,5,1-7,adjust,-0.0,-0.0,6.682405096870649e-05
110,6,1-7,adjust,0.000900275922948559,1.5873343665945557e-06,7.228601053884191e-05
110,9,1-8,adjust,-0.00020458418761260208,-5.621114236031347e-06,2.4208938745920966e-05
111,2,1-4,adjust,-0.0004656211538558322,1.2793054270385155e-05,5.570526885743662e-06
111,3,1-5,adjust,0.0001842992524088633,-2.1964696807337526e-06,1.3092394543467346e-05
111,6,1-5,adjust,-0.000900275922922502,-1.5873343664794795e-06,2.070329609561103e-05
111,7,1-4,adjust,-0.0,-0.0,8.264132685672715e-06
111,8,1-5,adjust,-0.0,-0.0,1.754021700001823e-05
111,9,1-5,adjust,0.00020458418762480694,5.6211142366289235e-06,6.985884028908554e-05
112,2,1-7,adjust,0.0004656211538497826,-1.2793054269889426e-05,6.603927065263271e-06
112,3,1-7,adjust,-0.00018429925242943157,2.196469680832105e-06,1.886459916836455e-05
112,4,1-7,adjust,-0.0,-0.0,1.8479700572346714e-05
112,5,1-7,adjust,-0.0,-0.0,6.682405096870649e-05
112,6,1-7,adjust,0.0009002759229053776,1.5873343654082204e-06,7.228601053887395e-05
112,9,1-8,adjust,-0.00020458418763415326,-5.621114236697481e-06,2.420893874656195e-05
113,2,1-4,adjust,-0.00046562115386052945,1.2793054270255164e-05,5.5705268866410445e-06
113,3,1-5,adjust,0.0001842992524088633,-2.1964696807337526e-06,1.3092394543467346e-05
113,6,1-5,adjust,-0.0009002759229294627,-1.5873343654185527e-06,2.070329609609177e-05
113,7,1-4,adjust,-0.0,-0.0,8.264132685672715e-06
113,8,1-5,adjust,-0.0,-0.0,1.754021700001823e-05
113,9,1-5,adjust,0.0002045841876121495,5.621114236577223e-06,6.98588402883484e-05
114,2,1-7,adjust,0.00046562115386273656,-1.2793054270578397e-05,6.603927065904258e-06
114,3,1-7,adjust,-0.00018429925242943157,2.196469680832105e-06,1.886459916836455e-05
114,4,1-7,adjust,-0.0,-0.0,1.8479700572346714e-05
114,5,1-7,adjust,-0.0,-0.0,6.682405096870649e-05
114,6,1-7,adjust,0.000900275922948559,1.5873343665945557e-06,7.228601053884191e-05
114,9,1-8,adjust,-0.00020458418761933687,-5.6211142368085e-06,2.4208938746305556e-05
115,2,1-4,adjust,-0.0004656211538558322,1.2793054270385155e-05,5.570526885743662e-06
115,3,1-5,adjust,0.0001842992524088633,-2.1964696807337526e-06,1.3092394543467346e-05
115,6,1-5,adjust,-0.000900275922922502,-1.5873343664794795e-06,2.070329609561103e-05
115,7,1-4,adjust,-0.0,-0.0,8.264132685672715e-06
115,8,1-5,adjust,-0.0,-0.0,1.754021700001823e-05
115,9,1-5,adjust,0.00020458418761974415,5.621114236563831e-06,6.985884028995088e-05
116,2,1-7,adjust,0.0004656211538497826,-1.2793054269889426e-05,6.603927065263271e-06
116,3,1-7,adjust,-0.00018429925242943157,2.196469680832105e-06,1.886459916836455e-05
116,4,1-7,adjust,-0.0,-0.0,1.8479700572346714e-05
116,5,1-7,adjust,-0.0,-0.0,6.682405096870649e-05
116,6,1-7,adjust,0.0009002759229053776,1.5873343654082204e-06,7.228601053887395e-05
116,9,1-8,adjust,-0.00020458418761260208,-5.621114236031347e-06,2.4208938745920966e-05
117,2,1-4,adjust,-0.00046562115386052945,1.2793054270255164e-05,5.5705268866410445e-06
117,3,1-5,adjust,0.0001842992524088633,-2.1964696807337526e-06,1.3092394543467346e-05
117,6,1-5,adjust,-0.0009002759229294627,-1.5873343654185527e-06,2.070329609609177e-05
117,7,1-4,adjust,-0.0,-0.0,8.264132685672715e-06
117,8,1-5,adjust,-0.0,-0.0,1.754021700001823e-05
117,9,1-5,adjust,0.00020458418762480694,5.6211142366289235e-06,6.985884028908554e-05
118,2,1-7,adjust,0.00046562115386273656,-1.2793054270578397e-05,6.603927065904258e-06
118,3,1-7,adjust,-0.00018429925242943157,2.196469680832105e-06,1.886459916836455e-05
118,4,1-7,adjust,-0.0,-0.0,1.8479700572346714e-05
118,5,1-7,adjust,-0.0,-0.0,6.682405096870649e-05
118,6,1-7,adjust,0.000900275922948559,1.5873343665945557e-06,7.228601053884191e-05
118,9,1-8,adjust,-0.00020458418763415326,-5.621114236697481e-06,2.420893874656195e-05
119,2,1-4,adjust,-0.0004656211538558322,1.2793054270385155e-05,5.570526885743662e-06
119,3,1-5,adjust,0.0001842992524088633,-2.1964696807337526e-06,1.3092394543467346e-05
119,6,1-5,adjust,-0.000900275922922502,-1.5873343664794795e-06,2.070329609561103e-05
119,7,1-4,adjust,-0.0,-0.0,8.264132685672715e-06
119,8,1-5,adjust,-0.0,-0.0,1.754021700001823e-05
119,9,1-5,adjust,0.0002045841876121495,5.621114236577223e-06,6.98588402883484e-05
120,2,1-7,adjust,0.0004656211538497826,-1.2793054269889426e-05,6.603927065263271e-06
120,3,1-7,adjust,-0.00018429925242943157,2.196469680832105e-06,1.886459916836455e-05
120,4,1-7,adjust,-0.0,-0.0,1.8479700572346714e-05
120,5,1-7,adjust,-0.0,-0.0,6.682405096870649e-05
120,6,1-7,adjust,0.0009002759229053776,1.5873343654082204e-06,7.228601053887395e-05
120,9,1-8,adjust,-0.00020458418761933687,-5.6211142368085e-06,2.4208938746305556e-05
121,2,1-4,adjust,-0.00046562115386052945,1.2793054270255164e-05,5.5705268866410445e-06
121,3,1-5,adjust,0.0001842992524088633,-2.1964696807337526e-06,1.3092394543467346e-05
121,6,1-5,adjust,-0.0009002759229294627,-1.5873343654185527e-06,2.070329609609177e-05
121,7,1-4,adjust,-0.0,-0.0,8.264132685672715e-06
121,8,1-5,adjust,-0.0,-0.0,1.754021700001823e-05
121,9,1-5,adjust,0.00020458418761974415,5.621114236563831e-06,6.985884028995088e-05
122,2,1-7,adjust,0.00046562115386273656,-1.2793054270578397e-05,6.603927065904258e-06
122,3,1-7,adjust,-0.00018429925242943157,2.196469680832105e-06,1.886459916836455e-05
122,4,1-7,adjust,-0.0,-0.0,1.8479700572346714e-05
122,5,1-7,adjust,-0.0,-0.0,6.682405096870649e-05
122,6,1-7,adjust,0.000900275922948559,1.5873343665945557e-06,7.228601053884191e-05
122,9,1-8,adjust,-0.00020458418761260208,-5.621114236031347e-06,2.4208938745920966e-05
123,2,1-4,adjust,-0.0004656211538558322,1.2793054270385155e-05,5.570526885743662e-06
123,3,1-5,adjust,0.0001842992524088633,-2.1964696807337526e-06,1.3092394543467346e-05
123,6,1-5,adjust,-0.000900275922922502,-1.5873343664794795e-06,2.070329609561103e-05
123,7,1-4,adjust,-0.0,-0.0,8.264132685672715e-06
123,8,1-5,adjust,-0.0,-0.0,1.754021700001823e-05
123,9,1-5,adjust,0.00020458418762480694,5.6211142366289235e-06,6.985884028908554e-05
124,2,1-7,adjust,0.0004656211538497826,-1.2793054269889426e-05,6.603927065263271e-06
124,3,1-7,adjust,-0.00018429925242943157,2.196469680832105e-06,1.886459916836455e-05
124,4,1-7,adjust,-0.0,-0.0,1.8479700572346714e-05
124,5,1-7,adjust,-0.0,-0.0,6.682405096870649e-05
124,6,1-7,adjust,0.0009002759229053776,1.5873343654082204e-06,7.228601053887395e-05
124,9,1-8,adjust,-0.00020458418763415326,-5.621114236697481e-06,2.420893874656195e-05
125,2,1-4,adjust,-0.00046562115386052945,1.2793054270255164e-05,5.5705268866410445e-06
125,3,1-5,adjust,0.0001842992524088633,-2.1964696807337526e-06,1.3092394543467346e-05
125,6,1-5,adjust,-0.0009002759229294627,-1.5873343654185527e-06,2.070329609609177e-05
125,7,1-4,adjust,-0.0,-0.0,8.264132685672715e-06
125,8,1-5,adjust,-0.0,-0.0,1.754021700001823e-05
125,9,1-5,adjust,0.0002045841876121495,5.621114236577223e-06,6.98588402883484e-05
126,2,1-7,adjust,0.00046562115386273656,-1.2793054270578397e-05,6.603927065904258e-06
126,3,1-7,adjust,-0.00018429925242943157,2.196469680832105e-06,1.886459916836455e-05
126,4,1-7,adjust,-0.0,-0.0,1.8479700572346714e-05
126,5,1-7,adjust,-0.0,-0.0,6.682405096870649e-05
126,6,1-7,adjust,0.000900275922948559,1.5873343665945557e-06,7.228601053884191e-05
126,9,1-8,adjust,-0.00020458418761933687,-5.6211142368085e-06,2.4208938746305556e-05
127,2,1-4,adjust,-0.0004656211538558322,1.2793054270385155e-05,5.570526885743662e-06
127,3,1-5,adjust,0.0001842992524088633,-2.1964696807337526e-06,1.3092394543467346e-05
127,6,1-5,adjust,-0.000900275922922502,-1.5873343664794795e-06,2.070329609561103e-05
127,7,1-4,adjust,-0.0,-0.0,8.264132685672715e-06
127,8,1-5,adjust,-0.0,-0.0,1.754021700001823e-05
127,9,1-5,adjust,0.00020458418761974415,5.621114236563831e-06,6.985884028995088e-05
128,2,1-7,adjust,0.0004656211538497826,-1.2793054269889426e-05,6.603927065263271e-06
128,3,1-7,adjust,-0.00018429925242943157,2.196469680832105e-06,1.886459916836455e-05
128,4,1-7,adjust,-0.0,-0.0,1.8479700572346714e-05
128,5,1-7,adjust,-0.0,-0.0,6.682405096870649e-05
128,6,1-7,adjust,0.0009002759229053776,1.5873343654082204e-06,7.228601053887395e-05
128,9,1-8,adjust,-0.00020458418761260208,-5.621114236031347e-06,2.4208938745920966e-05
129,2,1-4,adjust,-0.00046562115386052945,1.2793054270255164e-05,5.5705268866410445e-06
129,3,1-5,adjust,0.0001842992524088633,-2.1964696807337526e-06,1.3092394543467346e-05
129,6,1-5,adjust,-0.0009002759229294627,-1.5873343654185527e-06,2.070329609609177e-05
129,7,1-4,adjust,-0.0,-0.0,8.264132685672715e-06
129,8,1-5,adjust,-0.0,-0.0,1.754021700001823e-05
129,9,1-5,adjust,0.00020458418762480694,5.6211142366289235e-06,6.985884028908554e-05
130,2,1-7,adjust,0.00046562115386273656,-1.2793054270578397e-05,6.603927065904258e-06
130,3,1-7,adjust,-0.00018429925242943157,2.196469680832105e-06,1.886459916836455e-05
130,4,1-7,adjust,-0.0,-0.0,1.8479700572346714e-05
130,5,1-7,adjust,-0.0,-0.0,6.682405096870649e-05
130,6,1-7,adjust,0.000900275922948559,1.5873343665945557e-06,7.228601053884191e-05
130,9,1-8,adjust,-0.00020458418763415326,-5.621114236697481e-06,2.420893874656195e-05
131,2,1-4,adjust,-0.0004656211538558322,1.2793054270385155e-05,5.570526885743662e-06
131,3,1-5,adjust,0.0001842992524088633,-2.1964696807337526e-06,1.3092394543467346e-05
131,6,1-5,adjust,-0.000900275922922502,-1.5873343664794795e-06,2.070329609561103e-05
131,7,1-4,adjust,-0.0,-0.0,8.264132685672715e-06
131,8,1-5,adjust,-0.0,-0.0,1.754021700001823e-05
131,9,1-5,adjust,0.0002045841876121495,5.621114236577223e-06,6.98588402883484e-05
132,2,1-7,adjust,0.0004656211538497826,-1.2793054269889426e-05,6.603927065263271e-06
132,3,1-7,adjust,-0.00018429925242943157,2.196469680832105e-06,1.886459916836455e-05
132,4,1-7,adjust,-0.0,-0.0,1.8479700572346714e-05
132,5,1-7,adjust,-0.0,-0.0,6.682405096870649e-05
132,6,1-7,adjust,0.0009002759229053776,1.5873343654082204e-06,7.228601053887395e-05
132,9,1-8,adjust,-0.00020458418761933687,-5.6211142368085e-06,2.4208938746305556e-05
133,2,1-4,adjust,-0.00046562115386052945,1.2793054270255164e-05,5.5705268866410445e-06
133,3,1-5,adjust,0.0001842992524088633,-2.1964696807337526e-06,1.3092394543467346e-05
133,6,1-5,adjust,-0.0009002759229294627,-1.5873343654185527e-06,2.070329609609177e-05
133,7,1-4,adjust,-0.0,-0.0,8.264132685672715e-06
133,8,1-5,adjust,-0.0,-0.0,1.754021700001823e-05
133,9,1-5,adjust,0.00020458418761974415,5.621114236563831e-06,6.985884028995088e-05
134,2,1-7,adjust,0.00046562115386273656,-1.2793054270578397e-05,6.603927065904258e-06
134,3,1-7,adjust,-0.00018429925242943157,2.196469680832105e-06,1.886459916836455e-05
134,4,1-7,adjust,-0.0,-0.0,1.8479700572346714e-05
134,5,1-7,adjust,-0.0,-0.0,6.682405096870649e-05
134,6,1-7,adjust,0.000900275922948559,1.5873343665945557e-06,7.228601053884191e-05
134,9,1-8,adjust,-0.00020458418761260208,-5.621114236031347e-06,2.4208938745920966e-05
135,2,1-4,adjust,-0.0004656211538558322,1.2793054270385155e-05,5.570526885743662e-06
135,3,1-5,adjust,0.0001842992524088633,-2.1964696807337526e-06,1.3092394543467346e-05
135,6,1-5,adjust,-0.000900275922922502,-1.5873343664794795e-06,2.070329609561103e-05
135,7,1-4,adjust,-0.0,-0.0,8.264132685672715e-06
135,8,1-5,adjust,-0.0,-0.0,1.754021700001823e-05
135,9,1-5,adjust,0.00020458418762480694,5.6211142366289235e-06,6.985884028908554e-05
136,2,1-7,adjust,0.0004656211538497826,-1.2793054269889426e-05,6.603927065263271e-06
136,3,1-7,adjust,-0.00018429925242943157,2.196469680832105e-06,1.886459916836455e-05
136,4,1-7,adjust,-0.0,-0.0,1.8479700572346714e-05
136,5,1-7,adjust,-0.0,-0.0,6.682405096870649e-05
136,6,1-7,adjust,0.0009002759229053776,1.5873343654082204e-06,7.228601053887395e-05
136,9,1-8,adjust,-0.00020458418763415326,-5.621114236697481e-06,2.420893874656195e-05
137,2,1-4,adjust,-0.00046562115386052945,1.2793054270255164e-05,5.5705268866410445e-06
137,3,1-5,adjust,0.0001842992524088633,-2.1964696807337526e-06,1.3092394543467346e-05
137,6,1-5,adjust,-0.0009002759229294627,-1.5873343654185527e-06,2.070329609609177e-05
137,7,1-4,adjust,-0.0,-0.0,8.264132685672715e-06
137,8,1-5,adjust,-0.0,-0.0,1.754021700001823e-05
137,9,1-5,adjust,0.0002045841876121495,5.621114236577223e-06,6.98588402883484e-05
138,2,1-7,adjust,0.00046562115386273656,-1.2793054270578397e-05,6.603927065904258e-06
138,3,1-7,adjust,-0.00018429925242943157,2.196469680832105e-06,1.886459916836455e-05
138,4,1-7,adjust,-0.0,-0.0,1.8479700572346714e-05
138,5,1-7,adjust,-0.0,-0.0,6.682405096870649e-05
138,6,1-7,adjust,0.000900275922948559,1.5873343665945557e-06,7.228601053884191e-05
138,9,1-8,adjust,-0.00020458418761933687,-5.6211142368085e-06,2.4208938746305556e-05
139,2,1-4,adjust,-0.0004656211538558322,1.2793054270385155e-05,5.570526885743662e-06
139,3,1-5,adjust,0.0001842992524088633,-2.1964696807337526e-06,1.3092394543467346e-05
139,6,1-5,adjust,-0.000900275922922502,-1.5873343664794795e-06,2.070329609561103e-05
139,7,1-4,adjust,-0.0,-0.0,8.264132685672715e-06
139,8,1-5,adjust,-0.0,-0.0,1.754021700001823e-05
139,9,1-5,adjust,0.00020458418761974415,5.621114236563831e-06,6.985884028995088e-05
140,2,1-7,adjust,0.0004656211538497826,-1.2793054269889426e-05,6.603927065263271e-06
140,3,1-7,adjust,-0.00018429925242943157,2.196469680832105e-06,1.886459916836455e-05
140,4,1-7,adjust,-0.0,-0.0,1.8479700572346714e-05
140,5,1-7,adjust,-0.0,-0.0,6.682405096870649e-05
140,6,1-7,adjust,0.0009002759229053776,1.5873343654082204e-06,7.228601053887395e-05
140,9,1-8,adjust,-0.00020458418761260208,-5.621114236031347e-06,2.4208938745920966e-05
141,2,1-4,adjust,-0.00046562115386052945,1.2793054270255164e-05,5.5705268866410445e-06
141,3,1-5,adjust,0.0001842992524088633,-2.1964696807337526e-06,1.3092394543467346e-05
141,6,1-5,adjust,-0.0009002759229294627,-1.5873343654185527e-06,2.070329609609177e-05
141,7,1-4,adjust,-0.0,-0.0,8.264132685672715e-06
141,8,1-5,adjust,-0.0,-0.0,1.754021700001823e-05
141,9,1-5,adjust,0.00020458418762480694,5.6211142366289235e-06,6.985884028908554e-05
142,2,1-7,adjust,0.00046562115386273656,-1.2793054270578397e-05,6.603927065904258e-06
142,3,1-7,adjust,-0.00018429925242943157,2.196469680832105e-06,1.886459916836455e-05
142,4,1-7,adjust,-0.0,-0.0,1.8479700572346714e-05
142,5,1-7,adjust,-0.0,-0.0,6.682405096870649e-05
142,6,1-7,adjust,0.000900275922948559,1.5873343665945557e-06,7.228601053884191e-05
142,9,1-8,adjust,-0.00020458418763415326,-5.621114236697481e-06,2.420893874656195e-05
143,2,1-4,adjust,-0.0004656211538558322,1.2793054270385155e-05,5.570526885743662e-06
143,3,1-5,adjust,0.0001842992524088633,-2.1964696807337526e-06,1.3092394543467346e-05
143,6,1-5,adjust,-0.000900275922922502,-1.5873343664794795e-06,2.070329609561103e-05
143,7,1-4,adjust,-0.0,-0.0,8.264132685672715e-06
143,8,1-5,adjust,-0.0,-0.0,1.754021700001823e-05
143,9,1-5,adjust,0.0002045841876121495,5.621114236577223e-06,6.98588402883484e-05
144,2,1-7,adjust,0.0004656211538497826,-1.2793054269889426e-05,6.603927065263271e-06
144,3,1-7,adjust,-0.00018429925242943157,2.196469680832105e-06,1.886459916836455e-05
144,4,1-7,adjust,-0.0,-0.0,1.8479700572346714e-05
144,5,1-7,adjust,-0.0,-0.0,6.682405096870649e-05
144,6,1-7,adjust,0.0009002759229053776,1.5873343654082204e-06,7.228601053887395e-05
144,9,1-8,adjust,-0.00020458418761933687,-5.6211142368085e-06,2.4208938746305556e-05
145,2,1-4,adjust,-0.00046562115386052945,1.2793054270255164e-05,5.5705268866410445e-06
145,3,1-5,adjust,0.0001842992524088633,-2.1964696807337526e-06,1.3092394543467346e-05
145,6,1-5,adjust,-0.0009002759229294627,-1.5873343654185527e-06,2.070329609609177e-05
145,7,1-4,adjust,-0.0,-0.0,8.264132685672715e-06
145,8,1-5,adjust,-0.0,-0.0,1.754021700001823e-05
145,9,1-5,adjust,0.00020458418761974415,5.621114236563831e-06,6.985884028995088e-05
146,2,1-7,adjust,0.00046562115386273656,-1.2793054270578397e-05,6.603927065904258e-06
146,3,1-7,adjust,-0.00018429925242943157,2.196469680832105e-06,1.886459916836455e-05
146,4,1-7,adjust,-0.0,-0.0,1.8479700572346714e-05
146,5,1-7,adjust,-0.0,-0.0,6.682405096870649e-05
146,6,1-7,adjust,0.000900275922948559,1.5873343665945557e-06,7.228601053884191e-05
146,9,1-8,adjust,-0.00020458418761260208,-5.621114236031347e-06,2.4208938745920966e-05
147,2,1-4,adjust,-0.0004656211538558322,1.2793054270385155e-05,5.570526885743662e-06
147,3,1-5,adjust,0.0001842992524088633,-2.1964696807337526e-06,1.3092394543467346e-05
147,6,1-5,adjust,-0.000900275922922502,-1.5873343664794795e-06,2.070329609561103e-05
147,7,1-4,adjust,-0.0,-0.0,8.264132685672715e-06
147,8,1-5,adjust,-0.0,-0.0,1.754021700001823e-05
147,9,1-5,adjust,0.00020458418762480694,5.6211142366289235e-06,6.985884028908554e-05
148,2,1-7,adjust,0.0004656211538497826,-1.2793054269889426e-05,6.603927065263271e-06
148,3,1-7,adjust,-0.00018429925242943157,2.196469680832105e-06,1.886459916836455e-05
148,4,1-7,adjust,-0.0,-0.0,1.8479700572346714e-05
148,5,1-7,adjust,-0.0,-0.0,6.682405096870649e-05
148,6,1-7,adjust,0.0009002759229053776,1.5873343654082204e-06,7.228601053887395e-05
148,9,1-8,adjust,-0.00020458418763415326,-5.621114236697481e-06,2.420893874656195e-05
149,2,1-4,adjust,-0.00046562115386052945,1.2793054270255164e-05,5.5705268866410445e-06
149,3,1-5,adjust,0.0001842992524088633,-2.1964696807337526e-06,1.3092394543467346e-05
149,6,1-5,adjust,-0.0009002759229294627,-1.5873343654185527e-06,2.070329609609177e-05
149,7,1-4,adjust,-0.0,-0.0,8.264132685672715e-06
149,8,1-5,adjust,-0.0,-0.0,1.754021700001823e-05
149,9,1-5,adjust,0.0002045841876121495,5.621114236577223e-06,6.98588402883484e-05
150,2,1-7,adjust,0.00046562115386273656,-1.2793054270578397e-05,6.603927065904258e-06
150,3,1-7,adjust,-0.00018429925242943157,2.196469680832105e-06,1.886459916836455e-05
150,4,1-7,adjust,-0.0,-0.0,1.8479700572346714e-05
150,5,1-7,adjust,-0.0,-0.0,6.682405096870649e-05
150,6,1-7,adjust,0.000900275922948559,1.5873343665945557e-06,7.228601053884191e-05
150,9,1-8,adjust,-0.00020458418761933687,-5.6211142368085e-06,2.4208938746305556e-05
151,2,1-4,adjust,-0.0004656211538558322,1.2793054270385155e-05,5.570526885743662e-06
151,3,1-5,adjust,0.0001842992524088633,-2.1964696807337526e-06,1.3092394543467346e-05
151,6,1-5,adjust,-0.000900275922922502,-1.5873343664794795e-06,2.070329609561103e-05
151,7,1-4,adjust,-0.0,-0.0,8.264132685672715e-06
151,8,1-5,adjust,-0.0,-0.0,1.754021700001823e-05
151,9,1-5,adjust,0.00020458418761974415,5.621114236563831e-06,6.985884028995088e-05
152,2,1-7,adjust,0.0004656211538497826,-1.2793054269889426e-05,6.603927065263271e-06
152,3,1-7,adjust,-0.00018429925242943157,2.196469680832105e-06,1.886459916836455e-05
152,4,1-7,adjust,-0.0,-0.0,1.8479700572346714e-05
152,5,1-7,adjust,-0.0,-0.0,6.682405096870649e-05
152,6,1-7,adjust,0.0009002759229053776,1.5873343654082204e-06,7.228601053887395e-05
152,9,1-8,adjust,-0.00020458418761260208,-5.621114236031347e-06,2.4208938745920966e-05
153,2,1-4,adjust,-0.00046562115386052945,1.2793054270255164e-05,5.5705268866410445e-06
153,3,1-5,adjust,0.0001842992524088633,-2.1964696807337526e-06,1.3092394543467346e-05
153,6,1-5,adjust,-0.0009002759229294627,-1.5873343654185527e-06,2.070329609609177e-05
153,7,1-4,adjust,-0.0,-0.0,8.264132685672715e-06
153,8,1-5,adjust,-0.0,-0.0,1.754021700001823e-05
153,9,1-5,adjust,0.00020458418762480694,5.6211142366289235e-06,6.985884028908554e-05
154,2,1-7,adjust,0.00046562115386273656,-1.2793054270578397e-05,6.603927065904258e-06
154,3,1-7,adjust,-0.00018429925242943157,2.196469680832105e-06,1.886459916836455e-05
154,4,1-7,adjust,-0.0,-0.0,1.8479700572346714e-05
154,5,1-7,adjust,-0.0,-0.0,6.682405096870649e-05
154,6,1-7,adjust,0.000900275922948559,1.5873343665945557e-06,7.228601053884191e-05
154,9,1-8,adjust,-0.00020458418763415326,-5.621114236697481e-06,2.420893874656195e-05
155,2,1-4,adjust,-0.0004656211538558322,1.2793054270385155e-05,5.570526885743662e-06
155,3,1-5,adjust,0.0001842992524088633,-2.1964696807337526e-06,1.3092394543467346e-05
155,6,1-5,adjust,-0.000900275922922502,-1.5873343664794795e-06,2.070329609561103e-05
155,7,1-4,adjust,-0.0,-0.0,8.264132685672715e-06
155,8,1-5,adjust,-0.0,-0.0,1.754021700001823e-05
155,9,1-5,adjust,0.0002045841876121495,5.621114236577223e-06,6.98588402883484e-05
156,2,1-7,adjust,0.0004656211538497826,-1.2793054269889426e-05,6.603927065263271e-06
156,3,1-7,adjust,-0.00018429925242943157,2.196469680832105e-06,1.886459916836455e-05
156,4,1-7,adjust,-0.0,-0.0,1.8479700572346714e-05
156,5,1-7,adjust,-0.0,-0.0,6.682405096870649e-05
156,6,1-7,adjust,0.0009002759229053776,1.5873343654082204e-06,7.228601053887395e-05
156,9,1-8,adjust,-0.00020458418761933687,-5.6211142368085e-06,2.4208938746305556e-05
157,2,1-4,adjust,-0.00046562115386052945,1.2793054270255164e-05,5.5705268866410445e-06
157,3,1-5,adjust,0.0001842992524088633,-2.1964696807337526e-06,1.3092394543467346e-05
157,6,1-5,adjust,-0.0009002759229294627,-1.5873343654185527e-06,2.070329609609177e-05
157,7,1-4,adjust,-0.0,-0.0,8.264132685672715e-06
157,8,1-5,adjust,-0.0,-0.0,1.754021700001823e-05
157,9,1-5,adjust,0.00020458418761974415,5.621114236563831e-06,6.985884028995088e-05
158,2,1-7,adjust,0.00046562115386273656,-1.2793054270578397e-05,6.603927065904258e-06
158,3,1-7,adjust,-0.00018429925242943157,2.196469680832105e-06,1.886459916836455e-05
158,4,1-7,adjust,-0.0,-0.0,1.8479700572346714e-05
158,5,1-7,adjust,-0.0,-0.0,6.682405096870649e-05
158,6,1-7,adjust,0.000900275922948559,1.5873343665945557e-06,7.228601053884191e-05
158,9,1-8,adjust,-0.00020458418761260208,-5.621114236031347e-06,2.4208938745920966e-05
159,2,1-4,adjust,-0.0004656211538558322,1.2793054270385155e-05,5.570526885743662e-06
159,3,1-5,adjust,0.0001842992524088633,-2.1964696807337526e-06,1.3092394543467346e-05
159,6,1-5,adjust,-0.000900275922922502,-1.5873343664794795e-06,2.070329609561103e-05
159,7,1-4,adjust,-0.0,-0.0,8.264132685672715e-06
159,8,1-5,adjust,-0.0,-0.0,1.754021700001823e-05
159,9,1-5,adjust,0.00020458418762480694,5.6211142366289235e-06,6.985884028908554e-05
160,2,1-7,adjust,0.0004656211538497826,-1.2793054269889426e-05,6.603927065263271e-06
160,3,1-7,adjust,-0.00018429925242943157,2.196469680832105e-06,1.886459916836455e-05
160,4,1-7,adjust,-0.0,-0.0,1.8479700572346714e-05
160,5,1-7,adjust,-0.0,-0.0,6.682405096870649e-05
160,6,1-7,adjust,0.0009002759229053776,1.5873343654082204e-06,7.228601053887395e-05
160,9,1-8,adjust,-0.00020458418763415326,-5.621114236697481e-06,2.420893874656195e-05
161,2,1-4,adjust,-0.00046562115386052945,1.2793054270255164e-05,5.5705268866410445e-06
161,3,1-5,adjust,0.0001842992524088633,-2.1964696807337526e-06,1.3092394543467346e-05
161,6,1-5,adjust,-0.0009002759229294627,-1.5873343654185527e-06,2.070329609609177e-05
161,7,1-4,adjust,-0.0,-0.0,8.264132685672715e-06
161,8,1-5,adjust,-0.0,-0.0,1.754021700001823e-05
161,9,1-5,adjust,0.0002045841876121495,5.621114236577223e-06,6.98588402883484e-05
162,2,1-7,adjust,0.00046562115386273656,-1.2793054270578397e-05,6.603927065904258e-06
162,3,1-7,adjust,-0.00018429925242943157,2.196469680832105e-06,1.886459916836455e-05
162,4,1-7,adjust,-0.0,-0.0,1.8479700572346714e-05
162,5,1-7,adjust,-0.0,-0.0,6.682405096870649e-05
162,6,1-7,adjust,0.000900275922948559,1.5873343665945557e-06,7.228601053884191e-05
162,9,1-8,adjust,-0.00020458418761933687,-5.6211142368085e-06,2.4208938746305556e-05
163,2,1-4,adjust,-0.0004656211538558322,1.2793054270385155e-05,5.570526885743662e-06
163,3,1-5,adjust,0.0001842992524088633,-2.1964696807337526e-06,1.3092394543467346e-05
163,6,1-5,adjust,-0.000900275922922502,-1.5873343664794795e-06,2.070329609561103e-05
163,7,1-4,adjust,-0.0,-0.0,8.264132685672715e-06
163,8,1-5,adjust,-0.0,-0.0,1.754021700001823e-05
163,9,1-5,adjust,0.00020458418761974415,5.621114236563831e-06,6.985884028995088e-05
164,2,1-7,adjust,0.0004656211538497826,-1.2793054269889426e-05,6.603927065263271e-06
164,3,1-7,adjust,-0.00018429925242943157,2.196469680832105e-06,1.886459916836455e-05
164,4,1-7,adjust,-0.0,-0.0,1.8479700572346714e-05
164,5,1-7,adjust,-0.0,-0.0,6.682405096870649e-05
164,6,1-7,adjust,0.0009002759229053776,1.5873343654082204e-06,7.228601053887395e-05
164,9,1-8,adjust,-0.00020458418761260208,-5.621114236031347e-06,2.4208938745920966e-05
165,2,1-4,adjust,-0.00046562115386052945,1.2793054270255164e-05,5.5705268866410445e-06
165,3,1-5,adjust,0.0001842992524088633,-2.1964696807337526e-06,1.3092394543467346e-05
165,6,1-5,adjust,-0.0009002759229294627,-1.5873343654185527e-06,2.070329609609177e-05
165,7,1-4,adjust,-0.0,-0.0,8.264132685672715e-06
165,8,1-5,adjust,-0.0,-0.0,1.754021700001823e-05
165,9,1-5,adjust,0.00020458418762480694,5.6211142366289235e-06,6.985884028908554e-05
166,2,1-7,adjust,0.00046562115386273656,-1.2793054270578397e-05,6.603927065904258e-06
166,3,1-7,adjust,-0.00018429925242943157,2.196469680832105e-06,1.886459916836455e-05
166,4,1-7,adjust,-0.0,-0.0,1.8479700572346714e-05
166,5,1-7,adjust,-0.0,-0.0,6.682405096870649e-05
166,6,1-7,adjust,0.000900275922948559,1.5873343665945557e-06,7.228601053884191e-05
166,9,1-8,adjust,-0.00020458418763415326,-5.621114236697481e-06,2.420893874656195e-05
167,2,1-4,adjust,-0.0004656211538558322,1.2793054270385155e-05,5.570526885743662e-06
167,3,1-5,adjust,0.0001842992524088633,-2.1964696807337526e-06,1.3092394543467346e-05
167,6,1-5,adjust,-0.000900275922922502,-1.5873343664794795e-06,2.070329609561103e-05
167,7,1-4,adjust,-0.0,-0.0,8.264132685672715e-06
167,8,1-5,adjust,-0.0,-0.0,1.754021700001823e-05
167,9,1-5,adjust,0.0002045841876121495,5.621114236577223e-06,6.98588402883484e-05
168,2,1-7,adjust,0.0004656211538497826,-1.2793054269889426e-05,6.603927065263271e-06
168,3,1-7,adjust,-0.00018429925242943157,2.196469680832105e-06,1.886459916836455e-05
168,4,1-7,adjust,-0.0,-0.0,1.8479700572346714e-05
168,5,1-7,adjust,-0.0,-0.0,6.682405096870649e-05
168,6,1-7,adjust,0.0009002759229053776,1.5873343654082204e-06,7.228601053887395e-05
168,9,1-8,adjust,-0.00020458418761933687,-5.6211142368085e-06,2.4208938746305556e-05
169,2,1-4,adjust,-0.00046562115386052945,1.2793054270255164e-05,5.5705268866410445e-06
169,3,1-5,adjust,0.0001842992524088633,-2.1964696807337526e-06,1.3092394543467346e-05
169,6,1-5,adjust,-0.0009002759229294627,-1.5873343654185527e-06,2.070329609609177e-05
169,7,1-4,adjust,-0.0,-0.0,8.264132685672715e-06
169,8,1-5,adjust,-0.0,-0.0,1.754021700001823e-05
169,9,1-5,adjust,0.00020458418761974415,5.621114236563831e-06,6.985884028995088e-05
170,2,1-7,adjust,0.00046562115386273656,-1.2793054270578397e-05,6.603927065904258e-06
170,3,1-7,adjust,-0.00018429925242943157,2.196469680832105e-06,1.886459916836455e-05
170,4,1-7,adjust,-0.0,-0.0,1.8479700572346714e-05
170,5,1-7,adjust,-0.0,-0.0,6.682405096870649e-05
170,6,1-7,adjust,0.000900275922948559,1.5873343665945557e-06,7.228601053884191e-05
170,9,1-8,adjust,-0.00020458418761260208,-5.621114236031347e-06,2.4208938745920966e-05
171,2,1-4,adjust,-0.0004656211538558322,1.2793054270385155e-05,5.570526885743662e-06
171,3,1-5,adjust,0.0001842992524088633,-2.1964696807337526e-06,1.3092394543467346e-05
171,6,1-5,adjust,-0.000900275922922502,-1.5873343664794795e-06,2.070329609561103e-05
171,7,1-4,adjust,-0.0,-0.0,8.264132685672715e-06
171,8,1-5,adjust,-0.0,-0.0,1.754021700001823e-05
171,9,1-5,adjust,0.00020458418762480694,5.6211142366289235e-06,6.985884028908554e-05
172,2,1-7,adjust,0.0004656211538497826,-1.2793054269889426e-05,6.603927065263271e-06
172,3,1-7,adjust,-0.00018429925242943157,2.196469680832105e-06,1.886459916836455e-05
172,4,1-7,adjust,-0.0,-0.0,1.8479700572346714e-05
172,5,1-7,adjust,-0.0,-0.0,6.682405096870649e-05
172,6,1-7,adjust,0.0009002759229053776,1.5873343654082204e-06,7.228601053887395e-05
172,9,1-8,adjust,-0.00020458418763415326,-5.621114236697481e-06,2.420893874656195e-05
173,2,1-4,adjust,-0.00046562115386052945,1.2793054270255164e-05,5.5705268866410445e-06
173,3,1-5,adjust,0.0001842992524088633,-2.1964696807337526e-06,1.3092394543467346e-05
173,6,1-5,adjust,-0.0009002759229294627,-1.5873343654185527e-06,2.070329609609177e-05
173,7,1-4,adjust,-0.0,-0.0,8.264132685672715e-06
173,8,1-5,adjust,-0.0,-0.0,1.754021700001823e-05
173,9,1-5,adjust,0.0002045841876121495,5.621114236577223e-06,6.98588402883484e-05
174,2,1-7,adjust,0.00046562115386273656,-1.2793054270578397e-05,6.603927065904258e-06
174,3,1-7,adjust,-0.00018429925242943157,2.196469680832105e-06,1.886459916836455e-05
174,4,1-7,adjust,-0.0,-0.0,1.8479700572346714e-05
174,5,1-7,adjust,-0.0,-0.0,6.682405096870649e-05
174,6,1-7,adjust,0.000900275922948559,1.5873343665945557e-06,7.228601053884191e-05
174,9,1-8,adjust,-0.00020458418761933687,-5.6211142368085e-06,2.4208938746305556e-05
175,2,1-4,adjust,-0.0004656211538558322,1.2793054270385155e-05,5.570526885743662e-06
175,3,1-5,adjust,0.0001842992524088633,-2.1964696807337526e-06,1.3092394543467346e-05
175,6,1-5,adjust,-0.000900275922922502,-1.5873343664794795e-06,2.070329609561103e-05
175,7,1-4,adjust,-0.0,-0.0,8.264132685672715e-06
175,8,1-5,adjust,-0.0,-0.0,1.754021700001823e-05
175,9,1-5,adjust,0.00020458418761974415,5.621114236563831e-06,6.985884028995088e-05
176,2,1-7,adjust,0.0004656211538497826,-1.2793054269889426e-05,6.603927065263271e-06
176,3,1-7,adjust,-0.00018429925242943157,2.196469680832105e-06,1.886459916836455e-05
176,4,1-7,adjust,-0.0,-0.0,1.8479700572346714e-05
176,5,1-7,adjust,-0.0,-0.0,6.682405096870649e-05
176,6,1-7,adjust,0.0009002759229053776,1.5873343654082204e-06,7.228601053887395e-05
176,9,1-8,adjust,-0.00020458418761260208,-5.621114236031347e-06,2.4208938745920966e-05
177,2,1-4,adjust,-0.00046562115386052945,1.2793054270255164e-05,5.5705268866410445e-06
177,3,1-5,adjust,0.0001842992524088633,-2.1964696807337526e-06,1.3092394543467346e-05
177,6,1-5,adjust,-0.0009002759229294627,-1.5873343654185527e-06,2.070329609609177e-05
177,7,1-4,adjust,-0.0,-0.0,8.264132685672715e-06
177,8,1-5,adjust,-0.0,-0.0,1.754021700001823e-05
177,9,1-5,adjust,0.00020458418762480694,5.6211142366289235e-06,6.985884028908554e-05
178,2,1-7,adjust,0.00046562115386273656,-1.2793054270578397e-05,6.603927065904258e-06
178,3,1-7,adjust,-0.00018429925242943157,2.196469680832105e-06,1.886459916836455e-05
178,4,1-7,adjust,-0.0,-0.0,1.8479700572346714e-05
178,5,1-7,adjust,-0.0,-0.0,6.682405096870649e-05
178,6,1-7,adjust,0.000900275922948559,1.5873343665945557e-06,7.228601053884191e-05
178,9,1-8,adjust,-0.00020458418763415326,-5.621114236697481e-06,2.420893874656195e-05
179,2,1-4,adjust,-0.0004656211538558322,1.2793054270385155e-05,5.570526885743662e-06
179,3,1-5,adjust,0.0001842992524088633,-2.1964696807337526e-06,1.3092394543467346e-05
179,6,1-5,adjust,-0.000900275922922502,-1.5873343664794795e-06,2.070329609561103e-05
179,7,1-4,adjust,-0.0,-0.0,8.264132685672715e-06
179,8,1-5,adjust,-0.0,-0.0,1.754021700001823e-05
179,9,1-5,adjust,0.0002045841876121495,5.621114236577223e-06,6.98588402883484e-05
180,2,1-7,adjust,0.0004656211538497826,-1.2793054269889426e-05,6.603927065263271e-06
180,3,1-7,adjust,-0.00018429925242943157,2.196469680832105e-06,1.886459916836455e-05
180,4,1-7,adjust,-0.0,-0.0,1.8479700572346714e-05
180,5,1-7,adjust,-0.0,-0.0,6.682405096870649e-05
180,6,1-7,adjust,0.0009002759229053776,1.5873343654082204e-06,7.228601053887395e-05
180,9,1-8,adjust,-0.00020458418761933687,-5.6211142368085e-06,2.4208938746305556e-05
181,2,1-4,adjust,-0.00046562115386052945,1.2793054270255164e-05,5.5705268866410445e-06
181,3,1-5,adjust,0.0001842992524088633,-2.1964696807337526e-06,1.3092394543467346e-05
181,6,1-5,adjust,-0.0009002759229294627,-1.5873343654185527e-06,2.070329609609177e-05
181,7,1-4,adjust,-0.0,-0.0,8.264132685672715e-06
181,8,1-5,adjust,-0.0,-0.0,1.754021700001823e-05
181,9,1-5,adjust,0.00020458418761974415,5.621114236563831e-06,6.985884028995088e-05
182,2,1-7,adjust,0.00046562115386273656,-1.2793054270578397e-05,6.603927065904258e-06
182,3,1-7,adjust,-0.00018429925242943157,2.196469680832105e-06,1.886459916836455e-05
182,4,1-7,adjust,-0.0,-0.0,1.8479700572346714e-05
182,5,1-7,adjust,-0.0,-0.0,6.682405096870649e-05
182,6,1-7,adjust,0.000900275922948559,1.5873343665945557e-06,7.228601053884191e-05
182,9,1-8,adjust,-0.00020458418761260208,-5.621114236031347e-06,2.4208938745920966e-05
183,2,1-4,adjust,-0.0004656211538558322,1.2793054270385155e-05,5.570526885743662e-06
183,3,1-5,adjust,0.0001842992524088633,-2.1964696807337526e-06,1.3092394543467346e-05
183,6,1-5,adjust,-0.000900275922922502,-1.5873343664794795e-06,2.070329609561103e-05
183,7,1-4,adjust,-0.0,-0.0,8.264132685672715e-06
183,8,1-5,adjust,-0.0,-0.0,1.754021700001823e-05
183,9,1-5,adjust,0.00020458418762480694,5.6211142366289235e-06,6.985884028908554e-05
184,2,1-7,adjust,0.0004656211538497826,-1.2793054269889426e-05,6.603927065263271e-06
184,3,1-7,adjust,-0.00018429925242943157,2.196469680832105e-06,1.886459916836455e-05
184,4,1-7,adjust,-0.0,-0.0,1.8479700572346714e-05
184,5,1-7,adjust,-0.0,-0.0,6.682405096870649e-05
184,6,1-7,adjust,0.0009002759229053776,1.5873343654082204e-06,7.228601053887395e-05
184,9,1-8,adjust,-0.00020458418763415326,-5.621114236697481e-06,2.420893874656195e-05
185,2,1-4,adjust,-0.00046562115386052945,1.2793054270255164e-05,5.5705268866410445e-06
185,3,1-5,adjust,0.0001842992524088633,-2.1964696807337526e-06,1.3092394543467346e-05
185,6,1-5,adjust,-0.0009002759229294627,-1.5873343654185527e-06,2.070329609609177e-05
185,7,1-4,adjust,-0.0,-0.0,8.264132685672715e-06
185,8,1-5,adjust,-0.0,-0.0,1.754021700001823e-05
185,9,1-5,adjust,0.0002045841876121495,5.621114236577223e-06,6.98588402883484e-05
186,2,1-7,adjust,0.00046562115386273656,-1.2793054270578397e-05,6.603927065904258e-06
186,3,1-7,adjust,-0.00018429925242943157,2.196469680832105e-06,1.886459916836455e-05
186,4,1-7,adjust,-0.0,-0.0,1.8479700572346714e-05
186,5,1-7,adjust,-0.0,-0.0,6.682405096870649e-05
186,6,1-7,adjust,0.000900275922948559,1.5873343665945557e-06,7.228601053884191e-05
186,9,1-8,adjust,-0.00020458418761933687,-5.6211142368085e-06,2.4208938746305556e-05
187,2,1-4,adjust,-0.0004656211538558322,1.2793054270385155e-05,5.570526885743662e-06
187,3,1-5,adjust,0.0001842992524088633,-2.1964696807337526e-06,1.3092394543467346e-05
187,6,1-5,adjust,-0.000900275922922502,-1.5873343664794795e-06,2.070329609561103e-05
187,7,1-4,adjust,-0.0,-0.0,8.264132685672715e-06
187,8,1-5,adjust,-0.0,-0.0,1.754021700001823e-05
187,9,1-5,adjust,0.00020458418761974415,5.621114236563831e-06,6.985884028995088e-05
188,2,1-7,adjust,0.0004656211538497826,-1.2793054269889426e-05,6.603927065263271e-06
188,3,1-7,adjust,-0.00018429925242943157,2.196469680832105e-06,1.886459916836455e-05
188,4,1-7,adjust,-0.0,-0.0,1.8479700572346714e-05
188,5,1-7,adjust,-0.0,-0.0,6.682405096870649e-05
188,6,1-7,adjust,0.0009002759229053776,1.5873343654082204e-06,7.228601053887395e-05
188,9,1-8,adjust,-0.00020458418761260208,-5.621114236031347e-06,2.4208938745920966e-05
189,2,1-4,adjust,-0.00046562115386052945,1.2793054270255164e-05,5.5705268866410445e-06
189,3,1-5,adjust,0.0001842992524088633,-2.1964696807337526e-06,1.3092394543467346e-05
189,6,1-5,adjust,-0.0009002759229294627,-1.5873343654185527e-06,2.070329609609177e-05
189,7,1-4,adjust,-0.0,-0.0,8.264132685672715e-06
189,8,1-5,adjust,-0.0,-0.0,1.754021700001823e-05
189,9,1-5,adjust,0.00020458418762480694,5.6211142366289235e-06,6.985884028908554e-05
190,2,1-7,adjust,0.00046562115386273656,-1.2793054270578397e-05,6.603927065904258e-06
190,3,1-7,adjust,-0.00018429925242943157,2.196469680832105e-06,1.886459916836455e-05
190,4,1-7,adjust,-0.0,-0.0,1.8479700572346714e-05
190,5,1-7,adjust,-0.0,-0.0,6.682405096870649e-05
190,6,1-7,adjust,0.000900275922948559,1.5873343665945557e-06,7.228601053884191e-05
190,9,1-8,adjust,-0.00020458418763415326,-5.621114236697481e-06,2.420893874656195e-05
191,2,1-4,adjust,-0.0004656211538558322,1.2793054270385155e-05,5.570526885743662e-06
191,3,1-5,adjust,0.0001842992524088633,-2.1964696807337526e-06,1.3092394543467346e-05
191,6,1-5,adjust,-0.000900275922922502,-1.5873343664794795e-06,2.070329609561103e-05
191,7,1-4,adjust,-0.0,-0.0,8.264132685672715e-06
191,8,1-5,adjust,-0.0,-0.0,1.754021700001823e-05
191,9,1-5,adjust,0.0002045841876121495,5.621114236577223e-06,6.98588402883484e-05
192,2,1-7,adjust,0.0004656211538497826,-1.2793054269889426e-05,6.603927065263271e-06
192,3,1-7,adjust,-0.00018429925242943157,2.196469680832105e-06,1.886459916836455e-05
192,4,1-7,adjust,-0.0,-0.0,1.8479700572346714e-05
192,5,1-7,adjust,-0.0,-0.0,6.682405096870649e-05
192,6,1-7,adjust,0.0009002759229053776,1.5873343654082204e-06,7.228601053887395e-05
192,9,1-8,adjust,-0.00020458418761933687,-5.6211142368085e-06,2.4208938746305556e-05
193,2,1-4,adjust,-0.00046562115386052945,1.2793054270255164e-05,5.5705268866410445e-06
193,3,1-5,adjust,0.0001842992524088633,-2.1964696807337526e-06,1.3092394543467346e-05
193,6,1-5,adjust,-0.0009002759229294627,-1.5873343654185527e-06,2.070329609609177e-05
193,7,1-4,adjust,-0.0,-0.0,8.264132685672715e-06
193,8,1-5,adjust,-0.0,-0.0,1.754021700001823e-05
193,9,1-5,adjust,0.00020458418761974415,5.621114236563831e-06,6.985884028995088e-05
194,2,1-7,adjust,0.00046562115386273656,-1.2793054270578397e-05,6.603927065904258e-06
194,3,1-7,adjust,-0.00018429925242943157,2.196469680832105e-06,1.886459916836455e-05
194,4,1-7,adjust,-0.0,-0.0,1.8479700572346714e-05
194,5,1-7,adjust,-0.0,-0.0,6.682405096870649e-05
194,6,1-7,adjust,0.000900275922948559,1.5873343665945557e-06,7.228601053884191e-05
194,9,1-8,adjust,-0.00020458418761260208,-5.621114236031347e-06,2.4208938745920966e-05
195,2,1-4,adjust,-0.0004656211538558322,1.2793054270385155e-05,5.570526885743662e-06
195,3,1-5,adjust,0.0001842992524088633,-2.1964696807337526e-06,1.3092394543467346e-05
195,6,1-5,adjust,-0.000900275922922502,-1.5873343664794795e-06,2.070329609561103e-05
195,7,1-4,adjust,-0.0,-0.0,8.264132685672715e-06
195,8,1-5,adjust,-0.0,-0.0,1.754021700001823e-05
195,9,1-5,adjust,0.00020458418762480694,5.6211142366289235e-06,6.985884028908554e-05
196,2,1-7,adjust,0.0004656211538497826,-1.2793054269889426e-05,6.603927065263271e-06
196,3,1-7,adjust,-0.00018429925242943157,2.196469680832105e-06,1.886459916836455e-05
196,4,1-7,adjust,-0.0,-0.0,1.8479700572346714e-05
196,5,1-7,adjust,-0.0,-0.0,6.682405096870649e-05
196,6,1-7,adjust,0.0009002759229053776,1.5873343654082204e-06,7.228601053887395e-05
196,9,1-8,adjust,-0.00020458418763415326,-5.621114236697481e-06,2.420893874656195e-05
197,2,1-4,adjust,-0.00046562115386052945,1.2793054270255164e-05,5.5705268866410445e-06
197,3,1-5,adjust,0.0001842992524088633,-2.1964696807337526e-06,1.3092394543467346e-05
197,6,1-5,adjust,-0.0009002759229294627,-1.5873343654185527e-06,2.070329609609177e-05
197,7,1-4,adjust,-0.0,-0.0,8.264132685672715e-06
197,8,1-5,adjust,-0.0,-0.0,1.754021700001823e-05
197,9,1-5,adjust,0.0002045841876121495,5.621114236577223e-06,6.98588402883484e-05
198,2,1-7,adjust,0.00046562115386273656,-1.2793054270578397e-05,6.603927065904258e-06
198,3,1-7,adjust,-0.00018429925242943157,2.196469680832105e-06,1.886459916836455e-05
198,4,1-7,adjust,-0.0,-0.0,1.8479700572346714e-05
198,5,1-7,adjust,-0.0,-0.0,6.682405096870649e-05
198,6,1-7,adjust,0.000900275922948559,1.5873343665945557e-06,7.228601053884191e-05
198,9,1-8,adjust,-0.00020458418761933687,-5.6211142368085e-06,2.4208938746305556e-05
199,2,1-4,adjust,-0.0004656211538558322,1.2793054270385155e-05,5.570526885743662e-06
199,3,1-5,adjust,0.0001842992524088633,-2.1964696807337526e-06,1.3092394543467346e-05
199,6,1-5,adjust,-0.000900275922922502,-1.5873343664794795e-06,2.070329609561103e-05
199,7,1-4,adjust,-0.0,-0.0,8.264132685672715e-06
199,8,1-5,adjust,-0.0,-0.0,1.754021700001823e-05
199,9,1-5,adjust,0.00020458418761974415,5.621114236563831e-06,6.985884028995088e-05
200,2,1-7,adjust,0.0004656211538497826,-1.2793054269889426e-05,6.603927065263271e-06
200,3,1-7,adjust,-0.00018429925242943157,2.196469680832105e-06,1.886459916836455e-05
200,4,1-7,adjust,-0.0,-0.0,1.8479700572346714e-05
200,5,1-7,adjust,-0.0,-0.0,6.682405096870649e-05
200,6,1-7,adjust,0.0009002759229053776,1.5873343654082204e-06,7.228601053887395e-05
200,9,1-8,adjust,-0.00020458418761260208,-5.621114236031347e-06,2.4208938745920966e-05
201,2,1-4,adjust,-0.00046562115386052945,1.2793054270255164e-05,5.5705268866410445e-06
201,3,1-5,adjust,0.0001842992524088633,-2.1964696807337526e-06,1.3092394543467346e-05
201,6,1-5,adjust,-0.0009002759229294627,-1.5873343654185527e-06,2.070329609609177e-05
201,7,1-4,adjust,-0.0,-0.0,8.264132685672715e-06
201,8,1-5,adjust,-0.0,-0.0,1.754021700001823e-05
201,9,1-5,adjust,0.00020458418762480694,5.6211142366289235e-06,6.985884028908554e-05
202,2,1-7,adjust,0.00046562115386273656,-1.2793054270578397e-05,6.603927065904258e-06
202,3,1-7,adjust,-0.00018429925242943157,2.196469680832105e-06,1.886459916836455e-05
202,4,1-7,adjust,-0.0,-0.0,1.8479700572346714e-05
202,5,1-7,adjust,-0.0,-0.0,6.682405096870649e-05
202,6,1-7,adjust,0.000900275922948559,1.5873343665945557e-06,7.228601053884191e-05
202,9,1-8,adjust,-0.00020458418763415326,-5.621114236697481e-06,2.420893874656195e-05
203,2,1-4,adjust,-0.0004656211538558322,1.2793054270385155e-05,5.570526885743662e-06
203,3,1-5,adjust,0.0001842992524088633,-2.1964696807337526e-06,1.3092394543467346e-05
203,6,1-5,adjust,-0.000900275922922502,-1.5873343664794795e-06,2.070329609561103e-05
203,7,1-4,adjust,-0.0,-0.0,8.264132685672715e-06
203,8,1-5,adjust,-0.0,-0.0,1.754021700001823e-05
203,9,1-5,adjust,0.0002045841876121495,5.621114236577223e-06,6.98588402883484e-05
204,2,1-7,adjust,0.0004656211538497826,-1.2793054269889426e-05,6.603927065263271e-06
204,3,1-7,adjust,-0.00018429925242943157,2.196469680832105e-06,1.886459916836455e-05
204,4,1-7,adjust,-0.0,-0.0,1.8479700572346714e-05
204,5,1-7,adjust,-0.0,-0.0,6.682405096870649e-05
204,6,1-7,adjust,0.0009002759229053776,1.5873343654082204e-06,7.228601053887395e-05
204,9,1-8,adjust,-0.00020458418761933687,-5.6211142368085e-06,2.4208938746305556e-05
205,2,1-4,adjust,-0.00046562115386052945,1.2793054270255164e-05,5.5705268866410445e-06
205,3,1-5,adjust,0.0001842992524088633,-2.1964696807337526e-06,1.3092394543467346e-05
205,6,1-5,adjust,-0.0009002759229294627,-1.5873343654185527e-06,2.070329609609177e-05
205,7,1-4,adjust,-0.0,-0.0,8.264132685672715e-06
205,8,1-5,adjust,-0.0,-0.0,1.754021700001823e-05
205,9,1-5,adjust,0.00020458418761974415,5.621114236563831e-06,6.985884028995088e-05
206,2,1-7,adjust,0.00046562115386273656,-1.2793054270578397e-05,6.603927065904258e-06
206,3,1-7,adjust,-0.00018429925242943157,2.196469680832105e-06,1.886459916836455e-05
206,4,1-7,adjust,-0.0,-0.0,1.8479700572346714e-05
206,5,1-7,adjust,-0.0,-0.0,6.682405096870649e-05
206,6,1-7,adjust,0.000900275922948559,1.5873343665945557e-06,7.228601053884191e-05
206,9,1-8,adjust,-0.00020458418761260208,-5.621114236031347e-06,2.4208938745920966e-05
207,2,1-4,adjust,-0.0004656211538558322,1.2793054270385155e-05,5.570526885743662e-06
207,3,1-5,adjust,0.0001842992524088633,-2.1964696807337526e-06,1.3092394543467346e-05
207,6,1-5,adjust,-0.000900275922922502,-1.5873343664794795e-06,2.070329609561103e-05
207,7,1-4,adjust,-0.0,-0.0,8.264132685672715e-06
207,8,1-5,adjust,-0.0,-0.0,1.754021700001823e-05
207,9,1-5,adjust,0.00020458418762480694,5.6211142366289235e-06,6.985884028908554e-05
208,2,1-7,adjust,0.0004656211538497826,-1.2793054269889426e-05,6.603927065263271e-06
208,3,1-7,adjust,-0.00018429925242943157,2.196469680832105e-06,1.886459916836455e-05
208,4,1-7,adjust,-0.0,-0.0,1.8479700572346714e-05
208,5,1-7,adjust,-0.0,-0.0,6.682405096870649e-05
208,6,1-7,adjust,0.0009002759229053776,1.5873343654082204e-06,7.228601053887395e-05
208,9,1-8,adjust,-0.00020458418763415326,-5.621114236697481e-06,2.420893874656195e-05
209,2,1-4,adjust,-0.00046562115386052945,1.2793054270255164e-05,5.5705268866410445e-06
209,3,1-5,adjust,0.0001842992524088633,-2.1964696807337526e-06,1.3092394543467346e-05
209,6,1-5,adjust,-0.0009002759229294627,-1.5873343654185527e-06,2.070329609609177e-05
209,7,1-4,adjust,-0.0,-0.0,8.264132685672715e-06
209,8,1-5,adjust,-0.0,-0.0,1.754021700001823e-05
209,9,1-5,adjust,0.0002045841876121495,5.621114236577223e-06,6.98588402883484e-05
210,2,1-7,adjust,0.00046562115386273656,-1.2793054270578397e-05,6.603927065904258e-06
210,3,1-7,adjust,-0.00018429925242943157,2.196469680832105e-06,1.886459916836455e-05
210,4,1-7,adjust,-0.0,-0.0,1.8479700572346714e-05
210,5,1-7,adjust,-0.0,-0.0,6.682405096870649e-05
210,6,1-7,adjust,0.000900275922948559,1.5873343665945557e-06,7.228601053884191e-05
210,9,1-8,adjust,-0.00020458418761933687,-5.6211142368085e-06,2.4208938746305556e-05
211,2,1-4,adjust,-0.0004656211538558322,1.2793054270385155e-05,5.570526885743662e-06
211,3,1-5,adjust,0.0001842992524088633,-2.1964696807337526e-06,1.3092394543467346e-05
211,6,1-5,adjust,-0.000900275922922502,-1.5873343664794795e-06,2.070329609561103e-05
211,7,1-4,adjust,-0.0,-0.0,8.264132685672715e-06
211,8,1-5,adjust,-0.0,-0.0,1.754021700001823e-05
211,9,1-5,adjust,0.00020458418761974415,5.621114236563831e-06,6.985884028995088e-05
212,2,1-7,adjust,0.0004656211538497826,-1.2793054269889426e-05,6.603927065263271e-06
212,3,1-7,adjust,-0.00018429925242943157,2.196469680832105e-06,1.886459916836455e-05
212,4,1-7,adjust,-0.0,-0.0,1.8479700572346714e-05
212,5,1-7,adjust,-0.0,-0.0,6.682405096870649e-05
212,6,1-7,adjust,0.0009002759229053776,1.5873343654082204e-06,7.228601053887395e-05
212,9,1-8,adjust,-0.00020458418761260208,-5.621114236031347e-06,2.4208938745920966e-05
213,2,1-4,adjust,-0.00046562115386052945,1.2793054270255164e-05,5.5705268866410445e-06
213,3,1-5,adjust,0.0001842992524088633,-2.1964696807337526e-06,1.3092394543467346e-05
213,6,1-5,adjust,-0.0009002759229294627,-1.5873343654185527e-06,2.070329609609177e-05
213,7,1-4,adjust,-0.0,-0.0,8.264132685672715e-06
213,8,1-5,adjust,-0.0,-0.0,1.754021700001823e-05
213,9,1-5,adjust,0.00020458418762480694,5.6211142366289235e-06,6.985884028908554e-05
214,2,1-7,adjust,0.00046562115386273656,-1.2793054270578397e-05,6.603927065904258e-06
214,3,1-7,adjust,-0.00018429925242943157,2.196469680832105e-06,1.886459916836455e-05
214,4,1-7,adjust,-0.0,-0.0,1.8479700572346714e-05
214,5,1-7,adjust,-0.0,-0.0,6.682405096870649e-05
214,6,1-7,adjust,0.000900275922948559,1.5873343665945557e-06,7.228601053884191e-05
214,9,1-8,adjust,-0.00020458418763415326,-5.621114236697481e-06,2.420893874656195e-05
215,2,1-4,adjust,-0.0004656211538558322,1.2793054270385155e-05,5.570526885743662e-06
215,3,1-5,adjust,0.0001842992524088633,-2.1964696807337526e-06,1.3092394543467346e-05
215,6,1-5,adjust,-0.000900275922922502,-1.5873343664794795e-06,2.070329609561103e-05
215,7,1-4,adjust,-0.0,-0.0,8.264132685672715e-06
215,8,1-5,adjust,-0.0,-0.0,1.754021700001823e-05
215,9,1-5,adjust,0.0002045841876121495,5.621114236577223e-06,6.98588402883484e-05
216,2,1-7,adjust,0.0004656211538497826,-1.2793054269889426e-05,6.603927065263271e-06
216,3,1-7,adjust,-0.00018429925242943157,2.196469680832105e-06,1.886459916836455e-05
216,4,1-7,adjust,-0.0,-0.0,1.8479700572346714e-05
216,5,1-7,adjust,-0.0,-0.0,6.682405096870649e-05
216,6,1-7,adjust,0.0009002759229053776,1.5873343654082204e-06,7.228601053887395e-05
216,9,1-8,adjust,-0.00020458418761933687,-5.6211142368085e-06,2.4208938746305556e-05
217,2,1-4,adjust,-0.00046562115386052945,1.2793054270255164e-05,5.5705268866410445e-06
217,3,1-5,adjust,0.0001842992524088633,-2.1964696807337526e-06,1.3092394543467346e-05
217,6,1-5,adjust,-0.0009002759229294627,-1.5873343654185527e-06,2.070329609609177e-05
217,7,1-4,adjust,-0.0,-0.0,8.264132685672715e-06
217,8,1-5,adjust,-0.0,-0.0,1.754021700001823e-05
217,9,1-5,adjust,0.00020458418761974415,5.621114236563831e-06,6.985884028995088e-05
218,2,1-7,adjust,0.00046562115386273656,-1.2793054270578397e-05,6.603927065904258e-06
218,3,1-7,adjust,-0.00018429925242943157,2.196469680832105e-06,1.886459916836455e-05
218,4,1-7,adjust,-0.0,-0.0,1.8479700572346714e-05
218,5,1-7,adjust,-0.0,-0.0,6.682405096870649e-05
218,6,1-7,adjust,0.000900275922948559,1.5873343665945557e-06,7.228601053884191e-05
218,9,1-8,adjust,-0.00020458418761260208,-5.621114236031347e-06,2.4208938745920966e-05
219,2,1-4,adjust,-0.0004656211538558322,1.2793054270385155e-05,5.570526885743662e-06
219,3,1-5,adjust,0.0001842992524088633,-2.1964696807337526e-06,1.3092394543467346e-05
219,6,1-5,adjust,-0.000900275922922502,-1.5873343664794795e-06,2.070329609561103e-05
219,7,1-4,adjust,-0.0,-0.0,8.264132685672715e-06
219,8,1-5,adjust,-0.0,-0.0,1.754021700001823e-05
219,9,1-5,adjust,0.00020458418762480694,5.6211142366289235e-06,6.985884028908554e-05
220,2,1-7,adjust,0.0004656211538497826,-1.2793054269889426e-05,6.603927065263271e-06
220,3,1-7,adjust,-0.00018429925242943157,2.196469680832105e-06,1.886459916836455e-05
220,4,1-7,adjust,-0.0,-0.0,1.8479700572346714e-05
220,5,1-7,adjust,-0.0,-0.0,6.682405096870649e-05
220,6,1-7,adjust,0.0009002759229053776,1.5873343654082204e-06,7.228601053887395e-05
220,9,1-8,adjust,-0.00020458418763415326,-5.621114236697481e-06,2.420893874656195e-05
221,2,1-4,adjust,-0.00046562115386052945,1.2793054270255164e-05,5.5705268866410445e-06
221,3,1-5,adjust,0.0001842992524088633,-2.1964696807337526e-06,1.3092394543467346e-05
221,6,1-5,adjust,-0.0009002759229294627,-1.5873343654185527e-06,2.070329609609177e-05
221,7,1-4,adjust,-0.0,-0.0,8.264132685672715e-06
221,8,1-5,adjust,-0.0,-0.0,1.754021700001823e-05
221,9,1-5,adjust,0.0002045841876121495,5.621114236577223e-06,6.98588402883484e-05
222,2,1-7,adjust,0.00046562115386273656,-1.2793054270578397e-05,6.603927065904258e-06
222,3,1-7,adjust,-0.00018429925242943157,2.196469680832105e-06,1.886459916836455e-05
222,4,1-7,adjust,-0.0,-0.0,1.8479700572346714e-05
222,5,1-7,adjust,-0.0,-0.0,6.682405096870649e-05
222,6,1-7,adjust,0.000900275922948559,1.5873343665945557e-06,7.228601053884191e-05
222,9,1-8,adjust,-0.00020458418761933687,-5.6211142368085e-06,2.4208938746305556e-05
223,2,1-4,adjust,-0.0004656211538558322,1.2793054270385155e-05,5.570526885743662e-06
223,3,1-5,adjust,0.0001842992524088633,-2.1964696807337526e-06,1.3092394543467346e-05
223,6,1-5,adjust,-0.000900275922922502,-1.5873343664794795e-06,2.070329609561103e-05
223,7,1-4,adjust,-0.0,-0.0,8.264132685672715e-06
223,8,1-5,adjust,-0.0,-0.0,1.754021700001823e-05
223,9,1-5,adjust,0.00020458418761974415,5.621114236563831e-06,6.985884028995088e-05
224,2,1-7,adjust,0.0004656211538497826,-1.2793054269889426e-05,6.603927065263271e-06
224,3,1-7,adjust,-0.00018429925242943157,2.196469680832105e-06,1.886459916836455e-05
224,4,1-7,adjust,-0.0,-0.0,1.8479700572346714e-05
224,5,1-7,adjust,-0.0,-0.0,6.682405096870649e-05
224,6,1-7,adjust,0.0009002759229053776,1.5873343654082204e-06,7.228601053887395e-05
224,9,1-8,adjust,-0.00020458418761260208,-5.621114236031347e-06,2.4208938745920966e-05
225,2,1-4,adjust,-0.00046562115386052945,1.2793054270255164e-05,5.5705268866410445e-06
225,3,1-5,adjust,0.0001842992524088633,-2.1964696807337526e-06,1.3092394543467346e-05
225,6,1-5,adjust,-0.0009002759229294627,-1.5873343654185527e-06,2.070329609609177e-05
225,7,1-4,adjust,-0.0,-0.0,8.264132685672715e-06
225,8,1-5,adjust,-0.0,-0.0,1.754021700001823e-05
225,9,1-5,adjust,0.00020458418762480694,5.6211142366289235e-06,6.985884028908554e-05
226,2,1-7,adjust,0.00046562115386273656,-1.2793054270578397e-05,6.603927065904258e-06
226,3,1-7,adjust,-0.00018429925242943157,2.196469680832105e-06,1.886459916836455e-05
226,4,1-7,adjust,-0.0,-0.0,1.8479700572346714e-05
226,5,1-7,adjust,-0.0,-0.0,6.682405096870649e-05
226,6,1-7,adjust,0.000900275922948559,1.5873343665945557e-06,7.228601053884191e-05
226,9,1-8,adjust,-0.00020458418763415326,-5.621114236697481e-06,2.420893874656195e-05
227,2,1-4,adjust,-0.0004656211538558322,1.2793054270385155e-05,5.570526885743662e-06
227,3,1-5,adjust,0.0001842992524088633,-2.1964696807337526e-06,1.3092394543467346e-05
227,6,1-5,adjust,-0.000900275922922502,-1.5873343664794795e-06,2.070329609561103e-05
227,7,1-4,adjust,-0.0,-0.0,8.264132685672715e-06
227,8,1-5,adjust,-0.0,-0.0,1.754021700001823e-05
227,9,1-5,adjust,0.0002045841876121495,5.621114236577223e-06,6.98588402883484e-05
228,2,1-7,adjust,0.0004656211538497826,-1.2793054269889426e-05,6.603927065263271e-06
228,3,1-7,adjust,-0.00018429925242943157,2.196469680832105e-06,1.886459916836455e-05
228,4,1-7,adjust,-0.0,-0.0,1.8479700572346714e-05
228,5,1-7,adjust,-0.0,-0.0,6.682405096870649e-05
228,6,1-7,adjust,0.0009002759229053776,1.5873343654082204e-06,7.228601053887395e-05
228,9,1-8,adjust,-0.00020458418761933687,-5.6211142368085e-06,2.4208938746305556e-05
229,2,1-4,adjust,-0.00046562115386052945,1.2793054270255164e-05,5.5705268866410445e-06
229,3,1-5,adjust,0.0001842992524088633,-2.1964696807337526e-06,1.3092394543467346e-05
229,6,1-5,adjust,-0.0009002759229294627,-1.5873343654185527e-06,2.070329609609177e-05
229,7,1-4,adjust,-0.0,-0.0,8.264132685672715e-06
229,8,1-5,adjust,-0.0,-0.0,1.754021700001823e-05
229,9,1-5,adjust,0.00020458418761974415,5.621114236563831e-06,6.985884028995088e-05
230,2,1-7,adjust,0.00046562115386273656,-1.2793054270578397e-05,6.603927065904258e-06
230,3,1-7,adjust,-0.00018429925242943157,2.196469680832105e-06,1.886459916836455e-05
230,4,1-7,adjust,-0.0,-0.0,1.8479700572346714e-05
230,5,1-7,adjust,-0.0,-0.0,6.682405096870649e-05
230,6,1-7,adjust,0.000900275922948559,1.5873343665945557e-06,7.228601053884191e-05
230,9,1-8,adjust,-0.00020458418761260208,-5.621114236031347e-06,2.4208938745920966e-05
231,2,1-4,adjust,-0.0004656211538558322,1.2793054270385155e-05,5.570526885743662e-06
231,3,1-5,adjust,0.0001842992524088633,-2.1964696807337526e-06,1.3092394543467346e-05
231,6,1-5,adjust,-0.000900275922922502,-1.5873343664794795e-06,2.070329609561103e-05
231,7,1-4,adjust,-0.0,-0.0,8.264132685672715e-06
231,8,1-5,adjust,-0.0,-0.0,1.754021700001823e-05
231,9,1-5,adjust,0.00020458418762480694,5.6211142366289235e-06,6.985884028908554e-05
232,2,1-7,adjust,0.0004656211538497826,-1.2793054269889426e-05,6.603927065263271e-06
232,3,1-7,adjust,-0.00018429925242943157,2.196469680832105e-06,1.886459916836455e-05
232,4,1-7,adjust,-0.0,-0.0,1.8479700572346714e-05
232,5,1-7,adjust,-0.0,-0.0,6.682405096870649e-05
232,6,1-7,adjust,0.0009002759229053776,1.5873343654082204e-06,7.228601053887395e-05
232,9,1-8,adjust,-0.00020458418763415326,-5.621114236697481e-06,2.420893874656195e-05
233,2,1-4,adjust,-0.00046562115386052945,1.2793054270255164e-05,5.5705268866410445e-06
233,3,1-5,adjust,0.0001842992524088633,-2.1964696807337526e-06,1.3092394543467346e-05
233,6,1-5,adjust,-0.0009002759229294627,-1.5873343654185527e-06,2.070329609609177e-05
233,7,1-4,adjust,-0.0,-0.0,8.264132685672715e-06
233,8,1-5,adjust,-0.0,-0.0,1.754021700001823e-05
233,9,1-5,adjust,0.0002045841876121495,5.621114236577223e-06,6.98588402883484e-05
234,2,1-7,adjust,0.00046562115386273656,-1.2793054270578397e-05,6.603927065904258e-06
234,3,1-7,adjust,-0.00018429925242943157,2.196469680832105e-06,1.886459916836455e-05
234,4,1-7,adjust,-0.0,-0.0,1.8479700572346714e-05
234,5,1-7,adjust,-0.0,-0.0,6.682405096870649e-05
234,6,1-7,adjust,0.000900275922948559,1.5873343665945557e-06,7.228601053884191e-05
234,9,1-8,adjust,-0.00020458418761933687,-5.6211142368085e-06,2.4208938746305556e-05
235,2,1-4,adjust,-0.0004656211538558322,1.2793054270385155e-05,5.570526885743662e-06
235,3,1-5,adjust,0.0001842992524088633,-2.1964696807337526e-06,1.3092394543467346e-05
235,6,1-5,adjust,-0.000900275922922502,-1.5873343664794795e-06,2.070329609561103e-05
235,7,1-4,adjust,-0.0,-0.0,8.264132685672715e-06
235,8,1-5,adjust,-0.0,-0.0,1.754021700001823e-05
235,9,1-5,adjust,0.00020458418761974415,5.621114236563831e-06,6.985884028995088e-05
236,2,1-7,adjust,0.0004656211538497826,-1.2793054269889426e-05,6.603927065263271e-06
236,3,1-7,adjust,-0.00018429925242943157,2.196469680832105e-06,1.886459916836455e-05
236,4,1-7,adjust,-0.0,-0.0,1.8479700572346714e-05
236,5,1-7,adjust,-0.0,-0.0,6.682405096870649e-05
236,6,1-7,adjust,0.0009002759229053776,1.5873343654082204e-06,7.228601053887395e-05
236,9,1-8,adjust,-0.00020458418761260208,-5.621114236031347e-06,2.4208938745920966e-05
237,2,1-4,adjust,-0.00046562115386052945,1.2793054270255164e-05,5.5705268866410445e-06
237,3,1-5,adjust,0.0001842992524088633,-2.1964696807337526e-06,1.3092394543467346e-05
237,6,1-5,adjust,-0.0009002759229294627,-1.5873343654185527e-06,2.070329609609177e-05
237,7,1-4,adjust,-0.0,-0.0,8.264132685672715e-06
237,8,1-5,adjust,-0.0,-0.0,1.754021700001823e-05
237,9,1-5,adjust,0.00020458418762480694,5.6211142366289235e-06,6.985884028908554e-05
238,2,1-7,adjust,0.00046562115386273656,-1.2793054270578397e-05,6.603927065904258e-06
238,3,1-7,adjust,-0.00018429925242943157,2.196469680832105e-06,1.886459916836455e-05
238,4,1-7,adjust,-0.0,-0.0,1.8479700572346714e-05
238,5,1-7,adjust,-0.0,-0.0,6.682405096870649e-05
238,6,1-7,adjust,0.000900275922948559,1.5873343665945557e-06,7.228601053884191e-05
238,9,1-8,adjust,-0.00020458418763415326,-5.621114236697481e-06,2.420893874656195e-05
239,2,1-4,adjust,-0.0004656211538558322,1.2793054270385155e-05,5.570526885743662e-06
239,3,1-5,adjust,0.0001842992524088633,-2.1964696807337526e-06,1.3092394543467346e-05
239,6,1-5,adjust,-0.000900275922922502,-1.5873343664794795e-06,2.070329609561103e-05
239,7,1-4,adjust,-0.0,-0.0,8.264132685672715e-06
239,8,1-5,adjust,-0.0,-0.0,1.754021700001823e-05
239,9,1-5,adjust,0.0002045841876121495,5.621114236577223e-06,6.98588402883484e-05
240,2,1-7,adjust,0.0004656211538497826,-1.2793054269889426e-05,6.603927065263271e-06
240,3,1-7,adjust,-0.00018429925242943157,2.196469680832105e-06,1.886459916836455e-05
240,4,1-7,adjust,-0.0,-0.0,1.8479700572346714e-05
240,5,1-7,adjust,-0.0,-0.0,6.682405096870649e-05
240,6,1-7,adjust,0.0009002759229053776,1.5873343654082204e-06,7.228601053887395e-05
240,9,1-8,adjust,-0.00020458418761933687,-5.6211142368085e-06,2.4208938746305556e-05
241,2,1-4,adjust,-0.00046562115386052945,1.2793054270255164e-05,5.5705268866410445e-06
241,3,1-5,adjust,0.0001842992524088633,-2.1964696807337526e-06,1.3092394543467346e-05
241,6,1-5,adjust,-0.0009002759229294627,-1.5873343654185527e-06,2.070329609609177e-05
241,7,1-4,adjust,-0.0,-0.0,8.264132685672715e-06
241,8,1-5,adjust,-0.0,-0.0,1.754021700001823e-05
241,9,1-5,adjust,0.00020458418761974415,5.621114236563831e-06,6.985884028995088e-05
242,2,1-7,adjust,0.00046562115386273656,-1.2793054270578397e-05,6.603927065904258e-06
242,3,1-7,adjust,-0.00018429925242943157,2.196469680832105e-06,1.886459916836455e-05
242,4,1-7,adjust,-0.0,-0.0,1.8479700572346714e-05
242,5,1-7,adjust,-0.0,-0.0,6.682405096870649e-05
242,6,1-7,adjust,0.000900275922948559,1.5873343665945557e-06,7.228601053884191e-05
242,9,1-8,adjust,-0.00020458418761260208,-5.621114236031347e-06,2.4208938745920966e-05
243,2,1-4,adjust,-0.0004656211538558322,1.2793054270385155e-05,5.570526885743662e-06
243,3,1-5,adjust,0.0001842992524088633,-2.1964696807337526e-06,1.3092394543467346e-05
243,6,1-5,adjust,-0.000900275922922502,-1.5873343664794795e-06,2.070329609561103e-05
243,7,1-4,adjust,-0.0,-0.0,8.264132685672715e-06
243,8,1-5,adjust,-0.0,-0.0,1.754021700001823e-05
243,9,1-5,adjust,0.00020458418762480694,5.6211142366289235e-06,6.985884028908554e-05
244,2,1-7,adjust,0.0004656211538497826,-1.2793054269889426e-05,6.603927065263271e-06
244,3,1-7,adjust,-0.00018429925242943157,2.196469680832105e-06,1.886459916836455e-05
244,4,1-7,adjust,-0.0,-0.0,1.8479700572346714e-05
244,5,1-7,adjust,-0.0,-0.0,6.682405096870649e-05
244,6,1-7,adjust,0.0009002759229053776,1.5873343654082204e-06,7.228601053887395e-05
244,9,1-8,adjust,-0.00020458418763415326,-5.621114236697481e-06,2.420893874656195e-05
245,2,1-4,adjust,-0.00046562115386052945,1.2793054270255164e-05,5.5705268866410445e-06
245,3,1-5,adjust,0.0001842992524088633,-2.1964696807337526e-06,1.3092394543467346e-05
245,6,1-5,adjust,-0.0009002759229294627,-1.5873343654185527e-06,2.070329609609177e-05
245,7,1-4,adjust,-0.0,-0.0,8.264132685672715e-06
245,8,1-5,adjust,-0.0,-0.0,1.754021700001823e-05
245,9,1-5,adjust,0.0002045841876121495,5.621114236577223e-06,6.98588402883484e-05
246,2,1-7,adjust,0.00046562115386273656,-1.2793054270578397e-05,6.603927065904258e-06
246,3,1-7,adjust,-0.00018429925242943157,2.196469680832105e-06,1.886459916836455e-05
246,4,1-7,adjust,-0.0,-0.0,1.8479700572346714e-05
246,5,1-7,adjust,-0.0,-0.0,6.682405096870649e-05
246,6,1-7,adjust,0.000900275922948559,1.5873343665945557e-06,7.228601053884191e-05
246,9,1-8,adjust,-0.00020458418761933687,-5.6211142368085e-06,2.4208938746305556e-05
247,2,1-4,adjust,-0.0004656211538558322,1.2793054270385155e-05,5.570526885743662e-06
247,3,1-5,adjust,0.0001842992524088633,-2.1964696807337526e-06,1.3092394543467346e-05
247,6,1-5,adjust,-0.000900275922922502,-1.5873343664794795e-06,2.070329609561103e-05
247,7,1-4,adjust,-0.0,-0.0,8.264132685672715e-06
247,8,1-5,adjust,-0.0,-0.0,1.754021700001823e-05
247,9,1-5,adjust,0.00020458418761974415,5.621114236563831e-06,6.985884028995088e-05
248,2,1-7,adjust,0.0004656211538497826,-1.2793054269889426e-05,6.603927065263271e-06
248,3,1-7,adjust,-0.00018429925242943157,2.196469680832105e-06,1.886459916836455e-05
248,4,1-7,adjust,-0.0,-0.0,1.8479700572346714e-05
248,5,1-7,adjust,-0.0,-0.0,6.682405096870649e-05
248,6,1-7,adjust,0.0009002759229053776,1.5873343654082204e-06,7.228601053887395e-05
248,9,1-8,adjust,-0.00020458418761260208,-5.621114236031347e-06,2.4208938745920966e-05
249,2,1-4,adjust,-0.00046562115386052945,1.2793054270255164e-05,5.5705268866410445e-06
249,3,1-5,adjust,0.0001842992524088633,-2.1964696807337526e-06,1.3092394543467346e-05
249,6,1-5,adjust,-0.0009002759229294627,-1.5873343654185527e-06,2.070329609609177e-05
249,7,1-4,adjust,-0.0,-0.0,8.264132685672715e-06
249,8,1-5,adjust,-0.0,-0.0,1.754021700001823e-05
249,9,1-5,adjust,0.00020458418762480694,5.6211142366289235e-06,6.985884028908554e-05
250,2,1-7,adjust,0.00046562115386273656,-1.2793054270578397e-05,6.603927065904258e-06
250,3,1-7,adjust,-0.00018429925242943157,2.196469680832105e-06,1.886459916836455e-05
250,4,1-7,adjust,-0.0,-0.0,1.8479700572346714e-05
250,5,1-7,adjust,-0.0,-0.0,6.682405096870649e-05
250,6,1-7,adjust,0.000900275922948559,1.5873343665945557e-06,7.228601053884191e-05
250,9,1-8,adjust,-0.00020458418763415326,-5.621114236697481e-06,2.420893874656195e-05
251,2,1-4,adjust,-0.0004656211538558322,1.2793054270385155e-05,5.570526885743662e-06
251,3,1-5,adjust,0.0001842992524088633,-2.1964696807337526e-06,1.3092394543467346e-05
251,6,1-5,adjust,-0.000900275922922502,-1.5873343664794795e-06,2.070329609561103e-05
251,7,1-4,adjust,-0.0,-0.0,8.264132685672715e-06
251,8,1-5,adjust,-0.0,-0.0,1.754021700001823e-05
251,9,1-5,adjust,0.0002045841876121495,5.621114236577223e-06,6.98588402883484e-05
252,2,1-7,adjust,0.0004656211538497826,-1.2793054269889426e-05,6.603927065263271e-06
252,3,1-7,adjust,-0.00018429925242943157,2.196469680832105e-06,1.886459916836455e-05
252,4,1-7,adjust,-0.0,-0.0,1.8479700572346714e-05
252,5,1-7,adjust,-0.0,-0.0,6.682405096870649e-05
252,6,1-7,adjust,0.0009002759229053776,1.5873343654082204e-06,7.228601053887395e-05
252,9,1-8,adjust,-0.00020458418761933687,-5.6211142368085e-06,2.4208938746305556e-05
253,2,1-4,adjust,-0.00046562115386052945,1.2793054270255164e-05,5.5705268866410445e-06
253,3,1-5,adjust,0.0001842992524088633,-2.1964696807337526e-06,1.3092394543467346e-05
253,6,1-5,adjust,-0.0009002759229294627,-1.5873343654185527e-06,2.070329609609177e-05
253,7,1-4,adjust,-0.0,-0.0,8.264132685672715e-06
253,8,1-5,adjust,-0.0,-0.0,1.754021700001823e-05
253,9,1-5,adjust,0.00020458418761974415,5.621114236563831e-06,6.985884028995088e-05
254,2,1-7,adjust,0.00046562115386273656,-1.2793054270578397e-05,6.603927065904258e-06
254,3,1-7,adjust,-0.00018429925242943157,2.196469680832105e-06,1.886459916836455e-05
254,4,1-7,adjust,-0.0,-0.0,1.8479700572346714e-05
254,5,1-7,adjust,-0.0,-0.0,6.682405096870649e-05
254,6,1-7,adjust,0.000900275922948559,1.5873343665945557e-06,7.228601053884191e-05
254,9,1-8,adjust,-0.00020458418761260208,-5.621114236031347e-06,2.4208938745920966e-05
255,2,1-4,adjust,-0.0004656211538558322,1.2793054270385155e-05,5.570526885743662e-06
255,3,1-5,adjust,0.0001842992524088633,-2.1964696807337526e-06,1.3092394543467346e-05
255,6,1-5,adjust,-0.000900275922922502,-1.5873343664794795e-06,2.070329609561103e-05
255,7,1-4,adjust,-0.0,-0.0,8.264132685672715e-06
255,8,1-5,adjust,-0.0,-0.0,1.754021700001823e-05
255,9,1-5,adjust,0.00020458418762480694,5.6211142366289235e-06,6.985884028908554e-05
256,2,1-7,adjust,0.0004656211538497826,-1.2793054269889426e-05,6.603927065263271e-06
256,3,1-7,adjust,-0.00018429925242943157,2.196469680832105e-06,1.886459916836455e-05
256,4,1-7,adjust,-0.0,-0.0,1.8479700572346714e-05
256,5,1-7,adjust,-0.0,-0.0,6.682405096870649e-05
256,6,1-7,adjust,0.0009002759229053776,1.5873343654082204e-06,7.228601053887395e-05
256,9,1-8,adjust,-0.00020458418763415326,-5.621114236697481e-06,2.420893874656195e-05
257,2,1-4,adjust,-0.00046562115386052945,1.2793054270255164e-05,5.5705268866410445e-06
257,3,1-5,adjust,0.0001842992524088633,-2.1964696807337526e-06,1.3092394543467346e-05
257,6,1-5,adjust,-0.0009002759229294627,-1.5873343654185527e-06,2.070329609609177e-05
257,7,1-4,adjust,-0.0,-0.0,8.264132685672715e-06
257,8,1-5,adjust,-0.0,-0.0,1.754021700001823e-05
257,9,1-5,adjust,0.0002045841876121495,5.621114236577223e-06,6.98588402883484e-05
258,2,1-7,adjust,0.00046562115386273656,-1.2793054270578397e-05,6.603927065904258e-06
258,3,1-7,adjust,-0.00018429925242943157,2.196469680832105e-06,1.886459916836455e-05
258,4,1-7,adjust,-0.0,-0.0,1.8479700572346714e-05
258,5,1-7,adjust,-0.0,-0.0,6.682405096870649e-05
258,6,1-7,adjust,0.000900275922948559,1.5873343665945557e-06,7.228601053884191e-05
258,9,1-8,adjust,-0.00020458418761933687,-5.6211142368085e-06,2.4208938746305556e-05
259,2,1-4,adjust,-0.0004656211538558322,1.2793054270385155e-05,5.570526885743662e-06
259,3,1-5,adjust,0.0001842992524088633,-2.1964696807337526e-06,1.3092394543467346e-05
259,6,1-5,adjust,-0.000900275922922502,-1.5873343664794795e-06,2.070329609561103e-05
259,7,1-4,adjust,-0.0,-0.0,8.264132685672715e-06
259,8,1-5,adjust,-0.0,-0.0,1.754021700001823e-05
259,9,1-5,adjust,0.00020458418761974415,5.621114236563831e-06,6.985884028995088e-05
260,2,1-7,adjust,0.0004656211538497826,-1.2793054269889426e-05,6.603927065263271e-06
260,3,1-7,adjust,-0.00018429925242943157,2.196469680832105e-06,1.886459916836455e-05
260,4,1-7,adjust,-0.0,-0.0,1.8479700572346714e-05
260,5,1-7,adjust,-0.0,-0.0,6.682405096870649e-05
260,6,1-7,adjust,0.0009002759229053776,1.5873343654082204e-06,7.228601053887395e-05
260,9,1-8,adjust,-0.00020458418761260208,-5.621114236031347e-06,2.4208938745920966e-05
261,2,1-4,adjust,-0.00046562115386052945,1.2793054270255164e-05,5.5705268866410445e-06
261,3,1-5,adjust,0.0001842992524088633,-2.1964696807337526e-06,1.3092394543467346e-05
261,6,1-5,adjust,-0.0009002759229294627,-1.5873343654185527e-06,2.070329609609177e-05
261,7,1-4,adjust,-0.0,-0.0,8.264132685672715e-06
261,8,1-5,adjust,-0.0,-0.0,1.754021700001823e-05
261,9,1-5,adjust,0.00020458418762480694,5.6211142366289235e-06,6.985884028908554e-05
262,2,1-7,adjust,0.00046562115386273656,-1.2793054270578397e-05,6.603927065904258e-06
262,3,1-7,adjust,-0.00018429925242943157,2.196469680832105e-06,1.886459916836455e-05
262,4,1-7,adjust,-0.0,-0.0,1.8479700572346714e-05
262,5,1-7,adjust,-0.0,-0.0,6.682405096870649e-05
262,6,1-7,adjust,0.000900275922948559,1.5873343665945557e-06,7.228601053884191e-05
262,9,1-8,adjust,-0.00020458418763415326,-5.621114236697481e-06,2.420893874656195e-05
263,2,1-4,adjust,-0.0004656211538558322,1.2793054270385155e-05,5.570526885743662e-06
263,3,1-5,adjust,0.0001842992524088633,-2.1964696807337526e-06,1.3092394543467346e-05
263,6,1-5,adjust,-0.000900275922922502,-1.5873343664794795e-06,2.070329609561103e-05
263,7,1-4,adjust,-0.0,-0.0,8.264132685672715e-06
263,8,1-5,adjust,-0.0,-0.0,1.754021700001823e-05
263,9,1-5,adjust,0.0002045841876121495,5.621114236577223e-06,6.98588402883484e-05
264,2,1-7,adjust,0.0004656211538497826,-1.2793054269889426e-05,6.603927065263271e-06
264,3,1-7,adjust,-0.00018429925242943157,2.196469680832105e-06,1.886459916836455e-05
264,4,1-7,adjust,-0.0,-0.0,1.8479700572346714e-05
264,5,1-7,adjust,-0.0,-0.0,6.682405096870649e-05
264,6,1-7,adjust,0.0009002759229053776,1.5873343654082204e-06,7.228601053887395e-05
264,9,1-8,adjust,-0.00020458418761933687,-5.6211142368085e-06,2.4208938746305556e-05
265,2,1-4,adjust,-0.00046562115386052945,1.2793054270255164e-05,5.5705268866410445e-06
265,3,1-5,adjust,0.0001842992524088633,-2.1964696807337526e-06,1.3092394543467346e-05
265,6,1-5,adjust,-0.0009002759229294627,-1.5873343654185527e-06,2.070329609609177e-05
265,7,1-4,adjust,-0.0,-0.0,8.264132685672715e-06
265,8,1-5,adjust,-0.0,-0.0,1.754021700001823e-05
265,9,1-5,adjust,0.00020458418761974415,5.621114236563831e-06,6.985884028995088e-05
266,2,1-7,adjust,0.00046562115386273656,-1.2793054270578397e-05,6.603927065904258e-06
266,3,1-7,adjust,-0.00018429925242943157,2.196469680832105e-06,1.886459916836455e-05
266,4,1-7,adjust,-0.0,-0.0,1.8479700572346714e-05
266,5,1-7,adjust,-0.0,-0.0,6.682405096870649e-05
266,6,1-7,adjust,0.000900275922948559,1.5873343665945557e-06,7.228601053884191e-05
266,9,1-8,adjust,-0.00020458418761260208,-5.621114236031347e-06,2.4208938745920966e-05
267,2,1-4,adjust,-0.0004656211538558322,1.2793054270385155e-05,5.570526885743662e-06
267,3,1-5,adjust,0.0001842992524088633,-2.1964696807337526e-06,1.3092394543467346e-05
267,6,1-5,adjust,-0.000900275922922502,-1.5873343664794795e-06,2.070329609561103e-05
267,7,1-4,adjust,-0.0,-0.0,8.264132685672715e-06
267,8,1-5,adjust,-0.0,-0.0,1.754021700001823e-05
267,9,1-5,adjust,0.00020458418762480694,5.6211142366289235e-06,6.985884028908554e-05
268,2,1-7,adjust,0.0004656211538497826,-1.2793054269889426e-05,6.603927065263271e-06
268,3,1-7,adjust,-0.00018429925242943157,2.196469680832105e-06,1.886459916836455e-05
268,4,1-7,adjust,-0.0,-0.0,1.8479700572346714e-05
268,5,1-7,adjust,-0.0,-0.0,6.682405096870649e-05
268,6,1-7,adjust,0.0009002759229053776,1.5873343654082204e-06,7.228601053887395e-05
268,9,1-8,adjust,-0.00020458418763415326,-5.621114236697481e-06,2.420893874656195e-05
269,2,1-4,adjust,-0.00046562115386052945,1.2793054270255164e-05,5.5705268866410445e-06
269,3,1-5,adjust,0.0001842992524088633,-2.1964696807337526e-06,1.3092394543467346e-05
269,6,1-5,adjust,-0.0009002759229294627,-1.5873343654185527e-06,2.070329609609177e-05
269,7,1-4,adjust,-0.0,-0.0,8.264132685672715e-06
269,8,1-5,adjust,-0.0,-0.0,1.754021700001823e-05
269,9,1-5,adjust,0.0002045841876121495,5.621114236577223e-06,6.98588402883484e-05
270,2,1-7,adjust,0.00046562115386273656,-1.2793054270578397e-05,6.603927065904258e-06
270,3,1-7,adjust,-0.00018429925242943157,2.196469680832105e-06,1.886459916836455e-05
270,4,1-7,adjust,-0.0,-0.0,1.8479700572346714e-05
270,5,1-7,adjust,-0.0,-0.0,6.682405096870649e-05
270,6,1-7,adjust,0.000900275922948559,1.5873343665945557e-06,7.228601053884191e-05
270,9,1-8,adjust,-0.00020458418761933687,-5.6211142368085e-06,2.4208938746305556e-05
271,2,1-4,adjust,-0.0004656211538558322,1.2793054270385155e-05,5.570526885743662e-06
271,3,1-5,adjust,0.0001842992524088633,-2.1964696807337526e-06,1.3092394543467346e-05
271,6,1-5,adjust,-0.000900275922922502,-1.5873343664794795e-06,2.070329609561103e-05
271,7,1-4,adjust,-0.0,-0.0,8.264132685672715e-06
271,8,1-5,adjust,-0.0,-0.0,1.754021700001823e-05
271,9,1-5,adjust,0.00020458418761974415,5.621114236563831e-06,6.985884028995088e-05
272,2,1-7,adjust,0.0004656211538497826,-1.2793054269889426e-05,6.603927065263271e-06
272,3,1-7,adjust,-0.00018429925242943157,2.196469680832105e-06,1.886459916836455e-05
272,4,1-7,adjust,-0.0,-0.0,1.8479700572346714e-05
272,5,1-7,adjust,-0.0,-0.0,6.682405096870649e-05
272,6,1-7,adjust,0.0009002759229053776,1.5873343654082204e-06,7.228601053887395e-05
272,9,1-8,adjust,-0.00020458418761260208,-5.621114236031347e-06,2.4208938745920966e-05
273,2,1-4,adjust,-0.00046562115386052945,1.2793054270255164e-05,5.5705268866410445e-06
273,3,1-5,adjust,0.0001842992524088633,-2.1964696807337526e-06,1.3092394543467346e-05
273,6,1-5,adjust,-0.0009002759229294627,-1.5873343654185527e-06,2.070329609609177e-05
273,7,1-4,adjust,-0.0,-0.0,8.264132685672715e-06
273,8,1-5,adjust,-0.0,-0.0,1.754021700001823e-05
273,9,1-5,adjust,0.00020458418762480694,5.6211142366289235e-06,6.985884028908554e-05
274,2,1-7,adjust,0.00046562115386273656,-1.2793054270578397e-05,6.603927065904258e-06
274,3,1-7,adjust,-0.00018429925242943157,2.196469680832105e-06,1.886459916836455e-05
274,4,1-7,adjust,-0.0,-0.0,1.8479700572346714e-05
274,5,1-7,adjust,-0.0,-0.0,6.682405096870649e-05
274,6,1-7,adjust,0.000900275922948559,1.5873343665945557e-06,7.228601053884191e-05
274,9,1-8,adjust,-0.00020458418763415326,-5.621114236697481e-06,2.420893874656195e-05
275,2,1-4,adjust,-0.0004656211538558322,1.2793054270385155e-05,5.570526885743662e-06
275,3,1-5,adjust,0.0001842992524088633,-2.1964696807337526e-06,1.3092394543467346e-05
275,6,1-5,adjust,-0.000900275922922502,-1.5873343664794795e-06,2.070329609561103e-05
275,7,1-4,adjust,-0.0,-0.0,8.264132685672715e-06
275,8,1-5,adjust,-0.0,-0.0,1.754021700001823e-05
275,9,1-5,adjust,0.0002045841876121495,5.621114236577223e-06,6.98588402883484e-05
276,2,1-7,adjust,0.0004656211538497826,-1.2793054269889426e-05,6.603927065263271e-06
276,3,1-7,adjust,-0.00018429925242943157,2.196469680832105e-06,1.886459916836455e-05
276,4,1-7,adjust,-0.0,-0.0,1.8479700572346714e-05
276,5,1-7,adjust,-0.0,-0.0,6.682405096870649e-05
276,6,1-7,adjust,0.0009002759229053776,1.5873343654082204e-06,7.228601053887395e-05
276,9,1-8,adjust,-0.00020458418761933687,-5.6211142368085e-06,2.4208938746305556e-05
277,2,1-4,adjust,-0.00046562115386052945,1.2793054270255164e-05,5.5705268866410445e-06
277,3,1-5,adjust,0.0001842992524088633,-2.1964696807337526e-06,1.3092394543467346e-05
277,6,1-5,adjust,-0.0009002759229294627,-1.5873343654185527e-06,2.070329609609177e-05
277,7,1-4,adjust,-0.0,-0.0,8.264132685672715e-06
277,8,1-5,adjust,-0.0,-0.0,1.754021700001823e-05
277,9,1-5,adjust,0.00020458418761974415,5.621114236563831e-06,6.985884028995088e-05
278,2,1-7,adjust,0.00046562115386273656,-1.2793054270578397e-05,6.603927065904258e-06
278,3,1-7,adjust,-0.00018429925242943157,2.196469680832105e-06,1.886459916836455e-05
278,4,1-7,adjust,-0.0,-0.0,1.8479700572346714e-05
278,5,1-7,adjust,-0.0,-0.0,6.682405096870649e-05
278,6,1-7,adjust,0.000900275922948559,1.5873343665945557e-06,7.228601053884191e-05
278,9,1-8,adjust,-0.00020458418761260208,-5.621114236031347e-06,2.4208938745920966e-05
279,2,1-4,adjust,-0.0004656211538558322,1.2793054270385155e-05,5.570526885743662e-06
279,3,1-5,adjust,0.0001842992524088633,-2.1964696807337526e-06,1.3092394543467346e-05
279,6,1-5,adjust,-0.000900275922922502,-1.5873343664794795e-06,2.070329609561103e-05
279,7,1-4,adjust,-0.0,-0.0,8.264132685672715e-06
279,8,1-5,adjust,-0.0,-0.0,1.754021700001823e-05
279,9,1-5,adjust,0.00020458418762480694,5.6211142366289235e-06,6.985884028908554e-05
280,2,1-7,adjust,0.0004656211538497826,-1.2793054269889426e-05,6.603927065263271e-06
280,3,1-7,adjust,-0.00018429925242943157,2.196469680832105e-06,1.886459916836455e-05
280,4,1-7,adjust,-0.0,-0.0,1.8479700572346714e-05
280,5,1-7,adjust,-0.0,-0.0,6.682405096870649e-05
280,6,1-7,adjust,0.0009002759229053776,1.5873343654082204e-06,7.228601053887395e-05
280,9,1-8,adjust,-0.00020458418763415326,-5.621114236697481e-06,2.420893874656195e-05
281,2,1-4,adjust,-0.00046562115386052945,1.2793054270255164e-05,5.5705268866410445e-06
281,3,1-5,adjust,0.0001842992524088633,-2.1964696807337526e-06,1.3092394543467346e-05
281,6,1-5,adjust,-0.0009002759229294627,-1.5873343654185527e-06,2.070329609609177e-05
281,7,1-4,adjust,-0.0,-0.0,8.264132685672715e-06
281,8,1-5,adjust,-0.0,-0.0,1.754021700001823e-05
281,9,1-5,adjust,0.0002045841876121495,5.621114236577223e-06,6.98588402883484e-05
282,2,1-7,adjust,0.00046562115386273656,-1.2793054270578397e-05,6.603927065904258e-06
282,3,1-7,adjust,-0.00018429925242943157,2.196469680832105e-06,1.886459916836455e-05
282,4,1-7,adjust,-0.0,-0.0,1.8479700572346714e-05
282,5,1-7,adjust,-0.0,-0.0,6.682405096870649e-05
282,6,1-7,adjust,0.000900275922948559,1.5873343665945557e-06,7.228601053884191e-05
282,9,1-8,adjust,-0.00020458418761933687,-5.6211142368085e-06,2.4208938746305556e-05
283,2,1-4,adjust,-0.0004656211538558322,1.2793054270385155e-05,5.570526885743662e-06
283,3,1-5,adjust,0.0001842992524088633,-2.1964696807337526e-06,1.3092394543467346e-05
283,6,1-5,adjust,-0.000900275922922502,-1.5873343664794795e-06,2.070329609561103e-05
283,7,1-4,adjust,-0.0,-0.0,8.264132685672715e-06
283,8,1-5,adjust,-0.0,-0.0,1.754021700001823e-05
283,9,1-5,adjust,0.00020458418761974415,5.621114236563831e-06,6.985884028995088e-05
284,2,1-7,adjust,0.0004656211538497826,-1.2793054269889426e-05,6.603927065263271e-06
284,3,1-7,adjust,-0.00018429925242943157,2.196469680832105e-06,1.886459916836455e-05
284,4,1-7,adjust,-0.0,-0.0,1.8479700572346714e-05
284,5,1-7,adjust,-0.0,-0.0,6.682405096870649e-05
284,6,1-7,adjust,0.0009002759229053776,1.5873343654082204e-06,7.228601053887395e-05
284,9,1-8,adjust,-0.00020458418761260208,-5.621114236031347e-06,2.4208938745920966e-05
285,2,1-4,adjust,-0.00046562115386052945,1.2793054270255164e-05,5.5705268866410445e-06
285,3,1-5,adjust,0.0001842992524088633,-2.1964696807337526e-06,1.3092394543467346e-05
285,6,1-5,adjust,-0.0009002759229294627,-1.5873343654185527e-06,2.070329609609177e-05
285,7,1-4,adjust,-0.0,-0.0,8.264132685672715e-06
285,8,1-5,adjust,-0.0,-0.0,1.754021700001823e-05
285,9,1-5,adjust,0.00020458418762480694,5.6211142366289235e-06,6.985884028908554e-05
286,2,1-7,adjust,0.00046562115386273656,-1.2793054270578397e-05,6.603927065904258e-06
286,3,1-7,adjust,-0.00018429925242943157,2.196469680832105e-06,1.886459916836455e-05
286,4,1-7,adjust,-0.0,-0.0,1.8479700572346714e-05
286,5,1-7,adjust,-0.0,-0.0,6.682405096870649e-05
286,6,1-7,adjust,0.000900275922948559,1.5873343665945557e-06,7.228601053884191e-05
286,9,1-8,adjust,-0.00020458418763415326,-5.621114236697481e-06,2.420893874656195e-05
287,2,1-4,adjust,-0.0004656211538558322,1.2793054270385155e-05,5.570526885743662e-06
287,3,1-5,adjust,0.0001842992524088633,-2.1964696807337526e-06,1.3092394543467346e-05
287,6,1-5,adjust,-0.000900275922922502,-1.5873343664794795e-06,2.070329609561103e-05
287,7,1-4,adjust,-0.0,-0.0,8.264132685672715e-06
287,8,1-5,adjust,-0.0,-0.0,1.754021700001823e-05
287,9,1-5,adjust,0.0002045841876121495,5.621114236577223e-06,6.98588402883484e-05
288,2,1-7,adjust,0.0004656211538497826,-1.2793054269889426e-05,6.603927065263271e-06
288,3,1-7,adjust,-0.00018429925242943157,2.196469680832105e-06,1.886459916836455e-05
288,4,1-7,adjust,-0.0,-0.0,1.8479700572346714e-05
288,5,1-7,adjust,-0.0,-0.0,6.682405096870649e-05
288,6,1-7,adjust,0.0009002759229053776,1.5873343654082204e-06,7.228601053887395e-05
288,9,1-8,adjust,-0.00020458418761933687,-5.6211142368085e-06,2.4208938746305556e-05
289,2,1-4,adjust,-0.00046562115386052945,1.2793054270255164e-05,5.5705268866410445e-06
289,3,1-5,adjust,0.0001842992524088633,-2.1964696807337526e-06,1.3092394543467346e-05
289,6,1-5,adjust,-0.0009002759229294627,-1.5873343654185527e-06,2.070329609609177e-05
289,7,1-4,adjust,-0.0,-0.0,8.264132685672715e-06
289,8,1-5,adjust,-0.0,-0.0,1.754021700001823e-05
289,9,1-5,adjust,0.00020458418761974415,5.621114236563831e-06,6.985884028995088e-05
290,2,1-7,adjust,0.00046562115386273656,-1.2793054270578397e-05,6.603927065904258e-06
290,3,1-7,adjust,-0.00018429925242943157,2.196469680832105e-06,1.886459916836455e-05
290,4,1-7,adjust,-0.0,-0.0,1.8479700572346714e-05
290,5,1-7,adjust,-0.0,-0.0,6.682405096870649e-05
290,6,1-7,adjust,0.000900275922948559,1.5873343665945557e-06,7.228601053884191e-05
290,9,1-8,adjust,-0.00020458418761260208,-5.621114236031347e-06,2.4208938745920966e-05
291,2,1-4,adjust,-0.0004656211538558322,1.2793054270385155e-05,5.570526885743662e-06
291,3,1-5,adjust,0.0001842992524088633,-2.1964696807337526e-06,1.3092394543467346e-05
291,6,1-5,adjust,-0.000900275922922502,-1.5873343664794795e-06,2.070329609561103e-05
291,7,1-4,adjust,-0.0,-0.0,8.264132685672715e-06
291,8,1-5,adjust,-0.0,-0.0,1.754021700001823e-05
291,9,1-5,adjust,0.00020458418762480694,5.6211142366289235e-06,6.985884028908554e-05
292,2,1-7,adjust,0.0004656211538497826,-1.2793054269889426e-05,6.603927065263271e-06
292,3,1-7,adjust,-0.00018429925242943157,2.196469680832105e-06,1.886459916836455e-05
292,4,1-7,adjust,-0.0,-0.0,1.8479700572346714e-05
292,5,1-7,adjust,-0.0,-0.0,6.682405096870649e-05
292,6,1-7,adjust,0.0009002759229053776,1.5873343654082204e-06,7.228601053887395e-05
292,9,1-8,adjust,-0.00020458418763415326,-5.621114236697481e-06,2.420893874656195e-05
293,2,1-4,adjust,-0.00046562115386052945,1.2793054270255164e-05,5.5705268866410445e-06
293,3,1-5,adjust,0.0001842992524088633,-2.1964696807337526e-06,1.3092394543467346e-05
293,6,1-5,adjust,-0.0009002759229294627,-1.5873343654185527e-06,2.070329609609177e-05
293,7,1-4,adjust,-0.0,-0.0,8.264132685672715e-06
293,8,1-5,adjust,-0.0,-0.0,1.754021700001823e-05
293,9,1-5,adjust,0.0002045841876121495,5.621114236577223e-06,6.98588402883484e-05
294,2,1-7,adjust,0.00046562115386273656,-1.2793054270578397e-05,6.603927065904258e-06
294,3,1-7,adjust,-0.00018429925242943157,2.196469680832105e-06,1.886459916836455e-05
294,4,1-7,adjust,-0.0,-0.0,1.8479700572346714e-05
294,5,1-7,adjust,-0.0,-0.0,6.682405096870649e-05
294,6,1-7,adjust,0.000900275922948559,1.5873343665945557e-06,7.228601053884191e-05
294,9,1-8,adjust,-0.00020458418761933687,-5.6211142368085e-06,2.4208938746305556e-05
295,2,1-4,adjust,-0.0004656211538558322,1.2793054270385155e-05,5.570526885743662e-06
295,3,1-5,adjust,0.0001842992524088633,-2.1964696807337526e-06,1.3092394543467346e-05
295,6,1-5,adjust,-0.000900275922922502,-1.5873343664794795e-06,2.070329609561103e-05
295,7,1-4,adjust,-0.0,-0.0,8.264132685672715e-06
295,8,1-5,adjust,-0.0,-0.0,1.754021700001823e-05
295,9,1-5,adjust,0.00020458418761974415,5.621114236563831e-06,6.985884028995088e-05
296,2,1-7,adjust,0.0004656211538497826,-1.2793054269889426e-05,6.603927065263271e-06
296,3,1-7,adjust,-0.00018429925242943157,2.196469680832105e-06,1.886459916836455e-05
296,4,1-7,adjust,-0.0,-0.0,1.8479700572346714e-05
296,5,1-7,adjust,-0.0,-0.0,6.682405096870649e-05
296,6,1-7,adjust,0.0009002759229053776,1.5873343654082204e-06,7.228601053887395e-05
296,9,1-8,adjust,-0.00020458418761260208,-5.621114236031347e-06,2.4208938745920966e-05
297,2,1-4,adjust,-0.00046562115386052945,1.2793054270255164e-05,5.5705268866410445e-06
297,3,1-5,adjust,0.0001842992524088633,-2.1964696807337526e-06,1.3092394543467346e-05
297,6,1-5,adjust,-0.0009002759229294627,-1.5873343654185527e-06,2.070329609609177e-05
297,7,1-4,adjust,-0.0,-0.0,8.264132685672715e-06
297,8,1-5,adjust,-0.0,-0.0,1.754021700001823e-05
297,9,1-5,adjust,0.00020458418762480694,5.6211142366289235e-06,6.985884028908554e-05
298,2,1-7,adjust,0.00046562115386273656,-1.2793054270578397e-05,6.603927065904258e-06
298,3,1-7,adjust,-0.00018429925242943157,2.196469680832105e-06,1.886459916836455e-05
298,4,1-7,adjust,-0.0,-0.0,1.8479700572346714e-05
298,5,1-7,adjust,-0.0,-0.0,6.682405096870649e-05
298,6,1-7,adjust,0.000900275922948559,1.5873343665945557e-06,7.228601053884191e-05
298,9,1-8,adjust,-0.00020458418763415326,-5.621114236697481e-06,2.420893874656195e-05
299,2,1-4,adjust,-0.0004656211538558322,1.2793054270385155e-05,5.570526885743662e-06
299,3,1-5,adjust,0.0001842992524088633,-2.1964696807337526e-06,1.3092394543467346e-05
299,6,1-5,adjust,-0.000900275922922502,-1.5873343664794795e-06,2.070329609561103e-05
299,7,1-4,adjust,-0.0,-0.0,8.264132685672715e-06
299,8,1-5,adjust,-0.0,-0.0,1.754021700001823e-05
299,9,1-5,adjust,0.0002045841876121495,5.621114236577223e-06,6.98588402883484e-05
300,2,1-7,adjust,0.0004656211538497826,-1.2793054269889426e-05,6.603927065263271e-06
300,3,1-7,adjust,-0.00018429925242943157,2.196469680832105e-06,1.886459916836455e-05
300,4,1-7,adjust,-0.0,-0.0,1.8479700572346714e-05
300,5,1-7,adjust,-0.0,-0.0,6.682405096870649e-05
300,6,1-7,adjust,0.0009002759229053776,1.5873343654082204e-06,7.228601053887395e-05
300,9,1-8,adjust,-0.00020458418761933687,-5.6211142368085e-06,2.4208938746305556e-05
301,2,1-4,adjust,-0.00046562115386052945,1.2793054270255164e-05,5.5705268866410445e-06
301,3,1-5,adjust,0.0001842992524088633,-2.1964696807337526e-06,1.3092394543467346e-05
301,6,1-5,adjust,-0.0009002759229294627,-1.5873343654185527e-06,2.070329609609177e-05
301,7,1-4,adjust,-0.0,-0.0,8.264132685672715e-06
301,8,1-5,adjust,-0.0,-0.0,1.754021700001823e-05
301,9,1-5,adjust,0.00020458418761974415,5.621114236563831e-06,6.985884028995088e-05
302,2,1-7,adjust,0.00046562115386273656,-1.2793054270578397e-05,6.603927065904258e-06
302,3,1-7,adjust,-0.00018429925242943157,2.196469680832105e-06,1.886459916836455e-05
302,4,1-7,adjust,-0.0,-0.0,1.8479700572346714e-05
302,5,1-7,adjust,-0.0,-0.0,6.682405096870649e-05
302,6,1-7,adjust,0.000900275922948559,1.5873343665945557e-06,7.228601053884191e-05
302,9,1-8,adjust,-0.00020458418761260208,-5.621114236031347e-06,2.4208938745920966e-05
303,2,1-4,adjust,-0.0004656211538558322,1.2793054270385155e-05,5.570526885743662e-06
303,3,1-5,adjust,0.0001842992524088633,-2.1964696807337526e-06,1.3092394543467346e-05
303,6,1-5,adjust,-0.000900275922922502,-1.5873343664794795e-06,2.070329609561103e-05
303,7,1-4,adjust,-0.0,-0.0,8.264132685672715e-06
303,8,1-5,adjust,-0.0,-0.0,1.754021700001823e-05
303,9,1-5,adjust,0.00020458418762480694,5.6211142366289235e-06,6.985884028908554e-05
304,2,1-7,adjust,0.0004656211538497826,-1.2793054269889426e-05,6.603927065263271e-06
304,3,1-7,adjust,-0.00018429925242943157,2.196469680832105e-06,1.886459916836455e-05
304,4,1-7,adjust,-0.0,-0.0,1.8479700572346714e-05
304,5,1-7,adjust,-0.0,-0.0,6.682405096870649e-05
304,6,1-7,adjust,0.0009002759229053776,1.5873343654082204e-06,7.228601053887395e-05
304,9,1-8,adjust,-0.00020458418763415326,-5.621114236697481e-06,2.420893874656195e-05
305,2,1-4,adjust,-0.00046562115386052945,1.2793054270255164e-05,5.5705268866410445e-06
305,3,1-5,adjust,0.0001842992524088633,-2.1964696807337526e-06,1.3092394543467346e-05
305,6,1-5,adjust,-0.0009002759229294627,-1.5873343654185527e-06,2.070329609609177e-05
305,7,1-4,adjust,-0.0,-0.0,8.264132685672715e-06
305,8,1-5,adjust,-0.0,-0.0,1.754021700001823e-05
305,9,1-5,adjust,0.0002045841876121495,5.621114236577223e-06,6.98588402883484e-05
306,2,1-7,adjust,0.00046562115386273656,-1.2793054270578397e-05,6.603927065904258e-06
306,3,1-7,adjust,-0.00018429925242943157,2.196469680832105e-06,1.886459916836455e-05
306,4,1-7,adjust,-0.0,-0.0,1.8479700572346714e-05
306,5,1-7,adjust,-0.0,-0.0,6.682405096870649e-05
306,6,1-7,adjust,0.000900275922948559,1.5873343665945557e-06,7.228601053884191e-05
306,9,1-8,adjust,-0.00020458418761933687,-5.6211142368085e-06,2.4208938746305556e-05
307,2,1-4,adjust,-0.0004656211538558322,1.2793054270385155e-05,5.570526885743662e-06
307,3,1-5,adjust,0.0001842992524088633,-2.1964696807337526e-06,1.3092394543467346e-05
307,6,1-5,adjust,-0.000900275922922502,-1.5873343664794795e-06,2.070329609561103e-05
307,7,1-4,adjust,-0.0,-0.0,8.264132685672715e-06
307,8,1-5,adjust,-0.0,-0.0,1.754021700001823e-05
307,9,1-5,adjust,0.00020458418761974415,5.621114236563831e-06,6.985884028995088e-05
308,2,1-7,adjust,0.0004656211538497826,-1.2793054269889426e-05,6.603927065263271e-06
308,3,1-7,adjust,-0.00018429925242943157,2.196469680832105e-06,1.886459916836455e-05
308,4,1-7,adjust,-0.0,-0.0,1.8479700572346714e-05
308,5,1-7,adjust,-0.0,-0.0,6.682405096870649e-05
308,6,1-7,adjust,0.0009002759229053776,1.5873343654082204e-06,7.228601053887395e-05
308,9,1-8,adjust,-0.00020458418761260208,-5.621114236031347e-06,2.4208938745920966e-05
309,2,1-4,adjust,-0.00046562115386052945,1.2793054270255164e-05,5.5705268866410445e-06
309,3,1-5,adjust,0.0001842992524088633,-2.1964696807337526e-06,1.3092394543467346e-05
309,6,1-5,adjust,-0.0009002759229294627,-1.5873343654185527e-06,2.070329609609177e-05
309,7,1-4,adjust,-0.0,-0.0,8.264132685672715e-06
309,8,1-5,adjust,-0.0,-0.0,1.754021700001823e-05
309,9,1-5,adjust,0.00020458418762480694,5.6211142366289235e-06,6.985884028908554e-05
310,2,1-7,adjust,0.00046562115386273656,-1.2793054270578397e-05,6.603927065904258e-06
310,3,1-7,adjust,-0.00018429925242943157,2.196469680832105e-06,1.886459916836455e-05
310,4,1-7,adjust,-0.0,-0.0,1.8479700572346714e-05
310,5,1-7,adjust,-0.0,-0.0,6.682405096870649e-05
310,6,1-7,adjust,0.000900275922948559,1.5873343665945557e-06,7.228601053884191e-05
310,9,1-8,adjust,-0.00020458418763415326,-5.621114236697481e-06,2.420893874656195e-05
311,2,1-4,adjust,-0.0004656211538558322,1.2793054270385155e-05,5.570526885743662e-06
311,3,1-5,adjust,0.0001842992524088633,-2.1964696807337526e-06,1.3092394543467346e-05
311,6,1-5,adjust,-0.000900275922922502,-1.5873343664794795e-06,2.070329609561103e-05
311,7,1-4,adjust,-0.0,-0.0,8.264132685672715e-06
311,8,1-5,adjust,-0.0,-0.0,1.754021700001823e-05
311,9,1-5,adjust,0.0002045841876121495,5.621114236577223e-06,6.98588402883484e-05
312,2,1-7,adjust,0.0004656211538497826,-1.2793054269889426e-05,6.603927065263271e-06
312,3,1-7,adjust,-0.00018429925242943157,2.196469680832105e-06,1.886459916836455e-05
312,4,1-7,adjust,-0.0,-0.0,1.8479700572346714e-05
312,5,1-7,adjust,-0.0,-0.0,6.682405096870649e-05
312,6,1-7,adjust,0.0009002759229053776,1.5873343654082204e-06,7.228601053887395e-05
312,9,1-8,adjust,-0.00020458418761933687,-5.6211142368085e-06,2.4208938746305556e-05
313,2,1-4,adjust,-0.00046562115386052945,1.2793054270255164e-05,5.5705268866410445e-06
313,3,1-5,adjust,0.0001842992524088633,-2.1964696807337526e-06,1.3092394543467346e-05
313,6,1-5,adjust,-0.0009002759229294627,-1.5873343654185527e-06,2.070329609609177e-05
313,7,1-4,adjust,-0.0,-0.0,8.264132685672715e-06
313,8,1-5,adjust,-0.0,-0.0,1.754021700001823e-05
313,9,1-5,adjust,0.00020458418761974415,5.621114236563831e-06,6.985884028995088e-05
314,2,1-7,adjust,0.00046562115386273656,-1.2793054270578397e-05,6.603927065904258e-06
314,3,1-7,adjust,-0.00018429925242943157,2.196469680832105e-06,1.886459916836455e-05
314,4,1-7,adjust,-0.0,-0.0,1.8479700572346714e-05
314,5,1-7,adjust,-0.0,-0.0,6.682405096870649e-05
314,6,1-7,adjust,0.000900275922948559,1.5873343665945557e-06,7.228601053884191e-05
314,9,1-8,adjust,-0.00020458418761260208,-5.621114236031347e-06,2.4208938745920966e-05
315,2,1-4,adjust,-0.0004656211538558322,1.2793054270385155e-05,5.570526885743662e-06
315,3,1-5,adjust,0.0001842992524088633,-2.1964696807337526e-06,1.3092394543467346e-05
315,6,1-5,adjust,-0.000900275922922502,-1.5873343664794795e-06,2.070329609561103e-05
315,7,1-4,adjust,-0.0,-0.0,8.264132685672715e-06
315,8,1-5,adjust,-0.0,-0.0,1.754021700001823e-05
315,9,1-5,adjust,0.00020458418762480694,5.6211142366289235e-06,6.985884028908554e-05
316,2,1-7,adjust,0.0004656211538497826,-1.2793054269889426e-05,6.603927065263271e-06
316,3,1-7,adjust,-0.00018429925242943157,2.196469680832105e-06,1.886459916836455e-05
316,4,1-7,adjust,-0.0,-0.0,1.8479700572346714e-05
316,5,1-7,adjust,-0.0,-0.0,6.682405096870649e-05
316,6,1-7,adjust,0.0009002759229053776,1.5873343654082204e-06,7.228601053887395e-05
316,9,1-8,adjust,-0.00020458418763415326,-5.621114236697481e-06,2.420893874656195e-05
317,2,1-4,adjust,-0.00046562115386052945,1.2793054270255164e-05,5.5705268866410445e-06
317,3,1-5,adjust,0.0001842992524088633,-2.1964696807337526e-06,1.3092394543467346e-05
317,6,1-5,adjust,-0.0009002759229294627,-1.5873343654185527e-06,2.070329609609177e-05
317,7,1-4,adjust,-0.0,-0.0,8.264132685672715e-06
317,8,1-5,adjust,-0.0,-0.0,1.754021700001823e-05
317,9,1-5,adjust,0.0002045841876121495,5.621114236577223e-06,6.98588402883484e-05
318,2,1-7,adjust,0.00046562115386273656,-1.2793054270578397e-05,6.603927065904258e-06
318,3,1-7,adjust,-0.00018429925242943157,2.196469680832105e-06,1.886459916836455e-05
318,4,1-7,adjust,-0.0,-0.0,1.8479700572346714e-05
318,5,1-7,adjust,-0.0,-0.0,6.682405096870649e-05
318,6,1-7,adjust,0.000900275922948559,1.5873343665945557e-06,7.228601053884191e-05
318,9,1-8,adjust,-0.00020458418761933687,-5.6211142368085e-06,2.4208938746305556e-05
319,2,1-4,adjust,-0.0004656211538558322,1.2793054270385155e-05,5.570526885743662e-06
319,3,1-5,adjust,0.0001842992524088633,-2.1964696807337526e-06,1.3092394543467346e-05
319,6,1-5,adjust,-0.000900275922922502,-1.5873343664794795e-06,2.070329609561103e-05
319,7,1-4,adjust,-0.0,-0.0,8.264132685672715e-06
319,8,1-5,adjust,-0.0,-0.0,1.754021700001823e-05
319,9,1-5,adjust,0.00020458418761974415,5.621114236563831e-06,6.985884028995088e-05
320,2,1-7,adjust,0.0004656211538497826,-1.2793054269889426e-05,6.603927065263271e-06
320,3,1-7,adjust,-0.00018429925242943157,2.196469680832105e-06,1.886459916836455e-05
320,4,1-7,adjust,-0.0,-0.0,1.8479700572346714e-05
320,5,1-7,adjust,-0.0,-0.0,6.682405096870649e-05
320,6,1-7,adjust,0.0009002759229053776,1.5873343654082204e-06,7.228601053887395e-05
320,9,1-8,adjust,-0.00020458418761260208,-5.621114236031347e-06,2.4208938745920966e-05
321,2,1-4,adjust,-0.00046562115386052945,1.2793054270255164e-05,5.5705268866410445e-06
321,3,1-5,adjust,0.0001842992524088633,-2.1964696807337526e-06,1.3092394543467346e-05
321,6,1-5,adjust,-0.0009002759229294627,-1.5873343654185527e-06,2.070329609609177e-05
321,7,1-4,adjust,-0.0,-0.0,8.264132685672715e-06
321,8,1-5,adjust,-0.0,-0.0,1.754021700001823e-05
321,9,1-5,adjust,0.00020458418762480694,5.6211142366289235e-06,6.985884028908554e-05
322,2,1-7,adjust,0.00046562115386273656,-1.2793054270578397e-05,6.603927065904258e-06
322,3,1-7,adjust,-0.00018429925242943157,2.196469680832105e-06,1.886459916836455e-05
322,4,1-7,adjust,-0.0,-0.0,1.8479700572346714e-05
322,5,1-7,adjust,-0.0,-0.0,6.682405096870649e-05
322,6,1-7,adjust,0.000900275922948559,1.5873343665945557e-06,7.228601053884191e-05
322,9,1-8,adjust,-0.00020458418763415326,-5.621114236697481e-06,2.420893874656195e-05
323,2,1-4,adjust,-0.0004656211538558322,1.2793054270385155e-05,5.570526885743662e-06
323,3,1-5,adjust,0.0001842992524088633,-2.1964696807337526e-06,1.3092394543467346e-05
323,6,1-5,adjust,-0.000900275922922502,-1.5873343664794795e-06,2.070329609561103e-05
323,7,1-4,adjust,-0.0,-0.0,8.264132685672715e-06
323,8,1-5,adjust,-0.0,-0.0,1.754021700001823e-05
323,9,1-5,adjust,0.0002045841876121495,5.621114236577223e-06,6.98588402883484e-05
324,2,1-7,adjust,0.0004656211538497826,-1.2793054269889426e-05,6.603927065263271e-06
324,3,1-7,adjust,-0.00018429925242943157,2.196469680832105e-06,1.886459916836455e-05
324,4,1-7,adjust,-0.0,-0.0,1.8479700572346714e-05
324,5,1-7,adjust,-0.0,-0.0,6.682405096870649e-05
324,6,1-7,adjust,0.0009002759229053776,1.5873343654082204e-06,7.228601053887395e-05
324,9,1-8,adjust,-0.00020458418761933687,-5.6211142368085e-06,2.4208938746305556e-05
325,2,1-4,adjust,-0.00046562115386052945,1.2793054270255164e-05,5.5705268866410445e-06
325,3,1-5,adjust,0.0001842992524088633,-2.1964696807337526e-06,1.3092394543467346e-05
325,6,1-5,adjust,-0.0009002759229294627,-1.5873343654185527e-06,2.070329609609177e-05
325,7,1-4,adjust,-0.0,-0.0,8.264132685672715e-06
325,8,1-5,adjust,-0.0,-0.0,1.754021700001823e-05
325,9,1-5,adjust,0.00020458418761974415,5.621114236563831e-06,6.985884028995088e-05
326,2,1-7,adjust,0.00046562115386273656,-1.2793054270578397e-05,6.603927065904258e-06
326,3,1-7,adjust,-0.00018429925242943157,2.196469680832105e-06,1.886459916836455e-05
326,4,1-7,adjust,-0.0,-0.0,1.8479700572346714e-05
326,5,1-7,adjust,-0.0,-0.0,6.682405096870649e-05
326,6,1-7,adjust,0.000900275922948559,1.5873343665945557e-06,7.228601053884191e-05
326,9,1-8,adjust,-0.00020458418761260208,-5.621114236031347e-06,2.4208938745920966e-05
327,2,1-4,adjust,-0.0004656211538558322,1.2793054270385155e-05,5.570526885743662e-06
327,3,1-5,adjust,0.0001842992524088633,-2.1964696807337526e-06,1.3092394543467346e-05
327,6,1-5,adjust,-0.000900275922922502,-1.5873343664794795e-06,2.070329609561103e-05
327,7,1-4,adjust,-0.0,-0.0,8.264132685672715e-06
327,8,1-5,adjust,-0.0,-0.0,1.754021700001823e-05
327,9,1-5,adjust,0.00020458418762480694,5.6211142366289235e-06,6.985884028908554e-05
328,2,1-7,adjust,0.0004656211538497826,-1.2793054269889426e-05,6.603927065263271e-06
328,3,1-7,adjust,-0.00018429925242943157,2.196469680832105e-06,1.886459916836455e-05
328,4,1-7,adjust,-0.0,-0.0,1.8479700572346714e-05
328,5,1-7,adjust,-0.0,-0.0,6.682405096870649e-05
328,6,1-7,adjust,0.0009002759229053776,1.5873343654082204e-06,7.228601053887395e-05
328,9,1-8,adjust,-0.00020458418763415326,-5.621114236697481e-06,2.420893874656195e-05
329,2,1-4,adjust,-0.00046562115386052945,1.2793054270255164e-05,5.5705268866410445e-06
329,3,1-5,adjust,0.0001842992524088633,-2.1964696807337526e-06,1.3092394543467346e-05
329,6,1-5,adjust,-0.0009002759229294627,-1.5873343654185527e-06,2.070329609609177e-05
329,7,1-4,adjust,-0.0,-0.0,8.264132685672715e-06
329,8,1-5,adjust,-0.0,-0.0,1.754021700001823e-05
329,9,1-5,adjust,0.0002045841876121495,5.621114236577223e-06,6.98588402883484e-05
330,2,1-7,adjust,0.00046562115386273656,-1.2793054270578397e-05,6.603927065904258e-06
330,3,1-7,adjust,-0.00018429925242943157,2.196469680832105e-06,1.886459916836455e-05
330,4,1-7,adjust,-0.0,-0.0,1.8479700572346714e-05
330,5,1-7,adjust,-0.0,-0.0,6.682405096870649e-05
330,6,1-7,adjust,0.000900275922948559,1.5873343665945557e-06,7.228601053884191e-05
330,9,1-8,adjust,-0.00020458418761933687,-5.6211142368085e-06,2.4208938746305556e-05
331,2,1-4,adjust,-0.0004656211538558322,1.2793054270385155e-05,5.570526885743662e-06
331,3,1-5,adjust,0.0001842992524088633,-2.1964696807337526e-06,1.3092394543467346e-05
331,6,1-5,adjust,-0.000900275922922502,-1.5873343664794795e-06,2.070329609561103e-05
331,7,1-4,adjust,-0.0,-0.0,8.264132685672715e-06
331,8,1-5,adjust,-0.0,-0.0,1.754021700001823e-05
331,9,1-5,adjust,0.00020458418761974415,5.621114236563831e-06,6.985884028995088e-05
332,2,1-7,adjust,0.0004656211538497826,-1.2793054269889426e-05,6.603927065263271e-06
332,3,1-7,adjust,-0.00018429925242943157,2.196469680832105e-06,1.886459916836455e-05
332,4,1-7,adjust,-0.0,-0.0,1.8479700572346714e-05
332,5,1-7,adjust,-0.0,-0.0,6.682405096870649e-05
332,6,1-7,adjust,0.0009002759229053776,1.5873343654082204e-06,7.228601053887395e-05
332,9,1-8,adjust,-0.00020458418761260208,-5.621114236031347e-06,2.4208938745920966e-05
333,2,1-4,adjust,-0.00046562115386052945,1.2793054270255164e-05,5.5705268866410445e-06
333,3,1-5,adjust,0.0001842992524088633,-2.1964696807337526e-06,1.3092394543467346e-05
333,6,1-5,adjust,-0.0009002759229294627,-1.5873343654185527e-06,2.070329609609177e-05
333,7,1-4,adjust,-0.0,-0.0,8.264132685672715e-06
333,8,1-5,adjust,-0.0,-0.0,1.754021700001823e-05
333,9,1-5,adjust,0.00020458418762480694,5.6211142366289235e-06,6.985884028908554e-05
334,2,1-7,adjust,0.00046562115386273656,-1.2793054270578397e-05,6.603927065904258e-06
334,3,1-7,adjust,-0.00018429925242943157,2.196469680832105e-06,1.886459916836455e-05
334,4,1-7,adjust,-0.0,-0.0,1.8479700572346714e-05
334,5,1-7,adjust,-0.0,-0.0,6.682405096870649e-05
334,6,1-7,adjust,0.000900275922948559,1.5873343665945557e-06,7.228601053884191e-05
334,9,1-8,adjust,-0.00020458418763415326,-5.621114236697481e-06,2.420893874656195e-05
335,2,1-4,adjust,-0.0004656211538558322,1.2793054270385155e-05,5.570526885743662e-06
335,3,1-5,adjust,0.0001842992524088633,-2.1964696807337526e-06,1.3092394543467346e-05
335,6,1-5,adjust,-0.000900275922922502,-1.5873343664794795e-06,2.070329609561103e-05
335,7,1-4,adjust,-0.0,-0.0,8.264132685672715e-06
335,8,1-5,adjust,-0.0,-0.0,1.754021700001823e-05
335,9,1-5,adjust,0.0002045841876121495,5.621114236577223e-06,6.98588402883484e-05
336,2,1-7,adjust,0.0004656211538497826,-1.2793054269889426e-05,6.603927065263271e-06
336,3,1-7,adjust,-0.00018429925242943157,2.196469680832105e-06,1.886459916836455e-05
336,4,1-7,adjust,-0.0,-0.0,1.8479700572346714e-05
336,5,1-7,adjust,-0.0,-0.0,6.682405096870649e-05
336,6,1-7,adjust,0.0009002759229053776,1.5873343654082204e-06,7.228601053887395e-05
336,9,1-8,adjust,-0.00020458418761933687,-5.6211142368085e-06,2.4208938746305556e-05
337,2,1-4,adjust,-0.00046562115386052945,1.2793054270255164e-05,5.5705268866410445e-06
337,3,1-5,adjust,0.0001842992524088633,-2.1964696807337526e-06,1.3092394543467346e-05
337,6,1-5,adjust,-0.0009002759229294627,-1.5873343654185527e-06,2.070329609609177e-05
337,7,1-4,adjust,-0.0,-0.0,8.264132685672715e-06
337,8,1-5,adjust,-0.0,-0.0,1.754021700001823e-05
337,9,1-5,adjust,0.00020458418761974415,5.621114236563831e-06,6.985884028995088e-05
338,2,1-7,adjust,0.00046562115386273656,-1.2793054270578397e-05,6.603927065904258e-06
338,3,1-7,adjust,-0.00018429925242943157,2.196469680832105e-06,1.886459916836455e-05
338,4,1-7,adjust,-0.0,-0.0,1.8479700572346714e-05
338,5,1-7,adjust,-0.0,-0.0,6.682405096870649e-05
338,6,1-7,adjust,0.000900275922948559,1.5873343665945557e-06,7.228601053884191e-05
338,9,1-8,adjust,-0.00020458418761260208,-5.621114236031347e-06,2.4208938745920966e-05
339,2,1-4,adjust,-0.0004656211538558322,1.2793054270385155e-05,5.570526885743662e-06
339,3,1-5,adjust,0.0001842992524088633,-2.1964696807337526e-06,1.3092394543467346e-05
339,6,1-5,adjust,-0.000900275922922502,-1.5873343664794795e-06,2.070329609561103e-05
339,7,1-4,adjust,-0.0,-0.0,8.264132685672715e-06
339,8,1-5,adjust,-0.0,-0.0,1.754021700001823e-05
339,9,1-5,adjust,0.00020458418762480694,5.6211142366289235e-06,6.985884028908554e-05
340,2,1-7,adjust,0.0004656211538497826,-1.2793054269889426e-05,6.603927065263271e-06
340,3,1-7,adjust,-0.00018429925242943157,2.196469680832105e-06,1.886459916836455e-05
340,4,1-7,adjust,-0.0,-0.0,1.8479700572346714e-05
340,5,1-7,adjust,-0.0,-0.0,6.682405096870649e-05
340,6,1-7,adjust,0.0009002759229053776,1.5873343654082204e-06,7.228601053887395e-05
340,9,1-8,adjust,-0.00020458418763415326,-5.621114236697481e-06,2.420893874656195e-05
341,2,1-4,adjust,-0.00046562115386052945,1.2793054270255164e-05,5.5705268866410445e-06
341,3,1-5,adjust,0.0001842992524088633,-2.1964696807337526e-06,1.3092394543467346e-05
341,6,1-5,adjust,-0.0009002759229294627,-1.5873343654185527e-06,2.070329609609177e-05
341,7,1-4,adjust,-0.0,-0.0,8.264132685672715e-06
341,8,1-5,adjust,-0.0,-0.0,1.754021700001823e-05
341,9,1-5,adjust,0.0002045841876121495,5.621114236577223e-06,6.98588402883484e-05
342,2,1-7,adjust,0.00046562115386273656,-1.2793054270578397e-05,6.603927065904258e-06
342,3,1-7,adjust,-0.00018429925242943157,2.196469680832105e-06,1.886459916836455e-05
342,4,1-7,adjust,-0.0,-0.0,1.8479700572346714e-05
342,5,1-7,adjust,-0.0,-0.0,6.682405096870649e-05
342,6,1-7,adjust,0.000900275922948559,1.5873343665945557e-06,7.228601053884191e-05
342,9,1-8,adjust,-0.00020458418761933687,-5.6211142368085e-06,2.4208938746305556e-05
343,2,1-4,adjust,-0.0004656211538558322,1.2793054270385155e-05,5.570526885743662e-06
343,3,1-5,adjust,0.0001842992524088633,-2.1964696807337526e-06,1.3092394543467346e-05
343,6,1-5,adjust,-0.000900275922922502,-1.5873343664794795e-06,2.070329609561103e-05
343,7,1-4,adjust,-0.0,-0.0,8.264132685672715e-06
343,8,1-5,adjust,-0.0,-0.0,1.754021700001823e-05
343,9,1-5,adjust,0.00020458418761974415,5.621114236563831e-06,6.985884028995088e-05
344,2,1-7,adjust,0.0004656211538497826,-1.2793054269889426e-05,6.603927065263271e-06
344,3,1-7,adjust,-0.00018429925242943157,2.196469680832105e-06,1.886459916836455e-05
344,4,1-7,adjust,-0.0,-0.0,1.8479700572346714e-05
344,5,1-7,adjust,-0.0,-0.0,6.682405096870649e-05
344,6,1-7,adjust,0.0009002759229053776,1.5873343654082204e-06,7.228601053887395e-05
344,9,1-8,adjust,-0.00020458418761260208,-5.621114236031347e-06,2.4208938745920966e-05
345,2,1-4,adjust,-0.00046562115386052945,1.2793054270255164e-05,5.5705268866410445e-06
345,3,1-5,adjust,0.0001842992524088633,-2.1964696807337526e-06,1.3092394543467346e-05
345,6,1-5,adjust,-0.0009002759229294627,-1.5873343654185527e-06,2.070329609609177e-05
345,7,1-4,adjust,-0.0,-0.0,8.264132685672715e-06
345,8,1-5,adjust,-0.0,-0.0,1.754021700001823e-05
345,9,1-5,adjust,0.00020458418762480694,5.6211142366289235e-06,6.985884028908554e-05
346,2,1-7,adjust,0.00046562115386273656,-1.2793054270578397e-05,6.603927065904258e-06
346,3,1-7,adjust,-0.00018429925242943157,2.196469680832105e-06,1.886459916836455e-05
346,4,1-7,adjust,-0.0,-0.0,1.8479700572346714e-05
346,5,1-7,adjust,-0.0,-0.0,6.682405096870649e-05
346,6,1-7,adjust,0.000900275922948559,1.5873343665945557e-06,7.228601053884191e-05
346,9,1-8,adjust,-0.00020458418763415326,-5.621114236697481e-06,2.420893874656195e-05
347,2,1-4,adjust,-0.0004656211538558322,1.2793054270385155e-05,5.570526885743662e-06
347,3,1-5,adjust,0.0001842992524088633,-2.1964696807337526e-06,1.3092394543467346e-05
347,6,1-5,adjust,-0.000900275922922502,-1.5873343664794795e-06,2.070329609561103e-05
347,7,1-4,adjust,-0.0,-0.0,8.264132685672715e-06
347,8,1-5,adjust,-0.0,-0.0,1.754021700001823e-05
347,9,1-5,adjust,0.0002045841876121495,5.621114236577223e-06,6.98588402883484e-05
348,2,1-7,adjust,0.0004656211538497826,-1.2793054269889426e-05,6.603927065263271e-06
348,3,1-7,adjust,-0.00018429925242943157,2.196469680832105e-06,1.886459916836455e-05
348,4,1-7,adjust,-0.0,-0.0,1.8479700572346714e-05
348,5,1-7,adjust,-0.0,-0.0,6.682405096870649e-05
348,6,1-7,adjust,0.0009002759229053776,1.5873343654082204e-06,7.228601053887395e-05
348,9,1-8,adjust,-0.00020458418761933687,-5.6211142368085e-06,2.4208938746305556e-05
349,2,1-4,adjust,-0.00046562115386052945,1.2793054270255164e-05,5.5705268866410445e-06
349,3,1-5,adjust,0.0001842992524088633,-2.1964696807337526e-06,1.3092394543467346e-05
349,6,1-5,adjust,-0.0009002759229294627,-1.5873343654185527e-06,2.070329609609177e-05
349,7,1-4,adjust,-0.0,-0.0,8.264132685672715e-06
349,8,1-5,adjust,-0.0,-0.0,1.754021700001823e-05
349,9,1-5,adjust,0.00020458418761974415,5.621114236563831e-06,6.985884028995088e-05
350,2,1-7,adjust,0.00046562115386273656,-1.2793054270578397e-05,6.603927065904258e-06
350,3,1-7,adjust,-0.00018429925242943157,2.196469680832105e-06,1.886459916836455e-05
350,4,1-7,adjust,-0.0,-0.0,1.8479700572346714e-05
350,5,1-7,adjust,-0.0,-0.0,6.682405096870649e-05
350,6,1-7,adjust,0.000900275922948559,1.5873343665945557e-06,7.228601053884191e-05
350,9,1-8,adjust,-0.00020458418761260208,-5.621114236031347e-06,2.4208938745920966e-05
351,2,1-4,adjust,-0.0004656211538558322,1.2793054270385155e-05,5.570526885743662e-06
351,3,1-5,adjust,0.0001842992524088633,-2.1964696807337526e-06,1.3092394543467346e-05
351,6,1-5,adjust,-0.000900275922922502,-1.5873343664794795e-06,2.070329609561103e-05
351,7,1-4,adjust,-0.0,-0.0,8.264132685672715e-06
351,8,1-5,adjust,-0.0,-0.0,1.754021700001823e-05
351,9,1-5,adjust,0.00020458418762480694,5.6211142366289235e-06,6.985884028908554e-05
352,2,1-7,adjust,0.0004656211538497826,-1.2793054269889426e-05,6.603927065263271e-06
352,3,1-7,adjust,-0.00018429925242943157,2.196469680832105e-06,1.886459916836455e-05
352,4,1-7,adjust,-0.0,-0.0,1.8479700572346714e-05
352,5,1-7,adjust,-0.0,-0.0,6.682405096870649e-05
352,6,1-7,adjust,0.0009002759229053776,1.5873343654082204e-06,7.228601053887395e-05
352,9,1-8,adjust,-0.00020458418763415326,-5.621114236697481e-06,2.420893874656195e-05
353,2,1-4,adjust,-0.00046562115386052945,1.2793054270255164e-05,5.5705268866410445e-06
353,3,1-5,adjust,0.0001842992524088633,-2.1964696807337526e-06,1.3092394543467346e-05
353,6,1-5,adjust,-0.0009002759229294627,-1.5873343654185527e-06,2.070329609609177e-05
353,7,1-4,adjust,-0.0,-0.0,8.264132685672715e-06
353,8,1-5,adjust,-0.0,-0.0,1.754021700001823e-05
353,9,1-5,adjust,0.0002045841876121495,5.621114236577223e-06,6.98588402883484e-05
354,2,1-7,adjust,0.00046562115386273656,-1.2793054270578397e-05,6.603927065904258e-06
354,3,1-7,adjust,-0.00018429925242943157,2.196469680832105e-06,1.886459916836455e-05
354,4,1-7,adjust,-0.0,-0.0,1.8479700572346714e-05
354,5,1-7,adjust,-0.0,-0.0,6.682405096870649e-05
354,6,1-7,adjust,0.000900275922948559,1.5873343665945557e-06,7.228601053884191e-05
354,9,1-8,adjust,-0.00020458418761933687,-5.6211142368085e-06,2.4208938746305556e-05
355,2,1-4,adjust,-0.0004656211538558322,1.2793054270385155e-05,5.570526885743662e-06
355,3,1-5,adjust,0.0001842992524088633,-2.1964696807337526e-06,1.3092394543467346e-05
355,6,1-5,adjust,-0.000900275922922502,-1.5873343664794795e-06,2.070329609561103e-05
355,7,1-4,adjust,-0.0,-0.0,8.264132685672715e-06
355,8,1-5,adjust,-0.0,-0.0,1.754021700001823e-05
355,9,1-5,adjust,0.00020458418761974415,5.621114236563831e-06,6.985884028995088e-05
356,2,1-7,adjust,0.0004656211538497826,-1.2793054269889426e-05,6.603927065263271e-06
356,3,1-7,adjust,-0.00018429925242943157,2.196469680832105e-06,1.886459916836455e-05
356,4,1-7,adjust,-0.0,-0.0,1.8479700572346714e-05
356,5,1-7,adjust,-0.0,-0.0,6.682405096870649e-05
356,6,1-7,adjust,0.0009002759229053776,1.5873343654082204e-06,7.228601053887395e-05
356,9,1-8,adjust,-0.00020458418761260208,-5.621114236031347e-06,2.4208938745920966e-05
357,2,1-4,adjust,-0.00046562115386052945,1.2793054270255164e-05,5.5705268866410445e-06
357,3,1-5,adjust,0.0001842992524088633,-2.1964696807337526e-06,1.3092394543467346e-05
357,6,1-5,adjust,-0.0009002759229294627,-1.5873343654185527e-06,2.070329609609177e-05
357,7,1-4,adjust,-0.0,-0.0,8.264132685672715e-06
357,8,1-5,adjust,-0.0,-0.0,1.754021700001823e-05
357,9,1-5,adjust,0.00020458418762480694,5.6211142366289235e-06,6.985884028908554e-05
358,2,1-7,adjust,0.00046562115386273656,-1.2793054270578397e-05,6.603927065904258e-06
358,3,1-7,adjust,-0.00018429925242943157,2.196469680832105e-06,1.886459916836455e-05
358,4,1-7,adjust,-0.0,-0.0,1.8479700572346714e-05
358,5,1-7,adjust,-0.0,-0.0,6.682405096870649e-05
358,6,1-7,adjust,0.000900275922948559,1.5873343665945557e-06,7.228601053884191e-05
358,9,1-8,adjust,-0.00020458418763415326,-5.621114236697481e-06,2.420893874656195e-05
359,2,1-4,adjust,-0.0004656211538558322,1.2793054270385155e-05,5.570526885743662e-06
359,3,1-5,adjust,0.0001842992524088633,-2.1964696807337526e-06,1.3092394543467346e-05
359,6,1-5,adjust,-0.000900275922922502,-1.5873343664794795e-06,2.070329609561103e-05
359,7,1-4,adjust,-0.0,-0.0,8.264132685672715e-06
359,8,1-5,adjust,-0.0,-0.0,1.754021700001823e-05
359,9,1-5,adjust,0.0002045841876121495,5.621114236577223e-06,6.98588402883484e-05
360,2,1-7,adjust,0.0004656211538497826,-1.2793054269889426e-05,6.603927065263271e-06
360,3,1-7,adjust,-0.00018429925242943157,2.196469680832105e-06,1.886459916836455e-05
360,4,1-7,adjust,-0.0,-0.0,1.8479700572346714e-05
360,5,1-7,adjust,-0.0,-0.0,6.682405096870649e-05
360,6,1-7,adjust,0.0009002759229053776,1.5873343654082204e-06,7.228601053887395e-05
360,9,1-8,adjust,-0.00020458418761933687,-5.6211142368085e-06,2.4208938746305556e-05
361,2,1-4,adjust,-0.00046562115386052945,1.2793054270255164e-05,5.5705268866410445e-06
361,3,1-5,adjust,0.0001842992524088633,-2.1964696807337526e-06,1.3092394543467346e-05
361,6,1-5,adjust,-0.0009002759229294627,-1.5873343654185527e-06,2.070329609609177e-05
361,7,1-4,adjust,-0.0,-0.0,8.264132685672715e-06
361,8,1-5,adjust,-0.0,-0.0,1.754021700001823e-05
361,9,1-5,adjust,0.00020458418761974415,5.621114236563831e-06,6.985884028995088e-05
362,2,1-7,adjust,0.00046562115386273656,-1.2793054270578397e-05,6.603927065904258e-06
362,3,1-7,adjust,-0.00018429925242943157,2.196469680832105e-06,1.886459916836455e-05
362,4,1-7,adjust,-0.0,-0.0,1.8479700572346714e-05
362,5,1-7,adjust,-0.0,-0.0,6.682405096870649e-05
362,6,1-7,adjust,0.000900275922948559,1.5873343665945557e-06,7.228601053884191e-05
362,9,1-8,adjust,-0.00020458418761260208,-5.621114236031347e-06,2.4208938745920966e-05
363,2,1-4,adjust,-0.0004656211538558322,1.2793054270385155e-05,5.570526885743662e-06
363,3,1-5,adjust,0.0001842992524088633,-2.1964696807337526e-06,1.3092394543467346e-05
363,6,1-5,adjust,-0.000900275922922502,-1.5873343664794795e-06,2.070329609561103e-05
363,7,1-4,adjust,-0.0,-0.0,8.264132685672715e-06
363,8,1-5,adjust,-0.0,-0.0,1.754021700001823e-05
363,9,1-5,adjust,0.00020458418762480694,5.6211142366289235e-06,6.985884028908554e-05
364,2,1-7,adjust,0.0004656211538497826,-1.2793054269889426e-05,6.603927065263271e-06
364,3,1-7,adjust,-0.00018429925242943157,2.196469680832105e-06,1.886459916836455e-05
364,4,1-7,adjust,-0.0,-0.0,1.8479700572346714e-05
364,5,1-7,adjust,-0.0,-0.0,6.682405096870649e-05
364,6,1-7,adjust,0.0009002759229053776,1.5873343654082204e-06,7.228601053887395e-05
364,9,1-8,adjust,-0.00020458418763415326,-5.621114236697481e-06,2.420893874656195e-05
365,2,1-4,adjust,-0.00046562115386052945,1.2793054270255164e-05,5.5705268866410445e-06
365,3,1-5,adjust,0.0001842992524088633,-2.1964696807337526e-06,1.3092394543467346e-05
365,6,1-5,adjust,-0.0009002759229294627,-1.5873343654185527e-06,2.070329609609177e-05
365,7,1-4,adjust,-0.0,-0.0,8.264132685672715e-06
365,8,1-5,adjust,-0.0,-0.0,1.754021700001823e-05
365,9,1-5,adjust,0.0002045841876121495,5.621114236577223e-06,6.98588402883484e-05
366,2,1-7,adjust,0.00046562115386273656,-1.2793054270578397e-05,6.603927065904258e-06
366,3,1-7,adjust,-0.00018429925242943157,2.196469680832105e-06,1.886459916836455e-05
366,4,1-7,adjust,-0.0,-0.0,1.8479700572346714e-05
366,5,1-7,adjust,-0.0,-0.0,6.682405096870649e-05
366,6,1-7,adjust,0.000900275922948559,1.5873343665945557e-06,7.228601053884191e-05
366,9,1-8,adjust,-0.00020458418761933687,-5.6211142368085e-06,2.4208938746305556e-05
367,2,1-4,adjust,-0.0004656211538558322,1.2793054270385155e-05,5.570526885743662e-06
367,3,1-5,adjust,0.0001842992524088633,-2.1964696807337526e-06,1.3092394543467346e-05
367,6,1-5,adjust,-0.000900275922922502,-1.5873343664794795e-06,2.070329609561103e-05
367,7,1-4,adjust,-0.0,-0.0,8.264132685672715e-06
367,8,1-5,adjust,-0.0,-0.0,1.754021700001823e-05
367,9,1-5,adjust,0.00020458418761974415,5.621114236563831e-06,6.985884028995088e-05
368,2,1-7,adjust,0.0004656211538497826,-1.2793054269889426e-05,6.603927065263271e-06
368,3,1-7,adjust,-0.00018429925242943157,2.196469680832105e-06,1.886459916836455e-05
368,4,1-7,adjust,-0.0,-0.0,1.8479700572346714e-05
368,5,1-7,adjust,-0.0,-0.0,6.682405096870649e-05
368,6,1-7,adjust,0.0009002759229053776,1.5873343654082204e-06,7.228601053887395e-05
368,9,1-8,adjust,-0.00020458418761260208,-5.621114236031347e-06,2.4208938745920966e-05
369,2,1-4,adjust,-0.00046562115386052945,1.2793054270255164e-05,5.5705268866410445e-06
369,3,1-5,adjust,0.0001842992524088633,-2.1964696807337526e-06,1.3092394543467346e-05
369,6,1-5,adjust,-0.0009002759229294627,-1.5873343654185527e-06,2.070329609609177e-05
369,7,1-4,adjust,-0.0,-0.0,8.264132685672715e-06
369,8,1-5,adjust,-0.0,-0.0,1.754021700001823e-05
369,9,1-5,adjust,0.00020458418762480694,5.6211142366289235e-06,6.985884028908554e-05
370,2,1-7,adjust,0.00046562115386273656,-1.2793054270578397e-05,6.603927065904258e-06
370,3,1-7,adjust,-0.00018429925242943157,2.196469680832105e-06,1.886459916836455e-05
370,4,1-7,adjust,-0.0,-0.0,1.8479700572346714e-05
370,5,1-7,adjust,-0.0,-0.0,6.682405096870649e-05
370,6,1-7,adjust,0.000900275922948559,1.5873343665945557e-06,7.228601053884191e-05
370,9,1-8,adjust,-0.00020458418763415326,-5.621114236697481e-06,2.420893874656195e-05
371,2,1-4,adjust,-0.0004656211538558322,1.2793054270385155e-05,5.570526885743662e-06
371,3,1-5,adjust,0.0001842992524088633,-2.1964696807337526e-06,1.3092394543467346e-05
371,6,1-5,adjust,-0.000900275922922502,-1.5873343664794795e-06,2.070329609561103e-05
371,7,1-4,adjust,-0.0,-0.0,8.264132685672715e-06
371,8,1-5,adjust,-0.0,-0.0,1.754021700001823e-05
371,9,1-5,adjust,0.0002045841876121495,5.621114236577223e-06,6.98588402883484e-05
372,2,1-7,adjust,0.0004656211538497826,-1.2793054269889426e-05,6.603927065263271e-06
372,3,1-7,adjust,-0.00018429925242943157,2.196469680832105e-06,1.886459916836455e-05
372,4,1-7,adjust,-0.0,-0.0,1.8479700572346714e-05
372,5,1-7,adjust,-0.0,-0.0,6.682405096870649e-05
372,6,1-7,adjust,0.0009002759229053776,1.5873343654082204e-06,7.228601053887395e-05
372,9,1-8,adjust,-0.00020458418761933687,-5.6211142368085e-06,2.4208938746305556e-05
373,2,1-4,adjust,-0.00046562115386052945,1.2793054270255164e-05,5.5705268866410445e-06
373,3,1-5,adjust,0.0001842992524088633,-2.1964696807337526e-06,1.3092394543467346e-05
373,6,1-5,adjust,-0.0009002759229294627,-1.5873343654185527e-06,2.070329609609177e-05
373,7,1-4,adjust,-0.0,-0.0,8.264132685672715e-06
373,8,1-5,adjust,-0.0,-0.0,1.754021700001823e-05
373,9,1-5,adjust,0.00020458418761974415,5.621114236563831e-06,6.985884028995088e-05
374,2,1-7,adjust,0.00046562115386273656,-1.2793054270578397e-05,6.603927065904258e-06
374,3,1-7,adjust,-0.00018429925242943157,2.196469680832105e-06,1.886459916836455e-05
374,4,1-7,adjust,-0.0,-0.0,1.8479700572346714e-05
374,5,1-7,adjust,-0.0,-0.0,6.682405096870649e-05
374,6,1-7,adjust,0.000900275922948559,1.5873343665945557e-06,7.228601053884191e-05
374,9,1-8,adjust,-0.00020458418761260208,-5.621114236031347e-06,2.4208938745920966e-05
375,2,1-4,adjust,-0.0004656211538558322,1.2793054270385155e-05,5.570526885743662e-06
375,3,1-5,adjust,0.0001842992524088633,-2.1964696807337526e-06,1.3092394543467346e-05
375,6,1-5,adjust,-0.000900275922922502,-1.5873343664794795e-06,2.070329609561103e-05
375,7,1-4,adjust,-0.0,-0.0,8.264132685672715e-06
375,8,1-5,adjust,-0.0,-0.0,1.754021700001823e-05
375,9,1-5,adjust,0.00020458418762480694,5.6211142366289235e-06,6.985884028908554e-05
376,2,1-7,adjust,0.0004656211538497826,-1.2793054269889426e-05,6.603927065263271e-06
376,3,1-7,adjust,-0.00018429925242943157,2.196469680832105e-06,1.886459916836455e-05
376,4,1-7,adjust,-0.0,-0.0,1.8479700572346714e-05
376,5,1-7,adjust,-0.0,-0.0,6.682405096870649e-05
376,6,1-7,adjust,0.0009002759229053776,1.5873343654082204e-06,7.228601053887395e-05
376,9,1-8,adjust,-0.00020458418763415326,-5.621114236697481e-06,2.420893874656195e-05
377,2,1-4,adjust,-0.00046562115386052945,1.2793054270255164e-05,5.5705268866410445e-06
377,3,1-5,adjust,0.0001842992524088633,-2.1964696807337526e-06,1.3092394543467346e-05
377,6,1-5,adjust,-0.0009002759229294627,-1.5873343654185527e-06,2.070329609609177e-05
377,7,1-4,adjust,-0.0,-0.0,8.264132685672715e-06
377,8,1-5,adjust,-0.0,-0.0,1.754021700001823e-05
377,9,1-5,adjust,0.0002045841876121495,5.621114236577223e-06,6.98588402883484e-05
378,2,1-7,adjust,0.00046562115386273656,-1.2793054270578397e-05,6.603927065904258e-06
378,3,1-7,adjust,-0.00018429925242943157,2.196469680832105e-06,1.886459916836455e-05
378,4,1-7,adjust,-0.0,-0.0,1.8479700572346714e-05
378,5,1-7,adjust,-0.0,-0.0,6.682405096870649e-05
378,6,1-7,adjust,0.000900275922948559,1.5873343665945557e-06,7.228601053884191e-05
378,9,1-8,adjust,-0.00020458418761933687,-5.6211142368085e-06,2.4208938746305556e-05
379,2,1-4,adjust,-0.0004656211538558322,1.2793054270385155e-05,5.570526885743662e-06
379,3,1-5,adjust,0.0001842992524088633,-2.1964696807337526e-06,1.3092394543467346e-05
379,6,1-5,adjust,-0.000900275922922502,-1.5873343664794795e-06,2.070329609561103e-05
379,7,1-4,adjust,-0.0,-0.0,8.264132685672715e-06
379,8,1-5,adjust,-0.0,-0.0,1.754021700001823e-05
379,9,1-5,adjust,0.00020458418761974415,5.621114236563831e-06,6.985884028995088e-05
380,2,1-7,adjust,0.0004656211538497826,-1.2793054269889426e-05,6.603927065263271e-06
380,3,1-7,adjust,-0.00018429925242943157,2.196469680832105e-06,1.886459916836455e-05
380,4,1-7,adjust,-0.0,-0.0,1.8479700572346714e-05
380,5,1-7,adjust,-0.0,-0.0,6.682405096870649e-05
380,6,1-7,adjust,0.0009002759229053776,1.5873343654082204e-06,7.228601053887395e-05
380,9,1-8,adjust,-0.00020458418761260208,-5.621114236031347e-06,2.4208938745920966e-05
381,2,1-4,adjust,-0.00046562115386052945,1.2793054270255164e-05,5.5705268866410445e-06
381,3,1-5,adjust,0.0001842992524088633,-2.1964696807337526e-06,1.3092394543467346e-05
381,6,1-5,adjust,-0.0009002759229294627,-1.5873343654185527e-06,2.070329609609177e-05
381,7,1-4,adjust,-0.0,-0.0,8.264132685672715e-06
381,8,1-5,adjust,-0.0,-0.0,1.754021700001823e-05
381,9,1-5,adjust,0.00020458418762480694,5.6211142366289235e-06,6.985884028908554e-05
382,2,1-7,adjust,0.00046562115386273656,-1.2793054270578397e-05,6.603927065904258e-06
382,3,1-7,adjust,-0.00018429925242943157,2.196469680832105e-06,1.886459916836455e-05
382,4,1-7,adjust,-0.0,-0.0,1.8479700572346714e-05
382,5,1-7,adjust,-0.0,-0.0,6.682405096870649e-05
382,6,1-7,adjust,0.000900275922948559,1.5873343665945557e-06,7.228601053884191e-05
382,9,1-8,adjust,-0.00020458418763415326,-5.621114236697481e-06,2.420893874656195e-05
383,2,1-4,adjust,-0.0004656211538558322,1.2793054270385155e-05,5.570526885743662e-06
383,3,1-5,adjust,0.0001842992524088633,-2.1964696807337526e-06,1.3092394543467346e-05
383,6,1-5,adjust,-0.000900275922922502,-1.5873343664794795e-06,2.070329609561103e-05
383,7,1-4,adjust,-0.0,-0.0,8.264132685672715e-06
383,8,1-5,adjust,-0.0,-0.0,1.754021700001823e-05
383,9,1-5,adjust,0.0002045841876121495,5.621114236577223e-06,6.98588402883484e-05
384,2,1-7,adjust,0.0004656211538497826,-1.2793054269889426e-05,6.603927065263271e-06
384,3,1-7,adjust,-0.00018429925242943157,2.196469680832105e-06,1.886459916836455e-05
384,4,1-7,adjust,-0.0,-0.0,1.8479700572346714e-05
384,5,1-7,adjust,-0.0,-0.0,6.682405096870649e-05
384,6,1-7,adjust,0.0009002759229053776,1.5873343654082204e-06,7.228601053887395e-05
384,9,1-8,adjust,-0.00020458418761933687,-5.6211142368085e-06,2.4208938746305556e-05
385,2,1-4,adjust,-0.00046562115386052945,1.2793054270255164e-05,5.5705268866410445e-06
385,3,1-5,adjust,0.0001842992524088633,-2.1964696807337526e-06,1.3092394543467346e-05
385,6,1-5,adjust,-0.0009002759229294627,-1.5873343654185527e-06,2.070329609609177e-05
385,7,1-4,adjust,-0.0,-0.0,8.264132685672715e-06
385,8,1-5,adjust,-0.0,-0.0,1.754021700001823e-05
385,9,1-5,adjust,0.00020458418761974415,5.621114236563831e-06,6.985884028995088e-05
386,2,1-7,adjust,0.00046562115386273656,-1.2793054270578397e-05,6.603927065904258e-06
386,3,1-7,adjust,-0.00018429925242943157,2.196469680832105e-06,1.886459916836455e-05
386,4,1-7,adjust,-0.0,-0.0,1.8479700572346714e-05
386,5,1-7,adjust,-0.0,-0.0,6.682405096870649e-05
386,6,1-7,adjust,0.000900275922948559,1.5873343665945557e-06,7.228601053884191e-05
386,9,1-8,adjust,-0.00020458418761260208,-5.621114236031347e-06,2.4208938745920966e-05
387,2,1-4,adjust,-0.0004656211538558322,1.2793054270385155e-05,5.570526885743662e-06
387,3,1-5,adjust,0.0001842992524088633,-2.1964696807337526e-06,1.3092394543467346e-05
387,6,1-5,adjust,-0.000900275922922502,-1.5873343664794795e-06,2.070329609561103e-05
387,7,1-4,adjust,-0.0,-0.0,8.264132685672715e-06
387,8,1-5,adjust,-0.0,-0.0,1.754021700001823e-05
387,9,1-5,adjust,0.00020458418762480694,5.6211142366289235e-06,6.985884028908554e-05
388,2,1-7,adjust,0.0004656211538497826,-1.2793054269889426e-05,6.603927065263271e-06
388,3,1-7,adjust,-0.00018429925242943157,2.196469680832105e-06,1.886459916836455e-05
388,4,1-7,adjust,-0.0,-0.0,1.8479700572346714e-05
388,5,1-7,adjust,-0.0,-0.0,6.682405096870649e-05
388,6,1-7,adjust,0.0009002759229053776,1.5873343654082204e-06,7.228601053887395e-05
388,9,1-8,adjust,-0.00020458418763415326,-5.621114236697481e-06,2.420893874656195e-05
389,2,1-4,adjust,-0.00046562115386052945,1.2793054270255164e-05,5.5705268866410445e-06
389,3,1-5,adjust,0.0001842992524088633,-2.1964696807337526e-06,1.3092394543467346e-05
389,6,1-5,adjust,-0.0009002759229294627,-1.5873343654185527e-06,2.070329609609177e-05
389,7,1-4,adjust,-0.0,-0.0,8.264132685672715e-06
389,8,1-5,adjust,-0.0,-0.0,1.754021700001823e-05
389,9,1-5,adjust,0.0002045841876121495,5.621114236577223e-06,6.98588402883484e-05
390,2,1-7,adjust,0.00046562115386273656,-1.2793054270578397e-05,6.603927065904258e-06
390,3,1-7,adjust,-0.00018429925242943157,2.196469680832105e-06,1.886459916836455e-05
390,4,1-7,adjust,-0.0,-0.0,1.8479700572346714e-05
390,5,1-7,adjust,-0.0,-0.0,6.682405096870649e-05
390,6,1-7,adjust,0.000900275922948559,1.5873343665945557e-06,7.228601053884191e-05
390,9,1-8,adjust,-0.00020458418761933687,-5.6211142368085e-06,2.4208938746305556e-05
391,2,1-4,adjust,-0.0004656211538558322,1.2793054270385155e-05,5.570526885743662e-06
391,3,1-5,adjust,0.0001842992524088633,-2.1964696807337526e-06,1.3092394543467346e-05
391,6,1-5,adjust,-0.000900275922922502,-1.5873343664794795e-06,2.070329609561103e-05
391,7,1-4,adjust,-0.0,-0.0,8.264132685672715e-06
391,8,1-5,adjust,-0.0,-0.0,1.754021700001823e-05
391,9,1-5,adjust,0.00020458418761974415,5.621114236563831e-06,6.985884028995088e-05
392,2,1-7,adjust,0.0004656211538497826,-1.2793054269889426e-05,6.603927065263271e-06
392,3,1-7,adjust,-0.00018429925242943157,2.196469680832105e-06,1.886459916836455e-05
392,4,1-7,adjust,-0.0,-0.0,1.8479700572346714e-05
392,5,1-7,adjust,-0.0,-0.0,6.682405096870649e-05
392,6,1-7,adjust,0.0009002759229053776,1.5873343654082204e-06,7.228601053887395e-05
392,9,1-8,adjust,-0.00020458418761260208,-5.621114236031347e-06,2.4208938745920966e-05
393,2,1-4,adjust,-0.00046562115386052945,1.2793054270255164e-05,5.5705268866410445e-06
393,3,1-5,adjust,0.0001842992524088633,-2.1964696807337526e-06,1.3092394543467346e-05
393,6,1-5,adjust,-0.0009002759229294627,-1.5873343654185527e-06,2.070329609609177e-05
393,7,1-4,adjust,-0.0,-0.0,8.264132685672715e-06
393,8,1-5,adjust,-0.0,-0.0,1.754021700001823e-05
393,9,1-5,adjust,0.00020458418762480694,5.6211142366289235e-06,6.985884028908554e-05
394,2,1-7,adjust,0.00046562115386273656,-1.2793054270578397e-05,6.603927065904258e-06
394,3,1-7,adjust,-0.00018429925242943157,2.196469680832105e-06,1.886459916836455e-05
394,4,1-7,adjust,-0.0,-0.0,1.8479700572346714e-05
394,5,1-7,adjust,-0.0,-0.0,6.682405096870649e-05
394,6,1-7,adjust,0.000900275922948559,1.5873343665945557e-06,7.228601053884191e-05
394,9,1-8,adjust,-0.00020458418763415326,-5.621114236697481e-06,2.420893874656195e-05
395,2,1-4,adjust,-0.0004656211538558322,1.2793054270385155e-05,5.570526885743662e-06
395,3,1-5,adjust,0.0001842992524088633,-2.1964696807337526e-06,1.3092394543467346e-05
395,6,1-5,adjust,-0.000900275922922502,-1.5873343664794795e-06,2.070329609561103e-05
395,7,1-4,adjust,-0.0,-0.0,8.264132685672715e-06
395,8,1-5,adjust,-0.0,-0.0,1.754021700001823e-05
395,9,1-5,adjust,0.0002045841876121495,5.621114236577223e-06,6.98588402883484e-05
396,2,1-7,adjust,0.0004656211538497826,-1.2793054269889426e-05,6.603927065263271e-06
396,3,1-7,adjust,-0.00018429925242943157,2.196469680832105e-06,1.886459916836455e-05
396,4,1-7,adjust,-0.0,-0.0,1.8479700572346714e-05
396,5,1-7,adjust,-0.0,-0.0,6.682405096870649e-05
396,6,1-7,adjust,0.0009002759229053776,1.5873343654082204e-06,7.228601053887395e-05
396,9,1-8,adjust,-0.00020458418761933687,-5.6211142368085e-06,2.4208938746305556e-05
397,2,1-4,adjust,-0.00046562115386052945,1.2793054270255164e-05,5.5705268866410445e-06
397,3,1-5,adjust,0.0001842992524088633,-2.1964696807337526e-06,1.3092394543467346e-05
397,6,1-5,adjust,-0.0009002759229294627,-1.5873343654185527e-06,2.070329609609177e-05
397,7,1-4,adjust,-0.0,-0.0,8.264132685672715e-06
397,8,1-5,adjust,-0.0,-0.0,1.754021700001823e-05
397,9,1-5,adjust,0.00020458418761974415,5.621114236563831e-06,6.985884028995088e-05
398,2,1-7,adjust,0.00046562115386273656,-1.2793054270578397e-05,6.603927065904258e-06
398,3,1-7,adjust,-0.00018429925242943157,2.196469680832105e-06,1.886459916836455e-05
398,4,1-7,adjust,-0.0,-0.0,1.8479700572346714e-05
398,5,1-7,adjust,-0.0,-0.0,6.682405096870649e-05
398,6,1-7,adjust,0.000900275922948559,1.5873343665945557e-06,7.228601053884191e-05
398,9,1-8,adjust,-0.00020458418761260208,-5.621114236031347e-06,2.4208938745920966e-05
399,2,1-4,adjust,-0.0004656211538558322,1.2793054270385155e-05,5.570526885743662e-06
399,3,1-5,adjust,0.0001842992524088633,-2.1964696807337526e-06,1.3092394543467346e-05
399,6,1-5,adjust,-0.000900275922922502,-1.5873343664794795e-06,2.070329609561103e-05
399,7,1-4,adjust,-0.0,-0.0,8.264132685672715e-06
399,8,1-5,adjust,-0.0,-0.0,1.754021700001823e-05
399,9,1-5,adjust,0.00020458418762480694,5.6211142366289235e-06,6.985884028908554e-05
400,2,1-7,adjust,0.0004656211538497826,-1.2793054269889426e-05,6.603927065263271e-06
400,3,1-7,adjust,-0.00018429925242943157,2.196469680832105e-06,1.886459916836455e-05
400,4,1-7,adjust,-0.0,-0.0,1.8479700572346714e-05
400,5,1-7,adjust,-0.0,-0.0,6.682405096870649e-05
400,6,1-7,adjust,0.0009002759229053776,1.5873343654082204e-06,7.228601053887395e-05
400,9,1-8,adjust,-0.00020458418763415326,-5.621114236697481e-06,2.420893874656195e-05
401,2,1-4,adjust,-0.00046562115386052945,1.2793054270255164e-05,5.5705268866410445e-06
401,3,1-5,adjust,0.0001842992524088633,-2.1964696807337526e-06,1.3092394543467346e-05
401,6,1-5,adjust,-0.0009002759229294627,-1.5873343654185527e-06,2.070329609609177e-05
401,7,1-4,adjust,-0.0,-0.0,8.264132685672715e-06
401,8,1-5,adjust,-0.0,-0.0,1.754021700001823e-05
401,9,1-5,adjust,0.0002045841876121495,5.621114236577223e-06,6.98588402883484e-05
402,2,1-7,adjust,0.00046562115386273656,-1.2793054270578397e-05,6.603927065904258e-06
402,3,1-7,adjust,-0.00018429925242943157,2.196469680832105e-06,1.886459916836455e-05
402,4,1-7,adjust,-0.0,-0.0,1.8479700572346714e-05
402,5,1-7,adjust,-0.0,-0.0,6.682405096870649e-05
402,6,1-7,adjust,0.000900275922948559,1.5873343665945557e-06,7.228601053884191e-05
402,9,1-8,adjust,-0.00020458418761933687,-5.6211142368085e-06,2.4208938746305556e-05
403,2,1-4,adjust,-0.0004656211538558322,1.2793054270385155e-05,5.570526885743662e-06
403,3,1-5,adjust,0.0001842992524088633,-2.1964696807337526e-06,1.3092394543467346e-05
403,6,1-5,adjust,-0.000900275922922502,-1.5873343664794795e-06,2.070329609561103e-05
403,7,1-4,adjust,-0.0,-0.0,8.264132685672715e-06
403,8,1-5,adjust,-0.0,-0.0,1.754021700001823e-05
403,9,1-5,adjust,0.00020458418761974415,5.621114236563831e-06,6.985884028995088e-05
404,2,1-7,adjust,0.0004656211538497826,-1.2793054269889426e-05,6.603927065263271e-06
404,3,1-7,adjust,-0.00018429925242943157,2.196469680832105e-06,1.886459916836455e-05
404,4,1-7,adjust,-0.0,-0.0,1.8479700572346714e-05
404,5,1-7,adjust,-0.0,-0.0,6.682405096870649e-05
404,6,1-7,adjust,0.0009002759229053776,1.5873343654082204e-06,7.228601053887395e-05
404,9,1-8,adjust,-0.00020458418761260208,-5.621114236031347e-06,2.4208938745920966e-05
405,2,1-4,adjust,-0.00046562115386052945,1.2793054270255164e-05,5.5705268866410445e-06
405,3,1-5,adjust,0.0001842992524088633,-2.1964696807337526e-06,1.3092394543467346e-05
405,6,1-5,adjust,-0.0009002759229294627,-1.5873343654185527e-06,2.070329609609177e-05
405,7,1-4,adjust,-0.0,-0.0,8.264132685672715e-06
405,8,1-5,adjust,-0.0,-0.0,1.754021700001823e-05
405,9,1-5,adjust,0.00020458418762480694,5.6211142366289235e-06,6.985884028908554e-05
406,2,1-7,adjust,0.00046562115386273656,-1.2793054270578397e-05,6.603927065904258e-06
406,3,1-7,adjust,-0.00018429925242943157,2.196469680832105e-06,1.886459916836455e-05
406,4,1-7,adjust,-0.0,-0.0,1.8479700572346714e-05
406,5,1-7,adjust,-0.0,-0.0,6.682405096870649e-05
406,6,1-7,adjust,0.000900275922948559,1.5873343665945557e-06,7.228601053884191e-05
406,9,1-8,adjust,-0.00020458418763415326,-5.621114236697481e-06,2.420893874656195e-05
407,2,1-4,adjust,-0.0004656211538558322,1.2793054270385155e-05,5.570526885743662e-06
407,3,1-5,adjust,0.0001842992524088633,-2.1964696807337526e-06,1.3092394543467346e-05
407,6,1-5,adjust,-0.000900275922922502,-1.5873343664794795e-06,2.070329609561103e-05
407,7,1-4,adjust,-0.0,-0.0,8.264132685672715e-06
407,8,1-5,adjust,-0.0,-0.0,1.754021700001823e-05
407,9,1-5,adjust,0.0002045841876121495,5.621114236577223e-06,6.98588402883484e-05
408,2,1-7,adjust,0.0004656211538497826,-1.2793054269889426e-05,6.603927065263271e-06
408,3,1-7,adjust,-0.00018429925242943157,2.196469680832105e-06,1.886459916836455e-05
408,4,1-7,adjust,-0.0,-0.0,1.8479700572346714e-05
408,5,1-7,adjust,-0.0,-0.0,6.682405096870649e-05
408,6,1-7,adjust,0.0009002759229053776,1.5873343654082204e-06,7.228601053887395e-05
408,9,1-8,adjust,-0.00020458418761933687,-5.6211142368085e-06,2.4208938746305556e-05
409,2,1-4,adjust,-0.00046562115386052945,1.2793054270255164e-05,5.5705268866410445e-06
409,3,1-5,adjust,0.0001842992524088633,-2.1964696807337526e-06,1.3092394543467346e-05
409,6,1-5,adjust,-0.0009002759229294627,-1.5873343654185527e-06,2.070329609609177e-05
409,7,1-4,adjust,-0.0,-0.0,8.264132685672715e-06
409,8,1-5,adjust,-0.0,-0.0,1.754021700001823e-05
409,9,1-5,adjust,0.00020458418761974415,5.621114236563831e-06,6.985884028995088e-05
410,2,1-7,adjust,0.00046562115386273656,-1.2793054270578397e-05,6.603927065904258e-06
410,3,1-7,adjust,-0.00018429925242943157,2.196469680832105e-06,1.886459916836455e-05
410,4,1-7,adjust,-0.0,-0.0,1.8479700572346714e-05
410,5,1-7,adjust,-0.0,-0.0,6.682405096870649e-05
410,6,1-7,adjust,0.000900275922948559,1.5873343665945557e-06,7.228601053884191e-05
410,9,1-8,adjust,-0.00020458418761260208,-5.621114236031347e-06,2.4208938745920966e-05
411,2,1-4,adjust,-0.0004656211538558322,1.2793054270385155e-05,5.570526885743662e-06
411,3,1-5,adjust,0.0001842992524088633,-2.1964696807337526e-06,1.3092394543467346e-05
411,6,1-5,adjust,-0.000900275922922502,-1.5873343664794795e-06,2.070329609561103e-05
411,7,1-4,adjust,-0.0,-0.0,8.264132685672715e-06
411,8,1-5,adjust,-0.0,-0.0,1.754021700001823e-05
411,9,1-5,adjust,0.00020458418762480694,5.6211142366289235e-06,6.985884028908554e-05
412,2,1-7,adjust,0.0004656211538497826,-1.2793054269889426e-05,6.603927065263271e-06
412,3,1-7,adjust,-0.00018429925242943157,2.196469680832105e-06,1.886459916836455e-05
412,4,1-7,adjust,-0.0,-0.0,1.8479700572346714e-05
412,5,1-7,adjust,-0.0,-0.0,6.682405096870649e-05
412,6,1-7,adjust,0.0009002759229053776,1.5873343654082204e-06,7.228601053887395e-05
412,9,1-8,adjust,-0.00020458418763415326,-5.621114236697481e-06,2.420893874656195e-05
413,2,1-4,adjust,-0.00046562115386052945,1.2793054270255164e-05,5.5705268866410445e-06
413,3,1-5,adjust,0.0001842992524088633,-2.1964696807337526e-06,1.3092394543467346e-05
413,6,1-5,adjust,-0.0009002759229294627,-1.5873343654185527e-06,2.070329609609177e-05
413,7,1-4,adjust,-0.0,-0.0,8.264132685672715e-06
413,8,1-5,adjust,-0.0,-0.0,1.754021700001823e-05
413,9,1-5,adjust,0.0002045841876121495,5.621114236577223e-06,6.98588402883484e-05
414,2,1-7,adjust,0.00046562115386273656,-1.2793054270578397e-05,6.603927065904258e-06
414,3,1-7,adjust,-0.00018429925242943157,2.196469680832105e-06,1.886459916836455e-05
414,4,1-7,adjust,-0.0,-0.0,1.8479700572346714e-05
414,5,1-7,adjust,-0.0,-0.0,6.682405096870649e-05
414,6,1-7,adjust,0.000900275922948559,1.5873343665945557e-06,7.228601053884191e-05
414,9,1-8,adjust,-0.00020458418761933687,-5.6211142368085e-06,2.4208938746305556e-05
415,2,1-4,adjust,-0.0004656211538558322,1.2793054270385155e-05,5.570526885743662e-06
415,3,1-5,adjust,0.0001842992524088633,-2.1964696807337526e-06,1.3092394543467346e-05
415,6,1-5,adjust,-0.000900275922922502,-1.5873343664794795e-06,2.070329609561103e-05
415,7,1-4,adjust,-0.0,-0.0,8.264132685672715e-06
415,8,1-5,adjust,-0.0,-0.0,1.754021700001823e-05
415,9,1-5,adjust,0.00020458418761974415,5.621114236563831e-06,6.985884028995088e-05
416,2,1-7,adjust,0.0004656211538497826,-1.2793054269889426e-05,6.603927065263271e-06
416,3,1-7,adjust,-0.00018429925242943157,2.196469680832105e-06,1.886459916836455e-05
416,4,1-7,adjust,-0.0,-0.0,1.8479700572346714e-05
416,5,1-7,adjust,-0.0,-0.0,6.682405096870649e-05
416,6,1-7,adjust,0.0009002759229053776,1.5873343654082204e-06,7.228601053887395e-05
416,9,1-8,adjust,-0.00020458418761260208,-5.621114236031347e-06,2.4208938745920966e-05
417,2,1-4,adjust,-0.00046562115386052945,1.2793054270255164e-05,5.5705268866410445e-06
417,3,1-5,adjust,0.0001842992524088633,-2.1964696807337526e-06,1.3092394543467346e-05
417,6,1-5,adjust,-0.0009002759229294627,-1.5873343654185527e-06,2.070329609609177e-05
417,7,1-4,adjust,-0.0,-0.0,8.264132685672715e-06
417,8,1-5,adjust,-0.0,-0.0,1.754021700001823e-05
417,9,1-5,adjust,0.00020458418762480694,5.6211142366289235e-06,6.985884028908554e-05
418,2,1-7,adjust,0.00046562115386273656,-1.2793054270578397e-05,6.603927065904258e-06
418,3,1-7,adjust,-0.00018429925242943157,2.196469680832105e-06,1.886459916836455e-05
418,4,1-7,adjust,-0.0,-0.0,1.8479700572346714e-05
418,5,1-7,adjust,-0.0,-0.0,6.682405096870649e-05
418,6,1-7,adjust,0.000900275922948559,1.5873343665945557e-06,7.228601053884191e-05
418,9,1-8,adjust,-0.00020458418763415326,-5.621114236697481e-06,2.420893874656195e-05
419,2,1-4,adjust,-0.0004656211538558322,1.2793054270385155e-05,5.570526885743662e-06
419,3,1-5,adjust,0.0001842992524088633,-2.1964696807337526e-06,1.3092394543467346e-05
419,6,1-5,adjust,-0.000900275922922502,-1.5873343664794795e-06,2.070329609561103e-05
419,7,1-4,adjust,-0.0,-0.0,8.264132685672715e-06
419,8,1-5,adjust,-0.0,-0.0,1.754021700001823e-05
419,9,1-5,adjust,0.0002045841876121495,5.621114236577223e-06,6.98588402883484e-05
420,2,1-7,adjust,0.0004656211538497826,-1.2793054269889426e-05,6.603927065263271e-06
420,3,1-7,adjust,-0.00018429925242943157,2.196469680832105e-06,1.886459916836455e-05
420,4,1-7,adjust,-0.0,-0.0,1.8479700572346714e-05
420,5,1-7,adjust,-0.0,-0.0,6.682405096870649e-05
420,6,1-7,adjust,0.0009002759229053776,1.5873343654082204e-06,7.228601053887395e-05
420,9,1-8,adjust,-0.00020458418761933687,-5.6211142368085e-06,2.4208938746305556e-05
421,2,1-4,adjust,-0.00046562115386052945,1.2793054270255164e-05,5.5705268866410445e-06
421,3,1-5,adjust,0.0001842992524088633,-2.1964696807337526e-06,1.3092394543467346e-05
421,6,1-5,adjust,-0.0009002759229294627,-1.5873343654185527e-06,2.070329609609177e-05
421,7,1-4,adjust,-0.0,-0.0,8.264132685672715e-06
421,8,1-5,adjust,-0.0,-0.0,1.754021700001823e-05
421,9,1-5,adjust,0.00020458418761974415,5.621114236563831e-06,6.985884028995088e-05
422,2,1-7,adjust,0.00046562115386273656,-1.2793054270578397e-05,6.603927065904258e-06
422,3,1-7,adjust,-0.00018429925242943157,2.196469680832105e-06,1.886459916836455e-05
422,4,1-7,adjust,-0.0,-0.0,1.8479700572346714e-05
422,5,1-7,adjust,-0.0,-0.0,6.682405096870649e-05
422,6,1-7,adjust,0.000900275922948559,1.5873343665945557e-06,7.228601053884191e-05
422,9,1-8,adjust,-0.00020458418761260208,-5.621114236031347e-06,2.4208938745920966e-05
423,2,1-4,adjust,-0.0004656211538558322,1.2793054270385155e-05,5.570526885743662e-06
423,3,1-5,adjust,0.0001842992524088633,-2.1964696807337526e-06,1.3092394543467346e-05
423,6,1-5,adjust,-0.000900275922922502,-1.5873343664794795e-06,2.070329609561103e-05
423,7,1-4,adjust,-0.0,-0.0,8.264132685672715e-06
423,8,1-5,adjust,-0.0,-0.0,1.754021700001823e-05
423,9,1-5,adjust,0.00020458418762480694,5.6211142366289235e-06,6.985884028908554e-05
424,2,1-7,adjust,0.0004656211538497826,-1.2793054269889426e-05,6.603927065263271e-06
424,3,1-7,adjust,-0.00018429925242943157,2.196469680832105e-06,1.886459916836455e-05
424,4,1-7,adjust,-0.0,-0.0,1.8479700572346714e-05
424,5,1-7,adjust,-0.0,-0.0,6.682405096870649e-05
424,6,1-7,adjust,0.0009002759229053776,1.5873343654082204e-06,7.228601053887395e-05
424,9,1-8,adjust,-0.00020458418763415326,-5.621114236697481e-06,2.420893874656195e-05
425,2,1-4,adjust,-0.00046562115386052945,1.2793054270255164e-05,5.5705268866410445e-06
425,3,1-5,adjust,0.0001842992524088633,-2.1964696807337526e-06,1.3092394543467346e-05
425,6,1-5,adjust,-0.0009002759229294627,-1.5873343654185527e-06,2.070329609609177e-05
425,7,1-4,adjust,-0.0,-0.0,8.264132685672715e-06
425,8,1-5,adjust,-0.0,-0.0,1.754021700001823e-05
425,9,1-5,adjust,0.0002045841876121495,5.621114236577223e-06,6.98588402883484e-05
426,2,1-7,adjust,0.00046562115386273656,-1.2793054270578397e-05,6.603927065904258e-06
426,3,1-7,adjust,-0.00018429925242943157,2.196469680832105e-06,1.886459916836455e-05
426,4,1-7,adjust,-0.0,-0.0,1.8479700572346714e-05
426,5,1-7,adjust,-0.0,-0.0,6.682405096870649e-05
426,6,1-7,adjust,0.000900275922948559,1.5873343665945557e-06,7.228601053884191e-05
426,9,1-8,adjust,-0.00020458418761933687,-5.6211142368085e-06,2.4208938746305556e-05
427,2,1-4,adjust,-0.0004656211538558322,1.2793054270385155e-05,5.570526885743662e-06
427,3,1-5,adjust,0.0001842992524088633,-2.1964696807337526e-06,1.3092394543467346e-05
427,6,1-5,adjust,-0.000900275922922502,-1.5873343664794795e-06,2.070329609561103e-05
427,7,1-4,adjust,-0.0,-0.0,8.264132685672715e-06
427,8,1-5,adjust,-0.0,-0.0,1.754021700001823e-05
427,9,1-5,adjust,0.00020458418761974415,5.621114236563831e-06,6.985884028995088e-05
428,2,1-7,adjust,0.0004656211538497826,-1.2793054269889426e-05,6.603927065263271e-06
428,3,1-7,adjust,-0.00018429925242943157,2.196469680832105e-06,1.886459916836455e-05
428,4,1-7,adjust,-0.0,-0.0,1.8479700572346714e-05
428,5,1-7,adjust,-0.0,-0.0,6.682405096870649e-05
428,6,1-7,adjust,0.0009002759229053776,1.5873343654082204e-06,7.228601053887395e-05
428,9,1-8,adjust,-0.00020458418761260208,-5.621114236031347e-06,2.4208938745920966e-05
429,2,1-4,adjust,-0.00046562115386052945,1.2793054270255164e-05,5.5705268866410445e-06
429,3,1-5,adjust,0.0001842992524088633,-2.1964696807337526e-06,1.3092394543467346e-05
429,6,1-5,adjust,-0.0009002759229294627,-1.5873343654185527e-06,2.070329609609177e-05
429,7,1-4,adjust,-0.0,-0.0,8.264132685672715e-06
429,8,1-5,adjust,-0.0,-0.0,1.754021700001823e-05
429,9,1-5,adjust,0.00020458418762480694,5.6211142366289235e-06,6.985884028908554e-05
430,2,1-7,adjust,0.00046562115386273656,-1.2793054270578397e-05,6.603927065904258e-06
430,3,1-7,adjust,-0.00018429925242943157,2.196469680832105e-06,1.886459916836455e-05
430,4,1-7,adjust,-0.0,-0.0,1.8479700572346714e-05
430,5,1-7,adjust,-0.0,-0.0,6.682405096870649e-05
430,6,1-7,adjust,0.000900275922948559,1.5873343665945557e-06,7.228601053884191e-05
430,9,1-8,adjust,-0.00020458418763415326,-5.621114236697481e-06,2.420893874656195e-05
431,2,1-4,adjust,-0.0004656211538558322,1.2793054270385155e-05,5.570526885743662e-06
431,3,1-5,adjust,0.0001842992524088633,-2.1964696807337526e-06,1.3092394543467346e-05
431,6,1-5,adjust,-0.000900275922922502,-1.5873343664794795e-06,2.070329609561103e-05
431,7,1-4,adjust,-0.0,-0.0,8.264132685672715e-06
431,8,1-5,adjust,-0.0,-0.0,1.754021700001823e-05
431,9,1-5,adjust,0.0002045841876121495,5.621114236577223e-06,6.98588402883484e-05
432,2,1-7,adjust,0.0004656211538497826,-1.2793054269889426e-05,6.603927065263271e-06
432,3,1-7,adjust,-0.00018429925242943157,2.196469680832105e-06,1.886459916836455e-05
432,4,1-7,adjust,-0.0,-0.0,1.8479700572346714e-05
432,5,1-7,adjust,-0.0,-0.0,6.682405096870649e-05
432,6,1-7,adjust,0.0009002759229053776,1.5873343654082204e-06,7.228601053887395e-05
432,9,1-8,adjust,-0.00020458418761933687,-5.6211142368085e-06,2.4208938746305556e-05
433,2,1-4,adjust,-0.00046562115386052945,1.2793054270255164e-05,5.5705268866410445e-06
433,3,1-5,adjust,0.0001842992524088633,-2.1964696807337526e-06,1.3092394543467346e-05
433,6,1-5,adjust,-0.0009002759229294627,-1.5873343654185527e-06,2.070329609609177e-05
433,7,1-4,adjust,-0.0,-0.0,8.264132685672715e-06
433,8,1-5,adjust,-0.0,-0.0,1.754021700001823e-05
433,9,1-5,adjust,0.00020458418761974415,5.621114236563831e-06,6.985884028995088e-05
434,2,1-7,adjust,0.00046562115386273656,-1.2793054270578397e-05,6.603927065904258e-06
434,3,1-7,adjust,-0.00018429925242943157,2.196469680832105e-06,1.886459916836455e-05
434,4,1-7,adjust,-0.0,-0.0,1.8479700572346714e-05
434,5,1-7,adjust,-0.0,-0.0,6.682405096870649e-05
434,6,1-7,adjust,0.000900275922948559,1.5873343665945557e-06,7.228601053884191e-05
434,9,1-8,adjust,-0.00020458418761260208,-5.621114236031347e-06,2.4208938745920966e-05
435,2,1-4,adjust,-0.0004656211538558322,1.2793054270385155e-05,5.570526885743662e-06
435,3,1-5,adjust,0.0001842992524088633,-2.1964696807337526e-06,1.3092394543467346e-05
435,6,1-5,adjust,-0.000900275922922502,-1.5873343664794795e-06,2.070329609561103e-05
435,7,1-4,adjust,-0.0,-0.0,8.264132685672715e-06
435,8,1-5,adjust,-0.0,-0.0,1.754021700001823e-05
435,9,1-5,adjust,0.00020458418762480694,5.6211142366289235e-06,6.985884028908554e-05
436,2,1-7,adjust,0.0004656211538497826,-1.2793054269889426e-05,6.603927065263271e-06
436,3,1-7,adjust,-0.00018429925242943157,2.196469680832105e-06,1.886459916836455e-05
436,4,1-7,adjust,-0.0,-0.0,1.8479700572346714e-05
436,5,1-7,adjust,-0.0,-0.0,6.682405096870649e-05
436,6,1-7,adjust,0.0009002759229053776,1.5873343654082204e-06,7.228601053887395e-05
436,9,1-8,adjust,-0.00020458418763415326,-5.621114236697481e-06,2.420893874656195e-05
437,2,1-4,adjust,-0.00046562115386052945,1.2793054270255164e-05,5.5705268866410445e-06
437,3,1-5,adjust,0.0001842992524088633,-2.1964696807337526e-06,1.3092394543467346e-05
437,6,1-5,adjust,-0.0009002759229294627,-1.5873343654185527e-06,2.070329609609177e-05
437,7,1-4,adjust,-0.0,-0.0,8.264132685672715e-06
437,8,1-5,adjust,-0.0,-0.0,1.754021700001823e-05
437,9,1-5,adjust,0.0002045841876121495,5.621114236577223e-06,6.98588402883484e-05
438,2,1-7,adjust,0.00046562115386273656,-1.2793054270578397e-05,6.603927065904258e-06
438,3,1-7,adjust,-0.00018429925242943157,2.196469680832105e-06,1.886459916836455e-05
438,4,1-7,adjust,-0.0,-0.0,1.8479700572346714e-05
438,5,1-7,adjust,-0.0,-0.0,6.682405096870649e-05
438,6,1-7,adjust,0.000900275922948559,1.5873343665945557e-06,7.228601053884191e-05
438,9,1-8,adjust,-0.00020458418761933687,-5.6211142368085e-06,2.4208938746305556e-05
439,2,1-4,adjust,-0.0004656211538558322,1.2793054270385155e-05,5.570526885743662e-06
439,3,1-5,adjust,0.0001842992524088633,-2.1964696807337526e-06,1.3092394543467346e-05
439,6,1-5,adjust,-0.000900275922922502,-1.5873343664794795e-06,2.070329609561103e-05
439,7,1-4,adjust,-0.0,-0.0,8.264132685672715e-06
439,8,1-5,adjust,-0.0,-0.0,1.754021700001823e-05
439,9,1-5,adjust,0.00020458418761974415,5.621114236563831e-06,6.985884028995088e-05
440,2,1-7,adjust,0.0004656211538497826,-1.2793054269889426e-05,6.603927065263271e-06
440,3,1-7,adjust,-0.00018429925242943157,2.196469680832105e-06,1.886459916836455e-05
440,4,1-7,adjust,-0.0,-0.0,1.8479700572346714e-05
440,5,1-7,adjust,-0.0,-0.0,6.682405096870649e-05
440,6,1-7,adjust,0.0009002759229053776,1.5873343654082204e-06,7.228601053887395e-05
440,9,1-8,adjust,-0.00020458418761260208,-5.621114236031347e-06,2.4208938745920966e-05
441,2,1-4,adjust,-0.00046562115386052945,1.2793054270255164e-05,5.5705268866410445e-06
441,3,1-5,adjust,0.0001842992524088633,-2.1964696807337526e-06,1.3092394543467346e-05
441,6,1-5,adjust,-0.0009002759229294627,-1.5873343654185527e-06,2.070329609609177e-05
441,7,1-4,adjust,-0.0,-0.0,8.264132685672715e-06
441,8,1-5,adjust,-0.0,-0.0,1.754021700001823e-05
441,9,1-5,adjust,0.00020458418762480694,5.6211142366289235e-06,6.985884028908554e-05
442,2,1-7,adjust,0.00046562115386273656,-1.2793054270578397e-05,6.603927065904258e-06
442,3,1-7,adjust,-0.00018429925242943157,2.196469680832105e-06,1.886459916836455e-05
442,4,1-7,adjust,-0.0,-0.0,1.8479700572346714e-05
442,5,1-7,adjust,-0.0,-0.0,6.682405096870649e-05
442,6,1-7,adjust,0.000900275922948559,1.5873343665945557e-06,7.228601053884191e-05
442,9,1-8,adjust,-0.00020458418763415326,-5.621114236697481e-06,2.420893874656195e-05
443,2,1-4,adjust,-0.0004656211538558322,1.2793054270385155e-05,5.570526885743662e-06
443,3,1-5,adjust,0.0001842992524088633,-2.1964696807337526e-06,1.3092394543467346e-05
443,6,1-5,adjust,-0.000900275922922502,-1.5873343664794795e-06,2.070329609561103e-05
443,7,1-4,adjust,-0.0,-0.0,8.264132685672715e-06
443,8,1-5,adjust,-0.0,-0.0,1.754021700001823e-05
443,9,1-5,adjust,0.0002045841876121495,5.621114236577223e-06,6.98588402883484e-05
444,2,1-7,adjust,0.0004656211538497826,-1.2793054269889426e-05,6.603927065263271e-06
444,3,1-7,adjust,-0.00018429925242943157,2.196469680832105e-06,1.886459916836455e-05
444,4,1-7,adjust,-0.0,-0.0,1.8479700572346714e-05
444,5,1-7,adjust,-0.0,-0.0,6.682405096870649e-05
444,6,1-7,adjust,0.0009002759229053776,1.5873343654082204e-06,7.228601053887395e-05
444,9,1-8,adjust,-0.00020458418761933687,-5.6211142368085e-06,2.4208938746305556e-05
445,2,1-4,adjust,-0.00046562115386052945,1.2793054270255164e-05,5.5705268866410445e-06
445,3,1-5,adjust,0.0001842992524088633,-2.1964696807337526e-06,1.3092394543467346e-05
445,6,1-5,adjust,-0.0009002759229294627,-1.5873343654185527e-06,2.070329609609177e-05
445,7,1-4,adjust,-0.0,-0.0,8.264132685672715e-06
445,8,1-5,adjust,-0.0,-0.0,1.754021700001823e-05
445,9,1-5,adjust,0.00020458418761974415,5.621114236563831e-06,6.985884028995088e-05
446,2,1-7,adjust,0.00046562115386273656,-1.2793054270578397e-05,6.603927065904258e-06
446,3,1-7,adjust,-0.00018429925242943157,2.196469680832105e-06,1.886459916836455e-05
446,4,1-7,adjust,-0.0,-0.0,1.8479700572346714e-05
446,5,1-7,adjust,-0.0,-0.0,6.682405096870649e-05
446,6,1-7,adjust,0.000900275922948559,1.5873343665945557e-06,7.228601053884191e-05
446,9,1-8,adjust,-0.00020458418761260208,-5.621114236031347e-06,2.4208938745920966e-05
447,2,1-4,adjust,-0.0004656211538558322,1.2793054270385155e-05,5.570526885743662e-06
447,3,1-5,adjust,0.0001842992524088633,-2.1964696807337526e-06,1.3092394543467346e-05
447,6,1-5,adjust,-0.000900275922922502,-1.5873343664794795e-06,2.070329609561103e-05
447,7,1-4,adjust,-0.0,-0.0,8.264132685672715e-06
447,8,1-5,adjust,-0.0,-0.0,1.754021700001823e-05
447,9,1-5,adjust,0.00020458418762480694,5.6211142366289235e-06,6.985884028908554e-05
448,2,1-7,adjust,0.0004656211538497826,-1.2793054269889426e-05,6.603927065263271e-06
448,3,1-7,adjust,-0.00018429925242943157,2.196469680832105e-06,1.886459916836455e-05
448,4,1-7,adjust,-0.0,-0.0,1.8479700572346714e-05
448,5,1-7,adjust,-0.0,-0.0,6.682405096870649e-05
448,6,1-7,adjust,0.0009002759229053776,1.5873343654082204e-06,7.228601053887395e-05
448,9,1-8,adjust,-0.00020458418763415326,-5.621114236697481e-06,2.420893874656195e-05
449,2,1-4,adjust,-0.00046562115386052945,1.2793054270255164e-05,5.5705268866410445e-06
449,3,1-5,adjust,0.0001842992524088633,-2.1964696807337526e-06,1.3092394543467346e-05
449,6,1-5,adjust,-0.0009002759229294627,-1.5873343654185527e-06,2.070329609609177e-05
449,7,1-4,adjust,-0.0,-0.0,8.264132685672715e-06
449,8,1-5,adjust,-0.0,-0.0,1.754021700001823e-05
449,9,1-5,adjust,0.0002045841876121495,5.621114236577223e-06,6.98588402883484e-05
450,2,1-7,adjust,0.00046562115386273656,-1.2793054270578397e-05,6.603927065904258e-06
450,3,1-7,adjust,-0.00018429925242943157,2.196469680832105e-06,1.886459916836455e-05
450,4,1-7,adjust,-0.0,-0.0,1.8479700572346714e-05
450,5,1-7,adjust,-0.0,-0.0,6.682405096870649e-05
450,6,1-7,adjust,0.000900275922948559,1.5873343665945557e-06,7.228601053884191e-05
450,9,1-8,adjust,-0.00020458418761933687,-5.6211142368085e-06,2.4208938746305556e-05
451,2,1-4,adjust,-0.0004656211538558322,1.2793054270385155e-05,5.570526885743662e-06
451,3,1-5,adjust,0.0001842992524088633,-2.1964696807337526e-06,1.3092394543467346e-05
451,6,1-5,adjust,-0.000900275922922502,-1.5873343664794795e-06,2.070329609561103e-05
451,7,1-4,adjust,-0.0,-0.0,8.264132685672715e-06
451,8,1-5,adjust,-0.0,-0.0,1.754021700001823e-05
451,9,1-5,adjust,0.00020458418761974415,5.621114236563831e-06,6.985884028995088e-05
452,2,1-7,adjust,0.0004656211538497826,-1.2793054269889426e-05,6.603927065263271e-06
452,3,1-7,adjust,-0.00018429925242943157,2.196469680832105e-06,1.886459916836455e-05
452,4,1-7,adjust,-0.0,-0.0,1.8479700572346714e-05
452,5,1-7,adjust,-0.0,-0.0,6.682405096870649e-05
452,6,1-7,adjust,0.0009002759229053776,1.5873343654082204e-06,7.228601053887395e-05
452,9,1-8,adjust,-0.00020458418761260208,-5.621114236031347e-06,2.4208938745920966e-05
453,2,1-4,adjust,-0.00046562115386052945,1.2793054270255164e-05,5.5705268866410445e-06
453,3,1-5,adjust,0.0001842992524088633,-2.1964696807337526e-06,1.3092394543467346e-05
453,6,1-5,adjust,-0.0009002759229294627,-1.5873343654185527e-06,2.070329609609177e-05
453,7,1-4,adjust,-0.0,-0.0,8.264132685672715e-06
453,8,1-5,adjust,-0.0,-0.0,1.754021700001823e-05
453,9,1-5,adjust,0.00020458418762480694,5.6211142366289235e-06,6.985884028908554e-05
454,2,1-7,adjust,0.00046562115386273656,-1.2793054270578397e-05,6.603927065904258e-06
454,3,1-7,adjust,-0.00018429925242943157,2.196469680832105e-06,1.886459916836455e-05
454,4,1-7,adjust,-0.0,-0.0,1.8479700572346714e-05
454,5,1-7,adjust,-0.0,-0.0,6.682405096870649e-05
454,6,1-7,adjust,0.000900275922948559,1.5873343665945557e-06,7.228601053884191e-05
454,9,1-8,adjust,-0.00020458418763415326,-5.621114236697481e-06,2.420893874656195e-05
455,2,1-4,adjust,-0.0004656211538558322,1.2793054270385155e-05,5.570526885743662e-06
455,3,1-5,adjust,0.0001842992524088633,-2.1964696807337526e-06,1.3092394543467346e-05
455,6,1-5,adjust,-0.000900275922922502,-1.5873343664794795e-06,2.070329609561103e-05
455,7,1-4,adjust,-0.0,-0.0,8.264132685672715e-06
455,8,1-5,adjust,-0.0,-0.0,1.754021700001823e-05
455,9,1-5,adjust,0.0002045841876121495,5.621114236577223e-06,6.98588402883484e-05
456,2,1-7,adjust,0.0004656211538497826,-1.2793054269889426e-05,6.603927065263271e-06
456,3,1-7,adjust,-0.00018429925242943157,2.196469680832105e-06,1.886459916836455e-05
456,4,1-7,adjust,-0.0,-0.0,1.8479700572346714e-05
456,5,1-7,adjust,-0.0,-0.0,6.682405096870649e-05
456,6,1-7,adjust,0.0009002759229053776,1.5873343654082204e-06,7.228601053887395e-05
456,9,1-8,adjust,-0.00020458418761933687,-5.6211142368085e-06,2.4208938746305556e-05
457,2,1-4,adjust,-0.00046562115386052945,1.2793054270255164e-05,5.5705268866410445e-06
457,3,1-5,adjust,0.0001842992524088633,-2.1964696807337526e-06,1.3092394543467346e-05
457,6,1-5,adjust,-0.0009002759229294627,-1.5873343654185527e-06,2.070329609609177e-05
457,7,1-4,adjust,-0.0,-0.0,8.264132685672715e-06
457,8,1-5,adjust,-0.0,-0.0,1.754021700001823e-05
457,9,1-5,adjust,0.00020458418761974415,5.621114236563831e-06,6.985884028995088e-05
458,2,1-7,adjust,0.00046562115386273656,-1.2793054270578397e-05,6.603927065904258e-06
458,3,1-7,adjust,-0.00018429925242943157,2.196469680832105e-06,1.886459916836455e-05
458,4,1-7,adjust,-0.0,-0.0,1.8479700572346714e-05
458,5,1-7,adjust,-0.0,-0.0,6.682405096870649e-05
458,6,1-7,adjust,0.000900275922948559,1.5873343665945557e-06,7.228601053884191e-05
458,9,1-8,adjust,-0.00020458418761260208,-5.621114236031347e-06,2.4208938745920966e-05
459,2,1-4,adjust,-0.0004656211538558322,1.2793054270385155e-05,5.570526885743662e-06
459,3,1-5,adjust,0.0001842992524088633,-2.1964696807337526e-06,1.3092394543467346e-05
459,6,1-5,adjust,-0.000900275922922502,-1.5873343664794795e-06,2.070329609561103e-05
459,7,1-4,adjust,-0.0,-0.0,8.264132685672715e-06
459,8,1-5,adjust,-0.0,-0.0,1.754021700001823e-05
459,9,1-5,adjust,0.00020458418762480694,5.6211142366289235e-06,6.985884028908554e-05
460,2,1-7,adjust,0.0004656211538497826,-1.2793054269889426e-05,6.603927065263271e-06
460,3,1-7,adjust,-0.00018429925242943157,2.196469680832105e-06,1.886459916836455e-05
460,4,1-7,adjust,-0.0,-0.0,1.8479700572346714e-05
460,5,1-7,adjust,-0.0,-0.0,6.682405096870649e-05
460,6,1-7,adjust,0.0009002759229053776,1.5873343654082204e-06,7.228601053887395e-05
460,9,1-8,adjust,-0.00020458418763415326,-5.621114236697481e-06,2.420893874656195e-05
461,2,1-4,adjust,-0.00046562115386052945,1.2793054270255164e-05,5.5705268866410445e-06
461,3,1-5,adjust,0.0001842992524088633,-2.1964696807337526e-06,1.3092394543467346e-05
461,6,1-5,adjust,-0.0009002759229294627,-1.5873343654185527e-06,2.070329609609177e-05
461,7,1-4,adjust,-0.0,-0.0,8.264132685672715e-06
461,8,1-5,adjust,-0.0,-0.0,1.754021700001823e-05
461,9,1-5,adjust,0.0002045841876121495,5.621114236577223e-06,6.98588402883484e-05
462,2,1-7,adjust,0.00046562115386273656,-1.2793054270578397e-05,6.603927065904258e-06
462,3,1-7,adjust,-0.00018429925242943157,2.196469680832105e-06,1.886459916836455e-05
462,4,1-7,adjust,-0.0,-0.0,1.8479700572346714e-05
462,5,1-7,adjust,-0.0,-0.0,6.682405096870649e-05
462,6,1-7,adjust,0.000900275922948559,1.5873343665945557e-06,7.228601053884191e-05
462,9,1-8,adjust,-0.00020458418761933687,-5.6211142368085e-06,2.4208938746305556e-05
463,2,1-4,adjust,-0.0004656211538558322,1.2793054270385155e-05,5.570526885743662e-06
463,3,1-5,adjust,0.0001842992524088633,-2.1964696807337526e-06,1.3092394543467346e-05
463,6,1-5,adjust,-0.000900275922922502,-1.5873343664794795e-06,2.070329609561103e-05
463,7,1-4,adjust,-0.0,-0.0,8.264132685672715e-06
463,8,1-5,adjust,-0.0,-0.0,1.754021700001823e-05
463,9,1-5,adjust,0.00020458418761974415,5.621114236563831e-06,6.985884028995088e-05
464,2,1-7,adjust,0.0004656211538497826,-1.2793054269889426e-05,6.603927065263271e-06
464,3,1-7,adjust,-0.00018429925242943157,2.196469680832105e-06,1.886459916836455e-05
464,4,1-7,adjust,-0.0,-0.0,1.8479700572346714e-05
464,5,1-7,adjust,-0.0,-0.0,6.682405096870649e-05
464,6,1-7,adjust,0.0009002759229053776,1.5873343654082204e-06,7.228601053887395e-05
464,9,1-8,adjust,-0.00020458418761260208,-5.621114236031347e-06,2.4208938745920966e-05
465,2,1-4,adjust,-0.00046562115386052945,1.2793054270255164e-05,5.5705268866410445e-06
465,3,1-5,adjust,0.0001842992524088633,-2.1964696807337526e-06,1.3092394543467346e-05
465,6,1-5,adjust,-0.0009002759229294627,-1.5873343654185527e-06,2.070329609609177e-05
465,7,1-4,adjust,-0.0,-0.0,8.264132685672715e-06
465,8,1-5,adjust,-0.0,-0.0,1.754021700001823e-05
465,9,1-5,adjust,0.00020458418762480694,5.6211142366289235e-06,6.985884028908554e-05
466,2,1-7,adjust,0.00046562115386273656,-1.2793054270578397e-05,6.603927065904258e-06
466,3,1-7,adjust,-0.00018429925242943157,2.196469680832105e-06,1.886459916836455e-05
466,4,1-7,adjust,-0.0,-0.0,1.8479700572346714e-05
466,5,1-7,adjust,-0.0,-0.0,6.682405096870649e-05
466,6,1-7,adjust,0.000900275922948559,1.5873343665945557e-06,7.228601053884191e-05
466,9,1-8,adjust,-0.00020458418763415326,-5.621114236697481e-06,2.420893874656195e-05
467,2,1-4,adjust,-0.0004656211538558322,1.2793054270385155e-05,5.570526885743662e-06
467,3,1-5,adjust,0.0001842992524088633,-2.1964696807337526e-06,1.3092394543467346e-05
467,6,1-5,adjust,-0.000900275922922502,-1.5873343664794795e-06,2.070329609561103e-05
467,7,1-4,adjust,-0.0,-0.0,8.264132685672715e-06
467,8,1-5,adjust,-0.0,-0.0,1.754021700001823e-05
467,9,1-5,adjust,0.0002045841876121495,5.621114236577223e-06,6.98588402883484e-05
468,2,1-7,adjust,0.0004656211538497826,-1.2793054269889426e-05,6.603927065263271e-06
468,3,1-7,adjust,-0.00018429925242943157,2.196469680832105e-06,1.886459916836455e-05
468,4,1-7,adjust,-0.0,-0.0,1.8479700572346714e-05
468,5,1-7,adjust,-0.0,-0.0,6.682405096870649e-05
468,6,1-7,adjust,0.0009002759229053776,1.5873343654082204e-06,7.228601053887395e-05
468,9,1-8,adjust,-0.00020458418761933687,-5.6211142368085e-06,2.4208938746305556e-05
469,2,1-4,adjust,-0.00046562115386052945,1.2793054270255164e-05,5.5705268866410445e-06
469,3,1-5,adjust,0.0001842992524088633,-2.1964696807337526e-06,1.3092394543467346e-05
469,6,1-5,adjust,-0.0009002759229294627,-1.5873343654185527e-06,2.070329609609177e-05
469,7,1-4,adjust,-0.0,-0.0,8.264132685672715e-06
469,8,1-5,adjust,-0.0,-0.0,1.754021700001823e-05
469,9,1-5,adjust,0.00020458418761974415,5.621114236563831e-06,6.985884028995088e-05
470,2,1-7,adjust,0.00046562115386273656,-1.2793054270578397e-05,6.603927065904258e-06
470,3,1-7,adjust,-0.00018429925242943157,2.196469680832105e-06,1.886459916836455e-05
470,4,1-7,adjust,-0.0,-0.0,1.8479700572346714e-05
470,5,1-7,adjust,-0.0,-0.0,6.682405096870649e-05
470,6,1-7,adjust,0.000900275922948559,1.5873343665945557e-06,7.228601053884191e-05
470,9,1-8,adjust,-0.00020458418761260208,-5.621114236031347e-06,2.4208938745920966e-05
471,2,1-4,adjust,-0.0004656211538558322,1.2793054270385155e-05,5.570526885743662e-06
471,3,1-5,adjust,0.0001842992524088633,-2.1964696807337526e-06,1.3092394543467346e-05
471,6,1-5,adjust,-0.000900275922922502,-1.5873343664794795e-06,2.070329609561103e-05
471,7,1-4,adjust,-0.0,-0.0,8.264132685672715e-06
471,8,1-5,adjust,-0.0,-0.0,1.754021700001823e-05
471,9,1-5,adjust,0.00020458418762480694,5.6211142366289235e-06,6.985884028908554e-05
472,2,1-7,adjust,0.0004656211538497826,-1.2793054269889426e-05,6.603927065263271e-06
472,3,1-7,adjust,-0.00018429925242943157,2.196469680832105e-06,1.886459916836455e-05
472,4,1-7,adjust,-0.0,-0.0,1.8479700572346714e-05
472,5,1-7,adjust,-0.0,-0.0,6.682405096870649e-05
472,6,1-7,adjust,0.0009002759229053776,1.5873343654082204e-06,7.228601053887395e-05
472,9,1-8,adjust,-0.00020458418763415326,-5.621114236697481e-06,2.420893874656195e-05
473,2,1-4,adjust,-0.00046562115386052945,1.2793054270255164e-05,5.5705268866410445e-06
473,3,1-5,adjust,0.0001842992524088633,-2.1964696807337526e-06,1.3092394543467346e-05
473,6,1-5,adjust,-0.0009002759229294627,-1.5873343654185527e-06,2.070329609609177e-05
473,7,1-4,adjust,-0.0,-0.0,8.264132685672715e-06
473,8,1-5,adjust,-0.0,-0.0,1.754021700001823e-05
473,9,1-5,adjust,0.0002045841876121495,5.621114236577223e-06,6.98588402883484e-05
474,2,1-7,adjust,0.00046562115386273656,-1.2793054270578397e-05,6.603927065904258e-06
474,3,1-7,adjust,-0.00018429925242943157,2.196469680832105e-06,1.886459916836455e-05
474,4,1-7,adjust,-0.0,-0.0,1.8479700572346714e-05
474,5,1-7,adjust,-0.0,-0.0,6.682405096870649e-05
474,6,1-7,adjust,0.000900275922948559,1.5873343665945557e-06,7.228601053884191e-05
474,9,1-8,adjust,-0.00020458418761933687,-5.6211142368085e-06,2.4208938746305556e-05
475,2,1-4,adjust,-0.0004656211538558322,1.2793054270385155e-05,5.570526885743662e-06
475,3,1-5,adjust,0.0001842992524088633,-2.1964696807337526e-06,1.3092394543467346e-05
475,6,1-5,adjust,-0.000900275922922502,-1.5873343664794795e-06,2.070329609561103e-05
475,7,1-4,adjust,-0.0,-0.0,8.264132685672715e-06
475,8,1-5,adjust,-0.0,-0.0,1.754021700001823e-05
475,9,1-5,adjust,0.00020458418761974415,5.621114236563831e-06,6.985884028995088e-05
476,2,1-7,adjust,0.0004656211538497826,-1.2793054269889426e-05,6.603927065263271e-06
476,3,1-7,adjust,-0.00018429925242943157,2.196469680832105e-06,1.886459916836455e-05
476,4,1-7,adjust,-0.0,-0.0,1.8479700572346714e-05
476,5,1-7,adjust,-0.0,-0.0,6.682405096870649e-05
476,6,1-7,adjust,0.0009002759229053776,1.5873343654082204e-06,7.228601053887395e-05
476,9,1-8,adjust,-0.00020458418761260208,-5.621114236031347e-06,2.4208938745920966e-05
477,2,1-4,adjust,-0.00046562115386052945,1.2793054270255164e-05,5.5705268866410445e-06
477,3,1-5,adjust,0.0001842992524088633,-2.1964696807337526e-06,1.3092394543467346e-05
477,6,1-5,adjust,-0.0009002759229294627,-1.5873343654185527e-06,2.070329609609177e-05
477,7,1-4,adjust,-0.0,-0.0,8.264132685672715e-06
477,8,1-5,adjust,-0.0,-0.0,1.754021700001823e-05
477,9,1-5,adjust,0.00020458418762480694,5.6211142366289235e-06,6.985884028908554e-05
478,2,1-7,adjust,0.00046562115386273656,-1.2793054270578397e-05,6.603927065904258e-06
478,3,1-7,adjust,-0.00018429925242943157,2.196469680832105e-06,1.886459916836455e-05
478,4,1-7,adjust,-0.0,-0.0,1.8479700572346714e-05
478,5,1-7,adjust,-0.0,-0.0,6.682405096870649e-05
478,6,1-7,adjust,0.000900275922948559,1.5873343665945557e-06,7.228601053884191e-05
478,9,1-8,adjust,-0.00020458418763415326,-5.621114236697481e-06,2.420893874656195e-05
479,2,1-4,adjust,-0.0004656211538558322,1.2793054270385155e-05,5.570526885743662e-06
479,3,1-5,adjust,0.0001842992524088633,-2.1964696807337526e-06,1.3092394543467346e-05
479,6,1-5,adjust,-0.000900275922922502,-1.5873343664794795e-06,2.070329609561103e-05
479,7,1-4,adjust,-0.0,-0.0,8.264132685672715e-06
479,8,1-5,adjust,-0.0,-0.0,1.754021700001823e-05
479,9,1-5,adjust,0.0002045841876121495,5.621114236577223e-06,6.98588402883484e-05
480,2,1-7,adjust,0.0004656211538497826,-1.2793054269889426e-05,6.603927065263271e-06
480,3,1-7,adjust,-0.00018429925242943157,2.196469680832105e-06,1.886459916836455e-05
480,4,1-7,adjust,-0.0,-0.0,1.8479700572346714e-05
480,5,1-7,adjust,-0.0,-0.0,6.682405096870649e-05
480,6,1-7,adjust,0.0009002759229053776,1.5873343654082204e-06,7.228601053887395e-05
480,9,1-8,adjust,-0.00020458418761933687,-5.6211142368085e-06,2.4208938746305556e-05
481,2,1-4,adjust,-0.00046562115386052945,1.2793054270255164e-05,5.5705268866410445e-06
481,3,1-5,adjust,0.0001842992524088633,-2.1964696807337526e-06,1.3092394543467346e-05
481,6,1-5,adjust,-0.0009002759229294627,-1.5873343654185527e-06,2.070329609609177e-05
481,7,1-4,adjust,-0.0,-0.0,8.264132685672715e-06
481,8,1-5,adjust,-0.0,-0.0,1.754021700001823e-05
481,9,1-5,adjust,0.00020458418761974415,5.621114236563831e-06,6.985884028995088e-05
482,2,1-7,adjust,0.00046562115386273656,-1.2793054270578397e-05,6.603927065904258e-06
482,3,1-7,adjust,-0.00018429925242943157,2.196469680832105e-06,1.886459916836455e-05
482,4,1-7,adjust,-0.0,-0.0,1.8479700572346714e-05
482,5,1-7,adjust,-0.0,-0.0,6.682405096870649e-05
482,6,1-7,adjust,0.000900275922948559,1.5873343665945557e-06,7.228601053884191e-05
482,9,1-8,adjust,-0.00020458418761260208,-5.621114236031347e-06,2.4208938745920966e-05
483,2,1-4,adjust,-0.0004656211538558322,1.2793054270385155e-05,5.570526885743662e-06
483,3,1-5,adjust,0.0001842992524088633,-2.1964696807337526e-06,1.3092394543467346e-05
483,6,1-5,adjust,-0.000900275922922502,-1.5873343664794795e-06,2.070329609561103e-05
483,7,1-4,adjust,-0.0,-0.0,8.264132685672715e-06
483,8,1-5,adjust,-0.0,-0.0,1.754021700001823e-05
483,9,1-5,adjust,0.00020458418762480694,5.6211142366289235e-06,6.985884028908554e-05
484,2,1-7,adjust,0.0004656211538497826,-1.2793054269889426e-05,6.603927065263271e-06
484,3,1-7,adjust,-0.00018429925242943157,2.196469680832105e-06,1.886459916836455e-05
484,4,1-7,adjust,-0.0,-0.0,1.8479700572346714e-05
484,5,1-7,adjust,-0.0,-0.0,6.682405096870649e-05
484,6,1-7,adjust,0.0009002759229053776,1.5873343654082204e-06,7.228601053887395e-05
484,9,1-8,adjust,-0.00020458418763415326,-5.621114236697481e-06,2.420893874656195e-05
485,2,1-4,adjust,-0.00046562115386052945,1.2793054270255164e-05,5.5705268866410445e-06
485,3,1-5,adjust,0.0001842992524088633,-2.1964696807337526e-06,1.3092394543467346e-05
485,6,1-5,adjust,-0.0009002759229294627,-1.5873343654185527e-06,2.070329609609177e-05
485,7,1-4,adjust,-0.0,-0.0,8.264132685672715e-06
485,8,1-5,adjust,-0.0,-0.0,1.754021700001823e-05
485,9,1-5,adjust,0.0002045841876121495,5.621114236577223e-06,6.98588402883484e-05
486,2,1-7,adjust,0.00046562115386273656,-1.2793054270578397e-05,6.603927065904258e-06
486,3,1-7,adjust,-0.00018429925242943157,2.196469680832105e-06,1.886459916836455e-05
486,4,1-7,adjust,-0.0,-0.0,1.8479700572346714e-05
486,5,1-7,adjust,-0.0,-0.0,6.682405096870649e-05
486,6,1-7,adjust,0.000900275922948559,1.5873343665945557e-06,7.228601053884191e-05
486,9,1-8,adjust,-0.00020458418761933687,-5.6211142368085e-06,2.4208938746305556e-05
487,2,1-4,adjust,-0.0004656211538558322,1.2793054270385155e-05,5.570526885743662e-06
487,3,1-5,adjust,0.0001842992524088633,-2.1964696807337526e-06,1.3092394543467346e-05
487,6,1-5,adjust,-0.000900275922922502,-1.5873343664794795e-06,2.070329609561103e-05
487,7,1-4,adjust,-0.0,-0.0,8.264132685672715e-06
487,8,1-5,adjust,-0.0,-0.0,1.754021700001823e-05
487,9,1-5,adjust,0.00020458418761974415,5.621114236563831e-06,6.985884028995088e-05
488,2,1-7,adjust,0.0004656211538497826,-1.2793054269889426e-05,6.603927065263271e-06
488,3,1-7,adjust,-0.00018429925242943157,2.196469680832105e-06,1.886459916836455e-05
488,4,1-7,adjust,-0.0,-0.0,1.8479700572346714e-05
488,5,1-7,adjust,-0.0,-0.0,6.682405096870649e-05
488,6,1-7,adjust,0.0009002759229053776,1.5873343654082204e-06,7.228601053887395e-05
488,9,1-8,adjust,-0.00020458418761260208,-5.621114236031347e-06,2.4208938745920966e-05
489,2,1-4,adjust,-0.00046562115386052945,1.2793054270255164e-05,5.5705268866410445e-06
489,3,1-5,adjust,0.0001842992524088633,-2.1964696807337526e-06,1.3092394543467346e-05
489,6,1-5,adjust,-0.0009002759229294627,-1.5873343654185527e-06,2.070329609609177e-05
489,7,1-4,adjust,-0.0,-0.0,8.264132685672715e-06
489,8,1-5,adjust,-0.0,-0.0,1.754021700001823e-05
489,9,1-5,adjust,0.00020458418762480694,5.6211142366289235e-06,6.985884028908554e-05
490,2,1-7,adjust,0.00046562115386273656,-1.2793054270578397e-05,6.603927065904258e-06
490,3,1-7,adjust,-0.00018429925242943157,2.196469680832105e-06,1.886459916836455e-05
490,4,1-7,adjust,-0.0,-0.0,1.8479700572346714e-05
490,5,1-7,adjust,-0.0,-0.0,6.682405096870649e-05
490,6,1-7,adjust,0.000900275922948559,1.5873343665945557e-06,7.228601053884191e-05
490,9,1-8,adjust,-0.00020458418763415326,-5.621114236697481e-06,2.420893874656195e-05
491,2,1-4,adjust,-0.0004656211538558322,1.2793054270385155e-05,5.570526885743662e-06
491,3,1-5,adjust,0.0001842992524088633,-2.1964696807337526e-06,1.3092394543467346e-05
491,6,1-5,adjust,-0.000900275922922502,-1.5873343664794795e-06,2.070329609561103e-05
491,7,1-4,adjust,-0.0,-0.0,8.264132685672715e-06
491,8,1-5,adjust,-0.0,-0.0,1.754021700001823e-05
491,9,1-5,adjust,0.0002045841876121495,5.621114236577223e-06,6.98588402883484e-05
492,2,1-7,adjust,0.0004656211538497826,-1.2793054269889426e-05,6.603927065263271e-06
492,3,1-7,adjust,-0.00018429925242943157,2.196469680832105e-06,1.886459916836455e-05
492,4,1-7,adjust,-0.0,-0.0,1.8479700572346714e-05
492,5,1-7,adjust,-0.0,-0.0,6.682405096870649e-05
492,6,1-7,adjust,0.0009002759229053776,1.5873343654082204e-06,7.228601053887395e-05
492,9,1-8,adjust,-0.00020458418761933687,-5.6211142368085e-06,2.4208938746305556e-05
493,2,1-4,adjust,-0.00046562115386052945,1.2793054270255164e-05,5.5705268866410445e-06
493,3,1-5,adjust,0.0001842992524088633,-2.1964696807337526e-06,1.3092394543467346e-05
493,6,1-5,adjust,-0.0009002759229294627,-1.5873343654185527e-06,2.070329609609177e-05
493,7,1-4,adjust,-0.0,-0.0,8.264132685672715e-06
493,8,1-5,adjust,-0.0,-0.0,1.754021700001823e-05
493,9,1-5,adjust,0.00020458418761974415,5.621114236563831e-06,6.985884028995088e-05
494,2,1-7,adjust,0.00046562115386273656,-1.2793054270578397e-05,6.603927065904258e-06
494,3,1-7,adjust,-0.00018429925242943157,2.196469680832105e-06,1.886459916836455e-05
494,4,1-7,adjust,-0.0,-0.0,1.8479700572346714e-05
494,5,1-7,adjust,-0.0,-0.0,6.682405096870649e-05
494,6,1-7,adjust,0.000900275922948559,1.5873343665945557e-06,7.228601053884191e-05
494,9,1-8,adjust,-0.00020458418761260208,-5.621114236031347e-06,2.4208938745920966e-05
495,2,1-4,adjust,-0.0004656211538558322,1.2793054270385155e-05,5.570526885743662e-06
495,3,1-5,adjust,0.0001842992524088633,-2.1964696807337526e-06,1.3092394543467346e-05
495,6,1-5,adjust,-0.000900275922922502,-1.5873343664794795e-06,2.070329609561103e-05
495,7,1-4,adjust,-0.0,-0.0,8.264132685672715e-06
495,8,1-5,adjust,-0.0,-0.0,1.754021700001823e-05
495,9,1-5,adjust,0.00020458418762480694,5.6211142366289235e-06,6.985884028908554e-05
496,2,1-7,adjust,0.0004656211538497826,-1.2793054269889426e-05,6.603927065263271e-06
496,3,1-7,adjust,-0.00018429925242943157,2.196469680832105e-06,1.886459916836455e-05
496,4,1-7,adjust,-0.0,-0.0,1.8479700572346714e-05
496,5,1-7,adjust,-0.0,-0.0,6.682405096870649e-05
496,6,1-7,adjust,0.0009002759229053776,1.5873343654082204e-06,7.228601053887395e-05
496,9,1-8,adjust,-0.00020458418763415326,-5.621114236697481e-06,2.420893874656195e-05
497,2,1-4,adjust,-0.00046562115386052945,1.2793054270255164e-05,5.5705268866410445e-06
497,3,1-5,adjust,0.0001842992524088633,-2.1964696807337526e-06,1.3092394543467346e-05
497,6,1-5,adjust,-0.0009002759229294627,-1.5873343654185527e-06,2.070329609609177e-05
497,7,1-4,adjust,-0.0,-0.0,8.264132685672715e-06
497,8,1-5,adjust,-0.0,-0.0,1.754021700001823e-05
497,9,1-5,adjust,0.0002045841876121495,5.621114236577223e-06,6.98588402883484e-05
498,2,1-7,adjust,0.00046562115386273656,-1.2793054270578397e-05,6.603927065904258e-06
498,3,1-7,adjust,-0.00018429925242943157,2.196469680832105e-06,1.886459916836455e-05
498,4,1-7,adjust,-0.0,-0.0,1.8479700572346714e-05
498,5,1-7,adjust,-0.0,-0.0,6.682405096870649e-05
498,6,1-7,adjust,0.000900275922948559,1.5873343665945557e-06,7.228601053884191e-05
498,9,1-8,adjust,-0.00020458418761933687,-5.6211142368085e-06,2.4208938746305556e-05
499,2,1-4,adjust,-0.0004656211538558322,1.2793054270385155e-05,5.570526885743662e-06
499,3,1-5,adjust,0.0001842992524088633,-2.1964696807337526e-06,1.3092394543467346e-05
499,6,1-5,adjust,-0.000900275922922502,-1.5873343664794795e-06,2.070329609561103e-05
499,7,1-4,adjust,-0.0,-0.0,8.264132685672715e-06
499,8,1-5,adjust,-0.0,-0.0,1.754021700001823e-05
499,9,1-5,adjust,0.00020458418761974415,5.621114236563831e-06,6.985884028995088e-05
500,2,1-7,adjust,0.0004656211538497826,-1.2793054269889426e-05,6.603927065263271e-06
500,3,1-7,adjust,-0.00018429925242943157,2.196469680832105e-06,1.886459916836455e-05
500,4,1-7,adjust,-0.0,-0.0,1.8479700572346714e-05
500,5,1-7,adjust,-0.0,-0.0,6.682405096870649e-05
500,6,1-7,adjust,0.0009002759229053776,1.5873343654082204e-06,7.228601053887395e-05
500,9,1-8,adjust,-0.00020458418761260208,-5.621114236031347e-06,2.4208938745920966e-05
501,2,1-4,adjust,-0.00046562115386052945,1.2793054270255164e-05,5.5705268866410445e-06
501,3,1-5,adjust,0.0001842992524088633,-2.1964696807337526e-06,1.3092394543467346e-05
501,6,1-5,adjust,-0.0009002759229294627,-1.5873343654185527e-06,2.070329609609177e-05
501,7,1-4,adjust,-0.0,-0.0,8.264132685672715e-06
501,8,1-5,adjust,-0.0,-0.0,1.754021700001823e-05
501,9,1-5,adjust,0.00020458418762480694,5.6211142366289235e-06,6.985884028908554e-05
502,2,1-7,adjust,0.00046562115386273656,-1.2793054270578397e-05,6.603927065904258e-06
502,3,1-7,adjust,-0.00018429925242943157,2.196469680832105e-06,1.886459916836455e-05
502,4,1-7,adjust,-0.0,-0.0,1.8479700572346714e-05
502,5,1-7,adjust,-0.0,-0.0,6.682405096870649e-05
502,6,1-7,adjust,0.000900275922948559,1.5873343665945557e-06,7.228601053884191e-05
502,9,1-8,adjust,-0.00020458418763415326,-5.621114236697481e-06,2.420893874656195e-05
503,2,1-4,adjust,-0.0004656211538558322,1.2793054270385155e-05,5.570526885743662e-06
503,3,1-5,adjust,0.0001842992524088633,-2.1964696807337526e-06,1.3092394543467346e-05
503,6,1-5,adjust,-0.000900275922922502,-1.5873343664794795e-06,2.070329609561103e-05
503,7,1-4,adjust,-0.0,-0.0,8.264132685672715e-06
503,8,1-5,adjust,-0.0,-0.0,1.754021700001823e-05
503,9,1-5,adjust,0.0002045841876121495,5.621114236577223e-06,6.98588402883484e-05
504,2,1-7,adjust,0.0004656211538497826,-1.2793054269889426e-05,6.603927065263271e-06
504,3,1-7,adjust,-0.00018429925242943157,2.196469680832105e-06,1.886459916836455e-05
504,4,1-7,adjust,-0.0,-0.0,1.8479700572346714e-05
504,5,1-7,adjust,-0.0,-0.0,6.682405096870649e-05
504,6,1-7,adjust,0.0009002759229053776,1.5873343654082204e-06,7.228601053887395e-05
504,9,1-8,adjust,-0.00020458418761933687,-5.6211142368085e-06,2.4208938746305556e-05
505,2,1-4,adjust,-0.00046562115386052945,1.2793054270255164e-05,5.5705268866410445e-06
505,3,1-5,adjust,0.0001842992524088633,-2.1964696807337526e-06,1.3092394543467346e-05
505,6,1-5,adjust,-0.0009002759229294627,-1.5873343654185527e-06,2.070329609609177e-05
505,7,1-4,adjust,-0.0,-0.0,8.264132685672715e-06
505,8,1-5,adjust,-0.0,-0.0,1.754021700001823e-05
505,9,1-5,adjust,0.00020458418761974415,5.621114236563831e-06,6.985884028995088e-05
506,2,1-7,adjust,0.00046562115386273656,-1.2793054270578397e-05,6.603927065904258e-06
506,3,1-7,adjust,-0.00018429925242943157,2.196469680832105e-06,1.886459916836455e-05
506,4,1-7,adjust,-0.0,-0.0,1.8479700572346714e-05
506,5,1-7,adjust,-0.0,-0.0,6.682405096870649e-05
506,6,1-7,adjust,0.000900275922948559,1.5873343665945557e-06,7.228601053884191e-05
506,9,1-8,adjust,-0.00020458418761260208,-5.621114236031347e-06,2.4208938745920966e-05
507,2,1-4,adjust,-0.0004656211538558322,1.2793054270385155e-05,5.570526885743662e-06
507,3,1-5,adjust,0.0001842992524088633,-2.1964696807337526e-06,1.3092394543467346e-05
507,6,1-5,adjust,-0.000900275922922502,-1.5873343664794795e-06,2.070329609561103e-05
507,7,1-4,adjust,-0.0,-0.0,8.264132685672715e-06
507,8,1-5,adjust,-0.0,-0.0,1.754021700001823e-05
507,9,1-5,adjust,0.00020458418762480694,5.6211142366289235e-06,6.985884028908554e-05
508,2,1-7,adjust,0.0004656211538497826,-1.2793054269889426e-05,6.603927065263271e-06
508,3,1-7,adjust,-0.00018429925242943157,2.196469680832105e-06,1.886459916836455e-05
508,4,1-7,adjust,-0.0,-0.0,1.8479700572346714e-05
508,5,1-7,adjust,-0.0,-0.0,6.682405096870649e-05
508,6,1-7,adjust,0.0009002759229053776,1.5873343654082204e-06,7.228601053887395e-05
508,9,1-8,adjust,-0.00020458418763415326,-5.621114236697481e-06,2.420893874656195e-05
509,2,1-4,adjust,-0.00046562115386052945,1.2793054270255164e-05,5.5705268866410445e-06
509,3,1-5,adjust,0.0001842992524088633,-2.1964696807337526e-06,1.3092394543467346e-05
509,6,1-5,adjust,-0.0009002759229294627,-1.5873343654185527e-06,2.070329609609177e-05
509,7,1-4,adjust,-0.0,-0.0,8.264132685672715e-06
509,8,1-5,adjust,-0.0,-0.0,1.754021700001823e-05
509,9,1-5,adjust,0.0002045841876121495,5.621114236577223e-06,6.98588402883484e-05
510,2,1-7,adjust,0.00046562115386273656,-1.2793054270578397e-05,6.603927065904258e-06
510,3,1-7,adjust,-0.00018429925242943157,2.196469680832105e-06,1.886459916836455e-05
510,4,1-7,adjust,-0.0,-0.0,1.8479700572346714e-05
510,5,1-7,adjust,-0.0,-0.0,6.682405096870649e-05
510,6,1-7,adjust,0.000900275922948559,1.5873343665945557e-06,7.228601053884191e-05
510,9,1-8,adjust,-0.00020458418761933687,-5.6211142368085e-06,2.4208938746305556e-05
511,2,1-4,adjust,-0.0004656211538558322,1.2793054270385155e-05,5.570526885743662e-06
511,3,1-5,adjust,0.0001842992524088633,-2.1964696807337526e-06,1.3092394543467346e-05
511,6,1-5,adjust,-0.000900275922922502,-1.5873343664794795e-06,2.070329609561103e-05
511,7,1-4,adjust,-0.0,-0.0,8.264132685672715e-06
511,8,1-5,adjust,-0.0,-0.0,1.754021700001823e-05
511,9,1-5,adjust,0.00020458418761974415,5.621114236563831e-06,6.985884028995088e-05
512,2,1-7,adjust,0.0004656211538497826,-1.2793054269889426e-05,6.603927065263271e-06
512,3,1-7,adjust,-0.00018429925242943157,2.196469680832105e-06,1.886459916836455e-05
512,4,1-7,adjust,-0.0,-0.0,1.8479700572346714e-05
512,5,1-7,adjust,-0.0,-0.0,6.682405096870649e-05
512,6,1-7,adjust,0.0009002759229053776,1.5873343654082204e-06,7.228601053887395e-05
512,9,1-8,adjust,-0.00020458418761260208,-5.621114236031347e-06,2.4208938745920966e-05
513,2,1-4,adjust,-0.00046562115386052945,1.2793054270255164e-05,5.5705268866410445e-06
513,3,1-5,adjust,0.0001842992524088633,-2.1964696807337526e-06,1.3092394543467346e-05
513,6,1-5,adjust,-0.0009002759229294627,-1.5873343654185527e-06,2.070329609609177e-05
513,7,1-4,adjust,-0.0,-0.0,8.264132685672715e-06
513,8,1-5,adjust,-0.0,-0.0,1.754021700001823e-05
513,9,1-5,adjust,0.00020458418762480694,5.6211142366289235e-06,6.985884028908554e-05
514,2,1-7,adjust,0.00046562115386273656,-1.2793054270578397e-05,6.603927065904258e-06
514,3,1-7,adjust,-0.00018429925242943157,2.196469680832105e-06,1.886459916836455e-05
514,4,1-7,adjust,-0.0,-0.0,1.8479700572346714e-05
514,5,1-7,adjust,-0.0,-0.0,6.682405096870649e-05
514,6,1-7,adjust,0.000900275922948559,1.5873343665945557e-06,7.228601053884191e-05
514,9,1-8,adjust,-0.00020458418763415326,-5.621114236697481e-06,2.420893874656195e-05
515,2,1-4,adjust,-0.0004656211538558322,1.2793054270385155e-05,5.570526885743662e-06
515,3,1-5,adjust,0.0001842992524088633,-2.1964696807337526e-06,1.3092394543467346e-05
515,6,1-5,adjust,-0.000900275922922502,-1.5873343664794795e-06,2.070329609561103e-05
515,7,1-4,adjust,-0.0,-0.0,8.264132685672715e-06
515,8,1-5,adjust,-0.0,-0.0,1.754021700001823e-05
515,9,1-5,adjust,0.0002045841876121495,5.621114236577223e-06,6.98588402883484e-05
516,2,1-7,adjust,0.0004656211538497826,-1.2793054269889426e-05,6.603927065263271e-06
516,3,1-7,adjust,-0.00018429925242943157,2.196469680832105e-06,1.886459916836455e-05
516,4,1-7,adjust,-0.0,-0.0,1.8479700572346714e-05
516,5,1-7,adjust,-0.0,-0.0,6.682405096870649e-05
516,6,1-7,adjust,0.0009002759229053776,1.5873343654082204e-06,7.228601053887395e-05
516,9,1-8,adjust,-0.00020458418761933687,-5.6211142368085e-06,2.4208938746305556e-05
517,2,1-4,adjust,-0.00046562115386052945,1.2793054270255164e-05,5.5705268866410445e-06
517,3,1-5,adjust,0.0001842992524088633,-2.1964696807337526e-06,1.3092394543467346e-05
517,6,1-5,adjust,-0.0009002759229294627,-1.5873343654185527e-06,2.070329609609177e-05
517,7,1-4,adjust,-0.0,-0.0,8.264132685672715e-06
517,8,1-5,adjust,-0.0,-0.0,1.754021700001823e-05
517,9,1-5,adjust,0.00020458418761974415,5.621114236563831e-06,6.985884028995088e-05
518,2,1-7,adjust,0.00046562115386273656,-1.2793054270578397e-05,6.603927065904258e-06
518,3,1-7,adjust,-0.00018429925242943157,2.196469680832105e-06,1.886459916836455e-05
518,4,1-7,adjust,-0.0,-0.0,1.8479700572346714e-05
518,5,1-7,adjust,-0.0,-0.0,6.682405096870649e-05
518,6,1-7,adjust,0.000900275922948559,1.5873343665945557e-06,7.228601053884191e-05
518,9,1-8,adjust,-0.00020458418761260208,-5.621114236031347e-06,2.4208938745920966e-05
519,2,1-4,adjust,-0.0004656211538558322,1.2793054270385155e-05,5.570526885743662e-06
519,3,1-5,adjust,0.0001842992524088633,-2.1964696807337526e-06,1.3092394543467346e-05
519,6,1-5,adjust,-0.000900275922922502,-1.5873343664794795e-06,2.070329609561103e-05
519,7,1-4,adjust,-0.0,-0.0,8.264132685672715e-06
519,8,1-5,adjust,-0.0,-0.0,1.754021700001823e-05
519,9,1-5,adjust,0.00020458418762480694,5.6211142366289235e-06,6.985884028908554e-05
520,2,1-7,adjust,0.0004656211538497826,-1.2793054269889426e-05,6.603927065263271e-06
520,3,1-7,adjust,-0.00018429925242943157,2.196469680832105e-06,1.886459916836455e-05
520,4,1-7,adjust,-0.0,-0.0,1.8479700572346714e-05
520,5,1-7,adjust,-0.0,-0.0,6.682405096870649e-05
520,6,1-7,adjust,0.0009002759229053776,1.5873343654082204e-06,7.228601053887395e-05
520,9,1-8,adjust,-0.00020458418763415326,-5.621114236697481e-06,2.420893874656195e-05
521,2,1-4,adjust,-0.00046562115386052945,1.2793054270255164e-05,5.5705268866410445e-06
521,3,1-5,adjust,0.0001842992524088633,-2.1964696807337526e-06,1.3092394543467346e-05
521,6,1-5,adjust,-0.0009002759229294627,-1.5873343654185527e-06,2.070329609609177e-05
521,7,1-4,adjust,-0.0,-0.0,8.264132685672715e-06
521,8,1-5,adjust,-0.0,-0.0,1.754021700001823e-05
521,9,1-5,adjust,0.0002045841876121495,5.621114236577223e-06,6.98588402883484e-05
522,2,1-7,adjust,0.00046562115386273656,-1.2793054270578397e-05,6.603927065904258e-06
522,3,1-7,adjust,-0.00018429925242943157,2.196469680832105e-06,1.886459916836455e-05
522,4,1-7,adjust,-0.0,-0.0,1.8479700572346714e-05
522,5,1-7,adjust,-0.0,-0.0,6.682405096870649e-05
522,6,1-7,adjust,0.000900275922948559,1.5873343665945557e-06,7.228601053884191e-05
522,9,1-8,adjust,-0.00020458418761933687,-5.6211142368085e-06,2.4208938746305556e-05
523,2,1-4,adjust,-0.0004656211538558322,1.2793054270385155e-05,5.570526885743662e-06
523,3,1-5,adjust,0.0001842992524088633,-2.1964696807337526e-06,1.3092394543467346e-05
523,6,1-5,adjust,-0.000900275922922502,-1.5873343664794795e-06,2.070329609561103e-05
523,7,1-4,adjust,-0.0,-0.0,8.264132685672715e-06
523,8,1-5,adjust,-0.0,-0.0,1.754021700001823e-05
523,9,1-5,adjust,0.00020458418761974415,5.621114236563831e-06,6.985884028995088e-05
524,2,1-7,adjust,0.0004656211538497826,-1.2793054269889426e-05,6.603927065263271e-06
524,3,1-7,adjust,-0.00018429925242943157,2.196469680832105e-06,1.886459916836455e-05
524,4,1-7,adjust,-0.0,-0.0,1.8479700572346714e-05
524,5,1-7,adjust,-0.0,-0.0,6.682405096870649e-05
524,6,1-7,adjust,0.0009002759229053776,1.5873343654082204e-06,7.228601053887395e-05
524,9,1-8,adjust,-0.00020458418761260208,-5.621114236031347e-06,2.4208938745920966e-05
525,2,1-4,adjust,-0.00046562115386052945,1.2793054270255164e-05,5.5705268866410445e-06
525,3,1-5,adjust,0.0001842992524088633,-2.1964696807337526e-06,1.3092394543467346e-05
525,6,1-5,adjust,-0.0009002759229294627,-1.5873343654185527e-06,2.070329609609177e-05
525,7,1-4,adjust,-0.0,-0.0,8.264132685672715e-06
525,8,1-5,adjust,-0.0,-0.0,1.754021700001823e-05
525,9,1-5,adjust,0.00020458418762480694,5.6211142366289235e-06,6.985884028908554e-05
526,2,1-7,adjust,0.00046562115386273656,-1.2793054270578397e-05,6.603927065904258e-06
526,3,1-7,adjust,-0.00018429925242943157,2.196469680832105e-06,1.886459916836455e-05
526,4,1-7,adjust,-0.0,-0.0,1.8479700572346714e-05
526,5,1-7,adjust,-0.0,-0.0,6.682405096870649e-05
526,6,1-7,adjust,0.000900275922948559,1.5873343665945557e-06,7.228601053884191e-05
526,9,1-8,adjust,-0.00020458418763415326,-5.621114236697481e-06,2.420893874656195e-05
527,2,1-4,adjust,-0.0004656211538558322,1.2793054270385155e-05,5.570526885743662e-06
527,3,1-5,adjust,0.0001842992524088633,-2.1964696807337526e-06,1.3092394543467346e-05
527,6,1-5,adjust,-0.000900275922922502,-1.5873343664794795e-06,2.070329609561103e-05
527,7,1-4,adjust,-0.0,-0.0,8.264132685672715e-06
527,8,1-5,adjust,-0.0,-0.0,1.754021700001823e-05
527,9,1-5,adjust,0.0002045841876121495,5.621114236577223e-06,6.98588402883484e-05
528,2,1-7,adjust,0.0004656211538497826,-1.2793054269889426e-05,6.603927065263271e-06
528,3,1-7,adjust,-0.00018429925242943157,2.196469680832105e-06,1.886459916836455e-05
528,4,1-7,adjust,-0.0,-0.0,1.8479700572346714e-05
528,5,1-7,adjust,-0.0,-0.0,6.682405096870649e-05
528,6,1-7,adjust,0.0009002759229053776,1.5873343654082204e-06,7.228601053887395e-05
528,9,1-8,adjust,-0.00020458418761933687,-5.6211142368085e-06,2.4208938746305556e-05
529,2,1-4,adjust,-0.00046562115386052945,1.2793054270255164e-05,5.5705268866410445e-06
529,3,1-5,adjust,0.0001842992524088633,-2.1964696807337526e-06,1.3092394543467346e-05
529,6,1-5,adjust,-0.0009002759229294627,-1.5873343654185527e-06,2.070329609609177e-05
529,7,1-4,adjust,-0.0,-0.0,8.264132685672715e-06
529,8,1-5,adjust,-0.0,-0.0,1.754021700001823e-05
529,9,1-5,adjust,0.00020458418761974415,5.621114236563831e-06,6.985884028995088e-05
530,2,1-7,adjust,0.00046562115386273656,-1.2793054270578397e-05,6.603927065904258e-06
530,3,1-7,adjust,-0.00018429925242943157,2.196469680832105e-06,1.886459916836455e-05
530,4,1-7,adjust,-0.0,-0.0,1.8479700572346714e-05
530,5,1-7,adjust,-0.0,-0.0,6.682405096870649e-05
530,6,1-7,adjust,0.000900275922948559,1.5873343665945557e-06,7.228601053884191e-05
530,9,1-8,adjust,-0.00020458418761260208,-5.621114236031347e-06,2.4208938745920966e-05
531,2,1-4,adjust,-0.0004656211538558322,1.2793054270385155e-05,5.570526885743662e-06
531,3,1-5,adjust,0.0001842992524088633,-2.1964696807337526e-06,1.3092394543467346e-05
531,6,1-5,adjust,-0.000900275922922502,-1.5873343664794795e-06,2.070329609561103e-05
531,7,1-4,adjust,-0.0,-0.0,8.264132685672715e-06
531,8,1-5,adjust,-0.0,-0.0,1.754021700001823e-05
531,9,1-5,adjust,0.00020458418762480694,5.6211142366289235e-06,6.985884028908554e-05
532,2,1-7,adjust,0.0004656211538497826,-1.2793054269889426e-05,6.603927065263271e-06
532,3,1-7,adjust,-0.00018429925242943157,2.196469680832105e-06,1.886459916836455e-05
532,4,1-7,adjust,-0.0,-0.0,1.8479700572346714e-05
532,5,1-7,adjust,-0.0,-0.0,6.682405096870649e-05
532,6,1-7,adjust,0.0009002759229053776,1.5873343654082204e-06,7.228601053887395e-05
532,9,1-8,adjust,-0.00020458418763415326,-5.621114236697481e-06,2.420893874656195e-05
533,2,1-4,adjust,-0.00046562115386052945,1.2793054270255164e-05,5.5705268866410445e-06
533,3,1-5,adjust,0.0001842992524088633,-2.1964696807337526e-06,1.3092394543467346e-05
533,6,1-5,adjust,-0.0009002759229294627,-1.5873343654185527e-06,2.070329609609177e-05
533,7,1-4,adjust,-0.0,-0.0,8.264132685672715e-06
533,8,1-5,adjust,-0.0,-0.0,1.754021700001823e-05
533,9,1-5,adjust,0.0002045841876121495,5.621114236577223e-06,6.98588402883484e-05
534,2,1-7,adjust,0.00046562115386273656,-1.2793054270578397e-05,6.603927065904258e-06
534,3,1-7,adjust,-0.00018429925242943157,2.196469680832105e-06,1.886459916836455e-05
534,4,1-7,adjust,-0.0,-0.0,1.8479700572346714e-05
534,5,1-7,adjust,-0.0,-0.0,6.682405096870649e-05
534,6,1-7,adjust,0.000900275922948559,1.5873343665945557e-06,7.228601053884191e-05
534,9,1-8,adjust,-0.00020458418761933687,-5.6211142368085e-06,2.4208938746305556e-05
535,2,1-4,adjust,-0.0004656211538558322,1.2793054270385155e-05,5.570526885743662e-06
535,3,1-5,adjust,0.0001842992524088633,-2.1964696807337526e-06,1.3092394543467346e-05
535,6,1-5,adjust,-0.000900275922922502,-1.5873343664794795e-06,2.070329609561103e-05
535,7,1-4,adjust,-0.0,-0.0,8.264132685672715e-06
535,8,1-5,adjust,-0.0,-0.0,1.754021700001823e-05
535,9,1-5,adjust,0.00020458418761974415,5.621114236563831e-06,6.985884028995088e-05
536,2,1-7,adjust,0.0004656211538497826,-1.2793054269889426e-05,6.603927065263271e-06
536,3,1-7,adjust,-0.00018429925242943157,2.196469680832105e-06,1.886459916836455e-05
536,4,1-7,adjust,-0.0,-0.0,1.8479700572346714e-05
536,5,1-7,adjust,-0.0,-0.0,6.682405096870649e-05
536,6,1-7,adjust,0.0009002759229053776,1.5873343654082204e-06,7.228601053887395e-05
536,9,1-8,adjust,-0.00020458418761260208,-5.621114236031347e-06,2.4208938745920966e-05
537,2,1-4,adjust,-0.00046562115386052945,1.2793054270255164e-05,5.5705268866410445e-06
537,3,1-5,adjust,0.0001842992524088633,-2.1964696807337526e-06,1.3092394543467346e-05
537,6,1-5,adjust,-0.0009002759229294627,-1.5873343654185527e-06,2.070329609609177e-05
537,7,1-4,adjust,-0.0,-0.0,8.264132685672715e-06
537,8,1-5,adjust,-0.0,-0.0,1.754021700001823e-05
537,9,1-5,adjust,0.00020458418762480694,5.6211142366289235e-06,6.985884028908554e-05
538,2,1-7,adjust,0.00046562115386273656,-1.2793054270578397e-05,6.603927065904258e-06
538,3,1-7,adjust,-0.00018429925242943157,2.196469680832105e-06,1.886459916836455e-05
538,4,1-7,adjust,-0.0,-0.0,1.8479700572346714e-05
538,5,1-7,adjust,-0.0,-0.0,6.682405096870649e-05
538,6,1-7,adjust,0.000900275922948559,1.5873343665945557e-06,7.228601053884191e-05
538,9,1-8,adjust,-0.00020458418763415326,-5.621114236697481e-06,2.420893874656195e-05
539,2,1-4,adjust,-0.0004656211538558322,1.2793054270385155e-05,5.570526885743662e-06
539,3,1-5,adjust,0.0001842992524088633,-2.1964696807337526e-06,1.3092394543467346e-05
539,6,1-5,adjust,-0.000900275922922502,-1.5873343664794795e-06,2.070329609561103e-05
539,7,1-4,adjust,-0.0,-0.0,8.264132685672715e-06
539,8,1-5,adjust,-0.0,-0.0,1.754021700001823e-05
539,9,1-5,adjust,0.0002045841876121495,5.621114236577223e-06,6.98588402883484e-05
540,2,1-7,adjust,0.0004656211538497826,-1.2793054269889426e-05,6.603927065263271e-06
540,3,1-7,adjust,-0.00018429925242943157,2.196469680832105e-06,1.886459916836455e-05
540,4,1-7,adjust,-0.0,-0.0,1.8479700572346714e-05
540,5,1-7,adjust,-0.0,-0.0,6.682405096870649e-05
540,6,1-7,adjust,0.0009002759229053776,1.5873343654082204e-06,7.228601053887395e-05
540,9,1-8,adjust,-0.00020458418761933687,-5.6211142368085e-06,2.4208938746305556e-05
541,2,1-4,adjust,-0.00046562115386052945,1.2793054270255164e-05,5.5705268866410445e-06
541,3,1-5,adjust,0.0001842992524088633,-2.1964696807337526e-06,1.3092394543467346e-05
541,6,1-5,adjust,-0.0009002759229294627,-1.5873343654185527e-06,2.070329609609177e-05
541,7,1-4,adjust,-0.0,-0.0,8.264132685672715e-06
541,8,1-5,adjust,-0.0,-0.0,1.754021700001823e-05
541,9,1-5,adjust,0.00020458418761974415,5.621114236563831e-06,6.985884028995088e-05
542,2,1-7,adjust,0.00046562115386273656,-1.2793054270578397e-05,6.603927065904258e-06
542,3,1-7,adjust,-0.00018429925242943157,2.196469680832105e-06,1.886459916836455e-05
542,4,1-7,adjust,-0.0,-0.0,1.8479700572346714e-05
542,5,1-7,adjust,-0.0,-0.0,6.682405096870649e-05
542,6,1-7,adjust,0.000900275922948559,1.5873343665945557e-06,7.228601053884191e-05
542,9,1-8,adjust,-0.00020458418761260208,-5.621114236031347e-06,2.4208938745920966e-05
543,2,1-4,adjust,-0.0004656211538558322,1.2793054270385155e-05,5.570526885743662e-06
543,3,1-5,adjust,0.0001842992524088633,-2.1964696807337526e-06,1.3092394543467346e-05
543,6,1-5,adjust,-0.000900275922922502,-1.5873343664794795e-06,2.070329609561103e-05
543,7,1-4,adjust,-0.0,-0.0,8.264132685672715e-06
543,8,1-5,adjust,-0.0,-0.0,1.754021700001823e-05
543,9,1-5,adjust,0.00020458418762480694,5.6211142366289235e-06,6.985884028908554e-05
544,2,1-7,adjust,0.0004656211538497826,-1.2793054269889426e-05,6.603927065263271e-06
544,3,1-7,adjust,-0.00018429925242943157,2.196469680832105e-06,1.886459916836455e-05
544,4,1-7,adjust,-0.0,-0.0,1.8479700572346714e-05
544,5,1-7,adjust,-0.0,-0.0,6.682405096870649e-05
544,6,1-7,adjust,0.0009002759229053776,1.5873343654082204e-06,7.228601053887395e-05
544,9,1-8,adjust,-0.00020458418763415326,-5.621114236697481e-06,2.420893874656195e-05
545,2,1-4,adjust,-0.00046562115386052945,1.2793054270255164e-05,5.5705268866410445e-06
545,3,1-5,adjust,0.0001842992524088633,-2.1964696807337526e-06,1.3092394543467346e-05
545,6,1-5,adjust,-0.0009002759229294627,-1.5873343654185527e-06,2.070329609609177e-05
545,7,1-4,adjust,-0.0,-0.0,8.264132685672715e-06
545,8,1-5,adjust,-0.0,-0.0,1.754021700001823e-05
545,9,1-5,adjust,0.0002045841876121495,5.621114236577223e-06,6.98588402883484e-05
546,2,1-7,adjust,0.00046562115386273656,-1.2793054270578397e-05,6.603927065904258e-06
546,3,1-7,adjust,-0.00018429925242943157,2.196469680832105e-06,1.886459916836455e-05
546,4,1-7,adjust,-0.0,-0.0,1.8479700572346714e-05
546,5,1-7,adjust,-0.0,-0.0,6.682405096870649e-05
546,6,1-7,adjust,0.000900275922948559,1.5873343665945557e-06,7.228601053884191e-05
546,9,1-8,adjust,-0.00020458418761933687,-5.6211142368085e-06,2.4208938746305556e-05
547,2,1-4,adjust,-0.0004656211538558322,1.2793054270385155e-05,5.570526885743662e-06
547,3,1-5,adjust,0.0001842992524088633,-2.1964696807337526e-06,1.3092394543467346e-05
547,6,1-5,adjust,-0.000900275922922502,-1.5873343664794795e-06,2.070329609561103e-05
547,7,1-4,adjust,-0.0,-0.0,8.264132685672715e-06
547,8,1-5,adjust,-0.0,-0.0,1.754021700001823e-05
547,9,1-5,adjust,0.00020458418761974415,5.621114236563831e-06,6.985884028995088e-05
548,2,1-7,adjust,0.0004656211538497826,-1.2793054269889426e-05,6.603927065263271e-06
548,3,1-7,adjust,-0.00018429925242943157,2.196469680832105e-06,1.886459916836455e-05
548,4,1-7,adjust,-0.0,-0.0,1.8479700572346714e-05
548,5,1-7,adjust,-0.0,-0.0,6.682405096870649e-05
548,6,1-7,adjust,0.0009002759229053776,1.5873343654082204e-06,7.228601053887395e-05
548,9,1-8,adjust,-0.00020458418761260208,-5.621114236031347e-06,2.4208938745920966e-05
549,2,1-4,adjust,-0.00046562115386052945,1.2793054270255164e-05,5.5705268866410445e-06
549,3,1-5,adjust,0.0001842992524088633,-2.1964696807337526e-06,1.3092394543467346e-05
549,6,1-5,adjust,-0.0009002759229294627,-1.5873343654185527e-06,2.070329609609177e-05
549,7,1-4,adjust,-0.0,-0.0,8.264132685672715e-06
549,8,1-5,adjust,-0.0,-0.0,1.754021700001823e-05
549,9,1-5,adjust,0.00020458418762480694,5.6211142366289235e-06,6.985884028908554e-05
550,2,1-7,adjust,0.00046562115386273656,-1.2793054270578397e-05,6.603927065904258e-06
550,3,1-7,adjust,-0.00018429925242943157,2.196469680832105e-06,1.886459916836455e-05
550,4,1-7,adjust,-0.0,-0.0,1.8479700572346714e-05
550,5,1-7,adjust,-0.0,-0.0,6.682405096870649e-05
550,6,1-7,adjust,0.000900275922948559,1.5873343665945557e-06,7.228601053884191e-05
550,9,1-8,adjust,-0.00020458418763415326,-5.621114236697481e-06,2.420893874656195e-05
551,2,1-4,adjust,-0.0004656211538558322,1.2793054270385155e-05,5.570526885743662e-06
551,3,1-5,adjust,0.0001842992524088633,-2.1964696807337526e-06,1.3092394543467346e-05
551,6,1-5,adjust,-0.000900275922922502,-1.5873343664794795e-06,2.070329609561103e-05
551,7,1-4,adjust,-0.0,-0.0,8.264132685672715e-06
551,8,1-5,adjust,-0.0,-0.0,1.754021700001823e-05
551,9,1-5,adjust,0.0002045841876121495,5.621114236577223e-06,6.98588402883484e-05
552,2,1-7,adjust,0.0004656211538497826,-1.2793054269889426e-05,6.603927065263271e-06
552,3,1-7,adjust,-0.00018429925242943157,2.196469680832105e-06,1.886459916836455e-05
552,4,1-7,adjust,-0.0,-0.0,1.8479700572346714e-05
552,5,1-7,adjust,-0.0,-0.0,6.682405096870649e-05
552,6,1-7,adjust,0.0009002759229053776,1.5873343654082204e-06,7.228601053887395e-05
552,9,1-8,adjust,-0.00020458418761933687,-5.6211142368085e-06,2.4208938746305556e-05
553,2,1-4,adjust,-0.00046562115386052945,1.2793054270255164e-05,5.5705268866410445e-06
553,3,1-5,adjust,0.0001842992524088633,-2.1964696807337526e-06,1.3092394543467346e-05
553,6,1-5,adjust,-0.0009002759229294627,-1.5873343654185527e-06,2.070329609609177e-05
553,7,1-4,adjust,-0.0,-0.0,8.264132685672715e-06
553,8,1-5,adjust,-0.0,-0.0,1.754021700001823e-05
553,9,1-5,adjust,0.00020458418761974415,5.621114236563831e-06,6.985884028995088e-05
554,2,1-7,adjust,0.00046562115386273656,-1.2793054270578397e-05,6.603927065904258e-06
554,3,1-7,adjust,-0.00018429925242943157,2.196469680832105e-06,1.886459916836455e-05
554,4,1-7,adjust,-0.0,-0.0,1.8479700572346714e-05
554,5,1-7,adjust,-0.0,-0.0,6.682405096870649e-05
554,6,1-7,adjust,0.000900275922948559,1.5873343665945557e-06,7.228601053884191e-05
554,9,1-8,adjust,-0.00020458418761260208,-5.621114236031347e-06,2.4208938745920966e-05
555,2,1-4,adjust,-0.0004656211538558322,1.2793054270385155e-05,5.570526885743662e-06
555,3,1-5,adjust,0.0001842992524088633,-2.1964696807337526e-06,1.3092394543467346e-05
555,6,1-5,adjust,-0.000900275922922502,-1.5873343664794795e-06,2.070329609561103e-05
555,7,1-4,adjust,-0.0,-0.0,8.264132685672715e-06
555,8,1-5,adjust,-0.0,-0.0,1.754021700001823e-05
555,9,1-5,adjust,0.00020458418762480694,5.6211142366289235e-06,6.985884028908554e-05
556,2,1-7,adjust,0.0004656211538497826,-1.2793054269889426e-05,6.603927065263271e-06
556,3,1-7,adjust,-0.00018429925242943157,2.196469680832105e-06,1.886459916836455e-05
556,4,1-7,adjust,-0.0,-0.0,1.8479700572346714e-05
556,5,1-7,adjust,-0.0,-0.0,6.682405096870649e-05
556,6,1-7,adjust,0.0009002759229053776,1.5873343654082204e-06,7.228601053887395e-05
556,9,1-8,adjust,-0.00020458418763415326,-5.621114236697481e-06,2.420893874656195e-05
557,2,1-4,adjust,-0.00046562115386052945,1.2793054270255164e-05,5.5705268866410445e-06
557,3,1-5,adjust,0.0001842992524088633,-2.1964696807337526e-06,1.3092394543467346e-05
557,6,1-5,adjust,-0.0009002759229294627,-1.5873343654185527e-06,2.070329609609177e-05
557,7,1-4,adjust,-0.0,-0.0,8.264132685672715e-06
557,8,1-5,adjust,-0.0,-0.0,1.754021700001823e-05
557,9,1-5,adjust,0.0002045841876121495,5.621114236577223e-06,6.98588402883484e-05
558,2,1-7,adjust,0.00046562115386273656,-1.2793054270578397e-05,6.603927065904258e-06
558,3,1-7,adjust,-0.00018429925242943157,2.196469680832105e-06,1.886459916836455e-05
558,4,1-7,adjust,-0.0,-0.0,1.8479700572346714e-05
558,5,1-7,adjust,-0.0,-0.0,6.682405096870649e-05
558,6,1-7,adjust,0.000900275922948559,1.5873343665945557e-06,7.228601053884191e-05
558,9,1-8,adjust,-0.00020458418761933687,-5.6211142368085e-06,2.4208938746305556e-05
559,2,1-4,adjust,-0.0004656211538558322,1.2793054270385155e-05,5.570526885743662e-06
559,3,1-5,adjust,0.0001842992524088633,-2.1964696807337526e-06,1.3092394543467346e-05
559,6,1-5,adjust,-0.000900275922922502,-1.5873343664794795e-06,2.070329609561103e-05
559,7,1-4,adjust,-0.0,-0.0,8.264132685672715e-06
559,8,1-5,adjust,-0.0,-0.0,1.754021700001823e-05
559,9,1-5,adjust,0.00020458418761974415,5.621114236563831e-06,6.985884028995088e-05
560,2,1-7,adjust,0.0004656211538497826,-1.2793054269889426e-05,6.603927065263271e-06
560,3,1-7,adjust,-0.00018429925242943157,2.196469680832105e-06,1.886459916836455e-05
560,4,1-7,adjust,-0.0,-0.0,1.8479700572346714e-05
560,5,1-7,adjust,-0.0,-0.0,6.682405096870649e-05
560,6,1-7,adjust,0.0009002759229053776,1.5873343654082204e-06,7.228601053887395e-05
560,9,1-8,adjust,-0.00020458418761260208,-5.621114236031347e-06,2.4208938745920966e-05
