slot,receiver_id,selected_pair,status,radial_command_m,angular_command_rad,consistency_rad
1,2,1-4,adjust,-2.3891646658987877,0.018974702241781737,0.09044777708991998
1,3,1-4,adjust,3.458525796199233,0.013740351435628772,0.15821509170882994
1,6,1-5,adjust,5.0,0.00828101171811995,0.1373066012728077
1,7,1-5,adjust,-0.19024990764903396,0.01910669652232469,0.07970524212256903
1,8,1-5,adjust,-2.2973608806494754,0.016826608186079905,0.03729407099658634
1,9,1-5,adjust,-0.1925208766019116,0.005787347628447841,0.0009129518977422051
2,2,1-7,adjust,-1.077010036114956,0.0028688706136569403,0.02139647201191776
2,3,1-7,adjust,2.8879184015864334,-0.006944989683326017,0.02048299605205935
2,4,1-7,adjust,2.9293858641104698,-0.006245685125196423,0.01989085353142598
2,5,1-7,adjust,-2.496822687615078,-0.0023002545240498546,0.018485368981375035
2,6,1-7,adjust,5.0,0.0026750920833905328,0.0166144352627045
2,9,1-8,adjust,1.1465274634969893,0.03441082974268673,0.017475026439172255
3,2,1-4,adjust,-0.20878904564687173,-0.008437772887918561,0.050696737555748037
3,3,1-4,adjust,1.2002070182598694,-0.0007034808459464345,0.09422341536605118
3,6,1-5,adjust,3.681767498551561,0.00193277336983358,0.08832052181042406
3,7,1-5,adjust,-0.9934417504582252,0.005046025490390305,0.05220976999927393
3,8,1-5,adjust,-1.6961781257652875,0.0021499158408167726,0.026528173106627233
3,9,1-5,adjust,-0.7869496101881899,-0.016889740069345075,0.004359791252471925
4,2,1-7,adjust,-0.5066266501799223,0.00730198073874975,0.013933215189323432
4,3,1-7,adjust,0.5846737178828814,-9.642178824229131e-05,0.01581333036473413
4,4,1-7,adjust,1.0700666768292983,-0.0006782538889261446,0.018094718279730124
4,5,1-7,adjust,-1.8558369888277384,-9.019663261751417e-05,0.020177456357596678
4,6,1-7,adjust,1.3501091480670553,-6.025250034885641e-05,0.023032528887983298
4,9,1-8,adjust,0.5741158974515013,0.01755920989433082,0.0009797186167395662
5,2,1-4,adjust,0.34178985976624915,-0.013263957150129362,0.03057598403887035
5,3,1-4,adjust,0.6670826279061353,-0.004835686936416631,0.059865360237017363
5,6,1-5,adjust,0.6082656304256364,-0.0003927374941142894,0.05983893452492362
5,7,1-5,adjust,-1.1169108637002767,-0.0013175657112434569,0.035042881008243605
5,8,1-5,adjust,-1.1367258978528323,-0.0020561479313570418,0.018325021725472138
5,9,1-5,adjust,-0.7429862130973262,-0.019232189017373013,0.003544329205349037
6,2,1-7,adjust,-0.3822886692171067,0.008978476193492554,0.007830437233987107
6,3,1-7,adjust,-0.03263587740228924,0.0022073900530343747,0.012340395868570978
6,4,1-7,adjust,0.3449260929215752,0.0004864614789384888,0.014829635794824382
6,5,1-7,adjust,-1.4493206698243575,0.0004446037196964372,0.018240860115804072
6,6,1-7,adjust,-0.07659139684981851,-0.0007531295567391387,0.024400524973688935
6,9,1-8,adjust,0.36720592381303824,0.010047468448580012,0.007281940303007844
7,2,1-4,adjust,0.3920913581437597,-0.011444652572895708,0.02099452062933933
7,3,1-4,adjust,0.4741072901986436,-0.0046082495810529835,0.041247150458462854
7,6,1-5,adjust,-0.2668008622840582,-0.0008371953779643211,0.0405317279421015
7,7,1-5,adjust,-1.021468605074056,-0.0033027170594774474,0.024005315880153623
7,8,1-5,adjust,-0.7841760540274185,-0.003959397904250399,0.012926507464767804
7,9,1-5,adjust,-0.5627972070192857,-0.014867749535883403,0.004141543321246338
8,2,1-7,adjust,-0.2754553651253621,0.007003211908289392,0.004821889918409227
8,3,1-7,adjust,-0.23002525015570827,0.00312504395724294,0.00781619764751931
8,4,1-7,adjust,0.07034925631888532,0.0011624039117256735,0.01112796249054682
8,5,1-7,adjust,-1.0367948393099964,0.0011134896909529475,0.015290853336676631
8,6,1-7,adjust,-0.36726483072652977,-0.0007513841641343308,0.020718429318727843
8,9,1-8,adjust,0.23289141377786063,0.00655844914318163,0.010678810439490921
9,2,1-4,adjust,0.3337527888255473,-0.009076264133396818,0.014837151079782248
9,3,1-4,adjust,0.35848414861891403,-0.0038034867028871773,0.028905257878526654
9,6,1-5,adjust,-0.43836192376534633,-0.0006493208763059724,0.028481868828099277
9,7,1-5,adjust,-0.8430572980224872,-0.003415601478384306,0.016839755513400567
9,8,1-5,adjust,-0.4884708438815393,-0.0031843240255821858,0.008930913855841483
9,9,1-5,adjust,-0.41361556803375615,-0.011648512044075212,0.001704644952999077
10,2,1-7,adjust,-0.21030296240735336,0.005521107957254725,0.003676206116868101
10,3,1-7,adjust,-0.2270720243658875,0.002997765605174467,0.005550338779945259
10,4,1-7,adjust,-0.03464512851679532,0.0006071101833034878,0.008064973857928755
10,5,1-7,adjust,-0.741138765125562,0.0006615667630944579,0.011745373684967657
10,6,1-7,adjust,-0.34778182738500973,-0.0011570357808489621,0.016318048293367107
10,9,1-8,adjust,0.17568258308792037,0.004911164799453859,0.0093136403657506
11,2,1-4,adjust,0.26881669679883086,-0.006857384098077557,0.010712242706519347
11,3,1-4,adjust,0.2803779605584499,-0.003128663047698852,0.020958449166929568
11,6,1-5,adjust,-0.3866426979964319,-0.0005612283699387469,0.021284440137304215
11,7,1-5,adjust,-0.6591535355734507,-0.0030831643536808136,0.012076921272507004
11,8,1-5,adjust,-0.36208089944867605,-0.0027034936621262184,0.00673978734627293
11,9,1-5,adjust,-0.29366024524899426,-0.00845369322845072,0.001334648744697202
12,2,1-7,adjust,-0.15458706846778342,0.004152964376710128,0.0024120628510152526
12,3,1-7,adjust,-0.1527433791478887,0.0018594145708883928,0.004341676554128165
12,4,1-7,adjust,0.01650260485942393,0.0004203725074450896,0.0070658596834925
12,5,1-7,adjust,-0.5553124322674903,0.000769759887481092,0.00825760538908357
12,6,1-7,adjust,-0.2949081779743215,-0.00042462155981523093,0.013110482477603129
12,9,1-8,adjust,0.11368230131709624,0.003544924558243855,0.008468355928944992
13,2,1-4,adjust,0.2013004603358942,-0.006116783649633564,0.00798322906518342
13,3,1-4,adjust,0.2273197974205658,-0.0025808336595201362,0.014852449773675573
13,6,1-5,adjust,-0.2918106085179436,-0.0002839763129955967,0.01466137892143432
13,7,1-5,adjust,-0.49733055200523313,-0.0022385546864251084,0.008214370421127581
13,8,1-5,adjust,-0.22223144811083914,-0.0021022991834321967,0.00433479492049703
13,9,1-5,adjust,-0.21084057222474048,-0.005763892405705324,0.0003411880050555646
14,2,1-7,adjust,-0.1300607050294264,0.003869797457715584,0.001032451566939524
14,3,1-7,adjust,-0.12699918107092745,0.000983342893062496,0.0036737786144208843
14,4,1-7,adjust,-0.05723928557622763,6.310393923782861e-05,0.005275193792404674
14,5,1-7,adjust,-0.3768823861699978,0.00038734470031176986,0.007236792596099813
14,6,1-7,adjust,-0.22664838022444128,-0.00010958199371668955,0.00967716125286363
14,9,1-8,adjust,0.10019476550154002,0.0024299739211152533,0.006679033750412064
15,2,1-4,adjust,0.16052107539148194,-0.004315020965003758,0.005753992803490373
15,3,1-4,adjust,0.13723940580887511,-0.0015250755311094011,0.011487943419504888
15,6,1-5,adjust,-0.18548201119724267,-0.0006098175670520697,0.011024390573042652
15,7,1-5,adjust,-0.37117606234933953,-0.0021174684131469064,0.006758406052000209
15,8,1-5,adjust,-0.17633843500536703,-0.001404789375018172,0.0030342431806763648
15,9,1-5,adjust,-0.1520442910978845,-0.004084603869681851,0.0005891144763756725
16,2,1-7,adjust,-0.093168032838709,0.002353321436000831,0.0009238971206726914
16,3,1-7,adjust,-0.08606536507397304,0.0009663064022117315,0.003365668532905165
16,4,1-7,adjust,-0.061863789972364164,-0.00014784551012105308,0.004492901167991265
16,5,1-7,adjust,-0.3226494822384916,0.0004362860122006121,0.005546627785655155
16,6,1-7,adjust,-0.15902490227338195,-0.000416728293637402,0.0072154016585227595
16,9,1-8,adjust,0.07563771382515799,0.001733929866300722,0.0050113321676307455
17,2,1-4,adjust,0.10267206982817971,-0.0025902188973566886,0.005299384393768258
17,3,1-4,adjust,0.10050785875152381,-0.001289438641959212,0.008399959630320752
17,6,1-5,adjust,-0.17747025539012518,-0.00032237322832234886,0.00859029286670354
17,7,1-5,adjust,-0.2603840542047656,-0.0016477861626850929,0.004850361974641927
17,8,1-5,adjust,-0.13239728052888577,-0.0016892894698352745,0.0027195236545567983
17,9,1-5,adjust,-0.1278152505136715,-0.003408651460053165,0.00041164206267406953
18,2,1-7,adjust,-0.03391780402202684,0.00087103199383458,0.00105066111868391
18,3,1-7,adjust,-0.047998597327067904,0.0007269847758094315,0.0021689046601020036
18,4,1-7,adjust,0.023418507017521132,-0.0004963339517219369,0.0033020965899751625
18,5,1-7,adjust,-0.18917528912304957,0.00048253177401645517,0.004236803928963603
18,6,1-7,adjust,-0.10258025321936938,-0.0006157965650078886,0.006528740267722209
18,9,1-8,adjust,0.0454922640943538,0.0015219035457753503,0.003112222241071459
19,2,1-4,adjust,0.0866444509709194,-0.002414559785228762,0.0029323492118225585
19,3,1-4,adjust,0.09002197928939645,-0.0011043559085640278,0.005274355422304752
19,6,1-5,adjust,-0.12704412586072827,-9.310127275343204e-05,0.0065492646270937415
19,7,1-5,adjust,-0.19053662122340445,-0.0009191547479851618,0.0043828695193865045
19,8,1-5,adjust,-0.08008997696462664,-0.001024329854948508,0.0020788003478476526
19,9,1-5,adjust,-0.06321066759457769,-0.002120396707388325,0.0016878498677867031
20,2,1-7,adjust,-0.045967849364550985,0.0010649455125118612,0.0007785322048055063
20,3,1-7,adjust,-0.031456231007006744,0.0006152967453824042,0.001143860806304188
20,4,1-7,adjust,-0.013167651443520672,0.0007322343882301303,0.0019265621359376142
20,5,1-7,adjust,-0.16435576425641532,0.00014406280821768747,0.0035778603034573816
20,6,1-7,adjust,-0.06140361114235269,3.0405647237849194e-05,0.004188057113207066
20,9,1-8,adjust,0.02197339771544825,0.0010657091973902736,0.0031795518025346287
21,2,1-4,adjust,0.05311119330563449,-0.001671238384618441,0.0030568814745256887
21,3,1-4,adjust,0.04503254689965401,-0.0006021081540424134,0.0034857960872069584
21,6,1-5,adjust,-0.08301113196047251,-0.00039531905918827363,0.0036042328056091056
21,7,1-5,adjust,-0.14497976767813464,-0.001044089279974905,0.002047375676365583
21,8,1-5,adjust,-0.06245954291077778,-0.000702190237178217,0.0010485081232209103
21,9,1-5,adjust,-0.06994034988403992,-0.002172315220884818,0.0002036945617110617
22,2,1-7,adjust,-0.022500493486871942,0.0002680409911585431,0.00039143811425095763
22,3,1-7,adjust,-0.030104587097071898,0.00010003041657986644,0.001067467952152863
22,4,1-7,adjust,0.026855578778900994,-6.464231901221777e-05,0.0013905397539426916
22,5,1-7,adjust,-0.0896873733181323,6.488559216593612e-05,0.00241631422182249
22,6,1-7,adjust,-0.059836244708474665,2.4000805209063082e-05,0.003560927606959547
22,9,1-8,adjust,0.02832459326662188,0.0005466320947611146,0.002050012708175547
23,2,1-4,adjust,0.03940170335493929,-0.0004382511087883629,0.0021670433374975577
23,3,1-4,adjust,0.03723889560104373,-0.0004550122685977579,0.0032181271729238505
23,6,1-5,adjust,-0.07760132690657111,0.00013009522156795555,0.0038339101596709052
23,7,1-5,adjust,-0.12066629307725261,-0.0005938093546774177,0.0021275896914861813
23,8,1-5,adjust,-0.04127541661557783,-0.0006355364752300784,0.0016386322096924196
23,9,1-5,adjust,-0.03832754673336725,-0.0011137311492570477,1.0549174647762877e-05
24,2,1-7,adjust,-0.010195861782021193,0.00027121956078016347,0.0003174210469823974
24,3,1-7,adjust,-0.029049392030276358,0.0008628359218305878,0.0007727790822386274
24,4,1-7,adjust,-0.03190344961819007,2.8773274126872098e-05,0.0005424501923346066
24,5,1-7,adjust,-0.07376694287731683,0.00029954855680935444,0.0013310611638473512
24,6,1-7,adjust,-0.03856290866767763,7.112474189602782e-06,0.0025929854594745182
24,9,1-8,adjust,0.012649786659243607,0.0005981087445582671,0.002082650260076907
25,2,1-4,adjust,0.024690256911724048,-0.0008294560288351949,0.0009696479038890999
25,3,1-4,adjust,0.02436171175615506,-0.0007062517136731131,0.002380398827233093
25,6,1-5,adjust,-0.033612077179928354,6.787976750433993e-05,0.00263741265383643
25,7,1-5,adjust,-0.03349740548766446,-0.0002950363941862992,0.0019892519746670867
25,8,1-5,adjust,-0.0068008289112354665,-0.00035638269530926533,0.0007816944375889558
25,9,1-5,adjust,-0.01192890598975556,-0.0010589504153063175,0.0002811192135287088
26,2,1-7,adjust,-0.022646855321702544,0.00036920760624258405,3.771514811454619e-05
26,3,1-7,adjust,-0.04053604673195684,0.0001479132364698617,0.000563426634914745
26,4,1-7,adjust,-0.01176995309626744,-0.00014047492097530524,0.0009624392318731132
26,5,1-7,adjust,-0.03837493705024452,-0.0001483431092945823,0.000959883908838851
26,6,1-7,adjust,-0.0038754975851300376,9.509596687192033e-05,0.0015191441997842567
26,9,1-8,adjust,0.011137541565279243,0.0006906328010877981,0.0009861648960674226
27,2,1-4,adjust,0.027690592393828033,-0.0005378039314368057,0.00043767152984687047
27,3,1-4,adjust,0.035145716596400145,-0.00044525123425821246,0.002356018534963146
27,6,1-5,adjust,-0.03344050425350552,-0.0003535083538806667,0.002749880022735437
27,7,1-5,adjust,-0.06990148358237129,-0.00011004950285444754,0.0013157314767682066
27,8,1-5,adjust,-0.007563864812087424,-0.00024961377788044917,0.0005032024714506052
27,9,1-5,adjust,-0.03291764341395196,-0.0006249341241329546,0.00038137799390342215
28,2,1-7,adjust,-0.026208264016417248,0.000402726634789387,3.4881463716436317e-05
28,3,1-7,adjust,-0.013813348324700606,0.0005351596229810889,0.000403222348282405
28,4,1-7,adjust,0.04498157529186328,-5.424162804232109e-05,0.0004161012418714036
28,5,1-7,adjust,-0.04811139768349805,0.00016758843437927694,0.0004449776422657596
28,6,1-7,adjust,-0.03406102830782946,-0.00018629402474263864,0.001563216584574202
28,9,1-8,adjust,0.019053650478341618,0.0001946067839915418,0.0005903611165560606
29,2,1-4,adjust,0.030987758496800962,-0.0006214291966642212,0.0011329229817777454
29,3,1-4,adjust,0.03375742904409475,-0.00022225131028882027,0.0008971741309289458
29,6,1-5,adjust,-0.01505391901644641,-0.00014396949296453267,0.001542022508168416
29,7,1-5,adjust,-0.030202899000280087,-0.00021323922014036898,0.0009769043749136184
29,8,1-5,adjust,-0.014465171401723625,-0.00024772681137336496,0.0009952097576943503
29,9,1-5,adjust,-0.01604910888323934,-0.00042909657218966225,0.000520882645099735
30,2,1-7,adjust,-0.01048965905900653,0.0004013875948518618,0.0003659023754373968
30,3,1-7,adjust,-0.005361886121166706,0.00021549758275918082,0.00025959889756274737
30,4,1-7,adjust,-0.0018789409981639867,0.0002454094726249868,0.0007476815899680337
30,5,1-7,adjust,-0.027380899294013442,0.00022171725519124166,0.000341552596653946
30,6,1-7,adjust,-0.0010092858155916439,0.00044841751253793505,8.631661484981337e-05
30,9,1-8,adjust,0.009112508898680751,0.0005997861889460608,5.3482085261127355e-05
31,2,1-4,adjust,0.027344338982056595,-0.0009283556355607673,0.0007528980042941698
31,3,1-4,adjust,0.025891738088046165,-0.000546003211659585,0.0011026565180372436
31,6,1-5,adjust,-0.04163803292695813,-0.00035320021521352806,0.0015531998023885836
31,7,1-5,adjust,-0.04830457541460523,-0.0002661256904475749,0.0008841268011289757
31,8,1-5,adjust,-0.02751878561450499,0.0004025589664870321,0.000996810022860074
31,9,1-5,adjust,0.0013912070299098897,-0.0003232772734894764,9.759219368303635e-05
32,2,1-7,adjust,-0.02082854471939809,0.0006243403197810607,0.0007272336541934055
32,3,1-7,adjust,-0.007314267534388571,0.000305742751795385,0.0012465409029235397
32,4,1-7,adjust,-0.029399362827346343,0.00047502691040984634,0.0004929069815524999
32,5,1-7,adjust,-0.06417952110091704,-0.0005164911556285502,0.0006991818386205687
32,6,1-7,adjust,-0.005774157011146625,0.0005387753846150334,0.0004691608679875054
32,9,1-8,adjust,0.0016970067626004405,0.0002157264571898987,0.00029864125519285306
33,2,1-4,adjust,0.00425086314506705,-0.00013726636010167933,0.0008588038030763423
33,3,1-4,adjust,0.0003890217517639284,-0.00029178716095912,0.0009253264035752503
33,6,1-5,adjust,-0.048897456577746995,0.00027660212058745504,0.0006564895965768236
33,7,1-5,adjust,-0.07658526745589767,-0.00035876230418297107,9.781590953913392e-05
33,8,1-5,adjust,-0.03902872668531536,-0.0003391631495646295,0.0009007395871963961
33,9,1-5,adjust,-0.01168582081862896,-0.00011641289265653105,9.676625284066347e-05
34,2,1-7,adjust,-0.006137320708567354,-2.3756255578928146e-05,0.0003372249585866865
34,3,1-7,adjust,-0.0042216264803850104,0.00021792936159443943,0.0004904370276488946
34,4,1-7,adjust,-0.01958786809545099,-0.0004937197096155193,0.000537920377621694
34,5,1-7,adjust,-0.005367718084141225,0.00010070329101824383,0.0007657291312706127
34,6,1-7,adjust,-0.018277068997484915,-0.0002693804002209585,0.0002205150840221275
34,9,1-8,adjust,-0.004754467856809296,0.0003527218950119452,0.00031053147138795494
35,2,1-4,adjust,0.0018205726242674991,-7.646112137561567e-05,0.0005778124493296738
35,3,1-4,adjust,0.007462857990701262,9.217725738655725e-05,0.0009896331513104904
35,6,1-5,adjust,-0.007665673233108807,-0.0002615735648417864,0.00044273045484626944
35,7,1-5,adjust,-0.00276019529173651,0.0003641973308811909,0.0010740430481914727
35,8,1-5,adjust,-0.007874362905087414,-0.00047314310554110014,0.00029201789359004646
35,9,1-5,adjust,-0.01196797280221521,-0.0005328954914169831,0.0008269691111156286
36,2,1-7,adjust,-9.100841717652503e-05,6.931774273690707e-05,0.00019060689509135584
36,3,1-7,adjust,-0.0037643467885328536,0.00029802245700218355,0.0008026720383961534
36,4,1-7,adjust,0.015357053705704556,0.0007186626280036227,0.00016331487032823728
36,5,1-7,adjust,-0.017610377065514764,0.0003300280206225268,1.402839613026288e-07
36,6,1-7,adjust,-0.01120866447733379,3.150749678790009e-05,0.0003100047293979876
36,9,1-8,adjust,0.003923861158936032,-0.00015713147477005085,0.00019815368403685953
37,2,1-4,adjust,0.0014671361264756502,0.00020205597172032882,0.0007196109203708756
37,3,1-4,adjust,-0.0014812625121498762,0.00026811464814841673,0.000759227858853363
37,6,1-5,adjust,-0.008420839701865072,-0.000143285477279115,0.00024364665840311255
37,7,1-5,adjust,-0.02008803937424777,-0.0007554788757852517,0.0005031729114630261
37,8,1-5,adjust,-0.015220118476843738,-7.931982863635915e-05,0.0004709690339790842
37,9,1-5,adjust,-0.008923043820800778,-0.00024677627097395913,0.0007437297852669773
38,2,1-7,adjust,0.006258573109222655,-0.0002669967164702357,1.1031255546246844e-05
38,3,1-7,adjust,0.018217965321915625,-0.0006583884050985313,0.0004597961498846182
38,4,1-7,adjust,-0.01086161225594241,-0.0002815422036465153,0.00022362962429953222
38,5,1-7,adjust,-0.012822391350171424,-1.9787025211299444e-05,0.0004821204241772246
38,6,1-7,adjust,0.006998536320750144,9.937059269441875e-05,0.0003741349374113987
38,9,1-8,adjust,-0.0031572867084797072,-0.0004260711810007034,0.00038028630910067325
39,2,1-4,adjust,-0.009402773889958986,0.0002444744952656711,0.00026722810737296463
39,3,1-4,adjust,-0.012024741834943519,0.00031710341310128105,0.0005194319928890419
39,6,1-5,adjust,-0.015721538840471568,-3.7995342644509186e-05,0.00024990801079720375
39,7,1-5,adjust,0.016442564806538478,-0.00010024270184570205,0.0004231962434956757
39,8,1-5,adjust,-0.010500692274668391,0.00027761533423463687,6.0580655800898266e-05
39,9,1-5,adjust,-0.01067753462907107,0.0002153001941088459,0.0005875131885847381
40,2,1-7,adjust,-0.0015061108929840157,-0.0004931724235991076,1.703176735035207e-05
40,3,1-7,adjust,0.022702900963726853,-0.000788541527589239,0.0008569441222922461
40,4,1-7,adjust,0.03772048018146826,-2.4012655367746898e-05,0.00040834510578747156
40,5,1-7,adjust,0.03431778082497361,0.0005392449404349217,0.0007445370029054143
40,6,1-7,adjust,0.022397115954080594,0.00047644531582787127,0.0003435734358812648
40,9,1-8,adjust,0.0026787160138568287,-0.00028685896365076094,0.00027132084823816403
41,2,1-4,adjust,0.009228241237326707,-0.00010963161538438952,1.3739794604906769e-05
41,3,1-4,adjust,-0.012227682342993583,0.0002349443040478342,0.00014151909686764989
41,6,1-5,adjust,0.0183432437898879,-0.00022372081121181238,0.000634591127355088
41,7,1-4,adjust,0.0025615409773945075,0.00010843120778541613,9.70089811050227e-05
41,8,1-5,adjust,0.03881543230481653,0.0004600128544133183,0.0004488153631725448
41,9,1-5,adjust,0.021316337524085786,0.0005203607457152733,0.0003517840591948021
42,2,1-7,adjust,0.0072830969442439246,2.707080594758757e-05,0.0007441299687785278
42,3,1-7,adjust,0.005221566567809973,-0.00010332109746787136,0.0009007309550307744
42,4,1-7,adjust,0.026625949576672688,-2.703118075375446e-05,0.000489351824396259
42,5,1-7,adjust,-0.008826002492083056,-8.816992763059953e-05,0.0006954895431390873
42,6,1-7,adjust,0.0052166778150955495,-0.00019070513034163275,0.0010815634374387866
42,9,1-8,adjust,0.006294413843634879,0.0004329532939946364,0.0011815369625992726
43,2,1-4,adjust,0.007995597668518512,-0.0004588812007138742,0.0012331281419042822
43,3,1-4,adjust,0.001978202674592474,-0.0002995999085471279,0.001197195214118556
43,6,1-5,adjust,-0.00996789429749701,-0.00014292016703270016,0.0005350017639756095
43,7,1-5,adjust,0.024879148535708145,0.00042798962800167235,0.0002603925960364595
43,8,1-5,adjust,0.02140312692423834,-0.000166893456265434,0.00034310228010595186
43,9,1-5,adjust,-0.0003252405272818366,-0.00031219076620779714,0.00040582104898525975
44,2,1-7,adjust,-0.010387355766674216,0.0007574799887156773,0.0007383134726341185
44,3,1-7,adjust,-0.03113445925172334,0.00023763934643169653,0.0009876440230148133
44,4,1-7,adjust,-0.013074784550742803,-5.9119040379526086e-05,0.0008356688602149063
44,5,1-7,adjust,-0.007130400341700929,-5.185526664910884e-05,0.00034404441397263016
44,6,1-7,adjust,-0.024299343642436716,-0.0005452447894983745,0.0006168896427519377
44,9,1-8,adjust,0.0042201039312050395,-0.00045032706621897837,9.500304930220046e-05
45,2,1-4,adjust,0.0066442273635582225,-0.00019965545700328374,0.0003939156924578789
45,3,1-4,adjust,0.025810078239062464,1.9036565560488763e-05,0.00012040610369899005
45,6,1-5,adjust,0.010499129504583489,0.00013940955814989342,0.0006668570795499394
45,7,1-5,adjust,0.007144662278188086,0.00012605340131145577,0.0004507323885089379
45,8,1-5,adjust,0.004602178778513155,-0.00023711924503495133,0.0004231868209859959
45,9,1-5,adjust,-0.0045620155860741345,0.00025062675544872717,3.7809129400638033e-07
46,2,1-7,adjust,-0.004511113740522444,0.00014705305507762648,0.00029719959907701136
46,3,1-7,adjust,0.010983361974591559,-3.0332656682904198e-05,0.00026558272550742323
46,4,1-7,adjust,-0.002040679772539809,0.0002621171747492863,0.00033383189466964163
46,5,1-7,adjust,-0.017986428077248085,-0.00044787978822297554,0.00029797976523963227
46,6,1-7,adjust,0.013717169925485778,0.0004073856025234511,0.0004862417512721617
46,9,1-8,adjust,0.008349077393726527,9.393566204838644e-05,0.00012967826923302825
47,2,1-4,adjust,0.0021135738623912154,4.02064974952304e-06,0.0004793630158877456
47,3,1-4,adjust,-0.009958087207861429,-0.00012816479487839564,0.00018927775564804293
47,6,1-5,adjust,-0.01661681475767626,-0.00020846917245909876,0.0007148401074513879
47,7,1-5,adjust,-0.001760194973399472,7.105766106642324e-05,0.00012843084930606158
47,8,1-5,adjust,-0.029081559463383012,-8.382867761114235e-06,2.390308986887539e-05
47,9,1-5,adjust,-0.0032862993507604,-3.421201907665386e-05,0.0001542279059976966
48,2,1-7,adjust,-0.009473187427706607,2.315780138721667e-05,6.835499289816919e-05
48,3,1-7,adjust,-0.04998061328007197,0.0007539172429253224,0.0004693781727935483
48,4,1-7,adjust,-0.03091416522180467,-0.0003393785682104426,0.00014055480016332775
48,5,1-7,adjust,-0.03759765616133036,-7.287256874275472e-05,0.0003858617260986683
48,6,1-7,adjust,0.01891950124125374,0.00015325128832807572,0.00042783579626326854
48,9,1-8,adjust,-0.00452533337974125,-4.1473331851035935e-06,0.00023582495851327058
49,2,1-4,adjust,0.0045067410081428665,-7.042787583479036e-05,0.0006675745780815536
49,3,1-4,adjust,0.006247662714670031,-0.00021844638592368598,0.0002987103276984
49,6,1-5,adjust,-0.039997108538862014,-0.00030631519701569763,0.00044716427241239944
49,7,1-4,adjust,-0.041571582154862126,2.1397656263308042e-05,7.611215333877974e-05
49,8,1-5,adjust,0.0024117695309596155,9.509126543865e-05,0.0010326566606646075
49,9,1-5,adjust,-0.014297619399605365,-0.00013628094597211037,0.0004805075871551954
50,2,1-7,adjust,0.013558604043560926,0.00014121247173315272,0.00037351106805752845
50,3,1-7,adjust,0.024466052556428575,-9.673255400908796e-07,0.0006624627548762283
50,4,1-7,adjust,-0.03029701914254196,-0.00017144765010984335,4.6390015632290785e-05
50,5,1-7,adjust,-0.028241033688745795,0.0003619899909585185,0.00019574223375877785
50,6,1-7,adjust,-0.00689891759801663,0.0003699184912945762,6.207052621882189e-05
50,9,1-8,adjust,0.0050684728641920695,0.00038466205150213483,0.00012505470713891317
51,2,1-4,adjust,-0.004165729288501892,0.0001190384843885787,0.0005375600552878952
51,3,1-4,adjust,-0.002915637880031579,-8.916328638754434e-05,7.855217243558223e-05
51,6,1-5,adjust,-0.005823732383099951,0.00010141989421620519,4.0345934797243194e-05
51,7,1-5,adjust,-0.005805229758054537,-0.0004489341115422097,0.00034709758690042067
51,8,1-5,adjust,-0.014102375235397755,-0.000261754639152139,5.3132041049769045e-05
51,9,1-5,adjust,-0.0025679636413818993,-0.0003976865752092503,0.00044450031479511496
52,2,1-7,adjust,-0.009589440912796995,-0.00015550938820141846,0.00042274704467618274
52,3,1-7,adjust,0.026167889236335007,-6.0571496681180234e-05,0.00040714654822549787
52,4,1-7,adjust,0.03419787478521275,0.0003614856138585037,0.0005652151612111445
52,5,1-7,adjust,0.009969647407149685,-9.364212387231259e-05,0.0001930505784772061
52,6,1-7,adjust,0.023055800864534095,0.00030426163541742333,7.077834795527834e-05
52,9,1-8,adjust,-0.00422809223209187,-4.704823080627361e-05,0.0006499623235385737
53,2,1-4,adjust,0.0011650062125846696,-0.0005448501776398138,0.0006889636267935101
53,3,1-4,adjust,-0.011514888474398313,0.0002070910105317769,0.0006698387342460331
53,6,1-5,adjust,-0.014453504627559831,-0.0003442478751720051,0.00019981602366911613
53,7,1-5,adjust,-0.026885566808963996,-0.0005049293095108474,0.00070063000237757
53,8,1-5,adjust,-0.016538973823443482,-0.0005318210832117416,0.0004921992767893276
53,9,1-5,adjust,0.013237827546109422,0.00017436759717965821,0.00027199994249768806
54,2,1-7,adjust,0.014028723648759699,-0.00022959487443520416,0.00011161056093941525
54,3,1-7,adjust,-0.008658077395965845,-0.0003306957731086557,9.118207962867871e-05
54,4,1-7,adjust,0.020512928534931734,0.00011560410893662415,0.0003011440279581152
54,5,1-7,adjust,0.008042506750639227,-0.00037814284289636055,0.00013368449762312125
54,6,1-7,adjust,-0.004206047731642987,-0.0004181648661463979,0.00040299061534190215
54,9,1-8,adjust,-0.009508786239944956,-0.00024671890209043934,0.000679350011100663
55,2,1-4,adjust,0.012432008234306216,0.00043620111372206285,0.0001610544186849348
55,3,1-5,adjust,0.006251671804518961,-0.0001238591198509962,3.241432205243204e-05
55,6,1-5,adjust,-0.02677908863544354,8.388053387831938e-05,0.0007617994722067315
55,7,1-5,adjust,-0.021021401044560857,3.6064529985526527e-05,0.0005124152002320057
55,8,1-5,adjust,-0.019980320108218354,1.1818313975716824e-05,0.0005081001163271512
55,9,1-5,adjust,-0.0021147968208524177,-7.420965707699863e-05,0.0006957095373403623
56,2,1-7,adjust,-0.0011782246954456788,-0.000348208941044099,9.642830533276435e-05
56,3,1-7,adjust,0.012592972734464362,0.00013527776432049364,0.0004185460103476802
56,4,1-7,adjust,-0.0007092258101569945,-0.00010682914467215696,0.0002877034419910262
56,5,1-7,adjust,-0.01194303695156728,0.0003427304270151464,0.0004187395573481226
56,6,1-7,adjust,0.007607641910512436,-2.0318376840912747e-05,0.00016090283518964375
56,9,1-8,adjust,-0.012719431426955804,-0.00025329735645667693,0.00035283281609121395
57,2,1-4,adjust,-0.004939962111554408,0.00031204774153197404,4.117298575293082e-05
57,3,1-4,adjust,-0.012883348597087653,0.00019315417048371188,0.0005313817847933184
57,6,1-5,adjust,-0.0289247935418687,0.0005839071401200361,0.0005100921224699419
57,7,1-5,adjust,0.015056878231723983,0.00038871515074045395,0.0005608332982366772
57,8,1-5,adjust,0.008746974774620513,0.00016614241783265268,3.1430623285800775e-05
57,9,1-5,adjust,-0.00039841757816886855,0.000553001738833648,0.0004250867578429903
58,2,1-7,adjust,-0.00575770548200895,0.00012603911199725827,0.0007622119967292151
58,3,1-7,adjust,0.01432895009322101,3.4083374292630776e-05,0.00017222594961485184
58,4,1-7,adjust,0.0003837885885543393,0.00024145478555388612,0.0008928230401637296
58,5,1-7,adjust,0.004378151722945192,-7.436696226677796e-05,6.386548225015963e-05
58,6,1-7,adjust,0.006058233560648121,-0.00022915839235035967,0.0009068730806165882
58,9,1-8,adjust,-0.005092345787184321,-0.0005136174275723679,0.0006503477562326383
59,2,1-4,adjust,-0.01744561543093522,-5.42239198895339e-05,0.00034462904400318456
59,3,1-4,adjust,-0.0026731456938590657,-0.00023045121298275449,0.000850949341362032
59,6,1-5,adjust,0.00015845051447936986,0.0001336395360371526,0.0006850987578718843
59,7,1-5,adjust,-0.007034856303530984,-0.0001567814212170384,0.0016536513433837248
59,8,1-5,adjust,-0.0006868667153356086,-0.00022136670500099817,0.00037712221907920657
59,9,1-5,adjust,0.017951812552465477,9.004817327917606e-05,5.159030725902641e-05
60,2,1-7,adjust,0.013999137510667566,0.00021003327891265026,0.00041516534155343376
60,3,1-7,adjust,0.007224315573357636,-0.00012488593898404583,0.0001025450733325024
60,4,1-7,adjust,-0.013451886547803145,-1.243077683944817e-06,0.0009547794917110237
60,5,1-7,adjust,0.04349876009507607,0.00021408488009623414,0.0004813163362275429
60,6,1-7,adjust,-0.0066851279318521665,-0.00044045402757821663,0.0007881734558306384
60,9,1-8,adjust,-0.008756710424007613,7.526324674707609e-05,0.00011303200803378718
61,2,1-4,adjust,-0.0036107100699577692,0.00024519864150700314,0.0003686715996153185
61,3,1-4,adjust,-0.013084891377721777,0.00040648514341010253,0.000689462246348527
61,6,1-5,adjust,0.03706760144825045,-7.464324451678949e-05,0.0011816230732054642
61,7,1-5,adjust,0.04320226330077142,8.218077672683834e-05,0.00016707622815404231
61,8,1-5,adjust,0.03132183123697701,0.0002555124483823814,0.0006875627090276534
61,9,1-5,adjust,0.019496463591825,0.00011452062898005738,0.0002952805954146984
62,2,1-7,adjust,0.002536868691692047,-0.0005574028035517536,0.00036061487968167563
62,3,1-7,adjust,-0.025259254652568595,-2.4591548356682648e-05,9.798055476167718e-05
62,4,1-7,adjust,0.010488885200596555,-0.0004696284314518657,0.0002994570361218208
62,5,1-7,adjust,0.04672006331635593,0.0005285137953424811,0.00015919493335530107
62,6,1-7,adjust,0.01230473602559298,2.812356005393842e-06,6.204949686304051e-05
62,9,1-8,adjust,-0.010833542135445877,-5.2044242613536844e-05,0.00019849493955178285
63,2,1-4,adjust,-0.006849627416125218,0.00016017587696800706,0.0005063900159312701
63,3,1-4,adjust,0.017784066099587808,-0.0002834049355604134,0.0006979231132763725
63,6,1-5,adjust,0.03377618331151026,0.00010094794946788129,0.0004541084002382582
63,7,1-5,adjust,0.02124182802226527,0.00023150047282826652,0.001420273436717606
63,8,1-5,adjust,0.024483735880518973,0.0002094178062537739,0.0001597149976890006
63,9,1-5,adjust,0.030921031790057153,0.00041204965993267437,0.0009226190467370638
64,2,1-7,adjust,0.025821703521197184,0.00012516119112785434,1.574154472642046e-07
64,3,1-7,adjust,0.016308333973827444,-6.528870448871076e-05,0.0004325524399755889
64,4,1-7,adjust,0.02417313227334006,0.0002686648043204923,0.00011610042395219712
64,5,1-7,adjust,-0.010215661554476941,-0.00041669640661811736,0.00035321832637140655
64,6,1-7,adjust,-0.0022117037682385485,0.00024378116036924053,5.226859960070892e-05
64,9,1-8,adjust,-0.006656310233804212,4.894158087029061e-05,0.0006748834165135957
65,2,1-4,adjust,-0.010761696468752266,-0.00032020784135561526,0.00030602554694859083
65,3,1-4,adjust,0.010307114243903504,0.00024408911029857712,0.0009469618010803449
65,6,1-5,adjust,0.007553824830350088,2.9059205913881124e-05,0.00013963777910318016
65,7,1-5,adjust,-0.0023623521336309156,0.00023485126075242627,0.00034009953313843944
65,8,1-5,adjust,-0.0045297351564154474,-0.0002569846766814659,0.0001372764365334976
65,9,1-5,adjust,-0.007425217615119548,-6.76056501743085e-05,4.126836202175776e-05
66,2,1-7,adjust,0.009066888819973713,0.0001502470642247466,0.0001473635716177336
66,3,1-7,adjust,-0.025226922599815717,0.0002849950645630351,0.000630212219699174
66,4,1-7,adjust,-0.0340309394932896,1.8457901280904868e-05,0.00025546668040060157
66,5,1-7,adjust,-0.031567611963776304,-0.00024867653242587637,0.00013609708377500658
66,6,1-7,adjust,-0.0035163580397303508,0.0002300105845577482,0.0006689205669368489
66,9,1-8,adjust,-0.008877054760907912,-0.0001013732194791016,0.0006965196173296542
67,2,1-4,adjust,-0.006127217597902852,-0.00010348118276354668,2.735638734689542e-05
67,3,1-4,adjust,-0.002855886378361837,-8.443155708683172e-05,0.00016336872782547675
67,6,1-5,adjust,-0.01189719729821437,-8.360797472486933e-05,0.0002654767957621932
67,7,1-5,adjust,-0.025774451248841986,-0.0002856228166216257,0.0002630060341181114
67,8,1-5,adjust,-0.007781257107214641,5.637214357810102e-05,0.0009978988118479464
67,9,1-5,adjust,0.003948966760219329,-0.00010216103554501612,0.0007018098199872117
68,2,1-7,adjust,-0.008408125922254895,6.906853589074624e-05,4.894821452112483e-06
68,3,1-7,adjust,0.01488219627297804,-0.0002591043140733481,0.0002660027503513412
68,4,1-7,adjust,-0.06858566854009453,-0.00018479326551313496,4.980260685979718e-05
68,5,1-7,adjust,0.002520738399353463,6.703338868302962e-05,0.0007158003181470196
68,6,1-7,adjust,-0.00503341472616648,-4.1212831599704434e-05,4.715976681010496e-05
68,9,1-8,adjust,-0.0041268027811881755,0.0004169701179209595,0.0008205952093961408
69,2,1-4,adjust,-0.02622387482335043,0.0005920403594759565,0.0009943650010462192
69,3,1-4,adjust,-0.022778395287367005,0.00036006670546596525,0.0014543702086821304
69,6,1-5,adjust,0.008450948188219717,-0.00039068530255454635,0.0005230185084938741
69,7,1-5,adjust,-0.020783158740625824,0.0003662324680814782,0.0006966460541006538
69,8,1-5,adjust,-0.001085959622645369,0.00012467629383302234,0.00021656897594379192
69,9,1-5,adjust,-0.008133490637246105,-0.00037110569832959206,0.0002582303546746986
70,2,1-7,adjust,0.009680834742765883,-0.00011234385655796321,0.000620768151406126
70,3,1-7,adjust,-0.0020950969827626537,-7.024405989460752e-05,0.0006327656782257867
70,4,1-7,adjust,-0.00933127313742714,-0.00025373366224846946,0.00027267018988716575
70,5,1-7,adjust,-0.04080202101256929,0.00016717845781970313,0.0009238772924752326
70,6,1-7,adjust,-0.03093145014268632,-4.8043428500255997e-05,0.00021430358911476183
70,9,1-8,adjust,0.007316651940378126,0.0001403184136651247,9.308391896718836e-05
71,2,1-4,adjust,0.006728773622470434,0.00014396119245763518,4.518357832674322e-05
71,3,1-4,adjust,-0.01455330225221189,-7.899152102067381e-06,0.00016961780387953675
71,6,1-5,adjust,-0.004918706341322477,-0.00042986482816451935,0.0007618473896222358
71,7,1-5,adjust,-0.0054125222882857255,9.27081374026711e-05,0.0005293249778381049
71,8,1-5,adjust,0.02127809235785685,0.00041206161929602724,5.329508810395279e-05
71,9,1-5,adjust,0.004250403742537605,0.00022408566760721518,0.0006146836957712109
72,2,1-7,adjust,0.014876742492264292,-0.00014900755225499354,0.00018642175502704242
72,3,1-7,adjust,0.013470100937370874,-1.2644026247237472e-06,0.00022934300915408113
72,4,1-7,adjust,0.004930161109784674,0.00010975401692896533,0.0004900332035947381
72,5,1-7,adjust,-0.024869572175236675,0.00032506564066176635,0.00045419738414907707
72,6,1-7,adjust,-0.011925539079654764,2.435242787451095e-05,0.0005563950211334859
72,9,1-8,adjust,0.0010756301294542665,0.00019113289731722356,0.00048491741015902064
73,2,1-4,adjust,-0.010158808847274412,-0.0001561133050822832,0.0003146199448552878
73,3,1-4,adjust,-0.014867778466815746,0.00029029439308832965,0.00040473551844866955
73,6,1-5,adjust,-0.004962006048695069,6.999138749432706e-05,0.0008045546274351009
73,7,1-5,adjust,0.03541221914259224,-0.0002402971386807176,0.0006947551911322065
73,8,1-5,adjust,-0.009611547591948438,-0.0001741436582511464,0.00012293216771665553
73,9,1-5,adjust,-8.873851271964384e-05,-0.0002636918595579317,7.729787234144553e-05
74,2,1-7,adjust,-0.016617689348204404,-1.1250293070553136e-05,0.000220961038548167
74,3,1-7,adjust,-0.023896833623595973,0.0002870967866602173,0.0002867037116325627
74,4,1-7,adjust,-0.010046002792778268,0.0001802388712199262,0.00017228291831000595
74,5,1-7,adjust,0.037352213335138294,-4.5026382687396805e-05,0.00046272377500097085
74,6,1-7,adjust,0.01041080366785217,0.0002804097789528437,5.345545132887179e-05
74,9,1-8,adjust,-0.002618247026240144,0.00025194030262256354,0.00040136772505221566
75,2,1-4,adjust,0.003539257915865811,0.0001699926831445169,0.00020219399737105592
75,3,1-5,adjust,-0.005737154307292699,-0.0005072760963244579,2.015036973898863e-05
75,6,1-5,adjust,0.016860948953525315,-0.0004262924446200395,0.0005799211290188809
75,7,1-5,adjust,0.004754127014338399,-9.576002158539282e-05,0.000203057047522929
75,8,1-5,adjust,0.01084548106174575,-7.635771759102443e-05,0.0002277022136221549
75,9,1-5,adjust,0.0039122548605662385,1.4794033291696556e-05,0.0006536277920226023
76,2,1-7,adjust,-0.00938566588515247,0.00034940534144373847,0.00038187900713820984
76,3,1-7,adjust,0.0450752881720511,-0.00026718537943081443,8.658650182780103e-06
76,4,1-7,adjust,0.04809915448919148,-3.658730825693032e-05,0.00029274639444470057
76,5,1-7,adjust,-0.02764233094827624,-0.0005032022866407035,0.0002298605468733911
76,6,1-7,adjust,0.008504550038199743,0.00034130596762755103,0.00034561828493685656
76,9,1-8,adjust,0.0035455282064476685,9.209980999282734e-07,0.0006248833240155584
77,2,1-4,adjust,0.014378993866345755,-0.0004110788181437116,0.0001323483706418053
77,3,1-4,adjust,-0.0005845919626036356,0.00024106872937714252,0.00033355440217715796
77,6,1-5,adjust,-0.02856961263927737,-3.9994356174277806e-06,0.00021647665450598782
77,7,1-5,adjust,-0.0025354708514527193,-0.00017800112067979778,0.0004879465630144353
77,8,1-5,adjust,-0.031177780852960753,9.976674874671066e-05,0.00044144159720737095
77,9,1-5,adjust,-0.0030257208468792915,-3.888756282256957e-05,0.00040441839661885996
78,2,1-7,adjust,-0.005948120730651973,0.00023874927949894709,0.00024078547656276327
78,3,1-7,adjust,0.015673841583192544,-2.7228182941794457e-06,0.0002986556482644281
78,4,1-7,adjust,0.020422303331922253,7.661825104789587e-05,0.00016417177758220255
78,5,1-7,adjust,0.019577179196916747,-0.0003842049739543768,0.00046272017235217145
78,6,1-7,adjust,0.017061035947180378,0.000362417390712459,0.00022683021141239773
78,9,1-8,adjust,-0.0021184829368499788,-0.0001540495449036402,0.0007671374576562683
79,2,1-4,adjust,-0.004390304979462924,-0.0001375116425901017,0.0005053583666478319
79,3,1-4,adjust,-0.00425978882991814,5.369796360873155e-05,0.0002646912628276248
79,6,1-5,adjust,-0.03152053088596191,0.00010437933909608523,0.0004173202107348977
79,7,1-5,adjust,-0.009408415420277172,0.0005181392581250475,0.00028964243389962316
79,8,1-5,adjust,-0.022805283536860812,-0.0002534568728340822,0.000329740027884311
79,9,1-5,adjust,-0.011967190535798599,-0.0004667956161215989,0.00038738989804255826
80,2,1-7,adjust,0.015396003638929004,-0.0002307330858505424,0.000598137861819325
80,3,1-7,adjust,-0.02178306545434185,-7.803296216111398e-06,0.00020044146744748403
80,4,1-7,adjust,-0.02448352035027886,-6.94056212219665e-05,0.00011648258140820427
80,5,1-7,adjust,0.006876186087326269,0.00022670507516246466,0.00029519378711815935
80,6,1-7,adjust,-0.013479850253351822,-0.0003220871864368877,0.00018635607106061054
80,9,1-8,adjust,-0.0066948102941823805,7.397521833036809e-05,0.00016206052626520622
81,2,1-4,adjust,-0.001173070251944212,9.138364935481447e-05,0.0003241814311518245
81,3,1-4,adjust,0.0066099304437099125,-0.00012688897621457288,6.410323116662312e-05
81,6,1-5,adjust,-0.0052406739658810405,2.001159425559402e-05,1.9244323003159624e-05
81,7,1-5,adjust,-0.023662207823120694,-0.0003331752037399658,0.00033031859695752244
81,8,1-5,adjust,-0.00413423266708533,-0.0004029990156870627,0.000616374564194454
81,9,1-5,adjust,0.00187197393287288,-0.00010349193607872808,0.0009476764641913794
82,2,1-7,adjust,-0.0007776916485405181,-0.00012520696265518437,0.0006238250902739768
82,3,1-7,adjust,0.010248569503268613,-0.00025828307111771685,0.0007565954642251469
82,4,1-7,adjust,0.01672889822803901,9.954160901164007e-05,0.0008028388882402916
82,5,1-7,adjust,0.0023221278300722256,7.438378907341397e-05,3.704421074544892e-05
82,6,1-7,adjust,0.005922042590291817,-6.945955233999368e-05,0.0006993431982193253
82,9,1-8,adjust,-0.001438435865908219,-0.00015883969712512144,0.0004502941699745152
83,2,1-4,adjust,-0.006823699189204729,-1.2113882683972554e-05,0.0003610341797787926
83,3,1-4,adjust,-0.006268215131132544,-3.2830911249344315e-05,0.000274756267762179
83,6,1-5,adjust,0.020221773880710295,7.249734182361444e-05,0.00038621613424422564
83,7,1-5,adjust,0.024870045453397265,-8.898146731482482e-05,0.00012237928395234258
83,8,1-5,adjust,-0.001525887779987967,0.0007222354541843109,0.00010583996108428026
83,9,1-5,adjust,0.007439683383600918,0.0001358316683919078,0.00039850214345123804
84,2,1-7,adjust,0.019657501880982368,-0.0004943687393041966,4.083306081274463e-05
84,3,1-7,adjust,-0.011006640655784687,0.0002670515062059136,8.414749431705721e-05
84,4,1-7,adjust,-0.004827456114405535,9.721692275726772e-05,0.00031816530678919884
84,5,1-7,adjust,-0.010405611203390558,-0.00018946549473550456,0.0009278616401063733
84,6,1-7,adjust,0.009150066148360756,-1.4142434822796216e-05,0.00027594569255001716
84,9,1-8,adjust,0.0011172997885867913,0.00043354453863952107,0.00041724411991394536
85,2,1-4,adjust,-0.012375028464825157,0.00024386600711784933,0.000432483219441416
85,3,1-4,adjust,0.011390496717677603,0.00012282799280762907,0.00039373557209619966
85,6,1-5,adjust,-0.008558524113990783,0.0002921911988575459,0.00021285506194979815
85,7,1-5,adjust,-0.012495923769303308,0.0002965838589987994,0.0003633501447172833
85,8,1-5,adjust,-0.01518394832284813,-0.0002787521873583551,1.2616042447122619e-05
85,9,1-5,adjust,0.003835180734986644,8.969432257352417e-05,0.00010564489285789465
86,2,1-7,adjust,-0.021506197416889965,0.0008267196992104174,2.5532414586843136e-05
86,3,1-7,adjust,-0.025811598964966896,0.00019598091108170276,0.000817642546478433
86,4,1-7,adjust,-0.008230964844231541,0.0003075070796567039,0.0004429772095160169
86,5,1-7,adjust,-0.006818583246677077,-0.0003613413261079962,0.000536967290981404
86,6,1-7,adjust,0.0038730376804226355,-1.169989724718687e-05,3.248978015417719e-05
86,9,1-8,adjust,-0.009704801052784772,-0.0004095265516536048,0.000699943545746477
87,2,1-4,adjust,-0.002353764717948154,-4.238536092160505e-05,0.0010098164278780253
87,3,1-4,adjust,-0.002725059236714488,0.00018739324611404657,0.0010316381180271953
87,6,1-5,adjust,-0.024190596317478812,2.0117754740474315e-05,0.0015211456359607515
87,7,1-5,adjust,-0.047412076331509886,-0.00013146585274993977,0.0013564802226732117
87,8,1-5,adjust,-0.014504171028143031,-0.0005362857472211832,0.001124165644266443
87,9,1-5,adjust,-0.00013529640544597557,-2.1287383984041874e-05,0.001276841443844151
88,2,1-7,adjust,-0.007016805097437437,-0.0003300464920480346,0.0009191029405657921
88,3,1-7,adjust,0.016986480615264758,-0.0004097870834824799,0.0010612210927991195
88,4,1-7,adjust,0.023772930937827216,-0.00012445966957952152,0.0007875787690500055
88,5,1-7,adjust,-0.0007066057238159456,0.00037943524284265556,0.0006222815367712249
88,6,1-7,adjust,-0.0006471756988068668,-0.00016759632729500834,0.0005010414571896964
88,9,1-8,adjust,-0.0170139192158693,-0.0004531162318042464,0.0010960731031555684
89,2,1-4,adjust,0.009101285478956032,0.00034650812039154573,0.0006390244180668757
89,3,1-4,adjust,0.006116924390080948,0.0001602130120335329,8.281516118648325e-05
89,6,1-5,adjust,0.0059039642944356385,1.6191099034155274e-05,0.0009793203358534485
89,7,1-5,adjust,0.033103780605101885,-0.0005148423823274951,0.0011650206922960145
89,8,1-5,adjust,0.032447653812051586,0.0002750389615366196,0.00022283985860133783
89,9,1-5,adjust,0.01247410239052719,-0.0001784053099942541,0.0002918577442417006
90,2,1-7,adjust,0.015465722275351045,-0.000358969376564444,0.00012058015350735798
90,3,1-7,adjust,0.007993964842144607,-0.0006061536880410637,0.0005404566886716277
90,4,1-7,adjust,0.028637777621760546,-0.0001413721557174193,0.0002794986801277896
90,5,1-7,adjust,0.04527305760179109,0.0004922612834249038,0.00038341697286848925
90,6,1-7,adjust,0.014795473930665283,-2.8938874853475328e-05,3.916259947659273e-05
90,9,1-8,adjust,0.00034683003935578936,-0.00016103438271925126,5.101968421780658e-05
91,2,1-4,adjust,-0.003404753075174537,0.00011664024848095988,0.0006292892646315456
91,3,1-5,adjust,0.014589724005070935,-0.0002632395952446747,2.9116711126707556e-05
91,6,1-5,adjust,0.023146491894903507,0.00019173069676431512,0.0005813851086027918
91,7,1-5,adjust,0.03219365155327663,0.0006675407275588175,0.0003409795399305722
91,8,1-5,adjust,0.020919129353006348,0.0006186495973280237,0.0005091257117443797
91,9,1-5,adjust,0.003066256380170274,7.534377387097117e-05,0.0003937540871331591
92,2,1-7,adjust,-0.010399272996021872,0.00033430746075908187,0.00017737787769579147
92,3,1-7,adjust,-0.007949149614799273,0.0001651036105322778,1.8105886111591872e-05
92,4,1-7,adjust,-0.03230096567634603,-6.681919325886059e-05,0.000335259291205962
92,5,1-7,adjust,0.015347896692256502,0.0001659565207288077,0.0007871214947524447
92,6,1-7,adjust,0.008896018634926835,-5.0635078746337256e-05,6.588551215421147e-05
92,9,1-8,adjust,0.01589815656878775,0.00012021631709252784,0.00019119569585471807
93,2,1-4,adjust,0.006977548040574939,2.5193435412892862e-05,0.000530333498286959
93,3,1-4,adjust,0.0021058628839334594,0.00044284740331479965,5.66772054578824e-05
93,6,1-5,adjust,0.010097996521273515,-7.6148766021368e-05,0.00017520396228829925
93,7,1-5,adjust,0.0005193332563066718,0.00021736993228807156,0.0004592234291188504
93,8,1-5,adjust,0.025277494501808415,5.180693393300036e-05,0.0007965748663650097
93,9,1-5,adjust,-0.001081352833423435,0.0004925636793787517,3.839531256873081e-05
94,2,1-7,adjust,-0.011908333093585197,-0.00030445713804946227,0.000541243061396291
94,3,1-7,adjust,-0.0369242587775591,0.00027684975797301835,1.0972658469079395e-05
94,4,1-7,adjust,-0.03953404451955503,-0.0002927827420113015,4.245285974412314e-05
94,5,1-7,adjust,-0.01535833194298704,-0.00031522993980038474,0.00039155580311122425
94,6,1-7,adjust,-0.01443110474456319,-0.0003772977836729654,6.288574625686345e-05
94,9,1-8,adjust,0.004324325443893285,0.0002095815915190297,0.00033461062459976367
95,2,1-4,adjust,0.019867935586756084,-0.00032312798603095023,0.0007358917498880521
95,3,1-4,adjust,0.005039296298152884,-6.565099845712324e-05,0.0005433299443885711
95,6,1-5,adjust,0.01075127306606865,0.0004703553788208382,0.0014915180952956306
95,7,1-5,adjust,-0.010101659853948931,3.7666838621514166e-05,0.00021599035133490526
95,8,1-5,adjust,0.0008289773143219945,-0.00020249630995478892,3.433161253264112e-05
95,9,1-5,adjust,-0.027331813868743466,-0.0005530917119128979,0.00041111139209889635
96,2,1-7,adjust,-0.013494713389927278,0.00029859737299577153,0.0001984584014352731
96,3,1-7,adjust,-0.021101360931624107,0.0001271650365940219,0.00035656374038893
96,4,1-7,adjust,-0.0031611258310946795,0.000539873790269491,6.751509531844441e-05
96,5,1-7,adjust,-0.017222547658929048,-0.00029250212395157685,0.00015282999337759313
96,6,1-7,adjust,-0.019054040135403585,0.00016262873030053232,0.001086852962183684
96,9,1-8,adjust,0.016724840863899228,0.0002975726692228026,9.826678498460114e-05
97,2,1-4,adjust,-0.002654390702617543,-4.5491901428147894e-05,0.0007692596586190494
97,3,1-4,adjust,0.0017514529806824785,-0.00015270811041368936,0.0008923717739960091
97,6,1-5,adjust,-0.01365386832048341,1.4229276612928576e-05,0.00023796103832440885
97,7,1-5,adjust,0.0020519602477366986,-0.0006236834114220185,0.0001145819853785422
97,8,1-5,adjust,-0.029771131533666846,-7.78574306231721e-05,0.0005576968069404716
97,9,1-5,adjust,0.00967749179872698,0.00014064976492675138,0.0003519006252297688
98,2,1-7,adjust,0.015992140799241127,-0.0004031641704600479,0.0003953338422676826
98,3,1-7,adjust,0.04419743061916661,-0.0003052795074589554,0.0006959368046480283
98,4,1-7,adjust,0.036516493406942775,-0.000649840379127539,0.0007723579697679754
98,5,1-7,adjust,0.0012795525649228357,-0.00014786811478859625,0.0004157784273714109
98,6,1-7,adjust,0.01984175276511905,-0.0006429044603386794,8.286739165444952e-05
98,9,1-8,adjust,-0.0025919243363180474,-7.046450437843838e-05,0.0006572644470308417
99,2,1-4,adjust,-0.0005036683502935045,0.00031545314138086366,9.103703411433132e-05
99,3,1-4,adjust,0.006916961867878771,0.0003353569229353694,0.00038190834535035815
99,6,1-5,adjust,-0.006746369281213249,0.0003066579058128619,0.0002358790674038769
99,7,1-5,adjust,-0.03152250872125921,0.0001295007710632126,0.00014828519381580922
99,8,1-5,adjust,-0.0007346662951034053,-0.0006882450517240842,0.000747005831543496
99,9,1-5,adjust,-0.015962269381054266,-0.0004477076004536007,0.00021632287606107524
100,2,1-7,adjust,-0.005525049747406457,-0.00010719260239041023,0.0005533919539514227
100,3,1-7,adjust,0.005596473620483471,-0.00024824028753880087,0.0005969658668309774
100,4,1-7,adjust,-0.036529159739227206,0.00021149709844607814,0.0008294566849740467
100,5,1-7,adjust,0.0008769171972456941,0.00033001901940112955,0.0005904680052875417
100,6,1-7,adjust,-0.01012599482920981,0.00020978480396637248,0.00021695391123102752
100,9,1-8,adjust,-0.0026398439524836087,8.695627477642497e-05,0.00041082664412522466
101,2,1-4,adjust,-0.00584125780019832,0.0001412306296762174,0.000342006142092048
101,3,1-4,adjust,-0.02490040267492404,-0.00012893425455531076,0.0004096687839455414
101,6,1-5,adjust,0.006170685628855914,-0.0006668081947972031,0.00037377256069512463
101,7,1-5,adjust,-0.0032493033304304805,0.0002446311443358987,0.00033042374327805915
101,8,1-5,adjust,0.012658726907080085,0.0003997566663074255,0.0003532447372061624
101,9,1-5,adjust,0.015344754636852831,0.0005025122228923188,0.0003129840446217312
102,2,1-7,adjust,0.001760953576017355,0.00022780779686991194,0.0003858144144025009
102,3,1-7,adjust,0.0139373145513086,0.00015332296760175242,0.00033210220097851706
102,4,1-7,adjust,-0.015149473896265694,-0.00019820488042194672,0.00018245779189572905
102,5,1-7,adjust,-0.023865984171047207,0.00033012282110077084,0.0008025574280511435
102,6,1-7,adjust,-0.02285615733818634,0.0001232464719126445,0.0005078277668049423
102,9,1-8,adjust,0.0005625489965254435,-0.0002717345994121247,7.882972553042724e-05
103,2,1-4,adjust,-0.004251832104004361,-0.00029365797583767977,0.00042775645623425096
103,3,1-4,adjust,-0.01830379678048195,0.00033235778174185883,9.512168424337905e-05
103,6,1-5,adjust,0.02476001815488697,-0.00021375233987569562,3.626763039394177e-05
103,7,1-5,adjust,0.019245891282632287,-3.4900910235426666e-05,0.00043102557919465657
103,8,1-5,adjust,0.0001482961442292889,0.00018439686942971624,0.0006686525453512179
103,9,1-5,adjust,-0.0070897452675944455,0.00033473687912015333,9.046488379284844e-05
104,2,1-7,adjust,0.008488606906728528,7.684004047890078e-05,0.0008521492268281482
104,3,1-7,adjust,0.005356963680126582,-6.127676420479846e-06,0.00037356625956712136
104,4,1-7,adjust,0.028953209039152033,0.00015709824953514167,6.0924733697864956e-05
104,5,1-7,adjust,-0.006696012475377329,8.904595992282379e-05,0.0007034077390049882
104,6,1-7,adjust,-0.0007535553801712886,0.000652524295454262,0.000404867241573894
104,9,1-8,adjust,0.004551376448513187,0.0002844258546587095,0.00016420611598645709
105,2,1-4,adjust,-0.010980147455034096,5.722690184230915e-06,0.00016312204854318987
105,3,1-4,adjust,-0.01272852386707606,3.6481113849587884e-05,0.0006430821361732033
105,6,1-5,adjust,-0.01316532147065313,-0.0003004567422428489,0.0004325865649683227
105,7,1-5,adjust,0.020493105330933126,-0.0002277782692329511,0.00046890914665500606
105,8,1-5,adjust,-0.009531416126814936,7.671861455983169e-06,0.0005982465364365075
105,9,1-5,adjust,0.020866254857796654,0.00031249360754979997,0.0007454599548793321
106,2,1-7,adjust,-0.006446812380335063,0.0005140765286752364,0.00041638877256652606
106,3,1-7,adjust,0.021471582324817603,-0.00015653515989102752,0.00029829893717521613
106,4,1-7,adjust,-0.013052090430847657,-0.0001772039110059221,0.0003607618704135732
106,5,1-7,adjust,0.0197140862241702,-6.2407633305246e-05,0.0005035526878133072
106,6,1-7,adjust,0.013180433702194646,7.800631457287407e-05,0.0002004251818357743
106,9,1-8,adjust,-0.01518592757324455,-0.00022431755291884951,0.0007438111856673772
107,2,1-4,adjust,0.0008600828665332945,-6.50295817251392e-05,0.0004025180606817274
107,3,1-4,adjust,-0.010812523207735125,-6.118227117459792e-05,0.0006742363016485471
107,6,1-5,adjust,0.003445096542525763,0.00032910059850944055,0.0007584319597995465
107,7,1-5,adjust,-0.005954053017042461,0.0004177156927964904,0.0007067063120795163
107,8,1-5,adjust,0.013988214515588186,0.00044392793402752096,0.0008927284791697712
107,9,1-5,adjust,0.013175304495301946,0.00013522065149470413,0.0006537984185864488
108,2,1-7,adjust,-0.0002362274352487444,1.4804495094168224e-05,0.0002450320564506387
108,3,1-7,adjust,-0.009226278953195426,8.362837952551675e-05,0.0005746198492771798
108,4,1-7,adjust,0.018334182110964027,0.00033273855557062787,0.00025492995165750306
108,5,1-7,adjust,-0.02665483605712244,-0.0004536058986138717,0.0004854780883720226
108,6,1-7,adjust,-0.016286145367365234,-0.0003192857450152685,0.00028148263740328754
108,9,1-8,adjust,-0.004148116547247779,-0.0003073792417019418,0.0002544069721855397
109,2,1-4,adjust,0.013969266479050146,0.00019992190888067977,0.0006513380488688001
109,3,1-5,adjust,0.0008209343391929144,0.0001876125925806768,7.033890193438547e-05
109,6,1-5,adjust,-0.016552161739494003,-0.00034126673275931054,0.0002986039963679402
109,7,1-5,adjust,-0.011858611058683282,-0.0002768393927736804,0.0003366981028454639
109,8,1-5,adjust,-0.008754955841827818,-0.0002379859478525568,0.00022597575132001
109,9,1-5,adjust,-0.01916238355440933,-0.000886372750844178,0.0006672077984544859
110,2,1-7,adjust,0.003328836773019618,-0.0008349470068608479,6.630341341330688e-05
110,3,1-7,adjust,-0.030696894741090257,-6.636390266363736e-05,9.986492760151423e-05
110,4,1-7,adjust,-0.02293699971523444,-6.956074564310723e-05,0.00019455437569813815
110,5,1-7,adjust,0.02514949563732248,0.00033505983350851434,0.0007070587119818445
110,6,1-7,adjust,0.011867995514590104,-0.00010121471278037735,0.0006944869018631189
110,9,1-8,adjust,0.0006101113154877992,-9.532639120254706e-05,0.00032586207264641287
111,2,1-4,adjust,-0.011504658880494257,-4.065943533970565e-05,0.0005310436340588223
111,3,1-4,adjust,0.016892428178672488,0.00011265019816716199,0.0018477818773287333
111,6,1-5,adjust,0.002490296880332881,0.0003393233321669437,0.0003679653970828717
111,7,1-5,adjust,1.820992282131384e-05,-0.0004018878742425741,7.599223148414849e-05
111,8,1-5,adjust,0.02750876318000013,-0.00027823060418924017,0.00021278804794156228
111,9,1-5,adjust,0.012509083339329435,0.0005758416289682751,0.0009909815881974716
112,2,1-7,adjust,0.018424331424746462,-7.008376890751786e-06,0.00014753575628613394
112,3,1-7,adjust,0.04353402059999605,-0.00025307491276493394,7.241465660712054e-06
112,4,1-7,adjust,0.003384276156374185,-0.00025131457322302817,0.0006381642858486453
112,5,1-7,adjust,0.0038424705483291275,2.1662305647345046e-05,0.00014594477342619165
112,6,1-7,adjust,-0.0022886880165281305,-0.0001905004220732146,0.00027685487857377476
112,9,1-8,adjust,0.0014270781540935374,0.0005399983587636907,0.0008546627944925708
113,2,1-4,adjust,-0.005003534041470722,0.00021752704404407548,0.0002182509959761014
113,3,1-4,adjust,-0.003313032745437751,0.00015574202724693328,0.00026049468989849267
113,6,1-5,adjust,0.012693164926475143,0.0002583590024132146,0.0010333383815237993
113,7,1-5,adjust,0.006188433675026887,0.00013804436060955755,0.0007351481150429859
113,8,1-5,adjust,-0.0012728614220463587,0.00010540918497834148,0.00020158870732776274
113,9,1-5,adjust,-0.015206720088675222,-0.00028265679670965647,0.0007557505470907964
114,2,1-7,adjust,0.005902861592274983,-0.0005237039487419445,0.00025393412409484793
114,3,1-7,adjust,0.008479202403811253,-0.0006338426134141774,0.0006189974690139275
114,4,1-7,adjust,0.023000843073929068,0.0001495778772969764,0.00011701325731790032
114,5,1-7,adjust,-0.03417717811579229,-0.0001646061943715937,3.824825793189561e-05
114,6,1-7,adjust,-0.00998387232797845,-0.00028608375985283855,0.00031235576414396534
114,9,1-8,adjust,0.009013604859141494,4.529550930081415e-05,0.0007061258477092826
115,2,1-4,adjust,-0.003014129070583777,-3.7135263631122435e-05,0.00028136805811813134
115,3,1-4,adjust,-0.0020666327560100507,-3.610995800472009e-05,0.0001615580466891475
115,6,1-5,adjust,-0.015408914986577552,0.00022685883201122747,0.00042759531784623107
115,7,1-5,adjust,-0.018037254414212268,0.0002530214011457532,0.0005324024351401662
115,8,1-5,adjust,-0.025913534381597735,0.0001503677661655407,0.0003749885370399037
115,9,1-5,adjust,0.000940392209989156,-0.00021281952267415943,0.0003779643298988766
116,2,1-7,adjust,-0.005740100096556383,0.0002633485399315438,0.00015671842990177588
116,3,1-7,adjust,-0.009910102016915789,3.367198017401726e-05,0.0003275830520178538
116,4,1-7,adjust,-0.016018939551979854,0.00017860990835167592,0.00014129170981701732
116,5,1-7,adjust,0.003338234198755579,0.00018827406685699197,9.123023203748236e-05
116,6,1-7,adjust,-0.007697589704660429,-5.218199782548145e-05,0.00039722740231202744
116,9,1-8,adjust,0.004554755763070938,0.0002999962031506473,0.0005599434600846179
117,2,1-4,adjust,-0.007734014253992088,0.0002574609438873407,7.18696417183585e-08
117,3,1-4,adjust,-0.023272985948138866,-0.00010320549975368772,0.00011306282109469795
117,6,1-5,adjust,0.007479049619845381,-2.9882550890356383e-05,0.00024264811419548194
117,7,1-5,adjust,0.016400859615108832,-0.0001980366727378079,0.0003270060638925986
117,8,1-5,adjust,-0.0031631270436891894,0.00021665843219498664,0.00017909145163625052
117,9,1-5,adjust,0.0006614043505597314,0.0001003984854451796,3.733824119955489e-05
118,2,1-7,adjust,0.009262634931124482,-0.00031564771408998984,2.7661443345225937e-05
118,3,1-7,adjust,0.0050300270752558504,-0.00010395394762171265,3.070862380511441e-05
118,4,1-7,adjust,-0.04370108683734994,1.175860422706173e-06,2.3150600672941154e-06
118,5,1-7,adjust,0.04049275748855961,6.857204003990255e-05,3.706258765681585e-05
118,6,1-7,adjust,0.012865418398508832,0.0001488670232896238,0.00023806975421343445
118,9,1-8,adjust,-0.005271577374665452,-9.982823270280995e-05,0.0002611712978485725
119,2,1-4,adjust,-0.010994927401165599,0.0006842985337607331,0.0008841292687570939
119,3,1-4,adjust,-0.018494049100922103,0.0006116793669497712,0.0008911753307780608
119,6,1-5,adjust,0.014775451615229892,0.00043868381598505685,0.0011540988101464637
119,7,1-5,adjust,0.013074517654562879,-0.00010032937053233044,0.00044244549875428833
119,8,1-5,adjust,0.010806918376933114,-0.00012368343987287565,1.1931662738656466e-05
119,9,1-5,adjust,-0.005139821874887015,-5.5199922653052306e-05,0.0006218607488586639
120,2,1-7,adjust,0.018332913226986682,-0.0005283843301590153,0.000545089964375533
120,3,1-7,adjust,-0.000764087234680062,-0.00020228242481910643,0.00023814174488057517
120,4,1-7,adjust,0.03582888146595143,-1.2924419635564397e-05,0.0004822317837617934
120,5,1-7,adjust,0.016910808082809852,-0.0001500167993462611,0.00041077997998670984
120,6,1-7,adjust,0.010138935669964943,-0.0002786995895637853,0.0006023645057452142
120,9,1-8,adjust,0.005074643037602118,-0.00016078618396742837,0.0007239398954627134
121,2,1-4,adjust,-0.014315488775689684,0.00032450584861290076,0.0009146475239622748
121,3,1-4,adjust,0.0001554148938249569,-0.00016900864169587957,0.00023403765153749633
121,6,1-5,adjust,0.020836207726085097,-0.0001493987129799507,0.0006130017859145358
121,7,1-4,adjust,-0.009463825466577066,0.000631611406797457,2.9397376557172088e-05
121,8,1-5,adjust,-0.007596868031760047,-0.000378478058455694,0.00020365317997330466
121,9,1-5,adjust,0.0107867874393308,-1.8167489573999966e-05,1.2241915383287868e-05
122,2,1-7,adjust,-0.001839833383238038,0.00026685577672124204,0.0012355648329593373
122,3,1-7,adjust,0.012439611056663153,0.0003360084956169922,0.0004165811644747713
122,4,1-7,adjust,0.04136682185845631,-4.645145250113066e-05,7.083858101136363e-05
122,5,1-7,adjust,-0.012397240297519202,-2.2600078033490684e-05,0.0002251082905698191
122,6,1-7,adjust,-0.016743683590683282,0.00020691307349572855,0.0007301082350824102
122,9,1-8,adjust,-0.005010902744195052,6.72972264620473e-05,6.818956235509968e-05
123,2,1-4,adjust,-0.005449541427653769,-0.00023023454086318343,0.0002888888052482551
123,3,1-4,adjust,0.009070565606525643,-0.00024831275937291697,0.0007437388773287076
123,6,1-5,adjust,0.002897542273760017,0.00029063014799955977,0.0001242149508031373
123,7,1-5,adjust,0.011908566188123786,-0.0008340665242874264,0.0004635747449048174
123,8,1-5,adjust,0.014600572480778012,5.502923394630902e-06,7.96131729925884e-05
123,9,1-5,adjust,0.0034177726852342967,-0.00017001320071920677,0.00010499080217618191
124,2,1-7,adjust,0.00430786553023958,-0.0001885015252100342,0.0006248375387689022
124,3,1-7,adjust,0.026359256104225997,-2.0163927090224915e-05,0.00015409756073422382
124,4,1-7,adjust,-0.00995716190916943,0.00028145997162759583,0.0007518550156705813
124,5,1-7,adjust,-0.004928832802846635,-6.247604264586307e-05,0.0008797153460277008
124,6,1-7,adjust,0.022567711821919235,-0.00020073442426156118,0.00023379646155439725
124,9,1-8,adjust,-0.007193800267524277,0.0002870614878613603,0.0010214770951454597
125,2,1-4,adjust,0.003220450210750847,-0.0003165658944959828,0.00037813551883474734
125,3,1-4,adjust,-0.008441743817229662,0.00028147926897246903,0.0011206973872554035
125,6,1-5,adjust,-0.03027598244392041,0.00034573157717757125,0.00014416571690820232
125,7,1-5,adjust,-0.008990601691876267,0.00015805963853086916,0.0009655899802874159
125,8,1-5,adjust,0.004490707720104154,0.00018935826183065586,8.974999113830297e-05
125,9,1-5,adjust,0.001553163926823201,0.000446817344886171,0.0009019495547138285
126,2,1-7,adjust,0.001468182898018872,0.0002779994337327279,0.00014905180748123032
126,3,1-7,adjust,0.026727812520732135,-9.247250136317852e-05,0.0003766713888998644
126,4,1-7,adjust,-0.004323557688645661,-0.0004725692974218136,2.3496167973767166e-05
126,5,1-7,adjust,0.035699004908212366,-5.7765234513310396e-05,0.0002770911720140108
126,6,1-7,adjust,-0.004723366170867747,-0.0004021643057081526,0.0004821268125656608
126,9,1-8,adjust,0.005623432843824495,1.1636890153019669e-06,0.00039690574907019576
127,2,1-4,adjust,0.00347995573578411,-0.00043998266266341503,0.00023452325641663255
127,3,1-4,adjust,-0.02022296384373299,0.000332061221526929,0.0002762083737237372
127,6,1-5,adjust,0.02930701633886102,8.229012550459666e-05,0.000740836629828603
127,7,1-5,adjust,0.00628048357315215,2.319460695657714e-05,0.0009470717537885555
127,8,1-5,adjust,0.004026405079442932,7.352777720111597e-05,0.0004352242496229013
127,9,1-5,adjust,-0.0024723170971729528,-0.0002817599294825267,0.00023245609595196675
128,2,1-7,adjust,0.0006596747984883726,0.0006444587905322048,0.00042780961297972223
128,3,1-7,adjust,-0.02400695331544135,-0.0002164499406313034,0.0005922318237079221
128,4,1-7,adjust,0.010517547186790786,1.1273288815182674e-05,0.0001987663239792253
128,5,1-7,adjust,-0.01012523901224761,-0.00015679103964298877,0.00012169449483167579
128,6,1-7,adjust,-0.010452488073988166,-0.0007938433552748679,0.0006077794925201391
128,9,1-8,adjust,0.000790957962757532,-3.610168128856976e-05,2.8557357531905562e-05
129,2,1-4,adjust,0.006215860361108362,-8.771853046658721e-06,0.00015764673362395046
129,3,1-4,adjust,0.014536951497703503,-0.00043577073962311274,0.0001793765818987181
129,6,1-5,adjust,-0.0029834370313385865,0.00036609235521789236,0.0006909361094356451
129,7,1-5,adjust,0.00135479644168614,-7.510220438805381e-06,0.0001724739280032645
129,8,1-5,adjust,-0.02561965687523427,1.7745958851644863e-05,0.00024378464131447717
129,9,1-5,adjust,-0.0042329418877307835,-7.887089328061218e-05,3.0200900943297927e-05
130,2,1-7,adjust,0.013934412331119852,-0.00031072425017898453,0.00015878552453060918
130,3,1-7,adjust,0.04044352228290315,-0.00016307312362777437,1.5275148066141493e-05
130,4,1-7,adjust,0.026403190450444817,6.678846783100335e-05,0.0006001983320116135
130,5,1-7,adjust,-0.012049507538354421,0.00010173836702826357,0.00029206011359314923
130,6,1-7,adjust,-0.028967604029493287,-0.0002829623181885619,0.0001091845782803902
130,9,1-8,adjust,-0.015635098139757275,0.00019185952017233214,0.0005882682397482181
131,2,1-4,adjust,-0.0019884375145132415,-0.00026989184650695467,0.0005317340361372283
131,3,1-4,adjust,-0.006961185171144701,0.00033482947937694366,6.610263223651661e-05
131,6,1-5,adjust,0.013800966037946609,0.0006380412814569602,0.0010335933169744612
131,7,1-5,adjust,-0.011652972484215521,-3.950371530645608e-06,0.0005224935385885049
131,8,1-5,adjust,0.020018789417541493,-0.0005084344119209969,0.00027627895350706554
131,9,1-5,adjust,0.017997981624410245,-0.00015339672598038833,0.0005747432757846212
132,2,1-7,adjust,-0.005442313121996237,-4.9344505413603635e-05,0.0005510956373927076
132,3,1-7,adjust,-0.011499204274119587,-2.1733202994146672e-05,9.666219046898628e-05
132,4,1-7,adjust,-0.024199518666185988,0.00017421226162828116,0.00016878630083953428
132,5,1-7,adjust,-0.001961851879934778,-3.278544825110753e-05,0.0003536712941012321
132,6,1-7,adjust,-0.01122034001612269,-0.00038130281141484707,0.0006054744307433195
132,9,1-8,adjust,-0.004756679797497526,1.694962580061873e-05,0.00030909932681123163
133,2,1-4,adjust,0.0034825356716185495,7.203710293598381e-05,0.0003403272404565684
133,3,1-4,adjust,-0.008779641307463325,4.694174183016355e-05,0.0006484955567503373
133,6,1-5,adjust,0.020601812583606372,-0.0004317927073896275,8.088944007685288e-06
133,7,1-5,adjust,-0.0047682303262969695,0.00030544553367717423,0.00019986955327077068
133,8,1-5,adjust,-0.024883375242628906,9.225512083995075e-05,0.0004172081178227876
133,9,1-5,adjust,0.008189369312342742,-0.0002733540694341461,0.00031464660774452503
134,2,1-7,adjust,0.0025017659907660317,8.850684282461681e-07,0.0004349523864962205
134,3,1-7,adjust,-0.005922844915090462,-0.00045417811595577386,0.00013261456481152568
134,4,1-7,adjust,-0.004997853343444696,0.00012326218920785895,0.00017967647315740993
134,5,1-7,adjust,-0.002166514220277342,0.0002579759804033109,4.772235482734423e-06
134,6,1-7,adjust,-0.009908946471216267,0.00013141223591958863,0.0004499544630733312
134,9,1-8,adjust,-0.011978682217743584,-0.00015107238924258422,0.0009420928388983029
135,2,1-4,adjust,-0.008494492486266792,0.0002226689286991631,0.00036985484398726937
135,3,1-4,adjust,-0.00038955406739707936,0.00028574327350607226,7.178567479513691e-05
135,6,1-5,adjust,0.018721074165164622,0.00015626786830711807,0.0008214405962577146
135,7,1-5,adjust,0.03806990858910176,-0.00018511426631416053,0.0005059396018000324
135,8,1-5,adjust,0.017938439569697588,5.1417991659556004e-05,0.00011141553160236998
135,9,1-5,adjust,-0.007619061183940913,0.00029724076516049664,0.0003284652302028825
136,2,1-7,adjust,-0.008701895475939034,0.0001403679365418121,0.00022953824258042842
136,3,1-7,adjust,0.010897459737252393,0.0001137610832359708,0.0006307058803517472
136,4,1-7,adjust,-0.020353129404563387,-0.0003040640699503424,8.041547276056727e-06
136,5,1-7,adjust,0.04238244750242544,0.00019667200815843378,8.745770220895788e-05
136,6,1-7,adjust,0.026723779507976386,0.0003085515440316635,0.00041324813529831727
136,9,1-8,adjust,0.002203922773636297,-9.406833378099241e-05,0.0003777919990497533
137,2,1-4,adjust,-0.0023043788453471705,3.692713716104819e-05,0.00024034266543014566
137,3,1-4,adjust,-0.008024324531069025,2.7528184299817244e-05,0.0004825153810890454
137,6,1-5,adjust,0.014910477008913951,-0.00021864642992987308,0.000831824240143586
137,7,1-5,adjust,0.010322178513611821,7.575627359748696e-05,0.0004276999272396263
137,8,1-5,adjust,0.014013071115889189,0.000630759774039976,0.0008735118174542938
137,9,1-5,adjust,0.004420420560661853,-0.00044797689129635025,0.00017847718055504798
138,2,1-7,adjust,0.0035459843162786915,-9.067936188938176e-05,0.0004993077461241696
138,3,1-7,adjust,0.009663434546135144,7.450303392913237e-05,0.0009668999110057001
138,4,1-7,adjust,0.007005045327478169,-9.637128513128676e-06,0.000341401171575542
138,5,1-7,adjust,-0.021890915820212478,-4.918016023600551e-05,0.0005547815174303729
138,6,1-7,adjust,-0.01172628419869865,0.00037699443817036904,0.0007613143959353912
138,9,1-8,adjust,0.0014817606003154021,0.0004473934683623458,0.0002883579237010958
139,2,1-4,adjust,-0.002285013141721718,9.973536561815484e-05,0.00025598607084975096
139,3,1-4,adjust,-0.005552287249288123,0.00012846228576964428,0.00013458395222739334
139,6,1-5,adjust,0.006209441800817925,-0.0001097013357456267,0.0008327610092852306
139,7,1-5,adjust,0.008412525141296588,0.00036675359624834545,0.0006759670724731027
139,8,1-5,adjust,0.014007430681238118,-0.00023061380185123267,0.0003725966030231322
139,9,1-5,adjust,0.010770921850702322,-1.8440303188050837e-05,0.0005956345468756789
140,2,1-7,adjust,-0.009314326530855933,0.00013032269614228405,0.0006542721410240448
140,3,1-7,adjust,-0.01050473163244201,-3.518585040588404e-05,1.5537862718321404e-05
140,4,1-7,adjust,0.020558183818244154,0.0003295252923749065,0.00048193483291875794
140,5,1-7,adjust,-0.0007858402362588388,-0.0003910556634595437,7.194925800776995e-07
140,6,1-7,adjust,-0.011238840417497759,8.014548387052583e-05,0.00018055928294185653
140,9,1-8,adjust,0.008987777546067133,0.00014125196570843169,0.00026299362102482607
141,2,1-4,adjust,-0.0008029424692797303,-4.8518749600724475e-05,0.0004128412099244574
141,3,1-4,adjust,-0.0050136285406341685,0.00010698281961496607,0.00012716460008626912
141,6,1-5,adjust,-0.01394574362288197,-4.790584740439742e-05,0.00017183360341091851
141,7,1-5,adjust,-0.04466600222387882,0.00012817719819359775,0.0002178785120423141
141,8,1-5,adjust,0.004193808876183003,-0.00024787191998084957,0.00011988904855924884
141,9,1-5,adjust,-0.012202489047453963,-0.00023367464461345193,0.0004147361845685317
142,2,1-7,adjust,-0.009476097045036814,0.0002999118506441667,0.0004196224459649533
142,3,1-7,adjust,-0.05087070396366778,-0.00010193332874517776,0.0006143197219843967
142,4,1-7,adjust,-0.03901400094473408,0.00029709923008451887,0.0006567469372591182
142,5,1-7,adjust,-0.052050599532318755,-0.00017160846749834897,0.0011601510260718228
142,6,1-7,adjust,-0.04001507622023543,-0.0004644708280451444,0.0002796559662294043
142,9,1-8,adjust,0.005977349156850534,0.0004106897068758377,0.0005978495709679827
143,2,1-4,adjust,0.006509192467620962,0.00040515419050387745,0.001479349076892774
143,3,1-4,adjust,0.013471632424027385,0.00019811344259957502,0.0007232567881376816
143,6,1-5,adjust,-0.008735733149624404,-4.299509689704541e-06,0.0007448853185938332
143,7,1-4,adjust,-0.003161716669926767,-0.0003582044079402809,7.09775910738561e-05
143,8,1-5,adjust,-0.03970856498926512,2.3255630522395868e-05,0.0005223528230896024
143,9,1-5,adjust,-0.010896525733500214,-0.0004075791747607686,0.0008468952426100979
144,2,1-7,adjust,0.0034354490938688603,-0.00015264603843571255,0.000749606019730228
144,3,1-7,adjust,0.019475779412562857,-0.00026113406343085253,3.8464687290346485e-05
144,4,1-7,adjust,0.005033306344955765,-4.570055235831357e-05,0.00039981657586455986
144,5,1-7,adjust,-0.019394250054407803,5.872778259417581e-05,0.00030039405402687623
144,6,1-7,adjust,0.010129654484760582,0.00027067135211042735,9.657762025083671e-05
144,9,1-8,adjust,-0.0079591420898687,2.6460887313272307e-05,9.171806139001504e-05
145,2,1-4,adjust,-0.007072183456644651,0.0001701040200336578,0.0010589193689792597
145,3,1-4,adjust,-0.008096320704332107,0.00035859189835290195,0.00030103861686382066
145,6,1-5,adjust,-0.017104602163304436,0.00016347451553979476,0.0009090869991173118
145,7,1-5,adjust,-0.024650710437724956,-0.0001277202178266224,0.0006641930267322208
145,8,1-5,adjust,-0.014210190587617253,-0.00010530796732257276,0.00061383037228816
145,9,1-5,adjust,-0.010373322971020177,-0.00024537233409798864,0.001221107190842202
146,2,1-7,adjust,-0.0004212930704243526,-0.0005070295735383903,0.0002783613639118899
146,3,1-7,adjust,-0.000608858689411258,0.0003754804254465187,0.00035696921607008116
146,4,1-7,adjust,-0.013321293261924275,-6.361328526429305e-05,0.0003666587138828493
146,5,1-7,adjust,0.04524013692301916,0.000416914455170981,0.0003173402746629224
146,6,1-7,adjust,0.008573251722873347,0.00019724085100514038,0.0002640484821391679
146,9,1-8,adjust,0.0019326734553971692,0.000142079370473061,0.0002203491908166714
147,2,1-4,adjust,0.005959026285855238,0.00015737282362596533,0.0006095438391239816
147,3,1-4,adjust,-0.019232052911158055,-0.00041195445017352505,0.0004849120279214214
147,6,1-5,adjust,9.815153050575602e-06,0.0007410272784615677,0.0012177542501444893
147,7,1-5,adjust,0.04131010664602119,-0.00034693742560675943,0.0002445736960705953
147,8,1-5,adjust,0.028028793465794618,-0.0001835289462493232,0.0002451443414604394
147,9,1-5,adjust,0.00056774352746219,-0.0005504394240792796,0.0012178922622785569
148,2,1-7,adjust,0.017949208484520737,-0.00032825127422728264,0.0007220930243878121
148,3,1-7,adjust,0.06115498567701863,-0.00039154172297180376,0.0005899242442729597
148,4,1-7,adjust,0.04561915190945336,-0.0006071896129902956,0.0004401705902991749
148,5,1-7,adjust,0.014010350275778731,-0.00024190991576036113,0.00023723005521229738
148,6,1-7,adjust,0.02683320533748203,-0.0006602127949492292,0.00012856823648320137
148,9,1-8,adjust,0.006098728700414019,0.00033539089187963923,0.00027517419447447384
149,2,1-4,adjust,0.0030927905613909157,-0.00021669844448024713,4.1404375546847694e-05
149,3,1-4,adjust,-0.008951973912077303,7.593051997261901e-05,0.0008787861419213228
149,6,1-5,adjust,0.0006439681047379446,0.00021381599466631067,0.00040601796596797087
149,7,1-5,adjust,0.00980574007379452,0.00031726722167751487,0.000584908978342696
149,8,1-5,adjust,-0.015688366630986893,0.00017186523649041343,0.00041561937988784735
149,9,1-5,adjust,0.010637120238277762,0.00014750619190611399,0.00027859649920600763
150,2,1-7,adjust,0.007322402245357933,-0.00016015514332801757,2.2188218246036113e-05
150,3,1-7,adjust,0.007967061390284625,0.0001951024415974329,0.000281850924931962
150,4,1-7,adjust,-0.007024636463126974,-2.3165345037579823e-06,0.0002993663008398366
150,5,1-7,adjust,0.012571238792283048,6.721836430234712e-05,6.931225175021767e-06
150,6,1-7,adjust,0.01153650279816636,-3.389361700549919e-05,0.00023778135283061355
150,9,1-8,adjust,-0.006309889160717633,8.493795754058596e-05,0.001142272349812464
151,2,1-4,adjust,-0.00647289742659946,0.0001171498543888861,0.0002689781957470455
151,3,1-4,adjust,0.000617617206994382,-0.00015717503166692734,0.0004966222246714772
151,6,1-5,adjust,-0.0031931696328230405,-0.0002882405022863171,0.0005064821619529886
151,7,1-5,adjust,0.006809431536116146,0.00014031541484651214,0.0008554912978827754
151,8,1-5,adjust,0.024430377615633582,0.00011064541245018983,4.813302111549151e-05
151,9,1-5,adjust,-0.0016917499350281744,0.00013389223845027684,0.0005283245146975965
152,2,1-7,adjust,-0.022225654291572427,0.00015573626959280757,0.0006566102991692406
152,3,1-7,adjust,-0.0014003818320848264,-0.00011650092557675174,0.0002626499551887809
152,4,1-7,adjust,-0.010638381774112748,0.00031707402620307344,0.0003611277574471446
152,5,1-7,adjust,-0.020729144641413035,7.767828493389771e-05,0.0005381610746974725
152,6,1-7,adjust,0.01309066808464358,-6.9901109197605065e-06,0.00045683276606551756
152,9,1-8,adjust,0.010449152817145101,0.0003474267624144133,0.0006117981954484248
153,2,1-4,adjust,0.008269526778152871,3.853566707813491e-05,0.0003439833847554447
153,3,1-4,adjust,-0.008615606165216054,-0.00019290352986891921,0.00011943721461855913
153,6,1-5,adjust,-0.00905436377222509,-0.00011879119632716056,0.0003225921225108841
153,7,1-5,adjust,-0.010658874631508958,-3.017269135103274e-06,0.00033858978319778894
153,8,1-5,adjust,-0.019776328983175967,0.000205537849501846,0.00015243587217643012
153,9,1-5,adjust,-0.0009280289973876952,-0.00013974480839719418,0.00018799976269419114
154,2,1-7,adjust,0.006547200376774865,-0.0001952146993555523,0.00033662422545337184
154,3,1-7,adjust,0.007187406347577586,-2.3672326054816738e-05,0.00012511278548838688
154,4,1-7,adjust,-0.002340572491267379,-1.3492126967927737e-05,0.000812956567026376
154,5,1-7,adjust,0.019713699294891855,-0.00020857130928607037,0.0006517743512032116
154,6,1-7,adjust,0.011962430992460414,0.0004440485145446323,0.0007288171048205556
154,9,1-8,adjust,-0.0043524302589227635,9.731836696866655e-05,0.00021876118683027715
155,2,1-4,adjust,-0.006693525530154485,0.00032164249999701327,0.0010566617510887673
155,3,1-4,adjust,-0.026954090259126373,0.00047087879570804734,0.000210970306876226
155,6,1-5,adjust,0.007033037966401498,0.0002077687802637368,1.4157088377334488e-05
155,7,1-4,adjust,-0.01555807159779268,0.00031393674690222297,5.241095647482738e-05
155,8,1-5,adjust,0.009374190308489683,-0.0001781854912017371,9.78737387155576e-05
155,9,1-5,adjust,0.0005134284913051602,-0.0002130124382245572,0.0001767473129869612
156,2,1-7,adjust,-0.012883146331753203,0.00014969639331234807,0.00032789724361630585
156,3,1-7,adjust,-0.00046646045750379806,-0.0002023024331710287,0.00035649972214057876
156,4,1-7,adjust,-0.037413409511739035,-9.538217486225386e-05,0.00029999993775322496
156,5,1-7,adjust,-0.023212199780079493,0.0001370593577217705,0.0001736798925076047
156,6,1-7,adjust,-0.04215585829203038,-0.0003445839209629353,0.00015102041300257013
156,9,1-8,adjust,0.001692106927314553,0.00014788135634729313,3.5915075774747124e-05
157,2,1-4,adjust,0.003977730743735895,-0.0001525814993778401,0.00036644912137024776
157,3,1-4,adjust,-0.003436641292115084,7.444043137766068e-05,0.0011343955916672604
157,6,1-5,adjust,-0.004166312553410859,-0.00025733765544619364,0.0007828033985034664
157,7,1-5,adjust,0.019287278676688776,-0.0003630844050676269,0.000594753950557334
157,8,1-5,adjust,-0.007507752105448006,4.3384514189998044e-05,0.00012237513037338752
157,9,1-5,adjust,0.01541147869387264,0.00011642065961908991,0.00019983052009040083
158,2,1-7,adjust,0.01217169228528822,-0.0003029528426486319,9.994379101820474e-05
158,3,1-7,adjust,0.019431183813605542,-0.0005102399070374092,0.0009157357931257398
158,4,1-7,adjust,0.025736418409760837,-0.00023432785288775727,0.00010092234691082146
158,5,1-7,adjust,0.01107479075044715,-0.00016949455621848827,0.00042339264520388536
158,6,1-7,adjust,0.016958710253867505,-9.092148624361668e-05,0.00023655712625837241
158,9,1-8,adjust,-0.008944984215726025,-8.265623935750254e-05,4.4207717057557685e-05
159,2,1-4,adjust,0.007632695623783902,-0.00011856512562599584,8.878709769981628e-05
159,3,1-4,adjust,-0.003503188473066836,0.00011057802210305266,0.00030814335578011395
159,6,1-5,adjust,0.010343234022263885,-0.00019460347103314536,0.0006020278152248052
159,7,1-5,adjust,-0.006371145769909157,0.0004169953417146019,0.0014473644450988044
159,8,1-5,adjust,0.0008911423950798407,9.741440363351161e-05,5.3855213391580995e-05
159,9,1-5,adjust,-0.00044050057375502345,1.7389908928486095e-05,0.00011826215572799684
160,2,1-7,adjust,-0.01124841331132732,0.0006127698367475758,0.00041426974493449103
160,3,1-7,adjust,0.0024212917403994374,0.0005244916306240615,0.0008791240170433458
160,4,1-7,adjust,-0.00022860438114184317,-0.0001334169406068041,0.00044570831551853833
160,5,1-7,adjust,-0.03284266513307963,0.00019208172245699473,0.00019575405574644158
160,6,1-7,adjust,-0.008177263825072695,0.00033713666849462644,0.0005080236018165611
160,9,1-8,adjust,-0.0057989033100463395,-1.873512229577055e-05,0.001086994520571071
161,2,1-4,adjust,0.004738222611695052,-0.00037710868280237987,0.0001254893830990125
161,3,1-4,adjust,-0.02025605273764498,-0.00020311895330951633,7.991000258271488e-05
161,6,1-5,adjust,-0.000493610002944955,-0.0003240875509195544,0.00046706395912730247
161,7,1-5,adjust,-0.009606496022717069,-8.344872114543492e-06,0.00043963704453855675
161,8,1-5,adjust,-0.002453542162330252,-5.397342098750459e-05,0.00014212426779417327
161,9,1-5,adjust,-0.011643794075265196,-0.00019095918088852452,0.0003806739097757371
162,2,1-7,adjust,-0.010739613623309831,0.00042440135358207343,0.00018698328418776164
162,3,1-7,adjust,-0.029235285773432276,0.0004288465353074993,0.0006316640039430014
162,4,1-7,adjust,0.023137165559595746,0.00035025156757437,0.00024024410453263813
162,5,1-7,adjust,-0.032848887383277826,-0.0003106036022979773,0.000513006135977991
162,6,1-7,adjust,-0.021290481342083382,-0.0002574960152862412,0.0002631266847152839
162,9,1-8,adjust,0.005408721312203888,0.000106455099870909,0.0006360706662639991
163,2,1-4,adjust,0.00801476521106524,-0.0006029532745294482,0.00044192891670376613
163,3,1-4,adjust,0.011848762565475478,-0.0003298792318874797,0.00018114851506295863
163,6,1-5,adjust,-0.009048761377945455,0.00026669858781290165,0.0005516516065455871
163,7,1-5,adjust,-0.03879365518562529,-1.8358466357683048e-05,0.00016537650928441077
163,8,1-5,adjust,-0.01034523158890615,-0.00026931659309025613,6.478172010601745e-05
163,9,1-5,adjust,0.00361247969648669,-9.283148852199864e-05,0.0003993127796240915
164,2,1-7,adjust,0.004184744115125547,0.0001973259194310917,0.00032799961699080457
164,3,1-7,adjust,0.02409746419958965,0.0003996223540926516,0.0005664900196005531
164,4,1-7,adjust,-0.039887321763427075,-3.671019739029433e-05,0.0005664683321203108
164,5,1-7,adjust,0.0031231545518038,0.00020441046979842526,0.0007266078608357568
164,6,1-7,adjust,-0.0210147085362228,-0.00010756764684977862,0.0010430614837716522
164,9,1-8,adjust,-0.0040855660274280205,0.00014262940534915774,0.0007649100275388651
165,2,1-4,adjust,-0.0066726240507189,0.00010450817027053947,0.0001507413166336686
165,3,1-4,adjust,-0.010997906312880756,-4.487434931644682e-05,0.00021258491282626212
165,6,1-5,adjust,0.006074215944806791,-0.0005245450051894436,0.0006331500100576536
165,7,1-5,adjust,0.005600572913337055,-9.338271605326258e-05,0.0005421068436019829
165,8,1-5,adjust,0.012536306637226402,0.0003472510731747114,0.00022640183130869955
165,9,1-5,adjust,-0.006795326850347693,9.625331067919177e-05,0.0002957909901023581
166,2,1-7,adjust,0.0033342220673973815,0.00017321209196145953,0.0006127545751374129
166,3,1-7,adjust,-0.03668489365212933,0.0004443532532942212,0.0009893527360814603
166,4,1-7,adjust,-0.0362671040148916,0.000396664680088272,0.0002672655600039122
166,5,1-7,adjust,-0.02176884041311484,-0.00030637071290307407,0.0006856679366332629
166,6,1-7,adjust,-0.009580563963016531,0.00040744674583887883,0.00014859359172445433
166,9,1-8,adjust,0.01138042986734912,-0.00018299872296877485,0.0003256602018739992
167,2,1-4,adjust,-0.006717494104236679,0.00017806590125707929,0.00048567944352891334
167,3,1-4,adjust,0.00284522681428563,-0.0001818899286757398,0.000894708082807606
167,6,1-5,adjust,-0.028197873841329022,-0.0002017221294480469,0.00017164181293476483
167,7,1-5,adjust,-0.05013062861814817,5.918596497264307e-05,0.0003923767046834759
167,8,1-5,adjust,-0.04210994494894157,-0.0005129046286358149,0.0005643633714723956
167,9,1-5,adjust,-0.03084058610371944,-0.00045450986946371627,0.0004819274144965606
168,2,1-7,adjust,0.01817834050096498,-0.0005170701522866078,0.0011642326640250702
168,3,1-7,adjust,0.026259236744005026,-0.00026014903364739975,0.0008207946941410214
168,4,1-7,adjust,0.04202655966835909,-0.00020169841331258968,0.0005437153242251667
168,5,1-7,adjust,0.011037895746878846,0.0004962988190510487,0.0016019336263619177
168,6,1-7,adjust,-0.011982596901204231,0.00018222581602165958,0.0008474729944599188
168,9,1-8,adjust,0.002985995602323043,-0.0001904882735943255,0.0004801128172997783
169,2,1-4,adjust,-0.008999343954671536,0.00025700084727618754,0.00033730722595019856
169,3,1-4,adjust,-0.0020984219298232345,0.00027067128958029887,0.000587826253144118
169,6,1-5,adjust,0.010850269726954137,0.0006988346424272056,0.0001001435218375214
169,7,1-5,adjust,0.01035515710448736,-0.0004609529367816316,0.00046763471595076707
169,8,1-5,adjust,0.025770213782906143,0.00019682580621905075,0.00022745109867712573
169,9,1-5,adjust,0.007793032551093488,-3.911810946115924e-05,0.0006636509900305079
170,2,1-7,adjust,-0.004896942645885179,-0.00011031748684996038,6.514474538010907e-05
170,3,1-7,adjust,0.004300975773116702,-8.448760359225737e-05,0.000218049150027838
170,4,1-7,adjust,0.046280436730904866,-0.0002350175702332985,0.0005667776381095132
170,5,1-7,adjust,0.03215160391082885,0.0002829376824464853,0.0007186600231853892
170,6,1-7,adjust,0.008741138652364411,-0.00047522993507877914,0.00019248312108202854
170,9,1-8,adjust,0.008897545217763802,0.00019481060624984458,8.220338580059366e-05
171,2,1-4,adjust,0.0036231104546185044,0.00011203747216232665,0.00010195743012043809
171,3,1-4,adjust,0.02364075213415755,-0.0002345243955469958,0.000774354909498688
171,6,1-5,adjust,0.027759352754198826,0.00028149230589575295,0.00012664009961092942
171,7,1-5,adjust,0.0686433450542272,-0.00015741095145337849,0.00031786846816464113
171,8,1-5,adjust,0.0052531791786511765,0.00034376835713814614,0.0004063712887079283
171,9,1-5,adjust,0.009341022179771353,0.0002924733562754006,0.0009718820408986623
172,2,1-7,adjust,0.008956421081037792,-0.0003172675395357815,0.0006206391781232478
172,3,1-7,adjust,0.008693033560829354,-9.961866090440464e-05,0.0001431595471488523
172,4,1-7,adjust,0.008755235831045337,-9.71401115083746e-05,0.00029563084465663295
172,5,1-7,adjust,0.025798433945675863,-0.00012866180838490637,0.00016023565805552907
172,6,1-7,adjust,0.04434527683760649,0.000654076011097215,0.0001682276237093375
172,9,1-8,adjust,-0.002795070226245765,-4.085387337712136e-05,2.558491870880896e-05
173,2,1-4,adjust,-0.002175237879699923,-3.69499298728171e-05,6.0111306850010795e-05
173,3,1-4,adjust,0.0038748862745608425,-0.0004907399535815455,0.00014758168092931685
173,6,1-5,adjust,-0.0076502532567538995,-0.0002644742733842302,0.0003962486995405562
173,7,1-5,adjust,-0.002424152888126968,0.00042888097926032,0.00047126913338376016
173,8,1-5,adjust,0.02318070876720396,0.00017887854581444365,0.00045874037283832663
173,9,1-5,adjust,0.017712657739446403,0.00017053573761391163,0.0009484014800407741
174,2,1-7,adjust,-0.003795850386840439,3.94616712128967e-05,0.0003615737161493623
174,3,1-7,adjust,-0.006113563539053206,-2.7549830289964406e-05,0.00026818100912527994
174,4,1-7,adjust,-0.03697589847498569,0.00031547028856334167,0.00016765254624999916
174,5,1-7,adjust,-0.013238480422759573,-0.0006375948286190926,0.0006461471337843948
174,6,1-7,adjust,-0.01887468823160499,-0.0010361141728115557,0.0003726024512198933
174,9,1-8,adjust,-0.004709973206524444,-8.733871150567798e-05,0.00029422382103106874
175,2,1-4,adjust,-0.010778416079257384,8.733254002788406e-05,0.0007562342055312851
175,3,1-4,adjust,-0.005296690679902466,-0.00030809595581297086,0.0010135852171724803
175,6,1-5,adjust,-0.005881214600104723,0.0003108100234931755,0.00042712714208688226
175,7,1-5,adjust,-0.04211165856039906,-5.14922391404204e-05,7.477217542075412e-05
175,8,1-5,adjust,-0.036091402003668734,-0.0006392894609627583,0.0006098407153974727
175,9,1-5,adjust,0.009767298898316335,-0.00023410544586158062,0.0002061644143076084
176,2,1-7,adjust,0.015281445432788872,-0.0002782266762090548,0.0006486630803371751
176,3,1-7,adjust,-0.03627576890120749,0.0006401692021896941,0.0004747905490769189
176,4,1-7,adjust,-0.023632223129567757,2.6866543438295652e-05,0.0003026021052467961
176,5,1-7,adjust,-0.015506788789557698,0.0002669248442779493,0.0004483056936282171
176,6,1-7,adjust,-0.023941896870448922,-9.340216100911677e-07,0.0005566343886179624
176,9,1-8,adjust,-0.021690110814105254,-0.0004199867070002297,0.0007108136863035705
177,2,1-4,adjust,-0.011356585874603864,0.0004671042635504757,0.0008337104286387022
177,3,1-4,adjust,-0.009598458980762632,-0.00010861926526641353,0.0005745506542579495
177,6,1-5,adjust,0.004227242196344113,0.00012387617689932183,0.00032736171663098163
177,7,1-5,adjust,0.013212681545174704,4.065508149669682e-05,0.0005054662105122512
177,8,1-5,adjust,0.0026569569348817027,8.72776759043064e-05,0.0001858259470368468
177,9,1-5,adjust,-0.006904644162825632,0.00034885253156576707,0.0006255964853094326
178,2,1-7,adjust,-0.0031132956190146562,5.70131186838043e-05,9.35652600824088e-05
178,3,1-7,adjust,0.030814476338477836,5.983633056071626e-05,3.4283319292043546e-05
178,4,1-7,adjust,0.012949395756783966,-7.919854705992229e-05,1.8878918421696643e-05
178,5,1-7,adjust,-0.019065510803599226,-0.00018454165326001445,0.0004421845311054081
178,6,1-7,adjust,0.0058111986409567955,0.00035924069070663954,0.0007693024412529589
178,9,1-8,adjust,0.006478921352455305,-0.00018674280946383718,0.0003487917470169776
179,2,1-4,adjust,-0.0037510589542252776,1.3342298441393835e-05,0.0005020789094357082
179,3,1-4,adjust,-0.007674189642544046,-0.0005691905689010846,5.443704255131408e-05
179,6,1-5,adjust,-0.002025277755598965,-0.00030695826739309543,0.0002247061567993191
179,7,1-5,adjust,0.002570000702725314,-0.00024208709577579427,0.0007572139557094437
179,8,1-5,adjust,-0.0026440450635315427,0.0001135865246347671,0.00016887725033446586
179,9,1-5,adjust,-0.0055954329352840065,-0.00026443176754922115,0.0009684372426261979
180,2,1-7,adjust,0.015186589314133218,-0.0003394953165949198,3.432959573209984e-05
180,3,1-7,adjust,-0.011422739589942839,0.0006203773411390584,0.00041554640751232785
180,4,1-7,adjust,0.031215820300794818,0.0001640901291681027,0.0001179942405537527
180,5,1-7,adjust,-0.008616615887764129,-4.2112089914772545e-06,0.0002550495142898047
180,6,1-7,adjust,-0.004606608201599285,1.4733432792300483e-05,0.0005569396132420127
180,9,1-8,adjust,-0.006550740905618385,-0.00013874076355104432,0.00011509164330014692
181,2,1-4,adjust,0.001108093791912863,-0.00012632903971658186,0.00029965266480539235
181,3,1-4,adjust,0.014576785290732074,-0.00010490762035229577,0.00017956945174401936
181,6,1-5,adjust,-0.010630459647766776,0.00018946818026439104,0.00036254307135149356
181,7,1-5,adjust,-0.027382618597642756,-0.00023823835408681392,0.0008208523904589436
181,8,1-5,adjust,0.005678965090549652,-0.0001832309608990939,0.0002816037350576038
181,9,1-5,adjust,-0.0064577361419131596,5.054791225015521e-05,0.0011836021329142657
182,2,1-7,adjust,0.0042220487652213845,-0.0005728143252884978,0.00034944114733237723
182,3,1-7,adjust,0.01784894624037886,-0.00016870124525028956,0.0006904887147983148
182,4,1-7,adjust,-0.004594168328132504,6.618848816562398e-05,0.0002964751007761817
182,5,1-7,adjust,0.028423403558135708,4.2266656676602335e-05,0.0005359035922196729
182,6,1-7,adjust,0.02009123422395186,-4.27693138849804e-05,0.0012757497952425847
182,9,1-8,adjust,0.012751651748124225,-3.2531558872741926e-05,0.0006359757141325718
183,2,1-4,adjust,-0.009507093797829354,0.0006360664915094649,0.0009937892501132519
183,3,1-4,adjust,-0.0016620370373372033,0.00011805958716906989,7.806334520015091e-05
183,6,1-5,adjust,-0.0002165704951974657,-0.00036778386020152036,0.0009625024634249462
183,7,1-5,adjust,0.039414959687737984,-0.00032942283043607234,0.0004670333370484756
183,8,1-5,adjust,-0.0007244266610364667,-0.00024294154109052286,0.0006244356755740108
183,9,1-5,adjust,0.001494371394394438,8.076873644944412e-05,0.00014895502187907582
184,2,1-7,adjust,0.008399325310031076,-0.0003295223266117962,0.0003245967976863391
184,3,1-7,adjust,0.03052931567132245,-0.0001542500849653563,4.00739076940857e-05
184,4,1-7,adjust,0.019126786963686138,-0.00022613747857446045,5.799265149507479e-05
184,5,1-7,adjust,0.03913790219795975,0.0006559951305892994,0.00024643458313224536
184,6,1-7,adjust,0.03489047387766282,0.00026672566934734994,0.0004002868848087058
184,9,1-8,adjust,-0.002571352112981306,0.0007294781962807707,0.00011138195466847204
185,2,1-4,adjust,-0.0012725998680205722,0.0006563096683825999,6.609117313867302e-05
185,3,1-4,adjust,-0.0034990323254095687,-0.00046037546130050513,0.0004639048396042092
185,6,1-5,adjust,0.013687231957927402,0.00030591575523938256,0.0002645957539439517
185,7,1-5,adjust,0.018786139462104886,0.00041574532095427235,0.0001267719090059327
185,8,1-5,adjust,0.037230766728347936,0.0004867056778280341,0.0009843544914117518
185,9,1-5,adjust,0.02585199307209918,0.00024708578352939997,0.0005115941541295901
186,2,1-7,adjust,0.0038489709812450108,-0.0003532073100380756,0.0005221158778377356
186,3,1-7,adjust,0.005757310977132821,0.0005141007370247449,0.0001689164309651146
186,4,1-7,adjust,0.005036788234825485,-0.00021775887946821925,0.0006101786147388261
186,5,1-7,adjust,0.018099187814009154,6.0658879007785485e-05,0.0002428457826527332
186,6,1-7,adjust,0.0075389460986621,0.0005668257369781356,0.0006068464854583675
186,9,1-8,adjust,-0.009056595429054855,9.36595005694184e-05,0.0010390450251270282
187,2,1-4,adjust,0.0033818436545538398,-1.4967262944943589e-05,0.0008386389016856939
187,3,1-4,adjust,0.008830319658470661,0.00012285980735215817,0.00015796139501761852
187,6,1-5,adjust,0.012671432248974393,-0.0004296550731935137,0.0006328693757441867
187,7,1-5,adjust,0.0009963393695093326,0.00022555562756178553,0.0005041932206146944
187,8,1-5,adjust,0.004895976881796197,0.0002060224565672162,0.0005406578991615356
187,9,1-5,adjust,0.004337437081571459,-0.00024711281901351864,0.0005927248171230983
188,2,1-7,adjust,-0.0025345803787552505,-1.952032154340215e-05,2.2387331659178207e-05
188,3,1-7,adjust,0.027736657467616888,-8.430858933391068e-06,1.9772149052572862e-05
188,4,1-7,adjust,-0.0703011496407829,-3.937016370728638e-06,0.0002781554956940182
188,5,1-7,adjust,-0.009304303058288449,-0.00025231285579008044,7.082207679204769e-05
188,6,1-7,adjust,-0.009341475439491091,-0.0004400352858547029,0.0002760659049936355
188,9,1-8,adjust,0.003622464472449002,-1.4373867752444508e-05,2.687663635871733e-05
189,2,1-4,adjust,-0.005652777304813122,-7.000223989048936e-05,5.7727184061540455e-05
189,3,1-4,adjust,-0.053903584845665244,-0.0003433052519138024,0.0011168413118638836
189,6,1-5,adjust,0.0067246863292198394,0.00040339992928129333,0.0012155850347731363
189,7,1-5,adjust,0.023662658539026857,5.7879212157719025e-06,0.0009327085055759458
189,8,1-5,adjust,0.009903055359811112,0.00037122449159399275,0.0008032268372796283
189,9,1-5,adjust,-0.00222472497088304,-0.00022144733055472175,0.00033393693876461656
190,2,1-7,adjust,0.003055012918814058,-0.0003165146228104122,0.0012063513551398325
190,3,1-7,adjust,-0.0068458747854817465,0.00020650587012780854,0.00026135829494818637
190,4,1-7,adjust,0.037519311981542125,-0.0008232899113435048,0.0009841209403541771
190,5,1-7,adjust,0.0012379574372914654,0.00016080324064471824,0.00018247557680870692
190,6,1-7,adjust,-0.01679042821511433,-0.0001747604006256383,0.0005475280847388508
190,9,1-8,adjust,0.008352402381621375,0.0002699269763345625,0.0016829783282179191
191,2,1-4,adjust,0.009711742479619812,2.4955410903099412e-05,0.0007559992136045959
191,3,1-5,adjust,0.010137937044477121,7.087457755621497e-05,5.5552829128940966e-05
191,6,1-5,adjust,0.008871831413802416,-0.0002558604292107801,0.0012664588329574734
191,7,1-5,adjust,0.010871448705356964,-0.00016270493564825422,0.0012952529744520774
191,8,1-5,adjust,0.011807836148669842,3.2494901807419556e-05,0.0013735851111173958
191,9,1-5,adjust,-0.0070408189988145405,5.6938997312205905e-05,0.001032067466079112
192,2,1-7,adjust,-0.016760111401989453,1.2045908252087852e-05,0.0010570364318018592
192,3,1-7,adjust,0.0050457764710876325,0.00015077926028148847,0.001413714681641424
192,4,1-7,adjust,0.025238735157890563,0.00022605335728316482,0.0002345582957539265
192,5,1-7,adjust,0.01833495017762959,9.8995674776036e-05,0.0005052393959147105
192,6,1-7,adjust,0.006539025935419866,-3.180874250859575e-05,0.0003858349701646541
192,9,1-8,adjust,0.017227690661234515,0.0006484470134510453,0.0012452980700657856
193,2,1-4,adjust,0.005436734294936989,-0.00032780036559057084,0.0016360425376554459
193,3,1-4,adjust,0.010313585715107543,2.7199187332132257e-05,0.0005211451269784515
193,6,1-5,adjust,0.006496932064772463,0.0006241056989037704,0.001007464426319803
193,7,1-5,adjust,0.01831449989126952,0.00034877495452867674,0.0009761179494374575
193,8,1-5,adjust,-0.0027983436950468226,5.4292357898180806e-05,0.0016257767363607406
193,9,1-5,adjust,-0.009194884208088496,-0.0002712968237764592,0.001387097774717661
194,2,1-7,adjust,-0.001298271233850748,0.0007793446791281016,0.00037473194191016125
194,3,1-7,adjust,-0.009550155121779732,-0.00010524693384089845,0.0008362059649695935
194,4,1-7,adjust,0.02928530678242925,0.00028229710771413734,0.0008096066812982037
194,5,1-7,adjust,-0.02386706239077049,-0.000512889875382065,0.0006724584365287552
194,6,1-7,adjust,0.002322762556956893,0.00016488550823716763,7.532094944770622e-06
194,9,1-8,adjust,0.02016398900067926,0.00025765024361695804,0.00037052782273624903
195,2,1-4,adjust,0.0027502221212385926,-0.00035138244172542346,0.000412142718657372
195,3,1-4,adjust,0.03188189523119556,-8.523329509630636e-05,0.0008577757618231785
195,6,1-5,adjust,-0.008738133823801968,-0.0003250608811716921,0.0002487881022390972
195,7,1-5,adjust,-0.04093053434934852,-5.8268873342689584e-06,0.0004374433998254875
195,8,1-5,adjust,-0.037707457056152145,-0.0003649759486591376,8.164967383742034e-05
195,9,1-5,adjust,-0.027576000571847073,-0.0007639620032883701,0.0006526668769825632
196,2,1-7,adjust,-0.009239921641393098,0.00018514485087877747,0.00044172042374360037
196,3,1-7,adjust,-0.012109113927027257,-0.00010873475710500822,0.0004155844141001264
196,4,1-7,adjust,-0.054351576707073565,0.0007668916771062021,0.0005437817563510312
196,5,1-7,adjust,-0.007883561678987598,0.00010605160331563107,0.001055232852496647
196,6,1-7,adjust,0.004773790861267979,9.856732027173956e-05,0.00015189745928855723
196,9,1-8,adjust,-0.007204737674214611,0.0004056371823268699,0.0004572860312684405
197,2,1-4,adjust,-0.005978923389298924,0.00017580745752271683,0.00015358989425096514
197,3,1-4,adjust,-0.03544146857612121,0.00017032587906051658,0.00011617221841565711
197,6,1-5,adjust,-0.0025720522230579823,-1.7639983822276784e-05,0.0004159581369086176
197,7,1-5,adjust,0.009355553629285543,-0.00019014378845756086,0.00017120482588949126
197,8,1-5,adjust,0.015985429754748297,0.000340459919369439,0.0008692566538283042
197,9,1-5,adjust,-0.006588950673245288,-5.940751101298426e-05,0.0002704125403444192
198,2,1-7,adjust,0.01382981131932948,-7.488642228841414e-05,0.0005339544003863779
198,3,1-7,adjust,-0.0068298506604796815,-0.00018010856344242198,0.0005669479796483691
198,4,1-7,adjust,0.009024319301878737,0.00033397748799067923,0.0003684746592825843
198,5,1-7,adjust,-0.026370189036502,-0.00014296202745990678,0.0007260465362615055
198,6,1-7,adjust,-0.017274709453277887,-0.00020783974888127494,0.0005120168481466563
198,9,1-8,adjust,0.018660985423215544,-0.00011412736375747457,0.00046900071630250355
199,2,1-4,adjust,-0.0033243076100337044,-0.00016534755015945376,0.00020193041480735878
199,3,1-4,adjust,0.002417140515325421,0.0002710429102961785,0.00024958333851571654
199,6,1-5,adjust,-0.020732435617709863,0.00013156991539927345,0.0008081054977394547
199,7,1-5,adjust,-0.04628738598122854,-6.999900704694005e-05,0.0008554611713510162
199,8,1-5,adjust,0.004039027658004356,-6.207982127292167e-05,0.0002850858122826154
199,9,1-5,adjust,-0.0090739368369859,-8.257899657495198e-06,0.000577916624870317
200,2,1-7,adjust,-0.0026384725235292375,4.998993397117651e-05,0.0007121623175866957
200,3,1-7,adjust,0.022890695986438798,-9.597999863920017e-05,0.00042727620632680165
200,4,1-7,adjust,0.01925689165000376,-0.0005278457777006518,0.0009492513817685261
200,5,1-7,adjust,-0.014930937298660246,-0.00048369587878622936,0.0008747674058233087
200,6,1-7,adjust,0.001977149258870712,-0.00023960678315542493,7.330112375716377e-05
200,9,1-8,adjust,0.0058308422606117745,0.00014681152630497733,0.0003705235072339966
201,2,1-4,adjust,-0.0014361210414502237,-3.766218677538357e-05,0.00029274005384264025
201,3,1-4,adjust,-0.010851729015567033,-0.0002922166077637417,6.136431914786264e-05
201,6,1-5,adjust,-0.013752469866797509,-0.00039862062677366213,0.0017269295493218138
201,7,1-5,adjust,-0.03174672138205814,-0.00014345428828711217,0.000875187039269052
201,8,1-5,adjust,-0.025930797549316584,-0.00014980964356144826,0.00031049905926144633
201,9,1-5,adjust,-0.013079667906143245,-0.0005111258018856671,0.0003152991986219707
202,2,1-7,adjust,0.0029232835371522862,-0.0004492167716769661,0.0011822350728100208
202,3,1-7,adjust,-0.025002251433457596,0.00014625290868265872,0.0008070842668771415
202,4,1-7,adjust,0.021485157594155063,7.096385546387479e-05,0.00021030338893197014
202,5,1-7,adjust,0.00799023923537015,0.00018239302769228666,8.229218758960355e-05
202,6,1-7,adjust,-0.007158188103885952,-1.5262208451139827e-05,1.001959628994834e-05
202,9,1-8,adjust,-0.004533008306962672,0.0003071559767661241,0.0008836185823091866
203,2,1-4,adjust,-0.0005153239410662453,0.0001926029523068605,0.0005174797206505703
203,3,1-4,adjust,0.016350839392626382,-9.982871972502821e-06,0.00028783632365418865
203,6,1-5,adjust,-0.010723466117233347,0.0004986602173204633,0.0010532107659441327
203,7,1-5,adjust,0.0041349747265455785,0.0004372303127707495,0.00044554936266390455
203,8,1-5,adjust,-0.048392851193753285,-0.000435507751828299,0.0011898435195216522
203,9,1-5,adjust,-0.007586334292063891,-0.0005252079890710068,0.0003872137136574246
204,2,1-7,adjust,-0.0019407487360921176,0.00012103439712189195,0.000669401035540697
204,3,1-7,adjust,-0.02695301798679194,0.00034263215123328116,0.001253353144519825
204,4,1-7,adjust,-0.0365806888447366,0.00014086162986460502,9.75787307177133e-05
204,5,1-7,adjust,-0.06250333694974648,4.6642699033463945e-05,1.3078322965501828e-05
204,6,1-7,adjust,-0.016595390388205997,-0.000654146159418339,0.00015458625226234845
204,9,1-8,adjust,-0.012756777712484438,-0.0001723330134377922,0.0012156918055601176
205,2,1-4,adjust,-0.00339292689136869,0.00013344710702029383,0.0001433711312831864
205,3,1-4,adjust,0.01452745436262029,0.00020687320598796087,0.0006214382042612948
205,6,1-5,adjust,-0.03969424100007281,-4.270031410869057e-05,0.0011732966461273813
205,7,1-5,adjust,-0.008595183829287105,-0.0007070228199025382,0.0017687641228614484
205,8,1-5,adjust,-0.019757898301195946,-0.00022143291352707842,0.0009507422735887365
205,9,1-5,adjust,0.002412433890734691,-0.00022778017128858202,0.000644416462154924
206,2,1-7,adjust,-0.004849837715668854,4.13562117515968e-05,0.0006014808208041519
206,3,1-7,adjust,0.023828128782210765,-0.00013223926239613139,0.0002741204408177712
206,4,1-7,adjust,0.0384730180048918,-0.00014634095214730326,9.177475162286552e-05
206,5,1-7,adjust,0.037737596388826004,0.00037194735527565923,2.0725803132775036e-05
206,6,1-7,adjust,0.016752446091379217,8.935276880011745e-05,0.00023642299963291892
206,9,1-8,adjust,-0.013886882252837001,8.007739657560525e-05,0.00022489418671374685
207,2,1-4,adjust,0.012458772015101906,0.0003521369414086512,0.00044061326970372064
207,3,1-4,adjust,0.0127474602192467,-0.00010525409717273589,0.0013229647902837228
207,6,1-5,adjust,0.005092650261910735,0.0002803544513188062,0.0008511655786788305
207,7,1-5,adjust,-0.004735100781229786,0.0005241284460601009,0.000543048041792628
207,8,1-5,adjust,0.029201233001860172,-0.00020032028869046623,0.0004892863779561812
207,9,1-5,adjust,0.004894701788915176,0.0002684390657671573,0.000534192618749184
208,2,1-7,adjust,-0.01005199033541526,0.0004229195537017678,0.0011045578699171634
208,3,1-7,adjust,-0.01713693233303403,4.693296500350476e-05,0.0004178936518715085
208,4,1-7,adjust,-0.02339398820773458,-1.283496042161565e-05,0.0009265186688101005
208,5,1-7,adjust,-0.003841862495292443,-7.003925737466361e-05,0.0003711523089620628
208,6,1-7,adjust,0.0014913260029784448,0.00011062940774155465,0.0012158490430562545
208,9,1-8,adjust,0.00469661053501939,-5.685586324030776e-05,1.8873779878819025e-05
209,2,1-4,adjust,0.0016684840023412728,-0.0005308556108733998,0.0003483202767302365
209,3,1-5,adjust,-0.005136532872402145,8.525269218047845e-05,5.616137710495746e-05
209,6,1-5,adjust,0.007968603493838168,-1.7741604981568458e-05,0.0004576694731904816
209,7,1-5,adjust,0.0004048538237968582,-0.00022542064111068997,0.0010534299261824186
209,8,1-5,adjust,-0.0037021671630192423,-7.0530680461191926e-06,0.0008813194942186604
209,9,1-5,adjust,0.014338825302101808,0.00019720476148018525,0.00038431319735032505
210,2,1-7,adjust,0.01293160030475629,-0.00015690213761969778,0.0006418557150344429
210,3,1-7,adjust,-0.012545475332925632,-0.00020700088647380651,0.00020189942933335713
210,4,1-7,adjust,-0.0628494255319714,-0.0002632399669164186,6.562828026750494e-05
210,5,1-7,adjust,0.009003847543486532,0.00016155157963688258,0.0007239280082439247
210,6,1-7,adjust,-0.0053790086106921715,-3.437744552395204e-05,0.0006553341485582331
210,9,1-8,adjust,-0.011580341584118178,-0.0002845887469704666,0.0003346177371704351
211,2,1-4,adjust,-0.004353858091946565,0.00028399873246062854,0.0006087876697635165
211,3,1-4,adjust,-0.007939146895752312,5.050087289383661e-05,0.00025046337429763345
211,6,1-5,adjust,0.032809109841014115,-0.00016425704039981466,0.0003046479660806789
211,7,1-5,adjust,0.01667859836736337,0.0003041494833056792,0.00013411245951765738
211,8,1-5,adjust,0.00744410785097009,-2.8389671817812744e-05,0.00012277740594549558
211,9,1-5,adjust,0.006497879340919104,9.359516146221618e-05,0.000502877198930962
212,2,1-7,adjust,0.008038459877571636,-1.096219094755632e-05,0.000596411063380354
212,3,1-7,adjust,-0.009157735138809837,0.00017238153523729948,0.00021656409367484057
212,4,1-7,adjust,0.01544744530292106,0.00033038450103040214,0.00047213618752451665
212,5,1-7,adjust,-0.018373835863959603,-0.00038194644878541837,0.00018845465818088938
212,6,1-7,adjust,-0.004483529459896382,-0.0003261451801493939,4.7904958735010056e-05
212,9,1-8,adjust,0.000512640426938652,1.1413646714264698e-05,0.0003262397751125246
213,2,1-4,adjust,-0.022585098520485687,-0.00011449203058406536,0.0006544971962290217
213,3,1-4,adjust,-0.008188766351663488,-0.00020360915059846766,7.602013891228843e-05
213,6,1-5,adjust,-0.011085446508150331,0.00035566064501552926,0.0007336608917383992
213,7,1-5,adjust,-0.010537562756504078,-0.0002766579573778181,0.0007292486912071129
213,8,1-5,adjust,-0.0009438568012521769,-2.211831644048342e-05,0.0005218732351522187
213,9,1-5,adjust,-0.003850743498657895,-0.0002900968838618656,0.0010933246675739808
214,2,1-7,adjust,-0.0005399337997307324,0.00014295322439031018,0.0013330991738952829
214,3,1-7,adjust,0.002589617977429616,-0.00011201282527996328,0.0006844280994601895
214,4,1-7,adjust,-0.0028121133676673156,-4.81330459111777e-06,0.00046212735279984354
214,5,1-7,adjust,0.01011184025433307,0.00021778067068337382,0.0009649430073103805
214,6,1-7,adjust,0.00820019101901366,-7.111803867556638e-05,0.0009086240346370965
214,9,1-8,adjust,-0.0038409346419271666,-0.0003508875715762403,0.00019155983451173787
215,2,1-4,adjust,-0.00480673119718837,0.00019312430726785277,0.00040479238351207947
215,3,1-4,adjust,-0.0010681623234973419,0.00026066840446430366,0.0001131978809837799
215,6,1-5,adjust,-0.01578187617138429,3.9006128250784916e-05,2.496439988105557e-06
215,7,1-5,adjust,0.017002557554514165,-7.083394238189285e-05,0.0005079790112713355
215,8,1-5,adjust,0.01569401298754565,0.00025975383413125776,0.00018220435829700092
215,9,1-5,adjust,0.012063050143043796,0.0004978356801137761,9.75378410761712e-05
216,2,1-7,adjust,0.00905880181021442,-0.0003947760810886851,0.00046532590539969434
216,3,1-7,adjust,0.036396039732878964,-0.00032399748444085594,0.0007797208545791931
216,4,1-7,adjust,0.013829985225579215,6.796072290615088e-05,5.0339545949358035e-05
216,5,1-7,adjust,0.009745463938848677,-0.0003953333058924242,0.0003605090339198378
216,6,1-7,adjust,0.0214951873698839,0.0001130971757847728,5.6269896191507756e-05
216,9,1-8,adjust,0.0010279138974562912,0.00032169751341925147,0.0004927778404387267
217,2,1-4,adjust,-0.006059351646978813,0.0002413331831078941,0.0003437023740141157
217,3,1-4,adjust,-0.010398655989939172,-2.7456728815490668e-05,6.635336861131102e-05
217,6,1-5,adjust,-0.015324517969196403,-4.6262233431337924e-05,0.0006469077050240324
217,7,1-5,adjust,-0.024011135097494876,-6.915252806765012e-05,0.000719401925006229
217,8,1-5,adjust,-0.01855405691111871,-9.404114071919644e-05,0.00017046297725118115
217,9,1-5,adjust,0.0010943448316654177,-4.410676395854482e-05,0.000992600539126006
218,2,1-7,adjust,0.026654836389065382,-0.0005753633187504531,0.00018548634281122985
218,3,1-7,adjust,0.00851392744737526,-1.635273097724679e-05,0.0005375040092260717
218,4,1-7,adjust,0.024013723087240573,-0.0003993073578024376,0.00030141061157195964
218,5,1-7,adjust,0.023119366865593648,0.00010679073153646695,0.0003127335238744636
218,6,1-7,adjust,-0.009698848778433846,-0.00024042114328994766,0.0005473715510809975
218,9,1-8,adjust,-0.007062913046425072,-0.00044575507298526626,0.0005418736500025316
219,2,1-4,adjust,0.005150523522907857,8.635443675461864e-05,0.0002541515447152607
219,3,1-4,adjust,0.007865257434145186,-5.695086607305941e-05,0.000576109608340068
219,6,1-5,adjust,0.012416835921261644,0.00017828568640899014,0.00011408250444133168
219,7,1-5,adjust,0.01961316368977195,1.2205831772207118e-05,0.0002818736369117107
219,8,1-5,adjust,0.014639829250812435,0.00029045769654025493,0.0005835322305057934
219,9,1-5,adjust,-0.0011533843824229372,8.25708938483471e-05,0.000575658399886483
220,2,1-7,adjust,-0.008312005773401037,-0.00015057697383407797,9.005196343804672e-06
220,3,1-7,adjust,-0.00657727233726239,-0.000183031737770783,0.00025791610488595345
220,4,1-7,adjust,-0.005951359577983564,0.00013813238605913815,0.0002927640593854626
220,5,1-7,adjust,0.018566608061253667,0.0002589267571576225,1.335447104298083e-05
220,6,1-7,adjust,-0.006755889375045408,-4.362816530394773e-05,0.00012162703110267231
220,9,1-8,adjust,-0.0004103565090085842,0.0001287998787008118,5.401759493985146e-05
221,2,1-4,adjust,-0.013732754226771069,0.00025165363986333155,0.0009824057344814667
221,3,1-4,adjust,0.0023081843379561774,0.0002273141802466904,0.00024049617282066385
221,6,1-5,adjust,0.01900200786475825,0.00034979650421954403,8.22958386686989e-05
221,7,1-5,adjust,0.005700459449349414,9.295928696339207e-05,0.00010338770251084961
221,8,1-5,adjust,0.0203910194747561,0.0003236549419421869,3.080467987430991e-05
221,9,1-5,adjust,-0.0037715019204217193,-0.00029096521312178423,0.0007138421082221833
222,2,1-7,adjust,0.012550352079188183,-5.0169728049997805e-06,0.0005897174482850115
222,3,1-7,adjust,0.007444534420566243,-1.6336695228522488e-05,0.00021639648198640963
222,4,1-7,adjust,0.0058140145456675885,-2.7389462906234637e-05,0.00028040846923491877
222,5,1-7,adjust,-0.015153126880810665,-3.3293066673931846e-05,0.00013427281908550198
222,6,1-7,adjust,-0.007356914981457476,-0.00011228010028868075,0.00035255580502647647
222,9,1-8,adjust,0.013564478737191176,0.0005987801342026689,0.00030980000049661566
223,2,1-4,adjust,0.005168844795589385,-0.00011606020368375637,0.0003381686676506371
223,3,1-4,adjust,0.0005740229576617168,-0.00011336188327247591,5.760355680161809e-05
223,6,1-5,adjust,0.01838103546191185,-7.400115898038125e-05,4.024528894325932e-05
223,7,1-5,adjust,0.04767987419924472,0.0002660089252760304,0.00019578205652374752
223,8,1-5,adjust,-0.020820009226001898,-0.00027960223507850207,6.58257868759416e-05
223,9,1-5,adjust,0.011525740778165802,0.0001773431533789953,0.0004069700904725175
224,2,1-7,adjust,-0.02579024531898148,0.000776528785076884,0.0005579928772163954
224,3,1-7,adjust,-0.022231840185219603,0.0002197224553509604,0.0003283247284394716
224,4,1-7,adjust,0.03166676398846576,0.00026166733899906465,0.0006614913274030049
224,5,1-7,adjust,0.01741790960174496,0.00017487335887099204,0.0005575697794500454
224,6,1-7,adjust,0.01670659453668104,0.00017208151241248664,0.0009498806686336534
224,9,1-8,adjust,-0.009675461640114182,6.2004455958571985e-06,0.0001907448210221311
225,2,1-4,adjust,0.01062760178579689,-0.0002187464971876817,0.0004090807234224669
225,3,1-4,adjust,0.012390490348415726,-7.318977257545627e-05,0.0007864359920555153
225,6,1-5,adjust,0.009220129866383766,5.0704252787382e-06,0.000732135489548301
225,7,1-5,adjust,-0.008645961752851332,-0.00018411912892827645,0.0006586821520493445
225,8,1-5,adjust,0.014507330955750498,-0.00024158074289612515,0.00016503373174053105
225,9,1-5,adjust,-0.0033727086766801246,-0.00022050105768574112,0.00011048840562572634
226,2,1-7,adjust,-0.000630786135147078,-0.0002619577310186759,0.00021454753586537274
226,3,1-7,adjust,0.026157482302293866,0.00015143982073483652,0.0004510162022415391
226,4,1-7,adjust,0.03583272788527822,-0.000605187624593734,0.00025620860329188835
226,5,1-7,adjust,0.016318094109588493,0.00028029755742574086,0.0001769244375923614
226,6,1-7,adjust,-0.000856759834379598,-7.376748333975497e-05,0.0005106715652274688
226,9,1-8,adjust,-0.003973715110034497,-0.00016887591333791,0.0004538971015949609
227,2,1-4,adjust,0.017389277202662416,-0.0007519471753971935,0.0012824837658521454
227,3,1-4,adjust,0.02091048137304897,-0.000720920527187378,0.0016671153921876073
227,6,1-5,adjust,0.019039703069367125,-0.0002834018109176992,0.00023166675339426004
227,7,1-4,adjust,0.02301310401579283,-0.00012181318489344034,5.214879660449744e-05
227,8,1-5,adjust,0.030599697500944545,0.000671839502605023,0.0007522980419296818
227,9,1-5,adjust,0.02040386171374522,3.7301462655408756e-05,0.0006829934188376817
228,2,1-7,adjust,-0.00337570470986333,0.0001392897334244634,0.001209078958343969
228,3,1-7,adjust,-0.020324007800923572,0.0001521997063064716,0.00045993499598709136
228,4,1-7,adjust,-0.013590148679175022,1.2905172508748557e-05,0.0005348687282321773
228,5,1-7,adjust,0.0050064064895148615,-0.00029692893646315584,0.000907673925225965
228,6,1-7,adjust,0.0012935947235938846,-0.00012529116708827193,0.0001893381859727617
228,9,1-8,adjust,-0.0010105317018888667,0.00024011065296628044,0.00028092901219330986
229,2,1-4,adjust,0.00541915685671771,-0.0002819154250703866,0.0005790537436351903
229,3,1-4,adjust,0.013569242735825155,0.00016975221682559517,0.0003659518902334868
229,6,1-5,adjust,0.006714945701391372,-0.00021280578762505247,0.00016062893491629058
229,7,1-5,adjust,0.005667085372114405,0.00041527794370670287,0.000562635663952382
229,8,1-5,adjust,0.0023108310011961445,-0.0004070083708381265,3.335703475555702e-05
229,9,1-5,adjust,-0.0028254149618024732,-7.169816822732154e-05,0.0006666751256378904
230,2,1-7,adjust,-0.02030780485260365,0.00025785097293894334,0.0005467925981579931
230,3,1-7,adjust,-0.03218042710793209,0.00022273526375751984,0.0003126292421201461
230,4,1-7,adjust,-0.03351920945302627,0.00023159930398259133,0.00012218392766061805
230,5,1-7,adjust,-0.013500440690003744,-6.0601130958764915e-05,0.0001842213917762397
230,6,1-7,adjust,0.009512482040741342,0.0006725880265982773,0.0007226043964339647
230,9,1-8,adjust,0.006741349553924125,0.0001498599960986915,0.0007259995593903191
231,2,1-4,adjust,0.003405169225298123,-8.841307770771697e-05,0.0005626517277618676
231,3,1-4,adjust,-0.0025781595327691257,-0.00024009406545125585,0.00026092335774919933
231,6,1-5,adjust,-0.008993697719360583,3.612245581760714e-05,0.0004702525540925648
231,7,1-5,adjust,0.003847778735285898,0.00024852248267456936,0.00010972852176629552
231,8,1-5,adjust,-0.012608838211988008,9.984209038666347e-05,5.469317495675053e-05
231,9,1-5,adjust,-0.007951264405832404,0.00019599379292066055,5.564123314858417e-05
232,2,1-7,adjust,-0.012577422407660197,0.0009846669354739391,0.00024010357217575627
232,3,1-7,adjust,-0.0008719677467028893,0.0004523155286477508,0.00015297997124798048
232,4,1-7,adjust,-0.05277323854798672,0.0003663622964387351,2.1343420437369238e-05
232,5,1-7,adjust,0.01724623796893861,-7.618413427398408e-05,0.0006330277085363774
232,6,1-7,adjust,-0.007381012155883308,-6.333307529598368e-05,7.588828194229089e-05
232,9,1-8,adjust,0.001521276757061319,7.71080447944196e-05,0.0007856374698850614
233,2,1-4,adjust,0.00682070888902075,0.0002555594476194542,0.0002406314338983708
233,3,1-4,adjust,-0.016708609046491518,0.0004373895697104267,0.001508229874479818
233,6,1-5,adjust,-0.0007691779300720111,7.156277387618663e-05,0.00022795509785638753
233,7,1-5,adjust,-0.02172228429178682,-2.1876064857011846e-06,0.000478889833952175
233,8,1-5,adjust,-0.013519238162606653,-2.0140896551288735e-05,0.0002335114745661426
233,9,1-5,adjust,0.00439446076378453,-0.00038601294691654206,0.0003092392580795433
234,2,1-7,adjust,0.009570442667536724,-0.0003525223195683898,0.00035406239159460346
234,3,1-7,adjust,0.01352360675822781,-0.0005044991917193607,0.000224654484511799
234,4,1-7,adjust,-0.01677774028484639,0.00010623411319217118,0.00021172770361731831
234,5,1-7,adjust,-0.043155712629755746,-0.00040347668076542477,0.00011573043737934499
234,6,1-7,adjust,-0.0037159937740731046,0.0001309873075420789,0.00026501319522514847
234,9,1-8,adjust,-0.001553238121882882,6.752642979670776e-05,0.00046769625101863885
235,2,1-4,adjust,-0.02150606886363883,0.0003583808666106595,0.0014373137727903937
235,3,1-4,adjust,-0.02020148119829241,0.00040443350783389586,0.0005085915831518631
235,6,1-5,adjust,-0.04061035625039259,-0.00019165430719869823,0.0011177505369592946
235,7,1-5,adjust,-0.007823012879559388,-0.00048409376917823326,0.0005316881019758608
235,8,1-5,adjust,-0.016117091613109247,8.676334916767441e-05,0.001118446580373337
235,9,1-5,adjust,-0.020313362193845337,-0.00044553296734134933,0.0007483465118711721
236,2,1-7,adjust,-0.009668670226503423,-0.00033543100193072784,0.00020546055516455452
236,3,1-7,adjust,0.03032530524877103,-0.0006104897046219631,0.00031427713814463116
236,4,1-7,adjust,0.026355694099373873,-0.0007019054269885472,6.900659843105788e-05
236,5,1-7,adjust,0.013641111457728528,0.0004345020422714798,0.00015174036627963822
236,6,1-7,adjust,0.004910103235293024,-0.0002450051634998103,0.000637828458464268
236,9,1-8,adjust,-0.0009192312462582503,3.241115722761933e-06,0.0008284498117872221
237,2,1-4,adjust,0.0144643500204136,0.00011141770562411921,0.00018709659784531607
237,3,1-4,adjust,-0.01657328378062717,-3.3172501675745325e-05,4.7819164125110276e-05
237,6,1-5,adjust,0.013772972487031469,-0.00041659772211329103,0.00037584954965190666
237,7,1-5,adjust,-0.00782518192260947,-6.351917504511706e-05,0.0005610667045151926
237,8,1-5,adjust,0.02531089485335915,-9.745635033863245e-06,0.0004294207505072479
237,9,1-5,adjust,0.0025748564258231852,0.00021093726428997043,0.00015356626453395727
238,2,1-7,adjust,0.013863621615975468,-0.00017508477047879445,0.00044525260680316407
238,3,1-7,adjust,0.0005937516054213623,8.557816958455366e-06,0.0002547129945605636
238,4,1-7,adjust,0.03833809483970127,0.00039032746808592434,6.344898648410712e-05
238,5,1-7,adjust,0.0016284547565869507,0.00016576708658978852,0.00044574725503708447
238,6,1-7,adjust,0.01566729186804884,0.00032934283590534754,0.0003062652591700556
238,9,1-8,adjust,-0.0022705620645347958,0.0003729418138100968,0.0003930426487615794
239,2,1-4,adjust,0.016106053134480762,-0.00025470138097463116,0.0006315672557068963
239,3,1-4,adjust,0.0024694199289192306,0.00031600574816903465,0.00027142298248847096
239,6,1-5,adjust,0.006930133560228391,-5.595968752583585e-06,0.0005471416085190222
239,7,1-5,adjust,-0.018620326774744036,2.8672484858464358e-05,0.0001738664634704346
239,8,1-5,adjust,0.009359046570936612,-0.00010643243394678127,0.0005978391211952746
239,9,1-5,adjust,0.018289896813640936,0.0002500865633873867,0.0001328820389394709
240,2,1-7,adjust,0.0022674392074633577,5.9144668787701205e-05,6.843381616663581e-05
240,3,1-7,adjust,0.01798270307521112,-0.000569216768606325,2.343556504066464e-05
240,4,1-7,adjust,-0.0008378309508201865,2.591405703949903e-05,0.00012335596173600254
240,5,1-7,adjust,0.005214189364635921,-7.505750546962735e-05,0.00014282474909382283
240,6,1-7,adjust,-0.01788890392716858,-0.00018971812616200339,0.00024214568046881485
240,9,1-8,adjust,0.001122278038404305,-0.00011710894664636529,0.0010063003860422586
241,2,1-4,adjust,-0.027389214093290308,-0.00015038678037767133,0.0006087943160593556
241,3,1-4,adjust,-0.012014291647366799,7.338205195680854e-05,0.00013735577469756188
241,6,1-5,adjust,0.0032262328076627027,0.0003968339596001421,0.0007109074028781096
241,7,1-5,adjust,0.0030979593163416525,0.00019794753880025704,0.00033830042592806813
241,8,1-5,adjust,-0.004151839343362305,-0.00026699885834989025,0.000267752116280199
241,9,1-5,adjust,0.006773832500767969,-0.0005113388493404397,0.00034342361723258853
242,2,1-7,adjust,0.015242681713217417,5.099671980345848e-07,0.00018803385214967718
242,3,1-7,adjust,-0.025872558567007042,0.00035697304950812596,0.000262396919622
242,4,1-7,adjust,0.008254608291353794,0.00014791976047119287,0.000503411015452835
242,5,1-7,adjust,-0.0022823904242747035,0.00022641193673665527,0.00030868712753993893
242,6,1-7,adjust,-0.01805760799055831,-0.0004073752742539051,0.00013191801952494193
242,9,1-8,adjust,-0.013487255046984316,0.0005360919218191499,0.0006284729410040645
243,2,1-4,adjust,0.00773301600790339,-0.00021512835906199496,0.00036964707061163115
243,3,1-4,adjust,0.014717869709750506,-0.00010878675176070413,0.00016753464559678556
243,6,1-5,adjust,0.02567305135876008,0.000212238515160589,0.00021877576698809377
243,7,1-5,adjust,0.017167219365623137,6.278617808537523e-06,0.0007558008932781532
243,8,1-5,adjust,0.0059730065641832395,0.00048584510688160317,0.00010725384332467311
243,9,1-5,adjust,-0.0027434614666007203,-0.00019926566527225204,9.721722501785212e-05
244,2,1-7,adjust,-0.01709061035388674,0.00030197350380080373,0.0007538509222076565
244,3,1-7,adjust,0.01032158090290225,2.8196119248000738e-05,0.0004204406203280974
244,4,1-7,adjust,-0.026386940121279182,-0.0005413945376972243,0.0005893553190181238
244,5,1-7,adjust,-0.009242187055062088,-0.00015477267607914415,0.0001101268587655219
244,6,1-7,adjust,0.009259809485065693,0.00021982314207530225,0.0006487853722592138
244,9,1-8,adjust,0.0034595001063906406,0.00010008949593913375,0.0003492031608076895
245,2,1-4,adjust,0.004164677804434334,5.9772159012817145e-05,0.000669089195067717
245,3,1-4,adjust,0.0034805335942864678,6.383481241482448e-06,0.0003183537472363697
245,6,1-5,adjust,7.1309614294940495e-06,-0.00013811808101768728,0.00044583418954045293
245,7,1-5,adjust,0.027791806283465198,0.00027192711261457103,0.0003110751183539115
245,8,1-5,adjust,-0.002057380529802264,2.251518162553445e-05,0.0007462609190726305
245,9,1-5,adjust,-0.0011183191723717041,0.00027181338788801775,0.0007393575664602719
246,2,1-7,adjust,-0.005577988911057286,-3.6095114809033414e-05,0.0003069589362095802
246,3,1-7,adjust,-0.029355705612510125,1.528256117797313e-05,0.00038258858437001695
246,4,1-7,adjust,-0.014423301532088624,-0.00011931690058453317,0.0007774029490517554
246,5,1-7,adjust,0.008784372382572852,6.952772980125331e-05,0.0009121959446449181
246,6,1-7,adjust,-0.0034385769279102374,-0.0003556983450600442,0.0005641510858464977
246,9,1-8,adjust,0.0029637959006393617,2.4908649676395915e-05,0.0006211968296762456
247,2,1-4,adjust,0.004053163705311232,0.00015176670500507725,0.0002251598351149119
247,3,1-4,adjust,0.005107611464662581,-0.00021768567484146647,0.00023507750297995417
247,6,1-5,adjust,-0.008445831003932223,0.0006543074347240879,0.0015725913114274712
247,7,1-5,adjust,-0.00756743052633562,-0.000255262845788567,0.000343879910911898
247,8,1-5,adjust,-0.007913196559069396,0.0003200431495079311,0.0007537609281105353
247,9,1-5,adjust,-0.0017212321010825382,-0.0002712279335906403,0.0006802209877093446
248,2,1-7,adjust,-0.018759650441814206,-6.992884504084524e-05,0.000378066651153603
248,3,1-7,adjust,0.02309361069610294,0.0002678230444735773,0.0009596924742440075
248,4,1-7,adjust,0.024593600689255903,0.0002936916705115445,0.0008129638050125296
248,5,1-7,adjust,0.016912244034499462,0.00023115712792213074,0.00031426794970276095
248,6,1-7,adjust,0.007230183870006662,-1.252573266508819e-05,0.0008924748024118184
248,9,1-8,adjust,0.00893507334227841,0.00034946913381954527,0.00043612537129560645
249,2,1-4,adjust,0.01956760371014968,-0.00020850035838910182,0.0011398752570244972
249,3,1-4,adjust,0.0022273853947640436,0.0001993119119100218,0.00016765556490312312
249,6,1-5,adjust,0.020788361898460856,-0.00023634011179086826,0.0011813588924946407
249,7,1-5,adjust,-0.0009693628927196086,-6.0314452807781964e-05,0.000585519567661033
249,8,1-5,adjust,0.0026215506649215356,-0.0002457012111167117,0.0004995860678368633
249,9,1-5,adjust,0.017868504454702356,0.00016791436346827953,0.000538533465283536
250,2,1-7,adjust,-0.016005737340143135,0.000736598729044861,0.00039231987634083326
250,3,1-7,adjust,-0.011656482475164147,-0.00014964329109739898,0.0006581841057308024
250,4,1-7,adjust,-0.0386801093721256,0.00010953893740783875,2.7819654858227306e-05
250,5,1-7,adjust,-0.0004674352558274751,-0.00021405083112273877,0.0004255622561719615
250,6,1-7,adjust,-0.0053805495836053265,-0.00033391587783413335,0.0007735064911388078
250,9,1-8,adjust,-0.0040536143823096706,0.00018249213165678186,0.000752433265833315
251,2,1-4,adjust,-0.0032302571124417693,7.876236222320103e-05,0.0004807628756318886
251,3,1-4,adjust,-0.010131395643809472,0.00041855960139702483,0.0007348563961471831
251,6,1-5,adjust,-0.0027594061112577698,0.00029282947894160126,0.00021391252591287894
251,7,1-5,adjust,-0.011714315577511725,1.4875457804099655e-05,0.00023408557020792597
251,8,1-5,adjust,0.0074097205325896,0.00012049001423443421,0.0007877000512401699
251,9,1-5,adjust,-0.003562142424086297,-0.0005168037774544441,2.559030445408449e-05
252,2,1-7,adjust,-0.0044865289336419,-0.0003794710251044545,0.00016865836458599526
252,3,1-7,adjust,-0.0028926013818022043,3.14807936868679e-05,4.2846871643654365e-05
252,4,1-7,adjust,0.024689292118183423,-8.553755253237965e-05,0.00011551310219981803
252,5,1-7,adjust,-0.0024428346879720145,-0.0002831473207987953,0.0003349016674514331
252,6,1-7,adjust,-0.006580496952660703,0.00013271601200446451,0.00018798530928004702
252,9,1-8,adjust,-0.004865404090394315,0.00010633053609260521,0.0006615895416591341
253,2,1-4,adjust,0.015380093665871208,-0.0004708573013900834,0.0008487497385766936
253,3,1-4,adjust,0.00904335132333108,-6.849552583734932e-05,0.000434136269948617
253,6,1-5,adjust,-0.004004566286555312,-0.0001728002733080468,0.0005729707358385589
253,7,1-5,adjust,0.016100409628612172,-0.000276922619687449,0.0006061010751829402
253,8,1-5,adjust,-0.007748461637073456,3.608349901958848e-06,0.00011226319915775045
253,9,1-5,adjust,-0.013194527408836679,-0.0003945782596045953,0.00017447280423847126
254,2,1-7,adjust,0.01235937151591461,-5.070244214543764e-05,0.0005311250953150623
254,3,1-7,adjust,-0.007430337521745906,4.102523825725112e-05,0.0007792141359475425
254,4,1-7,adjust,0.03770176841451058,-0.00035821559472027156,0.0008905758015733691
254,5,1-7,adjust,0.04928375955919096,0.000389812086278705,0.0004269488881507032
254,6,1-7,adjust,0.008573419226828206,0.0002040506914566763,0.00021730441905101427
254,9,1-8,adjust,-0.0015018680905076272,-0.00016838821629738338,5.510511566085576e-05
255,2,1-4,adjust,0.012843749533379826,-0.00010251209103970007,0.0012631951616443899
255,3,1-4,adjust,0.01875241836680291,-0.0002900006174189139,0.0002639273575399299
255,6,1-5,adjust,0.03373886343921732,-0.0002518832202036722,0.001341657085287661
255,7,1-5,adjust,-0.0071903873819483145,0.00037741839906433954,0.0009160831780898667
255,8,1-5,adjust,-0.011851243808864256,-0.00024330164830448805,0.00029729305362902344
255,9,1-5,adjust,0.008768780734961559,0.0002135328028922121,0.0012081074625143258
256,2,1-7,adjust,1.0083866159802714e-05,0.00017709096782406555,0.0001542812828883911
256,3,1-7,adjust,-0.007025163130535284,0.00023865789210250773,0.0010788182594540768
256,4,1-7,adjust,-0.04053237218735599,0.0001822835872281898,3.711180350399877e-05
256,5,1-7,adjust,-0.024773970290083096,6.972594671310524e-05,0.00023583026747570364
256,6,1-7,adjust,-0.03159895543643043,0.00019877322131676078,0.0001399000401564735
256,9,1-8,adjust,-0.0016672260471618041,-0.00013857521121199827,0.0006378611949555617
257,2,1-4,adjust,-0.010477406670487988,7.138536903506598e-05,0.0004984667217352949
257,3,1-4,adjust,-0.0043705934605075105,-8.971620675992951e-05,0.0003971963371928534
257,6,1-5,adjust,0.020041475316548152,-0.00019168927892426036,0.0013554572422737907
257,7,1-5,adjust,-0.006443191729482067,0.0003826107213258158,0.000817629890743809
257,8,1-5,adjust,0.007863273874571633,2.2470820046664725e-05,0.0011791873975481807
257,9,1-5,adjust,-0.0019653955044626422,0.00024642002170579505,0.0009971516785588198
258,2,1-7,adjust,-0.0016433184268525775,0.0010567182069690288,0.00032000480962671
258,3,1-7,adjust,-0.01646326023405108,3.4646483238784444e-05,0.0002807761270597357
258,4,1-7,adjust,-0.04643167683034186,0.00016390848772321218,0.00017884364012893362
258,5,1-7,adjust,-0.026472246068407576,-9.500744255256752e-05,0.0004632584175682583
258,6,1-7,adjust,-0.02749210221045028,-0.0003286711256956256,0.0003380571108541302
258,9,1-8,adjust,-0.0032816403579801747,-0.0003488339972625859,0.0007297759246711527
259,2,1-4,adjust,-0.005834756556203491,-0.00033878156595139547,0.00012088941183530516
259,3,1-4,adjust,-0.0033170331424434898,0.0002110074453414675,0.0009541570406846261
259,6,1-5,adjust,-0.012033222943289046,0.00037421252359675185,0.001870631971267126
259,7,1-5,adjust,0.008164837839797906,0.00010649322505657103,0.0014023677496250166
259,8,1-5,adjust,0.03650825900259078,0.00045020752141199333,0.0010727168633322213
259,9,1-5,adjust,0.00225694024089695,-0.00021894783349603455,0.00047994749206772824
260,2,1-7,adjust,-0.0011790600029748374,-0.0002328021312282465,0.0006866481729167102
260,3,1-7,adjust,-0.0006642789646433317,0.00026808754826956947,7.837061428676896e-05
260,4,1-7,adjust,0.03290095391630952,-4.973086869845998e-05,0.0004736669692057748
260,5,1-7,adjust,-0.0025786905423283895,7.715542704893926e-05,8.548286766894501e-05
260,6,1-7,adjust,0.0037865177753932076,6.212036864661329e-06,4.874952193968127e-05
260,9,1-8,adjust,0.01738043215084536,0.00041297083159074177,0.00036634165489671017
261,2,1-4,adjust,-0.01964638299790404,-0.0002872117526624755,4.835692092447518e-06
261,3,1-4,adjust,0.014334739112984126,-0.0004672012758865529,0.0009940532879011876
261,6,1-5,adjust,0.016392241695791943,-6.301674109551065e-05,0.0012139286749152571
261,7,1-5,adjust,-0.019716920177234542,2.4078570858349018e-05,0.0014129000619335522
261,8,1-5,adjust,0.004704187405645368,0.00010176362238014328,0.0006005129349811081
261,9,1-5,adjust,-0.000729244894367631,0.0006493099919722368,0.0012519044416711635
262,2,1-7,adjust,-0.0009428381452364808,0.0002894613795960891,0.0009378260332046023
262,3,1-7,adjust,-0.02152282377396128,0.0004966652803767919,0.0004972349036428545
262,4,1-7,adjust,-0.047287418208810654,0.0004437966052795282,0.00022205548162843424
262,5,1-7,adjust,-0.07771930510293439,-0.0004180631420743268,2.0327647362910646e-05
262,6,1-7,adjust,-0.013723387547965968,0.00046051229738160263,0.00014414827405490385
262,9,1-8,adjust,0.004246808090583561,4.051815626603287e-05,0.0001225724759731199
263,2,1-4,adjust,-0.007399710190247375,0.0001603832754042083,0.00017780839893107432
263,3,1-4,adjust,-0.005857226003989407,0.0002510875471255127,0.0007685194882805404
263,6,1-5,adjust,-0.057261651353280686,8.346837984106479e-05,7.002512294820039e-05
263,7,1-5,adjust,-0.03505225148083451,-0.0003775188008830772,0.00013825015251714648
263,8,1-5,adjust,-0.042779016761858156,-0.0009985219004397866,0.0010892779632274657
263,9,1-5,adjust,-0.010682681064729398,-0.0005451149348183797,0.0008959457256796411
264,2,1-7,adjust,0.014093538765521042,-0.0002926457221874234,0.0005814165066951658
264,3,1-7,adjust,0.01019453183654668,-8.644971131321324e-05,0.0007353961259148054
264,4,1-7,adjust,0.03270052493388257,-0.00012186646043255133,0.0005013695629504976
264,5,1-7,adjust,0.03366112607233697,0.0003871757368537164,0.0003718788777229864
264,6,1-7,adjust,-0.01824766885616303,-0.0004904121375558967,0.0002674228458707492
264,9,1-8,adjust,-0.01162144217262652,-0.00017083173104174684,0.00012890901098041823
265,2,1-4,adjust,0.0016134473732208096,-2.8549945329301337e-05,1.677051140654728e-05
265,3,1-4,adjust,0.004970682686945715,-1.2579001075172587e-05,0.00016212566015854683
265,6,1-5,adjust,0.01462640639440042,0.00018324297724455797,2.8824532473473788e-05
265,7,1-5,adjust,0.01574091627756982,-0.00038882812547079106,0.0004936801758295853
265,8,1-5,adjust,-0.0045857723696711315,6.502499747424482e-05,2.521736762071202e-05
265,9,1-5,adjust,-0.006478817960507143,0.00013122992720469002,0.0008301314835297896
266,2,1-7,adjust,-0.0011728670563951001,-7.994888449541602e-05,0.00020042312199506553
266,3,1-7,adjust,-0.004114531651754307,-0.00045763790023111843,0.00010265830845694977
266,4,1-7,adjust,-0.0008181370378499294,4.544005967868302e-05,9.755871656458691e-05
266,5,1-7,adjust,0.0001212457236967306,-0.0003628931278928394,6.105673446885504e-05
266,6,1-7,adjust,0.011141822481256159,-0.0004643926362725714,0.000522017643807717
266,9,1-8,adjust,-0.0026827980401602884,-0.00019844983032693092,0.00011856290626649115
267,2,1-4,adjust,0.0017746085678091014,0.00021656351835329293,0.0002584341457476651
267,3,1-5,adjust,-0.005994363706283297,-0.0003175526794836473,3.323355094735306e-05
267,6,1-5,adjust,0.011473116109204436,7.362609900755365e-05,6.073090659931866e-05
267,7,1-5,adjust,0.0037146615140981067,-2.177894285644462e-05,0.0005814520533413447
267,8,1-5,adjust,0.013407784518714628,0.00015363443418015625,0.00017941326477882347
267,9,1-5,adjust,-0.003949629564497304,-0.0002663382996577105,0.0003652273258125626
268,2,1-7,adjust,0.014449060296233805,-0.0008356473751927457,0.00046348526324475404
268,3,1-7,adjust,0.016582194372133742,-0.0002792793227288291,0.0002716345445705253
268,4,1-7,adjust,0.03039253300392755,0.0004535559492542975,0.000200353374825768
268,5,1-7,adjust,0.023617376369069437,8.052784020144186e-05,0.0001603877578248295
268,6,1-7,adjust,-0.0016485577044659423,0.00018853677446844806,0.0003317486760076248
268,9,1-8,adjust,0.011278304425583004,0.00028196232128819686,0.0005777857438732698
269,2,1-4,adjust,-0.01950766118978232,0.0004156142785044261,0.000703411844424785
269,3,1-4,adjust,-0.0014906249447129353,-8.099420645806274e-05,7.520358743045881e-05
269,6,1-5,adjust,0.007843740977230037,-7.405473975261744e-05,0.0007135619838514032
269,7,1-5,adjust,0.01895034091619842,0.00022544192694359678,0.0007391581822128185
269,8,1-5,adjust,-0.011027622816929181,-4.440073419660058e-05,0.0008516861846256111
269,9,1-5,adjust,-0.01088760926768378,-0.00019348159506940696,0.000557721473422315
270,2,1-7,adjust,0.0097742566633481,-0.00016875460846115686,0.00045176504935250713
270,3,1-7,adjust,0.013853975309554857,0.00041920373072498713,0.0005266658330875966
270,4,1-7,adjust,0.01749802283927888,-0.0004310221908634246,0.0002709598171649947
270,5,1-7,adjust,0.01714392907295255,4.1493060572151526e-05,4.981943988256078e-05
270,6,1-7,adjust,-0.00552561535840675,-0.0004794660943208268,0.00047875046157146297
270,9,1-8,adjust,0.001956894480188553,0.0001523311933693776,0.00016620357827207204
271,2,1-4,adjust,0.004026857404095106,8.882779640382479e-05,0.0003842304294867063
271,3,1-4,adjust,-0.0003549787482440364,-0.00033596627475875377,0.00029905314994265305
271,6,1-5,adjust,0.02192785185851495,0.0005379553013748587,0.0008106831024743956
271,7,1-4,adjust,-0.0043106473989379555,-1.0097979197862387e-05,9.204316695573026e-05
271,8,1-5,adjust,0.00034683125204763187,0.0002688672227829984,0.0007970661066611917
271,9,1-5,adjust,0.026523427635466768,0.0004285008803841003,0.0004622573496220609
272,2,1-7,adjust,-0.012886906261667781,0.0004454397686680872,0.00012518461293001593
272,3,1-7,adjust,-0.00122161238285812,7.512169367857847e-05,0.0004928557821491951
272,4,1-7,adjust,-0.013027925605274337,-0.0002119953334371397,0.00023047017047396994
272,5,1-7,adjust,-0.008891000793258594,-4.440375971710402e-05,0.0005462366208359195
272,6,1-7,adjust,0.00803616780729379,0.0002440440932691763,0.00023963493055908244
272,9,1-8,adjust,-0.00599653139097011,-0.0003017461116919303,1.6588769826147098e-05
273,2,1-4,adjust,-0.0060234931981682305,2.5226925428671227e-05,0.0004953332220454066
273,3,1-4,adjust,0.002933270107928087,0.0003441053660568946,0.0006585456805652425
273,6,1-5,adjust,-0.019094414635919855,0.00017393112839260002,0.00014039904873549522
273,7,1-5,adjust,0.002137665929562321,-1.982020118348728e-06,0.00019832230230446742
273,8,1-5,adjust,0.0012442885987598363,7.506017015117534e-06,0.0002304713917239036
273,9,1-5,adjust,-0.0062182014988905136,3.640916222617538e-05,0.00013001751061976754
274,2,1-7,adjust,0.010191149906346566,9.346136248658834e-05,0.00024412222494413728
274,3,1-7,adjust,-0.013939022517558719,-0.00018434089290390792,0.0004458427799088142
274,4,1-7,adjust,0.013279672207621409,-0.00027646962511717243,0.00023472703759985005
274,5,1-7,adjust,0.03955583196607855,4.573060394895405e-05,0.0009030119999099493
274,6,1-7,adjust,0.008224991377329268,-0.00017442925281299467,0.00011963312020133807
274,9,1-8,adjust,-0.008094549722743581,-0.00017598744257763587,0.0004540444325252542
275,2,1-4,adjust,0.013102481988164591,-0.00026188823717027983,0.00030669539606333117
275,3,1-4,adjust,0.01542998411369005,-8.035068195299047e-05,0.00023667843441551995
275,6,1-5,adjust,0.018789758544651786,-0.0002075075138755187,0.0007627462737615831
275,7,1-5,adjust,0.026991171038163567,7.627183167725234e-05,0.000698071656819949
275,8,1-5,adjust,0.014325951038897526,0.00016592336785093898,0.0008492182914786857
275,9,1-5,adjust,0.0025809390499855725,-0.00011495543344859952,0.0004990506261961004
276,2,1-7,adjust,-0.022253194577893196,0.00038665577719305624,0.00013795667724917737
276,3,1-7,adjust,-0.017509892663682153,0.0002905431353841639,2.534262893033993e-06
276,4,1-7,adjust,-0.036506771623494284,3.2870559694883995e-05,0.0004149707864139712
276,5,1-7,adjust,-0.006650291667246988,0.00016060302529491842,0.00048392566381748775
276,6,1-7,adjust,0.01042371718233945,0.0002456988805901157,2.3074359067869492e-05
276,9,1-8,adjust,0.004434099375334511,0.000315869512639601,0.0006014702835553906
277,2,1-4,adjust,0.0016509493733834345,-0.00013792313104110605,0.0002064592310478243
277,3,1-4,adjust,0.004770748860695548,8.146065782697789e-05,0.0005421084729580409
277,6,1-5,adjust,0.017824822137544355,-0.00020525607218810612,0.0010426524587874588
277,7,1-5,adjust,0.0016760453344502931,-7.854037320838654e-06,0.0003628094968528719
277,8,1-5,adjust,0.019472310674245312,0.00010795813263782633,0.0005507291945830825
277,9,1-5,adjust,-0.009364171800931125,7.765948610273102e-06,0.0002921278366958788
278,2,1-7,adjust,-0.008865681421626566,1.2331379598523184e-05,0.0003764990237929525
278,3,1-7,adjust,0.03144325403211824,-0.000494222623167714,0.00022397584391086947
278,4,1-7,adjust,0.018812705275173734,0.0002548312017389531,3.8637620099110037e-05
278,5,1-7,adjust,-0.03036474146966067,-0.00018003547113014214,0.0006239051211604145
278,6,1-7,adjust,0.002036365264719537,0.0002658899272973018,4.4454027982656894e-05
278,9,1-8,adjust,0.01831157270042067,0.0004334363460925665,5.749851849120336e-05
279,2,1-4,adjust,0.009989919049910584,-8.538026883902557e-05,0.00043148609140497595
279,3,1-4,adjust,-0.011523704381474644,0.0002318421745565049,0.0006593093842057499
279,6,1-5,adjust,-0.00721696290861775,-0.0001420881070057368,5.619923339873571e-05
279,7,1-5,adjust,-0.018360348057208167,2.7474034324116206e-05,0.00019597526260526005
279,8,1-5,adjust,-0.012028188266780539,-0.0003138324879049039,2.58008700705278e-05
279,9,1-5,adjust,-0.003031786286150773,-0.0004405685699405529,0.00031795202012251285
280,2,1-7,adjust,0.013520351344502364,-1.6533091911927097e-05,0.0005737634702176857
280,3,1-7,adjust,-0.007470411474553205,-0.00014087775656977642,0.00040567229170197685
280,4,1-7,adjust,-0.006920945743907863,0.00040782525884538713,0.00017871168677241847
280,5,1-7,adjust,-0.007003270591236051,-6.418648977551277e-05,0.0006643508817895229
280,6,1-7,adjust,-0.010069674483100593,0.0006265340476034506,0.00038656468274897405
280,9,1-8,adjust,0.00036971942196532755,7.727759147868762e-07,0.00018149181646429148
281,2,1-4,adjust,-0.016276348645770697,0.00013470873797617633,0.0006850144831818835
281,3,1-4,adjust,-0.011341264618086818,-2.2599146115431357e-05,0.0005745281588064434
281,6,1-5,adjust,-0.007070007995955073,-0.0007083883928473895,0.0006776113430317944
281,7,1-5,adjust,-0.01557703978252307,-0.00032051182342876435,0.00037764582151090885
281,8,1-5,adjust,-0.021218294801738934,8.909029160565209e-05,0.00022493718171451155
281,9,1-5,adjust,-0.0032945694160309634,-0.00023391061386131965,0.00015264150391344647
282,2,1-7,adjust,0.02323238852150026,-0.0009165113093146689,0.0007991659472651784
282,3,1-7,adjust,0.022195798471324458,-5.819054256227912e-06,0.0004781765358892303
282,4,1-7,adjust,0.0014095438087874275,-0.0004680477491616048,0.0005317646899821648
282,5,1-7,adjust,-0.012144955313531802,-0.00016939821182554972,0.00028972791176561525
282,6,1-7,adjust,0.0068352942263915,0.000509626515272696,0.0005150316365148074
282,9,1-8,adjust,-0.0014015086831176593,-0.00032529641505690024,0.0003265184229615327
283,2,1-4,adjust,-2.1304460389176636e-05,0.0005742046209645979,0.00048438278859282526
283,3,1-4,adjust,-0.010264881555459241,9.935493381102453e-05,0.000276258553777518
283,6,1-5,adjust,-0.023508971950903103,-0.0006334514159879566,0.00023480979534195472
283,7,1-5,adjust,0.0057836349973483395,-0.00022097214861056913,0.00019123776105740161
283,8,1-5,adjust,-0.006555847171115023,-4.864784014613306e-05,0.00031796634072427446
283,9,1-5,adjust,-0.011722621111996095,-0.0005036320328264004,0.0007447599340142849
284,2,1-7,adjust,0.008634939708393597,-0.00041184571577107336,0.0008401804464581303
284,3,1-7,adjust,0.029033633153824775,-0.0003553970627073263,0.00029748406413120825
284,4,1-7,adjust,-0.020163022104067018,0.00014057325109111208,2.37522911751991e-05
284,5,1-7,adjust,0.021508933317206498,5.403805658530313e-06,0.0006262504301685581
284,6,1-7,adjust,0.012680109264508167,0.00014926691861170036,0.0002779916911070966
284,9,1-8,adjust,0.0038059365159175094,0.0006519908310562344,0.00015214153747770598
285,2,1-4,adjust,-0.01871687169299136,0.0006091717805464164,0.0018602321677072394
285,3,1-4,adjust,-0.02017877034820685,0.0002460199308234347,0.0005229579549658654
285,6,1-5,adjust,-0.0011354799096240482,-0.0001626533249862072,0.00038812241846984945
285,7,1-5,adjust,-0.019891419818033784,-8.999749666681729e-05,0.00022755078010406
285,8,1-5,adjust,-0.00456749404509524,-0.000154752163103493,7.411318914346187e-05
285,9,1-5,adjust,0.006259687647243506,0.0004057393376974806,0.00014428191774492832
286,2,1-7,adjust,0.007867861412920549,-0.00039838930366996127,0.0008790694985066585
286,3,1-7,adjust,0.015050073929890922,-4.798382047007363e-05,0.00021937475671140482
286,4,1-7,adjust,0.04949299616514387,9.043500597006678e-05,0.0004683298879276684
286,5,1-7,adjust,0.030156293118148894,0.00016613049737850127,0.00010267380611899454
286,6,1-7,adjust,-0.015657140060208973,-3.9196184514117685e-05,0.0004085277840422912
286,9,1-8,adjust,-0.001893179465066009,-0.0001909613553750424,0.00032854394159990204
287,2,1-4,adjust,0.011846626626972745,0.00015641517186789706,0.00018657276123935224
287,3,1-4,adjust,-0.0007378261642222393,-6.487179356437232e-05,0.00015023336075973304
287,6,1-5,adjust,0.032999863075783696,-0.0002737445352987488,0.00024076896157828557
287,7,1-5,adjust,0.027847559909338314,0.00016759236656913764,0.0003355754647771365
287,8,1-5,adjust,0.0143065824178265,0.0004584134614458719,0.0010275943497219328
287,9,1-5,adjust,-0.003129041011327469,-0.00022835135758007938,0.00032387017682698803
288,2,1-7,adjust,-0.0013516824599703362,-0.00025409456644495085,0.0008305173224633906
288,3,1-7,adjust,0.019393234342566994,4.892709873593461e-05,0.001006077201560395
288,4,1-7,adjust,0.05242779363840456,-0.0002283538154970529,0.000747091405577477
288,5,1-7,adjust,-0.028721307761466967,0.00029260846463702013,0.0009876218879164831
288,6,1-7,adjust,-0.011884303321043396,0.0003807751379753633,0.0003369479216597995
288,9,1-8,adjust,0.010225461812511605,7.770671199889031e-05,0.0003790497511118972
289,2,1-4,adjust,0.006482601148086329,5.761851382444651e-05,0.0004145770349290177
289,3,1-4,adjust,0.009977875670530668,-0.0001562816360975829,0.0014802463080927847
289,6,1-5,adjust,0.0009806779132811728,4.956462953336908e-06,0.0005936046066950906
289,7,1-5,adjust,0.017676711899030344,0.0003466356434678974,0.000601185843406477
289,8,1-5,adjust,0.0007392941924132008,0.00013876565073410956,0.0005736143773041011
289,9,1-5,adjust,-0.0030908043966836416,0.00020927716685641422,0.00010188811213570826
290,2,1-7,adjust,-0.025300374955971032,0.0004435988954776684,0.0002904117346716303
290,3,1-7,adjust,-0.06507544085859507,0.00039210315573550114,0.00010595892708350014
290,4,1-7,adjust,-0.06083600040709509,0.0001472646540412246,0.000548902279404528
290,5,1-7,adjust,0.021832663006256376,7.245364885630136e-05,0.0011847863249475315
290,6,1-7,adjust,-0.018514758285471833,-0.0002053733690601822,0.0006295932710235759
290,9,1-8,adjust,0.0016946698843882059,9.293792546698183e-05,0.0006035660296366574
291,2,1-4,adjust,-0.0025283350170841722,-0.0002946013589124727,0.000231899558206327
291,3,1-4,adjust,0.018032177005072245,0.00036679585807431196,0.0001749699783943224
291,6,1-5,adjust,0.010377514004729036,0.00029151265064222186,0.0006955415303958929
291,7,1-4,adjust,-0.002674912176625197,-2.5449976216899923e-05,0.00010082592813964721
291,8,1-5,adjust,0.019213597043241257,2.2869075031421926e-06,0.0005021259122068943
291,9,1-5,adjust,-0.005746555581523237,-0.00024107816559568678,0.0003415036946765306
292,2,1-7,adjust,0.008976766215198335,0.00031178575520219486,0.0005789125249324954
292,3,1-7,adjust,-0.02369117590283965,9.779127696686894e-05,0.0002917554391694744
292,4,1-7,adjust,0.010718337306886727,-0.0004332025611346092,0.000458062533721258
292,5,1-7,adjust,0.01614179932338343,-6.853208466668415e-05,0.0002117024677600367
292,6,1-7,adjust,-0.006132395650217173,-0.00028783643610477,0.0007740927606343389
292,9,1-8,adjust,0.001955890054738736,0.0005910875431394423,0.00034438621291504596
293,2,1-4,adjust,0.002622412151566371,-0.0006289596193513651,0.0008565160281606779
293,3,1-4,adjust,0.026591836929415212,-0.0003350585786704927,0.0009197129809123506
293,6,1-5,adjust,0.018849929546774245,0.00038280714992651135,0.0005768064883441552
293,7,1-5,adjust,0.007586225902542724,0.00040527811512695107,0.0014492423809032875
293,8,1-5,adjust,0.02533680636961676,-4.587598569561963e-05,0.0012270727688470865
293,9,1-5,adjust,0.020287066560471943,1.9490178686991254e-05,0.000849152454695563
294,2,1-7,adjust,-0.004807121216661693,0.000624311103756238,0.0005919583792772004
294,3,1-7,adjust,0.001277143471289363,0.00015717233499824894,0.0004452151223706602
294,4,1-7,adjust,-0.01752739574431997,-9.211289188556161e-05,0.0008828618227003566
294,5,1-7,adjust,-0.014123722075632582,-0.0004713118643688216,1.8047358368622817e-05
294,6,1-7,adjust,0.002492124054605463,-0.0001732858338834185,0.00043735351022747884
294,9,1-8,adjust,0.004627063314116978,0.0004884838884734059,0.000675636887871135
295,2,1-4,adjust,0.009330905886138777,-0.0005067234877808454,0.00022585924591608886
295,3,1-4,adjust,0.005692769446423484,-0.00035870792084154483,0.000832861580950705
295,6,1-5,adjust,0.005781756657743517,0.0003277022202496958,0.0009378362392106698
295,7,1-5,adjust,-0.01723458687278629,-0.00015727957809342255,0.0009126092022443007
295,8,1-5,adjust,-0.03781654158738635,-5.7319314731900885e-05,0.000527159643872533
295,9,1-5,adjust,0.0017210868810596713,-0.0004798169856846981,0.0009012561149662167
296,2,1-7,adjust,-0.0015654664107787152,0.00019585804641520643,0.0006997489137313411
296,3,1-7,adjust,-0.00943956909260747,-5.078234172062091e-05,0.00030346465996845356
296,4,1-7,adjust,-0.036666102608404055,0.0002953190633429942,0.0005156973619958971
296,5,1-7,adjust,0.001230595094754369,0.00031825150364427036,0.00013700845048883218
296,6,1-7,adjust,-0.021644307802403524,-0.0003553397359555191,0.00010222804118601885
296,9,1-8,adjust,-0.001442692537768307,-0.00013309907491668754,0.00013867935549090305
297,2,1-4,adjust,-0.009295726865633226,-7.359649794693688e-05,3.9163478113947146e-05
297,3,1-4,adjust,-0.011417147157457445,0.00020131269892555197,0.0007358907482142568
297,6,1-5,adjust,0.021698504935777737,-0.00030365207201524453,0.0003134341694101738
297,7,1-5,adjust,0.007333106908060529,-0.0001724710427816912,0.0005302605869483744
297,8,1-5,adjust,-0.00813628802551309,-0.00029305492310864286,0.00010114049777346195
297,9,1-5,adjust,-0.006475714250377825,0.00023217127376554437,0.00035054731661407544
298,2,1-7,adjust,-0.01747912185038406,7.548356346568686e-05,0.0002551482430371325
298,3,1-7,adjust,-0.004743271293498183,0.0001671949491485245,0.000439096793589989
298,4,1-7,adjust,0.040144727374329066,-0.00018079515408774962,0.0005757924821934476
298,5,1-7,adjust,0.004608759575287661,-0.00020783107660892874,0.00016597231281717886
298,6,1-7,adjust,-0.02154603794066785,-0.00010640034892143323,7.139653489495874e-05
298,9,1-8,adjust,-0.010393047176001832,-3.284642111342637e-06,0.0002624779653662894
299,2,1-4,adjust,0.009244643236712938,-0.00011520283537805715,0.00035905608094741176
299,3,1-4,adjust,0.012862638616634914,-0.00036549231345697075,6.856517574480352e-05
299,6,1-5,adjust,0.017116477741953448,0.0006303855378092356,0.0010739835678930726
299,7,1-5,adjust,0.029313276479566122,-0.0005103958868815146,6.665100417370165e-05
299,8,1-5,adjust,-0.009600329463803379,0.0003035547161802761,0.0009020322854271061
299,9,1-5,adjust,-0.006475903781789155,-0.00021865291648206603,7.832764920562108e-05
300,2,1-7,adjust,0.005898347899990909,-0.00012828744955725553,0.001231553586093753
300,3,1-7,adjust,0.01504722915664815,-5.7521420490144644e-05,0.00014205080243032836
300,4,1-7,adjust,0.020081103552876237,-0.00019477249160492873,0.0008143367354984677
300,5,1-7,adjust,0.02898418349061335,6.902532377249351e-05,0.000572738720344409
300,6,1-7,adjust,0.022220095467011463,0.0003579687473666211,0.001168176566651187
300,9,1-8,adjust,-0.00021631754525723508,-0.0001643494436185858,0.0007493835024895754
301,2,1-4,adjust,0.013086411031160036,-2.794811188580907e-05,0.00031617496737811437
301,3,1-4,adjust,0.006858354875662942,-0.00011100051510953933,9.882726600345232e-05
301,6,1-5,adjust,0.020057279662327968,-0.0005998904689656804,0.001113795284444295
301,7,1-5,adjust,0.017934900542998376,0.0005615182024366372,0.0017517122587284715
301,8,1-5,adjust,0.014902367758106745,-0.00016601899111747646,0.0006608742749195522
301,9,1-5,adjust,-0.0017835582891584682,6.547725900951171e-05,0.00046882825780923237
302,2,1-7,adjust,-0.023164300390596897,0.0008884434399155633,0.0003651461268461256
302,3,1-7,adjust,-0.005432981590559258,0.00032168812583833366,0.001115164826326234
302,4,1-7,adjust,-0.01602330202626013,0.00022173903188057033,8.911522264350025e-05
302,5,1-7,adjust,-0.02735305539621945,-0.00030974043673106594,0.0009030070122534928
302,6,1-7,adjust,-0.01624212788159138,2.9480466030371817e-05,0.0010578019520969771
302,9,1-8,adjust,0.0015321551200423557,0.0002072550816723151,0.000984664336917445
303,2,1-4,adjust,0.006460127640612963,-0.0005433597428508648,6.962280095218354e-05
303,3,1-4,adjust,-0.007384415493824397,-0.0004013638243177646,6.420150358929681e-05
303,6,1-5,adjust,0.0004974288302255546,4.004202014014234e-05,0.0010679756746560308
303,7,1-5,adjust,-0.03880413214052219,-0.00019745118012646164,0.00023058119839516476
303,8,1-5,adjust,0.01595353038957447,6.158162709342835e-05,0.0005990158135703997
303,9,1-5,adjust,-0.010541225264641444,-0.000485915709795182,0.00032880064884126953
304,2,1-7,adjust,0.005442882665149061,6.168870522079008e-06,0.0009445197464004951
304,3,1-7,adjust,-0.008093586814953639,-8.898292491394178e-05,0.0002392214697139375
304,4,1-7,adjust,0.016816548854699062,-1.0077142910904116e-05,0.0002999650642213695
304,5,1-7,adjust,0.016645460985590634,0.0004955106874238465,9.326663549348448e-06
304,6,1-7,adjust,-0.015864353313639893,-0.00017218451325458762,0.0008800650211382778
304,9,1-8,adjust,0.018111936497875264,0.00041297379398672925,0.0006057072180709765
305,2,1-4,adjust,0.014363267080582087,-0.0005621403645747257,1.8084857773762845e-05
305,3,1-5,adjust,0.021541178095749892,0.00017694585283562392,3.54241173552812e-05
305,6,1-5,adjust,0.009180308110080512,0.00029468868206724034,0.0001428545953479055
305,7,1-5,adjust,0.022605036742860355,-5.101142351173501e-05,0.0001153789276440709
305,8,1-5,adjust,0.0052445938841961075,0.00010117499808782692,0.0008173453509317295
305,9,1-5,adjust,-0.0053875827815691,5.656916133324418e-05,0.0003966618364140818
306,2,1-7,adjust,-0.01287500837854294,0.0007087605729668687,0.00017097549023649354
306,3,1-7,adjust,-0.0046302148952395835,2.7293824303054577e-05,0.00043085810347524747
306,4,1-7,adjust,-0.014740474335932235,3.597739250273201e-05,0.0003722471415297207
306,5,1-7,adjust,-0.0035880195506615706,0.00035861748700891045,0.0004182035233529181
306,6,1-7,adjust,0.022883916921343558,0.00033336658747531013,5.4198305541787047e-05
306,9,1-8,adjust,0.00338847196888209,0.00033864719650882524,4.786576811245489e-06
307,2,1-4,adjust,0.008482706645109084,-0.00011806306569657716,6.0292571815167385e-05
307,3,1-4,adjust,0.0022217463785491444,0.00023732801522550543,0.0003724724985645554
307,6,1-5,adjust,0.005962701142075834,3.3347239168042444e-05,0.0005298266937554274
307,7,1-5,adjust,0.024135291095456365,0.0002552829140617276,0.0010627572928420808
307,8,1-5,adjust,-0.003248281493239061,3.209509382115587e-05,0.0009982864654283288
307,9,1-5,adjust,-0.00464787195095141,-0.00013562430985963428,0.0009707578269445459
308,2,1-7,adjust,0.0029583169813325225,0.00014701916388187814,0.001276710436430527
308,3,1-7,adjust,-0.02792133099240883,0.00040083464713179214,0.0005329365470226978
308,4,1-7,adjust,-0.006119657660453658,0.00018806573456691083,0.000822926864178176
308,5,1-7,adjust,-0.041482078165288386,-0.0007123405071429932,0.0008934681414589585
308,6,1-7,adjust,-0.0009877413719064927,0.000345798888306376,0.0004272772149990273
308,9,1-8,adjust,0.01547774817885368,-0.0003499739382065498,0.00012683354430720895
309,2,1-4,adjust,0.003173393201764744,7.901317182358276e-05,4.7330194773890805e-05
309,3,1-4,adjust,0.015622149530608302,-0.00048481885528625803,4.9194958525880864e-05
309,6,1-5,adjust,-0.03239998736361016,-0.00017881113581453425,0.0002135327607694321
309,7,1-5,adjust,-0.02674544345090135,-0.0002256161001361668,0.00010006262071992864
309,8,1-5,adjust,-0.008874742806726262,5.781517532315781e-05,0.0002633704240757953
309,9,1-5,adjust,-0.010353013019923522,-0.0003425632175302536,0.00015371669483985477
310,2,1-7,adjust,-0.024206900088190854,0.00021374369386682523,0.000642044620068261
310,3,1-7,adjust,-0.00020641008661098845,-0.00017528610613277412,0.0002584692735227822
310,4,1-7,adjust,0.013718067290240298,-0.00016743939472900422,0.000782286034445154
310,5,1-7,adjust,0.011395064177835727,-0.00017545818989740978,0.0005805533867431124
310,6,1-7,adjust,0.008869862211062608,-0.0002791456818500907,0.0010101963052940011
310,9,1-8,adjust,-0.0009222889098482594,0.00042367717515241147,0.00041417121828281767
311,2,1-4,adjust,0.015049290804153391,-0.00035355597215853523,0.0003376700602189705
311,3,1-4,adjust,0.012537889083082291,-0.0003077270261632927,0.0001532474558362498
311,6,1-5,adjust,-0.029096196190499305,0.0002823749039448556,0.0006828529906992399
311,7,1-5,adjust,-0.02377632788352958,0.00010174788871901635,0.00013725197608542396
311,8,1-5,adjust,0.0008983037174222618,-0.00039272211723197914,0.00031714971103436655
311,9,1-5,adjust,-0.023172888525464244,-0.0002193696313158066,0.0001904032620149007
312,2,1-7,adjust,-0.022609465655877146,-0.00013923886828318903,0.0005373160165947335
312,3,1-7,adjust,0.0036565982935699167,0.00021336635291826155,0.00021139210372562837
312,4,1-7,adjust,0.0007506032405306506,0.0003345948321160326,8.4858943652008e-05
312,5,1-7,adjust,0.018400150421420534,0.0001786997980133755,7.276418885990194e-05
312,6,1-7,adjust,-0.004132857891334028,-0.00031882411332481535,0.00041567968902067923
312,9,1-8,adjust,0.013565743499104525,2.7873438270486433e-05,6.339355547274864e-05
313,2,1-4,adjust,0.0027147519652628584,-0.0001184155474930279,0.0002467278660321873
313,3,1-4,adjust,-0.00866910555414568,0.0003398647777760977,0.0005632626767982902
313,6,1-5,adjust,0.025761983657875683,-0.0001203135625604512,0.0005182819398942142
313,7,1-5,adjust,-0.008585129547470705,0.00019538291648345772,0.00021094302845405227
313,8,1-5,adjust,-0.01703075024453284,-0.0001526028712170413,0.0003023384450537202
313,9,1-5,adjust,0.01043188983887768,0.00024763377168270285,2.952728967622095e-05
314,2,1-7,adjust,0.003362981592257183,0.0006827775240821245,0.0006047174638847181
314,3,1-7,adjust,-0.029158797642486155,0.0002929143360467194,0.0005280384452990609
314,4,1-7,adjust,-0.024296374827658396,-0.00035486448172555857,0.00038982929187647347
314,5,1-7,adjust,-0.00806923156983185,-0.00011288087315276635,0.0012880041361294783
314,6,1-7,adjust,-0.01390088607553068,1.5055628454673019e-05,0.000645022117308194
314,9,1-8,adjust,-0.0035609234384049566,0.00018875284839915606,0.0001767315046993312
315,2,1-4,adjust,0.02140733381930967,-0.0008073883972874294,0.00036183633351863554
315,3,1-4,adjust,0.005782784862476139,-0.0002686897763654071,0.0005887619393335907
315,6,1-5,adjust,-0.0021680363302570963,0.00018707907445568745,0.0010791264422449405
315,7,1-5,adjust,-0.029371779703359416,0.00010100117073120331,0.0012528171906529854
315,8,1-5,adjust,0.00787252396465676,-5.588712433563652e-05,0.0001215223762605187
315,9,1-5,adjust,-0.01186939582213361,-0.0006613098569145004,0.0004091221014661485
316,2,1-7,adjust,0.007068215566647054,0.00017109653344703037,0.0006080528069054773
316,3,1-7,adjust,0.02026849740728086,-0.00028104482105758004,6.904754761882213e-06
316,4,1-7,adjust,-0.02612353134748497,0.00010710259725082263,0.0002251965855191309
316,5,1-7,adjust,-0.012692176039228373,0.0004966065456875353,0.0011291439584230883
316,6,1-7,adjust,-0.02556247980387981,-0.0002280344184567893,0.00033153080409693836
316,9,1-8,adjust,-0.0021495482906695234,3.05839328528847e-05,0.00036977704765257173
317,2,1-4,adjust,-0.014276831555657616,0.00028616830253499836,0.0006872835302273187
317,3,1-4,adjust,-0.006585870512526704,0.0001559266279938874,0.0007679344796242097
317,6,1-5,adjust,0.012451550882534834,-3.663630179437113e-05,0.0012681088419230545
317,7,1-5,adjust,0.0013807852555980135,4.770231189868898e-05,0.00011683742549478686
317,8,1-5,adjust,0.006453309690661172,7.33990402405731e-05,2.039445989241057e-05
317,9,1-5,adjust,0.015108400340580362,0.00014495521655397375,0.0002069353848322962
318,2,1-7,adjust,0.0061084353184464295,-0.00040561156242118574,0.0003104914366808645
318,3,1-7,adjust,-0.0012995845072464771,-9.584844560014837e-05,8.09723057526898e-05
318,4,1-7,adjust,-0.01989805508271252,8.432526213359105e-05,0.00014229139831641304
318,5,1-7,adjust,-0.008098009847646904,-5.2307294491576266e-05,0.00014356212650421175
318,6,1-7,adjust,-0.0460396030273815,-0.0006270170503882029,0.0001655545980132568
318,9,1-8,adjust,0.0023035840711959376,-0.00017172400287231634,2.5054318160629543e-05
319,2,1-4,adjust,0.0035591223117479006,0.00018025377647276614,0.0004462797132603544
319,3,1-4,adjust,-0.01636546449938337,0.00022967575421451152,0.0005411132931541322
319,6,1-5,adjust,0.03205293412846716,0.0002510014120708036,0.0006498387510251106
319,7,1-5,adjust,0.011052363207599218,8.004892822825502e-05,0.0011110525808887576
319,8,1-5,adjust,-0.011428334718309506,0.00018258971845714012,0.001031131252824348
319,9,1-5,adjust,0.002408961235266974,0.00010256702977156822,0.0002455934014838188
320,2,1-7,adjust,-0.019153721535523346,0.0005895401099034875,0.00037179903366702026
320,3,1-7,adjust,-0.015045705608716996,0.0002351484614898457,0.00012724981912983247
320,4,1-7,adjust,0.04899280914917269,0.00020537456461996092,0.00021103824080612657
320,5,1-7,adjust,-0.03688127111264762,0.0002381009964791682,0.00038815013402070233
320,6,1-7,adjust,0.00040632395092820135,0.00044634861810702775,0.000467374749394018
320,9,1-8,adjust,-0.0019726354429541394,-6.183756422760959e-05,0.0003975593987398543
321,2,1-4,adjust,0.004750146107951416,-0.00025927878439232496,0.0004542280436297205
321,3,1-4,adjust,0.012797054174995074,-0.00042826753320444395,0.0006185141776182204
321,6,1-5,adjust,-0.012314039757623053,0.00041116052344478127,0.00024352416092796454
321,7,1-5,adjust,-0.0006393543643416582,-9.822150203197934e-05,0.00019692579895477859
321,8,1-5,adjust,-0.004136223104249203,-0.0002832059615476081,0.0003161481489385986
321,9,1-5,adjust,-0.003754745228476487,0.00032979560512284975,0.0002326826232214164
322,2,1-7,adjust,-0.009379419116578698,0.0004085473361928528,0.0005452020725598288
322,3,1-7,adjust,-0.005776700860402131,0.0002634033112887212,0.00030827796536375153
322,4,1-7,adjust,-0.022745792725611502,4.532961721241261e-06,0.0006549832046296028
322,5,1-7,adjust,0.011660008741417087,-0.00028189551202292276,0.00020648527267526668
322,6,1-7,adjust,0.0007346769761210513,-0.0005934623842539341,0.00029178407171599584
322,9,1-8,adjust,0.0036380761188924225,-8.35763848071582e-05,0.00015352562879991153
323,2,1-4,adjust,0.001750015271064112,-0.0002839483089187876,0.00014093301189708625
323,3,1-4,adjust,-0.002450798610367781,7.445322055008664e-05,0.00043696855615815385
323,6,1-5,adjust,0.013651118403272643,-0.0002411005728913816,0.0004432555994396904
323,7,1-5,adjust,0.007839185713705734,-0.0004888966118329162,0.00025041852356943496
323,8,1-5,adjust,0.0019332117021635118,0.00015083071681362632,0.0005439156917419638
323,9,1-5,adjust,-0.0064346230264105304,0.0002294487481653237,0.0004885684410409625
324,2,1-7,adjust,0.003805961134783093,-0.0004477563631686081,0.0008101637905498281
324,3,1-7,adjust,9.278652234168315e-05,-0.00013983000143346453,0.0003728873032577194
324,4,1-7,adjust,0.0012823651091734061,-0.00030657186140226685,0.0007221200265570862
324,5,1-7,adjust,0.005213066124373551,-6.027475103280543e-05,0.0002861366850307515
324,6,1-7,adjust,0.002751520538913541,0.0004698167941162263,0.0002643441645642224
324,9,1-8,adjust,-0.0001991595185701249,0.0002627128185487684,0.00027140631539434364
325,2,1-4,adjust,0.009028070599193003,-0.00024958244192482175,0.000496676722591152
325,3,1-4,adjust,0.0022248771465972423,-0.00012013119993537784,9.320420974487111e-05
325,6,1-5,adjust,-0.029879331447898175,0.0006251998824154794,0.0009241254128047003
325,7,1-5,adjust,0.009497829795945479,-0.0002316833588386946,0.0005907462118870899
325,8,1-5,adjust,0.004530111527770944,-3.0850745458080527e-06,0.000937038756552901
325,9,1-5,adjust,-0.0026096457828049765,-0.00031751592633239267,0.0002993827748910089
326,2,1-7,adjust,0.004974070599184435,0.00015747005688253793,0.00022276501308887394
326,3,1-7,adjust,0.00702489447716847,-5.087653176781157e-05,0.0006226533126634687
326,4,1-7,adjust,0.047717443447613174,0.00025424479761029046,7.714890838313282e-05
326,5,1-7,adjust,0.02115830435908221,-0.00040397311773141925,0.0004400248068411502
326,6,1-7,adjust,0.03520320131649345,-0.00011561537496610935,0.000402495598651441
326,9,1-8,adjust,0.0027949116858950055,0.0002749854024433128,0.000804249089580492
327,2,1-4,adjust,0.0021856058107664828,7.747915106496874e-05,0.00020857005802914756
327,3,1-4,adjust,0.020686123900937898,0.00025929299204515604,0.0004038041067902295
327,6,1-5,adjust,-0.00273373881033639,-0.0006338880723838331,0.0006657409898083674
327,7,1-5,adjust,-0.020386512269183865,-0.00010400241197464931,0.001180150799841374
327,8,1-5,adjust,-0.020325101040433308,-0.0003278678523036696,0.0005710892475124107
327,9,1-5,adjust,0.0008777726017412178,1.1776691297035922e-05,0.00019986537779789185
328,2,1-7,adjust,0.014722690131023682,-0.00022739274496682164,0.0003964534771379775
328,3,1-7,adjust,0.024376508110193637,-0.0005735074537457862,0.0004311414288725642
328,4,1-7,adjust,0.023698663953656624,-0.0003043375495178911,0.0004130778420297027
328,5,1-7,adjust,0.047376055615279855,0.0002013245692789654,0.00024346760733758954
328,6,1-7,adjust,0.016783447781077033,0.0001139538397684659,0.00029761187268609947
328,9,1-8,adjust,-0.007167082929473425,-0.00020914560942787298,0.00010193100862623537
329,2,1-4,adjust,-0.007570407827225736,-0.0006761252290488228,0.0005549915385278662
329,3,1-4,adjust,0.011964050182444681,-4.1369503534948726e-05,0.00029545739833332753
329,6,1-5,adjust,0.00479749975137028,-0.00010892673219739665,0.0005422515715583203
329,7,1-5,adjust,0.02753402315901096,0.000571145634517784,0.0002536434622339426
329,8,1-5,adjust,0.005662483221518513,0.00041216131478211853,0.00022627830163408574
329,9,1-5,adjust,0.006115461459572913,-6.435287738107464e-05,0.0007866076482827765
330,2,1-7,adjust,-0.015276555791218572,0.00033773729875665945,0.0004462969615845682
330,3,1-7,adjust,-0.047595052141310844,0.0006386655563318744,1.9853268856725465e-05
330,4,1-7,adjust,-0.05979505113489841,-4.0260271936044266e-06,0.0002885348183652842
330,5,1-7,adjust,-0.029351019707306056,0.0002467567760677841,0.00012652182904448277
330,6,1-7,adjust,0.0019461586012274922,5.4769361097177764e-05,0.001124006172064729
330,9,1-8,adjust,-0.010494240451719388,1.3034956936069132e-05,0.0005043032862934374
331,2,1-4,adjust,-0.001949222755161148,8.334632687008789e-05,0.00036705435049208
331,3,1-4,adjust,0.00766606820867377,-8.646344048352605e-05,0.0001850416123875667
331,6,1-5,adjust,0.004920743871472231,-7.045534649020036e-05,0.0010312502712739456
331,7,1-5,adjust,-0.002154685631406759,-0.0002833910043749119,0.0005099703348496751
331,8,1-5,adjust,-0.010388733782877909,3.099788733630305e-06,0.0008402642491170862
331,9,1-5,adjust,-0.004097178795316406,-0.0005263616906889303,0.0005820155675090132
332,2,1-7,adjust,-0.001108185933504623,0.00019268339328753337,0.00020146699864397643
332,3,1-7,adjust,0.027464565801713376,-0.00041651062148877075,0.0003345253104466902
332,4,1-7,adjust,0.0005893714001243998,9.933100334451831e-05,0.0001545071218939365
332,5,1-7,adjust,-0.015547693559841877,-6.827915787439958e-05,0.0007205071022583187
332,6,1-7,adjust,-0.006505786911140497,-0.0004380035206810749,0.0016926747652195753
332,9,1-8,adjust,-0.0037539453582249582,-2.293476851389914e-05,0.00045320617604191563
333,2,1-4,adjust,0.009586028270116809,-0.0004540811714655119,0.00018565777560086726
333,3,1-4,adjust,-0.01790975927239203,0.0001175124003267503,0.0005631913803815891
333,6,1-5,adjust,-0.002584529027530639,0.00017620813995181377,0.0007352512340949173
333,7,1-5,adjust,0.029638423878212736,0.0003652995850128326,0.000813226647940759
333,8,1-5,adjust,0.02115477104033296,0.0002549265688722664,0.000526002719597315
333,9,1-5,adjust,0.0028755295994114544,0.00020961811004013197,0.0001453631261841931
334,2,1-7,adjust,-0.005457947327727778,0.0004579059216890315,0.00019241138916059033
334,3,1-7,adjust,-0.0022952700786838215,-3.072658758585255e-05,0.00039445629444469525
334,4,1-7,adjust,0.002772956540831268,-0.00013069942810273045,0.0008772127038822592
334,5,1-7,adjust,-0.05215470601978528,-0.0002171965356771377,0.0010391206019042874
334,6,1-7,adjust,-0.007732572320270652,8.027153970078426e-05,0.0006734959181998457
334,9,1-8,adjust,0.016038272018777486,-8.000385823586981e-05,0.0003938400783646956
335,2,1-4,adjust,-0.0025858057383777978,0.0002611597503926878,2.3754870802641282e-05
335,3,1-4,adjust,-0.017053836653243323,1.4192167821510946e-05,0.00017036975546643094
335,6,1-5,adjust,-0.045595973608730016,0.00014078068356796584,0.0007135216362747902
335,7,1-5,adjust,-0.04276709511296504,-0.0003581174743273671,0.00019171002740018506
335,8,1-5,adjust,-0.0064417356880530794,-5.309147070245922e-05,0.000194591553835072
335,9,1-5,adjust,-0.010870283167940054,-0.0001925520529815296,0.00010497692072722595
336,2,1-7,adjust,0.015719099993344032,7.148055584791198e-05,0.0002099643748671591
336,3,1-7,adjust,0.00485876335393538,-7.651812550230857e-06,0.000657621742567465
336,4,1-7,adjust,-0.013868984744767731,0.00048356585874732134,0.0010921238147616455
336,5,1-7,adjust,-0.0038628929935899396,-0.0006310986920131825,0.0013111288638906274
336,6,1-7,adjust,0.027769081699170993,0.00020263670212296227,7.43954200295658e-05
336,9,1-8,adjust,0.007558196156258625,0.00013924767987061256,0.00017376211090553204
337,2,1-4,adjust,-0.0009872028270023544,0.00010235599296936092,0.0002878649275116933
337,3,1-4,adjust,-0.023536129024541382,0.00043472221382796105,0.0008167371573159917
337,6,1-5,adjust,-0.05111733992246937,0.0003788897239668552,0.00044407131084831696
337,7,1-5,adjust,-0.034520848450288084,-9.267372346524878e-05,0.00042759790786993065
337,8,1-5,adjust,-0.01330782041884567,-0.00048711005486915486,0.0007650963864772073
337,9,1-5,adjust,-0.011057801279736237,-0.0008267507541750885,0.0007568907211996747
338,2,1-7,adjust,-0.01737417182953878,-0.00023180764460522252,0.0002454228811324605
338,3,1-7,adjust,0.028339734228064625,-0.0005008624741682301,0.00043073583711657795
338,4,1-7,adjust,0.05119371606067101,-0.00012950609001984766,8.45981904843446e-05
338,5,1-7,adjust,0.05571781642141642,0.0007769563266398846,0.00015902944655393905
338,6,1-7,adjust,0.03538458072063448,0.00010758643261837416,0.0002488617825375774
338,9,1-8,adjust,0.004714915111888914,0.0005672340972235422,3.5677487184464345e-05
339,2,1-4,adjust,-0.003926052137488044,0.00010110588543802524,2.9655084389514555e-05
339,3,1-4,adjust,0.015588900324517424,-0.00026381884300168585,0.0008075618026346914
339,6,1-5,adjust,0.006515697477511402,-0.00026840001645807006,0.00036932571767317733
339,7,1-5,adjust,0.034411681118474084,1.8882117334009723e-05,0.0006823081195746284
339,8,1-5,adjust,0.013380890640335704,8.632440893288766e-06,1.7285165343951805e-05
339,9,1-5,adjust,-0.002908659421298692,6.0228806437984005e-05,0.0002648540602499556
340,2,1-7,adjust,0.012271416892735672,-0.0003282750455290641,3.689685153234861e-05
340,3,1-7,adjust,0.0024722547179070477,0.00013555629469019136,0.00010454371950201761
340,4,1-7,adjust,0.0028679799209792895,-4.483485288944754e-05,6.159147600640091e-05
340,5,1-7,adjust,-0.014092679551146065,0.00038222319067441235,0.0006397744510861109
340,6,1-7,adjust,0.030430383217389504,9.477924445681771e-05,0.0001696907501962998
340,9,1-8,adjust,-0.002286335764333742,-7.174549192753714e-05,0.00023841646137119285
341,2,1-4,adjust,0.012238949270074028,-0.0001675604949457341,0.0010215907497828857
341,3,1-4,adjust,-0.00012561497096998632,-0.00010996802330171505,0.0006451335406763453
341,6,1-5,adjust,-0.005881723951452275,0.00023077090857284274,3.506497917466156e-05
341,7,1-5,adjust,0.017847802006109754,6.663075772760872e-05,0.00021720091883675852
341,8,1-5,adjust,-0.0015523481392205616,-2.1226210948266494e-05,0.0006833065012159871
341,9,1-5,adjust,0.0060013959528552405,0.0005123470985116652,0.0005643028632805079
342,2,1-7,adjust,-0.009173806624749474,0.00043639468719543,0.0006184967953641745
342,3,1-7,adjust,0.03735547490680349,-0.00034245556680345354,0.0009589514915846853
342,4,1-7,adjust,-0.005582662904099549,-0.0001058364788454568,0.00013762984548427903
342,5,1-7,adjust,-0.00210626898284535,-0.0005319109533497309,2.272203518439074e-05
342,6,1-7,adjust,0.020611922387063095,-0.00027508910919284027,0.00023061372838853353
342,9,1-8,adjust,-0.005393970252642491,0.0003406959812893658,0.00014991670825486295
343,2,1-4,adjust,-0.003378808054751261,-4.9066929024828964e-05,0.0007522106049355557
343,3,1-4,adjust,-0.02505819043455775,-0.0003909432523947376,0.0008491162981726181
343,6,1-5,adjust,-0.013511546003555698,-0.00011247522619745367,0.00042263565089826067
343,7,1-5,adjust,-0.007652313732802735,0.00017568974603337018,0.00018326393064569505
343,8,1-5,adjust,0.03603832324972098,7.481000289759943e-05,0.00017172514031591377
343,9,1-5,adjust,0.0003315348029112681,-0.0001784262337542523,0.00032964006695878847
344,2,1-7,adjust,0.004497691086979599,6.241032851519472e-05,0.00042965508509378876
344,3,1-7,adjust,-0.01070284892598376,0.000630990077332496,0.00029475045450858825
344,4,1-7,adjust,-0.0406177716078794,0.0004273952212974066,0.000910871223443203
344,5,1-7,adjust,-0.015743925260543645,-0.0003345027376943645,0.00044943269201058993
344,6,1-7,adjust,-0.00447805993965044,-0.00039868821783523343,0.0005414619468547147
344,9,1-8,adjust,0.02257215346332308,-0.0001849779842077557,0.000705435549620308
345,2,1-4,adjust,-0.01077615481968463,0.0003299782760933654,0.00046803579757928403
345,3,1-4,adjust,-0.02089740291627661,0.00037536685972335964,0.0004047122018445992
345,6,1-5,adjust,-0.02076849357214532,-0.0002472822628394044,0.00041503036497318475
345,7,1-5,adjust,-0.025512984025773063,-0.00026934803944036117,0.0003020630111019425
345,8,1-5,adjust,-0.04524745924321917,-0.00014194118094431062,2.8828518783679846e-05
345,9,1-5,adjust,-0.02846536563241293,-0.00044220458338763467,0.0012035176701234742
346,2,1-7,adjust,0.0002400650920369917,0.00020347331275673487,0.0004970974609325714
346,3,1-7,adjust,0.002147451050865197,-6.699896683255654e-05,9.312399503243085e-05
346,4,1-7,adjust,0.010740029316956298,-1.9071415857765515e-05,6.791087092920918e-05
346,5,1-7,adjust,-0.0010726948080729865,0.000287694319480933,0.0002606210226295832
346,6,1-7,adjust,0.01004062462455343,-3.9594228945929686e-05,0.00038787497314044265
346,9,1-8,adjust,0.004744204598215147,9.306747944511183e-05,7.192175243369373e-05
347,2,1-4,adjust,0.00636661734499178,-0.000356664964779084,0.00018172626973464708
347,3,1-4,adjust,-0.0013776295772613542,2.8117988088584516e-05,0.00013541212364465916
347,6,1-5,adjust,-0.007410765905562892,0.00022354151022002704,0.0006301098570978974
347,7,1-5,adjust,-0.031232440217076014,0.00015487872417264346,0.0009908399036130302
347,8,1-5,adjust,0.01209192193372279,-0.0003473228224356882,0.00039220351335242604
347,9,1-5,adjust,0.012313706319468674,0.00021041479028114962,0.00012124629334322326
348,2,1-7,adjust,0.007519602702007114,-0.0004783338812140768,0.0001535224486920361
348,3,1-7,adjust,-0.017406651688504148,0.0002033787128002245,0.0010075226792325284
348,4,1-7,adjust,-0.054344223801003406,-0.0002551214418032224,0.0005480964735805373
348,5,1-7,adjust,-0.01854220426002146,-0.00027916162254227846,0.0005596782014016792
348,6,1-7,adjust,-0.03739171889035696,-0.0003935320507319777,0.0004924749396174606
348,9,1-8,adjust,-0.004255860158799829,-0.0002381796408111334,0.0001960807343946348
349,2,1-4,adjust,-0.0047710933137498765,-8.019881918308273e-05,0.00013744689458251538
349,3,1-4,adjust,-0.023007289166761303,0.00010767857432473132,0.000968399791460612
349,6,1-5,adjust,-0.0085880942545695,0.0002504215233598626,0.00036990354739345233
349,7,1-5,adjust,-0.014028541808157049,-0.0003924505949522002,0.0008444633047615972
349,8,1-5,adjust,-0.03142364716878139,0.0004438830614532315,0.0003002472840306155
349,9,1-5,adjust,-0.011936370751669324,0.0001143964237321427,3.297525917986472e-07
350,2,1-7,adjust,-0.003782673958944283,-6.365141552618748e-05,0.00022680700337360862
350,3,1-7,adjust,-0.013209630795614113,-0.00012342442467226536,0.00022883540755509288
350,4,1-7,adjust,0.0024548040737193146,-0.00041876404291268265,0.00011224203179784371
350,5,1-7,adjust,-0.016689518823740073,0.00027998527682292565,0.0002720509868827822
350,6,1-7,adjust,0.010171734979419257,0.00041464819372344087,0.0007292535066790868
350,9,1-8,adjust,-0.00179396554599044,0.00011567173126425295,0.000428834779080548
351,2,1-4,adjust,-0.008706386436873265,0.0004487607472125722,0.0006045098309716009
351,3,1-4,adjust,0.01930234548246509,0.0005265696993895534,0.0006853214593366889
351,6,1-5,adjust,-0.017969412148022435,0.0004930507038166227,0.00035371999536318343
351,7,1-5,adjust,-0.007133359265632125,0.00011636290385430173,0.0003092852281943518
351,8,1-5,adjust,0.01451926039220717,-0.00026865033138519836,0.000344996327901962
351,9,1-5,adjust,0.0001700046641144647,0.0003484185584593884,0.0006058306312895918
352,2,1-7,adjust,0.004330881799394164,-6.0761471434555466e-05,0.0006049042175413102
352,3,1-7,adjust,0.015223247596733467,-0.00043608261226746477,0.0002468178286129596
352,4,1-7,adjust,0.022639836296746273,-2.449677705313389e-05,0.0005610645972724441
352,5,1-7,adjust,0.02418471244807599,0.0004369477497924643,0.000569725416321988
352,6,1-7,adjust,-0.003959226367407049,-0.0004657006283277155,0.0007095313699811868
352,9,1-8,adjust,0.00244263258162369,-0.0003604501816490068,0.0007913340280458617
353,2,1-4,adjust,0.002694755440435922,0.00011288651605198548,0.0003798133906394505
353,3,1-5,adjust,0.009495073324779401,-0.00011882922843978537,1.2255005622307816e-06
353,6,1-5,adjust,0.027990103231424587,-0.00017948424190171574,0.000942518070689256
353,7,1-5,adjust,0.026893026466367084,0.00012843931921654433,0.00035497295194239026
353,8,1-5,adjust,0.02313967850778087,0.0004726576621105339,0.0005317911333195731
353,9,1-5,adjust,0.014760391218169314,0.00022381394303140525,0.0014362610490320114
354,2,1-7,adjust,0.01977571414869954,-0.00019407241247693284,0.0006806831444004324
354,3,1-7,adjust,-0.0064082256070665655,0.00028448423339640734,0.0003033959753392232
354,4,1-7,adjust,0.03564686834343668,0.0006673713209321975,5.1892311983558654e-05
354,5,1-7,adjust,0.005047298042321325,-9.651276990318458e-05,0.0005631238222005043
354,6,1-7,adjust,-0.007443030751220042,1.9084270088944047e-05,0.0005040259077136737
354,9,1-8,adjust,0.002383637216125557,4.2115982832728186e-05,0.0008707883511297199
355,2,1-4,adjust,-0.01959517033380834,0.00040990580926986847,0.0006885762562379328
355,3,1-5,adjust,0.010220353551824355,0.0001413174930179609,6.323965531501854e-05
355,6,1-5,adjust,-2.808065833005552e-05,4.785521107434407e-05,6.212335802923752e-06
355,7,1-5,adjust,0.001979356616122989,0.00014154915633847435,0.0004692099262522228
355,8,1-5,adjust,-0.01901586778961207,5.950219550259749e-05,0.0007026489655093059
355,9,1-5,adjust,-0.0034803502505581594,-6.466342016495185e-05,0.0009569693545125295
356,2,1-7,adjust,0.020948805470725196,-0.0008280462820408085,0.0010945897137515882
356,3,1-7,adjust,0.02416301039789312,-0.00018881327433442778,0.00022454992424772875
356,4,1-7,adjust,0.04031764842348226,-0.0006343339594199127,0.0003433384827382812
356,5,1-7,adjust,0.002770049515144909,-0.00021924721101549777,0.00021226527628549042
356,6,1-7,adjust,0.001981902482763218,0.00012768290460182422,8.47449656543044e-05
356,9,1-8,adjust,-0.000976445429650997,-0.00016309558392437325,0.0009122181232267549
357,2,1-4,adjust,0.0065949718691679605,0.0002512872904714484,0.0007048669980784312
357,3,1-4,adjust,0.012961084438562248,-0.00030110850706118483,0.0008112895601042399
357,6,1-5,adjust,0.0026366543071682427,0.00012315186992855264,0.0004583233127798834
357,7,1-5,adjust,0.0013823043204071713,-4.809751665909359e-05,0.00033246639833975784
357,8,1-5,adjust,-0.002390586641407912,-0.00033827745108138026,5.914544157803861e-05
357,9,1-5,adjust,-0.005413509465251954,0.00011548963545579232,2.5895858551462412e-05
358,2,1-7,adjust,-0.006597218478332005,0.0004807451360525791,9.874681874348077e-05
358,3,1-7,adjust,-0.021345576870628154,0.00017971993287100219,0.0002697780727231048
358,4,1-7,adjust,-0.04963812263704354,0.00012913237888604695,0.0003508798990643001
358,5,1-7,adjust,-0.01754502201340449,-0.0003641609219652793,0.0007270945533621065
358,6,1-7,adjust,0.007588941575323805,-0.0005751218860747181,0.00014138786913235496
358,9,1-8,adjust,-0.002756820706698323,0.0002623174734773148,0.0005382656049402813
359,2,1-4,adjust,-0.014178460978286879,-5.841065365917581e-05,2.8168679342439746e-05
359,3,1-4,adjust,0.005431081935962045,0.00044053037690285383,0.0007007043032671316
359,6,1-5,adjust,0.002457885493757597,-0.0005109067709115995,0.00031962253790451025
359,7,1-5,adjust,0.006199486761089292,-0.0002455539435568293,0.0005749939129663179
359,8,1-5,adjust,-0.01516382872303855,-0.00018470025368155598,0.0005697718554385662
359,9,1-5,adjust,-0.0021115737556154637,-0.00023768065772672507,4.03731352778773e-05
360,2,1-7,adjust,0.010632446258429804,-0.00022957517437359308,0.00011193308106849815
360,3,1-7,adjust,-0.03156370104671201,6.249545493725923e-05,0.00038542006371155766
360,4,1-7,adjust,0.021147018244756486,-0.00014180971748257364,8.279558086663879e-05
360,5,1-7,adjust,0.01744961810827706,0.00032580406436471566,4.1223633901531935e-05
360,6,1-7,adjust,-0.006815173078267529,0.00018144400135893654,0.0004495394294949343
360,9,1-8,adjust,-0.011707344302119059,-0.0004331600051577647,0.00029101317565148393
361,2,1-4,adjust,-0.003161212667111685,-5.115167292953077e-05,0.0002697344392423373
361,3,1-4,adjust,0.015489026384871209,-0.0006780338053265193,0.0006568007508530043
361,6,1-5,adjust,0.006097416539055691,0.0006132744425126436,0.000418071971934256
361,7,1-5,adjust,0.0003425450459403915,-2.8808274142901765e-05,0.00036755874138395285
361,8,1-5,adjust,0.013745837844315021,0.00018295413494623955,3.0361735637035496e-05
361,9,1-5,adjust,-0.0023363084187157145,0.00035299888571092586,0.0005046059913813955
362,2,1-7,adjust,0.008876843670592773,-0.00016321587458981867,0.0005244837681595281
362,3,1-7,adjust,0.022046216366541856,-0.00038451865929726867,0.0004269710873742944
362,4,1-7,adjust,0.02606636859991314,0.0002802673269904268,0.0003878675173243129
362,5,1-7,adjust,0.036075596807087114,3.4343436068715235e-05,0.00010946853398154473
362,6,1-7,adjust,-0.0076768128981414795,-0.0003280144724737645,0.00018146998544366633
362,9,1-8,adjust,0.006531384292928718,1.9100631464968128e-05,0.0006449079850225727
363,2,1-4,adjust,-0.0007229180538307702,0.00034059549511085353,0.0002441100645196238
363,3,1-4,adjust,-0.0020512574947638075,-0.00011690317186257963,6.129782608353503e-05
363,6,1-5,adjust,0.022665295241292818,0.0001560722799268503,0.0005464178700850226
363,7,1-5,adjust,-0.006327750035491631,0.00031228943468160684,0.0001340905984088838
363,8,1-5,adjust,-0.009148718429059849,-9.932522915520828e-05,0.00010131106636681014
363,9,1-5,adjust,-0.001468902886214652,-0.00027724771683888496,8.739860103784268e-05
364,2,1-7,adjust,-0.005153844595506575,-0.00016782876776640969,8.775350906886374e-05
364,3,1-7,adjust,0.02254704808232493,0.00016287730037092032,3.871798676688212e-05
364,4,1-7,adjust,-0.006525238076769908,1.1187114656452575e-05,0.00037525516163140993
364,5,1-7,adjust,0.0031441013211401594,0.00020030985804529887,0.00016360323767638136
364,6,1-7,adjust,-0.00133356592018635,0.00022699701431562792,5.6060681735613845e-05
364,9,1-8,adjust,0.004113959500593536,0.0002683188314424274,0.00041857136469792254
365,2,1-4,adjust,0.0024183178867282543,4.881063214312387e-05,0.000609242692606415
365,3,1-4,adjust,-0.006101935431452982,0.0006111380460537072,0.00027079139992586113
365,6,1-5,adjust,0.01646730960875469,-0.00015655072621750682,0.000249611250267606
365,7,1-5,adjust,0.03529231023320895,0.00014719487874180172,0.00021256602810445355
365,8,1-5,adjust,-4.276829278788489e-05,-0.00017736991529735825,0.00011994500514396813
365,9,1-5,adjust,0.011600210634434997,5.2495468743207855e-05,0.00013694369981540207
366,2,1-7,adjust,-0.01329425719356141,4.821383013522776e-05,0.00038941727277204175
366,3,1-7,adjust,-0.04107476667876577,8.384984621090023e-07,0.0006606484790466206
366,4,1-7,adjust,-0.027217718026418244,2.152262340349913e-05,0.0003446330763996432
366,5,1-7,adjust,-0.006839893841253894,-2.2182887250877557e-05,0.00017131095022673496
366,6,1-7,adjust,0.01838712255287136,0.0002542225674713657,0.00022329559770876883
366,9,1-8,adjust,-0.0002838927157802639,-0.00022933703986677492,0.000377243488752839
367,2,1-4,adjust,-0.0038122268018045474,5.332247128515359e-05,0.0001699106826232959
367,3,1-4,adjust,0.004219668715676722,-0.0003618585911883839,0.0003156789659921763
367,6,1-5,adjust,-0.013231300890403969,-0.00017108857550584872,0.0005644566248247257
367,7,1-4,adjust,0.002667347712829892,8.43632636901735e-06,6.359812551826917e-05
367,8,1-5,adjust,0.012026346885949779,-3.0925429030621596e-05,0.00014549343152699256
367,9,1-5,adjust,-0.005102351710088675,-0.00014436334354521335,0.0009257111149409967
368,2,1-7,adjust,0.005632636346805564,0.000310331363038756,0.00018533076218493324
368,3,1-7,adjust,0.013070225880076915,0.00018562020264664448,0.00044315769318984695
368,4,1-7,adjust,-0.0171221664454837,-0.00018276011960789213,0.0004789515621381576
368,5,1-7,adjust,-0.005799751277457296,-0.0004142404680930691,0.00020179547106349241
368,6,1-7,adjust,-0.010268789357470698,-0.0006488615560951345,6.759825026073481e-05
368,9,1-8,adjust,0.0005514923349561297,-0.00018633094977490387,0.0008814167952979006
369,2,1-4,adjust,-0.00028390552390863624,-0.000306532876856365,7.501423557526894e-07
369,3,1-4,adjust,-0.0019730837471410123,2.0745853021641796e-05,0.0007257479148452133
369,6,1-5,adjust,-0.00703364458181712,0.0006392899407822533,0.00038143437904151263
369,7,1-5,adjust,-0.012483424574349969,-6.643611054746449e-05,0.00011379968422220916
369,8,1-5,adjust,-0.013943513923403464,0.0001452192406938701,6.116386677887876e-06
369,9,1-5,adjust,-0.01125665468459086,0.0002120383689092943,0.0005515124083396402
370,2,1-7,adjust,0.0017925957790947804,-0.00016167859449633633,6.904981267060923e-05
370,3,1-7,adjust,-0.00033418399127463686,-0.00024494526749968407,0.0002706313621667195
370,4,1-7,adjust,0.04775488203790697,0.00020406571617541505,0.0003935673081216951
370,5,1-7,adjust,0.012586675695276293,0.0005648357688110353,0.00043379105488481446
370,6,1-7,adjust,-0.0013625363653442754,-0.0001447050550001252,3.676230117639444e-05
370,9,1-8,adjust,-0.0034368506544484594,-0.00029352573187815486,0.0008360677320931105
371,2,1-4,adjust,0.016084974780819862,-0.0004496920035136832,0.001044178881126601
371,3,1-4,adjust,-0.0038867577653977636,5.365967998006994e-05,0.00035778750919636225
371,6,1-5,adjust,0.024486678933605184,-0.000196784732272153,1.9994693039328893e-05
371,7,1-5,adjust,0.001583311903925287,5.323217862862235e-05,0.000803713845211071
371,8,1-5,adjust,0.020324031054031966,2.874879201770515e-06,0.0003435461421767457
371,9,1-5,adjust,0.021172498706435883,0.00036850466165755597,0.00029202445867856247
372,2,1-7,adjust,-0.02146523607668251,0.0006905932442981876,0.00015560205136880224
372,3,1-7,adjust,-0.004882393300773055,-5.961392632683848e-05,0.0004291603568786743
372,4,1-7,adjust,-0.03491539782625704,-0.00030330065395852915,1.554491875917804e-05
372,5,1-7,adjust,0.003115713266897979,5.695812208702689e-05,0.00036396788086053884
372,6,1-7,adjust,0.006946296101440368,0.0006073368095945983,0.00032421979761702597
372,9,1-8,adjust,-0.0033727702162695016,-0.00012553188535777878,0.0005989036776548668
373,2,1-4,adjust,-0.002134078023969244,-0.00019282306934093006,6.233026819144478e-05
373,3,1-4,adjust,0.014135352925612943,-0.0001335598403556654,0.0004557320216201861
373,6,1-5,adjust,0.0030331181093564297,-0.00021360678889815056,0.0008053102751271337
373,7,1-5,adjust,0.0180904748641149,0.000289475499405322,0.00021889997657214018
373,8,1-5,adjust,0.0056058745899247395,0.0005380605004126777,0.0008359750952345413
373,9,1-5,adjust,0.015266816831904515,0.0007362248508737417,0.000623737925153331
374,2,1-7,adjust,-0.011402919688085936,5.723164920073347e-07,0.000218015917992313
374,3,1-7,adjust,0.015359119141723668,0.0004309599776795688,0.0006779901160864696
374,4,1-7,adjust,-0.0600414044784304,0.00026890060109460115,0.00038911542582206293
374,5,1-7,adjust,-0.01393306227318439,0.0002793607416140953,0.0005118654353710311
374,6,1-7,adjust,-0.003430574712717576,-8.437004792028652e-06,0.0007397218876668156
374,9,1-8,adjust,0.00040591629561462635,-1.9445296893204497e-05,0.0004391961488290093
375,2,1-4,adjust,-0.008161620589739413,0.0004387216256067269,4.0156235102396074e-05
375,3,1-4,adjust,-0.04569145740580225,0.00037378860101501315,5.352369821673506e-05
375,6,1-5,adjust,0.013485411612379646,-0.0006155394090926469,0.0001375302529821101
375,7,1-5,adjust,0.002067467925295555,-0.0003649155354116407,0.000246316274045523
375,8,1-5,adjust,0.04215747086784568,0.00033728984164094325,0.001247684039187392
375,9,1-5,adjust,0.007604077119732805,0.00016327191326226265,0.0003476837477032903
376,2,1-7,adjust,-0.005933573529136094,0.00013725168790586643,0.00032969057562924923
376,3,1-7,adjust,0.018791950111752696,-0.00019689186159101604,0.0005378647729620616
376,4,1-7,adjust,0.05420956827341717,-0.00044873255897041783,0.00039606276172101084
376,5,1-7,adjust,0.015548068923878862,-0.00016051814239152341,0.00037820045773012076
376,6,1-7,adjust,-0.011943955507795258,0.00033739406515802706,0.00023059146426982318
376,9,1-8,adjust,0.005265066294504205,-0.00013364518250712023,0.0007032298204561926
377,2,1-4,adjust,0.022751757064893026,-0.00010743424669533467,0.0004216011108796922
377,3,1-4,adjust,-0.0036226914867048344,-0.0003458286106427992,8.398437312304711e-05
377,6,1-5,adjust,0.005473116595656004,-0.00011299469052006406,0.0009203740257393547
377,7,1-5,adjust,0.014001120723453763,-0.00011247837451531732,0.0009752505994625928
377,8,1-5,adjust,0.003526218022009671,0.0002753909703306294,0.0011558128299552748
377,9,1-5,adjust,0.009326309637966,0.0005198324601885945,0.0009521261868408475
378,2,1-7,adjust,0.002249074198404547,-0.0003285204339262454,0.001181669575692781
378,3,1-7,adjust,-0.02149857486281399,-2.246755213176451e-05,0.0007447232581290845
378,4,1-7,adjust,-0.009077483096892915,0.00039350935213537994,0.0009827793912609
378,5,1-7,adjust,-0.001552101974273935,-0.0005036610920746205,0.0009219137014531139
378,6,1-7,adjust,-0.0014472652531290191,0.0001812111436170158,0.0002562972164434667
378,9,1-8,adjust,-0.00020878899696781547,0.00010870411441687668,0.0008876265867116252
379,2,1-4,adjust,0.007940659508193787,0.000321087443820703,0.0003024144771112885
379,3,1-4,adjust,0.006283634097769091,-9.073391332477036e-05,0.00028870621949364544
379,6,1-5,adjust,-0.0033833932957775077,0.00024393746077014286,0.0009464774525719245
379,7,1-5,adjust,-0.003270066710068498,0.0002558171239282736,0.0005028441237015705
379,8,1-5,adjust,-0.033633688730258834,-0.0005752843452519088,4.335834174026418e-06
379,9,1-5,adjust,-0.010729485318596507,-0.000499131677839368,0.00046696130891384915
380,2,1-7,adjust,-0.016855368425596214,-0.0001712306275655961,0.0006852530550759951
380,3,1-7,adjust,-0.01168055780981463,0.0008006942430713985,8.048036160035663e-05
380,4,1-7,adjust,0.01646307004961793,0.0001326211522975489,0.0002718004723466841
380,5,1-7,adjust,-0.02647789027692291,-0.00027939736657484374,0.0008324350476147005
380,6,1-7,adjust,-0.014824437380913968,-0.0006105351375220839,0.0007202946822416063
380,9,1-8,adjust,-0.012824545869988886,0.00044100864744307593,5.663951722197297e-06
381,2,1-4,adjust,-0.0023618346682796184,-0.00010623326980348383,1.3383691794286606e-06
381,3,1-4,adjust,0.023056061985011818,-0.00042263472058030606,0.00023675775073024122
381,6,1-5,adjust,-0.02417777631051782,0.000432153916464067,0.00048347118969516476
381,7,1-4,adjust,-0.04743061863219562,-0.00016650653185035618,4.272046315440412e-05
381,8,1-5,adjust,-0.028193232802783234,-9.440135639757357e-05,0.0002682878341061251
381,9,1-5,adjust,0.0004309742047381207,-0.0004021991011994243,0.00024140903773758562
382,2,1-7,adjust,0.0134870268912703,-0.00013021393989767532,8.637677825593375e-05
382,3,1-7,adjust,0.021897647406063675,-0.0001226036083807403,0.0002230751282559833
382,4,1-7,adjust,0.0264497688622882,0.00024958029852736077,0.00013669736151284271
382,5,1-7,adjust,0.00723660733227627,8.764560917509458e-05,9.229684447163478e-05
382,6,1-7,adjust,0.0071927760615898145,-0.00021710661570292414,9.324260174345957e-05
382,9,1-8,adjust,0.0027871947212531755,1.530931346678964e-05,7.373988652531305e-05
383,2,1-4,adjust,-0.008794203158034843,-1.650539259612674e-05,0.0002874978199001836
383,3,1-4,adjust,0.00011633568793351564,0.00033297699593170073,0.0006366393647817279
383,6,1-5,adjust,0.008597438928424402,0.00013202977795027327,0.0006235551151011326
383,7,1-5,adjust,0.014250042793457478,-0.00035143356182091716,0.00036747899214934095
383,8,1-5,adjust,0.013964766841579983,-0.0002991372819819671,0.00017908899475001027
383,9,1-5,adjust,-0.021304207540352376,-0.0009771450677056822,0.0012687855505439808
384,2,1-7,adjust,0.00832885700234889,-0.0001736969303142164,0.00035156815832719897
384,3,1-7,adjust,0.01773555575225072,-0.0003943541142392994,2.8918747671324087e-05
384,4,1-7,adjust,0.03255040425742198,-0.00017386629682683552,0.00031063422394588924
384,5,1-7,adjust,-0.011044565440603475,-7.99488868152122e-05,0.00030551698223768315
384,6,1-7,adjust,0.010165892631680811,6.001785483081647e-05,0.0001906752511334718
384,9,1-8,adjust,-0.002872875146462989,0.00047274153994245586,0.0009237052786556251
385,2,1-4,adjust,0.00955428062814269,0.00018072153454796132,0.00021369880892436907
385,3,1-4,adjust,0.0061434636646206875,-8.006601789447749e-05,0.0005621677379060832
385,6,1-5,adjust,-0.015335421643359446,-1.4883414576845441e-05,0.0008383014053594691
385,7,1-5,adjust,-0.01626779163050642,0.00014512419891092145,0.0005878005502067475
385,8,1-5,adjust,-0.009663676861502154,-5.654355180727663e-05,0.00031596487872541954
385,9,1-5,adjust,-0.004921904779465072,-0.00037470314444050355,0.0004977738957516223
386,2,1-7,adjust,-0.001097429522238529,-0.0002252979269098462,0.0002610718302996536
386,3,1-7,adjust,-0.020592137173905917,0.00017737282900984655,0.00016010265704019408
386,4,1-7,adjust,-0.03774480700166622,-0.0003133835120338818,1.8654478370727245e-06
386,5,1-7,adjust,0.004796253641110204,5.787201570043371e-05,0.0005649626763856683
386,6,1-7,adjust,0.002505164303896109,-1.3724678839300069e-05,0.0005213900540655675
386,9,1-8,adjust,0.008799748960608788,0.00012193285447499977,0.00018062854315836755
387,2,1-4,adjust,0.004597352933553415,-3.1932770567612775e-05,6.744755923883519e-05
387,3,1-4,adjust,-0.003984598409237256,-0.00017293926793223786,0.00041153485562329365
387,6,1-5,adjust,-0.014342122993241535,-4.010812072318343e-05,9.694527685470058e-05
387,7,1-5,adjust,0.020233191510343914,-0.00032663547683637814,0.00017226538256092806
387,8,1-5,adjust,-0.003285452734208527,-9.10253567121923e-05,1.5118211921237042e-06
387,9,1-5,adjust,-0.003920850156860855,-0.0002210040820947598,2.431848096431866e-05
388,2,1-7,adjust,0.002875455548092395,-0.00011020201824836013,0.0003742249894292137
388,3,1-7,adjust,0.025819459229852043,-0.00011266393412584097,0.0003421168289321431
388,4,1-7,adjust,-0.009845168987528356,0.00010485028689679483,0.0009569690807925243
388,5,1-7,adjust,0.01673092156803202,0.00034808429366512214,1.4950310584019546e-05
388,6,1-7,adjust,0.012679707624319742,6.025160642341424e-05,0.0004506268432512994
388,9,1-8,adjust,0.005948731726969989,-9.9460882869037e-05,9.659946654286233e-05
389,2,1-4,adjust,-0.003130232228307777,0.00041613641652620963,0.0002942915408278088
389,3,1-4,adjust,-0.02039667042573274,0.0001376768645590337,0.0003011027486566606
389,6,1-5,adjust,0.0154222011193,-0.0003320330023113287,9.910007228147553e-05
389,7,1-5,adjust,0.022373325815983443,0.00048200992305278355,0.00044590781827795776
389,8,1-5,adjust,0.012044726398502608,0.0001919555483223882,0.0002690233273391037
389,9,1-5,adjust,0.006901849126217105,0.0004508831109445674,6.538519130146481e-05
390,2,1-7,adjust,-0.004383876971560641,8.54734637315768e-05,7.858486970625721e-05
390,3,1-7,adjust,0.0016222347867342272,-1.2469293869045123e-05,0.0003574332971139812
390,4,1-7,adjust,-0.013282305935738712,-0.0002283846576998466,0.0004002161130281295
390,5,1-7,adjust,0.02291218972494196,-3.8310151275177956e-05,1.6322962110407907e-06
390,6,1-7,adjust,-0.010420076314200449,-0.0004315054197390966,0.0008450487152050528
390,9,1-8,adjust,-0.003759344440296387,0.0001829744237608174,0.0007855916819061635
391,2,1-4,adjust,-0.016230775318626624,8.998590607104732e-05,0.0002479125628072789
391,3,1-4,adjust,-0.010709329923880155,2.21432270556073e-05,0.0004932642090759842
391,6,1-5,adjust,0.017137957648265697,0.0006926188511583839,0.0016922495685897385
391,7,1-5,adjust,0.022107221197472892,0.0003055704433075147,0.0009019828744829235
391,8,1-5,adjust,-0.008864815756135852,0.00028762484759405695,0.0007803104925185909
391,9,1-5,adjust,0.012647342513036225,-0.00013330105177056034,0.0005057338594511577
392,2,1-7,adjust,-0.006182015729468617,0.000782861490651028,0.0006044410006956063
392,3,1-7,adjust,-0.02071103565170727,-6.750311145628918e-05,0.00044445749789806456
392,4,1-7,adjust,-0.01373978831228482,-5.2375718176778456e-05,0.0003157454689020889
392,5,1-7,adjust,-0.028634000751995996,6.634169886631377e-05,0.00025986017199407566
392,6,1-7,adjust,0.008767875377326161,0.00022561836774782427,0.000260855136183742
392,9,1-8,adjust,-0.009727199508769773,6.629714523126916e-05,0.0005011345565485625
393,2,1-4,adjust,0.008061769272660302,-0.001030672489647512,0.0008715888911056875
393,3,1-5,adjust,0.0074155697007316475,-0.00016882577387174712,2.7547043301793357e-05
393,6,1-5,adjust,-0.01044810213929475,-0.00024818752338163754,0.00019555455170711423
393,7,1-5,adjust,-0.016070991818385793,0.0004230771460308089,0.0013700904854268203
393,8,1-5,adjust,0.013721292881625363,-0.00014176713216310237,0.0006786366985652288
393,9,1-5,adjust,-0.003993276500162337,8.283200049869643e-05,0.00010328803334845918
394,2,1-7,adjust,0.0012459139525238642,0.00025322617101410837,0.00011245350348959481
394,3,1-7,adjust,-0.01076879458938703,0.0006289804535538499,0.0003520696897295855
394,4,1-7,adjust,-0.014167788173862392,3.30637034660306e-05,0.0001752658693495209
394,5,1-7,adjust,0.004721598812218816,-0.000252558617281542,6.126691358109583e-05
394,6,1-7,adjust,-0.000607323422644616,0.00028426180235371906,6.06948967432857e-05
394,9,1-8,adjust,0.009082674339496588,-0.00012570776055144834,0.0009485772578659897
395,2,1-4,adjust,-0.003972517072918548,0.0001438309611928219,0.000457212813263747
395,3,1-4,adjust,0.0032983017851126338,-0.00022231206273363828,0.000747671826329773
395,6,1-5,adjust,-0.007242023316418303,0.00026537188888460473,0.0007324894678640724
395,7,1-5,adjust,-0.00574727216333862,-0.00033507390515155464,0.0005638093398609038
395,8,1-5,adjust,-0.021014732541170172,1.5626546743599077e-06,9.76616781512093e-05
395,9,1-5,adjust,-3.4531692684929284e-05,-0.0001608460463830151,0.0005158541938281523
396,2,1-7,adjust,-0.0034495169746356267,0.000239505899811994,0.000969493478174931
396,3,1-7,adjust,-0.016890295384420145,0.0002471742980658753,0.00019182550207798237
396,4,1-7,adjust,0.0007565994671474817,0.0009685791842834944,0.0006074559465759547
396,5,1-7,adjust,-0.03704789655010242,-0.00011989860925434687,0.00015364802026372913
396,6,1-7,adjust,0.006472491981903733,0.0002666448900562083,0.00017420352391684833
396,9,1-8,adjust,-0.008922347064025424,-8.00552738754975e-05,0.0014686238513975374
397,2,1-4,adjust,-0.010709523097405102,2.639961341773305e-05,0.0012360328319819416
397,3,1-4,adjust,-0.002887628042339858,-0.00017788085681149556,0.00010563780476698692
397,6,1-5,adjust,-0.029625755726756714,-0.0005820542985479452,0.0004840166366392547
397,7,1-5,adjust,-0.04072702043752457,-2.179197948282652e-05,0.0005099586008350544
397,8,1-5,adjust,-0.0019754307992069136,-0.00032196669121826337,0.0003245092920964161
397,9,1-5,adjust,-0.010859483737420258,-2.349045072034919e-05,0.0005481289018421611
398,2,1-7,adjust,-0.007405456640943006,0.00015217490577036373,0.0005974521695612849
398,3,1-7,adjust,-0.0026138545763289317,0.00017580974026080304,0.0003916063543695236
398,4,1-7,adjust,0.022481466133849715,-0.0002910201430723051,8.159492514519102e-05
398,5,1-7,adjust,-0.029470586784926787,0.0005004908081907543,0.00047103425422941004
398,6,1-7,adjust,-0.01427773454376232,0.0003189790188352774,0.0001477122169323078
398,9,1-8,adjust,-0.003514452661729308,-0.0002620302711670156,0.001416742731633542
399,2,1-4,adjust,0.012086724868604402,-0.0002247516065214113,0.0006652149480329886
399,3,1-4,adjust,0.006974082529538671,0.00012868150001545112,0.0006537012337071166
399,6,1-5,adjust,-0.01791088808941546,-0.0002661145050794562,0.0009188487105455305
399,7,1-5,adjust,-0.009664529993389898,-0.00023390151162744268,9.146436973687343e-05
399,8,1-5,adjust,0.001959692810781772,0.0002813960779757539,6.63645860702884e-05
399,9,1-5,adjust,-0.0004285737963988604,0.0003311845562998947,0.0004683940761496401
400,2,1-7,adjust,-0.0013478233497429108,-0.0003191689634352336,0.0006689674315033287
400,3,1-7,adjust,0.044520050774854464,-0.00028778628073148623,0.00022447464877702514
400,4,1-7,adjust,0.008759582939495743,2.762884630913312e-06,0.00011705602735992968
400,5,1-7,adjust,0.040156255060849286,8.343529430952565e-05,0.00039877074239075944
400,6,1-7,adjust,0.02147981780459768,0.00017329993441193232,0.00010282074228104098
400,9,1-8,adjust,0.00039135729982580644,0.0002205228272515778,0.00044272813907114943
401,2,1-4,adjust,0.0030217480550595653,1.5137215112470616e-05,1.8386282060116694e-05
401,3,1-4,adjust,-0.018882003065238368,2.1251284505875493e-05,0.00012295965908268541
401,6,1-5,adjust,0.0010709772835323457,-0.0001466048463761891,0.00042685270802841256
401,7,1-5,adjust,-0.013706654168752287,6.2878993888792e-05,9.12786072372655e-05
401,8,1-5,adjust,0.02180018778633357,0.0002536410466028898,0.000560097928607766
401,9,1-5,adjust,0.016901781828801362,-0.00011294479008907359,0.0001087130195369649
402,2,1-7,adjust,0.011565893385023507,-0.00030949739383986534,0.0005236967011422163
402,3,1-7,adjust,-0.005674242471375191,1.4441574928242409e-05,0.00011676247243138845
402,4,1-7,adjust,0.014573030469749138,-0.0003451818481047239,0.00020207002053994528
402,5,1-7,adjust,-0.02548162225525455,7.299145193478237e-05,0.0003048672844116564
402,6,1-7,adjust,-0.010494773680171161,0.00011839673357581246,0.00019195976347123104
402,9,1-8,adjust,-0.000550494950946548,0.00013887890762383258,0.00041636831842445783
403,2,1-4,adjust,-0.002478311665778533,6.13406662447191e-05,0.000587562210043549
403,3,1-4,adjust,0.00933680201089388,-0.00017079437139259674,0.0009940955011851704
403,6,1-5,adjust,0.009593714638727472,-0.0004960845205439904,0.000988604067068133
403,7,1-5,adjust,0.03216191567498984,-0.0002730565499427092,0.00043036399219995703
403,8,1-5,adjust,0.005223666494131102,-2.1206815705325632e-05,0.00012200964131671855
403,9,1-5,adjust,-0.00886510160515118,3.945015114835722e-05,0.0005097466277577685
404,2,1-7,adjust,-0.002553494112113159,0.00010218684126817749,8.623348066436679e-05
404,3,1-7,adjust,0.002427921706020979,-0.00034282135430876504,4.2283281695119144e-05
404,4,1-7,adjust,0.00704663733768119,9.762898717116824e-05,0.00028148808832675833
404,5,1-7,adjust,0.03785932250302883,-0.00018273786958823945,0.0002829178850665004
404,6,1-7,adjust,0.0006393846352508757,0.00018084391671405975,0.00011701441139555842
404,9,1-8,adjust,0.00735412865052721,0.00016313064818743026,0.0005044536033418804
405,2,1-4,adjust,0.003350079737239888,1.776422443917846e-06,0.0006644130165393338
405,3,1-4,adjust,0.004369559318302438,-5.69734638232585e-05,0.0007132956618407036
405,6,1-5,adjust,0.0035628504146558685,-0.0001940890784021081,0.0004924123567067734
405,7,1-5,adjust,-0.0017407688691207942,0.0003451276475861002,0.0005275148741171529
405,8,1-5,adjust,-8.441351234464043e-05,-0.0004275393398445371,0.0004665270268123231
405,9,1-5,adjust,0.001422234796998196,-0.00037222674327114106,2.126847305364946e-05
406,2,1-7,adjust,0.004226558086664181,-6.764690080961127e-05,0.00012261707018828777
406,3,1-7,adjust,-0.020014806657580108,-0.0003437683916160985,5.040456335096517e-05
406,4,1-7,adjust,-0.01909587367971897,0.000199443403806362,0.0007864514267634313
406,5,1-7,adjust,-0.014523924197507945,-0.00021829189093492587,0.0006152485701039741
406,6,1-7,adjust,0.00895875650286092,-0.00024485538790969133,0.00022248665847020242
406,9,1-8,adjust,0.0012715883365522593,0.00038682049857716573,7.461917664649512e-05
407,2,1-4,adjust,-0.005546779995783395,-9.031884209326405e-05,0.00010487505530242342
407,3,1-4,adjust,0.012033299056538384,0.0003223672779519172,0.0012401646901394373
407,6,1-5,adjust,-0.01008609051155842,0.00034988590007596133,0.00044310443543848507
407,7,1-5,adjust,-0.02163934743233759,6.345851790850295e-05,0.0008428030610275227
407,8,1-5,adjust,-0.00914593179084477,0.00025139506172262784,7.533490926259966e-05
407,9,1-5,adjust,0.006503572912476532,-0.0003475955369259037,0.00037312546846145585
408,2,1-7,adjust,0.0052051305786985054,-0.00017799838694625183,0.0007617524458048016
408,3,1-7,adjust,-0.026542261867200434,0.0002778933845891455,9.115021844918374e-05
408,4,1-7,adjust,0.0036267914662986085,0.00015610717307494237,0.0002666156895140242
408,5,1-7,adjust,-0.024005184756765892,0.00018372942387323988,0.0008604439023532846
408,6,1-7,adjust,-0.004824677803385309,-4.9107940858892695e-06,1.5576786575730596e-05
408,9,1-8,adjust,-0.008396560760436721,0.00019058650619503743,0.00019918619341202317
409,2,1-4,adjust,-0.007333586681872376,0.00040082117415762825,0.0002998122624302321
409,3,1-4,adjust,0.018147912135587797,5.237131138161608e-05,0.0011785556535537348
409,6,1-5,adjust,-0.008447784541660012,-0.00015849350371048118,0.0012810654069234828
409,7,1-5,adjust,0.012127667958359824,8.941380445688367e-05,0.00018778240321503403
409,8,1-5,adjust,0.015723549101937875,-6.899334273337759e-05,0.0003941530489914346
409,9,1-5,adjust,0.0038581064998005846,-4.34748631832564e-05,0.0006970215189610882
410,2,1-7,adjust,0.0063247315560252745,0.0002099117770982771,0.00018902124649131813
410,3,1-7,adjust,-0.008313629627063267,-0.0001233144454086464,0.0003990664629252327
410,4,1-7,adjust,-0.024229913383002833,9.985407684337348e-05,0.0003951504836925734
410,5,1-7,adjust,0.010440996819243552,-8.16919268282629e-05,0.00041958222914163047
410,6,1-7,adjust,0.01617972030471251,0.00037772928360073387,0.0005196117952560545
410,9,1-8,adjust,0.009062221135762119,9.16439176395151e-05,0.00018347308199347903
411,2,1-4,adjust,-0.006989894262419312,0.0004262345689587407,0.0007334513023152616
411,3,1-5,adjust,-0.013662025054106961,0.00022898165795549245,1.3881993979311246e-05
411,6,1-5,adjust,-0.0054635022789114125,4.564070360338526e-05,0.0010644351317586416
411,7,1-5,adjust,-0.015540632584893015,0.00022052613404000273,0.0004058820513463003
411,8,1-5,adjust,-0.003961343367724403,-3.351973865846826e-05,0.00025131102230845385
411,9,1-5,adjust,-0.0008614208997822626,-4.283443982678559e-05,9.842237511635867e-05
412,2,1-7,adjust,-0.01063317872780137,-6.442341012029149e-05,0.0004942414894342959
412,3,1-7,adjust,-0.012747501500105118,0.0003582351754537427,0.0005426694875037387
412,4,1-7,adjust,-0.029246539805886183,-0.00017053075577691036,0.0010457344394848068
412,5,1-7,adjust,-0.01782962500416033,-2.5751252096081296e-05,0.00043488731987192854
412,6,1-7,adjust,-0.03046513960381642,-9.210745851603287e-05,0.0011074604976619546
412,9,1-8,adjust,-0.0007811042915355452,-0.00010115147752101711,0.0005232763903127396
413,2,1-4,adjust,-0.00858613573674543,-0.00019421098885125113,0.00017910835582648498
413,3,1-4,adjust,-0.002599472054573775,0.0004405122930651508,0.00025241568692767997
413,6,1-5,adjust,0.007648213372178895,-0.0002076104381457958,0.0007844773591461915
413,7,1-5,adjust,-0.015207092369534514,-0.00025350789967382197,0.0008829320831261024
413,8,1-5,adjust,0.0031275396723735474,-0.00016523629564082923,0.0003903675656690358
413,9,1-5,adjust,-0.01763806033501433,-0.00041076511168187127,0.00036921611383122896
414,2,1-7,adjust,0.025853024426323045,-0.00019886028457860323,0.0005346372854432036
414,3,1-7,adjust,0.00022775513397179842,-0.00011050310167080861,0.0004543686890837939
414,4,1-7,adjust,-0.014820114234332256,4.4422739477914655e-05,0.0010219392662126807
414,5,1-7,adjust,-0.0005734570931423126,-0.0003610398590001471,0.00019729189988285475
414,6,1-7,adjust,-0.013068363500857579,0.0001376365292750598,0.0014566070298169015
414,9,1-8,adjust,0.019612732875196433,0.0005631068483198551,0.0007448298099340748
415,2,1-4,adjust,-0.021262113212443527,0.0004277572198135812,0.0013222854278592002
415,3,1-4,adjust,-0.002365041094917415,-7.641129198809128e-05,0.0010045841928618229
415,6,1-5,adjust,-0.015338422470126931,0.00029163330485198287,0.0007061196682777598
415,7,1-5,adjust,0.0062528391346885,-0.0006173233967613122,0.0007691389603243258
415,8,1-5,adjust,-0.029871681458368663,-0.00016805306555291538,0.0010752535648786365
415,9,1-5,adjust,-0.009441014826831573,-0.0003204106157222279,0.0007760489648463889
416,2,1-7,adjust,0.013631209965244593,-0.0004570257148636465,3.983360355983571e-05
416,3,1-7,adjust,0.04919331401703372,-0.0005035740921058637,0.0003570216593343963
416,4,1-7,adjust,0.01934791131168948,8.099976193629264e-05,4.085059057370072e-05
416,5,1-7,adjust,0.03680839129238336,0.0002656175311902011,0.00012173399627957999
416,6,1-7,adjust,0.009661513364163536,0.00010408104257147267,0.0012625209804133521
416,9,1-8,adjust,-0.004894037508482801,6.817063021691726e-06,0.00032869035033651823
417,2,1-4,adjust,0.0021677017163804183,0.0005678791277119315,0.0010145666931400707
417,3,1-4,adjust,-0.034395299703294094,-4.14546155006848e-05,0.00021758127509367907
417,6,1-5,adjust,0.03401461348947786,-0.0002768139312402844,0.00047847564375431674
417,7,1-5,adjust,0.015422426181040432,0.0001328942764374344,0.0005051331415992269
417,8,1-5,adjust,0.006601701423108189,0.00047855144110409533,2.9513211185765442e-05
417,9,1-5,adjust,0.004038683127500857,0.0003559651550658157,0.00016886386502246238
418,2,1-7,adjust,-0.0011753983429779653,-0.0005232224017261745,0.0006804456727685541
418,3,1-7,adjust,0.019908694454224475,-0.00048383271718214983,0.0005935861515438204
418,4,1-7,adjust,0.015764819134932644,-0.0004564841934591119,0.0003306835996241759
418,5,1-7,adjust,0.036949717649188946,0.00036028020632087877,1.9927590179880983e-05
418,6,1-7,adjust,-0.0048297581398122685,0.0001583971337961725,0.0006362455794308856
418,9,1-8,adjust,0.0019230426309971408,-0.0004245480940542012,0.0008086868162294929
419,2,1-4,adjust,-0.0027269161398641027,-0.00036677698701085177,0.0003045033550663687
419,3,1-4,adjust,-0.005087172811712186,9.324170816039205e-06,0.000999060787271378
419,6,1-5,adjust,0.031024317853484334,-0.00011255392715221654,0.0011840644465284194
419,7,1-5,adjust,0.01834332940576891,0.000537727094824759,0.001104759185572715
419,8,1-5,adjust,0.010897641536954713,4.797087755724433e-05,7.238114118019343e-05
419,9,1-5,adjust,-0.004039516403134097,0.00014316383771628154,0.0001740256830158438
420,2,1-7,adjust,2.3280174236021055e-05,0.0008813143687393798,0.0005156597591162631
420,3,1-7,adjust,-0.03703302620716873,0.0003982435208535594,0.0002387660579755522
420,4,1-7,adjust,-0.039945410860927316,0.00022030148314423429,0.00018906878055063788
420,5,1-7,adjust,-0.023413527939806715,-8.514051056917075e-06,7.240040087829968e-05
420,6,1-7,adjust,-0.019513377929742465,-0.00023858846201899647,2.3258879037541914e-05
420,9,1-8,adjust,0.007066454184542527,-0.00013066555237060165,0.0002911467048115334
421,2,1-4,adjust,-0.009476200718540993,-0.00032138152815242683,0.0009271690741649446
421,3,1-4,adjust,-0.017050379518009237,0.00010396206061102639,0.0010912781377382707
421,6,1-5,adjust,0.02267453424746724,-4.548057382787786e-06,0.0007837621404178279
421,7,1-5,adjust,-0.0008560505708943298,6.9390213737345354e-06,0.0004532404586920304
421,8,1-5,adjust,-0.002181519466933232,0.00021360305135531172,0.0003085562703382408
421,9,1-5,adjust,0.024142717910712964,0.0006988638971168408,0.0001935669900387218
422,2,1-7,adjust,-0.0030837381903239636,0.00018859156684864455,0.00035108300486643785
422,3,1-7,adjust,0.029203743655855215,1.0338921565844466e-05,0.0006905741601562541
422,4,1-7,adjust,0.028160764639243496,-8.086023427492862e-05,4.7201469794322704e-05
422,5,1-7,adjust,-0.017431772922926258,-0.000470555869125533,0.0005717704449812051
422,6,1-7,adjust,-0.010435355691251154,-0.00035730830521594245,7.908489841159976e-05
422,9,1-8,adjust,-0.013664403977909231,-0.0004145722253144374,0.0003078638258128685
423,2,1-4,adjust,0.0023729671113917167,-0.0002880793189768469,0.0011123457303331592
423,3,1-4,adjust,-0.0047273181753763474,7.174943518287674e-06,0.000804848431101606
423,6,1-5,adjust,-0.002590744229217548,0.00019588484238579215,9.920198954166025e-06
423,7,1-5,adjust,-0.019133810829171302,-0.00026769398193343154,0.00015085552571350978
423,8,1-5,adjust,-0.031370163717342345,-0.00015282312629102238,0.0006259601954850159
423,9,1-5,adjust,-0.0075613317520136225,-4.298972892230428e-05,4.5612944172170274e-05
424,2,1-7,adjust,0.0008010769790507651,0.00010608081770168914,0.00017307399031838536
424,3,1-7,adjust,0.027474104924157958,-0.00014213960277231237,0.0005047146479433686
424,4,1-7,adjust,-0.008347100637953258,4.665058968322364e-05,0.00031568483901196596
424,5,1-7,adjust,-0.005529760950994589,7.69729499738589e-05,0.0007339209113021596
424,6,1-7,adjust,-0.023552428603875453,-0.00043169519590664687,0.0002489619806133866
424,9,1-8,adjust,-0.010515409166544209,0.0001721431700889147,0.00013695095909343184
425,2,1-4,adjust,0.0025819482913486827,5.37991951440809e-06,0.0004998126634269817
425,3,1-4,adjust,-0.001743527144232067,0.0001577516368110387,0.00015538889418370303
425,6,1-5,adjust,-0.004225295528048174,0.0007389530260461231,0.0004074964218731426
425,7,1-4,adjust,0.007690099545821397,0.00020360079352981707,8.78960885662633e-05
425,8,1-5,adjust,-0.003203327269223977,-0.00014346334961998274,0.0007219553399553505
425,9,1-5,adjust,0.015633872123441743,-0.00042027107548659967,0.000841149678135356
426,2,1-7,adjust,-0.00797203845886024,0.0005801399309362809,0.0015141847860660504
426,3,1-7,adjust,-0.002725670698342346,-0.00013326029864584843,0.00042962427531499067
426,4,1-7,adjust,-0.00910339577661532,3.6888046598698654e-06,0.0006716961855478157
426,5,1-7,adjust,0.001590814449050851,0.00041774577333293194,0.00018636430863271867
426,6,1-7,adjust,-0.006417030456132187,-0.00020806045161999057,0.00020671158384265035
426,9,1-8,adjust,-0.014045555222455635,2.9683033043711332e-05,0.00037864438811012593
427,2,1-4,adjust,0.0064360121408142176,-0.00016244759332932678,0.0002112855266745096
427,3,1-4,adjust,-0.017915535861913332,0.0001681220268268459,0.0003911898158444728
427,6,1-5,adjust,0.015849790886072072,0.00021355363252968153,0.0005295949251238879
427,7,1-5,adjust,0.029330437796250677,-0.000400807176786008,0.0001047286735517041
427,8,1-5,adjust,0.023477228178055826,3.7512879073156705e-05,3.513961828211166e-05
427,9,1-5,adjust,-0.014039695803321543,6.985419152424363e-06,0.00035931836615745913
428,2,1-7,adjust,0.005041191854887537,-0.0001455771965746844,0.0005533138968388196
428,3,1-7,adjust,0.010675016003858841,-0.00027713382566462916,0.0003718832551504222
428,4,1-7,adjust,0.05943743719342017,-0.00015773145508940004,0.00018942715752469938
428,5,1-7,adjust,-0.02390154141546036,-0.0003957931234175753,0.0011488640613748831
428,6,1-7,adjust,0.02071712599627249,-6.69589251219288e-05,0.0006924842956973792
428,9,1-8,adjust,-0.004566303291629191,0.00019521906170708102,0.0005714389399120088
429,2,1-4,adjust,0.017400569258970943,-0.0004919746511168287,0.00021222616536127758
429,3,1-4,adjust,0.01836689143122344,4.370897312126062e-05,7.9611010501904e-05
429,6,1-5,adjust,-0.011728903319755766,7.974455215582912e-05,0.0009857792497153135
429,7,1-5,adjust,-0.017178158121970405,-0.0002972030830408585,0.000564965291045853
429,8,1-5,adjust,-0.014151028154207311,-0.0006187942537814253,0.0007314218730680224
429,9,1-5,adjust,0.0061422955688067655,5.211219237090454e-06,9.07776349657014e-06
430,2,1-7,adjust,0.008130201015108179,-0.0005333332839101779,0.00019437425373499957
430,3,1-7,adjust,0.013603764366202227,8.65101499177983e-06,0.0005354593838552205
430,4,1-7,adjust,0.025828898705155465,-0.0005477606999193965,0.000253303303104031
430,5,1-7,adjust,0.05642817180379247,-0.00019513687987626104,0.00015366544903651792
430,6,1-7,adjust,0.016752621279829173,-0.00013222798223218503,1.999414716419338e-05
430,9,1-8,adjust,-0.006631079067564003,-0.00039193470948184874,0.00041783122729957203
431,2,1-4,adjust,0.005135799401874646,-0.0004129264414312065,0.0005508038894654244
431,3,1-4,adjust,0.016210946793830214,-0.00023955769550275746,0.0001224204907057673
431,6,1-5,adjust,-0.012998603817880202,0.00021414117553423994,0.0004922051727403511
431,7,1-5,adjust,0.01693134830665668,-6.287906401447504e-05,0.00045515189253782256
431,8,1-5,adjust,0.0033721360506034385,0.00018065478653291704,5.811014364536065e-05
431,9,1-5,adjust,-0.0028853870081162842,5.429332324813929e-05,0.00040630462944502845
432,2,1-7,adjust,-0.010283647379163782,0.00031975472592333214,0.00018297295613140823
432,3,1-7,adjust,-0.0011831549758363885,-6.949530984082933e-05,0.00024091839411247975
432,4,1-7,adjust,0.004875099247481394,-0.0002699937973560119,0.00036447255921243413
432,5,1-7,adjust,-0.007460142906169776,-7.652195499003106e-05,0.00034971955004043547
432,6,1-7,adjust,0.03750121035349225,0.0002418705074061478,0.0005416487089560614
432,9,1-8,adjust,0.005552646226739323,8.088642305070284e-05,0.00015813700952713544
433,2,1-4,adjust,0.00917688606412067,-0.0004606282497577037,0.000801199798041288
433,3,1-4,adjust,0.014456188666279294,-0.00016342569043546333,0.0006215489002270819
433,6,1-5,adjust,-0.02135038244363441,0.00018565921239911305,1.611257204749385e-05
433,7,1-4,adjust,-0.02023580702627862,-1.2906690320071427e-05,9.45053633529071e-05
433,8,1-5,adjust,0.0026850249904387035,5.677938243846643e-05,0.0006701015400047719
433,9,1-5,adjust,-0.0011436158646314248,-5.5125702350171266e-05,0.0004702025380531269
434,2,1-7,adjust,-0.013050178118490949,0.0003896948861556398,0.0001975646649090978
434,3,1-7,adjust,-0.0654825966926847,0.00036045197001041696,3.093923853102096e-06
434,4,1-7,adjust,-0.005696660602850452,-8.364603558486557e-05,0.0005633268505184791
434,5,1-7,adjust,0.032962996589923,0.0002136924516095109,0.0002960358035672016
434,6,1-7,adjust,0.0032068414890304635,-0.00041726380471945315,0.00016498098047640415
434,9,1-8,adjust,0.014368291196054409,-0.0001656197786699277,0.0008337447842755387
435,2,1-4,adjust,0.027878142055227303,-0.00031584555925040584,0.00048718251298219824
435,3,1-4,adjust,0.029404010317330774,-7.232668782258831e-05,0.0006757421853772095
435,6,1-5,adjust,0.022528826605538226,-0.0003591886774055137,0.0005053757649341304
435,7,1-5,adjust,0.017657764485236205,0.0003514330980389724,0.0007517849045566705
435,8,1-5,adjust,0.0017323818341552302,-4.863234963993339e-05,0.00022710659216379473
435,9,1-5,adjust,-0.0019007404929854874,-9.690470117594439e-05,0.000850542657001178
436,2,1-7,adjust,-0.016924584582561606,0.0004902797674064151,0.0007596992291925801
436,3,1-7,adjust,0.044820039604095405,-0.00025034422529013827,0.00036749794486691783
436,4,1-7,adjust,0.0029498311417509586,0.00012437568607367717,3.4768995086438084e-05
436,5,1-7,adjust,-0.026112564154004033,0.00010697943443723499,0.00038903891186658416
436,6,1-7,adjust,0.0003072126695904787,0.00016537890777172873,0.0003453324307289345
436,9,1-8,adjust,-0.002408411989555185,-0.00015811213329747773,0.000393331692182477
437,2,1-4,adjust,0.006110324064841037,-0.0003096903257981634,0.0010129789266701433
437,3,1-4,adjust,-0.006696577254969081,-0.0001137727587130935,0.0009714905407260236
437,6,1-5,adjust,-0.0020252192278412263,2.6014482126395033e-05,0.0005728969764907684
437,7,1-5,adjust,-0.018355100857759845,0.0003997031750776543,0.00047375377475124335
437,8,1-5,adjust,0.04040198242602768,5.363343138253339e-06,0.0005916368181961918
437,9,1-5,adjust,0.012750667541200373,0.0003007835441698261,0.0014513188618802309
438,2,1-7,adjust,-0.016857884251093254,0.0005136646825747855,0.0006633670268213698
438,3,1-7,adjust,-0.02172956878795293,7.596307114371885e-05,0.00014478874909371297
438,4,1-7,adjust,-0.02102138935387636,0.00032537479046183956,0.00047632416188148
438,5,1-7,adjust,-0.013007139370507953,0.00023370139977824003,0.000117291902428257
438,6,1-7,adjust,-0.0030160003970136433,0.00021004572062826088,0.0007900615865225868
438,9,1-8,adjust,-0.00459677206713357,0.00020997563328447675,2.2669654100532265e-05
439,2,1-4,adjust,0.008988793816648896,5.519110279872186e-05,0.000388382234544833
439,3,1-5,adjust,-0.0040836563852167185,1.2157802763847359e-05,5.221430377021448e-05
439,6,1-5,adjust,-0.006465701599719976,-0.00034962111567880767,0.00026638043696256144
439,7,1-4,adjust,0.015311254594507318,-0.0003686357145278002,4.5214952703827345e-05
439,8,1-5,adjust,-0.007333256563839561,0.0005116450351286135,0.0007274873760676204
439,9,1-5,adjust,-0.009529287358871263,-0.0007019380299094283,0.00014043197441968426
440,2,1-7,adjust,-0.012304338069684725,-6.997770120004658e-05,3.822817624555358e-05
440,3,1-7,adjust,-0.020636297861420846,0.00011620735606146476,0.0003934512151074259
440,4,1-7,adjust,-0.013263635521935055,0.0002492168120129163,2.7392413677382376e-05
440,5,1-7,adjust,0.01920823850324218,-0.00020625889924334286,1.5164722007301034e-05
440,6,1-7,adjust,-0.012560235334055229,-6.867003009200825e-05,0.0005677973773351832
440,9,1-8,adjust,0.007717973688734089,0.0006788878359993535,0.0007212239865655565
441,2,1-4,adjust,0.01594778228372469,-8.131744167922526e-08,0.0002161981693513851
441,3,1-4,adjust,0.0063053085666038115,0.00011512804414138534,0.0006433248208393032
441,6,1-5,adjust,0.007838288532481202,-0.00021039486004411313,0.0005182644503646501
441,7,1-5,adjust,-0.006165827568321637,0.00023959906827072784,0.00026241994869728605
441,8,1-5,adjust,0.004585509416909522,-0.0002634293575231038,1.2273954190804274e-05
441,9,1-5,adjust,-0.011816252565364546,0.00017960673870434445,0.00031584855188002543
442,2,1-7,adjust,-0.01768603351760407,0.0001060605612029559,0.0003670256640603462
442,3,1-7,adjust,-0.001193487655071569,-0.00032934472861517186,0.0006710289738191856
442,4,1-7,adjust,-0.012964170735777268,2.1832908038555213e-05,0.0003628769169249176
442,5,1-7,adjust,-0.0530026198397578,-0.00015145494761119636,7.30117987854922e-06
442,6,1-7,adjust,-0.020538207110426494,-0.00017099361171763348,0.0006585349402130019
442,9,1-8,adjust,0.01053442744914885,0.00017067436310730518,0.0006073832598215764
443,2,1-4,adjust,-0.018145630591255787,3.364874144626193e-05,0.0008956654377525035
443,3,1-4,adjust,-0.0023802110497976943,0.0003021107726738092,9.331300596527833e-05
443,6,1-5,adjust,-0.0051529321262292534,0.00014895760626943127,0.00019498199695295863
443,7,1-5,adjust,-0.02777332515107699,-8.301292782252814e-07,0.00032819233984243446
443,8,1-5,adjust,0.0011445385338199152,0.00015032007775433025,0.0005124660765655607
443,9,1-5,adjust,-0.009209888678503687,-0.00020691510430809385,0.00016507584484322157
444,2,1-7,adjust,0.010668014393005978,-2.915875311469675e-05,0.0006004630211950989
444,3,1-7,adjust,-0.014320352659658718,0.00021767053670043488,9.487578720422112e-05
444,4,1-7,adjust,0.005713692760365922,-7.543406796476261e-05,0.0002563360023012695
444,5,1-7,adjust,-0.00042395269373299917,0.0003474704561036944,0.00029338320409061716
444,6,1-7,adjust,-0.03173568310707392,-0.00019810477732212884,0.00011369537799349626
444,9,1-8,adjust,0.010712464772833245,0.000521679513320715,0.0009204259876976632
445,2,1-4,adjust,-0.0002001421427618652,6.574560341549123e-05,3.4823742786723095e-05
445,3,1-4,adjust,-0.005029201237389407,0.000422707212529698,0.0005759602744010744
445,6,1-5,adjust,0.012663687663955368,7.123857139566028e-05,0.0001896951202738256
445,7,1-4,adjust,-0.010093409572350715,5.300298924852379e-05,2.0607849320363666e-05
445,8,1-5,adjust,-0.0019057018545741405,-0.0002868211816152193,0.000489405203220781
445,9,1-5,adjust,-0.009692581482880144,-0.0002867460914043218,0.0003964804126896707
446,2,1-7,adjust,-0.0003921165942578616,-8.847522045745346e-05,0.0003621084506079216
446,3,1-7,adjust,-0.0021419234793512943,7.254487384035004e-06,0.00021066031508053755
446,4,1-7,adjust,-0.04214062421480824,-0.00040079196347636044,7.519943487040154e-05
446,5,1-7,adjust,-0.009188908457838079,-0.0003331727977781861,0.0006112378360551367
446,6,1-7,adjust,-0.0005426364345771746,0.0004931236589551845,0.0006560049852440487
446,9,1-8,adjust,0.007918628343186901,-5.940856700875691e-05,0.0002670870812031589
447,2,1-4,adjust,-0.0001512712054653327,0.00017860631929502734,0.00034218738369734227
447,3,1-4,adjust,0.008376622439273028,-0.00016207343465353833,0.0001084673154332043
447,6,1-5,adjust,0.005746721690187864,-9.450169657650234e-05,0.00028857645259733626
447,7,1-5,adjust,-0.01976162127629227,-0.00021754611203685478,0.0009789027514161728
447,8,1-5,adjust,-0.005375430757157639,-2.5892180634194446e-05,0.00015529351606692498
447,9,1-5,adjust,-0.01739501006936386,-0.0003044392712421418,0.00014340101835502052
448,2,1-7,adjust,0.014687412700452627,-0.0005550457848178244,2.299595589861287e-05
448,3,1-7,adjust,-0.014451505448808709,0.00033048192072928755,0.00046850827230830977
448,4,1-7,adjust,0.0035930616806351713,0.000615982650019442,0.00046244460792734335
448,5,1-7,adjust,-0.024125047476704884,-0.00010156888810132337,6.298755128281818e-05
448,6,1-7,adjust,-0.03102335530997871,-0.00021980087334355148,0.0011093620762288887
448,9,1-8,adjust,0.018315046395337868,-6.32631522200028e-05,0.0012401869076838952
449,2,1-4,adjust,-0.011622264690090879,0.00016469683012003506,0.0004919812886254833
449,3,1-4,adjust,0.00047126953800925517,-0.00020892240853740324,0.00035497228333848793
449,6,1-5,adjust,-0.0002082106415352014,5.5552021610612865e-06,0.0003065279589197875
449,7,1-5,adjust,0.013512363101249938,-0.000277071177455287,0.0006693879710936386
449,8,1-5,adjust,-0.04114438311991809,-0.0002454739667945287,0.0009872179426239842
449,9,1-5,adjust,-0.010165975888900874,5.017047785097922e-05,0.0004380099480937918
450,2,1-7,adjust,0.017601541168149284,-0.0001560980946005484,0.0003106566095067441
450,3,1-7,adjust,0.042549854988841444,-0.0004644797147371155,0.00024382391396238386
450,4,1-7,adjust,0.04168249041660663,-0.00010443831423257002,0.00029001954379186714
450,5,1-7,adjust,0.013105805654096823,-0.0001779113002229592,0.0005793933263089464
450,6,1-7,adjust,0.012481406487758273,0.00026357444467704994,0.00021213817684052468
450,9,1-8,adjust,-0.0073516434047528004,-0.0002850777583378632,5.606251967280643e-05
451,2,1-4,adjust,0.00011022472072533238,0.0003563017714007899,0.00031451979198887615
451,3,1-4,adjust,-0.010693133949556347,9.571158294079135e-05,0.000748577541026994
451,6,1-5,adjust,-0.0063654274598767815,-7.89802218856826e-05,0.0007044542743888374
451,7,1-5,adjust,-0.029292073921435728,-0.00018021671513229658,0.0005892462049949776
451,8,1-5,adjust,0.0026823508059538657,0.00038926155526764026,5.703143636637259e-05
451,9,1-5,adjust,-0.007951127287438462,0.0002413865691027771,0.00030027311796070093
452,2,1-7,adjust,0.0036328785943767357,-0.0001705929420193119,0.00043192058777846834
452,3,1-7,adjust,0.017130409987240455,0.0001745693371574971,0.0006366805858155702
452,4,1-7,adjust,0.04205738046090832,0.00021150699192532517,0.00030352572732425477
452,5,1-7,adjust,0.049374410663255784,0.0002794827393306354,0.0004278519499910342
452,6,1-7,adjust,0.0026011119731881834,0.0002809551669551963,0.00041027636987781224
452,9,1-8,adjust,0.004710313130349398,7.599753646762397e-05,2.6827490201112384e-05
453,2,1-4,adjust,-0.004237028921494573,-4.9243662864999146e-05,0.00033122818950209797
453,3,1-4,adjust,0.009915358573999616,-0.00036375298260976375,0.0008033812489909591
453,6,1-5,adjust,0.01153782149885655,-0.00025478104939752837,0.0007421561854867369
453,7,1-5,adjust,0.050438384707613734,0.0005015414469767278,0.0003407391561271448
453,8,1-5,adjust,0.019040258664406163,4.5358557118838105e-05,0.0006661409659539517
453,9,1-5,adjust,0.004284449052193363,-0.0002075102665351707,0.0006117954064457928
454,2,1-7,adjust,-0.016407251670414513,0.00015509827846359154,0.0001971377610968328
454,3,1-7,adjust,-0.022585399150284846,0.00020126805411667408,2.673449307181422e-05
454,4,1-7,adjust,-0.010801773225771584,0.00013259863695773901,0.0006837596382504503
454,5,1-7,adjust,-0.0024237972836764596,-1.0203230523588622e-05,0.0003641278076570737
454,6,1-7,adjust,-0.004931368232502029,0.00022865073393237925,2.9740281347386792e-06
454,9,1-8,adjust,0.008989807773694347,0.00017702340653993266,4.277331925690228e-05
455,2,1-4,adjust,0.009331404717874577,0.00010453159653436625,0.0005190694658367629
455,3,1-4,adjust,-0.0002272292935954626,9.383640092259836e-05,9.191387037308391e-05
455,6,1-5,adjust,0.01618401451517846,0.00010994700928313739,0.0009013214827430669
455,7,1-5,adjust,-0.0008994151210179095,0.00019188553368321124,0.0011356031856072373
455,8,1-5,adjust,0.006431414280900432,-0.0002640957405794147,0.0008969028523782583
455,9,1-5,adjust,0.014197389633149017,-0.0002571780674140277,0.000287099157869497
456,2,1-7,adjust,0.0032588465711944643,-0.00023491799765065717,0.0005800342502787304
456,3,1-7,adjust,0.01212362305309809,0.0004210661350314978,2.2598995826370413e-06
456,4,1-7,adjust,-0.03935407280531472,4.290985791850664e-05,0.0007228219734648932
456,5,1-7,adjust,0.010624161275991098,0.00013342875708900937,0.0005968305310184473
456,6,1-7,adjust,-0.008141395245537397,-0.0005933741672000563,0.00026159254759483536
456,9,1-8,adjust,-0.012037424389690568,8.65542204148957e-05,0.00091354641904089
457,2,1-4,adjust,-0.014734715956181449,-0.00011740700817921983,0.00013420069723232443
457,3,1-4,adjust,-0.013025073017754485,-0.00014180153752375285,0.00010580995823102304
457,6,1-5,adjust,0.031611747608173806,-1.654956152189512e-05,0.00041818488922779295
457,7,1-5,adjust,-0.006893517477567309,9.665996536207749e-05,0.00048387817410958773
457,8,1-5,adjust,-0.002465720610574363,6.262748353110762e-05,0.000739673065112166
457,9,1-5,adjust,0.0010418368637147854,0.0002946383130833748,0.0008710541184681941
458,2,1-7,adjust,-0.002520385772225794,0.00027485064333738725,4.535526661431135e-05
458,3,1-7,adjust,0.03269268005971289,-0.00022217201450253597,0.0002565195922259203
458,4,1-7,adjust,-0.020926277474998197,0.00014970349243537945,0.000888884477808955
458,5,1-7,adjust,-0.015588946842648558,0.00032954886822191416,0.00040902129333041104
458,6,1-7,adjust,-0.015510549015854361,0.00047233479886127935,0.0011481236636219994
458,9,1-8,adjust,-0.0006265749132010225,5.242996833185708e-05,0.0005893259110857423
459,2,1-4,adjust,-0.0013346529788174416,0.0002718862239342075,0.0004353034324535011
459,3,1-4,adjust,-0.024182233725290072,0.0003900195868210324,0.0007401828666891789
459,6,1-5,adjust,0.019580180647995517,-6.741351479669662e-05,0.0008159778873546587
459,7,1-5,adjust,0.036197711975474826,8.96316836930432e-06,0.00024847143829612455
459,8,1-5,adjust,0.015903341431136322,0.00041385350288436853,0.0002177265534569661
459,9,1-5,adjust,0.0016053028762595645,0.0002470567084716669,1.572586948745746e-05
460,2,1-7,adjust,0.0010437251815472494,0.00023550303159413136,0.0006558257842284274
460,3,1-7,adjust,-0.06430310170257893,-9.559122766798562e-05,0.00019608523617420254
460,4,1-7,adjust,-0.007941107445348861,0.00023827694974823833,6.031215032181828e-06
460,5,1-7,adjust,0.00033926915580362945,-0.00012095037379933286,0.00023130668940662022
460,6,1-7,adjust,-0.0055412707989396185,0.0001917556833973695,0.00021985014963320842
460,9,1-8,adjust,0.008259842951094923,0.00011661207198045252,0.0006510939666686717
461,2,1-4,adjust,-0.010971635557411884,0.00048377963713687743,0.0002894806515644093
461,3,1-4,adjust,0.01898091049484876,0.0002560887032105133,0.0005841053212492775
461,6,1-5,adjust,-0.016825710114057552,-8.763007397942241e-05,0.00023062824128226918
461,7,1-5,adjust,-0.005136789239403281,-0.0001737573814222488,0.0003769004050973527
461,8,1-5,adjust,-0.00472702204577892,-0.0003559373139147531,0.000814008586487752
461,9,1-5,adjust,0.011959609307162687,0.00029388074841602387,0.0002036129842206051
462,2,1-7,adjust,-0.013546658273163911,-0.00039444560383699944,0.0006735198150229729
462,3,1-7,adjust,0.007429876222456614,0.0001441217316282632,0.0009532726171026363
462,4,1-7,adjust,0.02573916865602816,-0.00042143032719745656,0.0003222486349966653
462,5,1-7,adjust,-0.025784937575576088,-0.00016658801369415148,0.00023291398492969402
462,6,1-7,adjust,-0.01152098874257381,-0.0001880011690517657,0.0004169472429795641
462,9,1-8,adjust,-0.006275608019434441,-7.1375440990204e-05,6.695728039175459e-05
463,2,1-4,adjust,0.025198823792945475,-2.987829938937586e-05,0.0003135751462710177
463,3,1-4,adjust,0.013136194358192414,-0.0003374238259260896,0.0004973255273585657
463,6,1-5,adjust,-0.027039875462586623,0.0004426212495592915,0.0001871526214386187
463,7,1-5,adjust,-0.01005655899790282,-0.00010784779938296622,0.00016126128252726555
463,8,1-5,adjust,-0.033001366730735206,-4.6564882656985326e-05,0.0005124480166336003
463,9,1-5,adjust,-0.012704059407797966,-0.0004068603278057799,0.0009214307565875738
464,2,1-7,adjust,0.008881204757177543,-0.00012783250323589857,0.0002014082024570829
464,3,1-7,adjust,-0.009898228530481211,-2.2545281757082274e-05,6.808748881387858e-06
464,4,1-7,adjust,0.006257345917984778,-0.0002484261180758455,0.0004101971252382881
464,5,1-7,adjust,0.031766103193387456,-0.0005776586657640362,0.0004266628846448236
464,6,1-7,adjust,0.03505050880461854,-0.00019237284909478017,0.00016922627941162662
464,9,1-8,adjust,-0.0031324238317407384,2.370421171718575e-05,0.00025031406132627236
465,2,1-4,adjust,-0.006752255480973145,-0.00034173921883338466,0.0005671201588928449
465,3,1-4,adjust,0.015268478960006401,-0.00010312344749958709,0.0012098280541763473
465,6,1-5,adjust,0.012259508679809428,-0.00015102044223128935,0.00019868086692284632
465,7,1-5,adjust,-0.013733664509744418,-7.553971877657951e-05,0.00035919638563607184
465,8,1-5,adjust,0.014008367573606448,-4.523422630150512e-05,0.00026398483489765463
465,9,1-5,adjust,-0.011022175345894399,-0.00013077696013615123,0.0004046597592421838
466,2,1-7,adjust,0.005662548111620311,0.00018720609313489843,0.00032736486654712504
466,3,1-7,adjust,-0.006771227840877225,0.000180273330853323,0.00010331511284224225
466,4,1-7,adjust,-0.012845141931089253,-0.0001705309434846667,0.0005969454989998715
466,5,1-7,adjust,-0.04240076605409273,0.00018906627154402188,0.0006676657107409085
466,6,1-7,adjust,-0.0006006465264051945,-0.00013366487488940474,0.00011323680314391814
466,9,1-8,adjust,0.0084012069658221,-0.00023286423802253137,0.00020210793161482815
467,2,1-4,adjust,0.013427724138560283,-0.00040445680417831143,0.00033488625373502643
467,3,1-4,adjust,-0.002856011855281635,-0.0005733801927924599,0.0004331453624900053
467,6,1-5,adjust,-0.036267226873705025,0.0005959429567244932,4.209530998638424e-05
467,7,1-5,adjust,-0.0031764983060123294,-0.0002702828997568536,0.0007296530117175458
467,8,1-5,adjust,-0.01307450104843564,1.1372164213417919e-05,0.00018446643051600164
467,9,1-5,adjust,0.0025397797622365623,9.630642146940081e-05,0.00020683032138515362
468,2,1-7,adjust,-0.0032575197714558826,-3.4169121114905124e-05,0.00017557681919573071
468,3,1-7,adjust,0.010424074275713834,-2.5622449444428532e-05,1.5758215448473715e-05
468,4,1-7,adjust,-0.005136381398078533,6.412645559789307e-05,0.00017035169669525092
468,5,1-7,adjust,0.025635460993042015,0.00011956728403432662,0.00030878447438823886
468,6,1-7,adjust,0.023047972588537864,-0.0003553624351985944,3.7302215483775005e-05
468,9,1-8,adjust,-0.004374638809294781,4.277788978121619e-05,8.19213956225138e-05
469,2,1-4,adjust,-0.006220925554737586,8.368608129718331e-05,8.200618341174461e-05
469,3,1-4,adjust,0.0106586770147864,0.00022771493366207873,0.0003517532366832188
469,6,1-5,adjust,2.5313399362736023e-05,-0.0001101636911255282,0.0002739479811758664
469,7,1-5,adjust,-0.008466272876052233,0.00033869829585401724,0.0002569211938445721
469,8,1-5,adjust,-0.007408126439090632,2.6914898496367843e-05,0.0004104571807123671
469,9,1-5,adjust,0.0035391499402682063,9.364778626700377e-05,0.00044077862577605393
470,2,1-7,adjust,-0.004311500980001024,-9.00914753817336e-05,4.4983308571366016e-05
470,3,1-7,adjust,-0.007501691321202662,0.0002005326902008276,0.0003920318350146995
470,4,1-7,adjust,-0.008959678437190647,-0.0001814189576957551,0.0002768302678040063
470,5,1-7,adjust,-0.044315370417664916,0.00013611511146939813,0.00043749852418256327
470,6,1-7,adjust,0.01126012335579299,0.00022124068524100127,0.0004608326018721031
470,9,1-8,adjust,-0.002771262751128941,-0.00010118155189833754,4.584234638509208e-05
471,2,1-4,adjust,-0.0008068651751333599,5.6851401009750364e-05,0.00024959272401174577
471,3,1-4,adjust,-0.016155158231888463,-0.00014906980434769998,0.0006590809661286587
471,6,1-5,adjust,-0.026917042288940145,-9.425613227649663e-05,0.0003946068966232189
471,7,1-5,adjust,0.0026209989333387247,-0.00019087466239731528,0.00045900376348920993
471,8,1-5,adjust,0.018628199995620324,9.430607925918079e-05,0.0006234715364713678
471,9,1-5,adjust,-0.006275797841843754,-0.00029883770560352606,3.189290287444355e-05
472,2,1-7,adjust,0.008293917824268084,0.00011277777368858074,0.00036954731557418204
472,3,1-7,adjust,0.01636101703701309,-0.00018555880075938835,7.452190515479221e-05
472,4,1-7,adjust,0.016525619417366227,-0.0003558691086358716,0.0002138207997959909
472,5,1-7,adjust,0.01970925923073371,-0.00013000896146352745,5.2694637069600714e-05
472,6,1-7,adjust,-0.00439175701815829,-9.021568945850113e-05,0.00015195217018554785
472,9,1-8,adjust,0.0011858139943211046,-9.690568961599043e-05,0.0004288730534792637
473,2,1-4,adjust,-0.0006847657604991758,8.789170342133466e-05,0.0007644998890697946
473,3,1-4,adjust,0.009169146172954468,-0.00015654941678554138,0.00028781303892267996
473,6,1-5,adjust,0.015127613664383517,-0.0005554957467342717,0.0003616739936952902
473,7,1-4,adjust,-0.021784823081490885,0.00011773060802076083,8.731796071792991e-05
473,8,1-5,adjust,0.009636484128892033,-0.000242383145337147,0.0006271677022079465
473,9,1-5,adjust,-0.007194249490530171,-0.0005020929778646232,0.0005125255968985218
474,2,1-7,adjust,0.010146644379807815,-0.0005464297888287906,0.00018099693359097685
474,3,1-7,adjust,0.010705827762074516,-0.00015250651708927868,0.0004759643348144611
474,4,1-7,adjust,0.013000734640420024,0.0002875528898402774,0.0005763076302430851
474,5,1-7,adjust,-0.012603868926193865,0.0002066407515815283,3.472393347086384e-05
474,6,1-7,adjust,-0.024743432553931292,9.725792892577627e-05,0.00040139865610124535
474,9,1-8,adjust,0.004421446593814648,0.0006360836510438546,0.000818696107361123
475,2,1-4,adjust,-8.017238477660277e-05,-4.727217197961531e-05,0.0005529702412215424
475,3,1-4,adjust,-0.007217031629564721,1.0889267410386335e-05,0.00020667650091283393
475,6,1-5,adjust,-0.015212440848848173,0.00010475383328102718,0.0007483927576413356
475,7,1-5,adjust,0.02907966288996187,-0.0004004384389323112,0.00042367297796218974
475,8,1-5,adjust,-0.014678948855044975,0.00016169242045390805,9.30961283700262e-05
475,9,1-5,adjust,0.004762795391722569,1.4398522241006565e-05,2.240969057922788e-05
476,2,1-7,adjust,0.00210479851160211,0.00046850647462571735,0.0005952493796467575
476,3,1-7,adjust,0.02855705777161709,-0.0004380357324013717,0.000941252475618872
476,4,1-7,adjust,-0.01333303443476564,2.6487015181410984e-05,0.0009489050091422244
476,5,1-7,adjust,-0.0028797405538881606,-8.047131092439503e-05,0.00013722974561314428
476,6,1-7,adjust,0.008957923125588648,0.00012658448247936628,0.0001848720968995417
476,9,1-8,adjust,0.00040880266775209656,-9.515241967900115e-05,0.0004954133340356801
477,2,1-4,adjust,-0.0029083882583886243,-5.7825579318372065e-05,0.00020859625029501284
477,3,1-4,adjust,-0.022281445416210195,0.0005854386893298021,0.0001114511414368143
477,6,1-5,adjust,-0.00370894998088338,2.3532478722051286e-05,5.801030795957756e-05
477,7,1-5,adjust,-0.020464180198775522,0.00044163350423517123,0.00011226864228961679
477,8,1-5,adjust,-0.017047030231058313,3.7003876883975104e-05,2.5105495319005905e-05
477,9,1-5,adjust,-0.006321474654205831,-0.00035556144234693556,0.0005325171618586632
478,2,1-7,adjust,-0.016637950850096853,0.0002069091743018496,0.0011411354282090831
478,3,1-7,adjust,-0.0029097823550193014,-4.611918468742251e-05,4.25370726531947e-05
478,4,1-7,adjust,-0.006777677133194901,-0.00011911845387873393,0.0002633941215829266
478,5,1-7,adjust,0.02993389318056397,-6.921678776135552e-05,0.0004742948668302911
478,6,1-7,adjust,-0.011892175103808647,-4.964163980159291e-05,5.786306703996265e-05
478,9,1-8,adjust,-0.00058797129195081,2.209036735243601e-05,0.000277049386585444
479,2,1-4,adjust,0.012752657673739667,-0.0003097289513464588,0.0009655104610075085
479,3,1-4,adjust,-0.0027701362505433433,0.00026489477275513695,0.00019775604668895389
479,6,1-5,adjust,0.024143395366547197,-0.00011840158384299337,3.462155259857331e-05
479,7,1-5,adjust,0.0328842527551568,-0.000171808259730463,0.00019799253274374097
479,8,1-5,adjust,-0.02160584075461149,-0.00048729702690259087,0.0002483939892934213
479,9,1-5,adjust,0.0018037421175028396,0.00013006572419184468,6.872565304648728e-05
480,2,1-7,adjust,-0.01200285638659946,0.00026008541002637593,0.0008132827093415912
480,3,1-7,adjust,0.032079198972003536,-8.215561564532217e-05,0.0006544450457479544
480,4,1-7,adjust,0.0002721369481872154,0.0003628471418883794,0.000535917154196566
480,5,1-7,adjust,0.02900317003235358,-1.3046739286421233e-05,0.00010127301288197391
480,6,1-7,adjust,0.01978530082734292,4.2901148858572626e-05,0.0006259874347610377
480,9,1-8,adjust,-0.006891937668024084,-7.500028364071627e-05,0.0013075405426131923
481,2,1-4,adjust,0.005908617536448026,-4.995604512476596e-05,0.00037744781950856853
481,3,1-4,adjust,-0.01677646214419753,-0.00018110945256207613,0.00041714875131834846
481,6,1-5,adjust,0.004375541672372803,0.00045622548208127306,9.22551427773885e-05
481,7,1-5,adjust,0.02778653562885438,-0.0002614977821888946,0.0004238651408272467
481,8,1-5,adjust,0.03642796771286371,0.0001265451929258506,0.00032627952099640445
481,9,1-5,adjust,0.014229771570333886,0.0003001972203565352,0.00019917870217086653
482,2,1-7,adjust,0.011714901953818467,-0.0003794724736886672,2.0101799182253276e-05
482,3,1-7,adjust,-0.029039002693223792,0.00035506331458965063,0.0005045750787788661
482,4,1-7,adjust,0.06921264307919617,4.1536350362126406e-05,0.0003128064734983539
482,5,1-7,adjust,0.037884213140239986,0.00029087935997769535,4.336148548344095e-05
482,6,1-7,adjust,0.03299666044494777,-0.00015129255835142868,2.875885876200966e-05
482,9,1-8,adjust,-0.0045485244251293735,-0.00017427585072095502,0.0004200313117425788
483,2,1-4,adjust,-0.006860860941028011,0.00031336861905640554,0.0002551824463573125
483,3,1-4,adjust,0.02060034395464437,4.839966802701063e-05,7.168262461921002e-05
483,6,1-5,adjust,0.017440018055906444,0.00014790969451795825,0.00023568818276916662
483,7,1-4,adjust,0.011070946903249928,0.00020468797466281516,8.815317313079226e-05
483,8,1-5,adjust,0.018574655410392205,2.1776662966827557e-05,0.0003460146489053292
483,9,1-5,adjust,0.009135343337446528,0.0004948475733842811,0.00011945798171568964
484,2,1-7,adjust,0.014089531339103489,-0.0003078798322945829,2.249079128203126e-05
484,3,1-7,adjust,0.003949389680426877,-0.0004901751900530536,0.0003906771207647537
484,4,1-7,adjust,-0.0035431465331789303,0.0001638874416025694,0.0005148231193105211
484,5,1-7,adjust,0.019955504630054986,0.0001284356328823339,0.00014423054637244853
484,6,1-7,adjust,0.013953019775637334,0.00025993215052417797,0.0003253833861553812
484,9,1-8,adjust,-0.0005079820751676902,6.746382377905783e-05,0.0002728513647422267
485,2,1-4,adjust,-0.006998134707456993,0.00044980759860260356,0.0007709546683860609
485,3,1-5,adjust,0.001277416223751238,0.0004314811633840528,4.2638679254478836e-05
485,6,1-5,adjust,0.015536652634299594,-8.170880800064978e-05,0.00021630002050931086
485,7,1-4,adjust,-0.012469196125512928,0.00015003473384610005,2.45393076141215e-05
485,8,1-5,adjust,0.022195285562647972,0.0002877450373603172,0.0004485784184350706
485,9,1-5,adjust,0.004254201096230002,6.411652234851169e-05,0.0001002712959291875
486,2,1-7,adjust,0.0008324778283389652,-0.00029262782022039345,0.0009393078888616204
486,3,1-7,adjust,-0.00670997670599947,-0.0002870842237775395,0.000707845285131428
486,4,1-7,adjust,-0.019421471220171873,-0.00017341980047925866,0.0007182327047989386
486,5,1-7,adjust,-0.0435823468605981,-0.0002934037385060043,7.886477982303469e-05
486,6,1-7,adjust,-0.017201540581691595,-2.0111931490021687e-05,0.0004501528980997227
486,9,1-8,adjust,0.0009223494457720222,0.00025156476998588735,0.00047805383733852755
487,2,1-4,adjust,0.0009353310102662222,-0.00020106071674656924,0.00044488691488883464
487,3,1-4,adjust,-0.012968659770816508,-4.052955379853572e-05,9.634014684467276e-05
487,6,1-5,adjust,-0.01042415917737888,2.9465832622451566e-05,0.00018242728540977877
487,7,1-5,adjust,-0.019674386562123,0.00011204309135055465,0.00045829781912181105
487,8,1-5,adjust,-0.012907213947765337,0.000261323060496883,0.0002838079762131776
487,9,1-5,adjust,-0.011742923352351171,-0.00037322907003095737,0.00020127482637415765
488,2,1-7,adjust,-0.012647425863002984,0.00027606137573963957,0.0002521261089025479
488,3,1-7,adjust,0.010707536276258752,3.1887875392923746e-05,0.000126159393078924
488,4,1-7,adjust,-0.09533179929479954,-3.522325512666951e-06,0.0008683494805267084
488,5,1-7,adjust,0.015003019868851908,8.089810000811397e-05,0.0003624851002718652
488,6,1-7,adjust,-0.024430381178394484,-3.500527907443772e-06,0.0004106013549904268
488,9,1-8,adjust,0.0151823056990591,0.00016805508996435263,0.00046970875304871025
489,2,1-4,adjust,-0.022059947399368295,0.00022672918103927448,0.0009026963348984028
489,3,1-4,adjust,-0.030648219377577238,0.0003460774111134786,0.0008601782222781998
489,6,1-5,adjust,0.00020675664636781138,-2.6005792236961115e-05,0.0009971531726846903
489,7,1-5,adjust,-0.007750862930309904,0.00023662212570616558,0.00048275696966785625
489,8,1-5,adjust,0.012515956823096775,-4.2875693574797453e-05,0.000842991421467331
489,9,1-5,adjust,0.0002937199546086792,-0.0003391752119912668,3.125710206672025e-05
490,2,1-7,adjust,-0.0002795309822965018,0.00012313713560270896,8.078727588511958e-05
490,3,1-7,adjust,-0.039259529561241534,8.592793484579858e-05,0.0004574362986533435
490,4,1-7,adjust,-0.00862248395418441,2.935893220904479e-05,0.0004701438150813231
490,5,1-7,adjust,-0.014798507741503411,0.00035874817824118005,0.00044522061766785704
490,6,1-7,adjust,-0.02301928949234675,-0.00013622370931757003,0.0004938105150109354
490,9,1-8,adjust,0.007214982570512786,0.00027743595061586004,0.00015497583940663045
491,2,1-4,adjust,-0.00571911337683167,0.0006540170996151489,0.0013571263938064394
491,3,1-4,adjust,0.0062569722054411905,0.00022047928079919622,0.000973810119505309
491,6,1-5,adjust,0.021596280104194832,0.00019618947115418626,0.001398011783558384
491,7,1-5,adjust,0.007125270548871767,-0.00026552907211500865,0.00025569120831413065
491,8,1-5,adjust,0.0029407566980539407,-0.00010906859566547477,1.844637972245039e-05
491,9,1-5,adjust,0.003331923159403913,0.00036213697143956924,0.0008101662678439906
492,2,1-7,adjust,0.019298908105716345,-0.00048289787479745825,5.631864496752748e-05
492,3,1-7,adjust,0.03239902874631018,-0.0003273261618852493,0.0001304119880572998
492,4,1-7,adjust,0.07587478182218882,9.034446127449794e-05,0.0002565057876322224
492,5,1-7,adjust,-0.019751639101421168,-0.00017056359368372486,1.448863396200849e-05
492,6,1-7,adjust,-0.025227107229900143,-0.0005660140640510625,0.0004088335071311844
492,9,1-8,adjust,0.0032125099474638536,3.5143566041229986e-05,0.0004369479283823621
493,2,1-4,adjust,-0.006058455921499546,-0.00023042657316516457,0.000739018655417049
493,3,1-4,adjust,0.005133044452799465,-0.00034880471630360186,0.00032227090807926623
493,6,1-5,adjust,0.02762807741169622,5.404714499360682e-05,0.00010156440721100044
493,7,1-5,adjust,0.0003393468483894779,-2.1769059164193036e-05,0.00033500788626011587
493,8,1-5,adjust,-0.000734082070306397,0.0002609442364486757,0.000365768679702211
493,9,1-5,adjust,0.003410149542085922,0.00019246052510663115,0.0003238074114571242
494,2,1-7,adjust,0.0030606093139362352,0.000272457168793228,4.5363942699759914e-05
494,3,1-7,adjust,-0.01634450433083573,8.503034878529686e-05,0.00038310863910620975
494,4,1-7,adjust,-0.0030956134722788667,2.3211548763272215e-05,0.0001845399203388743
494,5,1-7,adjust,0.006424445119264735,-0.00013551008496082376,0.0003109109484984167
494,6,1-7,adjust,-0.00915827099646878,-2.4968498068397597e-05,0.00043065256497980736
494,9,1-8,adjust,-0.016388831655359478,-0.0004875454970575922,0.00032644230599197354
495,2,1-4,adjust,0.009635931075244276,-0.0005704840506821406,0.00044845620067155903
495,3,1-4,adjust,0.004706880030015544,0.0002536639381318441,0.00034446332766074726
495,6,1-5,adjust,-0.0006644152485938324,0.00021038060671736716,0.00010854868983784094
495,7,1-5,adjust,-0.018146792045421245,-9.637943544832787e-05,0.00021818382846677613
495,8,1-5,adjust,-0.009205550468807182,0.00024644811441970464,0.00017734615129133487
495,9,1-5,adjust,0.017334761180278296,-8.897304945436172e-05,2.9503173925730923e-05
496,2,1-7,adjust,0.011009552306412347,-0.00011979614654897599,0.00016910040988827492
496,3,1-7,adjust,0.020485990346199134,-9.747664384432939e-05,0.0004299086938245969
496,4,1-7,adjust,-0.04161311014265138,-0.0002540518750589651,8.542610433070991e-06
496,5,1-7,adjust,-0.03128388552958239,-1.2465185058115655e-06,0.00022919674088298255
496,6,1-7,adjust,-0.02098034897621981,-0.000141218985193899,0.0007292386627999499
496,9,1-8,adjust,-0.0057718476892019395,0.00015047038902592182,0.0005609042778868758
497,2,1-4,adjust,-0.006044994032037962,0.0006734800778187934,0.00034994851975052516
497,3,1-4,adjust,-0.018365930557968944,-0.0001271496074100448,0.00018156573319770024
497,6,1-5,adjust,-0.015625273323436908,-0.0002038147712977624,2.5769068228885978e-05
497,7,1-5,adjust,0.014666603956430843,-0.00016366837834136855,0.0009693847977708486
497,8,1-5,adjust,-0.0235221092132513,-0.0006626384791085688,0.0005231671688732983
497,9,1-5,adjust,-0.012415509958582184,9.321706380177745e-05,0.0001327750645248588
498,2,1-7,adjust,-0.022356095907174044,-0.00017233911511396795,0.0005755522393789362
498,3,1-7,adjust,0.01955809727827434,0.0001912734585195962,8.39949277848285e-05
498,4,1-7,adjust,0.004090601870000188,-4.9306941919208536e-05,0.00013446824377398063
498,5,1-7,adjust,0.01922990723283201,0.00027363764510460653,0.0005222858899008761
498,6,1-7,adjust,0.0011202762636822212,-0.00018978534400937338,0.00010100527618246371
498,9,1-8,adjust,-0.006725468530929626,1.994574767204675e-05,0.00043408289996424296
499,2,1-4,adjust,0.012003763300190737,-0.00018300836686387413,0.00012872212515062045
499,3,1-4,adjust,-0.013990503809143212,-0.00014266861497356034,0.00024107973888086743
499,6,1-5,adjust,0.014350842887014284,0.00024628898949027525,0.0007611160546982358
499,7,1-5,adjust,0.013628329049666814,-0.00010585662560903945,0.0005237067076944597
499,8,1-5,adjust,0.05874399662317326,6.668735116997473e-05,0.0011043635783921527
499,9,1-5,adjust,-0.0026255187327001088,-1.9284698047510555e-05,0.0004896129854838559
500,2,1-7,adjust,0.004160063532347627,-0.0002577172779129781,0.0005137410321097906
500,3,1-7,adjust,0.02329318053188175,-0.000245924383492146,4.613835420664923e-05
500,4,1-7,adjust,0.02373035036056943,-0.0002658125878861024,0.0005528444086872112
500,5,1-7,adjust,0.02883603679457092,-3.3655916243741583e-06,0.0007805580272577823
500,6,1-7,adjust,0.0142249367758056,-0.000432203580819982,0.000258292348888996
500,9,1-8,adjust,0.009369046985517488,0.00010515385170589833,0.0004450287195198626
501,2,1-4,adjust,0.006401956031453208,-0.00015543862582800748,0.00021848984476334704
501,3,1-5,adjust,-0.006163421090956685,0.0003270322186261848,2.5274079698771158e-05
501,6,1-5,adjust,0.013693485800276219,0.0003016131734325352,0.00038936977235298314
501,7,1-5,adjust,0.0005935031195472183,0.0002933846668543998,0.0005217699525635281
501,8,1-5,adjust,-0.026566925994339442,0.00026360135459891536,0.0001482914474107787
501,9,1-5,adjust,0.019457053952384933,0.00023582895543429683,0.0012742894365045973
502,2,1-7,adjust,-0.005819162779268981,0.0002850732643469997,0.00014231698318715967
502,3,1-7,adjust,0.01768457168186401,-0.0003326783081419161,0.00029541445532535546
502,4,1-7,adjust,0.024506507759002115,0.00014086861780823872,0.0001428063685225291
502,5,1-7,adjust,0.0032297607240256584,-0.0001265942166384989,0.00020358051336614294
502,6,1-7,adjust,0.017291261604027386,0.00027279135366029927,0.0001421584138163309
502,9,1-8,adjust,-0.004145119592568963,-0.00014833139296119256,0.0006771709504619405
503,2,1-4,adjust,0.003643685413273635,-3.2221474005458492e-06,0.00022684005251466223
503,3,1-4,adjust,-0.012200554768956417,0.00018615066766062153,0.00023042453052826513
503,6,1-5,adjust,0.013953399231651823,3.8221751381140974e-05,0.0010878377490528542
503,7,1-5,adjust,0.008043524387588107,0.0003470289525798953,0.0009891664043287626
503,8,1-5,adjust,-0.024333395794125523,0.0001292459768846818,0.00019515021144000244
503,9,1-5,adjust,-0.009066734768653203,0.00018712530891616075,0.000549321263939478
504,2,1-7,adjust,0.013856753945636128,-1.7114881603069958e-05,0.0004214585649417733
504,3,1-7,adjust,0.0076398995403183225,-5.754835381827002e-05,0.0005658602102602944
504,4,1-7,adjust,-0.019845211860127075,0.00018463735076889557,0.0002661537089211127
504,5,1-7,adjust,-0.014338700645077286,-9.55946584835469e-05,0.0008615325905672718
504,6,1-7,adjust,0.002286068569800786,0.00020647400339130528,4.44716595089136e-05
504,9,1-8,adjust,-0.0107331165141648,-0.0004389688483779493,0.0002938601127318802
505,2,1-4,adjust,-0.007967849468282402,0.0003427735702690131,0.0004442272599099376
505,3,1-4,adjust,-0.020278052376623397,-0.00010210155525174206,4.49661627514795e-05
505,6,1-5,adjust,-0.01299873012108917,0.00012564644779458186,0.0009492367978585445
505,7,1-5,adjust,0.0004882976195641383,6.397942465910675e-05,0.000530497558589603
505,8,1-5,adjust,-0.0022386436851025713,-0.00030310473058738123,0.00023321341007718173
505,9,1-5,adjust,0.023802335966334874,0.00023400593984632722,0.000516892728505245
506,2,1-7,adjust,-0.015783358313268953,0.00015255132033422498,0.00045318889766019264
506,3,1-7,adjust,0.0033582114852669133,0.00021822720025816263,0.00022114542128716174
506,4,1-7,adjust,0.013668083499222689,0.00010249468306999542,0.0002922088698875966
506,5,1-7,adjust,-0.012800871559137731,-3.925572349835902e-06,0.00030929308205899825
506,6,1-7,adjust,-0.023168016855227024,-0.00041352649593733547,0.00018671986206456533
506,9,1-8,adjust,-0.007533269850383154,-0.00030357258303735657,0.00010674530586820406
507,2,1-4,adjust,0.006876186003786921,-0.000349948192447146,0.00040977210829796893
507,3,1-4,adjust,-0.010863571355240088,2.37624566763796e-07,0.0001387773205292733
507,6,1-5,adjust,-0.0025417550119391885,0.0004359110786518286,9.496501652621412e-05
507,7,1-4,adjust,0.0089602089530649,-0.0003402791228745738,8.757551918180611e-06
507,8,1-5,adjust,0.013473509405024908,-0.00026359316598653404,5.666625798023814e-05
507,9,1-5,adjust,0.0021279375376141688,0.00017941197994198466,0.0009529128041106305
508,2,1-7,adjust,-0.018525909589381974,0.00029395060201960454,0.0004440261378458662
508,3,1-7,adjust,0.00872062852691192,0.00029487214400594313,0.0002930011003893173
508,4,1-7,adjust,0.024552059850281107,-0.00025881598017198917,8.535563731819826e-06
508,5,1-7,adjust,-0.030924508900710846,-0.00015180609450743312,0.00010660167066800738
508,6,1-7,adjust,0.012557661369703627,-0.0001965621606811278,0.0001118163976550077
508,9,1-8,adjust,-0.011291766358838332,-0.00024804592527180125,0.0004925147976702377
509,2,1-4,adjust,0.008572342753989612,-0.00016691210273424084,0.0002582525105552397
509,3,1-4,adjust,0.015125815376047439,-0.00036876468372476815,0.0006372045271658404
509,6,1-5,adjust,-0.01717996439864696,9.120104736399223e-05,0.0004179796516766382
509,7,1-5,adjust,-0.02687210472018143,0.0002644435697657942,7.476876011249215e-05
509,8,1-5,adjust,-0.012254424398330913,0.000264532299409889,0.00011662413777672101
509,9,1-5,adjust,0.010101075903143537,0.0002551018799849916,0.0006657684416447745
510,2,1-7,adjust,0.02221486181869784,-0.0001789318474946335,0.00029397779922289664
510,3,1-7,adjust,-0.011356082986206426,-3.8020576133778894e-05,0.0002505497172276517
510,4,1-7,adjust,-0.014587604522526425,0.0003072871260955783,0.00022576679810231478
510,5,1-7,adjust,-0.004691039531831353,5.275782872671585e-05,4.596793964418264e-05
510,6,1-7,adjust,-0.0005485535517908456,7.201377484952634e-05,0.00040120915874755094
510,9,1-8,adjust,-0.0019852109323720483,-0.00034020419509036117,0.000816763728543607
511,2,1-4,adjust,-0.004404302085670647,-0.00037835249330049793,0.0005965146128004366
511,3,1-4,adjust,-0.0006206690221400455,0.00011318802876580041,0.0007173951343100076
511,6,1-5,adjust,-0.009064409306833006,-0.0004980561545103419,0.000615912709768855
511,7,1-5,adjust,0.009168456753669809,-0.00029666800793392716,0.0002382638778379068
511,8,1-5,adjust,-0.005849190545624804,-0.00044161975656837373,0.00027602198664515966
511,9,1-5,adjust,-0.018654820313846344,-0.0003434329697665535,0.0005466089398958636
512,2,1-7,adjust,-0.00528101240481976,0.0002659305324894468,0.0007039142442443959
512,3,1-7,adjust,0.003993760458719978,0.00043197796418108556,0.0010683208983803445
512,4,1-7,adjust,0.002125773164726696,0.0002270186211084127,0.0006301382645243469
512,5,1-7,adjust,0.012992660492542399,-4.62455642407247e-05,0.00021765362454532293
512,6,1-7,adjust,0.023801181176923585,0.0001994472008272741,1.9290500941519487e-05
512,9,1-8,adjust,-0.005253216964261506,-0.00024112828774895922,0.0005822880317004355
513,2,1-4,adjust,-0.011605861720815541,0.00031466018710541517,0.0004144468772388729
513,3,1-4,adjust,0.0027745239083091394,-0.000260076234203055,0.00035815067961849777
513,6,1-5,adjust,-0.026104435605452333,0.0005941911883208629,0.0005615925500622928
513,7,1-5,adjust,-0.008400688258473505,-0.00045159531736129436,0.0005975762516659172
513,8,1-5,adjust,0.008631824849365796,-7.742250187257193e-05,0.0005318103046113127
513,9,1-5,adjust,0.007443243400241434,0.0006214607197835565,8.599236301331687e-05
514,2,1-7,adjust,0.00014145840798290558,-0.00011998273279114622,0.000387664708508699
514,3,1-7,adjust,0.0012723428897101188,-6.222491947885688e-05,0.00014110378198364066
514,4,1-7,adjust,0.01371174798419176,-0.0002933789434352088,0.00029819236139474304
514,5,1-7,adjust,0.017329322658754993,-1.8104493676910103e-05,0.0002818085980909593
514,6,1-7,adjust,0.01573124409658696,-0.0002281707014299823,0.0002386024867829064
514,9,1-8,adjust,-0.011625953806567776,-0.00035668663606427904,0.00017017486567683283
515,2,1-4,adjust,0.019600140628328634,-0.00034306388413332304,0.0009909686330343375
515,3,1-4,adjust,0.006233650857746078,-0.00022530253832401002,0.0003512952308635224
515,6,1-5,adjust,0.0008556876727124382,-0.0004183791916297366,0.0002218249302362652
515,7,1-5,adjust,-0.014638092627664129,0.000274686739145445,0.0002045723361156367
515,8,1-5,adjust,-0.031227106165475367,-0.0003160207992363233,0.0007387871682423788
515,9,1-5,adjust,0.004188872419285633,0.00018514989311367588,0.000246139512094348
516,2,1-7,adjust,0.006245640143274049,-1.3099753145077507e-05,0.00046167498068150977
516,3,1-7,adjust,0.0003741556233529085,1.2340300126147642e-05,0.00035744966335094934
516,4,1-7,adjust,-0.007056950975450608,0.00015102544724663168,0.0011370005933974592
516,5,1-7,adjust,-0.002122449242005327,2.303356106054721e-06,0.0011574306135488136
516,6,1-7,adjust,-0.011350342752946397,1.7404122612553474e-05,0.0004480255280355268
516,9,1-8,adjust,-0.0106260375933637,-0.00037741721175413057,0.000917412355670305
517,2,1-4,adjust,-0.0028967945246648375,6.676630666548877e-05,0.0006473441788486088
517,3,1-4,adjust,-0.0030941308313128905,-6.299823809413494e-05,0.00013317024470141297
517,6,1-5,adjust,0.004424728257814516,0.00025752391238395854,0.0004275290469267515
517,7,1-5,adjust,0.007283491286824747,0.0003201286461230235,0.00017868701679725688
517,8,1-5,adjust,0.013865097328817662,0.0003228510339481794,0.00012036104681239769
517,9,1-5,adjust,0.01568568529203569,4.640429517777077e-05,0.0008330277800785483
518,2,1-7,adjust,-0.012775556177466384,0.00019913379011738842,0.001211611707485103
518,3,1-7,adjust,-0.004257839077913614,-6.120663582455418e-07,0.0009112265734949363
518,4,1-7,adjust,-0.008578952107426312,0.0001637528255749413,0.000689701857092094
518,5,1-7,adjust,0.016459476231462985,0.0001833161678177154,0.0005473791781746605
518,6,1-7,adjust,0.0001990179654952894,-0.00020961452267534469,0.0009202490834769111
518,9,1-8,adjust,-0.006729393478486853,-6.3322376283354215e-06,7.301230861139107e-05
519,2,1-4,adjust,0.007625692344749595,-8.035095926747443e-05,0.0004961803440807266
519,3,1-4,adjust,-0.0038793988860294317,0.00013552724556636618,0.0004062653801098715
519,6,1-5,adjust,0.013212295878674523,9.052845817430317e-05,0.00030942491713686687
519,7,1-5,adjust,0.0038162759553381515,0.00012743960811408456,0.0003291048792567862
519,8,1-5,adjust,0.0006778468736815901,0.0004202376682688778,3.9003079353078313e-05
519,9,1-5,adjust,-0.012472351394408067,0.00020714388454255925,0.0005961324652406524
520,2,1-7,adjust,-0.011646829027683147,0.0002636316244450347,0.0005152447239717093
520,3,1-7,adjust,0.003968262705821236,-0.00015906103312347312,0.0003145297173130444
520,4,1-7,adjust,-0.0022874983315040345,0.00017064447969983052,0.0003692983795466498
520,5,1-7,adjust,0.006346777608478472,0.00013532444786016766,4.149883628326843e-05
520,6,1-7,adjust,-0.026449102734167354,-0.0003507142165696397,0.00026608504453761876
520,9,1-8,adjust,0.012486842977257571,-7.322629100763889e-05,0.0008034878993342943
521,2,1-4,adjust,-0.004106161132348801,-0.00027970723712924893,2.1865035540481306e-05
521,3,1-4,adjust,-0.01542637266682056,0.00020158207547496716,0.0005206390506156811
521,6,1-5,adjust,0.028457401971829215,0.00018742016685631004,0.0003824760087061529
521,7,1-5,adjust,-0.015483195538998643,4.51148848226431e-05,0.00019548306542005805
521,8,1-5,adjust,0.013882012182953441,9.888648649697704e-05,0.00025341731108662
521,9,1-5,adjust,0.00022401979877473141,0.000406464598278455,0.0005350735776159911
522,2,1-7,adjust,-0.0018916209274078314,0.00024525352752853503,0.0005369373886542101
522,3,1-7,adjust,-0.017897687107888048,0.00033566097571825315,0.0006054542905854191
522,4,1-7,adjust,-0.015507793624065952,-1.2041480997093894e-05,8.109600943356906e-05
522,5,1-7,adjust,-0.021046882414234674,-0.0005164281615499341,0.0003198276197688561
522,6,1-7,adjust,-0.01619780348568728,0.00019948865589149191,0.00037940070829746436
522,9,1-8,adjust,-0.0017591113745615253,-8.975213566383133e-05,7.681395124007024e-05
523,2,1-4,adjust,-0.0011888262020125827,-0.00020554545094806888,0.00014463326497541715
523,3,1-4,adjust,0.004549881706251611,0.00012988965281303215,0.00010993071315430992
523,6,1-5,adjust,0.008675509954378708,6.203019929975061e-05,0.0003483959975035888
523,7,1-5,adjust,-0.005149678049733507,-0.0002039973396445966,0.000663708392468148
523,8,1-5,adjust,-0.004958158569483647,0.00015537186898844716,0.00016350416418998206
523,9,1-5,adjust,-0.006872462676376988,-0.0003296891256890448,0.0014015480698882728
524,2,1-7,adjust,-0.0015273295771518467,2.0784541514837616e-05,5.8863075705402486e-05
524,3,1-7,adjust,0.022608243643580227,-0.00015044848518081173,0.00018306512527197774
524,4,1-7,adjust,-0.03641625537341388,8.151624794995176e-05,8.521661039603429e-05
524,5,1-7,adjust,-0.015228971991478686,0.00013629971535296113,0.0006573581916500289
524,6,1-7,adjust,-0.023702287164878776,-0.00022391252774007627,1.8967307845492204e-05
524,9,1-8,adjust,0.014558182536036504,0.00035613034422561635,0.0005562148482589648
525,2,1-4,adjust,-0.0022540252929121847,0.0004432086782708244,0.0005929093373839073
525,3,1-4,adjust,-0.021691173786270713,0.00028759390286813155,0.0008283925600629363
525,6,1-5,adjust,0.0010524088159262284,9.440990500231896e-05,3.0129334075820443e-05
525,7,1-5,adjust,-0.014637475820018191,0.00015419673425027042,0.00048506321487347485
525,8,1-5,adjust,-0.014151228251913055,-0.0003017772935746717,0.0004632694038799898
525,9,1-5,adjust,-0.008363149850696009,-0.00012335730092233037,0.0005093591535110433
526,2,1-7,adjust,0.0007722758012658392,-0.00019345080706706123,1.4597516454470064e-05
526,3,1-7,adjust,-0.024903394601191342,0.00014148072567066818,0.0006779192361050936
526,4,1-7,adjust,0.00867398486660197,-1.0064452294683335e-05,0.0001566558695705006
526,5,1-7,adjust,-0.0012357178784383523,0.00039479138636409677,0.0008853870375655186
526,6,1-7,adjust,-0.02300104916829724,-0.0003199947775865492,0.00017932462124395392
526,9,1-8,adjust,0.002083444224382456,-2.2328210569401603e-05,0.0004354896682743176
527,2,1-4,adjust,-0.015455631375842351,8.292842197316328e-05,0.0002685208683193238
527,3,1-4,adjust,-0.00617127074404726,9.43146982211554e-05,0.00012954915134790712
527,6,1-5,adjust,0.018342038761826444,-1.1551881327329603e-05,0.0006090954899574752
527,7,1-5,adjust,0.011932063923844051,-0.0003433601801156764,0.0006126138093868482
527,8,1-5,adjust,-0.0010638824166605138,0.00021385101940511966,0.0005761268369683204
527,9,1-5,adjust,-0.00999736645519156,-8.441655147174369e-05,0.0008304315391250328
528,2,1-7,adjust,0.020045547418654594,3.0544310146031946e-06,6.580180049505783e-05
528,3,1-7,adjust,0.00039572022334491874,-0.00037414213070319886,0.00019866047873895906
528,4,1-7,adjust,0.009568370375938271,-0.00033166156897105627,7.866144490050187e-05
528,5,1-7,adjust,0.02768593617851789,0.0002053015325936839,0.0005988004143742921
528,6,1-7,adjust,-0.005883799914240215,-2.8963233271705687e-05,9.147222743555498e-05
528,9,1-8,adjust,0.0032649551921834345,-0.00023071655337849866,0.0004052513605342082
529,2,1-4,adjust,-0.008075401052822567,0.0002809292971131677,0.0006752165810031859
529,3,1-4,adjust,0.01746033165943083,0.00014229813276840154,7.318303309493347e-05
529,6,1-5,adjust,0.025985624372933867,-0.0002815581357121137,3.623818737850021e-06
529,7,1-5,adjust,0.06056946417138255,-0.0001228856996324023,0.0005780373543554954
529,8,1-5,adjust,0.046627384325405606,0.00031598474711839753,0.0008329933270697718
529,9,1-5,adjust,0.01363144435809966,0.00042545317877514097,0.0003329826047690687
530,2,1-7,adjust,0.009751888257788673,-0.00044963994768413185,0.0011797828511635152
530,3,1-7,adjust,0.02109923551151697,-0.0004000434984089743,0.0008772901376281925
530,4,1-7,adjust,0.03821112188477969,-0.0001698532388831906,0.00034766717310969353
530,5,1-7,adjust,0.03194643213498428,-0.0007482943888335196,0.0006137925281148957
530,6,1-7,adjust,0.023818717553889774,4.515515954547915e-05,0.0012430312975149418
530,9,1-8,adjust,0.016715835825974787,0.00041426614422761,0.0009135579595985738
531,2,1-4,adjust,0.00998199573446878,0.0003291553550461283,7.599487754310893e-05
531,3,1-4,adjust,0.012470496024288583,3.172026279463173e-05,0.001353989934729698
531,6,1-5,adjust,0.011747190459763277,-1.1956251652747852e-05,1.2000573746249328e-05
531,7,1-5,adjust,-0.021737582985039527,0.0003044577194777889,0.0006194446220656897
531,8,1-5,adjust,-0.006644501664683564,0.00015939336910746312,4.4900942310395803e-05
531,9,1-5,adjust,-0.023916289747181407,-0.0006750193979078192,0.0011226616447484422
532,2,1-7,adjust,0.01396930666322936,-0.0003948281556086657,0.00040558265268909784
532,3,1-7,adjust,-0.031739440771101024,0.00011798350383190111,0.00018272267889877687
532,4,1-7,adjust,-0.007519453801481865,0.0002202091412978344,0.00026898110609820586
532,5,1-7,adjust,0.0062000502599840225,0.0002678080558108578,0.0007314031169605283
532,6,1-7,adjust,-0.006979640861827998,0.0006038314970561906,0.000691140683306932
532,9,1-8,adjust,0.015740684988449643,0.0004986785810891542,0.0005979952843624132
533,2,1-4,adjust,-0.014979303677081215,-0.0001589094771606895,0.00037760055257011907
533,3,1-4,adjust,0.0013776592122217298,-3.273802184122603e-05,0.0003636078926444234
533,6,1-5,adjust,0.012994351972961461,0.00016140284219000529,0.00020431318943018187
533,7,1-4,adjust,0.02287713642817139,4.8710756308567944e-05,3.202968612052172e-05
533,8,1-5,adjust,-0.0011296986296454434,-0.0005344058472881654,0.0008970208360429988
533,9,1-5,adjust,-0.00967981467868012,-0.00020051841330749978,0.0006005492913733655
534,2,1-7,adjust,0.008085595402376217,9.090016851831969e-05,0.0003257009076789784
534,3,1-7,adjust,0.035705599787733765,-7.98921376653573e-05,0.00026892727619875
534,4,1-7,adjust,-0.0036857061106924374,8.622865725571887e-05,0.0002938270613355279
534,5,1-7,adjust,-0.010279814443599369,-2.3164217964873496e-06,0.0006363442293302692
534,6,1-7,adjust,0.0012644258398381396,-0.0001694600888504808,8.950338283761662e-06
534,9,1-8,adjust,0.005858897186250728,-0.00021429055326936187,0.0005821826599984482
535,2,1-4,adjust,-0.020625254585989048,-0.0002583717785171356,0.00011891875575257714
535,3,1-4,adjust,-0.006199336199081616,-0.00013372866493451674,0.0007709563709364566
535,6,1-5,adjust,-6.443385306602694e-05,-0.0004291437222391106,0.0005132781534001531
535,7,1-5,adjust,-0.02289992630438769,-0.00016138008569119782,9.626726858796906e-05
535,8,1-5,adjust,0.01565439913308695,0.00026375450039427793,0.000454910334368359
535,9,1-5,adjust,0.0035656177615403487,-6.587376132951794e-05,0.0004830049110259207
536,2,1-7,adjust,-0.001856106256082616,5.3475520224762254e-05,0.00043011140789654434
536,3,1-7,adjust,-0.002988088039559523,3.780275328081565e-06,0.0007126602692726705
536,4,1-7,adjust,0.04563771523483535,0.00017949006734607328,0.00034569873309206337
536,5,1-7,adjust,0.01438834680597292,0.00041497128445769317,0.0004920890789155532
536,6,1-7,adjust,-0.003031492651075838,0.00012230281007898975,0.00022490454407572672
536,9,1-8,adjust,0.00953259183844753,7.939687606504764e-05,0.00055019519438257
537,2,1-4,adjust,0.005531069142148425,0.0005663524917397675,0.00010245601170040328
537,3,1-4,adjust,-0.002143451925170541,-2.482048921987668e-05,9.757641511803163e-05
537,6,1-5,adjust,0.003789663324831549,0.00017403960364516553,0.0005558528788891968
537,7,1-5,adjust,0.011598653737234744,0.00057342665414368,0.0004954941207551329
537,8,1-5,adjust,-0.0020346250057375957,9.857376437816694e-05,0.0004888912381231279
537,9,1-5,adjust,0.0018575167670179386,4.249735517047259e-05,0.0004014219045955318
538,2,1-7,adjust,-0.005001280220214084,0.0003344355167190842,6.699535207360274e-05
538,3,1-7,adjust,-0.011259306133975158,-8.349621671814854e-06,5.351434059231929e-05
538,4,1-7,adjust,-0.05001425051150853,-9.712300442518541e-05,0.0002801042860556505
538,5,1-7,adjust,-0.07171347785102042,-0.0008077341390005443,0.0006011259801024324
538,6,1-7,adjust,-0.009892066040714522,-0.00010313971631284872,0.00037201017633105814
538,9,1-8,adjust,0.008033715455701087,0.00019945497083741616,0.0006263102785151259
539,2,1-4,adjust,0.001194844491871605,-0.00016002995412506767,0.0008793680270100089
539,3,1-4,adjust,-0.005397452699141772,0.00020307480396158776,0.0006545450736644651
539,6,1-5,adjust,-0.042748283317111224,-4.94956203092423e-05,0.0002657550587842869
539,7,1-5,adjust,-0.022512530060083545,-0.0004640199455131402,0.0006509766934648662
539,8,1-5,adjust,-0.022623902521604997,-0.0007364314060402427,0.0007360022274743764
539,9,1-5,adjust,-0.02978111633468616,-0.0002525173910499406,0.0001276620278775494
540,2,1-7,adjust,-0.008027392283216587,-0.0002468018477859556,0.00033317522753946455
540,3,1-7,adjust,0.025505233056513404,-0.00021274642481203108,0.0004811551174545709
540,4,1-7,adjust,0.004708123819311057,-0.00039042443538851913,0.00015094801930310616
540,5,1-7,adjust,0.017052510842169428,0.0002793854615821448,0.0006405063668803789
540,6,1-7,adjust,0.012792177563177787,-9.463580167132713e-05,0.0004194633006811581
540,9,1-8,adjust,0.002267574405178317,-0.00027283987817600103,0.00021298734022322902
541,2,1-4,adjust,0.00671465648153031,-0.00011546620733527992,6.955198402568345e-05
541,3,1-4,adjust,-0.0015970023353774915,4.0519461137909e-05,0.00014882038051894456
541,6,1-5,adjust,0.008452145888327468,-0.0003858719399432305,6.6456532108711e-05
541,7,1-5,adjust,0.0024522760652534955,-0.00043982706638785756,7.521607568280486e-05
541,8,1-5,adjust,-0.014397671049522727,0.000475302462310811,0.0003061984268858959
541,9,1-5,adjust,-0.0013149770851340367,-0.0001864086330766489,0.0004763584578449225
542,2,1-7,adjust,0.0032978940383610123,-0.00027471886835924385,0.00039431074126106765
542,3,1-7,adjust,0.008228628561473533,7.245578687568495e-05,0.0001221137406224997
542,4,1-7,adjust,-0.007517181947244621,-0.0004980560961858724,0.00047144659397952083
542,5,1-7,adjust,0.017169897845604173,0.00020896969390438272,0.00033094687311536867
542,6,1-7,adjust,0.007382551791086341,0.00040418497055846083,0.0008724509759995507
542,9,1-8,adjust,-0.0022587264480954665,0.00043153252435006596,0.0002568090204024865
543,2,1-4,adjust,0.011523060438903361,6.387615815250804e-05,6.477405676588588e-05
543,3,1-4,adjust,-0.001233898304549111,-0.0003146139735991586,0.0002030374143616083
543,6,1-5,adjust,-0.0019093848571579875,0.0004965486001925867,0.0012246088719235603
543,7,1-5,adjust,-0.004909032492142246,7.592303594315311e-05,0.000701701496043668
543,8,1-5,adjust,0.0037453980973932307,0.0002678424233169836,0.0006046827472262037
543,9,1-5,adjust,0.01911566999231011,0.000183682883317712,0.0010228402808909408
544,2,1-7,adjust,0.01997418717432682,-0.0004604446321816647,0.00111393192857766
544,3,1-7,adjust,0.037474655433581146,-0.0003075652453149931,0.000725955555276762
544,4,1-7,adjust,0.031495121165029796,-0.0003910743065107825,0.00033845164952746374
544,5,1-7,adjust,-0.000371999774565748,0.00022675918190640722,0.0008236317122793062
544,6,1-7,adjust,0.0006231275958909378,0.0001197046847001804,0.0003507628283991516
544,9,1-8,adjust,-0.0020498099853638635,0.00010955125964468841,0.0006602716425190344
545,2,1-4,adjust,0.006533233120576123,4.504911651868235e-05,0.0011059994603423242
545,3,1-4,adjust,-0.0026892385005168233,-0.00018893643548140645,0.0009410297805089141
545,6,1-5,adjust,0.006060633909475458,-0.0005411051114673566,0.00029356737413508387
545,7,1-5,adjust,0.004464065492119657,0.0002201393649342837,0.0008644271036795744
545,8,1-5,adjust,-0.005541048528871994,-8.346830665145422e-05,0.000605788830628853
545,9,1-5,adjust,-0.007478236940989868,2.9203020759868784e-05,0.0011527743626586963
546,2,1-7,adjust,-0.014924947053004503,0.0003434375525548023,6.535536174477162e-05
546,3,1-7,adjust,-0.017321164853586063,0.00010168958219731218,0.0003217643747545398
546,4,1-7,adjust,-0.022603261198519527,0.00043680317191848887,0.0003833606176565697
546,5,1-7,adjust,-0.004992757990115287,-0.000264340933884632,0.0003096004549844957
546,6,1-7,adjust,-0.017023776490674436,4.2953212487328284e-05,0.00017544472603742454
546,9,1-8,adjust,-0.0012700712064218583,-0.0004032391782986612,0.0005846714211892315
547,2,1-4,adjust,-0.006759751983867951,-0.00016516783032530572,0.00039926846284114425
547,3,1-4,adjust,-0.0030394637683431804,0.0005944058719704843,0.00034090297849603894
547,6,1-5,adjust,-0.004703371018771215,0.00023522951749817877,8.217065343421514e-05
547,7,1-5,adjust,-0.003612533951137315,0.0001814448910063198,0.00036117820679843697
547,8,1-5,adjust,0.006759345758454027,-0.00016972655918893946,0.00040943584342549474
547,9,1-5,adjust,-0.002061761408733134,6.940742702688584e-05,0.0004289400949780139
548,2,1-7,adjust,-0.00687921779346088,0.0003917452703752276,0.00017898783538395228
548,3,1-7,adjust,-0.02427248951285465,0.00012455005132450578,0.0003336409782426694
548,4,1-7,adjust,-0.033770804561797166,6.287542976464409e-05,1.1059642758833188e-05
548,5,1-7,adjust,-0.022233794721322805,-0.00015685791427258062,0.00017360567981363693
548,6,1-7,adjust,0.006739756839675243,0.0001828258124418412,0.00040468289242301614
548,9,1-8,adjust,-0.0035979157619496294,0.00019007836503892256,0.00019091760453085382
549,2,1-4,adjust,0.007360851990695379,8.187101599928014e-05,2.3520128711751213e-05
549,3,1-5,adjust,-0.010699560600473935,-0.00013137831748922136,3.401232801387363e-05
549,6,1-5,adjust,-0.007916285890825298,-0.00017950521697633382,7.940674602823051e-06
549,7,1-5,adjust,0.003953626204642108,-0.0001086411509427369,0.0007185379811719018
549,8,1-5,adjust,-0.0014831993141422536,-0.00029976238122597816,0.00025977630302721587
549,9,1-5,adjust,-0.0008476799489882298,8.49993856436827e-05,3.223092900953067e-05
550,2,1-7,adjust,-0.0033763647536957596,-0.00017201117872470338,0.00015685207697972405
550,3,1-7,adjust,-2.1835231018379387e-05,-7.41743864324192e-05,0.00042663598858190636
550,4,1-7,adjust,-0.01127731426582774,0.0003085472768794231,0.0006660452015248347
550,5,1-7,adjust,-0.0043994628753049715,-0.00039040103869571283,0.0001038466341241054
550,6,1-7,adjust,-0.008216789174387954,-0.000241441923250974,9.030313529421423e-05
550,9,1-8,adjust,-0.0027816730341031935,-0.0004315713754080443,0.0007281189082826602
551,2,1-4,adjust,-0.011343160440611991,5.2268349326558906e-05,0.0006556334861901505
551,3,1-4,adjust,-0.0035063181695269056,0.00022972314679311397,0.0011197190982824906
551,6,1-5,adjust,-0.018018921007437246,-0.00018518302729442896,0.0005769318976148169
551,7,1-5,adjust,-0.022158547372913708,-0.00013643463862238393,0.0005656068188364006
551,8,1-5,adjust,-0.012403776823841002,-0.00032806423785081834,0.0007650632921693498
551,9,1-5,adjust,-0.010075785054985114,-0.00015707409532222626,0.0007385731744826026
552,2,1-7,adjust,0.012780948741795913,-0.0001407822974706168,0.000572966309152559
552,3,1-7,adjust,0.015605784105018745,-9.42312682441864e-05,0.0002537139233802803
552,4,1-7,adjust,0.03427221072531278,-9.224435834178875e-06,0.00010384588174973091
552,5,1-7,adjust,0.015771445142230885,-7.478210533973536e-07,0.0008569744016413212
552,6,1-7,adjust,-0.010665271283580125,-0.00018226678679400348,2.974381949424874e-06
552,9,1-8,adjust,-0.004144518767166342,-9.30517828661935e-05,0.0005002009209531045
553,2,1-4,adjust,-0.0013480989062742725,0.0003395631306069816,0.0007664413978997351
553,3,1-4,adjust,-0.007438544423297621,-0.0003946051032747288,0.00028425051729372906
553,6,1-5,adjust,0.014385842371655815,0.00027084096605526487,0.0001776727209617553
553,7,1-5,adjust,0.0024400665727277574,0.00017730414048824323,0.0002080592953552878
553,8,1-5,adjust,-0.019324097241053953,-0.000389149312933821,0.00029698788289779727
553,9,1-5,adjust,-0.004233210409427874,-0.00014970718026754266,0.00042598744181211463
554,2,1-7,adjust,-0.007146852695590023,-0.00013721708616228808,0.0005941981739494583
554,3,1-7,adjust,0.012634248550361047,-6.120922243716172e-05,0.0011557188515392395
554,4,1-7,adjust,-0.016066654737489163,3.7234542474200044e-05,0.000775998100701036
554,5,1-7,adjust,0.007201840145043331,0.0003738470183676986,0.000646191731302219
554,6,1-7,adjust,0.011828655846246849,0.00024000911992423017,9.422697649656739e-05
554,9,1-8,adjust,-0.0018310491432952604,-2.5998242278677552e-05,0.000822001467739748
555,2,1-4,adjust,-0.006274437161643006,5.9335763288296867e-05,0.0006175011275762105
555,3,1-4,adjust,-0.014985909510816043,0.000412120405917798,0.000681275965111105
555,6,1-5,adjust,0.006733912278902259,2.891638188656833e-05,0.00010805653163916905
555,7,1-5,adjust,0.011720173256954755,-9.729165923707086e-05,0.0004933812885808159
555,8,1-5,adjust,0.008957976647988572,0.0005798834964046331,0.0002776235026661254
555,9,1-5,adjust,0.01846277990938003,0.0005285427142002328,1.3244237318115111e-05
556,2,1-7,adjust,0.01015160067303823,-0.00038378674242043925,0.00021784922919754963
556,3,1-7,adjust,0.0394452458256344,-0.0003306377321633643,0.0002633911836033755
556,4,1-7,adjust,0.03364260236559367,0.00019481076899239544,0.0003049874626722734
556,5,1-7,adjust,-0.03556026179191962,-8.056051640829587e-05,0.00021959136761548094
556,6,1-7,adjust,0.0074534812796302604,0.00038732056030649226,0.00022467659645972557
556,9,1-8,adjust,-0.013897599136353692,-0.00011478165871022428,0.0006566042173989353
557,2,1-4,adjust,-0.0075166405200498545,0.00019757594876493683,8.367575563199792e-05
557,3,1-4,adjust,-0.013182454237547072,-0.00018894673096449724,0.00015436667323426198
557,6,1-5,adjust,-0.026308985864886485,9.10608767295751e-05,0.0007551829849558635
557,7,1-5,adjust,-0.012606267936363904,-0.00016477653048624534,0.0009591735609763821
557,8,1-5,adjust,-0.007159409916090716,0.00030462513572663966,0.0002623210265473451
557,9,1-5,adjust,0.00913927765288103,-8.417233529926902e-06,0.00016160193436859594
558,2,1-7,adjust,0.01044442769005305,-0.00013360488846750592,8.616996010726669e-06
558,3,1-7,adjust,-0.0014183397290993306,0.00013821277051105933,0.00041793709802499096
558,4,1-7,adjust,-0.03883668957185481,0.0002955816628567743,0.0009704696712591641
558,5,1-7,adjust,0.013320441371361671,7.603617332334441e-05,0.00019077353258576933
558,6,1-7,adjust,0.01373336396969469,-0.0003479435960185162,0.00028883720412463236
558,9,1-8,adjust,-0.0074283976954267385,-7.476394489372404e-05,8.864571854011512e-05
559,2,1-4,adjust,-0.006515934501142342,0.0004836873147354567,0.0001228616649072961
559,3,1-4,adjust,-0.028219003145883773,0.0007844016289849606,0.0009538660852806463
559,6,1-5,adjust,0.009432553837361963,3.6281819405811494e-05,0.0006688104138361518
559,7,1-5,adjust,-0.01043884712002048,0.0002479964236971662,0.0001290372077100057
559,8,1-5,adjust,-0.00649005039277584,-0.00027307916768912823,0.00031940398219638494
559,9,1-5,adjust,0.008986284688948265,2.2945533932469142e-05,0.0004205379938089498
560,2,1-7,adjust,0.0014354779634526656,-0.0003125577484180112,0.00027175992810571267
560,3,1-7,adjust,-0.007710876409440423,1.1722236713527903e-05,0.0008105800160315365
560,4,1-7,adjust,-0.0003849186278817021,-0.00017687106896759785,0.0006752721162821161
560,5,1-7,adjust,-0.02258063581289192,2.8947282597365098e-05,0.00018257650426144274
560,6,1-7,adjust,-0.013417977185732219,-4.336176875087775e-05,0.0005699299985226519
560,9,1-8,adjust,-0.0013569799022969827,-0.00027627443107108623,0.00017845832238225516
