slot,receiver_id,selected_pair,status,radial_command_m,angular_command_rad,consistency_rad
1,2,1-4,adjust,-0.5417451014333178,-0.02592422421339052,0.09928531789551402
1,3,1-4,adjust,-1.0281736524604317,-0.02966361582832885,0.1784522592147434
1,6,1-5,adjust,-5.0,-0.007624828850629708,0.15151472156695805
1,7,1-5,adjust,-1.6169725181239971,-0.016870281751513058,0.08119162020127806
1,8,1-5,adjust,3.413359540075593,-0.015198470622081548,0.03516524397177467
1,9,1-5,adjust,1.9280658639968966,-0.004549238326130908,0.0035647963533906946
2,2,1-7,adjust,-0.8580244753904824,0.002758133570693253,0.025601429711009985
2,3,1-7,adjust,-2.5719034915832744,0.008875839235853803,0.015573994169821843
2,4,1-7,adjust,-3.5599912068679678,0.004253086021517771,0.0066856664968552824
2,5,1-7,adjust,2.885030957555022,0.0010266080005270784,0.003485480929956914
2,6,1-7,adjust,-1.7361820406159973,0.0003950101760982672,0.018514810505123675
2,9,1-8,adjust,-0.39997595717633083,-0.03490658503988659,0.058268819291576
3,2,1-4,adjust,-0.42925991796253704,0.0018071739805464683,0.0506770043655442
3,3,1-4,adjust,-0.6055704092760198,-0.0036538333517188285,0.09338267583188992
3,6,1-5,adjust,-1.3941265399559808,-0.0007525204534063025,0.08483901366448614
3,7,1-5,adjust,0.3046694591190782,-0.0017176372840070732,0.04710375978788421
3,8,1-5,adjust,2.176950995450049,-0.0018955289508454632,0.022235662737428986
3,9,1-5,adjust,1.2652893355915513,0.017674003934167095,0.0018745279174107645
4,2,1-7,adjust,-0.17203471814682875,-7.707450414981199e-05,0.014901579214076774
4,3,1-7,adjust,-0.9000432207082629,0.005305274912173974,0.0121960536428048
4,4,1-7,adjust,-1.601145679077324,0.0011169862360117942,0.009850874544619855
4,5,1-7,adjust,1.5825765736112396,0.0002297451003950283,0.007193125230578662
4,6,1-7,adjust,0.11719516733395188,0.001033706526758171,0.0031243113181441923
4,9,1-8,adjust,-0.316388470812001,-0.017557259685987477,0.0217779613331572
5,2,1-4,adjust,-0.3664640478752667,0.0079573433969267,0.02860089701873679
5,3,1-4,adjust,-0.4306912284810296,0.0024553940278318697,0.053835811723214805
5,6,1-5,adjust,0.08308136919350713,0.000553026002694362,0.05060178815336847
5,7,1-5,adjust,0.7119304840604906,0.0024038938154158727,0.02874528269067151
5,8,1-5,adjust,1.351667991120109,0.0021462130318722255,0.014279857855624882
5,9,1-5,adjust,0.8583693005845283,0.019203661849691803,0.0023464944152902143
6,2,1-7,adjust,0.03634893362406492,-0.0019873219990177273,0.008805955497974203
6,3,1-7,adjust,-0.2741364718722058,0.0019480572269341102,0.00894677628947313
6,4,1-7,adjust,-0.7034553648207912,5.285880736615234e-06,0.009129145936243052
6,5,1-7,adjust,0.9960122260306029,-0.00026252796497197383,0.009353725723355607
6,6,1-7,adjust,0.36242923565184443,0.0008382366437037872,0.009557435911030289
6,9,1-8,adjust,-0.21501457132340265,-0.008034018933512603,0.00593650913555234
7,2,1-4,adjust,-0.30059437890895313,0.007898997118632007,0.017512796809337625
7,3,1-4,adjust,-0.32421685065624745,0.0032268076502691163,0.03336982618376942
7,6,1-5,adjust,0.33337602160297236,0.0006856842496581057,0.031903190674909467
7,7,1-5,adjust,0.6876155169039361,0.003111807082873122,0.01832048470530782
7,8,1-5,adjust,0.834157137780125,0.00291937933470293,0.00933707825831514
7,9,1-5,adjust,0.5731805451247708,0.014490387587499098,0.0018245404883043324
8,2,1-7,adjust,0.08838751213010604,-0.0025997077086482236,0.005234325128480611
8,3,1-7,adjust,-0.04169421031008257,0.000182553309937253,0.006342750275823003
8,4,1-7,adjust,-0.3006959735748681,-0.00028964455647482426,0.0073673285446616615
8,5,1-7,adjust,0.679708164854991,-0.00045787086797016734,0.00856394394996777
8,6,1-7,adjust,0.3192913712812275,0.000611043700328896,0.010227469903763761
8,9,1-8,adjust,-0.14874554375026292,-0.0046508332999847775,0.0005068304954050639
9,2,1-4,adjust,-0.23412036240353098,0.006400164883094583,0.011426862851255475
9,3,1-4,adjust,-0.24276865208698506,0.0027460700500044843,0.021840601863094614
9,6,1-5,adjust,0.3172864412819283,0.0005829953991255709,0.02094413833060527
9,7,1-5,adjust,0.5603855295148183,0.002798616081962318,0.012058187084143154
9,8,1-5,adjust,0.5180512544716264,0.002638461931779072,0.006188434870450062
9,9,1-5,adjust,0.378929017105893,0.010016119171233446,0.0012487910340714702
10,2,1-7,adjust,0.08902970679042761,-0.0024663795204951542,0.003119799475136815
10,3,1-7,adjust,0.03636194490887302,-0.0005067910836649693,0.004416172488828386
10,4,1-7,adjust,-0.1239190385927494,-0.00029668754776292943,0.005596673053466019
10,5,1-7,adjust,0.48111779550600214,-0.00048019336746772873,0.006980238317259892
10,6,1-7,adjust,0.2434986314459431,0.00044084705708442596,0.00892741532439949
10,9,1-8,adjust,-0.10575104321581473,-0.003068608232111301,0.002786318823260068
11,2,1-4,adjust,-0.17600218089424316,0.004845020702104427,0.007796709563255594
11,3,1-4,adjust,-0.17918330635936502,0.0021024360665476503,0.014849137835763339
11,6,1-5,adjust,0.2528552142570545,0.0004514185916404815,0.014137494872419722
11,7,1-5,adjust,0.42873383616544125,0.0022514655790318912,0.008116298868104398
11,8,1-5,adjust,0.32597849540429535,0.002103862267349714,0.004140592125688672
11,9,1-5,adjust,0.25105111693927923,0.006765608130632776,0.0008012197048034866
12,2,1-7,adjust,0.07450351840974613,-0.002046723758110964,0.0018640687275319591
12,3,1-7,adjust,0.05436976222378128,-0.0006648407648268001,0.0030476534301671636
12,4,1-7,adjust,-0.04834040927943096,-0.00022675084257497622,0.004123537387736115
12,5,1-7,adjust,0.3451986777197465,-0.0004253133124188322,0.005392729231184301
12,6,1-7,adjust,0.1790881681459973,0.0003184469469133453,0.007167392763545198
12,9,1-8,adjust,-0.07589363106314295,-0.002135263515112763,0.003261576788666932
13,2,1-4,adjust,-0.1295786218136418,0.003567240458207716,0.005472836165504123
13,3,1-4,adjust,-0.13082456341413062,0.001551925542915758,0.010346903863653077
13,6,1-5,adjust,0.19055954687566398,0.0003372579586793779,0.009717758488800835
13,7,1-5,adjust,0.31861140572914987,0.0017243257574996865,0.005544925014163664
13,8,1-5,adjust,0.2085018970567358,0.001587461225201575,0.002787508003184055
13,9,1-5,adjust,0.1677093576726905,0.0045616867509521404,0.0004934490243374091
14,2,1-7,adjust,0.05773676395266198,-0.0015856283685098177,0.0011168178923891938
14,3,1-7,adjust,0.05083166116738382,-0.0006096668780462687,0.00209523201053314
14,4,1-7,adjust,-0.017161179365983128,-0.00015377255571921497,0.002987990337091478
14,5,1-7,adjust,0.2485869009961818,-0.0003468496891475494,0.004050775704030419
14,6,1-7,adjust,0.1301349313124879,0.00023002829564637962,0.005512237085252211
14,9,1-8,adjust,-0.0544730656302683,-0.0015125722251627563,0.0030080871944118295
15,2,1-4,adjust,-0.09429633553869521,0.002593680402773106,0.0039052229831620477
15,3,1-4,adjust,-0.09488405232510792,0.0011292538537204817,0.00731665031858892
15,6,1-5,adjust,0.1403699495804599,0.00024774952138632367,0.006753885406496655
15,7,1-5,adjust,0.23322714522796822,0.001287123730695972,0.0038230411474906895
15,8,1-5,adjust,0.13568960152273205,0.0011649190706313824,0.0018821014071018624
15,9,1-5,adjust,0.11316552977010681,0.003092534834298833,0.0002954491295765495
16,2,1-7,adjust,0.04303924259645701,-0.0011826794490226009,0.0006703790074937889
16,3,1-7,adjust,0.04124258120598702,-0.0004924399365363786,0.0014382842538974976
16,4,1-7,adjust,-0.004973912456674013,-9.768748722636826e-05,0.0021446506361604348
16,5,1-7,adjust,0.1789982972892878,-0.0002699280309017359,0.0029961261480446364
16,6,1-7,adjust,0.09402525214713314,0.0001658787264164327,0.004136088612259411
16,9,1-8,adjust,-0.03898461761353145,-0.0010762237366324563,0.0025157190200240844
17,2,1-4,adjust,-0.06819113092611889,0.0018744863358240134,0.0028110400290819195
17,3,1-4,adjust,-0.06856456338209166,0.0008167906582217956,0.00521608581760591
17,6,1-5,adjust,0.10227378072287643,0.00018035592493992558,0.0047212814079077335
17,7,1-5,adjust,0.16927447497890416,0.0009466169065099806,0.002648009522972395
17,8,1-5,adjust,0.08979297514857018,0.0008422778414544029,0.0012697007406766794
17,9,1-5,adjust,0.07709670826355638,0.002112003408925183,0.00017340929231120196
18,2,1-7,adjust,0.03141993376350439,-0.0008636890671825159,0.00040177282781669036
18,3,1-7,adjust,0.031426768802342984,-0.0003747849409965268,0.0009861398149258697
18,4,1-7,adjust,-0.0006310771858333185,-5.955167989166413e-05,0.0015305152164027164
18,5,1-7,adjust,0.12872784666769263,-0.00020413106576152145,0.0021979773596161284
18,6,1-7,adjust,0.06767976048911098,0.00011932871580909148,0.0030574652169638758
18,9,1-8,adjust,-0.027796561476565153,-0.0007653297107854946,0.0019989248614245138
19,2,1-4,adjust,-0.049154266134538625,0.0013507694440636547,0.002031995175855637
19,3,1-4,adjust,-0.04946125467810028,0.0005893780663156177,0.0037334003494058055
19,6,1-5,adjust,0.07408488047834921,0.0001306136891123927,0.0033061540704379154
19,7,1-5,adjust,0.12222737141950453,0.0006898186479746725,0.0018352538838962696
19,8,1-5,adjust,0.06032899802388297,0.0006041812319855088,0.0008515594035233684
19,9,1-5,adjust,0.05295216075532633,0.0014524632914214171,0.00010041243080907357
20,2,1-7,adjust,0.022688299445131888,-0.0006237271150430395,0.0002384893288930535
20,3,1-7,adjust,0.0232201897533259,-0.0002768166439240076,0.0006744462683783567
20,4,1-7,adjust,0.0006391453418455241,-3.528551492517471e-05,0.0010880393542502594
20,5,1-7,adjust,0.09244342601401473,-0.00015156318474477556,0.0016068222147623916
20,6,1-7,adjust,0.048568468139672694,8.561930369786367e-05,0.002239394331817664
20,9,1-8,adjust,-0.01973760296344028,-0.0005427673413019428,0.0015418537599585916
21,2,1-4,adjust,-0.035382346689190824,0.0009721899743518866,0.0014716150059756214
21,3,1-4,adjust,-0.03566993286167751,0.00042507490858062263,0.0026760643997941107
21,6,1-5,adjust,0.05349394440923789,9.430643990791507e-05,0.0023111119256953986
21,7,1-5,adjust,0.08796841660850042,0.0004996887129961355,0.001267659090721505
21,8,1-5,adjust,0.04106884005401139,0.00043160698507995425,0.0005636840231522915
21,9,1-5,adjust,0.03659587540156754,0.0010045192326753145,5.770931885706642e-05
22,2,1-7,adjust,0.016304784869959524,-0.0004482220353907271,0.00013791088893747882
22,3,1-7,adjust,0.01690897570319048,-0.0002015533938703771,0.00045879722241373033
22,4,1-7,adjust,0.00081029382091354,-2.0475290033061623e-05,0.0007710726854380969
22,5,1-7,adjust,0.06630338329243594,-0.00011117740480273259,0.0011746351882259926
22,6,1-7,adjust,0.03475888540476499,6.127372862355981e-05,0.001631186813566012
22,9,1-8,adjust,-0.013947156015856528,-0.0003833086823713413,0.0011684927803752327
23,2,1-4,adjust,-0.02546427633553359,0.0006996435184691064,0.0010667433299713796
23,3,1-4,adjust,-0.025746690183371963,0.0003068287302544072,0.0019180629368678328
23,6,1-5,adjust,0.038563266930558664,6.798501867812348e-05,0.0016069700588259193
23,7,1-5,adjust,0.06317557123131745,0.00036051056151647457,0.0008685715661801797
23,8,1-5,adjust,0.028265343090213224,0.00030771993743967805,0.00036406710577896776
23,9,1-5,adjust,0.02539642111491202,0.000697375577839233,3.315215183468105e-05
24,2,1-7,adjust,0.011709046403718473,-0.0003218604885067756,7.499366602806863e-05
24,3,1-7,adjust,0.012252800758107557,-0.0001460444080334638,0.00030893296823396657
24,4,1-7,adjust,0.0006570426259290695,-1.1691811430824973e-05,0.0005446900444450228
24,5,1-7,adjust,0.047507585020902035,-8.089132970111371e-05,0.0008612221529268195
24,6,1-7,adjust,0.024809251953884413,4.373506982806346e-05,0.0011847241124493587
24,9,1-8,adjust,-0.009794245010546578,-0.0002690975626982249,0.000876823931392514
25,2,1-4,adjust,-0.018340646106660894,0.0005039121920351522,0.0007738914637794654
25,3,1-4,adjust,-0.018621932352370012,0.00022192401488465815,0.0013733915482712921
25,6,1-5,adjust,0.027786246336743994,4.8986653347812085e-05,0.0011066653505791392
25,7,1-5,adjust,0.04530396607567623,0.00025937832500847217,0.0005866149784778648
25,8,1-5,adjust,0.01962663299290184,0.000219226905898553,0.00022480503142834917
25,9,1-5,adjust,0.017657577153100016,0.00048497587763782804,1.922152628168235e-05
26,2,1-7,adjust,0.008428064974937893,-0.00023165540043598297,3.4970496944069e-05
26,3,1-7,adjust,0.008892362739682127,-0.00010598731974257898,0.00020430890709451682
26,4,1-7,adjust,0.0004575543424662712,-6.590870620534842e-06,0.0003832299889755748
26,5,1-7,adjust,0.03401440211030725,-5.8530048343311474e-05,0.0006351140855941301
26,6,1-7,adjust,0.017656456679177687,3.1126477014129e-05,0.0008597325041997483
26,9,1-8,adjust,-0.006819448193848916,-0.00018733825042974297,0.0006551921211208259
27,2,1-4,adjust,-0.013232511325117179,0.0003635642469150595,0.0005621795117331464
27,3,1-4,adjust,-0.013513718190068446,0.00016104865023140277,0.0009817550047436015
27,6,1-5,adjust,0.020030678058744502,3.531441509423902e-05,0.0007502953108856877
27,7,1-5,adjust,0.03245510060214654,0.00018625466271562382,0.00038673675578249984
27,8,1-5,adjust,0.01372401433996812,0.0001561664141986518,0.00012715572774078097
27,9,1-5,adjust,0.012269547459817887,0.0003370330285756571,1.1407055440736452e-05
28,2,1-7,adjust,0.0060956925273759205,-0.00016753763343758252,9.071570747361014e-06
28,3,1-7,adjust,0.0064950991923210435,-7.741307646684509e-05,0.00013095509842939634
28,4,1-7,adjust,0.00029467379715548254,-3.6759164878824004e-06,0.00026813285149611334
28,5,1-7,adjust,0.02434005615857991,-4.2189225563354065e-05,0.0004725347516934688
28,6,1-7,adjust,0.012522808652275183,2.2076842615376592e-05,0.0006244983998015432
28,9,1-8,adjust,-0.004690285317032679,-0.0001288381520178845,0.0004898159608372207
29,2,1-4,adjust,-0.009573490946001661,0.00026303184273651647,0.0004093240388456789
29,3,1-4,adjust,-0.009854841950690287,0.00011744471092943373,0.000700217270078808
29,6,1-5,adjust,0.014460877912722953,2.5495180014920754e-05,0.0004960614721404223
29,7,1-5,adjust,0.023233793041052393,0.00013356239350734226,0.0002447059069059491
29,8,1-5,adjust,0.009648920585476495,0.0001112705873951725,5.840060015255192e-05
29,9,1-5,adjust,0.008495385576531152,0.0002333779650504104,7.0647034219739845e-06
30,2,1-7,adjust,0.004440671683125292,-0.0001220448682507425,7.967103502034575e-06
30,3,1-7,adjust,0.004794761094979976,-5.7146533515940354e-05,7.933047448049851e-05
30,4,1-7,adjust,0.00018084474034484385,-2.0314435543375964e-06,0.00018608850970568372
30,5,1-7,adjust,0.017410273455711802,-3.0330615440396033e-05,0.0003558881313249104
30,6,1-7,adjust,0.008842830842051844,1.558952994190213e-05,0.0004548906531955956
30,9,1-8,adjust,-0.003167183146105507,-8.699607893271324e-05,0.00036793791456929674
31,2,1-4,adjust,-0.0069543361436117165,0.0001910699855197333,0.0002991326668061335
31,3,1-4,adjust,-0.007235848708690095,8.623313894228357e-05,0.0004979537468876287
31,6,1-5,adjust,0.010466529682837,1.8453201455513798e-05,0.00031452639086086595
31,7,1-5,adjust,0.016624073211451536,9.568318437956904e-05,0.0001436115823487718
31,8,1-5,adjust,0.006812129241741245,7.931108886403505e-05,9.828227404758943e-06
31,9,1-5,adjust,0.00583898527968792,0.00016041119135682988,4.671450171378183e-06
32,2,1-7,adjust,0.0032667533646989952,-8.977882940377302e-05,1.9348980417099558e-05
32,3,1-7,adjust,0.0035916027638786003,-4.280624770435378e-05,4.288127145592751e-05
32,4,1-7,adjust,0.00010735619198918667,-1.1135099731735298e-06,0.00012759329380345195
32,5,1-7,adjust,0.012449856295843166,-2.1765459205455808e-05,0.00027231550639658756
32,6,1-7,adjust,0.006207249224673502,1.0943219442796876e-05,0.00033292775493385757
32,9,1-8,adjust,-0.002078009936560608,-5.707683158672085e-05,0.00027889175796009315
33,2,1-4,adjust,-0.005080434049466589,0.00013958420026446267,0.00021981808854775264
33,3,1-4,adjust,-0.005362083086698734,6.39026414892241e-05,0.0003527549444823343
33,6,1-5,adjust,0.007604894898095159,1.3408082603381804e-05,0.00018483423329760786
33,7,1-5,adjust,0.011890431776799819,6.84986128630772e-05,7.157029727815803e-05
33,8,1-5,adjust,0.004824506579379128,5.655415274845785e-05,2.4576904985028268e-05
33,9,1-5,adjust,0.003962322014590767,0.00010885810848392843,3.3620756681119394e-06
34,2,1-7,adjust,0.0024337659309523014,-6.688464799265951e-05,2.705536557521928e-05
34,3,1-7,adjust,0.0027406365270574314,-3.2663833882481765e-05,1.7078131452412196e-05
34,4,1-7,adjust,6.216046425296225e-05,-6.05741837412009e-07,8.587538730544387e-05
34,5,1-7,adjust,0.008900898984386963,-1.5599209389126932e-05,0.00021249442495966002
34,6,1-7,adjust,0.0043208774031396665,7.6176324214935164e-06,0.00024538910022715415
34,9,1-8,adjust,-0.0012993210836372041,-3.5687201546619155e-05,0.00021423177409489482
35,2,1-4,adjust,-0.003740187893316634,0.00010276085874752421,0.00016280698772571815
35,3,1-4,adjust,-0.004021944732030979,4.79315831027508e-05,0.0002486020993934789
35,6,1-5,adjust,0.005556233437585548,9.796199522827187e-06,9.215361514098063e-05
35,7,1-4,adjust,0.009511797802775683,5.483967862555918e-05,3.093522228531762e-05
35,8,1-5,adjust,0.003424887942699797,4.034265638413911e-05,4.899767337922381e-05
35,9,1-5,adjust,0.0026327132312084695,7.233106582833848e-05,2.6505633430730572e-06
36,2,1-7,adjust,0.0016942978959639463,-4.656380912362233e-05,2.677413652583359e-05
36,3,1-7,adjust,0.00199055309324147,-2.3724150319215834e-05,1.372904593630129e-06
36,4,1-7,adjust,3.536696143347866e-05,-3.276288154633602e-07,5.611200612179838e-05
36,5,1-7,adjust,0.006589448521226426,-1.156983437141867e-05,0.00016673982902234852
36,6,1-7,adjust,0.0033973860254564235,5.989655040231083e-06,0.0001751472173563425
36,9,1-8,adjust,-0.0007426950567035645,-2.0397599024510006e-05,0.00015202210512143117
37,2,1-4,adjust,-0.0027078689868032923,7.439807395749592e-05,0.00012039793790633569
37,3,1-4,adjust,-0.002989719799737086,3.563005307220979e-05,0.00017126056954522528
37,6,1-5,adjust,0.0039770027050680746,7.011863031772601e-06,2.3550947544402445e-05
37,7,1-4,adjust,0.004750341714610917,2.7388211810599268e-05,2.7236838685574773e-05
37,8,1-5,adjust,0.002461289465964147,2.909468467727729e-05,6.696921537677605e-05
37,9,1-5,adjust,0.0016886383903350652,4.6394586911813586e-05,2.2656650908969325e-06
38,2,1-7,adjust,0.0015055700137795308,-4.137299368289409e-05,3.813443651440934e-05
38,3,1-7,adjust,0.0017954682701525942,-2.1398594600620145e-05,1.536333188665444e-05
38,4,1-7,adjust,1.9608442865399568e-05,-1.7493324256663614e-07,3.464805030347296e-05
38,5,1-7,adjust,0.004362739253611219,-7.667088330152386e-06,0.000139897982381251
38,6,1-7,adjust,0.0017152336771393672,3.02382067241137e-06,0.00014007052883216548
38,9,1-8,adjust,-0.0003356319327822801,-9.216244461181656e-06,0.00013931514064670358
39,2,1-4,adjust,-0.0021016109618655,5.774127441676255e-05,9.224763758808609e-05
39,3,1-4,adjust,-0.0023835139699651627,2.840563133952949e-05,0.00011997050662655958
39,6,1-5,adjust,0.0030493292725487734,5.376370716616172e-06,2.1867199800115105e-05
39,7,1-4,adjust,0.0023723920278460845,1.367828976024392e-05,6.571413764652839e-05
39,8,1-5,adjust,0.0017261539714806642,2.0452288625941757e-05,7.883045973387802e-05
39,9,1-5,adjust,0.0010125842398835962,2.782104362734767e-05,2.060235860792648e-06
40,2,1-7,adjust,0.0014562295670597259,-4.001419729094692e-05,5.1420851391722374e-05
40,3,1-7,adjust,0.0017425330214182865,-2.0767357893489075e-05,2.960860598767408e-05
40,4,1-7,adjust,1.0707286165496308e-05,-9.268337544410939e-08,1.9559126096743128e-05
40,5,1-7,adjust,0.0027147000563009275,-4.773273027150567e-06,0.0001238494440913954
40,6,1-7,adjust,0.0003343255373266746,5.890962442746812e-07,0.00012255275438618688
40,9,1-8,adjust,-5.6506148088698616e-05,-1.5492437904252107e-06,0.00014512125590924826
41,2,1-4,adjust,-0.0017761657557329234,4.8799971893742106e-05,7.470336366641559e-05
41,3,1-4,adjust,-0.002058101542772175,2.45275806750573e-05,8.802293081029052e-05
41,6,1-5,adjust,0.002551258672885554,4.498326618380169e-06,5.012804302337271e-05
41,7,1-4,adjust,0.001184806496969277,6.831235890473951e-06,8.964280954282571e-05
41,8,1-5,adjust,0.001171301500505075,1.389942118393298e-05,8.619680280620667e-05
41,9,1-5,adjust,0.0005347569488291574,1.4693288441608617e-05,1.951363200695686e-06
42,2,1-7,adjust,0.0014427153797221032,-3.964115823792362e-05,6.27938364180692e-05
42,3,1-7,adjust,0.0017270321665214898,-2.0582411896088625e-05,4.038651807411678e-05
42,4,1-7,adjust,5.787886137870521e-06,-4.885042103593031e-08,9.30405531186628e-06
42,5,1-7,adjust,0.0016236845113553723,-2.855836206688702e-06,0.00011418926531268412
42,6,1-7,adjust,-0.0006083506409335251,-1.0729677965436592e-06,0.00011380372179334435
42,9,1-8,adjust,0.00012363380789069637,3.398710594171588e-06,0.00015558269610712632
43,2,1-4,adjust,-0.0016079663995473923,4.4178988331403964e-05,6.419872047476042e-05
43,3,1-4,adjust,-0.001889922400343816,2.2523348837742097e-05,6.890158093562454e-05
43,6,1-5,adjust,0.002293803323427043,4.0444909780279064e-06,6.703109041621411e-05
43,7,1-5,adjust,0.003983908286970637,2.299623950602676e-05,6.784710140213993e-05
43,8,1-5,adjust,0.0007699644439196655,9.146366898929629e-06,9.059694304626173e-05
43,9,1-5,adjust,0.0002056599017876477,5.65159366837923e-06,1.8938921373887514e-06
44,2,1-7,adjust,0.0009414763982979665,-2.587124354424979e-05,5.2622162601217e-05
44,3,1-7,adjust,0.0012248494364388374,-1.4597762335071587e-05,3.9218645162268826e-05
44,4,1-7,adjust,3.1582932040468395e-06,-2.5952335881842366e-08,2.5547855528587603e-06
44,5,1-7,adjust,0.001706770044345145,-3.0056653909793635e-06,9.843385564674313e-05
44,6,1-7,adjust,0.0002303071452419098,4.058936925511727e-07,8.425530535557408e-05
44,9,1-8,adjust,0.00023467588723408817,6.448642751663369e-06,0.00011336100421135512
45,2,1-4,adjust,-0.0012739567816236344,3.500197880719303e-05,5.310985472417766e-05
45,3,1-4,adjust,-0.0015559436204190947,1.854310458679207e-05,4.874389048073356e-05
45,6,1-5,adjust,0.0017821863703540214,3.1423586367547657e-06,8.4804495620363e-05
45,7,1-5,adjust,0.002481871699595468,1.4327067264481044e-05,7.765164972264747e-05
45,8,1-5,adjust,0.0005786009837596673,6.880722484911891e-06,9.520203934396972e-05
45,9,1-5,adjust,-1.445898004987921e-05,-3.9610499626176433e-07,1.8631073461929278e-06
46,2,1-7,adjust,0.000743971780448914,-2.0444057994025346e-05,4.78031131754056e-05
46,3,1-7,adjust,0.0010267475346888908,-1.2236790926231267e-05,3.9665325892442664e-05
46,4,1-7,adjust,1.6534720153778228e-06,-1.3405786748294355e-08,2.5220157047966344e-06
46,5,1-7,adjust,0.0014107941170617016,-2.485431921118443e-06,8.809022765138772e-05
46,6,1-7,adjust,0.00027144084578590764,4.784503769068609e-07,6.584542428781108e-05
46,9,1-8,adjust,0.0003318057238440255,9.116599592154598e-06,8.947900083728654e-05
47,2,1-4,adjust,-0.001008577786368123,2.7710708893942927e-05,4.392860133631223e-05
47,3,1-5,adjust,-0.002067264201875218,2.463721895090649e-05,5.298702035843418e-05
47,6,1-5,adjust,0.0013756741198943775,2.425579463412626e-06,9.949808578850922e-05
47,7,1-5,adjust,0.0016458846018429251,9.501787175346842e-06,8.575338123599091e-05
47,8,1-5,adjust,0.00044930600016475814,5.3473160436696925e-06,9.90022088964414e-05
47,9,1-5,adjust,-0.00017310956597131678,-4.754953747596996e-06,1.8470187500386663e-06
48,2,1-7,adjust,0.000635039452597546,-1.7450338627302272e-05,4.5613953413176226e-05
48,3,1-7,adjust,0.0013057967782929753,-1.556259454370923e-05,4.074000273174689e-05
48,4,1-7,adjust,8.297370755363521e-07,-6.7204847490399955e-09,6.467272249087569e-06
48,5,1-7,adjust,0.0010750083150526742,-1.8942232273290008e-06,8.088007085104297e-05
48,6,1-7,adjust,0.0001424545269594155,2.5104506813461706e-07,5.363490898001658e-05
48,9,1-8,adjust,0.00041342371751693395,1.1358559068389926e-05,7.524664657422391e-05
49,2,1-4,adjust,-0.0008216215978445048,2.2574194716437274e-05,3.6925805002289074e-05
49,3,1-5,adjust,-0.0013780513793698842,1.6423036501228816e-05,3.1969089551544326e-05
49,6,1-5,adjust,0.0010892767649112454,1.9206086433635974e-06,0.00011069563005953621
49,7,1-5,adjust,0.0011315023961828415,6.53256850378542e-06,9.192569817492149e-05
49,8,1-5,adjust,0.000346560502463778,4.1265758937050695e-06,0.0001018951722289523
49,9,1-5,adjust,-0.00029325741151256014,-8.05591741474754e-06,1.838809039560628e-06
50,2,1-7,adjust,0.0005624801230699282,-1.545616177298886e-05,4.4687158704080653e-05
50,3,1-7,adjust,0.0011760990614722998,-1.4016669887236376e-05,4.1926492336021674e-05
50,4,1-7,adjust,3.930612835196814e-07,-3.2344711709021397e-09,9.511831401878498e-06
50,5,1-7,adjust,0.0007915840481571734,-1.394957886060577e-06,7.572183345911682e-05
50,6,1-7,adjust,4.0858446933304285e-06,7.09482674766298e-09,4.523941434054829e-05
50,9,1-8,adjust,0.0004775159012227366,1.3119130973244612e-05,6.638422515191445e-05
51,2,1-4,adjust,-0.0006919668499313696,1.901204440984226e-05,3.176591902047954e-05
51,3,1-5,adjust,-0.0010499159687776985,1.2512489814657069e-05,1.6483733491544478e-05
51,6,1-5,adjust,0.0008906473945656412,1.570396162743186e-06,0.00011894162399725737
51,7,1-5,adjust,0.0007929567523282211,4.5782040161729275e-06,9.647017153900037e-05
51,8,1-5,adjust,0.0002630404468111359,3.133080343931051e-06,0.00010402409525444967
51,9,1-5,adjust,-0.00038538403046480256,-1.0587003188324053e-05,1.8347452263305575e-06
52,2,1-7,adjust,0.0005109917311305154,-1.4041087250464721e-05,4.4347243845218656e-05
52,3,1-7,adjust,0.000996792734658677,-1.1879607794879944e-05,4.299757876400468e-05
52,4,1-7,adjust,1.6897202212867287e-07,-1.4581880662303417e-09,1.1823390263209056e-05
52,5,1-7,adjust,0.0005738426694769309,-1.0113088282152016e-06,7.199906859127602e-05
52,6,1-7,adjust,-0.00010865184079902802,-1.9166696066288243e-07,3.935525528672451e-05
52,9,1-8,adjust,0.0005257081124002022,1.4442944994511994e-05,6.066706022814458e-05
53,2,1-4,adjust,-0.000601446745043776,1.6525095181872663e-05,2.802361057465005e-05
53,3,1-5,adjust,-0.0008586774461581535,1.023343036327688e-05,5.253887237545692e-06
53,6,1-5,adjust,0.0007519641649850362,1.3258801362612362e-06,0.0001249197651678902
53,7,1-5,adjust,0.0005611848216556458,3.240143348926517e-06,9.976433878269977e-05
53,8,1-5,adjust,0.00019658694493390635,2.342035298988547e-06,0.00010556674445356741
53,9,1-5,adjust,-0.0004555463749078411,-1.2514640588017085e-05,1.8328224618856025e-06
54,2,1-7,adjust,0.0004739587150789692,-1.3023304964041406e-05,4.426677050971282e-05
54,3,1-7,adjust,0.0008454850041554052,-1.0076301082756267e-05,4.387947435524435e-05
54,4,1-7,adjust,5.867437003777116e-08,-5.800963591941112e-10,1.3551322563971831e-05
54,5,1-7,adjust,0.00041292568961744184,-7.277461251668345e-07,6.930863658591181e-05
54,6,1-7,adjust,-0.00019348767478172542,-3.4123655867332365e-07,3.519065202261376e-05
54,9,1-8,adjust,0.0005610765207720753,1.541449259515229e-05,5.68762050502862e-05
55,2,1-4,adjust,-0.0005376946088782395,1.4773570912818596e-05,2.5329785020372252e-05
55,3,1-5,adjust,-0.0007335824551682957,8.742615214248427e-06,2.8289407681179754e-06
55,6,1-5,adjust,0.0006542870831109781,1.15366401206643e-06,0.00012922173047899901
55,7,1-5,adjust,0.00039911109791537373,2.3044186092812255e-06,0.00010213462815088338
55,8,1-5,adjust,0.0001451126814862556,1.7290351564995478e-06,0.0001066764543575254
55,9,1-5,adjust,-0.0005083128351092393,-1.3964347623070988e-05,1.8319798610442256e-06
56,2,1-7,adjust,0.00044732249806730083,-1.2291265453659638e-05,4.429090930743946e-05
56,3,1-7,adjust,0.0007310358856011976,-8.712301779327365e-06,4.456963258709469e-05
56,4,1-7,adjust,7.73492831315133e-09,-1.6533546748684412e-10,1.4826989141586652e-05
56,5,1-7,adjust,0.0002960742374273895,-5.218188684049084e-07,6.736685974714916e-05
56,6,1-7,adjust,-0.00025546257071572633,-4.505013110648288e-07,3.22286496648106e-05
56,9,1-8,adjust,0.0005866995319734679,1.611833566864063e-05,5.4309910527097884e-05
57,2,1-4,adjust,-0.0004925110392358657,1.3532198681492686e-05,2.3397766381940046e-05
57,3,1-5,adjust,-0.0006473435710633926,7.714857089277846e-06,8.625541410413192e-06
57,6,1-5,adjust,0.0005850573654690482,1.0316041844600707e-06,0.00013230642969863093
57,7,1-5,adjust,0.00028453494226626623,1.6428954505336534e-06,0.00010383409918164844
57,8,1-5,adjust,0.00010612571316211774,1.264618708000934e-06,0.00010747194960674082
57,9,1-5,adjust,-0.0005475077922660622,-1.5041194884256076e-05,1.8316644647808484e-06
58,2,1-7,adjust,0.0004282073644114585,-1.1765930069904546e-05,4.434912932945842e-05
58,3,1-7,adjust,0.0006474841876580742,-7.716544855309621e-06,4.5093392141321805e-05
58,4,1-7,adjust,-1.3205981498695086e-08,1.5905998739867724e-11,1.5760013543049242e-05
58,5,1-7,adjust,0.00021192194205126908,-3.7351027748752036e-07,6.596823102250372e-05
58,6,1-7,adjust,-0.0003001864633926517,-5.293517629594166e-07,3.011689040621051e-05
58,9,1-8,adjust,0.0006051375099080481,1.6624808031792313e-05,5.2545730108478916e-05
59,2,1-4,adjust,-0.000460365496073607,1.2649032540202079e-05,2.2014608173756493e-05
59,3,1-5,adjust,-0.0005865977908940506,6.9909104023000924e-06,1.277517369774507e-05
59,6,1-5,adjust,0.000535803213294942,9.44763615477073e-07,0.00013451444323768033
59,7,1-5,adjust,0.00020309324188704818,1.172667015883363e-06,0.0001050505025477423
59,8,1-5,adjust,7.70905383555738e-05,9.186879435139763e-07,0.00010804124608189564
59,9,1-5,adjust,-0.0005763241221086294,-1.5832901478153644e-05,1.8315933221482167e-06
60,2,1-7,adjust,0.0004145151300819561,-1.1389631999459589e-05,4.441126893898055e-05
60,3,1-7,adjust,0.0005872720968631316,-6.998949248121214e-06,4.548316321350739e-05
60,4,1-7,adjust,-1.9653255533989676e-08,8.330225397042167e-11,1.643781329095021e-05
60,5,1-7,adjust,0.0001515596503082209,-2.671254717595011e-07,6.496275327657879e-05
60,6,1-7,adjust,-0.0003322897705634176,-5.859515262252324e-07,2.860953168776842e-05
60,9,1-8,adjust,0.0006183593797018037,1.6987996750945736e-05,5.1319323814573816e-05
61,2,1-4,adjust,-0.00043744726310398363,1.2019377219060687e-05,2.1025272196596124e-05
61,3,1-5,adjust,-0.0005434412743947864,6.476584377991621e-06,1.5743168897033832e-05
61,6,1-5,adjust,0.0005006867888923025,8.828494538185971e-07,0.00013609358126647617
61,7,1-5,adjust,0.00014504713519753826,8.375138140027057e-07,0.0001059204183568461
61,8,1-5,adjust,5.5728897759894304e-05,6.641511242444644e-07,0.00010844833663214489
61,9,1-5,adjust,-0.000597342967790027,-1.6410380142881983e-05,1.831625238553453e-06
62,2,1-7,adjust,0.00040471869417380853,-1.1120401147246377e-05,4.4465958544543695e-05
62,3,1-7,adjust,0.0005440957170964439,-6.484383154379332e-06,4.576951083654033e-05
62,4,1-7,adjust,-1.9593637280894654e-08,9.804501653161545e-11,1.692781798079193e-05
62,5,1-7,adjust,0.00010834565154557462,-1.9096187855771626e-07,6.424105712381825e-05
62,6,1-7,adjust,-0.00035527864982799257,-6.264821080663855e-07,2.7532969439219967e-05
62,9,1-8,adjust,0.0006278241569077081,1.7247981186926395e-05,5.045987423088652e-05
63,2,1-4,adjust,-0.0004210892712664261,1.1569957856428542e-05,2.031794540145077e-05
63,3,1-5,adjust,-0.000512676127225209,6.109934019245175e-06,1.78650727964688e-05
63,6,1-5,adjust,0.00047562199608653424,8.386574401594374e-07,0.00013722248350087586
63,7,1-5,adjust,0.00010362079448662543,5.983183985174898e-07,0.00010654228812232565
63,8,1-5,adjust,4.014840412764932e-05,4.784854833693505e-07,0.00010873932630352807
63,9,1-5,adjust,-0.0006125845168084588,-1.68291326301962e-05,1.831692348925628e-06
64,2,1-7,adjust,0.0003977141058444085,-1.092789756310659e-05,4.451018723264421e-05
64,3,1-7,adjust,0.0005131970438824177,-6.1161404861337595e-06,4.5978067332627164e-05
64,4,1-7,adjust,-1.700546731971636e-08,9.064565763091145e-11,1.7280840205300676e-05
64,5,1-7,adjust,7.74375051029908e-05,-1.3648626517116233e-07,6.372368307111553e-05
64,6,1-7,adjust,-0.00037172256783647093,-6.554735909427338e-07,2.6763868415666947e-05
64,9,1-8,adjust,0.0006345934666616905,1.7433923973805233e-05,4.985411279070958e-05
65,2,1-4,adjust,-0.0004094069001555039,1.124899646698021e-05,1.981235783396959e-05
65,3,1-5,adjust,-0.0004907140530908543,5.848195829748071e-06,1.93817447758083e-05
65,6,1-5,adjust,0.0004577213532018926,8.07096614507731e-07,0.00013802935184669774
65,7,1-5,adjust,7.40363865385066e-05,4.274964993569581e-07,0.0001069867508199704
65,8,1-5,adjust,2.885386581452422e-05,3.4388557640487654e-07,0.00010894729018714371
65,9,1-5,adjust,-0.0006235897170132435,-1.7131494610821168e-05,1.8317639708086352e-06
66,2,1-7,adjust,0.0003927073956461886,-1.079030074592849e-05,4.4544368793315635e-05
66,3,1-7,adjust,0.000491103103973598,-5.852830678551501e-06,4.612907612024876e-05
66,4,1-7,adjust,-1.3773005505646569e-08,7.575379211713704e-11,1.7534555760147357e-05
66,5,1-7,adjust,5.534108048985126e-05,-9.754150088294225e-08,6.335312302624167e-05
66,6,1-7,adjust,-0.00038347878103315376,-6.762004113871455e-07,2.6214345158256143e-05
66,9,1-8,adjust,0.0006394328354487428,1.7566853704045377e-05,4.942541409830949e-05
67,2,1-4,adjust,-0.0004010612563673489,1.1019708311840722e-05,1.9451014056428273e-05
67,3,1-5,adjust,-0.0004750271320181264,5.6612430820990625e-06,2.0465691379010616e-05
67,6,1-5,adjust,0.0004449333974161658,7.845500258850555e-07,0.00013860599054756685
67,7,1-5,adjust,5.290203842421086e-05,3.0546522363650887e-07,0.00010730438571635175
67,8,1-5,adjust,2.0701318110232523e-05,2.46725903475902e-07,0.00010909590447933787
67,9,1-5,adjust,-0.000631511826188692,-1.7349150670004386e-05,1.8318282031626804e-06
68,2,1-7,adjust,0.00038912930639870274,-1.0691966008402822e-05,4.4570082920950856e-05
68,3,1-7,adjust,0.00047531053816430934,-5.6646191164750206e-06,4.623797616716428e-05
68,4,1-7,adjust,-1.0733359159515473e-08,6.00895444444622e-11,1.7716587518389192e-05
68,5,1-7,adjust,3.95478880093602e-05,-6.970497475597939e-08,6.308789301650342e-05
68,6,1-7,adjust,-0.00039188157296481926,-6.910149768201296e-07,2.5821685506405254e-05
68,9,1-8,adjust,0.0006428917270379766,1.7661863679486086e-05,4.912114793283333e-05
69,2,1-4,adjust,-0.000395098427647673,1.085588561016489e-05,1.919277820244096e-05
69,3,1-5,adjust,-0.0004638196332888133,5.527674872269461e-06,2.1240328418655637e-05
69,6,1-5,adjust,0.0004357966012666388,7.684408371288058e-07,0.00013901807246922832
69,7,1-5,adjust,3.780199547813616e-05,2.1827524985610665e-07,0.00010753137354196694
69,8,1-5,adjust,1.4834462834291782e-05,1.7680456012991232e-07,0.0001092021034749028
69,9,1-5,adjust,-0.0006372021739184643,-1.7505490367730636e-05,1.8318806430922738e-06
70,2,1-7,adjust,0.00038657238954179114,-1.0621695624003841e-05,4.458910252477863e-05
70,3,1-7,adjust,0.0004640239141754102,-5.530108215071717e-06,4.631629164456306e-05
70,4,1-7,adjust,-8.134209080255793e-09,4.6025183660209844e-11,1.7847032195827923e-05
70,5,1-7,adjust,2.826107691762598e-05,-4.9811400689698196e-08,6.28981436314672e-05
70,6,1-7,adjust,-0.00039788674713350607,-7.016024150318045e-07,2.5541102701865528e-05
70,9,1-8,adjust,0.0006453636692215568,1.772976367325826e-05,4.89047580772761e-05
71,2,1-4,adjust,-0.0003908377662505881,1.0738828245734066e-05,1.900823551527195e-05
71,3,1-5,adjust,-0.00045581159344920355,5.432236985417731e-06,2.1793900839301435e-05
71,6,1-5,adjust,0.0004292680101852753,7.569302027775954e-07,0.0001393125498625364
71,7,1-5,adjust,2.7012447852964093e-05,1.5597469397044402e-07,0.00010769357948855393
71,8,1-5,adjust,1.0621372321564977e-05,1.265918636583513e-07,0.00010927799165645093
71,9,1-5,adjust,-0.0006412832086803501,-1.7617615025094642e-05,1.8319215498448348e-06
72,2,1-7,adjust,0.00038474526050699497,-1.0571481612224606e-05,4.460301605831893e-05
72,3,1-7,adjust,0.0004559581499356027,-5.433982666725455e-06,4.637250369543609e-05
72,4,1-7,adjust,-6.056560071178812e-09,3.450068008831451e-11,1.7940430479243602e-05
72,5,1-7,adjust,2.0195241174851e-05,-3.559501177757815e-08,6.276244050537341e-05
72,6,1-7,adjust,-0.00040217819931827244,-7.091684724539515e-07,2.5340603795614216e-05
72,9,1-8,adjust,0.0006471301808702858,1.7778286636052684e-05,4.875064494562755e-05
73,2,1-4,adjust,-0.0003877932554821586,1.0655183393408182e-05,1.8876358783083016e-05
73,3,1-5,adjust,-0.0004500893740178968,5.364040935410483e-06,2.218948850659988e-05
73,6,1-5,adjust,0.0004246029117814762,7.487051144214589e-07,0.00013952298317355429
73,7,1-5,adjust,1.930262845188425e-05,1.1145692696817964e-07,0.00010780949090143194
73,8,1-5,adjust,7.6003487973350165e-06,9.058602978751783e-08,0.00010933221993467638
73,9,1-5,adjust,-0.0006442069020359119,-1.769794228082938e-05,1.8319526016539983e-06
74,2,1-7,adjust,0.00038343963874036015,-1.0535599908416522e-05,4.4613119684122416e-05
74,3,1-7,adjust,0.00045019429209532726,-5.365290615696815e-06,4.641279663186551e-05
74,4,1-7,adjust,-4.4570973979459636e-09,2.5500657140222026e-11,1.8007264006919166e-05
74,5,1-7,adjust,1.4431346394672692e-05,-2.5435907355800326e-08,6.266541314062606e-05
74,6,1-7,adjust,-0.0004052448998508041,-7.145752296996171e-07,2.519733033546625e-05
74,9,1-8,adjust,0.000648392540799968,1.7812961405248782e-05,4.8640775394464045e-05
75,2,1-4,adjust,-0.0003856177222878462,1.0595412824046577e-05,1.878211902199642e-05
75,3,1-5,adjust,-0.00044600042055969346,5.3153097505474854e-06,2.24721759165929e-05
75,6,1-5,adjust,0.00042126934065785365,7.42827657665101e-07,0.00013967335757865407
75,7,1-5,adjust,1.3793373834841202e-05,7.96455444664571e-08,0.00010789232007429315
75,8,1-5,adjust,5.436346096799002e-06,6.479427503232325e-08,0.00010937097042228873
75,9,1-5,adjust,-0.000646299870841904,-1.775544575136351e-05,1.8319757576822232e-06
76,2,1-7,adjust,0.0003825066748940841,-1.0509959762110487e-05,4.462042019420592e-05
76,3,1-7,adjust,0.00044607545571905455,-5.316203479173222e-06,4.644165174548553e-05
76,4,1-7,adjust,-3.2538002922355995e-09,1.867028753754812e-11,1.805506861611198e-05
76,5,1-7,adjust,1.0312486250589222e-05,-1.8176244304537794e-08,6.259605069316903e-05
76,6,1-7,adjust,-0.00040743635545507413,-7.184388827703547e-07,2.5094949027175985e-05
76,9,1-8,adjust,0.0006492946190328106,1.7837739863038164e-05,4.8562392714342796e-05
77,2,1-4,adjust,-0.00038406312592236143,1.0552701865244912e-05,1.8714775343457312e-05
77,3,1-5,adjust,-0.0004430785289619202,5.280487329717595e-06,2.2674183388353653e-05
77,6,1-5,adjust,0.0004188872284142786,7.386277282565128e-07,0.00013978081382481843
77,7,1-5,adjust,9.856557582571206e-06,5.6913665182214136e-08,0.00010795150884844133
77,8,1-5,adjust,3.887362851676703e-06,4.633252169617021e-08,0.00010939866079888387
77,9,1-5,adjust,-0.0006477973525504233,-1.779658846777911e-05,1.8319928225017935e-06
78,2,1-7,adjust,0.000381840001800607,-1.0491637942665977e-05,4.462567733257023e-05
78,3,1-7,adjust,0.00044313216771071733,-5.281126200513202e-06,4.646230239307557e-05
78,4,1-7,adjust,-2.361975067545458e-09,1.3580025992257772e-11,1.8089252310518828e-05
78,5,1-7,adjust,7.3691816143647605e-06,-1.2988542540644697e-08,6.254647117220616e-05
78,6,1-7,adjust,-0.0004090023529235551,-7.211998180579149e-07,2.502178863258569e-05
78,9,1-8,adjust,0.0006499392368986922,1.78554463411081e-05,4.850644573882831e-05
79,2,1-4,adjust,-0.0003829522351227359,1.0522181268135698e-05,1.8666651831286366e-05
79,3,1-5,adjust,-0.0004409905892766163,5.2556037494767255e-06,2.281853665980241e-05
79,6,1-5,adjust,0.0004171850056960629,7.356265195454375e-07,0.00013985760095876413
79,7,1-5,adjust,7.043367032473839e-06,4.066978449679523e-08,0.00010799380441340136
79,8,1-5,adjust,2.779170062281052e-06,3.312431765218916e-08,0.00010941844785067786
79,9,1-5,adjust,-0.0006488683720749194,-1.7826014311341163e-05,1.8320052956870858e-06
80,2,1-7,adjust,0.0003813636123271115,-1.0478545586171808e-05,4.462945415512508e-05
80,3,1-7,adjust,0.00044102892469308165,-5.256060344749079e-06,4.647707466246026e-05
80,4,1-7,adjust,-1.7076645790053461e-09,9.8310803940224e-12,1.8113691113147553e-05
80,5,1-7,adjust,5.265926544682088e-06,-9.281460584263615e-09,6.251103526816641e-05
80,6,1-7,adjust,-0.0004101213989450313,-7.231727554938578e-07,2.4969509118718972e-05
80,9,1-8,adjust,0.0006503998741214216,1.7868099201613492e-05,4.8466498861680426e-05
81,2,1-4,adjust,-0.00038215840801092687,1.0500371674165131e-05,1.863226308660894e-05
81,3,1-5,adjust,-0.00043949857608409365,5.2378222825056806e-06,2.2921690328908057e-05
81,6,1-5,adjust,0.0004159686201259511,7.334818963427341e-07,0.00013991247218709537
81,7,1-5,adjust,5.033099204179498e-06,2.9062117384496594e-08,0.00010802402828489082
81,8,1-5,adjust,1.9866146011451765e-06,2.36780606082273e-08,0.00010943258734694832
81,9,1-5,adjust,-0.0006496341786149217,-1.78470545507639e-05,1.8320143556777088e-06
82,2,1-7,adjust,0.00038102319434433904,-1.046919006089383e-05,4.4632163089196494e-05
82,3,1-7,adjust,0.0004395259715433909,-5.238148574393203e-06,4.6487638522092687e-05
82,4,1-7,adjust,-1.231000588339607e-09,7.093492459990181e-12,1.813116055510685e-05
82,5,1-7,adjust,3.762964695835728e-06,-6.632419755271631e-09,6.248570971610107e-05
82,6,1-7,adjust,-0.0004109210565585079,-7.245825950586471e-07,2.493215082641384e-05
82,9,1-8,adjust,0.0006507290401196203,1.7877140786625693e-05,4.843796938318668e-05
83,2,1-4,adjust,-0.00038159114973241443,1.0484786829760771e-05,1.8607689175307846e-05
83,3,1-5,adjust,-0.00043843240296374494,5.225115877496247e-06,2.2995402962839118e-05
83,6,1-5,adjust,0.0004150994067016452,7.31949375228092e-07,0.0001399516825226782
83,7,1-5,adjust,3.596587989336685e-06,2.076742317616991e-08,0.00010804562587092196
83,8,1-5,adjust,1.4199368571313898e-06,1.692396179589784e-08,0.00010944269120286635
83,9,1-5,adjust,-0.0006501816492384012,-1.7862096097542836e-05,1.832020914342568e-06
84,2,1-7,adjust,0.0003807799381459699,-1.046250478039175e-05,4.463410388797073e-05
84,3,1-7,adjust,0.0004384519797126265,-5.225349044454885e-06,4.649519121507947e-05
84,4,1-7,adjust,-8.854409886769543e-10,5.1053605786890005e-12,1.8143646886333043e-05
84,5,1-7,adjust,2.688966494294976e-06,-4.739445254267305e-09,6.24676106465298e-05
84,6,1-7,adjust,-0.00041149248223714655,-7.255900484297375e-07,2.4905455057831758e-05
84,9,1-8,adjust,0.000650964258133724,1.7883601791913612e-05,4.8417590600519784e-05
85,2,1-4,adjust,-0.00038118579433301454,1.0473650102228853e-05,1.8590128891549638e-05
85,3,1-5,adjust,-0.0004376705294001134,5.216036044021511e-06,2.3048077243734836e-05
85,6,1-5,adjust,0.00041447827787482447,7.308542555212572e-07,0.00013997970175302248
85,7,1-5,adjust,2.570075514531922e-06,1.4840137743712436e-08,0.00010806105922455952
85,8,1-5,adjust,1.0148323536420854e-06,1.2095606858638953e-08,0.00010944991126452388
85,9,1-5,adjust,-0.0006505729822248261,-1.7872847821577413e-05,1.8320256426994928e-06
86,2,1-7,adjust,0.00038060611163400463,-1.0457727600683966e-05,4.463549327414996e-05
86,3,1-7,adjust,0.00043768451860391787,-5.2162026608156555e-06,4.650059021810904e-05
86,4,1-7,adjust,-6.358083826157552e-10,3.667732784125974e-12,1.8152570904696986e-05
86,5,1-7,adjust,1.92150085177034e-06,-3.3867483672032425e-09,6.245467640628737e-05
86,6,1-7,adjust,-0.0004119008159398573,-7.263099631050747e-07,2.4886378597541892e-05
86,9,1-8,adjust,0.0006511323419442309,1.7888218743917218e-05,4.840303219298157e-05
87,2,1-4,adjust,-0.0003808961326204777,1.0465691941187896e-05,1.85775804950522e-05
87,3,1-5,adjust,-0.00043712610428740014,5.209547711265474e-06,2.3085717700046793e-05
87,6,1-5,adjust,0.00041403442712572474,7.300716969679848e-07,0.00013999972394783462
87,7,1-5,adjust,1.8365428188753836e-06,1.060457389849395e-08,0.000108072087697953
87,8,1-5,adjust,7.25267929066936e-07,8.644345007283339e-09,0.00010945507061430646
87,9,1-5,adjust,-0.0006508526825347609,-1.788053248171875e-05,1.8320290434429787e-06
88,2,1-7,adjust,0.00038048189806714756,-1.045431390401485e-05,4.463648736535078e-05
88,3,1-7,adjust,0.00043713610071638214,-5.20966677137845e-06,4.650444924640532e-05
88,4,1-7,adjust,-4.5606585538657934e-10,2.631617146407011e-12,1.815894861506563e-05
88,5,1-7,adjust,1.3730796230903447e-06,-2.420127624263197e-09,6.244543332823984e-05
88,6,1-7,adjust,-0.00041219260603087715,-7.268244037347813e-07,2.487274680146324e-05
88,9,1-8,adjust,0.0006512524525026835,1.7891517958835716e-05,4.839263094437808e-05
89,2,1-4,adjust,-0.00038068914411488233,1.046000514156081e-05,1.8568613550985123e-05
89,3,1-5,adjust,-0.0004367370650993393,5.204911231571997e-06,2.311261513482165e-05
89,6,1-5,adjust,0.00041371725701562604,7.295124917592722e-07,0.00014001403155783598
89,7,1-5,adjust,1.3123697536833478e-06,7.577892768405118e-09,0.00010807996850067867
89,8,1-5,adjust,5.183079672608852e-07,6.177627101474901e-09,0.00010945875741052679
89,9,1-5,adjust,-0.0006510525821657681,-1.7886024649389766e-05,1.8320314893072938e-06
90,2,1-7,adjust,0.00038039313701617974,-1.0451874532998924e-05,4.463719835904254e-05
90,3,1-7,adjust,0.000436744208255165,-5.204996308289887e-06,4.650720734427082e-05
90,4,1-7,adjust,-3.268267381750801e-10,1.8864909634362692e-12,1.8163506405873244e-05
90,5,1-7,adjust,9.811848678972706e-07,-1.7293923545309723e-09,6.243882812374163e-05
90,6,1-7,adjust,-0.00041240111547279106,-7.271920161591729e-07,2.486300569514934e-05
90,9,1-8,adjust,0.0006513382819443472,1.7893875534809664e-05,4.8385199345703896e-05
91,2,1-4,adjust,-0.0003805412328228056,1.0455941429082378e-05,1.856220587555365e-05
91,3,1-5,adjust,-0.00043645906266140297,5.201598061839519e-06,2.3131835720812316e-05
91,6,1-5,adjust,0.00041349061132421177,7.291128899030031e-07,0.00014002425559382604
91,7,1-5,adjust,9.378024188462107e-07,5.41506456846082e-09,0.00010808560001827674
91,8,1-5,adjust,3.7039659105483035e-07,4.414697149057487e-09,0.00010946139194368156
91,9,1-5,adjust,-0.0006511954425353314,-1.7889949683929957e-05,1.8320332430492636e-06
92,2,1-7,adjust,0.0003803297097682929,-1.0450131395133856e-05,4.4637706739674704e-05
92,3,1-7,adjust,0.00043646416709264296,-5.201658857563635e-06,4.6509178488998726e-05
92,4,1-7,adjust,-2.3404058362056354e-10,1.350863865209173e-12,1.8166763523901342e-05
92,5,1-7,adjust,7.011419664897407e-07,-1.2358016736205526e-09,6.24341080211341e-05
92,6,1-7,adjust,-0.00041255011368094424,-7.274547102691481e-07,2.485604482562613e-05
92,9,1-8,adjust,0.0006513996145531993,1.7895560227717008e-05,4.8379889322436424e-05
93,2,1-4,adjust,-0.00038043553732011504,1.0453037553014173e-05,1.8557627026606003e-05
93,3,1-5,adjust,-0.00043626040574893543,5.1992305150206794e-06,2.314557051525936e-05
93,6,1-5,adjust,0.0004133286532585866,7.288273398844097e-07,0.00014003156155935467
93,7,1-5,adjust,6.70141428458737e-07,3.8695350998389164e-09,0.00010808962422751339
93,8,1-5,adjust,2.6469079967649796e-07,3.1548076540472713e-09,0.00010946327454455096
93,9,1-5,adjust,-0.000651297536044557,-1.7892754664097036e-05,1.8320345005386632e-06
94,2,1-7,adjust,0.00038028438557642847,-1.044888577518774e-05,4.4638070179045547e-05
94,3,1-7,adjust,0.00043626405327563104,-5.199273957985627e-06,4.651058716435256e-05
94,4,1-7,adjust,-1.674900499833071e-10,9.670042544467243e-13,1.8169091108431924e-05
94,5,1-7,adjust,5.010269245677111e-07,-8.830879626029205e-10,6.243073504247288e-05
94,6,1-7,adjust,-0.00041265658581483904,-7.276424250562196e-07,2.4851070678174643e-05
94,9,1-8,adjust,0.0006514434420387174,1.7896764087695208e-05,4.8376095097966644e-05
95,2,1-4,adjust,-0.0003803600086797753,1.0450962479899286e-05,1.8554355037650442e-05
95,3,1-5,adjust,-0.00043611844807217587,5.197538695730562e-06,2.315538522861077e-05
95,6,1-5,adjust,0.0004132129201095367,7.286232887494606e-07,0.00014003678230837434
95,7,1-5,adjust,4.788743536897946e-07,2.7651200945660468e-09,0.00010809249987533476
95,8,1-5,adjust,1.8914970937605566e-07,2.254445926207663e-09,0.00010946461982511317
95,9,1-5,adjust,-0.0006513704944220009,-1.7894759167269374e-05,1.8320353998442127e-06
96,2,1-7,adjust,0.00038025199752494585,-1.044799567119147e-05,4.463832996527919e-05
96,3,1-7,adjust,0.0004361210544975145,-5.197569738771191e-06,4.6511593846135544e-05
96,4,1-7,adjust,-0.0,-0.0,1.8170755181177707e-05
96,5,1-7,adjust,3.580272977644911e-07,-6.310433226117092e-10,6.242832472854606e-05
96,6,1-7,adjust,-0.0004127326694760746,-7.277765652260731e-07,2.4847516216704942e-05
96,9,1-8,adjust,0.0006514747606075602,1.7897624350472345e-05,4.83733839210477e-05
97,2,1-4,adjust,-0.00038030600996858804,1.0449478920924629e-05,1.8552018464599347e-05
97,3,1-5,adjust,-0.0004360170069507791,5.196329743918423e-06,2.3162395247842372e-05
97,6,1-5,adjust,0.0004131302186655922,7.284774780689909e-07,0.00014004051235075955
97,7,1-5,adjust,3.4219736878510167e-07,1.9759187344582027e-09,0.00010809455477508705
97,8,1-5,adjust,1.3516645734960374e-07,1.6110278962782472e-09,0.00010946558156110469
97,9,1-5,adjust,-0.0006514226313417145,-1.7896191610498328e-05,1.8320352617434424e-06
98,2,1-7,adjust,0.000380228840071456,-1.0447359247660948e-05,4.463851564530626e-05
98,3,1-7,adjust,0.0004360188694747485,-5.196351927208242e-06,4.651231323730921e-05
98,4,1-7,adjust,-1.4566121855521385e-10,8.410494523034359e-13,1.8171943015003412e-05
98,5,1-7,adjust,2.558416523673297e-07,-4.509353524313511e-10,6.242660233509839e-05
98,6,1-7,adjust,-0.0004127870378234557,-7.27872419471235e-07,2.4844976244615303e-05
98,9,1-8,adjust,0.0006514971404466876,1.789823908322907e-05,4.837144661033548e-05
99,2,1-4,adjust,-0.00038026746263562273,1.0448419871857796e-05,1.8550346897459177e-05
99,3,1-5,adjust,-0.00043594451842901696,5.195465842792126e-06,2.316740871225304e-05
99,6,1-5,adjust,0.0004130711213230518,7.283732825930402e-07,0.00014004317856464445
99,7,1-5,adjust,2.4452978737605124e-07,1.4119658485527817e-09,0.00010809602317990539
99,8,1-5,adjust,9.658947028549585e-08,1.151234862745681e-09,0.00010946626829908996
99,9,1-5,adjust,-0.0006514598886083496,-1.7897215239416088e-05,1.8320361129268509e-06
100,2,1-7,adjust,0.00038021230502469934,-1.0446904823389887e-05,4.4638648349217645e-05
100,3,1-7,adjust,0.0004359458493806167,-5.195481693982899e-06,4.6512827319862253e-05
100,4,1-7,adjust,-0.0,-0.0,1.817279296800426e-05
100,5,1-7,adjust,1.8282109895321817e-07,-3.2223260837268053e-10,6.242537152914588e-05
100,6,1-7,adjust,-0.0004128258887768616,-7.27940915862215e-07,2.484316121359399e-05
100,9,1-8,adjust,0.0006515131327386851,1.7898678361672767e-05,4.83700622647222e-05
101,2,1-4,adjust,-0.00038023988735375063,1.0447662269092736e-05,1.8549153761672663e-05
101,3,1-5,adjust,-0.000435892719092676,5.194848509810742e-06,2.3170988270052365e-05
101,6,1-5,adjust,0.00041302889111732735,7.282988260816368e-07,0.00014004508325283954
101,7,1-5,adjust,1.7473780012552986e-07,1.0089726944262501e-09,0.00010809707248314676
101,8,1-5,adjust,6.902220107305062e-08,8.226651182502552e-10,0.00010946675939376186
101,9,1-5,adjust,-0.0006514865126671252,-1.7897946725436763e-05,1.8320360427707622e-06
102,2,1-7,adjust,0.00038020048083517216,-1.0446579866085908e-05,4.463874318710929e-05
102,3,1-7,adjust,0.0004358936701250568,-5.194859836914927e-06,4.651319468565048e-05
102,4,1-7,adjust,-0.0,-0.0,1.817340000578838e-05
102,5,1-7,adjust,1.3064156631899785e-07,-2.30263258894156e-10,6.242449200770937e-05
102,6,1-7,adjust,-0.00041285365113147944,-7.27989861260047e-07,2.4841864216862117e-05
102,9,1-8,adjust,0.0006515245606833069,1.789899226609499e-05,4.83690730447384e-05
103,2,1-4,adjust,-0.00038022018661592157,1.0447121011096051e-05,1.8548301163188032e-05
103,3,1-5,adjust,-0.0004358557039455811,5.194407371499586e-06,2.3173546176909895e-05
103,6,1-5,adjust,0.00041299871396548323,7.282456200451681e-07,0.00014004644431829736
103,7,1-5,adjust,1.2486533056593356e-07,7.209983279752611e-10,0.0001080978223012949
103,8,1-5,adjust,4.932268969302467e-08,5.87869578410668e-10,0.00010946711032488538
103,9,1-5,adjust,-0.0006515055380547735,-1.789846944069678e-05,1.8320359920365968e-06
104,2,1-7,adjust,0.00038019202934758047,-1.0446347598699103e-05,4.463881096202532e-05
104,3,1-7,adjust,0.0004358563835865543,-5.194415466513216e-06,4.651345720351672e-05
104,4,1-7,adjust,-0.0,-0.0,1.8173833790018752e-05
104,5,1-7,adjust,9.33547616356515e-08,-1.6454303927073077e-10,6.24238635116808e-05
104,6,1-7,adjust,-0.00041287348975987595,-7.280248386874393e-07,2.4840937399966036e-05
104,9,1-8,adjust,0.0006515327269226352,1.789921657709289e-05,4.836836616932763e-05
105,2,1-4,adjust,-0.0003802061097741651,1.0446734264218576e-05,1.8547691907490822e-05
105,3,1-5,adjust,-0.00043582925342363515,5.1940921404725815e-06,2.3175374022650702e-05
105,6,1-5,adjust,0.0004129771497734966,7.282075986540774e-07,0.00014004741691750572
105,7,1-5,adjust,8.922713232825676e-08,5.152161504529892e-10,0.000108098358110522
105,8,1-5,adjust,3.524548451763955e-08,4.2008584633263123e-10,0.00010946736109442712
105,9,1-5,adjust,-0.0006515191335057752,-1.7898842972004148e-05,1.8320359577918363e-06
106,2,1-7,adjust,0.0003801859894928966,-1.044618160839005e-05,4.46388593956224e-05
106,3,1-7,adjust,0.0004358297390516191,-5.194097924759856e-06,4.65136447976929e-05
106,4,1-7,adjust,-0.0,-0.0,1.8174143767757887e-05
106,5,1-7,adjust,6.671007226005068e-08,-1.1758028400946706e-10,6.242341439579715e-05
106,6,1-7,adjust,-0.00041288766622500167,-7.280498324533837e-07,2.484027510761186e-05
106,9,1-8,adjust,0.0006515385624036518,1.789937686790468e-05,4.836786104757238e-05
107,2,1-4,adjust,-0.0003801960509289352,1.0446457907232702e-05,1.8547256540950627e-05
107,3,1-5,adjust,-0.00043581035222165323,5.193866880467431e-06,2.3176680176947527e-05
107,6,1-5,adjust,0.00041296174028568344,7.281804306174271e-07,0.000140048111923878
107,7,1-5,adjust,6.376054867226694e-08,3.681666269817615e-10,0.00010809874099364159
107,8,1-5,adjust,2.5186063361489894e-08,3.0018871456365115e-10,0.00010946754029129766
107,9,1-5,adjust,-0.0006515288486626936,-1.789910989135897e-05,1.8320359311267538e-06
108,2,1-7,adjust,0.0003801816733255727,-1.0446062989610213e-05,4.463889400558557e-05
108,3,1-7,adjust,0.0004358106992563353,-5.1938710140250735e-06,4.6513778849248584e-05
108,4,1-7,adjust,-1.254156264055428e-10,7.240874566595253e-13,1.8174364473893136e-05
108,5,1-7,adjust,4.767015267121956e-08,-8.402136849920431e-11,6.242309346277937e-05
108,6,1-7,adjust,-0.00041289779647845753,-7.280676919302933e-07,2.4839801843547388e-05
108,9,1-8,adjust,0.0006515427323684527,1.7899491408665596e-05,4.836750009766903e-05
109,2,1-4,adjust,-0.0003801888911965546,1.0446261201386114e-05,1.8546943813471013e-05
109,3,1-5,adjust,-0.0004357968456862894,5.193705912535195e-06,2.3177617149009555e-05
109,6,1-5,adjust,0.00041295072885677895,7.28161016921452e-07,0.0001400486092348793
109,7,1-5,adjust,4.5562469815067315e-08,2.630868688063595e-10,0.00010809901459645829
109,8,1-5,adjust,1.79976626733028e-08,2.1451136523328639e-10,0.0001094676679085561
109,9,1-5,adjust,-0.0006515357910148891,-1.789930062960108e-05,1.8320367318964905e-06
110,2,1-7,adjust,0.00038017860315982087,-1.0445978613291542e-05,4.463891873946878e-05
110,3,1-7,adjust,0.00043579709365547696,-5.193708865431874e-06,4.651387464152263e-05
110,4,1-7,adjust,-0.0,-0.0,1.817452315996297e-05
110,5,1-7,adjust,3.4064471594104477e-08,-6.00406886158755e-11,6.242286412800592e-05
110,6,1-7,adjust,-0.0004129050354672255,-7.280804563414736e-07,2.4839463653285562e-05
110,9,1-8,adjust,0.00065154571217757,1.789957325748113e-05,4.836724216828021e-05
111,2,1-4,adjust,-0.00038018374783984666,1.044611989302741e-05,1.854672149969074e-05
111,3,1-5,adjust,-0.0004357871940483753,5.193590886607698e-06,2.317828411746414e-05
111,6,1-5,adjust,0.0004129428602422465,7.281471446584457e-07,0.00014004896412956545
111,7,1-5,adjust,3.255834609691428e-08,1.8799849555983435e-10,0.00010809921011013194
111,8,1-5,adjust,1.2860926557922207e-08,1.532874666952378e-10,0.00010946775941275156
111,9,1-5,adjust,-0.0006515407519748812,-1.7899436930956933e-05,1.8320367191568626e-06
112,2,1-7,adjust,0.0003801764026523986,-1.0445918138311616e-05,4.463893641348293e-05
112,3,1-7,adjust,0.0004357873712662315,-5.193592996949388e-06,4.651394309529257e-05
112,4,1-7,adjust,-0.0,-0.0,1.8174636269589668e-05
112,5,1-7,adjust,2.4342024670780282e-08,-4.290421927177378e-11,6.242270024860683e-05
112,6,1-7,adjust,-0.00041291020831139944,-7.280895760533067e-07,2.483922198873178e-05
112,9,1-8,adjust,0.0006515478415098914,1.789963174713613e-05,4.836705785592829e-05
113,2,1-4,adjust,-0.0003801800757180347,1.0446019005397634e-05,1.85465626369808e-05
113,3,1-5,adjust,-0.00043578029712988323,5.1935086906560485e-06,2.3178760724310802e-05
113,6,1-5,adjust,0.0004129372374268588,7.28137229995179e-07,0.00014004921773196774
113,7,1-5,adjust,2.32657559592114e-08,1.3434141004978084e-10,0.00010809934982119116
113,8,1-5,adjust,9.19024936885784e-09,1.0953722845417336e-10,0.00010946782480045363
113,9,1-5,adjust,-0.0006515442969813977,-1.789953432766888e-05,1.8320367085004442e-06
114,2,1-7,adjust,0.00038017482861104837,-1.0445874879718702e-05,4.463894904459153e-05
114,3,1-7,adjust,0.0004357804237662963,-5.193510199346243e-06,4.6513992010575776e-05
114,4,1-7,adjust,-0.0,-0.0,1.8174717096134195e-05
114,5,1-7,adjust,1.7394482893680155e-08,-3.065871355053616e-11,6.242258314197399e-05
114,6,1-7,adjust,-0.0004129139048008429,-7.280960922598461e-07,2.4839049297676666e-05
114,9,1-8,adjust,0.0006515493630784376,1.7899673542176764e-05,4.8366926149617905e-05
115,2,1-4,adjust,-0.0003801774525058747,1.04459469348759e-05,1.8546449116513126e-05
115,3,1-5,adjust,-0.0004357753687096383,5.193449955027895e-06,2.317910129914251e-05
115,6,1-5,adjust,0.00041293321943176815,7.281301458271451e-07,0.00014004939895360583
115,7,1-5,adjust,1.6625422229208072e-08,9.599872540385348e-11,0.00010809944965747176
115,8,1-5,adjust,6.567237362191037e-09,7.827413197561689e-11,0.00010946787152476123
115,9,1-5,adjust,-0.0006515468302303599,-1.789960392797153e-05,1.8320367028597538e-06
116,2,1-7,adjust,0.00038017370337315684,-1.044584395521996e-05,4.463895806908747e-05
116,3,1-7,adjust,0.0004357754591917954,-5.19345103231191e-06,4.651402696502169e-05
116,4,1-7,adjust,-0.0,-0.0,1.817477485385685e-05
116,5,1-7,adjust,1.2429868897077893e-08,-2.190836778399527e-11,6.242249945941323e-05
116,6,1-7,adjust,-0.00041291654626358275,-7.281007494034566e-07,2.483892589548834e-05
116,9,1-8,adjust,0.0006515504503822249,1.7899703408020544e-05,4.8366832032292426e-05
117,2,1-4,adjust,-0.00038017557818354137,1.0445895439517548e-05,1.8546367995595068e-05
117,3,1-5,adjust,-0.00043577184690653383,5.193407982768759e-06,2.317934467061412e-05
117,6,1-5,adjust,0.0004129303482329079,7.281250835099794e-07,0.00014004952845190634
117,7,1-5,adjust,1.1880305955487364e-08,6.859904605466534e-11,0.00010809952099877849
117,8,1-5,adjust,4.692863341394289e-09,5.593339967875489e-11,0.0001094679049146206
117,9,1-5,adjust,-0.0006515486404359962,-1.7899653662672952e-05,1.8320366963857794e-06
118,2,1-7,adjust,0.0003801728992300897,-1.0445821855552645e-05,4.463896451921711e-05
118,3,1-7,adjust,0.00043577191161582016,-5.193408753912164e-06,4.651405194364997e-05
118,4,1-7,adjust,-0.0,-0.0,1.8174816127174175e-05
118,5,1-7,adjust,8.882236275666025e-09,-1.5655524802465214e-11,6.242243966101053e-05
118,6,1-7,adjust,-0.0004129184337773846,-7.281040771857201e-07,2.483883771258596e-05
118,9,1-8,adjust,0.000651551227356435,1.7899724750154773e-05,4.836676477853134e-05
119,2,1-4,adjust,-0.0003801742388701496,1.0445858643773056e-05,1.8546310028013083e-05
119,3,1-5,adjust,-0.00043576933028332144,5.19337799024457e-06,2.3179518581853155e-05
119,6,1-5,adjust,0.0004129282965035646,7.281214665819575e-07,0.00014004962099028716
119,7,1-5,adjust,8.489519494517254e-09,4.902036989107464e-11,0.00010809957197776922
119,8,1-5,adjust,3.3534695117205445e-09,3.996957128221011e-11,0.00010946792877453329
119,9,1-5,adjust,-0.0006515499340136422,-1.7899689203846072e-05,1.8320366953601993e-06
120,2,1-7,adjust,0.0003801723245505711,-1.0445806061481203e-05,4.4638969127629236e-05
120,3,1-7,adjust,0.0004357693764724358,-5.193378540160407e-06,4.651406979158007e-05
120,4,1-7,adjust,-0.0,-0.0,1.8174845620293886e-05
120,5,1-7,adjust,6.347118679811542e-09,-1.1187260349149769e-11,6.242239692960674e-05
120,6,1-7,adjust,-0.0004129197825742115,-7.281064556399217e-07,2.4838774698957594e-05
120,9,1-8,adjust,0.0006515517825945049,1.7899740001688886e-05,4.836671672000813e-05
121,2,1-4,adjust,-0.000380173281817795,1.0445832349169505e-05,1.854626860669173e-05
121,3,1-5,adjust,-0.0004357675319218892,5.1933565579807294e-06,2.3179642856457604e-05
121,6,1-5,adjust,0.00041292683036336334,7.281188816077083e-07,0.00014004968711648703
121,7,1-5,adjust,6.066505341686329e-09,3.502916676576319e-11,0.00010809960840784862
121,8,1-5,adjust,2.3963385688568236e-09,2.8561522602206927e-11,0.00010946794582350445
121,9,1-5,adjust,-0.0006515508583494893,-1.7899714599312052e-05,1.832036691674521e-06
122,2,1-7,adjust,0.0003801719138653966,-1.044579477489401e-05,4.4638972420959234e-05
122,3,1-7,adjust,0.00043576756496450816,-5.1933569514129086e-06,4.6514082546639644e-05
122,4,1-7,adjust,-0.0,-0.0,1.817486669559636e-05
122,5,1-7,adjust,4.535562013234221e-09,-7.994310935424335e-12,6.242236639408102e-05
122,6,1-7,adjust,-0.0004129207464639174,-7.28108155614394e-07,2.4838729670510786e-05
122,9,1-8,adjust,0.0006515521793328212,1.7899750899226e-05,4.836668237656758e-05
123,2,1-4,adjust,-0.0003801725979351907,1.0445813560485721e-05,1.854623900502078e-05
123,3,1-5,adjust,-0.00043576624684945584,5.193341242535842e-06,2.317973166108587e-05
123,6,1-5,adjust,0.0004129257826945469,7.281170343196613e-07,0.0001400497343694812
123,7,1-5,adjust,4.335033549708852e-09,2.503125145859414e-11,0.00010809963443931502
123,8,1-5,adjust,1.7123959879987146e-09,2.0409724145080115e-11,0.00010946795800786074
123,9,1-5,adjust,-0.0006515515188960354,-1.7899732747250035e-05,1.832036690072052e-06
124,2,1-7,adjust,0.0003801716204025156,-1.0445786709840728e-05,4.463897477453736e-05
124,3,1-7,adjust,0.00043576627044183736,-5.193341523444652e-06,4.651409166095396e-05
124,4,1-7,adjust,-0.0,-0.0,1.8174881755695283e-05
124,5,1-7,adjust,3.241073303734676e-09,-5.712518225176661e-12,6.242234457396702e-05
124,6,1-7,adjust,-0.00041292143515683197,-7.281093681624761e-07,2.4838697493576153e-05
124,9,1-8,adjust,0.0006515524628439423,1.789975868657499e-05,4.836665783651901e-05
125,2,1-4,adjust,-0.00038017210923020357,1.0445800133897151e-05,1.8546217853552958e-05
125,3,1-5,adjust,-0.0004357653285584104,5.193330298673939e-06,2.3179795117444345e-05
125,6,1-5,adjust,0.0004129250340309134,7.281157134897508e-07,0.00014004976813568036
125,7,1-5,adjust,3.09776085374458e-09,1.788715107531764e-11,0.000108099653041383
125,8,1-5,adjust,1.2236504088423715e-09,1.4584415012999168e-11,0.00010946796671311283
125,9,1-5,adjust,-0.000651551990902044,-1.7899745715500647e-05,1.8320366878606448e-06
126,2,1-7,adjust,0.0003801714107217163,-1.04457809479439e-05,4.463897645642463e-05
126,3,1-7,adjust,0.0004357653454322967,-5.193330499776717e-06,4.651409817407666e-05
126,4,1-7,adjust,-0.0,-0.0,1.817489251736366e-05
126,5,1-7,adjust,2.3160433788333428e-09,-4.082218043116684e-12,6.242232898200867e-05
126,6,1-7,adjust,-0.00041292192735483486,-7.28110236465076e-07,2.4838674500230573e-05
126,9,1-8,adjust,0.0006515526654336637,1.78997642512984e-05,4.83666402997403e-05
127,2,1-4,adjust,-0.00038017176001671276,1.0445790539608099e-05,1.854620273909829e-05
127,3,1-5,adjust,-0.0004357646723297047,5.193322478140517e-06,2.3179840466865676e-05
127,6,1-5,adjust,0.0004129244990468306,7.281147702653446e-07,0.00014004979226466362
127,7,1-5,adjust,2.213623782810806e-09,1.278210221898468e-11,0.00010809966633508045
127,8,1-5,adjust,8.744224054442068e-10,1.0422107661802164e-11,0.00010946797293554765
127,9,1-5,adjust,-0.0006515523281912636,-1.7899754983422167e-05,1.8320366875401512e-06
128,2,1-7,adjust,0.0003801712608515322,-1.0445776828635682e-05,4.4638977657250724e-05
128,3,1-7,adjust,0.00043576468439673893,-5.193322621596023e-06,4.6514102827918776e-05
128,4,1-7,adjust,-0.0,-0.0,1.817490020769206e-05
128,5,1-7,adjust,1.6550106443328784e-09,-2.9171385807539308e-12,6.242231783972187e-05
128,6,1-7,adjust,-0.000412922279068664,-7.281108563373383e-07,2.4838658069283604e-05
128,9,1-8,adjust,0.0006515528102204603,1.7899768228844497e-05,4.836662776958724e-05
129,2,1-4,adjust,-0.0003801715104794615,1.0445783683791597e-05,1.8546191937207943e-05
129,3,1-5,adjust,-0.00043576420342989467,5.193316889555193e-06,2.3179872870453508e-05
129,6,1-5,adjust,0.0004129241167455581,7.281140966465654e-07,0.0001400498095071329
129,7,1-5,adjust,1.5818169923518896e-09,9.133660871932219e-12,0.00010809967583345849
129,8,1-5,adjust,6.248303887556604e-10,7.44728977660831e-12,0.00010946797738071628
129,9,1-5,adjust,-0.0006515525692316535,-1.789976160468833e-05,1.8320366866587933e-06
130,2,1-7,adjust,0.0003801711538277241,-1.0445773887513914e-05,4.4638978517007346e-05
130,3,1-7,adjust,0.00043576421205285184,-5.193316992619573e-06,4.651410615427566e-05
130,4,1-7,adjust,-0.0,-0.0,1.8174905703519418e-05
130,5,1-7,adjust,1.1826404629993527e-09,-2.084481554033074e-12,6.242230987766283e-05
130,6,1-7,adjust,-0.0004129225304002087,-7.28111299675851e-07,2.4838646328410573e-05
130,9,1-8,adjust,0.000651552913638061,1.7899771069821998e-05,4.836661881409361e-05
131,2,1-4,adjust,-0.0003801713321600577,1.044577878505101e-05,1.854618421904466e-05
131,3,1-5,adjust,-0.0004357638683466409,5.193312896439735e-06,2.3179896026802227e-05
131,6,1-5,adjust,0.0004129238435754447,7.281136157698786e-07,0.0001400498218287727
131,7,1-5,adjust,1.130346526510645e-09,6.527057914483132e-12,0.00010809968262132448
131,8,1-5,adjust,4.4649807996863516e-10,5.3217120204061744e-12,0.00010946798055714617
131,9,1-5,adjust,-0.000651552741477898,-1.789976633721794e-05,1.8320366873638794e-06
132,2,1-7,adjust,0.00038017107724823537,-1.0445771782921223e-05,4.463897912940686e-05
132,3,1-7,adjust,0.0004357638744337575,-5.1933129685566696e-06,4.651410852964736e-05
132,4,1-7,adjust,-0.0,-0.0,1.817490962995283e-05
132,5,1-7,adjust,8.450845087834751e-10,-1.4895198799582155e-12,6.242230418825723e-05
132,6,1-7,adjust,-0.00041292270996797555,-7.281116162461934e-07,2.4838637938876917e-05
132,9,1-8,adjust,0.0006515529875878214,1.7899773100836142e-05,4.8366612416428805e-05
133,2,1-4,adjust,-0.00038017120473564115,1.0445775283584365e-05,1.8546178704244072e-05
133,3,1-5,adjust,-0.0004357636288639428,5.193310041946417e-06,2.3179912573415404e-05
133,6,1-5,adjust,0.00041292364836619715,7.281132706647145e-07,0.00014004983063283302
133,7,1-5,adjust,8.077334435187075e-10,4.6639693146580076e-12,0.00010809968747154917
133,8,1-5,adjust,3.1906526370153666e-10,3.8032488990022624e-12,0.0001094679828271876
133,9,1-5,adjust,-0.0006515528645451039,-1.7899769718360558e-05,1.832036686258176e-06
134,2,1-7,adjust,0.00038017102258309566,-1.0445770280999462e-05,4.463897956829105e-05
134,3,1-7,adjust,0.0004357636333015124,-5.193310095037082e-06,4.651411022935408e-05
134,4,1-7,adjust,-0.0,-0.0,1.817491243630855e-05
134,5,1-7,adjust,6.038828797554947e-10,-1.0643828634627356e-12,6.242230012247312e-05
134,6,1-7,adjust,-0.000412922838317846,-7.281118427858986e-07,2.483863194253442e-05
134,9,1-8,adjust,0.0006515530404058075,1.7899774551576386e-05,4.836660784400813e-05
135,2,1-4,adjust,-0.0003801711136759259,1.0445772781771775e-05,1.854617476332434e-05
135,3,1-5,adjust,-0.0004357634578002148,5.1933080035063565e-06,2.3179924396879677e-05
135,6,1-5,adjust,0.00041292350887225536,7.281130246706477e-07,0.00014004983692444644
135,7,1-5,adjust,5.77192128719917e-10,3.3329384130298666e-12,0.00010809969093778555
135,8,1-5,adjust,2.2798504405710515e-10,2.717204990299722e-12,0.00010946798444925469
135,9,1-5,adjust,-0.0006515529524873149,-1.7899772135501234e-05,1.8320366879888423e-06
136,2,1-7,adjust,0.00038017098351595356,-1.0445769206562643e-05,4.4638979882118556e-05
136,3,1-7,adjust,0.00043576346093184107,-5.193308040721089e-06,4.6514111442038454e-05
136,4,1-7,adjust,-0.0,-0.0,1.817491444117342e-05
136,5,1-7,adjust,4.315305007206705e-10,-7.605346284497098e-13,6.24222972173252e-05
136,6,1-7,adjust,-0.00041292293001904455,-7.281120045713025e-07,2.4838627658750446e-05
136,9,1-8,adjust,0.0006515530781746953,1.789977558900887e-05,4.836660457548435e-05
137,2,1-4,adjust,-0.0003801710485973049,1.0445770994292687e-05,1.854617194704934e-05
137,3,1-5,adjust,-0.0004357633355102526,5.1933065462565186e-06,2.317993284583288e-05
137,6,1-5,adjust,0.00041292340918255534,7.28112848912649e-07,0.00014004984141956402
137,7,1-5,adjust,4.124465453941173e-10,2.3814832847246305e-12,0.00010809969341465764
137,8,1-5,adjust,1.629402955583709e-10,1.9419578484034367e-12,0.00010946798560944218
137,9,1-5,adjust,-0.000651553015317602,-1.7899773861198554e-05,1.8320366859857562e-06
138,2,1-7,adjust,0.00038017095558823407,-1.044576843949081e-05,4.4638980105919365e-05
138,3,1-7,adjust,0.0004357633377418622,-5.193306572099259e-06,4.651411230865364e-05
138,4,1-7,adjust,-0.0,-0.0,1.817491587442161e-05
138,5,1-7,adjust,3.083460134120372e-10,-5.434381635628323e-13,6.242229514148697e-05
138,6,1-7,adjust,-0.0004129229955503323,-7.281121195938197e-07,2.4838624597682293e-05
138,9,1-8,adjust,0.0006515531051399648,1.7899776329476994e-05,4.836660224171274e-05
139,2,1-4,adjust,-0.00038017100210358424,1.0445769716349717e-05,1.8546169933867652e-05
139,3,1-5,adjust,-0.0004357632481478587,5.1933055045549145e-06,2.3179938882846038e-05
139,6,1-5,adjust,0.00041292333795171424,7.281127231413737e-07,0.00014004984463196932
139,7,1-5,adjust,2.9473676222082717e-10,1.701811519831328e-12,0.0001080996951839115
139,8,1-5,adjust,1.1640026968187273e-10,1.3875374626306906e-12,0.00010946798643588347
139,9,1-5,adjust,-0.000651553060264543,-1.7899775096246296e-05,1.8320366869472377e-06
140,2,1-7,adjust,0.0003801709356597587,-1.0445767891815722e-05,4.46389802665188e-05
140,3,1-7,adjust,0.00043576324973520586,-5.193305523618206e-06,4.651411292885717e-05
140,4,1-7,adjust,-0.0,-0.0,1.8174916898046697e-05
140,5,1-7,adjust,2.2036318029586514e-10,-3.882451792275033e-13,6.242229365788922e-05
140,6,1-7,adjust,-0.0004129230423690353,-7.281122016842828e-07,2.4838622409863546e-05
140,9,1-8,adjust,0.0006515531244237696,1.789977685957223e-05,4.836660057274138e-05
141,2,1-4,adjust,-0.0003801709688728475,1.0445768804575797e-05,1.854616849677354e-05
141,3,1-5,adjust,-0.0004357631857111039,5.1933047603871815e-06,2.3179943196852577e-05
141,6,1-5,adjust,0.0004129232870564941,7.281126335487166e-07,0.00014004984692805088
141,7,1-5,adjust,2.1061830121159015e-10,1.2159313141455417e-12,0.00010809969644899661
141,8,1-5,adjust,8.320431181439673e-11,9.918494272805607e-13,0.00010946798702943795
141,9,1-5,adjust,-0.0006515530923376787,-1.7899775977316348e-05,1.8320366863543241e-06
142,2,1-7,adjust,0.00038017092136000103,-1.0445767498963288e-05,4.463898037974925e-05
142,3,1-7,adjust,0.0004357631868668368,-5.193304774696081e-06,4.6514113371411016e-05
142,4,1-7,adjust,-0.0,-0.0,1.817491763021474e-05
142,5,1-7,adjust,1.5746980159259155e-10,-2.775877318120941e-13,6.242229259737529e-05
142,6,1-7,adjust,-0.0004129230758631393,-7.281122627464376e-07,2.4838620845853895e-05
142,9,1-8,adjust,0.0006515531381986852,1.7899777237577327e-05,4.83665993810173e-05
143,2,1-4,adjust,-0.0003801709451360704,1.0445768151496539e-05,1.854616746911023e-05
143,3,1-5,adjust,-0.0004357631411045501,5.193304229156006e-06,2.3179946280002754e-05
143,6,1-5,adjust,0.00041292325068735064,7.281125707770883e-07,0.00014004984856888289
143,7,1-5,adjust,1.5051246861963553e-10,8.690581576108482e-13,0.00010809969735269293
143,8,1-5,adjust,-0.0,-0.0,0.0001094679866505983
143,9,1-5,adjust,-0.0006515531152701142,-1.789977660732509e-05,1.8320366858735834e-06
144,2,1-7,adjust,0.0003801709111946212,-1.044576721920163e-05,4.463897955130487e-05
144,3,1-7,adjust,0.00043576314195293723,-5.193304239469621e-06,4.6514112984735265e-05
144,4,1-7,adjust,-0.0,-0.0,1.8174917630150643e-05
144,5,1-7,adjust,1.1252856997422475e-10,-1.9832571128691446e-13,6.242229215618356e-05
144,6,1-7,adjust,-0.0004129230997463783,-7.281123029062086e-07,2.483861972976635e-05
144,9,1-8,adjust,0.0006515531267323845,1.789977692240656e-05,4.836659707487225e-05
145,2,1-4,adjust,-0.0003801709281867318,1.0445767685601306e-05,1.8546166733544955e-05
145,3,1-5,adjust,-0.0004357631092232071,5.193303849356242e-06,2.3179948484839717e-05
145,6,1-5,adjust,0.0004129232246753995,7.281125234589347e-07,0.00014004984974057608
145,7,1-5,adjust,1.0754745641730546e-10,6.208515142651954e-13,0.0001080996979983597
145,8,1-5,adjust,7.22010514713937e-11,8.603476024987577e-13,0.00010946798775469935
145,9,1-5,adjust,-0.0006515531210089969,-1.7899776765376866e-05,1.8320366868350647e-06
146,2,1-7,adjust,0.00038017090392798144,-1.0445767019673826e-05,4.463898006483206e-05
146,3,1-7,adjust,0.00043576310981274487,-5.193303855817542e-06,4.651411356332269e-05
146,4,1-7,adjust,-0.0,-0.0,1.8174918265064846e-05
146,5,1-7,adjust,8.042285977804778e-11,-1.416591707106102e-13,6.242229145699431e-05
146,6,1-7,adjust,-0.00041292311683652195,-7.281123336997807e-07,2.483861893151249e-05
146,9,1-8,adjust,0.0006515531497498417,1.7899777555079404e-05,4.836659719326265e-05
147,2,1-4,adjust,-0.0003801709160491942,1.0445767352499602e-05,1.854616620847999e-05
147,3,1-5,adjust,-0.0004357630864541463,5.193303577967611e-06,2.31799500576309e-05
147,6,1-5,adjust,0.00041292320612567435,7.281124912441e-07,0.00014004985057882756
147,7,1-5,adjust,7.687220743068481e-11,4.439699262704973e-13,0.00010809969845993484
147,8,1-5,adjust,-0.0,-0.0,0.0001094679873604279
147,9,1-5,adjust,-0.0006515531353775652,-1.7899777159275e-05,1.8320366863703487e-06
148,2,1-7,adjust,0.0003801708986889461,-1.0445766875585389e-05,4.4638979640402146e-05
148,3,1-7,adjust,0.0004357630868344051,-5.193303583128587e-06,4.651411336391146e-05
148,4,1-7,adjust,-0.0,-0.0,1.817491826493665e-05
148,5,1-7,adjust,-0.0,-0.0,6.242229152795166e-05
148,6,1-7,adjust,-0.0004129231290503466,-7.281123553790081e-07,2.4838618361257904e-05
148,9,1-8,adjust,0.0006515531425640418,1.7899777357806258e-05,4.836659601560825e-05
149,2,1-4,adjust,-0.0003801709073885166,1.0445767113775387e-05,1.8546166209249175e-05
149,3,1-5,adjust,-0.0004357630866404598,5.193303580188008e-06,2.317995005817574e-05
149,6,1-5,adjust,0.0004129231675646618,7.281124237742138e-07,0.0001400498505788276
149,7,1-5,adjust,-0.0,-0.0,0.0001080996980841559
149,8,1-5,adjust,-0.0,-0.0,0.0001094679873604279
149,9,1-5,adjust,-0.0006515531389771428,-1.7899777259059384e-05,1.8320366861780526e-06
150,2,1-7,adjust,0.00038017090305252993,-1.0445766995315846e-05,4.4638979641363624e-05
150,3,1-7,adjust,0.0004357630867180889,-5.193303580484152e-06,4.65141133630942e-05
150,4,1-7,adjust,-0.0,-0.0,1.817491826493665e-05
150,5,1-7,adjust,-0.0,-0.0,6.242229152795166e-05
150,6,1-7,adjust,-0.00041292314831453957,-7.281123896720489e-07,2.483861836109766e-05
150,9,1-8,adjust,0.0006515531407632144,1.7899777307738615e-05,4.836659601464677e-05
151,2,1-4,adjust,-0.0003801709052052627,1.044576705416182e-05,1.8546166210306808e-05
151,3,1-5,adjust,-0.0004357630866590911,5.193303580076986e-06,2.3179950059842307e-05
151,6,1-5,adjust,0.0004129231579558146,7.281124060693301e-07,0.0001400498505783789
151,7,1-5,adjust,-0.0,-0.0,0.0001080996980841559
151,8,1-5,adjust,-0.0,-0.0,0.0001094679873604279
151,9,1-5,adjust,-0.0006515531398874784,-1.7899777283820576e-05,1.8320366876683486e-06
152,2,1-7,adjust,0.0003801709041402789,-1.044576702563612e-05,4.463897964171617e-05
152,3,1-7,adjust,0.0004357630867640758,-5.19330358166131e-06,4.651411336482487e-05
152,4,1-7,adjust,-0.0,-0.0,1.817491826493665e-05
152,5,1-7,adjust,-0.0,-0.0,6.242229152795166e-05
152,6,1-7,adjust,-0.00041292315312069233,-7.281123981631033e-07,2.4838618360296424e-05
152,9,1-8,adjust,0.000651553140320079,1.7899777296304097e-05,4.836659601525571e-05
153,2,1-4,adjust,-0.0003801709046735409,1.0445767040367212e-05,1.8546166209345324e-05
153,3,1-5,adjust,-0.00043576308672740616,5.193303580965151e-06,2.3179950059425665e-05
153,6,1-5,adjust,0.00041292315556839697,7.281124013592537e-07,0.00014004985057825068
153,7,1-5,adjust,-0.0,-0.0,0.0001080996980841559
153,8,1-5,adjust,-0.0,-0.0,0.0001094679873604279
153,9,1-5,adjust,-0.000651553140083976,-1.7899777288969337e-05,1.832036686210102e-06
154,2,1-7,adjust,0.0003801709043950331,-1.0445767032080304e-05,4.463897964065854e-05
154,3,1-7,adjust,0.0004357630866788669,-5.193303580590323e-06,4.651411336402363e-05
154,4,1-7,adjust,-0.0,-0.0,1.817491826493665e-05
154,5,1-7,adjust,-0.0,-0.0,6.242229152795166e-05
154,6,1-7,adjust,-0.0004129231543386924,-7.281123996626295e-07,2.4838618360969462e-05
154,9,1-8,adjust,0.0006515531402190602,1.7899777292640618e-05,4.836659601624924e-05
155,2,1-4,adjust,-0.0003801709045354438,1.044576703579595e-05,1.8546166209858114e-05
155,3,1-5,adjust,-0.000435763086736722,5.19330358085413e-06,2.3179950058496232e-05
155,6,1-5,adjust,0.00041292315494092705,7.28112400974293e-07,0.00014004985057834682
155,7,1-5,adjust,-0.0,-0.0,0.0001080996980841559
155,8,1-5,adjust,-0.0,-0.0,0.0001094679873604279
155,9,1-5,adjust,-0.0006515531401352358,-1.7899777290544184e-05,1.8320366852325959e-06
156,2,1-7,adjust,0.000380170904476713,-1.044576703464824e-05,4.463897964094698e-05
156,3,1-7,adjust,0.0004357630867289106,-5.193303581316244e-06,4.651411336402363e-05
156,4,1-7,adjust,-0.0,-0.0,1.817491826493665e-05
156,5,1-7,adjust,-0.0,-0.0,6.242229152795166e-05
156,6,1-7,adjust,-0.00041292315465317757,-7.281124004020649e-07,2.4838618360905362e-05
156,9,1-8,adjust,0.0006515531401476734,1.7899777291197443e-05,4.836659601509546e-05
157,2,1-4,adjust,-0.00038017090450068414,1.0445767035248018e-05,1.854616620953762e-05
157,3,1-5,adjust,-0.0004357630867196432,5.19330358102066e-06,2.3179950058111642e-05
157,6,1-5,adjust,0.0004129231547988521,7.281124012603318e-07,0.00014004985057885962
157,7,1-5,adjust,-0.0,-0.0,0.0001080996980841559
157,8,1-5,adjust,-0.0,-0.0,0.0001094679873604279
157,9,1-5,adjust,-0.0006515531401630794,-1.7899777291679304e-05,1.8320366859857562e-06
158,2,1-7,adjust,0.000380170904476713,-1.044576703464824e-05,4.463897964094698e-05
158,3,1-7,adjust,0.0004357630867153854,-5.1933035810810425e-06,4.6514113364039654e-05
158,4,1-7,adjust,-0.0,-0.0,1.817491826493665e-05
158,5,1-7,adjust,-0.0,-0.0,6.242229152795166e-05
158,6,1-7,adjust,-0.00041292315470103377,-7.281124002828747e-07,2.483861836103356e-05
158,9,1-8,adjust,0.0006515531401773059,1.7899777292085527e-05,4.836659601560825e-05
159,2,1-4,adjust,-0.0003801709044884713,1.0445767035319557e-05,1.8546166209153027e-05
159,3,1-5,adjust,-0.0004357630867351694,5.1933035812427004e-06,2.3179950058848778e-05
159,6,1-5,adjust,0.0004129231547444274,7.281124005722369e-07,0.00014004985057831479
159,7,1-5,adjust,-0.0,-0.0,0.0001080996980841559
159,8,1-5,adjust,-0.0,-0.0,0.0001094679873604279
159,9,1-5,adjust,-0.0006515531401630794,-1.7899777291679304e-05,1.8320366859857562e-06
160,2,1-7,adjust,0.0003801709044831887,-1.0445767034548621e-05,4.4638979640946985e-05
160,3,1-7,adjust,0.0004357630867289106,-5.193303581316242e-06,4.651411336408773e-05
160,4,1-7,adjust,-0.0,-0.0,1.817491826493665e-05
160,5,1-7,adjust,-0.0,-0.0,6.242229152795166e-05
160,6,1-7,adjust,-0.0004129231547132685,-7.281123998233428e-07,2.4838618361225856e-05
160,9,1-8,adjust,0.0006515531401611429,1.789977729164149e-05,4.8366596015672354e-05
161,2,1-4,adjust,-0.00038017090448659265,1.0445767034971897e-05,1.8546166208704336e-05
161,3,1-5,adjust,-0.0004357630867382747,5.1933035813537185e-06,2.317995005779115e-05
161,6,1-5,adjust,0.0004129231547248086,7.281124005746488e-07,0.00014004985057850707
161,7,1-5,adjust,-0.0,-0.0,0.0001080996980841559
161,8,1-5,adjust,-0.0,-0.0,0.0001094679873604279
161,9,1-5,adjust,-0.0006515531401630794,-1.7899777291679304e-05,1.8320366859857562e-06
162,2,1-7,adjust,0.0003801709045227721,-1.0445767036209715e-05,4.463897964235716e-05
162,3,1-7,adjust,0.0004357630867289106,-5.193303581316242e-06,4.651411336408773e-05
162,4,1-7,adjust,-0.0,-0.0,1.817491826493665e-05
162,5,1-7,adjust,-0.0,-0.0,6.242229152795166e-05
162,6,1-7,adjust,-0.00041292315472694143,-7.281124005505844e-07,2.4838618361418153e-05
162,9,1-8,adjust,0.0006515531401611429,1.789977729164149e-05,4.8366596015672354e-05
163,2,1-4,adjust,-0.00038017090449598705,1.0445767035378009e-05,1.8546166208896633e-05
163,3,1-5,adjust,-0.0004357630867382747,5.1933035813537185e-06,2.317995005779115e-05
163,6,1-5,adjust,0.00041292315470835457,7.281124006196452e-07,0.00014004985057850707
163,7,1-5,adjust,-0.0,-0.0,0.0001080996980841559
163,8,1-5,adjust,-0.0,-0.0,0.0001094679873604279
163,9,1-5,adjust,-0.0006515531401630794,-1.7899777291679304e-05,1.8320366859857562e-06
164,2,1-7,adjust,0.00038017090449938326,-1.0445767035853928e-05,4.463897964190847e-05
164,3,1-7,adjust,0.0004357630867289106,-5.193303581316242e-06,4.651411336408773e-05
164,4,1-7,adjust,-0.0,-0.0,1.817491826493665e-05
164,5,1-7,adjust,-0.0,-0.0,6.242229152795166e-05
164,6,1-7,adjust,-0.00041292315472694143,-7.281124005505844e-07,2.4838618361418153e-05
164,9,1-8,adjust,0.0006515531401611429,1.789977729164149e-05,4.8366596015672354e-05
165,2,1-4,adjust,-0.00038017090450350263,1.0445767035436471e-05,1.8546166209729917e-05
165,3,1-5,adjust,-0.0004357630867382747,5.1933035813537185e-06,2.317995005779115e-05
165,6,1-5,adjust,0.00041292315470835457,7.281124006196452e-07,0.00014004985057850707
165,7,1-5,adjust,-0.0,-0.0,0.0001080996980841559
165,8,1-5,adjust,-0.0,-0.0,0.0001094679873604279
165,9,1-5,adjust,-0.0006515531401630794,-1.7899777291679304e-05,1.8320366859857562e-06
166,2,1-7,adjust,0.0003801709045022618,-1.0445767035118876e-05,4.463897964190847e-05
166,3,1-7,adjust,0.0004357630867289106,-5.193303581316242e-06,4.651411336408773e-05
166,4,1-7,adjust,-0.0,-0.0,1.817491826493665e-05
166,5,1-7,adjust,-0.0,-0.0,6.242229152795166e-05
166,6,1-7,adjust,-0.00041292315472694143,-7.281124005505844e-07,2.4838618361418153e-05
166,9,1-8,adjust,0.0006515531401611429,1.789977729164149e-05,4.8366596015672354e-05
167,2,1-4,adjust,-0.00038017090449598705,1.0445767035378009e-05,1.8546166209409424e-05
167,3,1-5,adjust,-0.0004357630867382747,5.1933035813537185e-06,2.317995005779115e-05
167,6,1-5,adjust,0.00041292315470835457,7.281124006196452e-07,0.00014004985057850707
167,7,1-5,adjust,-0.0,-0.0,0.0001080996980841559
167,8,1-5,adjust,-0.0,-0.0,0.0001094679873604279
167,9,1-5,adjust,-0.0006515531401630794,-1.7899777291679304e-05,1.8320366859857562e-06
168,2,1-7,adjust,0.00038017090449398523,-1.0445767034678698e-05,4.4638979641395675e-05
168,3,1-7,adjust,0.0004357630867289106,-5.193303581316242e-06,4.651411336408773e-05
168,4,1-7,adjust,-0.0,-0.0,1.817491826493665e-05
168,5,1-7,adjust,-0.0,-0.0,6.242229152795166e-05
168,6,1-7,adjust,-0.00041292315472694143,-7.281124005505844e-07,2.4838618361418153e-05
168,9,1-8,adjust,0.0006515531401611429,1.789977729164149e-05,4.8366596015672354e-05
169,2,1-4,adjust,-0.00038017090449598705,1.0445767035378009e-05,1.8546166209409424e-05
169,3,1-5,adjust,-0.0004357630867382747,5.1933035813537185e-06,2.317995005779115e-05
169,6,1-5,adjust,0.00041292315470835457,7.281124006196452e-07,0.00014004985057850707
169,7,1-5,adjust,-0.0,-0.0,0.0001080996980841559
169,8,1-5,adjust,-0.0,-0.0,0.0001094679873604279
169,9,1-5,adjust,-0.0006515531401630794,-1.7899777291679304e-05,1.8320366859857562e-06
170,2,1-7,adjust,0.0003801709044831887,-1.0445767034548621e-05,4.463897964133158e-05
170,3,1-7,adjust,0.0004357630867289106,-5.193303581316242e-06,4.651411336408773e-05
170,4,1-7,adjust,-0.0,-0.0,1.817491826493665e-05
170,5,1-7,adjust,-0.0,-0.0,6.242229152795166e-05
170,6,1-7,adjust,-0.00041292315472694143,-7.281124005505844e-07,2.4838618361418153e-05
170,9,1-8,adjust,0.0006515531401611429,1.789977729164149e-05,4.8366596015672354e-05
171,2,1-4,adjust,-0.0003801709044875321,1.0445767035256734e-05,1.8546166208896633e-05
171,3,1-5,adjust,-0.0004357630867382747,5.1933035813537185e-06,2.317995005779115e-05
171,6,1-5,adjust,0.00041292315470835457,7.281124006196452e-07,0.00014004985057850707
171,7,1-5,adjust,-0.0,-0.0,0.0001080996980841559
171,8,1-5,adjust,-0.0,-0.0,0.0001094679873604279
171,9,1-5,adjust,-0.0006515531401630794,-1.7899777291679304e-05,1.8320366859857562e-06
172,2,1-7,adjust,0.0003801709044831887,-1.0445767034548621e-05,4.4638979640946985e-05
172,3,1-7,adjust,0.0004357630867289106,-5.193303581316242e-06,4.651411336408773e-05
172,4,1-7,adjust,-0.0,-0.0,1.817491826493665e-05
172,5,1-7,adjust,-0.0,-0.0,6.242229152795166e-05
172,6,1-7,adjust,-0.00041292315472694143,-7.281124005505844e-07,2.4838618361418153e-05
172,9,1-8,adjust,0.0006515531401611429,1.789977729164149e-05,4.8366596015672354e-05
173,2,1-4,adjust,-0.000380170904472501,1.0445767034695744e-05,1.8546166209665817e-05
173,3,1-5,adjust,-0.0004357630867382747,5.1933035813537185e-06,2.317995005779115e-05
173,6,1-5,adjust,0.00041292315470835457,7.281124006196452e-07,0.00014004985057850707
173,7,1-5,adjust,-0.0,-0.0,0.0001080996980841559
173,8,1-5,adjust,-0.0,-0.0,0.0001094679873604279
173,9,1-5,adjust,-0.0006515531401630794,-1.7899777291679304e-05,1.8320366859857562e-06
174,2,1-7,adjust,0.000380170904514136,-1.0445767036194484e-05,4.4638979641844366e-05
174,3,1-7,adjust,0.0004357630867289106,-5.193303581316242e-06,4.651411336408773e-05
174,4,1-7,adjust,-0.0,-0.0,1.817491826493665e-05
174,5,1-7,adjust,-0.0,-0.0,6.242229152795166e-05
174,6,1-7,adjust,-0.00041292315472694143,-7.281124005505844e-07,2.4838618361418153e-05
174,9,1-8,adjust,0.0006515531401611429,1.789977729164149e-05,4.8366596015672354e-05
175,2,1-4,adjust,-0.00038017090450068414,1.0445767035248018e-05,1.854616620902483e-05
175,3,1-5,adjust,-0.0004357630867382747,5.1933035813537185e-06,2.317995005779115e-05
175,6,1-5,adjust,0.00041292315470835457,7.281124006196452e-07,0.00014004985057850707
175,7,1-5,adjust,-0.0,-0.0,0.0001080996980841559
175,8,1-5,adjust,-0.0,-0.0,0.0001094679873604279
175,9,1-5,adjust,-0.0006515531401630794,-1.7899777291679304e-05,1.8320366859857562e-06
176,2,1-7,adjust,0.00038017090449938326,-1.0445767035853928e-05,4.463897964152387e-05
176,3,1-7,adjust,0.0004357630867289106,-5.193303581316242e-06,4.651411336408773e-05
176,4,1-7,adjust,-0.0,-0.0,1.817491826493665e-05
176,5,1-7,adjust,-0.0,-0.0,6.242229152795166e-05
176,6,1-7,adjust,-0.00041292315472694143,-7.281124005505844e-07,2.4838618361418153e-05
176,9,1-8,adjust,0.0006515531401611429,1.789977729164149e-05,4.8366596015672354e-05
177,2,1-4,adjust,-0.0003801709045072605,1.044576703524366e-05,1.8546166209281227e-05
177,3,1-5,adjust,-0.0004357630867382747,5.1933035813537185e-06,2.317995005779115e-05
177,6,1-5,adjust,0.00041292315470835457,7.281124006196452e-07,0.00014004985057850707
177,7,1-5,adjust,-0.0,-0.0,0.0001080996980841559
177,8,1-5,adjust,-0.0,-0.0,0.0001094679873604279
177,9,1-5,adjust,-0.0006515531401630794,-1.7899777291679304e-05,1.8320366859857562e-06
178,2,1-7,adjust,0.00038017090449938326,-1.0445767035853928e-05,4.463897964190847e-05
178,3,1-7,adjust,0.0004357630867289106,-5.193303581316242e-06,4.651411336408773e-05
178,4,1-7,adjust,-0.0,-0.0,1.817491826493665e-05
178,5,1-7,adjust,-0.0,-0.0,6.242229152795166e-05
178,6,1-7,adjust,-0.00041292315472694143,-7.281124005505844e-07,2.4838618361418153e-05
178,9,1-8,adjust,0.0006515531401611429,1.789977729164149e-05,4.8366596015672354e-05
179,2,1-4,adjust,-0.00038017090450350263,1.0445767035436471e-05,1.8546166209729917e-05
179,3,1-5,adjust,-0.0004357630867382747,5.1933035813537185e-06,2.317995005779115e-05
179,6,1-5,adjust,0.00041292315470835457,7.281124006196452e-07,0.00014004985057850707
179,7,1-5,adjust,-0.0,-0.0,0.0001080996980841559
179,8,1-5,adjust,-0.0,-0.0,0.0001094679873604279
179,9,1-5,adjust,-0.0006515531401630794,-1.7899777291679304e-05,1.8320366859857562e-06
180,2,1-7,adjust,0.0003801709045022618,-1.0445767035118876e-05,4.463897964190847e-05
180,3,1-7,adjust,0.0004357630867289106,-5.193303581316242e-06,4.651411336408773e-05
180,4,1-7,adjust,-0.0,-0.0,1.817491826493665e-05
180,5,1-7,adjust,-0.0,-0.0,6.242229152795166e-05
180,6,1-7,adjust,-0.00041292315472694143,-7.281124005505844e-07,2.4838618361418153e-05
180,9,1-8,adjust,0.0006515531401611429,1.789977729164149e-05,4.8366596015672354e-05
181,2,1-4,adjust,-0.00038017090449598705,1.0445767035378009e-05,1.8546166209409424e-05
181,3,1-5,adjust,-0.0004357630867382747,5.1933035813537185e-06,2.317995005779115e-05
181,6,1-5,adjust,0.00041292315470835457,7.281124006196452e-07,0.00014004985057850707
181,7,1-5,adjust,-0.0,-0.0,0.0001080996980841559
181,8,1-5,adjust,-0.0,-0.0,0.0001094679873604279
181,9,1-5,adjust,-0.0006515531401630794,-1.7899777291679304e-05,1.8320366859857562e-06
182,2,1-7,adjust,0.00038017090449398523,-1.0445767034678698e-05,4.4638979641395675e-05
182,3,1-7,adjust,0.0004357630867289106,-5.193303581316242e-06,4.651411336408773e-05
182,4,1-7,adjust,-0.0,-0.0,1.817491826493665e-05
182,5,1-7,adjust,-0.0,-0.0,6.242229152795166e-05
182,6,1-7,adjust,-0.00041292315472694143,-7.281124005505844e-07,2.4838618361418153e-05
182,9,1-8,adjust,0.0006515531401611429,1.789977729164149e-05,4.8366596015672354e-05
183,2,1-4,adjust,-0.00038017090449598705,1.0445767035378009e-05,1.8546166209409424e-05
183,3,1-5,adjust,-0.0004357630867382747,5.1933035813537185e-06,2.317995005779115e-05
183,6,1-5,adjust,0.00041292315470835457,7.281124006196452e-07,0.00014004985057850707
183,7,1-5,adjust,-0.0,-0.0,0.0001080996980841559
183,8,1-5,adjust,-0.0,-0.0,0.0001094679873604279
183,9,1-5,adjust,-0.0006515531401630794,-1.7899777291679304e-05,1.8320366859857562e-06
184,2,1-7,adjust,0.0003801709044831887,-1.0445767034548621e-05,4.463897964133158e-05
184,3,1-7,adjust,0.0004357630867289106,-5.193303581316242e-06,4.651411336408773e-05
184,4,1-7,adjust,-0.0,-0.0,1.817491826493665e-05
184,5,1-7,adjust,-0.0,-0.0,6.242229152795166e-05
184,6,1-7,adjust,-0.00041292315472694143,-7.281124005505844e-07,2.4838618361418153e-05
184,9,1-8,adjust,0.0006515531401611429,1.789977729164149e-05,4.8366596015672354e-05
185,2,1-4,adjust,-0.0003801709044875321,1.0445767035256734e-05,1.8546166208896633e-05
185,3,1-5,adjust,-0.0004357630867382747,5.1933035813537185e-06,2.317995005779115e-05
185,6,1-5,adjust,0.00041292315470835457,7.281124006196452e-07,0.00014004985057850707
185,7,1-5,adjust,-0.0,-0.0,0.0001080996980841559
185,8,1-5,adjust,-0.0,-0.0,0.0001094679873604279
185,9,1-5,adjust,-0.0006515531401630794,-1.7899777291679304e-05,1.8320366859857562e-06
186,2,1-7,adjust,0.0003801709044831887,-1.0445767034548621e-05,4.4638979640946985e-05
186,3,1-7,adjust,0.0004357630867289106,-5.193303581316242e-06,4.651411336408773e-05
186,4,1-7,adjust,-0.0,-0.0,1.817491826493665e-05
186,5,1-7,adjust,-0.0,-0.0,6.242229152795166e-05
186,6,1-7,adjust,-0.00041292315472694143,-7.281124005505844e-07,2.4838618361418153e-05
186,9,1-8,adjust,0.0006515531401611429,1.789977729164149e-05,4.8366596015672354e-05
187,2,1-4,adjust,-0.000380170904472501,1.0445767034695744e-05,1.8546166209665817e-05
187,3,1-5,adjust,-0.0004357630867382747,5.1933035813537185e-06,2.317995005779115e-05
187,6,1-5,adjust,0.00041292315470835457,7.281124006196452e-07,0.00014004985057850707
187,7,1-5,adjust,-0.0,-0.0,0.0001080996980841559
187,8,1-5,adjust,-0.0,-0.0,0.0001094679873604279
187,9,1-5,adjust,-0.0006515531401630794,-1.7899777291679304e-05,1.8320366859857562e-06
188,2,1-7,adjust,0.000380170904514136,-1.0445767036194484e-05,4.4638979641844366e-05
188,3,1-7,adjust,0.0004357630867289106,-5.193303581316242e-06,4.651411336408773e-05
188,4,1-7,adjust,-0.0,-0.0,1.817491826493665e-05
188,5,1-7,adjust,-0.0,-0.0,6.242229152795166e-05
188,6,1-7,adjust,-0.00041292315472694143,-7.281124005505844e-07,2.4838618361418153e-05
188,9,1-8,adjust,0.0006515531401611429,1.789977729164149e-05,4.8366596015672354e-05
189,2,1-4,adjust,-0.00038017090450068414,1.0445767035248018e-05,1.854616620902483e-05
189,3,1-5,adjust,-0.0004357630867382747,5.1933035813537185e-06,2.317995005779115e-05
189,6,1-5,adjust,0.00041292315470835457,7.281124006196452e-07,0.00014004985057850707
189,7,1-5,adjust,-0.0,-0.0,0.0001080996980841559
189,8,1-5,adjust,-0.0,-0.0,0.0001094679873604279
189,9,1-5,adjust,-0.0006515531401630794,-1.7899777291679304e-05,1.8320366859857562e-06
190,2,1-7,adjust,0.00038017090449938326,-1.0445767035853928e-05,4.463897964152387e-05
190,3,1-7,adjust,0.0004357630867289106,-5.193303581316242e-06,4.651411336408773e-05
190,4,1-7,adjust,-0.0,-0.0,1.817491826493665e-05
190,5,1-7,adjust,-0.0,-0.0,6.242229152795166e-05
190,6,1-7,adjust,-0.00041292315472694143,-7.281124005505844e-07,2.4838618361418153e-05
190,9,1-8,adjust,0.0006515531401611429,1.789977729164149e-05,4.8366596015672354e-05
191,2,1-4,adjust,-0.0003801709045072605,1.044576703524366e-05,1.8546166209281227e-05
191,3,1-5,adjust,-0.0004357630867382747,5.1933035813537185e-06,2.317995005779115e-05
191,6,1-5,adjust,0.00041292315470835457,7.281124006196452e-07,0.00014004985057850707
191,7,1-5,adjust,-0.0,-0.0,0.0001080996980841559
191,8,1-5,adjust,-0.0,-0.0,0.0001094679873604279
191,9,1-5,adjust,-0.0006515531401630794,-1.7899777291679304e-05,1.8320366859857562e-06
192,2,1-7,adjust,0.00038017090449938326,-1.0445767035853928e-05,4.463897964190847e-05
192,3,1-7,adjust,0.0004357630867289106,-5.193303581316242e-06,4.651411336408773e-05
192,4,1-7,adjust,-0.0,-0.0,1.817491826493665e-05
192,5,1-7,adjust,-0.0,-0.0,6.242229152795166e-05
192,6,1-7,adjust,-0.00041292315472694143,-7.281124005505844e-07,2.4838618361418153e-05
192,9,1-8,adjust,0.0006515531401611429,1.789977729164149e-05,4.8366596015672354e-05
193,2,1-4,adjust,-0.00038017090450350263,1.0445767035436471e-05,1.8546166209729917e-05
193,3,1-5,adjust,-0.0004357630867382747,5.1933035813537185e-06,2.317995005779115e-05
193,6,1-5,adjust,0.00041292315470835457,7.281124006196452e-07,0.00014004985057850707
193,7,1-5,adjust,-0.0,-0.0,0.0001080996980841559
193,8,1-5,adjust,-0.0,-0.0,0.0001094679873604279
193,9,1-5,adjust,-0.0006515531401630794,-1.7899777291679304e-05,1.8320366859857562e-06
194,2,1-7,adjust,0.0003801709045022618,-1.0445767035118876e-05,4.463897964190847e-05
194,3,1-7,adjust,0.0004357630867289106,-5.193303581316242e-06,4.651411336408773e-05
194,4,1-7,adjust,-0.0,-0.0,1.817491826493665e-05
194,5,1-7,adjust,-0.0,-0.0,6.242229152795166e-05
194,6,1-7,adjust,-0.00041292315472694143,-7.281124005505844e-07,2.4838618361418153e-05
194,9,1-8,adjust,0.0006515531401611429,1.789977729164149e-05,4.8366596015672354e-05
195,2,1-4,adjust,-0.00038017090449598705,1.0445767035378009e-05,1.8546166209409424e-05
195,3,1-5,adjust,-0.0004357630867382747,5.1933035813537185e-06,2.317995005779115e-05
195,6,1-5,adjust,0.00041292315470835457,7.281124006196452e-07,0.00014004985057850707
195,7,1-5,adjust,-0.0,-0.0,0.0001080996980841559
195,8,1-5,adjust,-0.0,-0.0,0.0001094679873604279
195,9,1-5,adjust,-0.0006515531401630794,-1.7899777291679304e-05,1.8320366859857562e-06
196,2,1-7,adjust,0.00038017090449398523,-1.0445767034678698e-05,4.4638979641395675e-05
196,3,1-7,adjust,0.0004357630867289106,-5.193303581316242e-06,4.651411336408773e-05
196,4,1-7,adjust,-0.0,-0.0,1.817491826493665e-05
196,5,1-7,adjust,-0.0,-0.0,6.242229152795166e-05
196,6,1-7,adjust,-0.00041292315472694143,-7.281124005505844e-07,2.4838618361418153e-05
196,9,1-8,adjust,0.0006515531401611429,1.789977729164149e-05,4.8366596015672354e-05
197,2,1-4,adjust,-0.00038017090449598705,1.0445767035378009e-05,1.8546166209409424e-05
197,3,1-5,adjust,-0.0004357630867382747,5.1933035813537185e-06,2.317995005779115e-05
197,6,1-5,adjust,0.00041292315470835457,7.281124006196452e-07,0.00014004985057850707
197,7,1-5,adjust,-0.0,-0.0,0.0001080996980841559
197,8,1-5,adjust,-0.0,-0.0,0.0001094679873604279
197,9,1-5,adjust,-0.0006515531401630794,-1.7899777291679304e-05,1.8320366859857562e-06
198,2,1-7,adjust,0.0003801709044831887,-1.0445767034548621e-05,4.463897964133158e-05
198,3,1-7,adjust,0.0004357630867289106,-5.193303581316242e-06,4.651411336408773e-05
198,4,1-7,adjust,-0.0,-0.0,1.817491826493665e-05
198,5,1-7,adjust,-0.0,-0.0,6.242229152795166e-05
198,6,1-7,adjust,-0.00041292315472694143,-7.281124005505844e-07,2.4838618361418153e-05
198,9,1-8,adjust,0.0006515531401611429,1.789977729164149e-05,4.8366596015672354e-05
199,2,1-4,adjust,-0.0003801709044875321,1.0445767035256734e-05,1.8546166208896633e-05
199,3,1-5,adjust,-0.0004357630867382747,5.1933035813537185e-06,2.317995005779115e-05
199,6,1-5,adjust,0.00041292315470835457,7.281124006196452e-07,0.00014004985057850707
199,7,1-5,adjust,-0.0,-0.0,0.0001080996980841559
199,8,1-5,adjust,-0.0,-0.0,0.0001094679873604279
199,9,1-5,adjust,-0.0006515531401630794,-1.7899777291679304e-05,1.8320366859857562e-06
200,2,1-7,adjust,0.0003801709044831887,-1.0445767034548621e-05,4.4638979640946985e-05
200,3,1-7,adjust,0.0004357630867289106,-5.193303581316242e-06,4.651411336408773e-05
200,4,1-7,adjust,-0.0,-0.0,1.817491826493665e-05
200,5,1-7,adjust,-0.0,-0.0,6.242229152795166e-05
200,6,1-7,adjust,-0.00041292315472694143,-7.281124005505844e-07,2.4838618361418153e-05
200,9,1-8,adjust,0.0006515531401611429,1.789977729164149e-05,4.8366596015672354e-05
201,2,1-4,adjust,-0.000380170904472501,1.0445767034695744e-05,1.8546166209665817e-05
201,3,1-5,adjust,-0.0004357630867382747,5.1933035813537185e-06,2.317995005779115e-05
201,6,1-5,adjust,0.00041292315470835457,7.281124006196452e-07,0.00014004985057850707
201,7,1-5,adjust,-0.0,-0.0,0.0001080996980841559
201,8,1-5,adjust,-0.0,-0.0,0.0001094679873604279
201,9,1-5,adjust,-0.0006515531401630794,-1.7899777291679304e-05,1.8320366859857562e-06
202,2,1-7,adjust,0.000380170904514136,-1.0445767036194484e-05,4.4638979641844366e-05
202,3,1-7,adjust,0.0004357630867289106,-5.193303581316242e-06,4.651411336408773e-05
202,4,1-7,adjust,-0.0,-0.0,1.817491826493665e-05
202,5,1-7,adjust,-0.0,-0.0,6.242229152795166e-05
202,6,1-7,adjust,-0.00041292315472694143,-7.281124005505844e-07,2.4838618361418153e-05
202,9,1-8,adjust,0.0006515531401611429,1.789977729164149e-05,4.8366596015672354e-05
203,2,1-4,adjust,-0.00038017090450068414,1.0445767035248018e-05,1.854616620902483e-05
203,3,1-5,adjust,-0.0004357630867382747,5.1933035813537185e-06,2.317995005779115e-05
203,6,1-5,adjust,0.00041292315470835457,7.281124006196452e-07,0.00014004985057850707
203,7,1-5,adjust,-0.0,-0.0,0.0001080996980841559
203,8,1-5,adjust,-0.0,-0.0,0.0001094679873604279
203,9,1-5,adjust,-0.0006515531401630794,-1.7899777291679304e-05,1.8320366859857562e-06
204,2,1-7,adjust,0.00038017090449938326,-1.0445767035853928e-05,4.463897964152387e-05
204,3,1-7,adjust,0.0004357630867289106,-5.193303581316242e-06,4.651411336408773e-05
204,4,1-7,adjust,-0.0,-0.0,1.817491826493665e-05
204,5,1-7,adjust,-0.0,-0.0,6.242229152795166e-05
204,6,1-7,adjust,-0.00041292315472694143,-7.281124005505844e-07,2.4838618361418153e-05
204,9,1-8,adjust,0.0006515531401611429,1.789977729164149e-05,4.8366596015672354e-05
205,2,1-4,adjust,-0.0003801709045072605,1.044576703524366e-05,1.8546166209281227e-05
205,3,1-5,adjust,-0.0004357630867382747,5.1933035813537185e-06,2.317995005779115e-05
205,6,1-5,adjust,0.00041292315470835457,7.281124006196452e-07,0.00014004985057850707
205,7,1-5,adjust,-0.0,-0.0,0.0001080996980841559
205,8,1-5,adjust,-0.0,-0.0,0.0001094679873604279
205,9,1-5,adjust,-0.0006515531401630794,-1.7899777291679304e-05,1.8320366859857562e-06
206,2,1-7,adjust,0.00038017090449938326,-1.0445767035853928e-05,4.463897964190847e-05
206,3,1-7,adjust,0.0004357630867289106,-5.193303581316242e-06,4.651411336408773e-05
206,4,1-7,adjust,-0.0,-0.0,1.817491826493665e-05
206,5,1-7,adjust,-0.0,-0.0,6.242229152795166e-05
206,6,1-7,adjust,-0.00041292315472694143,-7.281124005505844e-07,2.4838618361418153e-05
206,9,1-8,adjust,0.0006515531401611429,1.789977729164149e-05,4.8366596015672354e-05
207,2,1-4,adjust,-0.00038017090450350263,1.0445767035436471e-05,1.8546166209729917e-05
207,3,1-5,adjust,-0.0004357630867382747,5.1933035813537185e-06,2.317995005779115e-05
207,6,1-5,adjust,0.00041292315470835457,7.281124006196452e-07,0.00014004985057850707
207,7,1-5,adjust,-0.0,-0.0,0.0001080996980841559
207,8,1-5,adjust,-0.0,-0.0,0.0001094679873604279
207,9,1-5,adjust,-0.0006515531401630794,-1.7899777291679304e-05,1.8320366859857562e-06
208,2,1-7,adjust,0.0003801709045022618,-1.0445767035118876e-05,4.463897964190847e-05
208,3,1-7,adjust,0.0004357630867289106,-5.193303581316242e-06,4.651411336408773e-05
208,4,1-7,adjust,-0.0,-0.0,1.817491826493665e-05
208,5,1-7,adjust,-0.0,-0.0,6.242229152795166e-05
208,6,1-7,adjust,-0.00041292315472694143,-7.281124005505844e-07,2.4838618361418153e-05
208,9,1-8,adjust,0.0006515531401611429,1.789977729164149e-05,4.8366596015672354e-05
209,2,1-4,adjust,-0.00038017090449598705,1.0445767035378009e-05,1.8546166209409424e-05
209,3,1-5,adjust,-0.0004357630867382747,5.1933035813537185e-06,2.317995005779115e-05
209,6,1-5,adjust,0.00041292315470835457,7.281124006196452e-07,0.00014004985057850707
209,7,1-5,adjust,-0.0,-0.0,0.0001080996980841559
209,8,1-5,adjust,-0.0,-0.0,0.0001094679873604279
209,9,1-5,adjust,-0.0006515531401630794,-1.7899777291679304e-05,1.8320366859857562e-06
210,2,1-7,adjust,0.00038017090449398523,-1.0445767034678698e-05,4.4638979641395675e-05
210,3,1-7,adjust,0.0004357630867289106,-5.193303581316242e-06,4.651411336408773e-05
210,4,1-7,adjust,-0.0,-0.0,1.817491826493665e-05
210,5,1-7,adjust,-0.0,-0.0,6.242229152795166e-05
210,6,1-7,adjust,-0.00041292315472694143,-7.281124005505844e-07,2.4838618361418153e-05
210,9,1-8,adjust,0.0006515531401611429,1.789977729164149e-05,4.8366596015672354e-05
211,2,1-4,adjust,-0.00038017090449598705,1.0445767035378009e-05,1.8546166209409424e-05
211,3,1-5,adjust,-0.0004357630867382747,5.1933035813537185e-06,2.317995005779115e-05
211,6,1-5,adjust,0.00041292315470835457,7.281124006196452e-07,0.00014004985057850707
211,7,1-5,adjust,-0.0,-0.0,0.0001080996980841559
211,8,1-5,adjust,-0.0,-0.0,0.0001094679873604279
211,9,1-5,adjust,-0.0006515531401630794,-1.7899777291679304e-05,1.8320366859857562e-06
212,2,1-7,adjust,0.0003801709044831887,-1.0445767034548621e-05,4.463897964133158e-05
212,3,1-7,adjust,0.0004357630867289106,-5.193303581316242e-06,4.651411336408773e-05
212,4,1-7,adjust,-0.0,-0.0,1.817491826493665e-05
212,5,1-7,adjust,-0.0,-0.0,6.242229152795166e-05
212,6,1-7,adjust,-0.00041292315472694143,-7.281124005505844e-07,2.4838618361418153e-05
212,9,1-8,adjust,0.0006515531401611429,1.789977729164149e-05,4.8366596015672354e-05
213,2,1-4,adjust,-0.0003801709044875321,1.0445767035256734e-05,1.8546166208896633e-05
213,3,1-5,adjust,-0.0004357630867382747,5.1933035813537185e-06,2.317995005779115e-05
213,6,1-5,adjust,0.00041292315470835457,7.281124006196452e-07,0.00014004985057850707
213,7,1-5,adjust,-0.0,-0.0,0.0001080996980841559
213,8,1-5,adjust,-0.0,-0.0,0.0001094679873604279
213,9,1-5,adjust,-0.0006515531401630794,-1.7899777291679304e-05,1.8320366859857562e-06
214,2,1-7,adjust,0.0003801709044831887,-1.0445767034548621e-05,4.4638979640946985e-05
214,3,1-7,adjust,0.0004357630867289106,-5.193303581316242e-06,4.651411336408773e-05
214,4,1-7,adjust,-0.0,-0.0,1.817491826493665e-05
214,5,1-7,adjust,-0.0,-0.0,6.242229152795166e-05
214,6,1-7,adjust,-0.00041292315472694143,-7.281124005505844e-07,2.4838618361418153e-05
214,9,1-8,adjust,0.0006515531401611429,1.789977729164149e-05,4.8366596015672354e-05
215,2,1-4,adjust,-0.000380170904472501,1.0445767034695744e-05,1.8546166209665817e-05
215,3,1-5,adjust,-0.0004357630867382747,5.1933035813537185e-06,2.317995005779115e-05
215,6,1-5,adjust,0.00041292315470835457,7.281124006196452e-07,0.00014004985057850707
215,7,1-5,adjust,-0.0,-0.0,0.0001080996980841559
215,8,1-5,adjust,-0.0,-0.0,0.0001094679873604279
215,9,1-5,adjust,-0.0006515531401630794,-1.7899777291679304e-05,1.8320366859857562e-06
216,2,1-7,adjust,0.000380170904514136,-1.0445767036194484e-05,4.4638979641844366e-05
216,3,1-7,adjust,0.0004357630867289106,-5.193303581316242e-06,4.651411336408773e-05
216,4,1-7,adjust,-0.0,-0.0,1.817491826493665e-05
216,5,1-7,adjust,-0.0,-0.0,6.242229152795166e-05
216,6,1-7,adjust,-0.00041292315472694143,-7.281124005505844e-07,2.4838618361418153e-05
216,9,1-8,adjust,0.0006515531401611429,1.789977729164149e-05,4.8366596015672354e-05
217,2,1-4,adjust,-0.00038017090450068414,1.0445767035248018e-05,1.854616620902483e-05
217,3,1-5,adjust,-0.0004357630867382747,5.1933035813537185e-06,2.317995005779115e-05
217,6,1-5,adjust,0.00041292315470835457,7.281124006196452e-07,0.00014004985057850707
217,7,1-5,adjust,-0.0,-0.0,0.0001080996980841559
217,8,1-5,adjust,-0.0,-0.0,0.0001094679873604279
217,9,1-5,adjust,-0.0006515531401630794,-1.7899777291679304e-05,1.8320366859857562e-06
218,2,1-7,adjust,0.00038017090449938326,-1.0445767035853928e-05,4.463897964152387e-05
218,3,1-7,adjust,0.0004357630867289106,-5.193303581316242e-06,4.651411336408773e-05
218,4,1-7,adjust,-0.0,-0.0,1.817491826493665e-05
218,5,1-7,adjust,-0.0,-0.0,6.242229152795166e-05
218,6,1-7,adjust,-0.00041292315472694143,-7.281124005505844e-07,2.4838618361418153e-05
218,9,1-8,adjust,0.0006515531401611429,1.789977729164149e-05,4.8366596015672354e-05
219,2,1-4,adjust,-0.0003801709045072605,1.044576703524366e-05,1.8546166209281227e-05
219,3,1-5,adjust,-0.0004357630867382747,5.1933035813537185e-06,2.317995005779115e-05
219,6,1-5,adjust,0.00041292315470835457,7.281124006196452e-07,0.00014004985057850707
219,7,1-5,adjust,-0.0,-0.0,0.0001080996980841559
219,8,1-5,adjust,-0.0,-0.0,0.0001094679873604279
219,9,1-5,adjust,-0.0006515531401630794,-1.7899777291679304e-05,1.8320366859857562e-06
220,2,1-7,adjust,0.00038017090449938326,-1.0445767035853928e-05,4.463897964190847e-05
220,3,1-7,adjust,0.0004357630867289106,-5.193303581316242e-06,4.651411336408773e-05
220,4,1-7,adjust,-0.0,-0.0,1.817491826493665e-05
220,5,1-7,adjust,-0.0,-0.0,6.242229152795166e-05
220,6,1-7,adjust,-0.00041292315472694143,-7.281124005505844e-07,2.4838618361418153e-05
220,9,1-8,adjust,0.0006515531401611429,1.789977729164149e-05,4.8366596015672354e-05
221,2,1-4,adjust,-0.00038017090450350263,1.0445767035436471e-05,1.8546166209729917e-05
221,3,1-5,adjust,-0.0004357630867382747,5.1933035813537185e-06,2.317995005779115e-05
221,6,1-5,adjust,0.00041292315470835457,7.281124006196452e-07,0.00014004985057850707
221,7,1-5,adjust,-0.0,-0.0,0.0001080996980841559
221,8,1-5,adjust,-0.0,-0.0,0.0001094679873604279
221,9,1-5,adjust,-0.0006515531401630794,-1.7899777291679304e-05,1.8320366859857562e-06
222,2,1-7,adjust,0.0003801709045022618,-1.0445767035118876e-05,4.463897964190847e-05
222,3,1-7,adjust,0.0004357630867289106,-5.193303581316242e-06,4.651411336408773e-05
222,4,1-7,adjust,-0.0,-0.0,1.817491826493665e-05
222,5,1-7,adjust,-0.0,-0.0,6.242229152795166e-05
222,6,1-7,adjust,-0.00041292315472694143,-7.281124005505844e-07,2.4838618361418153e-05
222,9,1-8,adjust,0.0006515531401611429,1.789977729164149e-05,4.8366596015672354e-05
223,2,1-4,adjust,-0.00038017090449598705,1.0445767035378009e-05,1.8546166209409424e-05
223,3,1-5,adjust,-0.0004357630867382747,5.1933035813537185e-06,2.317995005779115e-05
223,6,1-5,adjust,0.00041292315470835457,7.281124006196452e-07,0.00014004985057850707
223,7,1-5,adjust,-0.0,-0.0,0.0001080996980841559
223,8,1-5,adjust,-0.0,-0.0,0.0001094679873604279
223,9,1-5,adjust,-0.0006515531401630794,-1.7899777291679304e-05,1.8320366859857562e-06
224,2,1-7,adjust,0.00038017090449398523,-1.0445767034678698e-05,4.4638979641395675e-05
224,3,1-7,adjust,0.0004357630867289106,-5.193303581316242e-06,4.651411336408773e-05
224,4,1-7,adjust,-0.0,-0.0,1.817491826493665e-05
224,5,1-7,adjust,-0.0,-0.0,6.242229152795166e-05
224,6,1-7,adjust,-0.00041292315472694143,-7.281124005505844e-07,2.4838618361418153e-05
224,9,1-8,adjust,0.0006515531401611429,1.789977729164149e-05,4.8366596015672354e-05
225,2,1-4,adjust,-0.00038017090449598705,1.0445767035378009e-05,1.8546166209409424e-05
225,3,1-5,adjust,-0.0004357630867382747,5.1933035813537185e-06,2.317995005779115e-05
225,6,1-5,adjust,0.00041292315470835457,7.281124006196452e-07,0.00014004985057850707
225,7,1-5,adjust,-0.0,-0.0,0.0001080996980841559
225,8,1-5,adjust,-0.0,-0.0,0.0001094679873604279
225,9,1-5,adjust,-0.0006515531401630794,-1.7899777291679304e-05,1.8320366859857562e-06
226,2,1-7,adjust,0.0003801709044831887,-1.0445767034548621e-05,4.463897964133158e-05
226,3,1-7,adjust,0.0004357630867289106,-5.193303581316242e-06,4.651411336408773e-05
226,4,1-7,adjust,-0.0,-0.0,1.817491826493665e-05
226,5,1-7,adjust,-0.0,-0.0,6.242229152795166e-05
226,6,1-7,adjust,-0.00041292315472694143,-7.281124005505844e-07,2.4838618361418153e-05
226,9,1-8,adjust,0.0006515531401611429,1.789977729164149e-05,4.8366596015672354e-05
227,2,1-4,adjust,-0.0003801709044875321,1.0445767035256734e-05,1.8546166208896633e-05
227,3,1-5,adjust,-0.0004357630867382747,5.1933035813537185e-06,2.317995005779115e-05
227,6,1-5,adjust,0.00041292315470835457,7.281124006196452e-07,0.00014004985057850707
227,7,1-5,adjust,-0.0,-0.0,0.0001080996980841559
227,8,1-5,adjust,-0.0,-0.0,0.0001094679873604279
227,9,1-5,adjust,-0.0006515531401630794,-1.7899777291679304e-05,1.8320366859857562e-06
228,2,1-7,adjust,0.0003801709044831887,-1.0445767034548621e-05,4.4638979640946985e-05
228,3,1-7,adjust,0.0004357630867289106,-5.193303581316242e-06,4.651411336408773e-05
228,4,1-7,adjust,-0.0,-0.0,1.817491826493665e-05
228,5,1-7,adjust,-0.0,-0.0,6.242229152795166e-05
228,6,1-7,adjust,-0.00041292315472694143,-7.281124005505844e-07,2.4838618361418153e-05
228,9,1-8,adjust,0.0006515531401611429,1.789977729164149e-05,4.8366596015672354e-05
229,2,1-4,adjust,-0.000380170904472501,1.0445767034695744e-05,1.8546166209665817e-05
229,3,1-5,adjust,-0.0004357630867382747,5.1933035813537185e-06,2.317995005779115e-05
229,6,1-5,adjust,0.00041292315470835457,7.281124006196452e-07,0.00014004985057850707
229,7,1-5,adjust,-0.0,-0.0,0.0001080996980841559
229,8,1-5,adjust,-0.0,-0.0,0.0001094679873604279
229,9,1-5,adjust,-0.0006515531401630794,-1.7899777291679304e-05,1.8320366859857562e-06
230,2,1-7,adjust,0.000380170904514136,-1.0445767036194484e-05,4.4638979641844366e-05
230,3,1-7,adjust,0.0004357630867289106,-5.193303581316242e-06,4.651411336408773e-05
230,4,1-7,adjust,-0.0,-0.0,1.817491826493665e-05
230,5,1-7,adjust,-0.0,-0.0,6.242229152795166e-05
230,6,1-7,adjust,-0.00041292315472694143,-7.281124005505844e-07,2.4838618361418153e-05
230,9,1-8,adjust,0.0006515531401611429,1.789977729164149e-05,4.8366596015672354e-05
231,2,1-4,adjust,-0.00038017090450068414,1.0445767035248018e-05,1.854616620902483e-05
231,3,1-5,adjust,-0.0004357630867382747,5.1933035813537185e-06,2.317995005779115e-05
231,6,1-5,adjust,0.00041292315470835457,7.281124006196452e-07,0.00014004985057850707
231,7,1-5,adjust,-0.0,-0.0,0.0001080996980841559
231,8,1-5,adjust,-0.0,-0.0,0.0001094679873604279
231,9,1-5,adjust,-0.0006515531401630794,-1.7899777291679304e-05,1.8320366859857562e-06
232,2,1-7,adjust,0.00038017090449938326,-1.0445767035853928e-05,4.463897964152387e-05
232,3,1-7,adjust,0.0004357630867289106,-5.193303581316242e-06,4.651411336408773e-05
232,4,1-7,adjust,-0.0,-0.0,1.817491826493665e-05
232,5,1-7,adjust,-0.0,-0.0,6.242229152795166e-05
232,6,1-7,adjust,-0.00041292315472694143,-7.281124005505844e-07,2.4838618361418153e-05
232,9,1-8,adjust,0.0006515531401611429,1.789977729164149e-05,4.8366596015672354e-05
233,2,1-4,adjust,-0.0003801709045072605,1.044576703524366e-05,1.8546166209281227e-05
233,3,1-5,adjust,-0.0004357630867382747,5.1933035813537185e-06,2.317995005779115e-05
233,6,1-5,adjust,0.00041292315470835457,7.281124006196452e-07,0.00014004985057850707
233,7,1-5,adjust,-0.0,-0.0,0.0001080996980841559
233,8,1-5,adjust,-0.0,-0.0,0.0001094679873604279
233,9,1-5,adjust,-0.0006515531401630794,-1.7899777291679304e-05,1.8320366859857562e-06
234,2,1-7,adjust,0.00038017090449938326,-1.0445767035853928e-05,4.463897964190847e-05
234,3,1-7,adjust,0.0004357630867289106,-5.193303581316242e-06,4.651411336408773e-05
234,4,1-7,adjust,-0.0,-0.0,1.817491826493665e-05
234,5,1-7,adjust,-0.0,-0.0,6.242229152795166e-05
234,6,1-7,adjust,-0.00041292315472694143,-7.281124005505844e-07,2.4838618361418153e-05
234,9,1-8,adjust,0.0006515531401611429,1.789977729164149e-05,4.8366596015672354e-05
235,2,1-4,adjust,-0.00038017090450350263,1.0445767035436471e-05,1.8546166209729917e-05
235,3,1-5,adjust,-0.0004357630867382747,5.1933035813537185e-06,2.317995005779115e-05
235,6,1-5,adjust,0.00041292315470835457,7.281124006196452e-07,0.00014004985057850707
235,7,1-5,adjust,-0.0,-0.0,0.0001080996980841559
235,8,1-5,adjust,-0.0,-0.0,0.0001094679873604279
235,9,1-5,adjust,-0.0006515531401630794,-1.7899777291679304e-05,1.8320366859857562e-06
236,2,1-7,adjust,0.0003801709045022618,-1.0445767035118876e-05,4.463897964190847e-05
236,3,1-7,adjust,0.0004357630867289106,-5.193303581316242e-06,4.651411336408773e-05
236,4,1-7,adjust,-0.0,-0.0,1.817491826493665e-05
236,5,1-7,adjust,-0.0,-0.0,6.242229152795166e-05
236,6,1-7,adjust,-0.00041292315472694143,-7.281124005505844e-07,2.4838618361418153e-05
236,9,1-8,adjust,0.0006515531401611429,1.789977729164149e-05,4.8366596015672354e-05
237,2,1-4,adjust,-0.00038017090449598705,1.0445767035378009e-05,1.8546166209409424e-05
237,3,1-5,adjust,-0.0004357630867382747,5.1933035813537185e-06,2.317995005779115e-05
237,6,1-5,adjust,0.00041292315470835457,7.281124006196452e-07,0.00014004985057850707
237,7,1-5,adjust,-0.0,-0.0,0.0001080996980841559
237,8,1-5,adjust,-0.0,-0.0,0.0001094679873604279
237,9,1-5,adjust,-0.0006515531401630794,-1.7899777291679304e-05,1.8320366859857562e-06
238,2,1-7,adjust,0.00038017090449398523,-1.0445767034678698e-05,4.4638979641395675e-05
238,3,1-7,adjust,0.0004357630867289106,-5.193303581316242e-06,4.651411336408773e-05
238,4,1-7,adjust,-0.0,-0.0,1.817491826493665e-05
238,5,1-7,adjust,-0.0,-0.0,6.242229152795166e-05
238,6,1-7,adjust,-0.00041292315472694143,-7.281124005505844e-07,2.4838618361418153e-05
238,9,1-8,adjust,0.0006515531401611429,1.789977729164149e-05,4.8366596015672354e-05
239,2,1-4,adjust,-0.00038017090449598705,1.0445767035378009e-05,1.8546166209409424e-05
239,3,1-5,adjust,-0.0004357630867382747,5.1933035813537185e-06,2.317995005779115e-05
239,6,1-5,adjust,0.00041292315470835457,7.281124006196452e-07,0.00014004985057850707
239,7,1-5,adjust,-0.0,-0.0,0.0001080996980841559
239,8,1-5,adjust,-0.0,-0.0,0.0001094679873604279
239,9,1-5,adjust,-0.0006515531401630794,-1.7899777291679304e-05,1.8320366859857562e-06
240,2,1-7,adjust,0.0003801709044831887,-1.0445767034548621e-05,4.463897964133158e-05
240,3,1-7,adjust,0.0004357630867289106,-5.193303581316242e-06,4.651411336408773e-05
240,4,1-7,adjust,-0.0,-0.0,1.817491826493665e-05
240,5,1-7,adjust,-0.0,-0.0,6.242229152795166e-05
240,6,1-7,adjust,-0.00041292315472694143,-7.281124005505844e-07,2.4838618361418153e-05
240,9,1-8,adjust,0.0006515531401611429,1.789977729164149e-05,4.8366596015672354e-05
241,2,1-4,adjust,-0.0003801709044875321,1.0445767035256734e-05,1.8546166208896633e-05
241,3,1-5,adjust,-0.0004357630867382747,5.1933035813537185e-06,2.317995005779115e-05
241,6,1-5,adjust,0.00041292315470835457,7.281124006196452e-07,0.00014004985057850707
241,7,1-5,adjust,-0.0,-0.0,0.0001080996980841559
241,8,1-5,adjust,-0.0,-0.0,0.0001094679873604279
241,9,1-5,adjust,-0.0006515531401630794,-1.7899777291679304e-05,1.8320366859857562e-06
242,2,1-7,adjust,0.0003801709044831887,-1.0445767034548621e-05,4.4638979640946985e-05
242,3,1-7,adjust,0.0004357630867289106,-5.193303581316242e-06,4.651411336408773e-05
242,4,1-7,adjust,-0.0,-0.0,1.817491826493665e-05
242,5,1-7,adjust,-0.0,-0.0,6.242229152795166e-05
242,6,1-7,adjust,-0.00041292315472694143,-7.281124005505844e-07,2.4838618361418153e-05
242,9,1-8,adjust,0.0006515531401611429,1.789977729164149e-05,4.8366596015672354e-05
243,2,1-4,adjust,-0.000380170904472501,1.0445767034695744e-05,1.8546166209665817e-05
243,3,1-5,adjust,-0.0004357630867382747,5.1933035813537185e-06,2.317995005779115e-05
243,6,1-5,adjust,0.00041292315470835457,7.281124006196452e-07,0.00014004985057850707
243,7,1-5,adjust,-0.0,-0.0,0.0001080996980841559
243,8,1-5,adjust,-0.0,-0.0,0.0001094679873604279
243,9,1-5,adjust,-0.0006515531401630794,-1.7899777291679304e-05,1.8320366859857562e-06
244,2,1-7,adjust,0.000380170904514136,-1.0445767036194484e-05,4.4638979641844366e-05
244,3,1-7,adjust,0.0004357630867289106,-5.193303581316242e-06,4.651411336408773e-05
244,4,1-7,adjust,-0.0,-0.0,1.817491826493665e-05
244,5,1-7,adjust,-0.0,-0.0,6.242229152795166e-05
244,6,1-7,adjust,-0.00041292315472694143,-7.281124005505844e-07,2.4838618361418153e-05
244,9,1-8,adjust,0.0006515531401611429,1.789977729164149e-05,4.8366596015672354e-05
245,2,1-4,adjust,-0.00038017090450068414,1.0445767035248018e-05,1.854616620902483e-05
245,3,1-5,adjust,-0.0004357630867382747,5.1933035813537185e-06,2.317995005779115e-05
245,6,1-5,adjust,0.00041292315470835457,7.281124006196452e-07,0.00014004985057850707
245,7,1-5,adjust,-0.0,-0.0,0.0001080996980841559
245,8,1-5,adjust,-0.0,-0.0,0.0001094679873604279
245,9,1-5,adjust,-0.0006515531401630794,-1.7899777291679304e-05,1.8320366859857562e-06
246,2,1-7,adjust,0.00038017090449938326,-1.0445767035853928e-05,4.463897964152387e-05
246,3,1-7,adjust,0.0004357630867289106,-5.193303581316242e-06,4.651411336408773e-05
246,4,1-7,adjust,-0.0,-0.0,1.817491826493665e-05
246,5,1-7,adjust,-0.0,-0.0,6.242229152795166e-05
246,6,1-7,adjust,-0.00041292315472694143,-7.281124005505844e-07,2.4838618361418153e-05
246,9,1-8,adjust,0.0006515531401611429,1.789977729164149e-05,4.8366596015672354e-05
247,2,1-4,adjust,-0.0003801709045072605,1.044576703524366e-05,1.8546166209281227e-05
247,3,1-5,adjust,-0.0004357630867382747,5.1933035813537185e-06,2.317995005779115e-05
247,6,1-5,adjust,0.00041292315470835457,7.281124006196452e-07,0.00014004985057850707
247,7,1-5,adjust,-0.0,-0.0,0.0001080996980841559
247,8,1-5,adjust,-0.0,-0.0,0.0001094679873604279
247,9,1-5,adjust,-0.0006515531401630794,-1.7899777291679304e-05,1.8320366859857562e-06
248,2,1-7,adjust,0.00038017090449938326,-1.0445767035853928e-05,4.463897964190847e-05
248,3,1-7,adjust,0.0004357630867289106,-5.193303581316242e-06,4.651411336408773e-05
248,4,1-7,adjust,-0.0,-0.0,1.817491826493665e-05
248,5,1-7,adjust,-0.0,-0.0,6.242229152795166e-05
248,6,1-7,adjust,-0.00041292315472694143,-7.281124005505844e-07,2.4838618361418153e-05
248,9,1-8,adjust,0.0006515531401611429,1.789977729164149e-05,4.8366596015672354e-05
249,2,1-4,adjust,-0.00038017090450350263,1.0445767035436471e-05,1.8546166209729917e-05
249,3,1-5,adjust,-0.0004357630867382747,5.1933035813537185e-06,2.317995005779115e-05
249,6,1-5,adjust,0.00041292315470835457,7.281124006196452e-07,0.00014004985057850707
249,7,1-5,adjust,-0.0,-0.0,0.0001080996980841559
249,8,1-5,adjust,-0.0,-0.0,0.0001094679873604279
249,9,1-5,adjust,-0.0006515531401630794,-1.7899777291679304e-05,1.8320366859857562e-06
250,2,1-7,adjust,0.0003801709045022618,-1.0445767035118876e-05,4.463897964190847e-05
250,3,1-7,adjust,0.0004357630867289106,-5.193303581316242e-06,4.651411336408773e-05
250,4,1-7,adjust,-0.0,-0.0,1.817491826493665e-05
250,5,1-7,adjust,-0.0,-0.0,6.242229152795166e-05
250,6,1-7,adjust,-0.00041292315472694143,-7.281124005505844e-07,2.4838618361418153e-05
250,9,1-8,adjust,0.0006515531401611429,1.789977729164149e-05,4.8366596015672354e-05
251,2,1-4,adjust,-0.00038017090449598705,1.0445767035378009e-05,1.8546166209409424e-05
251,3,1-5,adjust,-0.0004357630867382747,5.1933035813537185e-06,2.317995005779115e-05
251,6,1-5,adjust,0.00041292315470835457,7.281124006196452e-07,0.00014004985057850707
251,7,1-5,adjust,-0.0,-0.0,0.0001080996980841559
251,8,1-5,adjust,-0.0,-0.0,0.0001094679873604279
251,9,1-5,adjust,-0.0006515531401630794,-1.7899777291679304e-05,1.8320366859857562e-06
252,2,1-7,adjust,0.00038017090449398523,-1.0445767034678698e-05,4.4638979641395675e-05
252,3,1-7,adjust,0.0004357630867289106,-5.193303581316242e-06,4.651411336408773e-05
252,4,1-7,adjust,-0.0,-0.0,1.817491826493665e-05
252,5,1-7,adjust,-0.0,-0.0,6.242229152795166e-05
252,6,1-7,adjust,-0.00041292315472694143,-7.281124005505844e-07,2.4838618361418153e-05
252,9,1-8,adjust,0.0006515531401611429,1.789977729164149e-05,4.8366596015672354e-05
253,2,1-4,adjust,-0.00038017090449598705,1.0445767035378009e-05,1.8546166209409424e-05
253,3,1-5,adjust,-0.0004357630867382747,5.1933035813537185e-06,2.317995005779115e-05
253,6,1-5,adjust,0.00041292315470835457,7.281124006196452e-07,0.00014004985057850707
253,7,1-5,adjust,-0.0,-0.0,0.0001080996980841559
253,8,1-5,adjust,-0.0,-0.0,0.0001094679873604279
253,9,1-5,adjust,-0.0006515531401630794,-1.7899777291679304e-05,1.8320366859857562e-06
254,2,1-7,adjust,0.0003801709044831887,-1.0445767034548621e-05,4.463897964133158e-05
254,3,1-7,adjust,0.0004357630867289106,-5.193303581316242e-06,4.651411336408773e-05
254,4,1-7,adjust,-0.0,-0.0,1.817491826493665e-05
254,5,1-7,adjust,-0.0,-0.0,6.242229152795166e-05
254,6,1-7,adjust,-0.00041292315472694143,-7.281124005505844e-07,2.4838618361418153e-05
254,9,1-8,adjust,0.0006515531401611429,1.789977729164149e-05,4.8366596015672354e-05
255,2,1-4,adjust,-0.0003801709044875321,1.0445767035256734e-05,1.8546166208896633e-05
255,3,1-5,adjust,-0.0004357630867382747,5.1933035813537185e-06,2.317995005779115e-05
255,6,1-5,adjust,0.00041292315470835457,7.281124006196452e-07,0.00014004985057850707
255,7,1-5,adjust,-0.0,-0.0,0.0001080996980841559
255,8,1-5,adjust,-0.0,-0.0,0.0001094679873604279
255,9,1-5,adjust,-0.0006515531401630794,-1.7899777291679304e-05,1.8320366859857562e-06
256,2,1-7,adjust,0.0003801709044831887,-1.0445767034548621e-05,4.4638979640946985e-05
256,3,1-7,adjust,0.0004357630867289106,-5.193303581316242e-06,4.651411336408773e-05
256,4,1-7,adjust,-0.0,-0.0,1.817491826493665e-05
256,5,1-7,adjust,-0.0,-0.0,6.242229152795166e-05
256,6,1-7,adjust,-0.00041292315472694143,-7.281124005505844e-07,2.4838618361418153e-05
256,9,1-8,adjust,0.0006515531401611429,1.789977729164149e-05,4.8366596015672354e-05
257,2,1-4,adjust,-0.000380170904472501,1.0445767034695744e-05,1.8546166209665817e-05
257,3,1-5,adjust,-0.0004357630867382747,5.1933035813537185e-06,2.317995005779115e-05
257,6,1-5,adjust,0.00041292315470835457,7.281124006196452e-07,0.00014004985057850707
257,7,1-5,adjust,-0.0,-0.0,0.0001080996980841559
257,8,1-5,adjust,-0.0,-0.0,0.0001094679873604279
257,9,1-5,adjust,-0.0006515531401630794,-1.7899777291679304e-05,1.8320366859857562e-06
258,2,1-7,adjust,0.000380170904514136,-1.0445767036194484e-05,4.4638979641844366e-05
258,3,1-7,adjust,0.0004357630867289106,-5.193303581316242e-06,4.651411336408773e-05
258,4,1-7,adjust,-0.0,-0.0,1.817491826493665e-05
258,5,1-7,adjust,-0.0,-0.0,6.242229152795166e-05
258,6,1-7,adjust,-0.00041292315472694143,-7.281124005505844e-07,2.4838618361418153e-05
258,9,1-8,adjust,0.0006515531401611429,1.789977729164149e-05,4.8366596015672354e-05
259,2,1-4,adjust,-0.00038017090450068414,1.0445767035248018e-05,1.854616620902483e-05
259,3,1-5,adjust,-0.0004357630867382747,5.1933035813537185e-06,2.317995005779115e-05
259,6,1-5,adjust,0.00041292315470835457,7.281124006196452e-07,0.00014004985057850707
259,7,1-5,adjust,-0.0,-0.0,0.0001080996980841559
259,8,1-5,adjust,-0.0,-0.0,0.0001094679873604279
259,9,1-5,adjust,-0.0006515531401630794,-1.7899777291679304e-05,1.8320366859857562e-06
260,2,1-7,adjust,0.00038017090449938326,-1.0445767035853928e-05,4.463897964152387e-05
260,3,1-7,adjust,0.0004357630867289106,-5.193303581316242e-06,4.651411336408773e-05
260,4,1-7,adjust,-0.0,-0.0,1.817491826493665e-05
260,5,1-7,adjust,-0.0,-0.0,6.242229152795166e-05
260,6,1-7,adjust,-0.00041292315472694143,-7.281124005505844e-07,2.4838618361418153e-05
260,9,1-8,adjust,0.0006515531401611429,1.789977729164149e-05,4.8366596015672354e-05
261,2,1-4,adjust,-0.0003801709045072605,1.044576703524366e-05,1.8546166209281227e-05
261,3,1-5,adjust,-0.0004357630867382747,5.1933035813537185e-06,2.317995005779115e-05
261,6,1-5,adjust,0.00041292315470835457,7.281124006196452e-07,0.00014004985057850707
261,7,1-5,adjust,-0.0,-0.0,0.0001080996980841559
261,8,1-5,adjust,-0.0,-0.0,0.0001094679873604279
261,9,1-5,adjust,-0.0006515531401630794,-1.7899777291679304e-05,1.8320366859857562e-06
262,2,1-7,adjust,0.00038017090449938326,-1.0445767035853928e-05,4.463897964190847e-05
262,3,1-7,adjust,0.0004357630867289106,-5.193303581316242e-06,4.651411336408773e-05
262,4,1-7,adjust,-0.0,-0.0,1.817491826493665e-05
262,5,1-7,adjust,-0.0,-0.0,6.242229152795166e-05
262,6,1-7,adjust,-0.00041292315472694143,-7.281124005505844e-07,2.4838618361418153e-05
262,9,1-8,adjust,0.0006515531401611429,1.789977729164149e-05,4.8366596015672354e-05
263,2,1-4,adjust,-0.00038017090450350263,1.0445767035436471e-05,1.8546166209729917e-05
263,3,1-5,adjust,-0.0004357630867382747,5.1933035813537185e-06,2.317995005779115e-05
263,6,1-5,adjust,0.00041292315470835457,7.281124006196452e-07,0.00014004985057850707
263,7,1-5,adjust,-0.0,-0.0,0.0001080996980841559
263,8,1-5,adjust,-0.0,-0.0,0.0001094679873604279
263,9,1-5,adjust,-0.0006515531401630794,-1.7899777291679304e-05,1.8320366859857562e-06
264,2,1-7,adjust,0.0003801709045022618,-1.0445767035118876e-05,4.463897964190847e-05
264,3,1-7,adjust,0.0004357630867289106,-5.193303581316242e-06,4.651411336408773e-05
264,4,1-7,adjust,-0.0,-0.0,1.817491826493665e-05
264,5,1-7,adjust,-0.0,-0.0,6.242229152795166e-05
264,6,1-7,adjust,-0.00041292315472694143,-7.281124005505844e-07,2.4838618361418153e-05
264,9,1-8,adjust,0.0006515531401611429,1.789977729164149e-05,4.8366596015672354e-05
265,2,1-4,adjust,-0.00038017090449598705,1.0445767035378009e-05,1.8546166209409424e-05
265,3,1-5,adjust,-0.0004357630867382747,5.1933035813537185e-06,2.317995005779115e-05
265,6,1-5,adjust,0.00041292315470835457,7.281124006196452e-07,0.00014004985057850707
265,7,1-5,adjust,-0.0,-0.0,0.0001080996980841559
265,8,1-5,adjust,-0.0,-0.0,0.0001094679873604279
265,9,1-5,adjust,-0.0006515531401630794,-1.7899777291679304e-05,1.8320366859857562e-06
266,2,1-7,adjust,0.00038017090449398523,-1.0445767034678698e-05,4.4638979641395675e-05
266,3,1-7,adjust,0.0004357630867289106,-5.193303581316242e-06,4.651411336408773e-05
266,4,1-7,adjust,-0.0,-0.0,1.817491826493665e-05
266,5,1-7,adjust,-0.0,-0.0,6.242229152795166e-05
266,6,1-7,adjust,-0.00041292315472694143,-7.281124005505844e-07,2.4838618361418153e-05
266,9,1-8,adjust,0.0006515531401611429,1.789977729164149e-05,4.8366596015672354e-05
267,2,1-4,adjust,-0.00038017090449598705,1.0445767035378009e-05,1.8546166209409424e-05
267,3,1-5,adjust,-0.0004357630867382747,5.1933035813537185e-06,2.317995005779115e-05
267,6,1-5,adjust,0.00041292315470835457,7.281124006196452e-07,0.00014004985057850707
267,7,1-5,adjust,-0.0,-0.0,0.0001080996980841559
267,8,1-5,adjust,-0.0,-0.0,0.0001094679873604279
267,9,1-5,adjust,-0.0006515531401630794,-1.7899777291679304e-05,1.8320366859857562e-06
268,2,1-7,adjust,0.0003801709044831887,-1.0445767034548621e-05,4.463897964133158e-05
268,3,1-7,adjust,0.0004357630867289106,-5.193303581316242e-06,4.651411336408773e-05
268,4,1-7,adjust,-0.0,-0.0,1.817491826493665e-05
268,5,1-7,adjust,-0.0,-0.0,6.242229152795166e-05
268,6,1-7,adjust,-0.00041292315472694143,-7.281124005505844e-07,2.4838618361418153e-05
268,9,1-8,adjust,0.0006515531401611429,1.789977729164149e-05,4.8366596015672354e-05
269,2,1-4,adjust,-0.0003801709044875321,1.0445767035256734e-05,1.8546166208896633e-05
269,3,1-5,adjust,-0.0004357630867382747,5.1933035813537185e-06,2.317995005779115e-05
269,6,1-5,adjust,0.00041292315470835457,7.281124006196452e-07,0.00014004985057850707
269,7,1-5,adjust,-0.0,-0.0,0.0001080996980841559
269,8,1-5,adjust,-0.0,-0.0,0.0001094679873604279
269,9,1-5,adjust,-0.0006515531401630794,-1.7899777291679304e-05,1.8320366859857562e-06
270,2,1-7,adjust,0.0003801709044831887,-1.0445767034548621e-05,4.4638979640946985e-05
270,3,1-7,adjust,0.0004357630867289106,-5.193303581316242e-06,4.651411336408773e-05
270,4,1-7,adjust,-0.0,-0.0,1.817491826493665e-05
270,5,1-7,adjust,-0.0,-0.0,6.242229152795166e-05
270,6,1-7,adjust,-0.00041292315472694143,-7.281124005505844e-07,2.4838618361418153e-05
270,9,1-8,adjust,0.0006515531401611429,1.789977729164149e-05,4.8366596015672354e-05
271,2,1-4,adjust,-0.000380170904472501,1.0445767034695744e-05,1.8546166209665817e-05
271,3,1-5,adjust,-0.0004357630867382747,5.1933035813537185e-06,2.317995005779115e-05
271,6,1-5,adjust,0.00041292315470835457,7.281124006196452e-07,0.00014004985057850707
271,7,1-5,adjust,-0.0,-0.0,0.0001080996980841559
271,8,1-5,adjust,-0.0,-0.0,0.0001094679873604279
271,9,1-5,adjust,-0.0006515531401630794,-1.7899777291679304e-05,1.8320366859857562e-06
272,2,1-7,adjust,0.000380170904514136,-1.0445767036194484e-05,4.4638979641844366e-05
272,3,1-7,adjust,0.0004357630867289106,-5.193303581316242e-06,4.651411336408773e-05
272,4,1-7,adjust,-0.0,-0.0,1.817491826493665e-05
272,5,1-7,adjust,-0.0,-0.0,6.242229152795166e-05
272,6,1-7,adjust,-0.00041292315472694143,-7.281124005505844e-07,2.4838618361418153e-05
272,9,1-8,adjust,0.0006515531401611429,1.789977729164149e-05,4.8366596015672354e-05
273,2,1-4,adjust,-0.00038017090450068414,1.0445767035248018e-05,1.854616620902483e-05
273,3,1-5,adjust,-0.0004357630867382747,5.1933035813537185e-06,2.317995005779115e-05
273,6,1-5,adjust,0.00041292315470835457,7.281124006196452e-07,0.00014004985057850707
273,7,1-5,adjust,-0.0,-0.0,0.0001080996980841559
273,8,1-5,adjust,-0.0,-0.0,0.0001094679873604279
273,9,1-5,adjust,-0.0006515531401630794,-1.7899777291679304e-05,1.8320366859857562e-06
274,2,1-7,adjust,0.00038017090449938326,-1.0445767035853928e-05,4.463897964152387e-05
274,3,1-7,adjust,0.0004357630867289106,-5.193303581316242e-06,4.651411336408773e-05
274,4,1-7,adjust,-0.0,-0.0,1.817491826493665e-05
274,5,1-7,adjust,-0.0,-0.0,6.242229152795166e-05
274,6,1-7,adjust,-0.00041292315472694143,-7.281124005505844e-07,2.4838618361418153e-05
274,9,1-8,adjust,0.0006515531401611429,1.789977729164149e-05,4.8366596015672354e-05
275,2,1-4,adjust,-0.0003801709045072605,1.044576703524366e-05,1.8546166209281227e-05
275,3,1-5,adjust,-0.0004357630867382747,5.1933035813537185e-06,2.317995005779115e-05
275,6,1-5,adjust,0.00041292315470835457,7.281124006196452e-07,0.00014004985057850707
275,7,1-5,adjust,-0.0,-0.0,0.0001080996980841559
275,8,1-5,adjust,-0.0,-0.0,0.0001094679873604279
275,9,1-5,adjust,-0.0006515531401630794,-1.7899777291679304e-05,1.8320366859857562e-06
276,2,1-7,adjust,0.00038017090449938326,-1.0445767035853928e-05,4.463897964190847e-05
276,3,1-7,adjust,0.0004357630867289106,-5.193303581316242e-06,4.651411336408773e-05
276,4,1-7,adjust,-0.0,-0.0,1.817491826493665e-05
276,5,1-7,adjust,-0.0,-0.0,6.242229152795166e-05
276,6,1-7,adjust,-0.00041292315472694143,-7.281124005505844e-07,2.4838618361418153e-05
276,9,1-8,adjust,0.0006515531401611429,1.789977729164149e-05,4.8366596015672354e-05
277,2,1-4,adjust,-0.00038017090450350263,1.0445767035436471e-05,1.8546166209729917e-05
277,3,1-5,adjust,-0.0004357630867382747,5.1933035813537185e-06,2.317995005779115e-05
277,6,1-5,adjust,0.00041292315470835457,7.281124006196452e-07,0.00014004985057850707
277,7,1-5,adjust,-0.0,-0.0,0.0001080996980841559
277,8,1-5,adjust,-0.0,-0.0,0.0001094679873604279
277,9,1-5,adjust,-0.0006515531401630794,-1.7899777291679304e-05,1.8320366859857562e-06
278,2,1-7,adjust,0.0003801709045022618,-1.0445767035118876e-05,4.463897964190847e-05
278,3,1-7,adjust,0.0004357630867289106,-5.193303581316242e-06,4.651411336408773e-05
278,4,1-7,adjust,-0.0,-0.0,1.817491826493665e-05
278,5,1-7,adjust,-0.0,-0.0,6.242229152795166e-05
278,6,1-7,adjust,-0.00041292315472694143,-7.281124005505844e-07,2.4838618361418153e-05
278,9,1-8,adjust,0.0006515531401611429,1.789977729164149e-05,4.8366596015672354e-05
279,2,1-4,adjust,-0.00038017090449598705,1.0445767035378009e-05,1.8546166209409424e-05
279,3,1-5,adjust,-0.0004357630867382747,5.1933035813537185e-06,2.317995005779115e-05
279,6,1-5,adjust,0.00041292315470835457,7.281124006196452e-07,0.00014004985057850707
279,7,1-5,adjust,-0.0,-0.0,0.0001080996980841559
279,8,1-5,adjust,-0.0,-0.0,0.0001094679873604279
279,9,1-5,adjust,-0.0006515531401630794,-1.7899777291679304e-05,1.8320366859857562e-06
280,2,1-7,adjust,0.00038017090449398523,-1.0445767034678698e-05,4.4638979641395675e-05
280,3,1-7,adjust,0.0004357630867289106,-5.193303581316242e-06,4.651411336408773e-05
280,4,1-7,adjust,-0.0,-0.0,1.817491826493665e-05
280,5,1-7,adjust,-0.0,-0.0,6.242229152795166e-05
280,6,1-7,adjust,-0.00041292315472694143,-7.281124005505844e-07,2.4838618361418153e-05
280,9,1-8,adjust,0.0006515531401611429,1.789977729164149e-05,4.8366596015672354e-05
281,2,1-4,adjust,-0.00038017090449598705,1.0445767035378009e-05,1.8546166209409424e-05
281,3,1-5,adjust,-0.0004357630867382747,5.1933035813537185e-06,2.317995005779115e-05
281,6,1-5,adjust,0.00041292315470835457,7.281124006196452e-07,0.00014004985057850707
281,7,1-5,adjust,-0.0,-0.0,0.0001080996980841559
281,8,1-5,adjust,-0.0,-0.0,0.0001094679873604279
281,9,1-5,adjust,-0.0006515531401630794,-1.7899777291679304e-05,1.8320366859857562e-06
282,2,1-7,adjust,0.0003801709044831887,-1.0445767034548621e-05,4.463897964133158e-05
282,3,1-7,adjust,0.0004357630867289106,-5.193303581316242e-06,4.651411336408773e-05
282,4,1-7,adjust,-0.0,-0.0,1.817491826493665e-05
282,5,1-7,adjust,-0.0,-0.0,6.242229152795166e-05
282,6,1-7,adjust,-0.00041292315472694143,-7.281124005505844e-07,2.4838618361418153e-05
282,9,1-8,adjust,0.0006515531401611429,1.789977729164149e-05,4.8366596015672354e-05
283,2,1-4,adjust,-0.0003801709044875321,1.0445767035256734e-05,1.8546166208896633e-05
283,3,1-5,adjust,-0.0004357630867382747,5.1933035813537185e-06,2.317995005779115e-05
283,6,1-5,adjust,0.00041292315470835457,7.281124006196452e-07,0.00014004985057850707
283,7,1-5,adjust,-0.0,-0.0,0.0001080996980841559
283,8,1-5,adjust,-0.0,-0.0,0.0001094679873604279
283,9,1-5,adjust,-0.0006515531401630794,-1.7899777291679304e-05,1.8320366859857562e-06
284,2,1-7,adjust,0.0003801709044831887,-1.0445767034548621e-05,4.4638979640946985e-05
284,3,1-7,adjust,0.0004357630867289106,-5.193303581316242e-06,4.651411336408773e-05
284,4,1-7,adjust,-0.0,-0.0,1.817491826493665e-05
284,5,1-7,adjust,-0.0,-0.0,6.242229152795166e-05
284,6,1-7,adjust,-0.00041292315472694143,-7.281124005505844e-07,2.4838618361418153e-05
284,9,1-8,adjust,0.0006515531401611429,1.789977729164149e-05,4.8366596015672354e-05
285,2,1-4,adjust,-0.000380170904472501,1.0445767034695744e-05,1.8546166209665817e-05
285,3,1-5,adjust,-0.0004357630867382747,5.1933035813537185e-06,2.317995005779115e-05
285,6,1-5,adjust,0.00041292315470835457,7.281124006196452e-07,0.00014004985057850707
285,7,1-5,adjust,-0.0,-0.0,0.0001080996980841559
285,8,1-5,adjust,-0.0,-0.0,0.0001094679873604279
285,9,1-5,adjust,-0.0006515531401630794,-1.7899777291679304e-05,1.8320366859857562e-06
286,2,1-7,adjust,0.000380170904514136,-1.0445767036194484e-05,4.4638979641844366e-05
286,3,1-7,adjust,0.0004357630867289106,-5.193303581316242e-06,4.651411336408773e-05
286,4,1-7,adjust,-0.0,-0.0,1.817491826493665e-05
286,5,1-7,adjust,-0.0,-0.0,6.242229152795166e-05
286,6,1-7,adjust,-0.00041292315472694143,-7.281124005505844e-07,2.4838618361418153e-05
286,9,1-8,adjust,0.0006515531401611429,1.789977729164149e-05,4.8366596015672354e-05
287,2,1-4,adjust,-0.00038017090450068414,1.0445767035248018e-05,1.854616620902483e-05
287,3,1-5,adjust,-0.0004357630867382747,5.1933035813537185e-06,2.317995005779115e-05
287,6,1-5,adjust,0.00041292315470835457,7.281124006196452e-07,0.00014004985057850707
287,7,1-5,adjust,-0.0,-0.0,0.0001080996980841559
287,8,1-5,adjust,-0.0,-0.0,0.0001094679873604279
287,9,1-5,adjust,-0.0006515531401630794,-1.7899777291679304e-05,1.8320366859857562e-06
288,2,1-7,adjust,0.00038017090449938326,-1.0445767035853928e-05,4.463897964152387e-05
288,3,1-7,adjust,0.0004357630867289106,-5.193303581316242e-06,4.651411336408773e-05
288,4,1-7,adjust,-0.0,-0.0,1.817491826493665e-05
288,5,1-7,adjust,-0.0,-0.0,6.242229152795166e-05
288,6,1-7,adjust,-0.00041292315472694143,-7.281124005505844e-07,2.4838618361418153e-05
288,9,1-8,adjust,0.0006515531401611429,1.789977729164149e-05,4.8366596015672354e-05
289,2,1-4,adjust,-0.0003801709045072605,1.044576703524366e-05,1.8546166209281227e-05
289,3,1-5,adjust,-0.0004357630867382747,5.1933035813537185e-06,2.317995005779115e-05
289,6,1-5,adjust,0.00041292315470835457,7.281124006196452e-07,0.00014004985057850707
289,7,1-5,adjust,-0.0,-0.0,0.0001080996980841559
289,8,1-5,adjust,-0.0,-0.0,0.0001094679873604279
289,9,1-5,adjust,-0.0006515531401630794,-1.7899777291679304e-05,1.8320366859857562e-06
290,2,1-7,adjust,0.00038017090449938326,-1.0445767035853928e-05,4.463897964190847e-05
290,3,1-7,adjust,0.0004357630867289106,-5.193303581316242e-06,4.651411336408773e-05
290,4,1-7,adjust,-0.0,-0.0,1.817491826493665e-05
290,5,1-7,adjust,-0.0,-0.0,6.242229152795166e-05
290,6,1-7,adjust,-0.00041292315472694143,-7.281124005505844e-07,2.4838618361418153e-05
290,9,1-8,adjust,0.0006515531401611429,1.789977729164149e-05,4.8366596015672354e-05
291,2,1-4,adjust,-0.00038017090450350263,1.0445767035436471e-05,1.8546166209729917e-05
291,3,1-5,adjust,-0.0004357630867382747,5.1933035813537185e-06,2.317995005779115e-05
291,6,1-5,adjust,0.00041292315470835457,7.281124006196452e-07,0.00014004985057850707
291,7,1-5,adjust,-0.0,-0.0,0.0001080996980841559
291,8,1-5,adjust,-0.0,-0.0,0.0001094679873604279
291,9,1-5,adjust,-0.0006515531401630794,-1.7899777291679304e-05,1.8320366859857562e-06
292,2,1-7,adjust,0.0003801709045022618,-1.0445767035118876e-05,4.463897964190847e-05
292,3,1-7,adjust,0.0004357630867289106,-5.193303581316242e-06,4.651411336408773e-05
292,4,1-7,adjust,-0.0,-0.0,1.817491826493665e-05
292,5,1-7,adjust,-0.0,-0.0,6.242229152795166e-05
292,6,1-7,adjust,-0.00041292315472694143,-7.281124005505844e-07,2.4838618361418153e-05
292,9,1-8,adjust,0.0006515531401611429,1.789977729164149e-05,4.8366596015672354e-05
293,2,1-4,adjust,-0.00038017090449598705,1.0445767035378009e-05,1.8546166209409424e-05
293,3,1-5,adjust,-0.0004357630867382747,5.1933035813537185e-06,2.317995005779115e-05
293,6,1-5,adjust,0.00041292315470835457,7.281124006196452e-07,0.00014004985057850707
293,7,1-5,adjust,-0.0,-0.0,0.0001080996980841559
293,8,1-5,adjust,-0.0,-0.0,0.0001094679873604279
293,9,1-5,adjust,-0.0006515531401630794,-1.7899777291679304e-05,1.8320366859857562e-06
294,2,1-7,adjust,0.00038017090449398523,-1.0445767034678698e-05,4.4638979641395675e-05
294,3,1-7,adjust,0.0004357630867289106,-5.193303581316242e-06,4.651411336408773e-05
294,4,1-7,adjust,-0.0,-0.0,1.817491826493665e-05
294,5,1-7,adjust,-0.0,-0.0,6.242229152795166e-05
294,6,1-7,adjust,-0.00041292315472694143,-7.281124005505844e-07,2.4838618361418153e-05
294,9,1-8,adjust,0.0006515531401611429,1.789977729164149e-05,4.8366596015672354e-05
295,2,1-4,adjust,-0.00038017090449598705,1.0445767035378009e-05,1.8546166209409424e-05
295,3,1-5,adjust,-0.0004357630867382747,5.1933035813537185e-06,2.317995005779115e-05
295,6,1-5,adjust,0.00041292315470835457,7.281124006196452e-07,0.00014004985057850707
295,7,1-5,adjust,-0.0,-0.0,0.0001080996980841559
295,8,1-5,adjust,-0.0,-0.0,0.0001094679873604279
295,9,1-5,adjust,-0.0006515531401630794,-1.7899777291679304e-05,1.8320366859857562e-06
296,2,1-7,adjust,0.0003801709044831887,-1.0445767034548621e-05,4.463897964133158e-05
296,3,1-7,adjust,0.0004357630867289106,-5.193303581316242e-06,4.651411336408773e-05
296,4,1-7,adjust,-0.0,-0.0,1.817491826493665e-05
296,5,1-7,adjust,-0.0,-0.0,6.242229152795166e-05
296,6,1-7,adjust,-0.00041292315472694143,-7.281124005505844e-07,2.4838618361418153e-05
296,9,1-8,adjust,0.0006515531401611429,1.789977729164149e-05,4.8366596015672354e-05
297,2,1-4,adjust,-0.0003801709044875321,1.0445767035256734e-05,1.8546166208896633e-05
297,3,1-5,adjust,-0.0004357630867382747,5.1933035813537185e-06,2.317995005779115e-05
297,6,1-5,adjust,0.00041292315470835457,7.281124006196452e-07,0.00014004985057850707
297,7,1-5,adjust,-0.0,-0.0,0.0001080996980841559
297,8,1-5,adjust,-0.0,-0.0,0.0001094679873604279
297,9,1-5,adjust,-0.0006515531401630794,-1.7899777291679304e-05,1.8320366859857562e-06
298,2,1-7,adjust,0.0003801709044831887,-1.0445767034548621e-05,4.4638979640946985e-05
298,3,1-7,adjust,0.0004357630867289106,-5.193303581316242e-06,4.651411336408773e-05
298,4,1-7,adjust,-0.0,-0.0,1.817491826493665e-05
298,5,1-7,adjust,-0.0,-0.0,6.242229152795166e-05
298,6,1-7,adjust,-0.00041292315472694143,-7.281124005505844e-07,2.4838618361418153e-05
298,9,1-8,adjust,0.0006515531401611429,1.789977729164149e-05,4.8366596015672354e-05
299,2,1-4,adjust,-0.000380170904472501,1.0445767034695744e-05,1.8546166209665817e-05
299,3,1-5,adjust,-0.0004357630867382747,5.1933035813537185e-06,2.317995005779115e-05
299,6,1-5,adjust,0.00041292315470835457,7.281124006196452e-07,0.00014004985057850707
299,7,1-5,adjust,-0.0,-0.0,0.0001080996980841559
299,8,1-5,adjust,-0.0,-0.0,0.0001094679873604279
299,9,1-5,adjust,-0.0006515531401630794,-1.7899777291679304e-05,1.8320366859857562e-06
300,2,1-7,adjust,0.000380170904514136,-1.0445767036194484e-05,4.4638979641844366e-05
300,3,1-7,adjust,0.0004357630867289106,-5.193303581316242e-06,4.651411336408773e-05
300,4,1-7,adjust,-0.0,-0.0,1.817491826493665e-05
300,5,1-7,adjust,-0.0,-0.0,6.242229152795166e-05
300,6,1-7,adjust,-0.00041292315472694143,-7.281124005505844e-07,2.4838618361418153e-05
300,9,1-8,adjust,0.0006515531401611429,1.789977729164149e-05,4.8366596015672354e-05
301,2,1-4,adjust,-0.00038017090450068414,1.0445767035248018e-05,1.854616620902483e-05
301,3,1-5,adjust,-0.0004357630867382747,5.1933035813537185e-06,2.317995005779115e-05
301,6,1-5,adjust,0.00041292315470835457,7.281124006196452e-07,0.00014004985057850707
301,7,1-5,adjust,-0.0,-0.0,0.0001080996980841559
301,8,1-5,adjust,-0.0,-0.0,0.0001094679873604279
301,9,1-5,adjust,-0.0006515531401630794,-1.7899777291679304e-05,1.8320366859857562e-06
302,2,1-7,adjust,0.00038017090449938326,-1.0445767035853928e-05,4.463897964152387e-05
302,3,1-7,adjust,0.0004357630867289106,-5.193303581316242e-06,4.651411336408773e-05
302,4,1-7,adjust,-0.0,-0.0,1.817491826493665e-05
302,5,1-7,adjust,-0.0,-0.0,6.242229152795166e-05
302,6,1-7,adjust,-0.00041292315472694143,-7.281124005505844e-07,2.4838618361418153e-05
302,9,1-8,adjust,0.0006515531401611429,1.789977729164149e-05,4.8366596015672354e-05
303,2,1-4,adjust,-0.0003801709045072605,1.044576703524366e-05,1.8546166209281227e-05
303,3,1-5,adjust,-0.0004357630867382747,5.1933035813537185e-06,2.317995005779115e-05
303,6,1-5,adjust,0.00041292315470835457,7.281124006196452e-07,0.00014004985057850707
303,7,1-5,adjust,-0.0,-0.0,0.0001080996980841559
303,8,1-5,adjust,-0.0,-0.0,0.0001094679873604279
303,9,1-5,adjust,-0.0006515531401630794,-1.7899777291679304e-05,1.8320366859857562e-06
304,2,1-7,adjust,0.00038017090449938326,-1.0445767035853928e-05,4.463897964190847e-05
304,3,1-7,adjust,0.0004357630867289106,-5.193303581316242e-06,4.651411336408773e-05
304,4,1-7,adjust,-0.0,-0.0,1.817491826493665e-05
304,5,1-7,adjust,-0.0,-0.0,6.242229152795166e-05
304,6,1-7,adjust,-0.00041292315472694143,-7.281124005505844e-07,2.4838618361418153e-05
304,9,1-8,adjust,0.0006515531401611429,1.789977729164149e-05,4.8366596015672354e-05
305,2,1-4,adjust,-0.00038017090450350263,1.0445767035436471e-05,1.8546166209729917e-05
305,3,1-5,adjust,-0.0004357630867382747,5.1933035813537185e-06,2.317995005779115e-05
305,6,1-5,adjust,0.00041292315470835457,7.281124006196452e-07,0.00014004985057850707
305,7,1-5,adjust,-0.0,-0.0,0.0001080996980841559
305,8,1-5,adjust,-0.0,-0.0,0.0001094679873604279
305,9,1-5,adjust,-0.0006515531401630794,-1.7899777291679304e-05,1.8320366859857562e-06
306,2,1-7,adjust,0.0003801709045022618,-1.0445767035118876e-05,4.463897964190847e-05
306,3,1-7,adjust,0.0004357630867289106,-5.193303581316242e-06,4.651411336408773e-05
306,4,1-7,adjust,-0.0,-0.0,1.817491826493665e-05
306,5,1-7,adjust,-0.0,-0.0,6.242229152795166e-05
306,6,1-7,adjust,-0.00041292315472694143,-7.281124005505844e-07,2.4838618361418153e-05
306,9,1-8,adjust,0.0006515531401611429,1.789977729164149e-05,4.8366596015672354e-05
307,2,1-4,adjust,-0.00038017090449598705,1.0445767035378009e-05,1.8546166209409424e-05
307,3,1-5,adjust,-0.0004357630867382747,5.1933035813537185e-06,2.317995005779115e-05
307,6,1-5,adjust,0.00041292315470835457,7.281124006196452e-07,0.00014004985057850707
307,7,1-5,adjust,-0.0,-0.0,0.0001080996980841559
307,8,1-5,adjust,-0.0,-0.0,0.0001094679873604279
307,9,1-5,adjust,-0.0006515531401630794,-1.7899777291679304e-05,1.8320366859857562e-06
308,2,1-7,adjust,0.00038017090449398523,-1.0445767034678698e-05,4.4638979641395675e-05
308,3,1-7,adjust,0.0004357630867289106,-5.193303581316242e-06,4.651411336408773e-05
308,4,1-7,adjust,-0.0,-0.0,1.817491826493665e-05
308,5,1-7,adjust,-0.0,-0.0,6.242229152795166e-05
308,6,1-7,adjust,-0.00041292315472694143,-7.281124005505844e-07,2.4838618361418153e-05
308,9,1-8,adjust,0.0006515531401611429,1.789977729164149e-05,4.8366596015672354e-05
309,2,1-4,adjust,-0.00038017090449598705,1.0445767035378009e-05,1.8546166209409424e-05
309,3,1-5,adjust,-0.0004357630867382747,5.1933035813537185e-06,2.317995005779115e-05
309,6,1-5,adjust,0.00041292315470835457,7.281124006196452e-07,0.00014004985057850707
309,7,1-5,adjust,-0.0,-0.0,0.0001080996980841559
309,8,1-5,adjust,-0.0,-0.0,0.0001094679873604279
309,9,1-5,adjust,-0.0006515531401630794,-1.7899777291679304e-05,1.8320366859857562e-06
310,2,1-7,adjust,0.0003801709044831887,-1.0445767034548621e-05,4.463897964133158e-05
310,3,1-7,adjust,0.0004357630867289106,-5.193303581316242e-06,4.651411336408773e-05
310,4,1-7,adjust,-0.0,-0.0,1.817491826493665e-05
310,5,1-7,adjust,-0.0,-0.0,6.242229152795166e-05
310,6,1-7,adjust,-0.00041292315472694143,-7.281124005505844e-07,2.4838618361418153e-05
310,9,1-8,adjust,0.0006515531401611429,1.789977729164149e-05,4.8366596015672354e-05
311,2,1-4,adjust,-0.0003801709044875321,1.0445767035256734e-05,1.8546166208896633e-05
311,3,1-5,adjust,-0.0004357630867382747,5.1933035813537185e-06,2.317995005779115e-05
311,6,1-5,adjust,0.00041292315470835457,7.281124006196452e-07,0.00014004985057850707
311,7,1-5,adjust,-0.0,-0.0,0.0001080996980841559
311,8,1-5,adjust,-0.0,-0.0,0.0001094679873604279
311,9,1-5,adjust,-0.0006515531401630794,-1.7899777291679304e-05,1.8320366859857562e-06
312,2,1-7,adjust,0.0003801709044831887,-1.0445767034548621e-05,4.4638979640946985e-05
312,3,1-7,adjust,0.0004357630867289106,-5.193303581316242e-06,4.651411336408773e-05
312,4,1-7,adjust,-0.0,-0.0,1.817491826493665e-05
312,5,1-7,adjust,-0.0,-0.0,6.242229152795166e-05
312,6,1-7,adjust,-0.00041292315472694143,-7.281124005505844e-07,2.4838618361418153e-05
312,9,1-8,adjust,0.0006515531401611429,1.789977729164149e-05,4.8366596015672354e-05
313,2,1-4,adjust,-0.000380170904472501,1.0445767034695744e-05,1.8546166209665817e-05
313,3,1-5,adjust,-0.0004357630867382747,5.1933035813537185e-06,2.317995005779115e-05
313,6,1-5,adjust,0.00041292315470835457,7.281124006196452e-07,0.00014004985057850707
313,7,1-5,adjust,-0.0,-0.0,0.0001080996980841559
313,8,1-5,adjust,-0.0,-0.0,0.0001094679873604279
313,9,1-5,adjust,-0.0006515531401630794,-1.7899777291679304e-05,1.8320366859857562e-06
314,2,1-7,adjust,0.000380170904514136,-1.0445767036194484e-05,4.4638979641844366e-05
314,3,1-7,adjust,0.0004357630867289106,-5.193303581316242e-06,4.651411336408773e-05
314,4,1-7,adjust,-0.0,-0.0,1.817491826493665e-05
314,5,1-7,adjust,-0.0,-0.0,6.242229152795166e-05
314,6,1-7,adjust,-0.00041292315472694143,-7.281124005505844e-07,2.4838618361418153e-05
314,9,1-8,adjust,0.0006515531401611429,1.789977729164149e-05,4.8366596015672354e-05
315,2,1-4,adjust,-0.00038017090450068414,1.0445767035248018e-05,1.854616620902483e-05
315,3,1-5,adjust,-0.0004357630867382747,5.1933035813537185e-06,2.317995005779115e-05
315,6,1-5,adjust,0.00041292315470835457,7.281124006196452e-07,0.00014004985057850707
315,7,1-5,adjust,-0.0,-0.0,0.0001080996980841559
315,8,1-5,adjust,-0.0,-0.0,0.0001094679873604279
315,9,1-5,adjust,-0.0006515531401630794,-1.7899777291679304e-05,1.8320366859857562e-06
316,2,1-7,adjust,0.00038017090449938326,-1.0445767035853928e-05,4.463897964152387e-05
316,3,1-7,adjust,0.0004357630867289106,-5.193303581316242e-06,4.651411336408773e-05
316,4,1-7,adjust,-0.0,-0.0,1.817491826493665e-05
316,5,1-7,adjust,-0.0,-0.0,6.242229152795166e-05
316,6,1-7,adjust,-0.00041292315472694143,-7.281124005505844e-07,2.4838618361418153e-05
316,9,1-8,adjust,0.0006515531401611429,1.789977729164149e-05,4.8366596015672354e-05
317,2,1-4,adjust,-0.0003801709045072605,1.044576703524366e-05,1.8546166209281227e-05
317,3,1-5,adjust,-0.0004357630867382747,5.1933035813537185e-06,2.317995005779115e-05
317,6,1-5,adjust,0.00041292315470835457,7.281124006196452e-07,0.00014004985057850707
317,7,1-5,adjust,-0.0,-0.0,0.0001080996980841559
317,8,1-5,adjust,-0.0,-0.0,0.0001094679873604279
317,9,1-5,adjust,-0.0006515531401630794,-1.7899777291679304e-05,1.8320366859857562e-06
318,2,1-7,adjust,0.00038017090449938326,-1.0445767035853928e-05,4.463897964190847e-05
318,3,1-7,adjust,0.0004357630867289106,-5.193303581316242e-06,4.651411336408773e-05
318,4,1-7,adjust,-0.0,-0.0,1.817491826493665e-05
318,5,1-7,adjust,-0.0,-0.0,6.242229152795166e-05
318,6,1-7,adjust,-0.00041292315472694143,-7.281124005505844e-07,2.4838618361418153e-05
318,9,1-8,adjust,0.0006515531401611429,1.789977729164149e-05,4.8366596015672354e-05
319,2,1-4,adjust,-0.00038017090450350263,1.0445767035436471e-05,1.8546166209729917e-05
319,3,1-5,adjust,-0.0004357630867382747,5.1933035813537185e-06,2.317995005779115e-05
319,6,1-5,adjust,0.00041292315470835457,7.281124006196452e-07,0.00014004985057850707
319,7,1-5,adjust,-0.0,-0.0,0.0001080996980841559
319,8,1-5,adjust,-0.0,-0.0,0.0001094679873604279
319,9,1-5,adjust,-0.0006515531401630794,-1.7899777291679304e-05,1.8320366859857562e-06
320,2,1-7,adjust,0.0003801709045022618,-1.0445767035118876e-05,4.463897964190847e-05
320,3,1-7,adjust,0.0004357630867289106,-5.193303581316242e-06,4.651411336408773e-05
320,4,1-7,adjust,-0.0,-0.0,1.817491826493665e-05
320,5,1-7,adjust,-0.0,-0.0,6.242229152795166e-05
320,6,1-7,adjust,-0.00041292315472694143,-7.281124005505844e-07,2.4838618361418153e-05
320,9,1-8,adjust,0.0006515531401611429,1.789977729164149e-05,4.8366596015672354e-05
321,2,1-4,adjust,-0.00038017090449598705,1.0445767035378009e-05,1.8546166209409424e-05
321,3,1-5,adjust,-0.0004357630867382747,5.1933035813537185e-06,2.317995005779115e-05
321,6,1-5,adjust,0.00041292315470835457,7.281124006196452e-07,0.00014004985057850707
321,7,1-5,adjust,-0.0,-0.0,0.0001080996980841559
321,8,1-5,adjust,-0.0,-0.0,0.0001094679873604279
321,9,1-5,adjust,-0.0006515531401630794,-1.7899777291679304e-05,1.8320366859857562e-06
322,2,1-7,adjust,0.00038017090449398523,-1.0445767034678698e-05,4.4638979641395675e-05
322,3,1-7,adjust,0.0004357630867289106,-5.193303581316242e-06,4.651411336408773e-05
322,4,1-7,adjust,-0.0,-0.0,1.817491826493665e-05
322,5,1-7,adjust,-0.0,-0.0,6.242229152795166e-05
322,6,1-7,adjust,-0.00041292315472694143,-7.281124005505844e-07,2.4838618361418153e-05
322,9,1-8,adjust,0.0006515531401611429,1.789977729164149e-05,4.8366596015672354e-05
323,2,1-4,adjust,-0.00038017090449598705,1.0445767035378009e-05,1.8546166209409424e-05
323,3,1-5,adjust,-0.0004357630867382747,5.1933035813537185e-06,2.317995005779115e-05
323,6,1-5,adjust,0.00041292315470835457,7.281124006196452e-07,0.00014004985057850707
323,7,1-5,adjust,-0.0,-0.0,0.0001080996980841559
323,8,1-5,adjust,-0.0,-0.0,0.0001094679873604279
323,9,1-5,adjust,-0.0006515531401630794,-1.7899777291679304e-05,1.8320366859857562e-06
324,2,1-7,adjust,0.0003801709044831887,-1.0445767034548621e-05,4.463897964133158e-05
324,3,1-7,adjust,0.0004357630867289106,-5.193303581316242e-06,4.651411336408773e-05
324,4,1-7,adjust,-0.0,-0.0,1.817491826493665e-05
324,5,1-7,adjust,-0.0,-0.0,6.242229152795166e-05
324,6,1-7,adjust,-0.00041292315472694143,-7.281124005505844e-07,2.4838618361418153e-05
324,9,1-8,adjust,0.0006515531401611429,1.789977729164149e-05,4.8366596015672354e-05
325,2,1-4,adjust,-0.0003801709044875321,1.0445767035256734e-05,1.8546166208896633e-05
325,3,1-5,adjust,-0.0004357630867382747,5.1933035813537185e-06,2.317995005779115e-05
325,6,1-5,adjust,0.00041292315470835457,7.281124006196452e-07,0.00014004985057850707
325,7,1-5,adjust,-0.0,-0.0,0.0001080996980841559
325,8,1-5,adjust,-0.0,-0.0,0.0001094679873604279
325,9,1-5,adjust,-0.0006515531401630794,-1.7899777291679304e-05,1.8320366859857562e-06
326,2,1-7,adjust,0.0003801709044831887,-1.0445767034548621e-05,4.4638979640946985e-05
326,3,1-7,adjust,0.0004357630867289106,-5.193303581316242e-06,4.651411336408773e-05
326,4,1-7,adjust,-0.0,-0.0,1.817491826493665e-05
326,5,1-7,adjust,-0.0,-0.0,6.242229152795166e-05
326,6,1-7,adjust,-0.00041292315472694143,-7.281124005505844e-07,2.4838618361418153e-05
326,9,1-8,adjust,0.0006515531401611429,1.789977729164149e-05,4.8366596015672354e-05
327,2,1-4,adjust,-0.000380170904472501,1.0445767034695744e-05,1.8546166209665817e-05
327,3,1-5,adjust,-0.0004357630867382747,5.1933035813537185e-06,2.317995005779115e-05
327,6,1-5,adjust,0.00041292315470835457,7.281124006196452e-07,0.00014004985057850707
327,7,1-5,adjust,-0.0,-0.0,0.0001080996980841559
327,8,1-5,adjust,-0.0,-0.0,0.0001094679873604279
327,9,1-5,adjust,-0.0006515531401630794,-1.7899777291679304e-05,1.8320366859857562e-06
328,2,1-7,adjust,0.000380170904514136,-1.0445767036194484e-05,4.4638979641844366e-05
328,3,1-7,adjust,0.0004357630867289106,-5.193303581316242e-06,4.651411336408773e-05
328,4,1-7,adjust,-0.0,-0.0,1.817491826493665e-05
328,5,1-7,adjust,-0.0,-0.0,6.242229152795166e-05
328,6,1-7,adjust,-0.00041292315472694143,-7.281124005505844e-07,2.4838618361418153e-05
328,9,1-8,adjust,0.0006515531401611429,1.789977729164149e-05,4.8366596015672354e-05
329,2,1-4,adjust,-0.00038017090450068414,1.0445767035248018e-05,1.854616620902483e-05
329,3,1-5,adjust,-0.0004357630867382747,5.1933035813537185e-06,2.317995005779115e-05
329,6,1-5,adjust,0.00041292315470835457,7.281124006196452e-07,0.00014004985057850707
329,7,1-5,adjust,-0.0,-0.0,0.0001080996980841559
329,8,1-5,adjust,-0.0,-0.0,0.0001094679873604279
329,9,1-5,adjust,-0.0006515531401630794,-1.7899777291679304e-05,1.8320366859857562e-06
330,2,1-7,adjust,0.00038017090449938326,-1.0445767035853928e-05,4.463897964152387e-05
330,3,1-7,adjust,0.0004357630867289106,-5.193303581316242e-06,4.651411336408773e-05
330,4,1-7,adjust,-0.0,-0.0,1.817491826493665e-05
330,5,1-7,adjust,-0.0,-0.0,6.242229152795166e-05
330,6,1-7,adjust,-0.00041292315472694143,-7.281124005505844e-07,2.4838618361418153e-05
330,9,1-8,adjust,0.0006515531401611429,1.789977729164149e-05,4.8366596015672354e-05
331,2,1-4,adjust,-0.0003801709045072605,1.044576703524366e-05,1.8546166209281227e-05
331,3,1-5,adjust,-0.0004357630867382747,5.1933035813537185e-06,2.317995005779115e-05
331,6,1-5,adjust,0.00041292315470835457,7.281124006196452e-07,0.00014004985057850707
331,7,1-5,adjust,-0.0,-0.0,0.0001080996980841559
331,8,1-5,adjust,-0.0,-0.0,0.0001094679873604279
331,9,1-5,adjust,-0.0006515531401630794,-1.7899777291679304e-05,1.8320366859857562e-06
332,2,1-7,adjust,0.00038017090449938326,-1.0445767035853928e-05,4.463897964190847e-05
332,3,1-7,adjust,0.0004357630867289106,-5.193303581316242e-06,4.651411336408773e-05
332,4,1-7,adjust,-0.0,-0.0,1.817491826493665e-05
332,5,1-7,adjust,-0.0,-0.0,6.242229152795166e-05
332,6,1-7,adjust,-0.00041292315472694143,-7.281124005505844e-07,2.4838618361418153e-05
332,9,1-8,adjust,0.0006515531401611429,1.789977729164149e-05,4.8366596015672354e-05
333,2,1-4,adjust,-0.00038017090450350263,1.0445767035436471e-05,1.8546166209729917e-05
333,3,1-5,adjust,-0.0004357630867382747,5.1933035813537185e-06,2.317995005779115e-05
333,6,1-5,adjust,0.00041292315470835457,7.281124006196452e-07,0.00014004985057850707
333,7,1-5,adjust,-0.0,-0.0,0.0001080996980841559
333,8,1-5,adjust,-0.0,-0.0,0.0001094679873604279
333,9,1-5,adjust,-0.0006515531401630794,-1.7899777291679304e-05,1.8320366859857562e-06
334,2,1-7,adjust,0.0003801709045022618,-1.0445767035118876e-05,4.463897964190847e-05
334,3,1-7,adjust,0.0004357630867289106,-5.193303581316242e-06,4.651411336408773e-05
334,4,1-7,adjust,-0.0,-0.0,1.817491826493665e-05
334,5,1-7,adjust,-0.0,-0.0,6.242229152795166e-05
334,6,1-7,adjust,-0.00041292315472694143,-7.281124005505844e-07,2.4838618361418153e-05
334,9,1-8,adjust,0.0006515531401611429,1.789977729164149e-05,4.8366596015672354e-05
335,2,1-4,adjust,-0.00038017090449598705,1.0445767035378009e-05,1.8546166209409424e-05
335,3,1-5,adjust,-0.0004357630867382747,5.1933035813537185e-06,2.317995005779115e-05
335,6,1-5,adjust,0.00041292315470835457,7.281124006196452e-07,0.00014004985057850707
335,7,1-5,adjust,-0.0,-0.0,0.0001080996980841559
335,8,1-5,adjust,-0.0,-0.0,0.0001094679873604279
335,9,1-5,adjust,-0.0006515531401630794,-1.7899777291679304e-05,1.8320366859857562e-06
336,2,1-7,adjust,0.00038017090449398523,-1.0445767034678698e-05,4.4638979641395675e-05
336,3,1-7,adjust,0.0004357630867289106,-5.193303581316242e-06,4.651411336408773e-05
336,4,1-7,adjust,-0.0,-0.0,1.817491826493665e-05
336,5,1-7,adjust,-0.0,-0.0,6.242229152795166e-05
336,6,1-7,adjust,-0.00041292315472694143,-7.281124005505844e-07,2.4838618361418153e-05
336,9,1-8,adjust,0.0006515531401611429,1.789977729164149e-05,4.8366596015672354e-05
337,2,1-4,adjust,-0.00038017090449598705,1.0445767035378009e-05,1.8546166209409424e-05
337,3,1-5,adjust,-0.0004357630867382747,5.1933035813537185e-06,2.317995005779115e-05
337,6,1-5,adjust,0.00041292315470835457,7.281124006196452e-07,0.00014004985057850707
337,7,1-5,adjust,-0.0,-0.0,0.0001080996980841559
337,8,1-5,adjust,-0.0,-0.0,0.0001094679873604279
337,9,1-5,adjust,-0.0006515531401630794,-1.7899777291679304e-05,1.8320366859857562e-06
338,2,1-7,adjust,0.0003801709044831887,-1.0445767034548621e-05,4.463897964133158e-05
338,3,1-7,adjust,0.0004357630867289106,-5.193303581316242e-06,4.651411336408773e-05
338,4,1-7,adjust,-0.0,-0.0,1.817491826493665e-05
338,5,1-7,adjust,-0.0,-0.0,6.242229152795166e-05
338,6,1-7,adjust,-0.00041292315472694143,-7.281124005505844e-07,2.4838618361418153e-05
338,9,1-8,adjust,0.0006515531401611429,1.789977729164149e-05,4.8366596015672354e-05
339,2,1-4,adjust,-0.0003801709044875321,1.0445767035256734e-05,1.8546166208896633e-05
339,3,1-5,adjust,-0.0004357630867382747,5.1933035813537185e-06,2.317995005779115e-05
339,6,1-5,adjust,0.00041292315470835457,7.281124006196452e-07,0.00014004985057850707
339,7,1-5,adjust,-0.0,-0.0,0.0001080996980841559
339,8,1-5,adjust,-0.0,-0.0,0.0001094679873604279
339,9,1-5,adjust,-0.0006515531401630794,-1.7899777291679304e-05,1.8320366859857562e-06
340,2,1-7,adjust,0.0003801709044831887,-1.0445767034548621e-05,4.4638979640946985e-05
340,3,1-7,adjust,0.0004357630867289106,-5.193303581316242e-06,4.651411336408773e-05
340,4,1-7,adjust,-0.0,-0.0,1.817491826493665e-05
340,5,1-7,adjust,-0.0,-0.0,6.242229152795166e-05
340,6,1-7,adjust,-0.00041292315472694143,-7.281124005505844e-07,2.4838618361418153e-05
340,9,1-8,adjust,0.0006515531401611429,1.789977729164149e-05,4.8366596015672354e-05
341,2,1-4,adjust,-0.000380170904472501,1.0445767034695744e-05,1.8546166209665817e-05
341,3,1-5,adjust,-0.0004357630867382747,5.1933035813537185e-06,2.317995005779115e-05
341,6,1-5,adjust,0.00041292315470835457,7.281124006196452e-07,0.00014004985057850707
341,7,1-5,adjust,-0.0,-0.0,0.0001080996980841559
341,8,1-5,adjust,-0.0,-0.0,0.0001094679873604279
341,9,1-5,adjust,-0.0006515531401630794,-1.7899777291679304e-05,1.8320366859857562e-06
342,2,1-7,adjust,0.000380170904514136,-1.0445767036194484e-05,4.4638979641844366e-05
342,3,1-7,adjust,0.0004357630867289106,-5.193303581316242e-06,4.651411336408773e-05
342,4,1-7,adjust,-0.0,-0.0,1.817491826493665e-05
342,5,1-7,adjust,-0.0,-0.0,6.242229152795166e-05
342,6,1-7,adjust,-0.00041292315472694143,-7.281124005505844e-07,2.4838618361418153e-05
342,9,1-8,adjust,0.0006515531401611429,1.789977729164149e-05,4.8366596015672354e-05
343,2,1-4,adjust,-0.00038017090450068414,1.0445767035248018e-05,1.854616620902483e-05
343,3,1-5,adjust,-0.0004357630867382747,5.1933035813537185e-06,2.317995005779115e-05
343,6,1-5,adjust,0.00041292315470835457,7.281124006196452e-07,0.00014004985057850707
343,7,1-5,adjust,-0.0,-0.0,0.0001080996980841559
343,8,1-5,adjust,-0.0,-0.0,0.0001094679873604279
343,9,1-5,adjust,-0.0006515531401630794,-1.7899777291679304e-05,1.8320366859857562e-06
344,2,1-7,adjust,0.00038017090449938326,-1.0445767035853928e-05,4.463897964152387e-05
344,3,1-7,adjust,0.0004357630867289106,-5.193303581316242e-06,4.651411336408773e-05
344,4,1-7,adjust,-0.0,-0.0,1.817491826493665e-05
344,5,1-7,adjust,-0.0,-0.0,6.242229152795166e-05
344,6,1-7,adjust,-0.00041292315472694143,-7.281124005505844e-07,2.4838618361418153e-05
344,9,1-8,adjust,0.0006515531401611429,1.789977729164149e-05,4.8366596015672354e-05
345,2,1-4,adjust,-0.0003801709045072605,1.044576703524366e-05,1.8546166209281227e-05
345,3,1-5,adjust,-0.0004357630867382747,5.1933035813537185e-06,2.317995005779115e-05
345,6,1-5,adjust,0.00041292315470835457,7.281124006196452e-07,0.00014004985057850707
345,7,1-5,adjust,-0.0,-0.0,0.0001080996980841559
345,8,1-5,adjust,-0.0,-0.0,0.0001094679873604279
345,9,1-5,adjust,-0.0006515531401630794,-1.7899777291679304e-05,1.8320366859857562e-06
346,2,1-7,adjust,0.00038017090449938326,-1.0445767035853928e-05,4.463897964190847e-05
346,3,1-7,adjust,0.0004357630867289106,-5.193303581316242e-06,4.651411336408773e-05
346,4,1-7,adjust,-0.0,-0.0,1.817491826493665e-05
346,5,1-7,adjust,-0.0,-0.0,6.242229152795166e-05
346,6,1-7,adjust,-0.00041292315472694143,-7.281124005505844e-07,2.4838618361418153e-05
346,9,1-8,adjust,0.0006515531401611429,1.789977729164149e-05,4.8366596015672354e-05
347,2,1-4,adjust,-0.00038017090450350263,1.0445767035436471e-05,1.8546166209729917e-05
347,3,1-5,adjust,-0.0004357630867382747,5.1933035813537185e-06,2.317995005779115e-05
347,6,1-5,adjust,0.00041292315470835457,7.281124006196452e-07,0.00014004985057850707
347,7,1-5,adjust,-0.0,-0.0,0.0001080996980841559
347,8,1-5,adjust,-0.0,-0.0,0.0001094679873604279
347,9,1-5,adjust,-0.0006515531401630794,-1.7899777291679304e-05,1.8320366859857562e-06
348,2,1-7,adjust,0.0003801709045022618,-1.0445767035118876e-05,4.463897964190847e-05
348,3,1-7,adjust,0.0004357630867289106,-5.193303581316242e-06,4.651411336408773e-05
348,4,1-7,adjust,-0.0,-0.0,1.817491826493665e-05
348,5,1-7,adjust,-0.0,-0.0,6.242229152795166e-05
348,6,1-7,adjust,-0.00041292315472694143,-7.281124005505844e-07,2.4838618361418153e-05
348,9,1-8,adjust,0.0006515531401611429,1.789977729164149e-05,4.8366596015672354e-05
349,2,1-4,adjust,-0.00038017090449598705,1.0445767035378009e-05,1.8546166209409424e-05
349,3,1-5,adjust,-0.0004357630867382747,5.1933035813537185e-06,2.317995005779115e-05
349,6,1-5,adjust,0.00041292315470835457,7.281124006196452e-07,0.00014004985057850707
349,7,1-5,adjust,-0.0,-0.0,0.0001080996980841559
349,8,1-5,adjust,-0.0,-0.0,0.0001094679873604279
349,9,1-5,adjust,-0.0006515531401630794,-1.7899777291679304e-05,1.8320366859857562e-06
350,2,1-7,adjust,0.00038017090449398523,-1.0445767034678698e-05,4.4638979641395675e-05
350,3,1-7,adjust,0.0004357630867289106,-5.193303581316242e-06,4.651411336408773e-05
350,4,1-7,adjust,-0.0,-0.0,1.817491826493665e-05
350,5,1-7,adjust,-0.0,-0.0,6.242229152795166e-05
350,6,1-7,adjust,-0.00041292315472694143,-7.281124005505844e-07,2.4838618361418153e-05
350,9,1-8,adjust,0.0006515531401611429,1.789977729164149e-05,4.8366596015672354e-05
351,2,1-4,adjust,-0.00038017090449598705,1.0445767035378009e-05,1.8546166209409424e-05
351,3,1-5,adjust,-0.0004357630867382747,5.1933035813537185e-06,2.317995005779115e-05
351,6,1-5,adjust,0.00041292315470835457,7.281124006196452e-07,0.00014004985057850707
351,7,1-5,adjust,-0.0,-0.0,0.0001080996980841559
351,8,1-5,adjust,-0.0,-0.0,0.0001094679873604279
351,9,1-5,adjust,-0.0006515531401630794,-1.7899777291679304e-05,1.8320366859857562e-06
352,2,1-7,adjust,0.0003801709044831887,-1.0445767034548621e-05,4.463897964133158e-05
352,3,1-7,adjust,0.0004357630867289106,-5.193303581316242e-06,4.651411336408773e-05
352,4,1-7,adjust,-0.0,-0.0,1.817491826493665e-05
352,5,1-7,adjust,-0.0,-0.0,6.242229152795166e-05
352,6,1-7,adjust,-0.00041292315472694143,-7.281124005505844e-07,2.4838618361418153e-05
352,9,1-8,adjust,0.0006515531401611429,1.789977729164149e-05,4.8366596015672354e-05
353,2,1-4,adjust,-0.0003801709044875321,1.0445767035256734e-05,1.8546166208896633e-05
353,3,1-5,adjust,-0.0004357630867382747,5.1933035813537185e-06,2.317995005779115e-05
353,6,1-5,adjust,0.00041292315470835457,7.281124006196452e-07,0.00014004985057850707
353,7,1-5,adjust,-0.0,-0.0,0.0001080996980841559
353,8,1-5,adjust,-0.0,-0.0,0.0001094679873604279
353,9,1-5,adjust,-0.0006515531401630794,-1.7899777291679304e-05,1.8320366859857562e-06
354,2,1-7,adjust,0.0003801709044831887,-1.0445767034548621e-05,4.4638979640946985e-05
354,3,1-7,adjust,0.0004357630867289106,-5.193303581316242e-06,4.651411336408773e-05
354,4,1-7,adjust,-0.0,-0.0,1.817491826493665e-05
354,5,1-7,adjust,-0.0,-0.0,6.242229152795166e-05
354,6,1-7,adjust,-0.00041292315472694143,-7.281124005505844e-07,2.4838618361418153e-05
354,9,1-8,adjust,0.0006515531401611429,1.789977729164149e-05,4.8366596015672354e-05
355,2,1-4,adjust,-0.000380170904472501,1.0445767034695744e-05,1.8546166209665817e-05
355,3,1-5,adjust,-0.0004357630867382747,5.1933035813537185e-06,2.317995005779115e-05
355,6,1-5,adjust,0.00041292315470835457,7.281124006196452e-07,0.00014004985057850707
355,7,1-5,adjust,-0.0,-0.0,0.0001080996980841559
355,8,1-5,adjust,-0.0,-0.0,0.0001094679873604279
355,9,1-5,adjust,-0.0006515531401630794,-1.7899777291679304e-05,1.8320366859857562e-06
356,2,1-7,adjust,0.000380170904514136,-1.0445767036194484e-05,4.4638979641844366e-05
356,3,1-7,adjust,0.0004357630867289106,-5.193303581316242e-06,4.651411336408773e-05
356,4,1-7,adjust,-0.0,-0.0,1.817491826493665e-05
356,5,1-7,adjust,-0.0,-0.0,6.242229152795166e-05
356,6,1-7,adjust,-0.00041292315472694143,-7.281124005505844e-07,2.4838618361418153e-05
356,9,1-8,adjust,0.0006515531401611429,1.789977729164149e-05,4.8366596015672354e-05
357,2,1-4,adjust,-0.00038017090450068414,1.0445767035248018e-05,1.854616620902483e-05
357,3,1-5,adjust,-0.0004357630867382747,5.1933035813537185e-06,2.317995005779115e-05
357,6,1-5,adjust,0.00041292315470835457,7.281124006196452e-07,0.00014004985057850707
357,7,1-5,adjust,-0.0,-0.0,0.0001080996980841559
357,8,1-5,adjust,-0.0,-0.0,0.0001094679873604279
357,9,1-5,adjust,-0.0006515531401630794,-1.7899777291679304e-05,1.8320366859857562e-06
358,2,1-7,adjust,0.00038017090449938326,-1.0445767035853928e-05,4.463897964152387e-05
358,3,1-7,adjust,0.0004357630867289106,-5.193303581316242e-06,4.651411336408773e-05
358,4,1-7,adjust,-0.0,-0.0,1.817491826493665e-05
358,5,1-7,adjust,-0.0,-0.0,6.242229152795166e-05
358,6,1-7,adjust,-0.00041292315472694143,-7.281124005505844e-07,2.4838618361418153e-05
358,9,1-8,adjust,0.0006515531401611429,1.789977729164149e-05,4.8366596015672354e-05
359,2,1-4,adjust,-0.0003801709045072605,1.044576703524366e-05,1.8546166209281227e-05
359,3,1-5,adjust,-0.0004357630867382747,5.1933035813537185e-06,2.317995005779115e-05
359,6,1-5,adjust,0.00041292315470835457,7.281124006196452e-07,0.00014004985057850707
359,7,1-5,adjust,-0.0,-0.0,0.0001080996980841559
359,8,1-5,adjust,-0.0,-0.0,0.0001094679873604279
359,9,1-5,adjust,-0.0006515531401630794,-1.7899777291679304e-05,1.8320366859857562e-06
360,2,1-7,adjust,0.00038017090449938326,-1.0445767035853928e-05,4.463897964190847e-05
360,3,1-7,adjust,0.0004357630867289106,-5.193303581316242e-06,4.651411336408773e-05
360,4,1-7,adjust,-0.0,-0.0,1.817491826493665e-05
360,5,1-7,adjust,-0.0,-0.0,6.242229152795166e-05
360,6,1-7,adjust,-0.00041292315472694143,-7.281124005505844e-07,2.4838618361418153e-05
360,9,1-8,adjust,0.0006515531401611429,1.789977729164149e-05,4.8366596015672354e-05
361,2,1-4,adjust,-0.00038017090450350263,1.0445767035436471e-05,1.8546166209729917e-05
361,3,1-5,adjust,-0.0004357630867382747,5.1933035813537185e-06,2.317995005779115e-05
361,6,1-5,adjust,0.00041292315470835457,7.281124006196452e-07,0.00014004985057850707
361,7,1-5,adjust,-0.0,-0.0,0.0001080996980841559
361,8,1-5,adjust,-0.0,-0.0,0.0001094679873604279
361,9,1-5,adjust,-0.0006515531401630794,-1.7899777291679304e-05,1.8320366859857562e-06
362,2,1-7,adjust,0.0003801709045022618,-1.0445767035118876e-05,4.463897964190847e-05
362,3,1-7,adjust,0.0004357630867289106,-5.193303581316242e-06,4.651411336408773e-05
362,4,1-7,adjust,-0.0,-0.0,1.817491826493665e-05
362,5,1-7,adjust,-0.0,-0.0,6.242229152795166e-05
362,6,1-7,adjust,-0.00041292315472694143,-7.281124005505844e-07,2.4838618361418153e-05
362,9,1-8,adjust,0.0006515531401611429,1.789977729164149e-05,4.8366596015672354e-05
363,2,1-4,adjust,-0.00038017090449598705,1.0445767035378009e-05,1.8546166209409424e-05
363,3,1-5,adjust,-0.0004357630867382747,5.1933035813537185e-06,2.317995005779115e-05
363,6,1-5,adjust,0.00041292315470835457,7.281124006196452e-07,0.00014004985057850707
363,7,1-5,adjust,-0.0,-0.0,0.0001080996980841559
363,8,1-5,adjust,-0.0,-0.0,0.0001094679873604279
363,9,1-5,adjust,-0.0006515531401630794,-1.7899777291679304e-05,1.8320366859857562e-06
364,2,1-7,adjust,0.00038017090449398523,-1.0445767034678698e-05,4.4638979641395675e-05
364,3,1-7,adjust,0.0004357630867289106,-5.193303581316242e-06,4.651411336408773e-05
364,4,1-7,adjust,-0.0,-0.0,1.817491826493665e-05
364,5,1-7,adjust,-0.0,-0.0,6.242229152795166e-05
364,6,1-7,adjust,-0.00041292315472694143,-7.281124005505844e-07,2.4838618361418153e-05
364,9,1-8,adjust,0.0006515531401611429,1.789977729164149e-05,4.8366596015672354e-05
365,2,1-4,adjust,-0.00038017090449598705,1.0445767035378009e-05,1.8546166209409424e-05
365,3,1-5,adjust,-0.0004357630867382747,5.1933035813537185e-06,2.317995005779115e-05
365,6,1-5,adjust,0.00041292315470835457,7.281124006196452e-07,0.00014004985057850707
365,7,1-5,adjust,-0.0,-0.0,0.0001080996980841559
365,8,1-5,adjust,-0.0,-0.0,0.0001094679873604279
365,9,1-5,adjust,-0.0006515531401630794,-1.7899777291679304e-05,1.8320366859857562e-06
366,2,1-7,adjust,0.0003801709044831887,-1.0445767034548621e-05,4.463897964133158e-05
366,3,1-7,adjust,0.0004357630867289106,-5.193303581316242e-06,4.651411336408773e-05
366,4,1-7,adjust,-0.0,-0.0,1.817491826493665e-05
366,5,1-7,adjust,-0.0,-0.0,6.242229152795166e-05
366,6,1-7,adjust,-0.00041292315472694143,-7.281124005505844e-07,2.4838618361418153e-05
366,9,1-8,adjust,0.0006515531401611429,1.789977729164149e-05,4.8366596015672354e-05
367,2,1-4,adjust,-0.0003801709044875321,1.0445767035256734e-05,1.8546166208896633e-05
367,3,1-5,adjust,-0.0004357630867382747,5.1933035813537185e-06,2.317995005779115e-05
367,6,1-5,adjust,0.00041292315470835457,7.281124006196452e-07,0.00014004985057850707
367,7,1-5,adjust,-0.0,-0.0,0.0001080996980841559
367,8,1-5,adjust,-0.0,-0.0,0.0001094679873604279
367,9,1-5,adjust,-0.0006515531401630794,-1.7899777291679304e-05,1.8320366859857562e-06
368,2,1-7,adjust,0.0003801709044831887,-1.0445767034548621e-05,4.4638979640946985e-05
368,3,1-7,adjust,0.0004357630867289106,-5.193303581316242e-06,4.651411336408773e-05
368,4,1-7,adjust,-0.0,-0.0,1.817491826493665e-05
368,5,1-7,adjust,-0.0,-0.0,6.242229152795166e-05
368,6,1-7,adjust,-0.00041292315472694143,-7.281124005505844e-07,2.4838618361418153e-05
368,9,1-8,adjust,0.0006515531401611429,1.789977729164149e-05,4.8366596015672354e-05
369,2,1-4,adjust,-0.000380170904472501,1.0445767034695744e-05,1.8546166209665817e-05
369,3,1-5,adjust,-0.0004357630867382747,5.1933035813537185e-06,2.317995005779115e-05
369,6,1-5,adjust,0.00041292315470835457,7.281124006196452e-07,0.00014004985057850707
369,7,1-5,adjust,-0.0,-0.0,0.0001080996980841559
369,8,1-5,adjust,-0.0,-0.0,0.0001094679873604279
369,9,1-5,adjust,-0.0006515531401630794,-1.7899777291679304e-05,1.8320366859857562e-06
370,2,1-7,adjust,0.000380170904514136,-1.0445767036194484e-05,4.4638979641844366e-05
370,3,1-7,adjust,0.0004357630867289106,-5.193303581316242e-06,4.651411336408773e-05
370,4,1-7,adjust,-0.0,-0.0,1.817491826493665e-05
370,5,1-7,adjust,-0.0,-0.0,6.242229152795166e-05
370,6,1-7,adjust,-0.00041292315472694143,-7.281124005505844e-07,2.4838618361418153e-05
370,9,1-8,adjust,0.0006515531401611429,1.789977729164149e-05,4.8366596015672354e-05
371,2,1-4,adjust,-0.00038017090450068414,1.0445767035248018e-05,1.854616620902483e-05
371,3,1-5,adjust,-0.0004357630867382747,5.1933035813537185e-06,2.317995005779115e-05
371,6,1-5,adjust,0.00041292315470835457,7.281124006196452e-07,0.00014004985057850707
371,7,1-5,adjust,-0.0,-0.0,0.0001080996980841559
371,8,1-5,adjust,-0.0,-0.0,0.0001094679873604279
371,9,1-5,adjust,-0.0006515531401630794,-1.7899777291679304e-05,1.8320366859857562e-06
372,2,1-7,adjust,0.00038017090449938326,-1.0445767035853928e-05,4.463897964152387e-05
372,3,1-7,adjust,0.0004357630867289106,-5.193303581316242e-06,4.651411336408773e-05
372,4,1-7,adjust,-0.0,-0.0,1.817491826493665e-05
372,5,1-7,adjust,-0.0,-0.0,6.242229152795166e-05
372,6,1-7,adjust,-0.00041292315472694143,-7.281124005505844e-07,2.4838618361418153e-05
372,9,1-8,adjust,0.0006515531401611429,1.789977729164149e-05,4.8366596015672354e-05
373,2,1-4,adjust,-0.0003801709045072605,1.044576703524366e-05,1.8546166209281227e-05
373,3,1-5,adjust,-0.0004357630867382747,5.1933035813537185e-06,2.317995005779115e-05
373,6,1-5,adjust,0.00041292315470835457,7.281124006196452e-07,0.00014004985057850707
373,7,1-5,adjust,-0.0,-0.0,0.0001080996980841559
373,8,1-5,adjust,-0.0,-0.0,0.0001094679873604279
373,9,1-5,adjust,-0.0006515531401630794,-1.7899777291679304e-05,1.8320366859857562e-06
374,2,1-7,adjust,0.00038017090449938326,-1.0445767035853928e-05,4.463897964190847e-05
374,3,1-7,adjust,0.0004357630867289106,-5.193303581316242e-06,4.651411336408773e-05
374,4,1-7,adjust,-0.0,-0.0,1.817491826493665e-05
374,5,1-7,adjust,-0.0,-0.0,6.242229152795166e-05
374,6,1-7,adjust,-0.00041292315472694143,-7.281124005505844e-07,2.4838618361418153e-05
374,9,1-8,adjust,0.0006515531401611429,1.789977729164149e-05,4.8366596015672354e-05
375,2,1-4,adjust,-0.00038017090450350263,1.0445767035436471e-05,1.8546166209729917e-05
375,3,1-5,adjust,-0.0004357630867382747,5.1933035813537185e-06,2.317995005779115e-05
375,6,1-5,adjust,0.00041292315470835457,7.281124006196452e-07,0.00014004985057850707
375,7,1-5,adjust,-0.0,-0.0,0.0001080996980841559
375,8,1-5,adjust,-0.0,-0.0,0.0001094679873604279
375,9,1-5,adjust,-0.0006515531401630794,-1.7899777291679304e-05,1.8320366859857562e-06
376,2,1-7,adjust,0.0003801709045022618,-1.0445767035118876e-05,4.463897964190847e-05
376,3,1-7,adjust,0.0004357630867289106,-5.193303581316242e-06,4.651411336408773e-05
376,4,1-7,adjust,-0.0,-0.0,1.817491826493665e-05
376,5,1-7,adjust,-0.0,-0.0,6.242229152795166e-05
376,6,1-7,adjust,-0.00041292315472694143,-7.281124005505844e-07,2.4838618361418153e-05
376,9,1-8,adjust,0.0006515531401611429,1.789977729164149e-05,4.8366596015672354e-05
377,2,1-4,adjust,-0.00038017090449598705,1.0445767035378009e-05,1.8546166209409424e-05
377,3,1-5,adjust,-0.0004357630867382747,5.1933035813537185e-06,2.317995005779115e-05
377,6,1-5,adjust,0.00041292315470835457,7.281124006196452e-07,0.00014004985057850707
377,7,1-5,adjust,-0.0,-0.0,0.0001080996980841559
377,8,1-5,adjust,-0.0,-0.0,0.0001094679873604279
377,9,1-5,adjust,-0.0006515531401630794,-1.7899777291679304e-05,1.8320366859857562e-06
378,2,1-7,adjust,0.00038017090449398523,-1.0445767034678698e-05,4.4638979641395675e-05
378,3,1-7,adjust,0.0004357630867289106,-5.193303581316242e-06,4.651411336408773e-05
378,4,1-7,adjust,-0.0,-0.0,1.817491826493665e-05
378,5,1-7,adjust,-0.0,-0.0,6.242229152795166e-05
378,6,1-7,adjust,-0.00041292315472694143,-7.281124005505844e-07,2.4838618361418153e-05
378,9,1-8,adjust,0.0006515531401611429,1.789977729164149e-05,4.8366596015672354e-05
379,2,1-4,adjust,-0.00038017090449598705,1.0445767035378009e-05,1.8546166209409424e-05
379,3,1-5,adjust,-0.0004357630867382747,5.1933035813537185e-06,2.317995005779115e-05
379,6,1-5,adjust,0.00041292315470835457,7.281124006196452e-07,0.00014004985057850707
379,7,1-5,adjust,-0.0,-0.0,0.0001080996980841559
379,8,1-5,adjust,-0.0,-0.0,0.0001094679873604279
379,9,1-5,adjust,-0.0006515531401630794,-1.7899777291679304e-05,1.8320366859857562e-06
380,2,1-7,adjust,0.0003801709044831887,-1.0445767034548621e-05,4.463897964133158e-05
380,3,1-7,adjust,0.0004357630867289106,-5.193303581316242e-06,4.651411336408773e-05
380,4,1-7,adjust,-0.0,-0.0,1.817491826493665e-05
380,5,1-7,adjust,-0.0,-0.0,6.242229152795166e-05
380,6,1-7,adjust,-0.00041292315472694143,-7.281124005505844e-07,2.4838618361418153e-05
380,9,1-8,adjust,0.0006515531401611429,1.789977729164149e-05,4.8366596015672354e-05
381,2,1-4,adjust,-0.0003801709044875321,1.0445767035256734e-05,1.8546166208896633e-05
381,3,1-5,adjust,-0.0004357630867382747,5.1933035813537185e-06,2.317995005779115e-05
381,6,1-5,adjust,0.00041292315470835457,7.281124006196452e-07,0.00014004985057850707
381,7,1-5,adjust,-0.0,-0.0,0.0001080996980841559
381,8,1-5,adjust,-0.0,-0.0,0.0001094679873604279
381,9,1-5,adjust,-0.0006515531401630794,-1.7899777291679304e-05,1.8320366859857562e-06
382,2,1-7,adjust,0.0003801709044831887,-1.0445767034548621e-05,4.4638979640946985e-05
382,3,1-7,adjust,0.0004357630867289106,-5.193303581316242e-06,4.651411336408773e-05
382,4,1-7,adjust,-0.0,-0.0,1.817491826493665e-05
382,5,1-7,adjust,-0.0,-0.0,6.242229152795166e-05
382,6,1-7,adjust,-0.00041292315472694143,-7.281124005505844e-07,2.4838618361418153e-05
382,9,1-8,adjust,0.0006515531401611429,1.789977729164149e-05,4.8366596015672354e-05
383,2,1-4,adjust,-0.000380170904472501,1.0445767034695744e-05,1.8546166209665817e-05
383,3,1-5,adjust,-0.0004357630867382747,5.1933035813537185e-06,2.317995005779115e-05
383,6,1-5,adjust,0.00041292315470835457,7.281124006196452e-07,0.00014004985057850707
383,7,1-5,adjust,-0.0,-0.0,0.0001080996980841559
383,8,1-5,adjust,-0.0,-0.0,0.0001094679873604279
383,9,1-5,adjust,-0.0006515531401630794,-1.7899777291679304e-05,1.8320366859857562e-06
384,2,1-7,adjust,0.000380170904514136,-1.0445767036194484e-05,4.4638979641844366e-05
384,3,1-7,adjust,0.0004357630867289106,-5.193303581316242e-06,4.651411336408773e-05
384,4,1-7,adjust,-0.0,-0.0,1.817491826493665e-05
384,5,1-7,adjust,-0.0,-0.0,6.242229152795166e-05
384,6,1-7,adjust,-0.00041292315472694143,-7.281124005505844e-07,2.4838618361418153e-05
384,9,1-8,adjust,0.0006515531401611429,1.789977729164149e-05,4.8366596015672354e-05
385,2,1-4,adjust,-0.00038017090450068414,1.0445767035248018e-05,1.854616620902483e-05
385,3,1-5,adjust,-0.0004357630867382747,5.1933035813537185e-06,2.317995005779115e-05
385,6,1-5,adjust,0.00041292315470835457,7.281124006196452e-07,0.00014004985057850707
385,7,1-5,adjust,-0.0,-0.0,0.0001080996980841559
385,8,1-5,adjust,-0.0,-0.0,0.0001094679873604279
385,9,1-5,adjust,-0.0006515531401630794,-1.7899777291679304e-05,1.8320366859857562e-06
386,2,1-7,adjust,0.00038017090449938326,-1.0445767035853928e-05,4.463897964152387e-05
386,3,1-7,adjust,0.0004357630867289106,-5.193303581316242e-06,4.651411336408773e-05
386,4,1-7,adjust,-0.0,-0.0,1.817491826493665e-05
386,5,1-7,adjust,-0.0,-0.0,6.242229152795166e-05
386,6,1-7,adjust,-0.00041292315472694143,-7.281124005505844e-07,2.4838618361418153e-05
386,9,1-8,adjust,0.0006515531401611429,1.789977729164149e-05,4.8366596015672354e-05
387,2,1-4,adjust,-0.0003801709045072605,1.044576703524366e-05,1.8546166209281227e-05
387,3,1-5,adjust,-0.0004357630867382747,5.1933035813537185e-06,2.317995005779115e-05
387,6,1-5,adjust,0.00041292315470835457,7.281124006196452e-07,0.00014004985057850707
387,7,1-5,adjust,-0.0,-0.0,0.0001080996980841559
387,8,1-5,adjust,-0.0,-0.0,0.0001094679873604279
387,9,1-5,adjust,-0.0006515531401630794,-1.7899777291679304e-05,1.8320366859857562e-06
388,2,1-7,adjust,0.00038017090449938326,-1.0445767035853928e-05,4.463897964190847e-05
388,3,1-7,adjust,0.0004357630867289106,-5.193303581316242e-06,4.651411336408773e-05
388,4,1-7,adjust,-0.0,-0.0,1.817491826493665e-05
388,5,1-7,adjust,-0.0,-0.0,6.242229152795166e-05
388,6,1-7,adjust,-0.00041292315472694143,-7.281124005505844e-07,2.4838618361418153e-05
388,9,1-8,adjust,0.0006515531401611429,1.789977729164149e-05,4.8366596015672354e-05
389,2,1-4,adjust,-0.00038017090450350263,1.0445767035436471e-05,1.8546166209729917e-05
389,3,1-5,adjust,-0.0004357630867382747,5.1933035813537185e-06,2.317995005779115e-05
389,6,1-5,adjust,0.00041292315470835457,7.281124006196452e-07,0.00014004985057850707
389,7,1-5,adjust,-0.0,-0.0,0.0001080996980841559
389,8,1-5,adjust,-0.0,-0.0,0.0001094679873604279
389,9,1-5,adjust,-0.0006515531401630794,-1.7899777291679304e-05,1.8320366859857562e-06
390,2,1-7,adjust,0.0003801709045022618,-1.0445767035118876e-05,4.463897964190847e-05
390,3,1-7,adjust,0.0004357630867289106,-5.193303581316242e-06,4.651411336408773e-05
390,4,1-7,adjust,-0.0,-0.0,1.817491826493665e-05
390,5,1-7,adjust,-0.0,-0.0,6.242229152795166e-05
390,6,1-7,adjust,-0.00041292315472694143,-7.281124005505844e-07,2.4838618361418153e-05
390,9,1-8,adjust,0.0006515531401611429,1.789977729164149e-05,4.8366596015672354e-05
391,2,1-4,adjust,-0.00038017090449598705,1.0445767035378009e-05,1.8546166209409424e-05
391,3,1-5,adjust,-0.0004357630867382747,5.1933035813537185e-06,2.317995005779115e-05
391,6,1-5,adjust,0.00041292315470835457,7.281124006196452e-07,0.00014004985057850707
391,7,1-5,adjust,-0.0,-0.0,0.0001080996980841559
391,8,1-5,adjust,-0.0,-0.0,0.0001094679873604279
391,9,1-5,adjust,-0.0006515531401630794,-1.7899777291679304e-05,1.8320366859857562e-06
392,2,1-7,adjust,0.00038017090449398523,-1.0445767034678698e-05,4.4638979641395675e-05
392,3,1-7,adjust,0.0004357630867289106,-5.193303581316242e-06,4.651411336408773e-05
392,4,1-7,adjust,-0.0,-0.0,1.817491826493665e-05
392,5,1-7,adjust,-0.0,-0.0,6.242229152795166e-05
392,6,1-7,adjust,-0.00041292315472694143,-7.281124005505844e-07,2.4838618361418153e-05
392,9,1-8,adjust,0.0006515531401611429,1.789977729164149e-05,4.8366596015672354e-05
393,2,1-4,adjust,-0.00038017090449598705,1.0445767035378009e-05,1.8546166209409424e-05
393,3,1-5,adjust,-0.0004357630867382747,5.1933035813537185e-06,2.317995005779115e-05
393,6,1-5,adjust,0.00041292315470835457,7.281124006196452e-07,0.00014004985057850707
393,7,1-5,adjust,-0.0,-0.0,0.0001080996980841559
393,8,1-5,adjust,-0.0,-0.0,0.0001094679873604279
393,9,1-5,adjust,-0.0006515531401630794,-1.7899777291679304e-05,1.8320366859857562e-06
394,2,1-7,adjust,0.0003801709044831887,-1.0445767034548621e-05,4.463897964133158e-05
394,3,1-7,adjust,0.0004357630867289106,-5.193303581316242e-06,4.651411336408773e-05
394,4,1-7,adjust,-0.0,-0.0,1.817491826493665e-05
394,5,1-7,adjust,-0.0,-0.0,6.242229152795166e-05
394,6,1-7,adjust,-0.00041292315472694143,-7.281124005505844e-07,2.4838618361418153e-05
394,9,1-8,adjust,0.0006515531401611429,1.789977729164149e-05,4.8366596015672354e-05
395,2,1-4,adjust,-0.0003801709044875321,1.0445767035256734e-05,1.8546166208896633e-05
395,3,1-5,adjust,-0.0004357630867382747,5.1933035813537185e-06,2.317995005779115e-05
395,6,1-5,adjust,0.00041292315470835457,7.281124006196452e-07,0.00014004985057850707
395,7,1-5,adjust,-0.0,-0.0,0.0001080996980841559
395,8,1-5,adjust,-0.0,-0.0,0.0001094679873604279
395,9,1-5,adjust,-0.0006515531401630794,-1.7899777291679304e-05,1.8320366859857562e-06
396,2,1-7,adjust,0.0003801709044831887,-1.0445767034548621e-05,4.4638979640946985e-05
396,3,1-7,adjust,0.0004357630867289106,-5.193303581316242e-06,4.651411336408773e-05
396,4,1-7,adjust,-0.0,-0.0,1.817491826493665e-05
396,5,1-7,adjust,-0.0,-0.0,6.242229152795166e-05
396,6,1-7,adjust,-0.00041292315472694143,-7.281124005505844e-07,2.4838618361418153e-05
396,9,1-8,adjust,0.0006515531401611429,1.789977729164149e-05,4.8366596015672354e-05
397,2,1-4,adjust,-0.000380170904472501,1.0445767034695744e-05,1.8546166209665817e-05
397,3,1-5,adjust,-0.0004357630867382747,5.1933035813537185e-06,2.317995005779115e-05
397,6,1-5,adjust,0.00041292315470835457,7.281124006196452e-07,0.00014004985057850707
397,7,1-5,adjust,-0.0,-0.0,0.0001080996980841559
397,8,1-5,adjust,-0.0,-0.0,0.0001094679873604279
397,9,1-5,adjust,-0.0006515531401630794,-1.7899777291679304e-05,1.8320366859857562e-06
398,2,1-7,adjust,0.000380170904514136,-1.0445767036194484e-05,4.4638979641844366e-05
398,3,1-7,adjust,0.0004357630867289106,-5.193303581316242e-06,4.651411336408773e-05
398,4,1-7,adjust,-0.0,-0.0,1.817491826493665e-05
398,5,1-7,adjust,-0.0,-0.0,6.242229152795166e-05
398,6,1-7,adjust,-0.00041292315472694143,-7.281124005505844e-07,2.4838618361418153e-05
398,9,1-8,adjust,0.0006515531401611429,1.789977729164149e-05,4.8366596015672354e-05
399,2,1-4,adjust,-0.00038017090450068414,1.0445767035248018e-05,1.854616620902483e-05
399,3,1-5,adjust,-0.0004357630867382747,5.1933035813537185e-06,2.317995005779115e-05
399,6,1-5,adjust,0.00041292315470835457,7.281124006196452e-07,0.00014004985057850707
399,7,1-5,adjust,-0.0,-0.0,0.0001080996980841559
399,8,1-5,adjust,-0.0,-0.0,0.0001094679873604279
399,9,1-5,adjust,-0.0006515531401630794,-1.7899777291679304e-05,1.8320366859857562e-06
400,2,1-7,adjust,0.00038017090449938326,-1.0445767035853928e-05,4.463897964152387e-05
400,3,1-7,adjust,0.0004357630867289106,-5.193303581316242e-06,4.651411336408773e-05
400,4,1-7,adjust,-0.0,-0.0,1.817491826493665e-05
400,5,1-7,adjust,-0.0,-0.0,6.242229152795166e-05
400,6,1-7,adjust,-0.00041292315472694143,-7.281124005505844e-07,2.4838618361418153e-05
400,9,1-8,adjust,0.0006515531401611429,1.789977729164149e-05,4.8366596015672354e-05
401,2,1-4,adjust,-0.0003801709045072605,1.044576703524366e-05,1.8546166209281227e-05
401,3,1-5,adjust,-0.0004357630867382747,5.1933035813537185e-06,2.317995005779115e-05
401,6,1-5,adjust,0.00041292315470835457,7.281124006196452e-07,0.00014004985057850707
401,7,1-5,adjust,-0.0,-0.0,0.0001080996980841559
401,8,1-5,adjust,-0.0,-0.0,0.0001094679873604279
401,9,1-5,adjust,-0.0006515531401630794,-1.7899777291679304e-05,1.8320366859857562e-06
402,2,1-7,adjust,0.00038017090449938326,-1.0445767035853928e-05,4.463897964190847e-05
402,3,1-7,adjust,0.0004357630867289106,-5.193303581316242e-06,4.651411336408773e-05
402,4,1-7,adjust,-0.0,-0.0,1.817491826493665e-05
402,5,1-7,adjust,-0.0,-0.0,6.242229152795166e-05
402,6,1-7,adjust,-0.00041292315472694143,-7.281124005505844e-07,2.4838618361418153e-05
402,9,1-8,adjust,0.0006515531401611429,1.789977729164149e-05,4.8366596015672354e-05
403,2,1-4,adjust,-0.00038017090450350263,1.0445767035436471e-05,1.8546166209729917e-05
403,3,1-5,adjust,-0.0004357630867382747,5.1933035813537185e-06,2.317995005779115e-05
403,6,1-5,adjust,0.00041292315470835457,7.281124006196452e-07,0.00014004985057850707
403,7,1-5,adjust,-0.0,-0.0,0.0001080996980841559
403,8,1-5,adjust,-0.0,-0.0,0.0001094679873604279
403,9,1-5,adjust,-0.0006515531401630794,-1.7899777291679304e-05,1.8320366859857562e-06
404,2,1-7,adjust,0.0003801709045022618,-1.0445767035118876e-05,4.463897964190847e-05
404,3,1-7,adjust,0.0004357630867289106,-5.193303581316242e-06,4.651411336408773e-05
404,4,1-7,adjust,-0.0,-0.0,1.817491826493665e-05
404,5,1-7,adjust,-0.0,-0.0,6.242229152795166e-05
404,6,1-7,adjust,-0.00041292315472694143,-7.281124005505844e-07,2.4838618361418153e-05
404,9,1-8,adjust,0.0006515531401611429,1.789977729164149e-05,4.8366596015672354e-05
405,2,1-4,adjust,-0.00038017090449598705,1.0445767035378009e-05,1.8546166209409424e-05
405,3,1-5,adjust,-0.0004357630867382747,5.1933035813537185e-06,2.317995005779115e-05
405,6,1-5,adjust,0.00041292315470835457,7.281124006196452e-07,0.00014004985057850707
405,7,1-5,adjust,-0.0,-0.0,0.0001080996980841559
405,8,1-5,adjust,-0.0,-0.0,0.0001094679873604279
405,9,1-5,adjust,-0.0006515531401630794,-1.7899777291679304e-05,1.8320366859857562e-06
406,2,1-7,adjust,0.00038017090449398523,-1.0445767034678698e-05,4.4638979641395675e-05
406,3,1-7,adjust,0.0004357630867289106,-5.193303581316242e-06,4.651411336408773e-05
406,4,1-7,adjust,-0.0,-0.0,1.817491826493665e-05
406,5,1-7,adjust,-0.0,-0.0,6.242229152795166e-05
406,6,1-7,adjust,-0.00041292315472694143,-7.281124005505844e-07,2.4838618361418153e-05
406,9,1-8,adjust,0.0006515531401611429,1.789977729164149e-05,4.8366596015672354e-05
407,2,1-4,adjust,-0.00038017090449598705,1.0445767035378009e-05,1.8546166209409424e-05
407,3,1-5,adjust,-0.0004357630867382747,5.1933035813537185e-06,2.317995005779115e-05
407,6,1-5,adjust,0.00041292315470835457,7.281124006196452e-07,0.00014004985057850707
407,7,1-5,adjust,-0.0,-0.0,0.0001080996980841559
407,8,1-5,adjust,-0.0,-0.0,0.0001094679873604279
407,9,1-5,adjust,-0.0006515531401630794,-1.7899777291679304e-05,1.8320366859857562e-06
408,2,1-7,adjust,0.0003801709044831887,-1.0445767034548621e-05,4.463897964133158e-05
408,3,1-7,adjust,0.0004357630867289106,-5.193303581316242e-06,4.651411336408773e-05
408,4,1-7,adjust,-0.0,-0.0,1.817491826493665e-05
408,5,1-7,adjust,-0.0,-0.0,6.242229152795166e-05
408,6,1-7,adjust,-0.00041292315472694143,-7.281124005505844e-07,2.4838618361418153e-05
408,9,1-8,adjust,0.0006515531401611429,1.789977729164149e-05,4.8366596015672354e-05
409,2,1-4,adjust,-0.0003801709044875321,1.0445767035256734e-05,1.8546166208896633e-05
409,3,1-5,adjust,-0.0004357630867382747,5.1933035813537185e-06,2.317995005779115e-05
409,6,1-5,adjust,0.00041292315470835457,7.281124006196452e-07,0.00014004985057850707
409,7,1-5,adjust,-0.0,-0.0,0.0001080996980841559
409,8,1-5,adjust,-0.0,-0.0,0.0001094679873604279
409,9,1-5,adjust,-0.0006515531401630794,-1.7899777291679304e-05,1.8320366859857562e-06
410,2,1-7,adjust,0.0003801709044831887,-1.0445767034548621e-05,4.4638979640946985e-05
410,3,1-7,adjust,0.0004357630867289106,-5.193303581316242e-06,4.651411336408773e-05
410,4,1-7,adjust,-0.0,-0.0,1.817491826493665e-05
410,5,1-7,adjust,-0.0,-0.0,6.242229152795166e-05
410,6,1-7,adjust,-0.00041292315472694143,-7.281124005505844e-07,2.4838618361418153e-05
410,9,1-8,adjust,0.0006515531401611429,1.789977729164149e-05,4.8366596015672354e-05
411,2,1-4,adjust,-0.000380170904472501,1.0445767034695744e-05,1.8546166209665817e-05
411,3,1-5,adjust,-0.0004357630867382747,5.1933035813537185e-06,2.317995005779115e-05
411,6,1-5,adjust,0.00041292315470835457,7.281124006196452e-07,0.00014004985057850707
411,7,1-5,adjust,-0.0,-0.0,0.0001080996980841559
411,8,1-5,adjust,-0.0,-0.0,0.0001094679873604279
411,9,1-5,adjust,-0.0006515531401630794,-1.7899777291679304e-05,1.8320366859857562e-06
412,2,1-7,adjust,0.000380170904514136,-1.0445767036194484e-05,4.4638979641844366e-05
412,3,1-7,adjust,0.0004357630867289106,-5.193303581316242e-06,4.651411336408773e-05
412,4,1-7,adjust,-0.0,-0.0,1.817491826493665e-05
412,5,1-7,adjust,-0.0,-0.0,6.242229152795166e-05
412,6,1-7,adjust,-0.00041292315472694143,-7.281124005505844e-07,2.4838618361418153e-05
412,9,1-8,adjust,0.0006515531401611429,1.789977729164149e-05,4.8366596015672354e-05
413,2,1-4,adjust,-0.00038017090450068414,1.0445767035248018e-05,1.854616620902483e-05
413,3,1-5,adjust,-0.0004357630867382747,5.1933035813537185e-06,2.317995005779115e-05
413,6,1-5,adjust,0.00041292315470835457,7.281124006196452e-07,0.00014004985057850707
413,7,1-5,adjust,-0.0,-0.0,0.0001080996980841559
413,8,1-5,adjust,-0.0,-0.0,0.0001094679873604279
413,9,1-5,adjust,-0.0006515531401630794,-1.7899777291679304e-05,1.8320366859857562e-06
414,2,1-7,adjust,0.00038017090449938326,-1.0445767035853928e-05,4.463897964152387e-05
414,3,1-7,adjust,0.0004357630867289106,-5.193303581316242e-06,4.651411336408773e-05
414,4,1-7,adjust,-0.0,-0.0,1.817491826493665e-05
414,5,1-7,adjust,-0.0,-0.0,6.242229152795166e-05
414,6,1-7,adjust,-0.00041292315472694143,-7.281124005505844e-07,2.4838618361418153e-05
414,9,1-8,adjust,0.0006515531401611429,1.789977729164149e-05,4.8366596015672354e-05
415,2,1-4,adjust,-0.0003801709045072605,1.044576703524366e-05,1.8546166209281227e-05
415,3,1-5,adjust,-0.0004357630867382747,5.1933035813537185e-06,2.317995005779115e-05
415,6,1-5,adjust,0.00041292315470835457,7.281124006196452e-07,0.00014004985057850707
415,7,1-5,adjust,-0.0,-0.0,0.0001080996980841559
415,8,1-5,adjust,-0.0,-0.0,0.0001094679873604279
415,9,1-5,adjust,-0.0006515531401630794,-1.7899777291679304e-05,1.8320366859857562e-06
416,2,1-7,adjust,0.00038017090449938326,-1.0445767035853928e-05,4.463897964190847e-05
416,3,1-7,adjust,0.0004357630867289106,-5.193303581316242e-06,4.651411336408773e-05
416,4,1-7,adjust,-0.0,-0.0,1.817491826493665e-05
416,5,1-7,adjust,-0.0,-0.0,6.242229152795166e-05
416,6,1-7,adjust,-0.00041292315472694143,-7.281124005505844e-07,2.4838618361418153e-05
416,9,1-8,adjust,0.0006515531401611429,1.789977729164149e-05,4.8366596015672354e-05
417,2,1-4,adjust,-0.00038017090450350263,1.0445767035436471e-05,1.8546166209729917e-05
417,3,1-5,adjust,-0.0004357630867382747,5.1933035813537185e-06,2.317995005779115e-05
417,6,1-5,adjust,0.00041292315470835457,7.281124006196452e-07,0.00014004985057850707
417,7,1-5,adjust,-0.0,-0.0,0.0001080996980841559
417,8,1-5,adjust,-0.0,-0.0,0.0001094679873604279
417,9,1-5,adjust,-0.0006515531401630794,-1.7899777291679304e-05,1.8320366859857562e-06
418,2,1-7,adjust,0.0003801709045022618,-1.0445767035118876e-05,4.463897964190847e-05
418,3,1-7,adjust,0.0004357630867289106,-5.193303581316242e-06,4.651411336408773e-05
418,4,1-7,adjust,-0.0,-0.0,1.817491826493665e-05
418,5,1-7,adjust,-0.0,-0.0,6.242229152795166e-05
418,6,1-7,adjust,-0.00041292315472694143,-7.281124005505844e-07,2.4838618361418153e-05
418,9,1-8,adjust,0.0006515531401611429,1.789977729164149e-05,4.8366596015672354e-05
419,2,1-4,adjust,-0.00038017090449598705,1.0445767035378009e-05,1.8546166209409424e-05
419,3,1-5,adjust,-0.0004357630867382747,5.1933035813537185e-06,2.317995005779115e-05
419,6,1-5,adjust,0.00041292315470835457,7.281124006196452e-07,0.00014004985057850707
419,7,1-5,adjust,-0.0,-0.0,0.0001080996980841559
419,8,1-5,adjust,-0.0,-0.0,0.0001094679873604279
419,9,1-5,adjust,-0.0006515531401630794,-1.7899777291679304e-05,1.8320366859857562e-06
420,2,1-7,adjust,0.00038017090449398523,-1.0445767034678698e-05,4.4638979641395675e-05
420,3,1-7,adjust,0.0004357630867289106,-5.193303581316242e-06,4.651411336408773e-05
420,4,1-7,adjust,-0.0,-0.0,1.817491826493665e-05
420,5,1-7,adjust,-0.0,-0.0,6.242229152795166e-05
420,6,1-7,adjust,-0.00041292315472694143,-7.281124005505844e-07,2.4838618361418153e-05
420,9,1-8,adjust,0.0006515531401611429,1.789977729164149e-05,4.8366596015672354e-05
421,2,1-4,adjust,-0.00038017090449598705,1.0445767035378009e-05,1.8546166209409424e-05
421,3,1-5,adjust,-0.0004357630867382747,5.1933035813537185e-06,2.317995005779115e-05
421,6,1-5,adjust,0.00041292315470835457,7.281124006196452e-07,0.00014004985057850707
421,7,1-5,adjust,-0.0,-0.0,0.0001080996980841559
421,8,1-5,adjust,-0.0,-0.0,0.0001094679873604279
421,9,1-5,adjust,-0.0006515531401630794,-1.7899777291679304e-05,1.8320366859857562e-06
422,2,1-7,adjust,0.0003801709044831887,-1.0445767034548621e-05,4.463897964133158e-05
422,3,1-7,adjust,0.0004357630867289106,-5.193303581316242e-06,4.651411336408773e-05
422,4,1-7,adjust,-0.0,-0.0,1.817491826493665e-05
422,5,1-7,adjust,-0.0,-0.0,6.242229152795166e-05
422,6,1-7,adjust,-0.00041292315472694143,-7.281124005505844e-07,2.4838618361418153e-05
422,9,1-8,adjust,0.0006515531401611429,1.789977729164149e-05,4.8366596015672354e-05
423,2,1-4,adjust,-0.0003801709044875321,1.0445767035256734e-05,1.8546166208896633e-05
423,3,1-5,adjust,-0.0004357630867382747,5.1933035813537185e-06,2.317995005779115e-05
423,6,1-5,adjust,0.00041292315470835457,7.281124006196452e-07,0.00014004985057850707
423,7,1-5,adjust,-0.0,-0.0,0.0001080996980841559
423,8,1-5,adjust,-0.0,-0.0,0.0001094679873604279
423,9,1-5,adjust,-0.0006515531401630794,-1.7899777291679304e-05,1.8320366859857562e-06
424,2,1-7,adjust,0.0003801709044831887,-1.0445767034548621e-05,4.4638979640946985e-05
424,3,1-7,adjust,0.0004357630867289106,-5.193303581316242e-06,4.651411336408773e-05
424,4,1-7,adjust,-0.0,-0.0,1.817491826493665e-05
424,5,1-7,adjust,-0.0,-0.0,6.242229152795166e-05
424,6,1-7,adjust,-0.00041292315472694143,-7.281124005505844e-07,2.4838618361418153e-05
424,9,1-8,adjust,0.0006515531401611429,1.789977729164149e-05,4.8366596015672354e-05
425,2,1-4,adjust,-0.000380170904472501,1.0445767034695744e-05,1.8546166209665817e-05
425,3,1-5,adjust,-0.0004357630867382747,5.1933035813537185e-06,2.317995005779115e-05
425,6,1-5,adjust,0.00041292315470835457,7.281124006196452e-07,0.00014004985057850707
425,7,1-5,adjust,-0.0,-0.0,0.0001080996980841559
425,8,1-5,adjust,-0.0,-0.0,0.0001094679873604279
425,9,1-5,adjust,-0.0006515531401630794,-1.7899777291679304e-05,1.8320366859857562e-06
426,2,1-7,adjust,0.000380170904514136,-1.0445767036194484e-05,4.4638979641844366e-05
426,3,1-7,adjust,0.0004357630867289106,-5.193303581316242e-06,4.651411336408773e-05
426,4,1-7,adjust,-0.0,-0.0,1.817491826493665e-05
426,5,1-7,adjust,-0.0,-0.0,6.242229152795166e-05
426,6,1-7,adjust,-0.00041292315472694143,-7.281124005505844e-07,2.4838618361418153e-05
426,9,1-8,adjust,0.0006515531401611429,1.789977729164149e-05,4.8366596015672354e-05
427,2,1-4,adjust,-0.00038017090450068414,1.0445767035248018e-05,1.854616620902483e-05
427,3,1-5,adjust,-0.0004357630867382747,5.1933035813537185e-06,2.317995005779115e-05
427,6,1-5,adjust,0.00041292315470835457,7.281124006196452e-07,0.00014004985057850707
427,7,1-5,adjust,-0.0,-0.0,0.0001080996980841559
427,8,1-5,adjust,-0.0,-0.0,0.0001094679873604279
427,9,1-5,adjust,-0.0006515531401630794,-1.7899777291679304e-05,1.8320366859857562e-06
428,2,1-7,adjust,0.00038017090449938326,-1.0445767035853928e-05,4.463897964152387e-05
428,3,1-7,adjust,0.0004357630867289106,-5.193303581316242e-06,4.651411336408773e-05
428,4,1-7,adjust,-0.0,-0.0,1.817491826493665e-05
428,5,1-7,adjust,-0.0,-0.0,6.242229152795166e-05
428,6,1-7,adjust,-0.00041292315472694143,-7.281124005505844e-07,2.4838618361418153e-05
428,9,1-8,adjust,0.0006515531401611429,1.789977729164149e-05,4.8366596015672354e-05
429,2,1-4,adjust,-0.0003801709045072605,1.044576703524366e-05,1.8546166209281227e-05
429,3,1-5,adjust,-0.0004357630867382747,5.1933035813537185e-06,2.317995005779115e-05
429,6,1-5,adjust,0.00041292315470835457,7.281124006196452e-07,0.00014004985057850707
429,7,1-5,adjust,-0.0,-0.0,0.0001080996980841559
429,8,1-5,adjust,-0.0,-0.0,0.0001094679873604279
429,9,1-5,adjust,-0.0006515531401630794,-1.7899777291679304e-05,1.8320366859857562e-06
430,2,1-7,adjust,0.00038017090449938326,-1.0445767035853928e-05,4.463897964190847e-05
430,3,1-7,adjust,0.0004357630867289106,-5.193303581316242e-06,4.651411336408773e-05
430,4,1-7,adjust,-0.0,-0.0,1.817491826493665e-05
430,5,1-7,adjust,-0.0,-0.0,6.242229152795166e-05
430,6,1-7,adjust,-0.00041292315472694143,-7.281124005505844e-07,2.4838618361418153e-05
430,9,1-8,adjust,0.0006515531401611429,1.789977729164149e-05,4.8366596015672354e-05
431,2,1-4,adjust,-0.00038017090450350263,1.0445767035436471e-05,1.8546166209729917e-05
431,3,1-5,adjust,-0.0004357630867382747,5.1933035813537185e-06,2.317995005779115e-05
431,6,1-5,adjust,0.00041292315470835457,7.281124006196452e-07,0.00014004985057850707
431,7,1-5,adjust,-0.0,-0.0,0.0001080996980841559
431,8,1-5,adjust,-0.0,-0.0,0.0001094679873604279
431,9,1-5,adjust,-0.0006515531401630794,-1.7899777291679304e-05,1.8320366859857562e-06
432,2,1-7,adjust,0.0003801709045022618,-1.0445767035118876e-05,4.463897964190847e-05
432,3,1-7,adjust,0.0004357630867289106,-5.193303581316242e-06,4.651411336408773e-05
432,4,1-7,adjust,-0.0,-0.0,1.817491826493665e-05
432,5,1-7,adjust,-0.0,-0.0,6.242229152795166e-05
432,6,1-7,adjust,-0.00041292315472694143,-7.281124005505844e-07,2.4838618361418153e-05
432,9,1-8,adjust,0.0006515531401611429,1.789977729164149e-05,4.8366596015672354e-05
433,2,1-4,adjust,-0.00038017090449598705,1.0445767035378009e-05,1.8546166209409424e-05
433,3,1-5,adjust,-0.0004357630867382747,5.1933035813537185e-06,2.317995005779115e-05
433,6,1-5,adjust,0.00041292315470835457,7.281124006196452e-07,0.00014004985057850707
433,7,1-5,adjust,-0.0,-0.0,0.0001080996980841559
433,8,1-5,adjust,-0.0,-0.0,0.0001094679873604279
433,9,1-5,adjust,-0.0006515531401630794,-1.7899777291679304e-05,1.8320366859857562e-06
434,2,1-7,adjust,0.00038017090449398523,-1.0445767034678698e-05,4.4638979641395675e-05
434,3,1-7,adjust,0.0004357630867289106,-5.193303581316242e-06,4.651411336408773e-05
434,4,1-7,adjust,-0.0,-0.0,1.817491826493665e-05
434,5,1-7,adjust,-0.0,-0.0,6.242229152795166e-05
434,6,1-7,adjust,-0.00041292315472694143,-7.281124005505844e-07,2.4838618361418153e-05
434,9,1-8,adjust,0.0006515531401611429,1.789977729164149e-05,4.8366596015672354e-05
435,2,1-4,adjust,-0.00038017090449598705,1.0445767035378009e-05,1.8546166209409424e-05
435,3,1-5,adjust,-0.0004357630867382747,5.1933035813537185e-06,2.317995005779115e-05
435,6,1-5,adjust,0.00041292315470835457,7.281124006196452e-07,0.00014004985057850707
435,7,1-5,adjust,-0.0,-0.0,0.0001080996980841559
435,8,1-5,adjust,-0.0,-0.0,0.0001094679873604279
435,9,1-5,adjust,-0.0006515531401630794,-1.7899777291679304e-05,1.8320366859857562e-06
436,2,1-7,adjust,0.0003801709044831887,-1.0445767034548621e-05,4.463897964133158e-05
436,3,1-7,adjust,0.0004357630867289106,-5.193303581316242e-06,4.651411336408773e-05
436,4,1-7,adjust,-0.0,-0.0,1.817491826493665e-05
436,5,1-7,adjust,-0.0,-0.0,6.242229152795166e-05
436,6,1-7,adjust,-0.00041292315472694143,-7.281124005505844e-07,2.4838618361418153e-05
436,9,1-8,adjust,0.0006515531401611429,1.789977729164149e-05,4.8366596015672354e-05
437,2,1-4,adjust,-0.0003801709044875321,1.0445767035256734e-05,1.8546166208896633e-05
437,3,1-5,adjust,-0.0004357630867382747,5.1933035813537185e-06,2.317995005779115e-05
437,6,1-5,adjust,0.00041292315470835457,7.281124006196452e-07,0.00014004985057850707
437,7,1-5,adjust,-0.0,-0.0,0.0001080996980841559
437,8,1-5,adjust,-0.0,-0.0,0.0001094679873604279
437,9,1-5,adjust,-0.0006515531401630794,-1.7899777291679304e-05,1.8320366859857562e-06
438,2,1-7,adjust,0.0003801709044831887,-1.0445767034548621e-05,4.4638979640946985e-05
438,3,1-7,adjust,0.0004357630867289106,-5.193303581316242e-06,4.651411336408773e-05
438,4,1-7,adjust,-0.0,-0.0,1.817491826493665e-05
438,5,1-7,adjust,-0.0,-0.0,6.242229152795166e-05
438,6,1-7,adjust,-0.00041292315472694143,-7.281124005505844e-07,2.4838618361418153e-05
438,9,1-8,adjust,0.0006515531401611429,1.789977729164149e-05,4.8366596015672354e-05
439,2,1-4,adjust,-0.000380170904472501,1.0445767034695744e-05,1.8546166209665817e-05
439,3,1-5,adjust,-0.0004357630867382747,5.1933035813537185e-06,2.317995005779115e-05
439,6,1-5,adjust,0.00041292315470835457,7.281124006196452e-07,0.00014004985057850707
439,7,1-5,adjust,-0.0,-0.0,0.0001080996980841559
439,8,1-5,adjust,-0.0,-0.0,0.0001094679873604279
439,9,1-5,adjust,-0.0006515531401630794,-1.7899777291679304e-05,1.8320366859857562e-06
440,2,1-7,adjust,0.000380170904514136,-1.0445767036194484e-05,4.4638979641844366e-05
440,3,1-7,adjust,0.0004357630867289106,-5.193303581316242e-06,4.651411336408773e-05
440,4,1-7,adjust,-0.0,-0.0,1.817491826493665e-05
440,5,1-7,adjust,-0.0,-0.0,6.242229152795166e-05
440,6,1-7,adjust,-0.00041292315472694143,-7.281124005505844e-07,2.4838618361418153e-05
440,9,1-8,adjust,0.0006515531401611429,1.789977729164149e-05,4.8366596015672354e-05
441,2,1-4,adjust,-0.00038017090450068414,1.0445767035248018e-05,1.854616620902483e-05
441,3,1-5,adjust,-0.0004357630867382747,5.1933035813537185e-06,2.317995005779115e-05
441,6,1-5,adjust,0.00041292315470835457,7.281124006196452e-07,0.00014004985057850707
441,7,1-5,adjust,-0.0,-0.0,0.0001080996980841559
441,8,1-5,adjust,-0.0,-0.0,0.0001094679873604279
441,9,1-5,adjust,-0.0006515531401630794,-1.7899777291679304e-05,1.8320366859857562e-06
442,2,1-7,adjust,0.00038017090449938326,-1.0445767035853928e-05,4.463897964152387e-05
442,3,1-7,adjust,0.0004357630867289106,-5.193303581316242e-06,4.651411336408773e-05
442,4,1-7,adjust,-0.0,-0.0,1.817491826493665e-05
442,5,1-7,adjust,-0.0,-0.0,6.242229152795166e-05
442,6,1-7,adjust,-0.00041292315472694143,-7.281124005505844e-07,2.4838618361418153e-05
442,9,1-8,adjust,0.0006515531401611429,1.789977729164149e-05,4.8366596015672354e-05
443,2,1-4,adjust,-0.0003801709045072605,1.044576703524366e-05,1.8546166209281227e-05
443,3,1-5,adjust,-0.0004357630867382747,5.1933035813537185e-06,2.317995005779115e-05
443,6,1-5,adjust,0.00041292315470835457,7.281124006196452e-07,0.00014004985057850707
443,7,1-5,adjust,-0.0,-0.0,0.0001080996980841559
443,8,1-5,adjust,-0.0,-0.0,0.0001094679873604279
443,9,1-5,adjust,-0.0006515531401630794,-1.7899777291679304e-05,1.8320366859857562e-06
444,2,1-7,adjust,0.00038017090449938326,-1.0445767035853928e-05,4.463897964190847e-05
444,3,1-7,adjust,0.0004357630867289106,-5.193303581316242e-06,4.651411336408773e-05
444,4,1-7,adjust,-0.0,-0.0,1.817491826493665e-05
444,5,1-7,adjust,-0.0,-0.0,6.242229152795166e-05
444,6,1-7,adjust,-0.00041292315472694143,-7.281124005505844e-07,2.4838618361418153e-05
444,9,1-8,adjust,0.0006515531401611429,1.789977729164149e-05,4.8366596015672354e-05
445,2,1-4,adjust,-0.00038017090450350263,1.0445767035436471e-05,1.8546166209729917e-05
445,3,1-5,adjust,-0.0004357630867382747,5.1933035813537185e-06,2.317995005779115e-05
445,6,1-5,adjust,0.00041292315470835457,7.281124006196452e-07,0.00014004985057850707
445,7,1-5,adjust,-0.0,-0.0,0.0001080996980841559
445,8,1-5,adjust,-0.0,-0.0,0.0001094679873604279
445,9,1-5,adjust,-0.0006515531401630794,-1.7899777291679304e-05,1.8320366859857562e-06
446,2,1-7,adjust,0.0003801709045022618,-1.0445767035118876e-05,4.463897964190847e-05
446,3,1-7,adjust,0.0004357630867289106,-5.193303581316242e-06,4.651411336408773e-05
446,4,1-7,adjust,-0.0,-0.0,1.817491826493665e-05
446,5,1-7,adjust,-0.0,-0.0,6.242229152795166e-05
446,6,1-7,adjust,-0.00041292315472694143,-7.281124005505844e-07,2.4838618361418153e-05
446,9,1-8,adjust,0.0006515531401611429,1.789977729164149e-05,4.8366596015672354e-05
447,2,1-4,adjust,-0.00038017090449598705,1.0445767035378009e-05,1.8546166209409424e-05
447,3,1-5,adjust,-0.0004357630867382747,5.1933035813537185e-06,2.317995005779115e-05
447,6,1-5,adjust,0.00041292315470835457,7.281124006196452e-07,0.00014004985057850707
447,7,1-5,adjust,-0.0,-0.0,0.0001080996980841559
447,8,1-5,adjust,-0.0,-0.0,0.0001094679873604279
447,9,1-5,adjust,-0.0006515531401630794,-1.7899777291679304e-05,1.8320366859857562e-06
448,2,1-7,adjust,0.00038017090449398523,-1.0445767034678698e-05,4.4638979641395675e-05
448,3,1-7,adjust,0.0004357630867289106,-5.193303581316242e-06,4.651411336408773e-05
448,4,1-7,adjust,-0.0,-0.0,1.817491826493665e-05
448,5,1-7,adjust,-0.0,-0.0,6.242229152795166e-05
448,6,1-7,adjust,-0.00041292315472694143,-7.281124005505844e-07,2.4838618361418153e-05
448,9,1-8,adjust,0.0006515531401611429,1.789977729164149e-05,4.8366596015672354e-05
449,2,1-4,adjust,-0.00038017090449598705,1.0445767035378009e-05,1.8546166209409424e-05
449,3,1-5,adjust,-0.0004357630867382747,5.1933035813537185e-06,2.317995005779115e-05
449,6,1-5,adjust,0.00041292315470835457,7.281124006196452e-07,0.00014004985057850707
449,7,1-5,adjust,-0.0,-0.0,0.0001080996980841559
449,8,1-5,adjust,-0.0,-0.0,0.0001094679873604279
449,9,1-5,adjust,-0.0006515531401630794,-1.7899777291679304e-05,1.8320366859857562e-06
450,2,1-7,adjust,0.0003801709044831887,-1.0445767034548621e-05,4.463897964133158e-05
450,3,1-7,adjust,0.0004357630867289106,-5.193303581316242e-06,4.651411336408773e-05
450,4,1-7,adjust,-0.0,-0.0,1.817491826493665e-05
450,5,1-7,adjust,-0.0,-0.0,6.242229152795166e-05
450,6,1-7,adjust,-0.00041292315472694143,-7.281124005505844e-07,2.4838618361418153e-05
450,9,1-8,adjust,0.0006515531401611429,1.789977729164149e-05,4.8366596015672354e-05
451,2,1-4,adjust,-0.0003801709044875321,1.0445767035256734e-05,1.8546166208896633e-05
451,3,1-5,adjust,-0.0004357630867382747,5.1933035813537185e-06,2.317995005779115e-05
451,6,1-5,adjust,0.00041292315470835457,7.281124006196452e-07,0.00014004985057850707
451,7,1-5,adjust,-0.0,-0.0,0.0001080996980841559
451,8,1-5,adjust,-0.0,-0.0,0.0001094679873604279
451,9,1-5,adjust,-0.0006515531401630794,-1.7899777291679304e-05,1.8320366859857562e-06
452,2,1-7,adjust,0.0003801709044831887,-1.0445767034548621e-05,4.4638979640946985e-05
452,3,1-7,adjust,0.0004357630867289106,-5.193303581316242e-06,4.651411336408773e-05
452,4,1-7,adjust,-0.0,-0.0,1.817491826493665e-05
452,5,1-7,adjust,-0.0,-0.0,6.242229152795166e-05
452,6,1-7,adjust,-0.00041292315472694143,-7.281124005505844e-07,2.4838618361418153e-05
452,9,1-8,adjust,0.0006515531401611429,1.789977729164149e-05,4.8366596015672354e-05
453,2,1-4,adjust,-0.000380170904472501,1.0445767034695744e-05,1.8546166209665817e-05
453,3,1-5,adjust,-0.0004357630867382747,5.1933035813537185e-06,2.317995005779115e-05
453,6,1-5,adjust,0.00041292315470835457,7.281124006196452e-07,0.00014004985057850707
453,7,1-5,adjust,-0.0,-0.0,0.0001080996980841559
453,8,1-5,adjust,-0.0,-0.0,0.0001094679873604279
453,9,1-5,adjust,-0.0006515531401630794,-1.7899777291679304e-05,1.8320366859857562e-06
454,2,1-7,adjust,0.000380170904514136,-1.0445767036194484e-05,4.4638979641844366e-05
454,3,1-7,adjust,0.0004357630867289106,-5.193303581316242e-06,4.651411336408773e-05
454,4,1-7,adjust,-0.0,-0.0,1.817491826493665e-05
454,5,1-7,adjust,-0.0,-0.0,6.242229152795166e-05
454,6,1-7,adjust,-0.00041292315472694143,-7.281124005505844e-07,2.4838618361418153e-05
454,9,1-8,adjust,0.0006515531401611429,1.789977729164149e-05,4.8366596015672354e-05
455,2,1-4,adjust,-0.00038017090450068414,1.0445767035248018e-05,1.854616620902483e-05
455,3,1-5,adjust,-0.0004357630867382747,5.1933035813537185e-06,2.317995005779115e-05
455,6,1-5,adjust,0.00041292315470835457,7.281124006196452e-07,0.00014004985057850707
455,7,1-5,adjust,-0.0,-0.0,0.0001080996980841559
455,8,1-5,adjust,-0.0,-0.0,0.0001094679873604279
455,9,1-5,adjust,-0.0006515531401630794,-1.7899777291679304e-05,1.8320366859857562e-06
456,2,1-7,adjust,0.00038017090449938326,-1.0445767035853928e-05,4.463897964152387e-05
456,3,1-7,adjust,0.0004357630867289106,-5.193303581316242e-06,4.651411336408773e-05
456,4,1-7,adjust,-0.0,-0.0,1.817491826493665e-05
456,5,1-7,adjust,-0.0,-0.0,6.242229152795166e-05
456,6,1-7,adjust,-0.00041292315472694143,-7.281124005505844e-07,2.4838618361418153e-05
456,9,1-8,adjust,0.0006515531401611429,1.789977729164149e-05,4.8366596015672354e-05
457,2,1-4,adjust,-0.0003801709045072605,1.044576703524366e-05,1.8546166209281227e-05
457,3,1-5,adjust,-0.0004357630867382747,5.1933035813537185e-06,2.317995005779115e-05
457,6,1-5,adjust,0.00041292315470835457,7.281124006196452e-07,0.00014004985057850707
457,7,1-5,adjust,-0.0,-0.0,0.0001080996980841559
457,8,1-5,adjust,-0.0,-0.0,0.0001094679873604279
457,9,1-5,adjust,-0.0006515531401630794,-1.7899777291679304e-05,1.8320366859857562e-06
458,2,1-7,adjust,0.00038017090449938326,-1.0445767035853928e-05,4.463897964190847e-05
458,3,1-7,adjust,0.0004357630867289106,-5.193303581316242e-06,4.651411336408773e-05
458,4,1-7,adjust,-0.0,-0.0,1.817491826493665e-05
458,5,1-7,adjust,-0.0,-0.0,6.242229152795166e-05
458,6,1-7,adjust,-0.00041292315472694143,-7.281124005505844e-07,2.4838618361418153e-05
458,9,1-8,adjust,0.0006515531401611429,1.789977729164149e-05,4.8366596015672354e-05
459,2,1-4,adjust,-0.00038017090450350263,1.0445767035436471e-05,1.8546166209729917e-05
459,3,1-5,adjust,-0.0004357630867382747,5.1933035813537185e-06,2.317995005779115e-05
459,6,1-5,adjust,0.00041292315470835457,7.281124006196452e-07,0.00014004985057850707
459,7,1-5,adjust,-0.0,-0.0,0.0001080996980841559
459,8,1-5,adjust,-0.0,-0.0,0.0001094679873604279
459,9,1-5,adjust,-0.0006515531401630794,-1.7899777291679304e-05,1.8320366859857562e-06
460,2,1-7,adjust,0.0003801709045022618,-1.0445767035118876e-05,4.463897964190847e-05
460,3,1-7,adjust,0.0004357630867289106,-5.193303581316242e-06,4.651411336408773e-05
460,4,1-7,adjust,-0.0,-0.0,1.817491826493665e-05
460,5,1-7,adjust,-0.0,-0.0,6.242229152795166e-05
460,6,1-7,adjust,-0.00041292315472694143,-7.281124005505844e-07,2.4838618361418153e-05
460,9,1-8,adjust,0.0006515531401611429,1.789977729164149e-05,4.8366596015672354e-05
461,2,1-4,adjust,-0.00038017090449598705,1.0445767035378009e-05,1.8546166209409424e-05
461,3,1-5,adjust,-0.0004357630867382747,5.1933035813537185e-06,2.317995005779115e-05
461,6,1-5,adjust,0.00041292315470835457,7.281124006196452e-07,0.00014004985057850707
461,7,1-5,adjust,-0.0,-0.0,0.0001080996980841559
461,8,1-5,adjust,-0.0,-0.0,0.0001094679873604279
461,9,1-5,adjust,-0.0006515531401630794,-1.7899777291679304e-05,1.8320366859857562e-06
462,2,1-7,adjust,0.00038017090449398523,-1.0445767034678698e-05,4.4638979641395675e-05
462,3,1-7,adjust,0.0004357630867289106,-5.193303581316242e-06,4.651411336408773e-05
462,4,1-7,adjust,-0.0,-0.0,1.817491826493665e-05
462,5,1-7,adjust,-0.0,-0.0,6.242229152795166e-05
462,6,1-7,adjust,-0.00041292315472694143,-7.281124005505844e-07,2.4838618361418153e-05
462,9,1-8,adjust,0.0006515531401611429,1.789977729164149e-05,4.8366596015672354e-05
463,2,1-4,adjust,-0.00038017090449598705,1.0445767035378009e-05,1.8546166209409424e-05
463,3,1-5,adjust,-0.0004357630867382747,5.1933035813537185e-06,2.317995005779115e-05
463,6,1-5,adjust,0.00041292315470835457,7.281124006196452e-07,0.00014004985057850707
463,7,1-5,adjust,-0.0,-0.0,0.0001080996980841559
463,8,1-5,adjust,-0.0,-0.0,0.0001094679873604279
463,9,1-5,adjust,-0.0006515531401630794,-1.7899777291679304e-05,1.8320366859857562e-06
464,2,1-7,adjust,0.0003801709044831887,-1.0445767034548621e-05,4.463897964133158e-05
464,3,1-7,adjust,0.0004357630867289106,-5.193303581316242e-06,4.651411336408773e-05
464,4,1-7,adjust,-0.0,-0.0,1.817491826493665e-05
464,5,1-7,adjust,-0.0,-0.0,6.242229152795166e-05
464,6,1-7,adjust,-0.00041292315472694143,-7.281124005505844e-07,2.4838618361418153e-05
464,9,1-8,adjust,0.0006515531401611429,1.789977729164149e-05,4.8366596015672354e-05
465,2,1-4,adjust,-0.0003801709044875321,1.0445767035256734e-05,1.8546166208896633e-05
465,3,1-5,adjust,-0.0004357630867382747,5.1933035813537185e-06,2.317995005779115e-05
465,6,1-5,adjust,0.00041292315470835457,7.281124006196452e-07,0.00014004985057850707
465,7,1-5,adjust,-0.0,-0.0,0.0001080996980841559
465,8,1-5,adjust,-0.0,-0.0,0.0001094679873604279
465,9,1-5,adjust,-0.0006515531401630794,-1.7899777291679304e-05,1.8320366859857562e-06
466,2,1-7,adjust,0.0003801709044831887,-1.0445767034548621e-05,4.4638979640946985e-05
466,3,1-7,adjust,0.0004357630867289106,-5.193303581316242e-06,4.651411336408773e-05
466,4,1-7,adjust,-0.0,-0.0,1.817491826493665e-05
466,5,1-7,adjust,-0.0,-0.0,6.242229152795166e-05
466,6,1-7,adjust,-0.00041292315472694143,-7.281124005505844e-07,2.4838618361418153e-05
466,9,1-8,adjust,0.0006515531401611429,1.789977729164149e-05,4.8366596015672354e-05
467,2,1-4,adjust,-0.000380170904472501,1.0445767034695744e-05,1.8546166209665817e-05
467,3,1-5,adjust,-0.0004357630867382747,5.1933035813537185e-06,2.317995005779115e-05
467,6,1-5,adjust,0.00041292315470835457,7.281124006196452e-07,0.00014004985057850707
467,7,1-5,adjust,-0.0,-0.0,0.0001080996980841559
467,8,1-5,adjust,-0.0,-0.0,0.0001094679873604279
467,9,1-5,adjust,-0.0006515531401630794,-1.7899777291679304e-05,1.8320366859857562e-06
468,2,1-7,adjust,0.000380170904514136,-1.0445767036194484e-05,4.4638979641844366e-05
468,3,1-7,adjust,0.0004357630867289106,-5.193303581316242e-06,4.651411336408773e-05
468,4,1-7,adjust,-0.0,-0.0,1.817491826493665e-05
468,5,1-7,adjust,-0.0,-0.0,6.242229152795166e-05
468,6,1-7,adjust,-0.00041292315472694143,-7.281124005505844e-07,2.4838618361418153e-05
468,9,1-8,adjust,0.0006515531401611429,1.789977729164149e-05,4.8366596015672354e-05
469,2,1-4,adjust,-0.00038017090450068414,1.0445767035248018e-05,1.854616620902483e-05
469,3,1-5,adjust,-0.0004357630867382747,5.1933035813537185e-06,2.317995005779115e-05
469,6,1-5,adjust,0.00041292315470835457,7.281124006196452e-07,0.00014004985057850707
469,7,1-5,adjust,-0.0,-0.0,0.0001080996980841559
469,8,1-5,adjust,-0.0,-0.0,0.0001094679873604279
469,9,1-5,adjust,-0.0006515531401630794,-1.7899777291679304e-05,1.8320366859857562e-06
470,2,1-7,adjust,0.00038017090449938326,-1.0445767035853928e-05,4.463897964152387e-05
470,3,1-7,adjust,0.0004357630867289106,-5.193303581316242e-06,4.651411336408773e-05
470,4,1-7,adjust,-0.0,-0.0,1.817491826493665e-05
470,5,1-7,adjust,-0.0,-0.0,6.242229152795166e-05
470,6,1-7,adjust,-0.00041292315472694143,-7.281124005505844e-07,2.4838618361418153e-05
470,9,1-8,adjust,0.0006515531401611429,1.789977729164149e-05,4.8366596015672354e-05
471,2,1-4,adjust,-0.0003801709045072605,1.044576703524366e-05,1.8546166209281227e-05
471,3,1-5,adjust,-0.0004357630867382747,5.1933035813537185e-06,2.317995005779115e-05
471,6,1-5,adjust,0.00041292315470835457,7.281124006196452e-07,0.00014004985057850707
471,7,1-5,adjust,-0.0,-0.0,0.0001080996980841559
471,8,1-5,adjust,-0.0,-0.0,0.0001094679873604279
471,9,1-5,adjust,-0.0006515531401630794,-1.7899777291679304e-05,1.8320366859857562e-06
472,2,1-7,adjust,0.00038017090449938326,-1.0445767035853928e-05,4.463897964190847e-05
472,3,1-7,adjust,0.0004357630867289106,-5.193303581316242e-06,4.651411336408773e-05
472,4,1-7,adjust,-0.0,-0.0,1.817491826493665e-05
472,5,1-7,adjust,-0.0,-0.0,6.242229152795166e-05
472,6,1-7,adjust,-0.00041292315472694143,-7.281124005505844e-07,2.4838618361418153e-05
472,9,1-8,adjust,0.0006515531401611429,1.789977729164149e-05,4.8366596015672354e-05
473,2,1-4,adjust,-0.00038017090450350263,1.0445767035436471e-05,1.8546166209729917e-05
473,3,1-5,adjust,-0.0004357630867382747,5.1933035813537185e-06,2.317995005779115e-05
473,6,1-5,adjust,0.00041292315470835457,7.281124006196452e-07,0.00014004985057850707
473,7,1-5,adjust,-0.0,-0.0,0.0001080996980841559
473,8,1-5,adjust,-0.0,-0.0,0.0001094679873604279
473,9,1-5,adjust,-0.0006515531401630794,-1.7899777291679304e-05,1.8320366859857562e-06
474,2,1-7,adjust,0.0003801709045022618,-1.0445767035118876e-05,4.463897964190847e-05
474,3,1-7,adjust,0.0004357630867289106,-5.193303581316242e-06,4.651411336408773e-05
474,4,1-7,adjust,-0.0,-0.0,1.817491826493665e-05
474,5,1-7,adjust,-0.0,-0.0,6.242229152795166e-05
474,6,1-7,adjust,-0.00041292315472694143,-7.281124005505844e-07,2.4838618361418153e-05
474,9,1-8,adjust,0.0006515531401611429,1.789977729164149e-05,4.8366596015672354e-05
475,2,1-4,adjust,-0.00038017090449598705,1.0445767035378009e-05,1.8546166209409424e-05
475,3,1-5,adjust,-0.0004357630867382747,5.1933035813537185e-06,2.317995005779115e-05
475,6,1-5,adjust,0.00041292315470835457,7.281124006196452e-07,0.00014004985057850707
475,7,1-5,adjust,-0.0,-0.0,0.0001080996980841559
475,8,1-5,adjust,-0.0,-0.0,0.0001094679873604279
475,9,1-5,adjust,-0.0006515531401630794,-1.7899777291679304e-05,1.8320366859857562e-06
476,2,1-7,adjust,0.00038017090449398523,-1.0445767034678698e-05,4.4638979641395675e-05
476,3,1-7,adjust,0.0004357630867289106,-5.193303581316242e-06,4.651411336408773e-05
476,4,1-7,adjust,-0.0,-0.0,1.817491826493665e-05
476,5,1-7,adjust,-0.0,-0.0,6.242229152795166e-05
476,6,1-7,adjust,-0.00041292315472694143,-7.281124005505844e-07,2.4838618361418153e-05
476,9,1-8,adjust,0.0006515531401611429,1.789977729164149e-05,4.8366596015672354e-05
477,2,1-4,adjust,-0.00038017090449598705,1.0445767035378009e-05,1.8546166209409424e-05
477,3,1-5,adjust,-0.0004357630867382747,5.1933035813537185e-06,2.317995005779115e-05
477,6,1-5,adjust,0.00041292315470835457,7.281124006196452e-07,0.00014004985057850707
477,7,1-5,adjust,-0.0,-0.0,0.0001080996980841559
477,8,1-5,adjust,-0.0,-0.0,0.0001094679873604279
477,9,1-5,adjust,-0.0006515531401630794,-1.7899777291679304e-05,1.8320366859857562e-06
478,2,1-7,adjust,0.0003801709044831887,-1.0445767034548621e-05,4.463897964133158e-05
478,3,1-7,adjust,0.0004357630867289106,-5.193303581316242e-06,4.651411336408773e-05
478,4,1-7,adjust,-0.0,-0.0,1.817491826493665e-05
478,5,1-7,adjust,-0.0,-0.0,6.242229152795166e-05
478,6,1-7,adjust,-0.00041292315472694143,-7.281124005505844e-07,2.4838618361418153e-05
478,9,1-8,adjust,0.0006515531401611429,1.789977729164149e-05,4.8366596015672354e-05
479,2,1-4,adjust,-0.0003801709044875321,1.0445767035256734e-05,1.8546166208896633e-05
479,3,1-5,adjust,-0.0004357630867382747,5.1933035813537185e-06,2.317995005779115e-05
479,6,1-5,adjust,0.00041292315470835457,7.281124006196452e-07,0.00014004985057850707
479,7,1-5,adjust,-0.0,-0.0,0.0001080996980841559
479,8,1-5,adjust,-0.0,-0.0,0.0001094679873604279
479,9,1-5,adjust,-0.0006515531401630794,-1.7899777291679304e-05,1.8320366859857562e-06
480,2,1-7,adjust,0.0003801709044831887,-1.0445767034548621e-05,4.4638979640946985e-05
480,3,1-7,adjust,0.0004357630867289106,-5.193303581316242e-06,4.651411336408773e-05
480,4,1-7,adjust,-0.0,-0.0,1.817491826493665e-05
480,5,1-7,adjust,-0.0,-0.0,6.242229152795166e-05
480,6,1-7,adjust,-0.00041292315472694143,-7.281124005505844e-07,2.4838618361418153e-05
480,9,1-8,adjust,0.0006515531401611429,1.789977729164149e-05,4.8366596015672354e-05
481,2,1-4,adjust,-0.000380170904472501,1.0445767034695744e-05,1.8546166209665817e-05
481,3,1-5,adjust,-0.0004357630867382747,5.1933035813537185e-06,2.317995005779115e-05
481,6,1-5,adjust,0.00041292315470835457,7.281124006196452e-07,0.00014004985057850707
481,7,1-5,adjust,-0.0,-0.0,0.0001080996980841559
481,8,1-5,adjust,-0.0,-0.0,0.0001094679873604279
481,9,1-5,adjust,-0.0006515531401630794,-1.7899777291679304e-05,1.8320366859857562e-06
482,2,1-7,adjust,0.000380170904514136,-1.0445767036194484e-05,4.4638979641844366e-05
482,3,1-7,adjust,0.0004357630867289106,-5.193303581316242e-06,4.651411336408773e-05
482,4,1-7,adjust,-0.0,-0.0,1.817491826493665e-05
482,5,1-7,adjust,-0.0,-0.0,6.242229152795166e-05
482,6,1-7,adjust,-0.00041292315472694143,-7.281124005505844e-07,2.4838618361418153e-05
482,9,1-8,adjust,0.0006515531401611429,1.789977729164149e-05,4.8366596015672354e-05
483,2,1-4,adjust,-0.00038017090450068414,1.0445767035248018e-05,1.854616620902483e-05
483,3,1-5,adjust,-0.0004357630867382747,5.1933035813537185e-06,2.317995005779115e-05
483,6,1-5,adjust,0.00041292315470835457,7.281124006196452e-07,0.00014004985057850707
483,7,1-5,adjust,-0.0,-0.0,0.0001080996980841559
483,8,1-5,adjust,-0.0,-0.0,0.0001094679873604279
483,9,1-5,adjust,-0.0006515531401630794,-1.7899777291679304e-05,1.8320366859857562e-06
484,2,1-7,adjust,0.00038017090449938326,-1.0445767035853928e-05,4.463897964152387e-05
484,3,1-7,adjust,0.0004357630867289106,-5.193303581316242e-06,4.651411336408773e-05
484,4,1-7,adjust,-0.0,-0.0,1.817491826493665e-05
484,5,1-7,adjust,-0.0,-0.0,6.242229152795166e-05
484,6,1-7,adjust,-0.00041292315472694143,-7.281124005505844e-07,2.4838618361418153e-05
484,9,1-8,adjust,0.0006515531401611429,1.789977729164149e-05,4.8366596015672354e-05
485,2,1-4,adjust,-0.0003801709045072605,1.044576703524366e-05,1.8546166209281227e-05
485,3,1-5,adjust,-0.0004357630867382747,5.1933035813537185e-06,2.317995005779115e-05
485,6,1-5,adjust,0.00041292315470835457,7.281124006196452e-07,0.00014004985057850707
485,7,1-5,adjust,-0.0,-0.0,0.0001080996980841559
485,8,1-5,adjust,-0.0,-0.0,0.0001094679873604279
485,9,1-5,adjust,-0.0006515531401630794,-1.7899777291679304e-05,1.8320366859857562e-06
486,2,1-7,adjust,0.00038017090449938326,-1.0445767035853928e-05,4.463897964190847e-05
486,3,1-7,adjust,0.0004357630867289106,-5.193303581316242e-06,4.651411336408773e-05
486,4,1-7,adjust,-0.0,-0.0,1.817491826493665e-05
486,5,1-7,adjust,-0.0,-0.0,6.242229152795166e-05
486,6,1-7,adjust,-0.00041292315472694143,-7.281124005505844e-07,2.4838618361418153e-05
486,9,1-8,adjust,0.0006515531401611429,1.789977729164149e-05,4.8366596015672354e-05
487,2,1-4,adjust,-0.00038017090450350263,1.0445767035436471e-05,1.8546166209729917e-05
487,3,1-5,adjust,-0.0004357630867382747,5.1933035813537185e-06,2.317995005779115e-05
487,6,1-5,adjust,0.00041292315470835457,7.281124006196452e-07,0.00014004985057850707
487,7,1-5,adjust,-0.0,-0.0,0.0001080996980841559
487,8,1-5,adjust,-0.0,-0.0,0.0001094679873604279
487,9,1-5,adjust,-0.0006515531401630794,-1.7899777291679304e-05,1.8320366859857562e-06
488,2,1-7,adjust,0.0003801709045022618,-1.0445767035118876e-05,4.463897964190847e-05
488,3,1-7,adjust,0.0004357630867289106,-5.193303581316242e-06,4.651411336408773e-05
488,4,1-7,adjust,-0.0,-0.0,1.817491826493665e-05
488,5,1-7,adjust,-0.0,-0.0,6.242229152795166e-05
488,6,1-7,adjust,-0.00041292315472694143,-7.281124005505844e-07,2.4838618361418153e-05
488,9,1-8,adjust,0.0006515531401611429,1.789977729164149e-05,4.8366596015672354e-05
489,2,1-4,adjust,-0.00038017090449598705,1.0445767035378009e-05,1.8546166209409424e-05
489,3,1-5,adjust,-0.0004357630867382747,5.1933035813537185e-06,2.317995005779115e-05
489,6,1-5,adjust,0.00041292315470835457,7.281124006196452e-07,0.00014004985057850707
489,7,1-5,adjust,-0.0,-0.0,0.0001080996980841559
489,8,1-5,adjust,-0.0,-0.0,0.0001094679873604279
489,9,1-5,adjust,-0.0006515531401630794,-1.7899777291679304e-05,1.8320366859857562e-06
490,2,1-7,adjust,0.00038017090449398523,-1.0445767034678698e-05,4.4638979641395675e-05
490,3,1-7,adjust,0.0004357630867289106,-5.193303581316242e-06,4.651411336408773e-05
490,4,1-7,adjust,-0.0,-0.0,1.817491826493665e-05
490,5,1-7,adjust,-0.0,-0.0,6.242229152795166e-05
490,6,1-7,adjust,-0.00041292315472694143,-7.281124005505844e-07,2.4838618361418153e-05
490,9,1-8,adjust,0.0006515531401611429,1.789977729164149e-05,4.8366596015672354e-05
491,2,1-4,adjust,-0.00038017090449598705,1.0445767035378009e-05,1.8546166209409424e-05
491,3,1-5,adjust,-0.0004357630867382747,5.1933035813537185e-06,2.317995005779115e-05
491,6,1-5,adjust,0.00041292315470835457,7.281124006196452e-07,0.00014004985057850707
491,7,1-5,adjust,-0.0,-0.0,0.0001080996980841559
491,8,1-5,adjust,-0.0,-0.0,0.0001094679873604279
491,9,1-5,adjust,-0.0006515531401630794,-1.7899777291679304e-05,1.8320366859857562e-06
492,2,1-7,adjust,0.0003801709044831887,-1.0445767034548621e-05,4.463897964133158e-05
492,3,1-7,adjust,0.0004357630867289106,-5.193303581316242e-06,4.651411336408773e-05
492,4,1-7,adjust,-0.0,-0.0,1.817491826493665e-05
492,5,1-7,adjust,-0.0,-0.0,6.242229152795166e-05
492,6,1-7,adjust,-0.00041292315472694143,-7.281124005505844e-07,2.4838618361418153e-05
492,9,1-8,adjust,0.0006515531401611429,1.789977729164149e-05,4.8366596015672354e-05
493,2,1-4,adjust,-0.0003801709044875321,1.0445767035256734e-05,1.8546166208896633e-05
493,3,1-5,adjust,-0.0004357630867382747,5.1933035813537185e-06,2.317995005779115e-05
493,6,1-5,adjust,0.00041292315470835457,7.281124006196452e-07,0.00014004985057850707
493,7,1-5,adjust,-0.0,-0.0,0.0001080996980841559
493,8,1-5,adjust,-0.0,-0.0,0.0001094679873604279
493,9,1-5,adjust,-0.0006515531401630794,-1.7899777291679304e-05,1.8320366859857562e-06
494,2,1-7,adjust,0.0003801709044831887,-1.0445767034548621e-05,4.4638979640946985e-05
494,3,1-7,adjust,0.0004357630867289106,-5.193303581316242e-06,4.651411336408773e-05
494,4,1-7,adjust,-0.0,-0.0,1.817491826493665e-05
494,5,1-7,adjust,-0.0,-0.0,6.242229152795166e-05
494,6,1-7,adjust,-0.00041292315472694143,-7.281124005505844e-07,2.4838618361418153e-05
494,9,1-8,adjust,0.0006515531401611429,1.789977729164149e-05,4.8366596015672354e-05
495,2,1-4,adjust,-0.000380170904472501,1.0445767034695744e-05,1.8546166209665817e-05
495,3,1-5,adjust,-0.0004357630867382747,5.1933035813537185e-06,2.317995005779115e-05
495,6,1-5,adjust,0.00041292315470835457,7.281124006196452e-07,0.00014004985057850707
495,7,1-5,adjust,-0.0,-0.0,0.0001080996980841559
495,8,1-5,adjust,-0.0,-0.0,0.0001094679873604279
495,9,1-5,adjust,-0.0006515531401630794,-1.7899777291679304e-05,1.8320366859857562e-06
496,2,1-7,adjust,0.000380170904514136,-1.0445767036194484e-05,4.4638979641844366e-05
496,3,1-7,adjust,0.0004357630867289106,-5.193303581316242e-06,4.651411336408773e-05
496,4,1-7,adjust,-0.0,-0.0,1.817491826493665e-05
496,5,1-7,adjust,-0.0,-0.0,6.242229152795166e-05
496,6,1-7,adjust,-0.00041292315472694143,-7.281124005505844e-07,2.4838618361418153e-05
496,9,1-8,adjust,0.0006515531401611429,1.789977729164149e-05,4.8366596015672354e-05
497,2,1-4,adjust,-0.00038017090450068414,1.0445767035248018e-05,1.854616620902483e-05
497,3,1-5,adjust,-0.0004357630867382747,5.1933035813537185e-06,2.317995005779115e-05
497,6,1-5,adjust,0.00041292315470835457,7.281124006196452e-07,0.00014004985057850707
497,7,1-5,adjust,-0.0,-0.0,0.0001080996980841559
497,8,1-5,adjust,-0.0,-0.0,0.0001094679873604279
497,9,1-5,adjust,-0.0006515531401630794,-1.7899777291679304e-05,1.8320366859857562e-06
498,2,1-7,adjust,0.00038017090449938326,-1.0445767035853928e-05,4.463897964152387e-05
498,3,1-7,adjust,0.0004357630867289106,-5.193303581316242e-06,4.651411336408773e-05
498,4,1-7,adjust,-0.0,-0.0,1.817491826493665e-05
498,5,1-7,adjust,-0.0,-0.0,6.242229152795166e-05
498,6,1-7,adjust,-0.00041292315472694143,-7.281124005505844e-07,2.4838618361418153e-05
498,9,1-8,adjust,0.0006515531401611429,1.789977729164149e-05,4.8366596015672354e-05
499,2,1-4,adjust,-0.0003801709045072605,1.044576703524366e-05,1.8546166209281227e-05
499,3,1-5,adjust,-0.0004357630867382747,5.1933035813537185e-06,2.317995005779115e-05
499,6,1-5,adjust,0.00041292315470835457,7.281124006196452e-07,0.00014004985057850707
499,7,1-5,adjust,-0.0,-0.0,0.0001080996980841559
499,8,1-5,adjust,-0.0,-0.0,0.0001094679873604279
499,9,1-5,adjust,-0.0006515531401630794,-1.7899777291679304e-05,1.8320366859857562e-06
500,2,1-7,adjust,0.00038017090449938326,-1.0445767035853928e-05,4.463897964190847e-05
500,3,1-7,adjust,0.0004357630867289106,-5.193303581316242e-06,4.651411336408773e-05
500,4,1-7,adjust,-0.0,-0.0,1.817491826493665e-05
500,5,1-7,adjust,-0.0,-0.0,6.242229152795166e-05
500,6,1-7,adjust,-0.00041292315472694143,-7.281124005505844e-07,2.4838618361418153e-05
500,9,1-8,adjust,0.0006515531401611429,1.789977729164149e-05,4.8366596015672354e-05
501,2,1-4,adjust,-0.00038017090450350263,1.0445767035436471e-05,1.8546166209729917e-05
501,3,1-5,adjust,-0.0004357630867382747,5.1933035813537185e-06,2.317995005779115e-05
501,6,1-5,adjust,0.00041292315470835457,7.281124006196452e-07,0.00014004985057850707
501,7,1-5,adjust,-0.0,-0.0,0.0001080996980841559
501,8,1-5,adjust,-0.0,-0.0,0.0001094679873604279
501,9,1-5,adjust,-0.0006515531401630794,-1.7899777291679304e-05,1.8320366859857562e-06
502,2,1-7,adjust,0.0003801709045022618,-1.0445767035118876e-05,4.463897964190847e-05
502,3,1-7,adjust,0.0004357630867289106,-5.193303581316242e-06,4.651411336408773e-05
502,4,1-7,adjust,-0.0,-0.0,1.817491826493665e-05
502,5,1-7,adjust,-0.0,-0.0,6.242229152795166e-05
502,6,1-7,adjust,-0.00041292315472694143,-7.281124005505844e-07,2.4838618361418153e-05
502,9,1-8,adjust,0.0006515531401611429,1.789977729164149e-05,4.8366596015672354e-05
503,2,1-4,adjust,-0.00038017090449598705,1.0445767035378009e-05,1.8546166209409424e-05
503,3,1-5,adjust,-0.0004357630867382747,5.1933035813537185e-06,2.317995005779115e-05
503,6,1-5,adjust,0.00041292315470835457,7.281124006196452e-07,0.00014004985057850707
503,7,1-5,adjust,-0.0,-0.0,0.0001080996980841559
503,8,1-5,adjust,-0.0,-0.0,0.0001094679873604279
503,9,1-5,adjust,-0.0006515531401630794,-1.7899777291679304e-05,1.8320366859857562e-06
504,2,1-7,adjust,0.00038017090449398523,-1.0445767034678698e-05,4.4638979641395675e-05
504,3,1-7,adjust,0.0004357630867289106,-5.193303581316242e-06,4.651411336408773e-05
504,4,1-7,adjust,-0.0,-0.0,1.817491826493665e-05
504,5,1-7,adjust,-0.0,-0.0,6.242229152795166e-05
504,6,1-7,adjust,-0.00041292315472694143,-7.281124005505844e-07,2.4838618361418153e-05
504,9,1-8,adjust,0.0006515531401611429,1.789977729164149e-05,4.8366596015672354e-05
505,2,1-4,adjust,-0.00038017090449598705,1.0445767035378009e-05,1.8546166209409424e-05
505,3,1-5,adjust,-0.0004357630867382747,5.1933035813537185e-06,2.317995005779115e-05
505,6,1-5,adjust,0.00041292315470835457,7.281124006196452e-07,0.00014004985057850707
505,7,1-5,adjust,-0.0,-0.0,0.0001080996980841559
505,8,1-5,adjust,-0.0,-0.0,0.0001094679873604279
505,9,1-5,adjust,-0.0006515531401630794,-1.7899777291679304e-05,1.8320366859857562e-06
506,2,1-7,adjust,0.0003801709044831887,-1.0445767034548621e-05,4.463897964133158e-05
506,3,1-7,adjust,0.0004357630867289106,-5.193303581316242e-06,4.651411336408773e-05
506,4,1-7,adjust,-0.0,-0.0,1.817491826493665e-05
506,5,1-7,adjust,-0.0,-0.0,6.242229152795166e-05
506,6,1-7,adjust,-0.00041292315472694143,-7.281124005505844e-07,2.4838618361418153e-05
506,9,1-8,adjust,0.0006515531401611429,1.789977729164149e-05,4.8366596015672354e-05
507,2,1-4,adjust,-0.0003801709044875321,1.0445767035256734e-05,1.8546166208896633e-05
507,3,1-5,adjust,-0.0004357630867382747,5.1933035813537185e-06,2.317995005779115e-05
507,6,1-5,adjust,0.00041292315470835457,7.281124006196452e-07,0.00014004985057850707
507,7,1-5,adjust,-0.0,-0.0,0.0001080996980841559
507,8,1-5,adjust,-0.0,-0.0,0.0001094679873604279
507,9,1-5,adjust,-0.0006515531401630794,-1.7899777291679304e-05,1.8320366859857562e-06
508,2,1-7,adjust,0.0003801709044831887,-1.0445767034548621e-05,4.4638979640946985e-05
508,3,1-7,adjust,0.0004357630867289106,-5.193303581316242e-06,4.651411336408773e-05
508,4,1-7,adjust,-0.0,-0.0,1.817491826493665e-05
508,5,1-7,adjust,-0.0,-0.0,6.242229152795166e-05
508,6,1-7,adjust,-0.00041292315472694143,-7.281124005505844e-07,2.4838618361418153e-05
508,9,1-8,adjust,0.0006515531401611429,1.789977729164149e-05,4.8366596015672354e-05
509,2,1-4,adjust,-0.000380170904472501,1.0445767034695744e-05,1.8546166209665817e-05
509,3,1-5,adjust,-0.0004357630867382747,5.1933035813537185e-06,2.317995005779115e-05
509,6,1-5,adjust,0.00041292315470835457,7.281124006196452e-07,0.00014004985057850707
509,7,1-5,adjust,-0.0,-0.0,0.0001080996980841559
509,8,1-5,adjust,-0.0,-0.0,0.0001094679873604279
509,9,1-5,adjust,-0.0006515531401630794,-1.7899777291679304e-05,1.8320366859857562e-06
510,2,1-7,adjust,0.000380170904514136,-1.0445767036194484e-05,4.4638979641844366e-05
510,3,1-7,adjust,0.0004357630867289106,-5.193303581316242e-06,4.651411336408773e-05
510,4,1-7,adjust,-0.0,-0.0,1.817491826493665e-05
510,5,1-7,adjust,-0.0,-0.0,6.242229152795166e-05
510,6,1-7,adjust,-0.00041292315472694143,-7.281124005505844e-07,2.4838618361418153e-05
510,9,1-8,adjust,0.0006515531401611429,1.789977729164149e-05,4.8366596015672354e-05
511,2,1-4,adjust,-0.00038017090450068414,1.0445767035248018e-05,1.854616620902483e-05
511,3,1-5,adjust,-0.0004357630867382747,5.1933035813537185e-06,2.317995005779115e-05
511,6,1-5,adjust,0.00041292315470835457,7.281124006196452e-07,0.00014004985057850707
511,7,1-5,adjust,-0.0,-0.0,0.0001080996980841559
511,8,1-5,adjust,-0.0,-0.0,0.0001094679873604279
511,9,1-5,adjust,-0.0006515531401630794,-1.7899777291679304e-05,1.8320366859857562e-06
512,2,1-7,adjust,0.00038017090449938326,-1.0445767035853928e-05,4.463897964152387e-05
512,3,1-7,adjust,0.0004357630867289106,-5.193303581316242e-06,4.651411336408773e-05
512,4,1-7,adjust,-0.0,-0.0,1.817491826493665e-05
512,5,1-7,adjust,-0.0,-0.0,6.242229152795166e-05
512,6,1-7,adjust,-0.00041292315472694143,-7.281124005505844e-07,2.4838618361418153e-05
512,9,1-8,adjust,0.0006515531401611429,1.789977729164149e-05,4.8366596015672354e-05
513,2,1-4,adjust,-0.0003801709045072605,1.044576703524366e-05,1.8546166209281227e-05
513,3,1-5,adjust,-0.0004357630867382747,5.1933035813537185e-06,2.317995005779115e-05
513,6,1-5,adjust,0.00041292315470835457,7.281124006196452e-07,0.00014004985057850707
513,7,1-5,adjust,-0.0,-0.0,0.0001080996980841559
513,8,1-5,adjust,-0.0,-0.0,0.0001094679873604279
513,9,1-5,adjust,-0.0006515531401630794,-1.7899777291679304e-05,1.8320366859857562e-06
514,2,1-7,adjust,0.00038017090449938326,-1.0445767035853928e-05,4.463897964190847e-05
514,3,1-7,adjust,0.0004357630867289106,-5.193303581316242e-06,4.651411336408773e-05
514,4,1-7,adjust,-0.0,-0.0,1.817491826493665e-05
514,5,1-7,adjust,-0.0,-0.0,6.242229152795166e-05
514,6,1-7,adjust,-0.00041292315472694143,-7.281124005505844e-07,2.4838618361418153e-05
514,9,1-8,adjust,0.0006515531401611429,1.789977729164149e-05,4.8366596015672354e-05
515,2,1-4,adjust,-0.00038017090450350263,1.0445767035436471e-05,1.8546166209729917e-05
515,3,1-5,adjust,-0.0004357630867382747,5.1933035813537185e-06,2.317995005779115e-05
515,6,1-5,adjust,0.00041292315470835457,7.281124006196452e-07,0.00014004985057850707
515,7,1-5,adjust,-0.0,-0.0,0.0001080996980841559
515,8,1-5,adjust,-0.0,-0.0,0.0001094679873604279
515,9,1-5,adjust,-0.0006515531401630794,-1.7899777291679304e-05,1.8320366859857562e-06
516,2,1-7,adjust,0.0003801709045022618,-1.0445767035118876e-05,4.463897964190847e-05
516,3,1-7,adjust,0.0004357630867289106,-5.193303581316242e-06,4.651411336408773e-05
516,4,1-7,adjust,-0.0,-0.0,1.817491826493665e-05
516,5,1-7,adjust,-0.0,-0.0,6.242229152795166e-05
516,6,1-7,adjust,-0.00041292315472694143,-7.281124005505844e-07,2.4838618361418153e-05
516,9,1-8,adjust,0.0006515531401611429,1.789977729164149e-05,4.8366596015672354e-05
517,2,1-4,adjust,-0.00038017090449598705,1.0445767035378009e-05,1.8546166209409424e-05
517,3,1-5,adjust,-0.0004357630867382747,5.1933035813537185e-06,2.317995005779115e-05
517,6,1-5,adjust,0.00041292315470835457,7.281124006196452e-07,0.00014004985057850707
517,7,1-5,adjust,-0.0,-0.0,0.0001080996980841559
517,8,1-5,adjust,-0.0,-0.0,0.0001094679873604279
517,9,1-5,adjust,-0.0006515531401630794,-1.7899777291679304e-05,1.8320366859857562e-06
518,2,1-7,adjust,0.00038017090449398523,-1.0445767034678698e-05,4.4638979641395675e-05
518,3,1-7,adjust,0.0004357630867289106,-5.193303581316242e-06,4.651411336408773e-05
518,4,1-7,adjust,-0.0,-0.0,1.817491826493665e-05
518,5,1-7,adjust,-0.0,-0.0,6.242229152795166e-05
518,6,1-7,adjust,-0.00041292315472694143,-7.281124005505844e-07,2.4838618361418153e-05
518,9,1-8,adjust,0.0006515531401611429,1.789977729164149e-05,4.8366596015672354e-05
519,2,1-4,adjust,-0.00038017090449598705,1.0445767035378009e-05,1.8546166209409424e-05
519,3,1-5,adjust,-0.0004357630867382747,5.1933035813537185e-06,2.317995005779115e-05
519,6,1-5,adjust,0.00041292315470835457,7.281124006196452e-07,0.00014004985057850707
519,7,1-5,adjust,-0.0,-0.0,0.0001080996980841559
519,8,1-5,adjust,-0.0,-0.0,0.0001094679873604279
519,9,1-5,adjust,-0.0006515531401630794,-1.7899777291679304e-05,1.8320366859857562e-06
520,2,1-7,adjust,0.0003801709044831887,-1.0445767034548621e-05,4.463897964133158e-05
520,3,1-7,adjust,0.0004357630867289106,-5.193303581316242e-06,4.651411336408773e-05
520,4,1-7,adjust,-0.0,-0.0,1.817491826493665e-05
520,5,1-7,adjust,-0.0,-0.0,6.242229152795166e-05
520,6,1-7,adjust,-0.00041292315472694143,-7.281124005505844e-07,2.4838618361418153e-05
520,9,1-8,adjust,0.0006515531401611429,1.789977729164149e-05,4.8366596015672354e-05
521,2,1-4,adjust,-0.0003801709044875321,1.0445767035256734e-05,1.8546166208896633e-05
521,3,1-5,adjust,-0.0004357630867382747,5.1933035813537185e-06,2.317995005779115e-05
521,6,1-5,adjust,0.00041292315470835457,7.281124006196452e-07,0.00014004985057850707
521,7,1-5,adjust,-0.0,-0.0,0.0001080996980841559
521,8,1-5,adjust,-0.0,-0.0,0.0001094679873604279
521,9,1-5,adjust,-0.0006515531401630794,-1.7899777291679304e-05,1.8320366859857562e-06
522,2,1-7,adjust,0.0003801709044831887,-1.0445767034548621e-05,4.4638979640946985e-05
522,3,1-7,adjust,0.0004357630867289106,-5.193303581316242e-06,4.651411336408773e-05
522,4,1-7,adjust,-0.0,-0.0,1.817491826493665e-05
522,5,1-7,adjust,-0.0,-0.0,6.242229152795166e-05
522,6,1-7,adjust,-0.00041292315472694143,-7.281124005505844e-07,2.4838618361418153e-05
522,9,1-8,adjust,0.0006515531401611429,1.789977729164149e-05,4.8366596015672354e-05
523,2,1-4,adjust,-0.000380170904472501,1.0445767034695744e-05,1.8546166209665817e-05
523,3,1-5,adjust,-0.0004357630867382747,5.1933035813537185e-06,2.317995005779115e-05
523,6,1-5,adjust,0.00041292315470835457,7.281124006196452e-07,0.00014004985057850707
523,7,1-5,adjust,-0.0,-0.0,0.0001080996980841559
523,8,1-5,adjust,-0.0,-0.0,0.0001094679873604279
523,9,1-5,adjust,-0.0006515531401630794,-1.7899777291679304e-05,1.8320366859857562e-06
524,2,1-7,adjust,0.000380170904514136,-1.0445767036194484e-05,4.4638979641844366e-05
524,3,1-7,adjust,0.0004357630867289106,-5.193303581316242e-06,4.651411336408773e-05
524,4,1-7,adjust,-0.0,-0.0,1.817491826493665e-05
524,5,1-7,adjust,-0.0,-0.0,6.242229152795166e-05
524,6,1-7,adjust,-0.00041292315472694143,-7.281124005505844e-07,2.4838618361418153e-05
524,9,1-8,adjust,0.0006515531401611429,1.789977729164149e-05,4.8366596015672354e-05
525,2,1-4,adjust,-0.00038017090450068414,1.0445767035248018e-05,1.854616620902483e-05
525,3,1-5,adjust,-0.0004357630867382747,5.1933035813537185e-06,2.317995005779115e-05
525,6,1-5,adjust,0.00041292315470835457,7.281124006196452e-07,0.00014004985057850707
525,7,1-5,adjust,-0.0,-0.0,0.0001080996980841559
525,8,1-5,adjust,-0.0,-0.0,0.0001094679873604279
525,9,1-5,adjust,-0.0006515531401630794,-1.7899777291679304e-05,1.8320366859857562e-06
526,2,1-7,adjust,0.00038017090449938326,-1.0445767035853928e-05,4.463897964152387e-05
526,3,1-7,adjust,0.0004357630867289106,-5.193303581316242e-06,4.651411336408773e-05
526,4,1-7,adjust,-0.0,-0.0,1.817491826493665e-05
526,5,1-7,adjust,-0.0,-0.0,6.242229152795166e-05
526,6,1-7,adjust,-0.00041292315472694143,-7.281124005505844e-07,2.4838618361418153e-05
526,9,1-8,adjust,0.0006515531401611429,1.789977729164149e-05,4.8366596015672354e-05
527,2,1-4,adjust,-0.0003801709045072605,1.044576703524366e-05,1.8546166209281227e-05
527,3,1-5,adjust,-0.0004357630867382747,5.1933035813537185e-06,2.317995005779115e-05
527,6,1-5,adjust,0.00041292315470835457,7.281124006196452e-07,0.00014004985057850707
527,7,1-5,adjust,-0.0,-0.0,0.0001080996980841559
527,8,1-5,adjust,-0.0,-0.0,0.0001094679873604279
527,9,1-5,adjust,-0.0006515531401630794,-1.7899777291679304e-05,1.8320366859857562e-06
528,2,1-7,adjust,0.00038017090449938326,-1.0445767035853928e-05,4.463897964190847e-05
528,3,1-7,adjust,0.0004357630867289106,-5.193303581316242e-06,4.651411336408773e-05
528,4,1-7,adjust,-0.0,-0.0,1.817491826493665e-05
528,5,1-7,adjust,-0.0,-0.0,6.242229152795166e-05
528,6,1-7,adjust,-0.00041292315472694143,-7.281124005505844e-07,2.4838618361418153e-05
528,9,1-8,adjust,0.0006515531401611429,1.789977729164149e-05,4.8366596015672354e-05
529,2,1-4,adjust,-0.00038017090450350263,1.0445767035436471e-05,1.8546166209729917e-05
529,3,1-5,adjust,-0.0004357630867382747,5.1933035813537185e-06,2.317995005779115e-05
529,6,1-5,adjust,0.00041292315470835457,7.281124006196452e-07,0.00014004985057850707
529,7,1-5,adjust,-0.0,-0.0,0.0001080996980841559
529,8,1-5,adjust,-0.0,-0.0,0.0001094679873604279
529,9,1-5,adjust,-0.0006515531401630794,-1.7899777291679304e-05,1.8320366859857562e-06
530,2,1-7,adjust,0.0003801709045022618,-1.0445767035118876e-05,4.463897964190847e-05
530,3,1-7,adjust,0.0004357630867289106,-5.193303581316242e-06,4.651411336408773e-05
530,4,1-7,adjust,-0.0,-0.0,1.817491826493665e-05
530,5,1-7,adjust,-0.0,-0.0,6.242229152795166e-05
530,6,1-7,adjust,-0.00041292315472694143,-7.281124005505844e-07,2.4838618361418153e-05
530,9,1-8,adjust,0.0006515531401611429,1.789977729164149e-05,4.8366596015672354e-05
531,2,1-4,adjust,-0.00038017090449598705,1.0445767035378009e-05,1.8546166209409424e-05
531,3,1-5,adjust,-0.0004357630867382747,5.1933035813537185e-06,2.317995005779115e-05
531,6,1-5,adjust,0.00041292315470835457,7.281124006196452e-07,0.00014004985057850707
531,7,1-5,adjust,-0.0,-0.0,0.0001080996980841559
531,8,1-5,adjust,-0.0,-0.0,0.0001094679873604279
531,9,1-5,adjust,-0.0006515531401630794,-1.7899777291679304e-05,1.8320366859857562e-06
532,2,1-7,adjust,0.00038017090449398523,-1.0445767034678698e-05,4.4638979641395675e-05
532,3,1-7,adjust,0.0004357630867289106,-5.193303581316242e-06,4.651411336408773e-05
532,4,1-7,adjust,-0.0,-0.0,1.817491826493665e-05
532,5,1-7,adjust,-0.0,-0.0,6.242229152795166e-05
532,6,1-7,adjust,-0.00041292315472694143,-7.281124005505844e-07,2.4838618361418153e-05
532,9,1-8,adjust,0.0006515531401611429,1.789977729164149e-05,4.8366596015672354e-05
533,2,1-4,adjust,-0.00038017090449598705,1.0445767035378009e-05,1.8546166209409424e-05
533,3,1-5,adjust,-0.0004357630867382747,5.1933035813537185e-06,2.317995005779115e-05
533,6,1-5,adjust,0.00041292315470835457,7.281124006196452e-07,0.00014004985057850707
533,7,1-5,adjust,-0.0,-0.0,0.0001080996980841559
533,8,1-5,adjust,-0.0,-0.0,0.0001094679873604279
533,9,1-5,adjust,-0.0006515531401630794,-1.7899777291679304e-05,1.8320366859857562e-06
534,2,1-7,adjust,0.0003801709044831887,-1.0445767034548621e-05,4.463897964133158e-05
534,3,1-7,adjust,0.0004357630867289106,-5.193303581316242e-06,4.651411336408773e-05
534,4,1-7,adjust,-0.0,-0.0,1.817491826493665e-05
534,5,1-7,adjust,-0.0,-0.0,6.242229152795166e-05
534,6,1-7,adjust,-0.00041292315472694143,-7.281124005505844e-07,2.4838618361418153e-05
534,9,1-8,adjust,0.0006515531401611429,1.789977729164149e-05,4.8366596015672354e-05
535,2,1-4,adjust,-0.0003801709044875321,1.0445767035256734e-05,1.8546166208896633e-05
535,3,1-5,adjust,-0.0004357630867382747,5.1933035813537185e-06,2.317995005779115e-05
535,6,1-5,adjust,0.00041292315470835457,7.281124006196452e-07,0.00014004985057850707
535,7,1-5,adjust,-0.0,-0.0,0.0001080996980841559
535,8,1-5,adjust,-0.0,-0.0,0.0001094679873604279
535,9,1-5,adjust,-0.0006515531401630794,-1.7899777291679304e-05,1.8320366859857562e-06
536,2,1-7,adjust,0.0003801709044831887,-1.0445767034548621e-05,4.4638979640946985e-05
536,3,1-7,adjust,0.0004357630867289106,-5.193303581316242e-06,4.651411336408773e-05
536,4,1-7,adjust,-0.0,-0.0,1.817491826493665e-05
536,5,1-7,adjust,-0.0,-0.0,6.242229152795166e-05
536,6,1-7,adjust,-0.00041292315472694143,-7.281124005505844e-07,2.4838618361418153e-05
536,9,1-8,adjust,0.0006515531401611429,1.789977729164149e-05,4.8366596015672354e-05
537,2,1-4,adjust,-0.000380170904472501,1.0445767034695744e-05,1.8546166209665817e-05
537,3,1-5,adjust,-0.0004357630867382747,5.1933035813537185e-06,2.317995005779115e-05
537,6,1-5,adjust,0.00041292315470835457,7.281124006196452e-07,0.00014004985057850707
537,7,1-5,adjust,-0.0,-0.0,0.0001080996980841559
537,8,1-5,adjust,-0.0,-0.0,0.0001094679873604279
537,9,1-5,adjust,-0.0006515531401630794,-1.7899777291679304e-05,1.8320366859857562e-06
538,2,1-7,adjust,0.000380170904514136,-1.0445767036194484e-05,4.4638979641844366e-05
538,3,1-7,adjust,0.0004357630867289106,-5.193303581316242e-06,4.651411336408773e-05
538,4,1-7,adjust,-0.0,-0.0,1.817491826493665e-05
538,5,1-7,adjust,-0.0,-0.0,6.242229152795166e-05
538,6,1-7,adjust,-0.00041292315472694143,-7.281124005505844e-07,2.4838618361418153e-05
538,9,1-8,adjust,0.0006515531401611429,1.789977729164149e-05,4.8366596015672354e-05
539,2,1-4,adjust,-0.00038017090450068414,1.0445767035248018e-05,1.854616620902483e-05
539,3,1-5,adjust,-0.0004357630867382747,5.1933035813537185e-06,2.317995005779115e-05
539,6,1-5,adjust,0.00041292315470835457,7.281124006196452e-07,0.00014004985057850707
539,7,1-5,adjust,-0.0,-0.0,0.0001080996980841559
539,8,1-5,adjust,-0.0,-0.0,0.0001094679873604279
539,9,1-5,adjust,-0.0006515531401630794,-1.7899777291679304e-05,1.8320366859857562e-06
540,2,1-7,adjust,0.00038017090449938326,-1.0445767035853928e-05,4.463897964152387e-05
540,3,1-7,adjust,0.0004357630867289106,-5.193303581316242e-06,4.651411336408773e-05
540,4,1-7,adjust,-0.0,-0.0,1.817491826493665e-05
540,5,1-7,adjust,-0.0,-0.0,6.242229152795166e-05
540,6,1-7,adjust,-0.00041292315472694143,-7.281124005505844e-07,2.4838618361418153e-05
540,9,1-8,adjust,0.0006515531401611429,1.789977729164149e-05,4.8366596015672354e-05
541,2,1-4,adjust,-0.0003801709045072605,1.044576703524366e-05,1.8546166209281227e-05
541,3,1-5,adjust,-0.0004357630867382747,5.1933035813537185e-06,2.317995005779115e-05
541,6,1-5,adjust,0.00041292315470835457,7.281124006196452e-07,0.00014004985057850707
541,7,1-5,adjust,-0.0,-0.0,0.0001080996980841559
541,8,1-5,adjust,-0.0,-0.0,0.0001094679873604279
541,9,1-5,adjust,-0.0006515531401630794,-1.7899777291679304e-05,1.8320366859857562e-06
542,2,1-7,adjust,0.00038017090449938326,-1.0445767035853928e-05,4.463897964190847e-05
542,3,1-7,adjust,0.0004357630867289106,-5.193303581316242e-06,4.651411336408773e-05
542,4,1-7,adjust,-0.0,-0.0,1.817491826493665e-05
542,5,1-7,adjust,-0.0,-0.0,6.242229152795166e-05
542,6,1-7,adjust,-0.00041292315472694143,-7.281124005505844e-07,2.4838618361418153e-05
542,9,1-8,adjust,0.0006515531401611429,1.789977729164149e-05,4.8366596015672354e-05
543,2,1-4,adjust,-0.00038017090450350263,1.0445767035436471e-05,1.8546166209729917e-05
543,3,1-5,adjust,-0.0004357630867382747,5.1933035813537185e-06,2.317995005779115e-05
543,6,1-5,adjust,0.00041292315470835457,7.281124006196452e-07,0.00014004985057850707
543,7,1-5,adjust,-0.0,-0.0,0.0001080996980841559
543,8,1-5,adjust,-0.0,-0.0,0.0001094679873604279
543,9,1-5,adjust,-0.0006515531401630794,-1.7899777291679304e-05,1.8320366859857562e-06
544,2,1-7,adjust,0.0003801709045022618,-1.0445767035118876e-05,4.463897964190847e-05
544,3,1-7,adjust,0.0004357630867289106,-5.193303581316242e-06,4.651411336408773e-05
544,4,1-7,adjust,-0.0,-0.0,1.817491826493665e-05
544,5,1-7,adjust,-0.0,-0.0,6.242229152795166e-05
544,6,1-7,adjust,-0.00041292315472694143,-7.281124005505844e-07,2.4838618361418153e-05
544,9,1-8,adjust,0.0006515531401611429,1.789977729164149e-05,4.8366596015672354e-05
545,2,1-4,adjust,-0.00038017090449598705,1.0445767035378009e-05,1.8546166209409424e-05
545,3,1-5,adjust,-0.0004357630867382747,5.1933035813537185e-06,2.317995005779115e-05
545,6,1-5,adjust,0.00041292315470835457,7.281124006196452e-07,0.00014004985057850707
545,7,1-5,adjust,-0.0,-0.0,0.0001080996980841559
545,8,1-5,adjust,-0.0,-0.0,0.0001094679873604279
545,9,1-5,adjust,-0.0006515531401630794,-1.7899777291679304e-05,1.8320366859857562e-06
546,2,1-7,adjust,0.00038017090449398523,-1.0445767034678698e-05,4.4638979641395675e-05
546,3,1-7,adjust,0.0004357630867289106,-5.193303581316242e-06,4.651411336408773e-05
546,4,1-7,adjust,-0.0,-0.0,1.817491826493665e-05
546,5,1-7,adjust,-0.0,-0.0,6.242229152795166e-05
546,6,1-7,adjust,-0.00041292315472694143,-7.281124005505844e-07,2.4838618361418153e-05
546,9,1-8,adjust,0.0006515531401611429,1.789977729164149e-05,4.8366596015672354e-05
547,2,1-4,adjust,-0.00038017090449598705,1.0445767035378009e-05,1.8546166209409424e-05
547,3,1-5,adjust,-0.0004357630867382747,5.1933035813537185e-06,2.317995005779115e-05
547,6,1-5,adjust,0.00041292315470835457,7.281124006196452e-07,0.00014004985057850707
547,7,1-5,adjust,-0.0,-0.0,0.0001080996980841559
547,8,1-5,adjust,-0.0,-0.0,0.0001094679873604279
547,9,1-5,adjust,-0.0006515531401630794,-1.7899777291679304e-05,1.8320366859857562e-06
548,2,1-7,adjust,0.0003801709044831887,-1.0445767034548621e-05,4.463897964133158e-05
548,3,1-7,adjust,0.0004357630867289106,-5.193303581316242e-06,4.651411336408773e-05
548,4,1-7,adjust,-0.0,-0.0,1.817491826493665e-05
548,5,1-7,adjust,-0.0,-0.0,6.242229152795166e-05
548,6,1-7,adjust,-0.00041292315472694143,-7.281124005505844e-07,2.4838618361418153e-05
548,9,1-8,adjust,0.0006515531401611429,1.789977729164149e-05,4.8366596015672354e-05
549,2,1-4,adjust,-0.0003801709044875321,1.0445767035256734e-05,1.8546166208896633e-05
549,3,1-5,adjust,-0.0004357630867382747,5.1933035813537185e-06,2.317995005779115e-05
549,6,1-5,adjust,0.00041292315470835457,7.281124006196452e-07,0.00014004985057850707
549,7,1-5,adjust,-0.0,-0.0,0.0001080996980841559
549,8,1-5,adjust,-0.0,-0.0,0.0001094679873604279
549,9,1-5,adjust,-0.0006515531401630794,-1.7899777291679304e-05,1.8320366859857562e-06
550,2,1-7,adjust,0.0003801709044831887,-1.0445767034548621e-05,4.4638979640946985e-05
550,3,1-7,adjust,0.0004357630867289106,-5.193303581316242e-06,4.651411336408773e-05
550,4,1-7,adjust,-0.0,-0.0,1.817491826493665e-05
550,5,1-7,adjust,-0.0,-0.0,6.242229152795166e-05
550,6,1-7,adjust,-0.00041292315472694143,-7.281124005505844e-07,2.4838618361418153e-05
550,9,1-8,adjust,0.0006515531401611429,1.789977729164149e-05,4.8366596015672354e-05
551,2,1-4,adjust,-0.000380170904472501,1.0445767034695744e-05,1.8546166209665817e-05
551,3,1-5,adjust,-0.0004357630867382747,5.1933035813537185e-06,2.317995005779115e-05
551,6,1-5,adjust,0.00041292315470835457,7.281124006196452e-07,0.00014004985057850707
551,7,1-5,adjust,-0.0,-0.0,0.0001080996980841559
551,8,1-5,adjust,-0.0,-0.0,0.0001094679873604279
551,9,1-5,adjust,-0.0006515531401630794,-1.7899777291679304e-05,1.8320366859857562e-06
552,2,1-7,adjust,0.000380170904514136,-1.0445767036194484e-05,4.4638979641844366e-05
552,3,1-7,adjust,0.0004357630867289106,-5.193303581316242e-06,4.651411336408773e-05
552,4,1-7,adjust,-0.0,-0.0,1.817491826493665e-05
552,5,1-7,adjust,-0.0,-0.0,6.242229152795166e-05
552,6,1-7,adjust,-0.00041292315472694143,-7.281124005505844e-07,2.4838618361418153e-05
552,9,1-8,adjust,0.0006515531401611429,1.789977729164149e-05,4.8366596015672354e-05
553,2,1-4,adjust,-0.00038017090450068414,1.0445767035248018e-05,1.854616620902483e-05
553,3,1-5,adjust,-0.0004357630867382747,5.1933035813537185e-06,2.317995005779115e-05
553,6,1-5,adjust,0.00041292315470835457,7.281124006196452e-07,0.00014004985057850707
553,7,1-5,adjust,-0.0,-0.0,0.0001080996980841559
553,8,1-5,adjust,-0.0,-0.0,0.0001094679873604279
553,9,1-5,adjust,-0.0006515531401630794,-1.7899777291679304e-05,1.8320366859857562e-06
554,2,1-7,adjust,0.00038017090449938326,-1.0445767035853928e-05,4.463897964152387e-05
554,3,1-7,adjust,0.0004357630867289106,-5.193303581316242e-06,4.651411336408773e-05
554,4,1-7,adjust,-0.0,-0.0,1.817491826493665e-05
554,5,1-7,adjust,-0.0,-0.0,6.242229152795166e-05
554,6,1-7,adjust,-0.00041292315472694143,-7.281124005505844e-07,2.4838618361418153e-05
554,9,1-8,adjust,0.0006515531401611429,1.789977729164149e-05,4.8366596015672354e-05
555,2,1-4,adjust,-0.0003801709045072605,1.044576703524366e-05,1.8546166209281227e-05
555,3,1-5,adjust,-0.0004357630867382747,5.1933035813537185e-06,2.317995005779115e-05
555,6,1-5,adjust,0.00041292315470835457,7.281124006196452e-07,0.00014004985057850707
555,7,1-5,adjust,-0.0,-0.0,0.0001080996980841559
555,8,1-5,adjust,-0.0,-0.0,0.0001094679873604279
555,9,1-5,adjust,-0.0006515531401630794,-1.7899777291679304e-05,1.8320366859857562e-06
556,2,1-7,adjust,0.00038017090449938326,-1.0445767035853928e-05,4.463897964190847e-05
556,3,1-7,adjust,0.0004357630867289106,-5.193303581316242e-06,4.651411336408773e-05
556,4,1-7,adjust,-0.0,-0.0,1.817491826493665e-05
556,5,1-7,adjust,-0.0,-0.0,6.242229152795166e-05
556,6,1-7,adjust,-0.00041292315472694143,-7.281124005505844e-07,2.4838618361418153e-05
556,9,1-8,adjust,0.0006515531401611429,1.789977729164149e-05,4.8366596015672354e-05
557,2,1-4,adjust,-0.00038017090450350263,1.0445767035436471e-05,1.8546166209729917e-05
557,3,1-5,adjust,-0.0004357630867382747,5.1933035813537185e-06,2.317995005779115e-05
557,6,1-5,adjust,0.00041292315470835457,7.281124006196452e-07,0.00014004985057850707
557,7,1-5,adjust,-0.0,-0.0,0.0001080996980841559
557,8,1-5,adjust,-0.0,-0.0,0.0001094679873604279
557,9,1-5,adjust,-0.0006515531401630794,-1.7899777291679304e-05,1.8320366859857562e-06
558,2,1-7,adjust,0.0003801709045022618,-1.0445767035118876e-05,4.463897964190847e-05
558,3,1-7,adjust,0.0004357630867289106,-5.193303581316242e-06,4.651411336408773e-05
558,4,1-7,adjust,-0.0,-0.0,1.817491826493665e-05
558,5,1-7,adjust,-0.0,-0.0,6.242229152795166e-05
558,6,1-7,adjust,-0.00041292315472694143,-7.281124005505844e-07,2.4838618361418153e-05
558,9,1-8,adjust,0.0006515531401611429,1.789977729164149e-05,4.8366596015672354e-05
559,2,1-4,adjust,-0.00038017090449598705,1.0445767035378009e-05,1.8546166209409424e-05
559,3,1-5,adjust,-0.0004357630867382747,5.1933035813537185e-06,2.317995005779115e-05
559,6,1-5,adjust,0.00041292315470835457,7.281124006196452e-07,0.00014004985057850707
559,7,1-5,adjust,-0.0,-0.0,0.0001080996980841559
559,8,1-5,adjust,-0.0,-0.0,0.0001094679873604279
559,9,1-5,adjust,-0.0006515531401630794,-1.7899777291679304e-05,1.8320366859857562e-06
560,2,1-7,adjust,0.00038017090449398523,-1.0445767034678698e-05,4.4638979641395675e-05
560,3,1-7,adjust,0.0004357630867289106,-5.193303581316242e-06,4.651411336408773e-05
560,4,1-7,adjust,-0.0,-0.0,1.817491826493665e-05
560,5,1-7,adjust,-0.0,-0.0,6.242229152795166e-05
560,6,1-7,adjust,-0.00041292315472694143,-7.281124005505844e-07,2.4838618361418153e-05
560,9,1-8,adjust,0.0006515531401611429,1.789977729164149e-05,4.8366596015672354e-05
