slot,receiver_id,selected_pair,status,radial_command_m,angular_command_rad,consistency_rad
1,2,1-4,adjust,-1.0042619020910122,-0.03490658503988659,0.024462283855634693
1,3,1-4,adjust,5.0,-0.029367571447411818,0.011312302625804281
1,6,1-5,adjust,5.0,0.0068270985676241866,0.006286698378772171
1,7,1-5,adjust,2.9322089056803615,0.015990562252053156,0.01311978145097749
1,8,1-5,adjust,4.674306740737779,0.015692030579278874,0.016025094755750705
1,9,1-5,adjust,-4.790280185092126,0.005546695359531343,0.020269335830612564
2,2,1-7,adjust,-2.0392476520479588,0.02682497531521233,0.015952828586912028
2,3,1-7,adjust,0.20143996817862622,0.01689743348158844,0.00011298253175363022
2,4,1-7,adjust,-4.317402159275868,-0.00037821672784519797,0.013439079380382732
2,5,1-7,adjust,-3.973687751187907,0.0014163844173466567,0.02827340012037448
2,6,1-7,adjust,0.9363567705494377,-0.0012106957190075808,0.051134213397941206
2,9,1-8,adjust,-3.0306940777197138,-0.02035859282269923,0.07518656931738514
3,2,1-4,adjust,-0.09329229010154273,-0.014288685119955792,0.008130176026528858
3,3,1-4,adjust,1.8591362430745226,-0.012419451656471521,0.003149625494926797
3,6,1-5,adjust,1.749800530914749,0.0016583964593504662,0.010297282032356452
3,7,1-5,adjust,0.381100543445242,0.0018924438044096547,0.010418079015091536
3,8,1-5,adjust,1.8183476295048944,0.002108769981484457,0.010053201276021963
3,9,1-5,adjust,-0.9177072124892629,0.010366225742158735,0.010141628141514918
4,2,1-7,adjust,-1.05179556966332,0.021920828399139253,0.006023186379256941
4,3,1-7,adjust,-0.8728620904047235,0.015203685194026895,0.003965190880925945
4,4,1-7,adjust,-2.1649122681805215,-0.0001539577421759644,0.012649841290472946
4,5,1-7,adjust,-1.9371600927935135,0.0006060123603240504,0.022217728920289222
4,6,1-7,adjust,-0.19607368160661806,-0.0010811166747513785,0.0369491463779924
4,9,1-8,adjust,-0.5415471856256534,0.0028317465773379687,0.042239508932572056
5,2,1-4,adjust,0.17131398126849037,-0.009346405782252553,0.0003098214560367263
5,3,1-4,adjust,0.7127431331873435,-0.006198387808192342,0.0054168587261524
5,6,1-5,adjust,0.18176582004167485,-5.069975469393169e-05,0.012082176525281344
5,7,1-5,adjust,-0.4024703906073116,-0.0024728222675157617,0.008938241904705439
5,8,1-5,adjust,0.6398075273601791,-0.0020989082288533226,0.006773284640100834
5,9,1-5,adjust,-0.23778009534096128,0.0023268323826473643,0.005020220976106675
6,2,1-7,adjust,-0.572223653058041,0.013804766476806164,0.0018485483940222547
6,3,1-7,adjust,-0.7230111048437186,0.009796861665835174,0.004521499599079764
6,4,1-7,adjust,-1.080995530000706,-8.517425905697153e-05,0.010062770896965776
6,5,1-7,adjust,-1.074220664041325,0.00047901859460186736,0.01626672158613843
6,6,1-7,adjust,-0.3487789413930969,-0.0008040978178162299,0.025822998576618666
6,9,1-8,adjust,-0.001697795291872422,0.004362953833776008,0.025687246923975587
7,2,1-4,adjust,0.21159372958191436,-0.007212730610021823,0.00385837788533516
7,3,1-4,adjust,0.36169279585612213,-0.0037813093824883887,0.00916415252881426
7,6,1-5,adjust,-0.21521937383942288,-0.00047532035321782006,0.011756131132710186
7,7,1-5,adjust,-0.5405247691759018,-0.0032092806938700163,0.007558942785060913
7,8,1-5,adjust,0.17017985570435948,-0.002842514658831548,0.00479900271049871
7,9,1-5,adjust,-0.14244983321622093,-0.0016933520183741951,0.0024181255055700716
8,2,1-7,adjust,-0.3206777408997497,0.008207078220746325,0.0002457016609765759
8,3,1-7,adjust,-0.4555750386407722,0.005708317216505213,0.003906555533866459
8,4,1-7,adjust,-0.5351478654454409,-7.329861113386543e-05,0.007485959167842147
8,5,1-7,adjust,-0.6606389588488015,0.0004526925539652859,0.011557607524043782
8,6,1-7,adjust,-0.2950598339595224,-0.0005689464879219606,0.0178197806736508
8,9,1-8,adjust,0.08753965073107842,0.0034904403119433015,0.016114028182286966
9,2,1-4,adjust,0.18549108183919427,-0.005548680531873771,0.004765774946678637
9,3,1-4,adjust,0.22743456992992775,-0.002595018900658304,0.00960818996880069
9,6,1-5,adjust,-0.26207727981236956,-0.0004868751651540043,0.010269318983309303
9,7,1-5,adjust,-0.4780357205514059,-0.00281456472684121,0.006168857733881465
9,8,1-5,adjust,-0.004531069909688087,-0.002501744139922895,0.003495919282947719
9,9,1-5,adjust,-0.12648350505243117,-0.0029121026829058805,0.001146044965950204
10,2,1-7,adjust,-0.18549152493779264,0.004889791580273722,0.0002951740504331168
10,3,1-7,adjust,-0.26688644162419545,0.0032422072980233967,0.0030608043704388292
10,4,1-7,adjust,-0.26279414444066757,-6.421676992446392e-05,0.0054119963494500024
10,5,1-7,adjust,-0.43648710467643664,0.0004116831716945129,0.008125945832936727
10,6,1-7,adjust,-0.21924334664035494,-0.0003992171614592304,0.012287708104338596
10,9,1-8,adjust,0.08292151863671805,0.0025474431284532094,0.01037623611001483
11,2,1-4,adjust,0.14596418096921016,-0.004162023766847383,0.0044622583109987825
11,3,1-4,adjust,0.1575015592698036,-0.0018545808015844852,0.008508112925049537
11,6,1-5,adjust,-0.22065542421093265,-0.0003955604649450395,0.008396032983546063
11,7,1-5,adjust,-0.37399302738353174,-0.0021924450650129303,0.004871458209325157
11,8,1-5,adjust,-0.05930852569079924,-0.001938731237198839,0.0025782873307707505
11,9,1-5,adjust,-0.11019261239134374,-0.002883736354324546,0.0005448978984466085
12,2,1-7,adjust,-0.11145144296712726,0.0029889424797098344,0.00042234745926612025
12,3,1-7,adjust,-0.15480876541349456,0.0018568987667318584,0.0023024917872658556
12,4,1-7,adjust,-0.12815709664590622,-5.0832449071104315e-05,0.0038713416895041716
12,5,1-7,adjust,-0.3008637669385172,0.0003507962598042026,0.0057101414193284844
12,6,1-7,adjust,-0.15770504477235217,-0.00028143483122524245,0.008518979686198734
12,9,1-8,adjust,0.06404203657163664,0.0018269887783650793,0.006844971102046233
13,2,1-4,adjust,0.10967385171602306,-0.0030646680414672793,0.0037265859102037905
13,3,1-4,adjust,0.11244497878504792,-0.0013367981327735345,0.006924195818626902
13,6,1-5,adjust,-0.16777430655895295,-0.00029759256176793545,0.006582977796939075
13,7,1-5,adjust,-0.2783443519455811,-0.0016267203190480394,0.0037519608938484886
13,8,1-5,adjust,-0.06759027612128515,-0.0014259538628841118,0.001910452697296956
13,9,1-5,adjust,-0.08978002924847708,-0.0024301280636935853,0.00026851018255859976
14,2,1-7,adjust,-0.06975791013250617,0.0018904853069137508,0.00040300937158400355
14,3,1-7,adjust,-0.09141943246987895,0.0010911529697444906,0.0017057731103432246
14,4,1-7,adjust,-0.06211543547865455,-3.677095939028072e-05,0.0027656536985576734
14,5,1-7,adjust,-0.21199117231776596,0.000283655799355708,0.004030988643412859
14,6,1-7,adjust,-0.11269164341044113,-0.00019964956803778354,0.00595463564127085
14,9,1-8,adjust,0.0470695660128573,0.0013101683529286889,0.004610831185752391
15,2,1-4,adjust,0.0806646250940688,-0.0022335537070662355,0.002930087415421291
15,3,1-4,adjust,0.08084199411860923,-0.0009634406646734031,0.005368120782495982
15,6,1-5,adjust,-0.12284515961984362,-0.00021712577666034422,0.005025572909377812
15,7,1-5,adjust,-0.20254974299413755,-0.001180857767832279,0.0028403802897747476
15,8,1-5,adjust,-0.059750601514841156,-0.0010246809012283082,0.0014188033709847396
15,9,1-5,adjust,-0.0697279232168162,-0.001906710380350538,0.0001446660026101205
16,2,1-7,adjust,-0.04541312189236431,0.0012384322312250103,0.00034287262508043656
16,3,1-7,adjust,-0.055677306788577345,0.0006634484504994264,0.0012616588467078533
16,4,1-7,adjust,-0.029932128039634985,-2.48980375582773e-05,0.001983525370485866
16,5,1-7,adjust,-0.15091098457020877,0.00022090427513796928,0.0028664510106876694
16,6,1-7,adjust,-0.08051028526567704,-0.00014225697608630876,0.004200765158772282
16,9,1-8,adjust,0.034178978428123376,0.000943228920042936,0.0031586176747856617
17,2,1-4,adjust,0.058779843135764745,-0.0016206946589352538,0.0022234813055687476
17,3,1-4,adjust,0.05817227976378701,-0.0006935473013403934,0.00403793496594728
17,6,1-5,adjust,-0.0885929471208695,-0.00015638709400079423,0.0037734204937852297
17,7,1-5,adjust,-0.14586348263844115,-0.0008486623622297823,0.0021274375511143567
17,8,1-5,adjust,-0.04794403298174439,-0.0007289161768781854,0.0010566099946487625
17,9,1-5,adjust,-0.05259419572624726,-0.001442938528188434,9.075965640126298e-05
18,2,1-7,adjust,-0.030621178462451853,0.0008380150020017066,0.0002807923827732376
18,3,1-7,adjust,-0.0351320618960573,0.00041847265293223657,0.0009397295808441435
18,4,1-7,adjust,-0.014339762181844821,-1.60729812687572e-05,0.0014330126505627417
18,5,1-7,adjust,-0.10788746472621864,0.00016758111322488653,0.002056752434507283
18,6,1-7,adjust,-0.057558164781587956,-0.00010160045256743027,0.0029921933748386404
18,9,1-8,adjust,0.024799528932065953,0.000682298127343935,0.002191677183027297
19,2,1-4,adjust,0.04271728502899188,-0.0011754978226320009,0.001650151213813658
19,3,1-4,adjust,0.04186807436502969,-0.0004991231181585011,0.0029775421836554963
19,6,1-5,adjust,-0.06349874115261585,-0.00011203613397716776,0.0028063788573499822
19,7,1-5,adjust,-0.10453664073527316,-0.0006072027974101985,0.0015851029612087403
19,8,1-5,adjust,-0.03668056861245698,-0.0005165583391906033,0.0007907458535849564
19,9,1-5,adjust,-0.03901249758206818,-0.0010714795273976895,6.816982790269698e-05
20,2,1-7,adjust,-0.021283309825102386,0.000583576847668111,0.0002287850167742313
20,3,1-7,adjust,-0.022955468068624686,0.0002734397404499293,0.0007093174859663334
20,4,1-7,adjust,-0.006827416066961164,-1.0017984198684211e-05,0.0010457089868857537
20,5,1-7,adjust,-0.07724021727363338,0.00012483759535284616,0.0014913406496648305
20,6,1-7,adjust,-0.04116218674543329,-7.262996556322075e-05,0.002152989113823899
20,9,1-8,adjust,0.01805562265096144,0.0004962118585057729,0.0015349844425881127
21,2,1-4,adjust,0.031087507441414183,-0.0008546998530011383,0.0012069179644493345
21,3,1-4,adjust,0.03016306727364328,-0.00035953709728628894,0.002165344555866543
21,6,1-5,adjust,-0.0454059302131134,-8.009775645876035e-05,0.0020784625417766558
21,7,1-5,adjust,-0.07475788878666355,-0.0004336436432878502,0.0011803530326115774
21,8,1-5,adjust,-0.027333390638976777,-0.00036579234265381655,0.0005965117357568327
21,9,1-5,adjust,-0.02868951536705256,-0.0007882252033823479,5.922217570306608e-05
22,2,1-7,adjust,-0.015189827567150998,0.00041690581531415296,0.0001887120155941132
22,3,1-7,adjust,-0.015482380783375884,0.00018444221921110705,0.0005453625748849458
22,4,1-7,adjust,-0.003228419347037294,-6.0809524664807505e-06,0.0007728206385940558
22,5,1-7,adjust,-0.055311017801549615,9.18305169326593e-05,0.0010947110992311293
22,6,1-7,adjust,-0.02943312402694154,-5.192543211651384e-05,0.0015663031640484484
22,9,1-8,adjust,0.013222594331209278,0.000363246096685015,0.0010821217483955922
23,2,1-4,adjust,0.02272437926832187,-0.0006245208485625287,0.0008739408898169954
23,3,1-4,adjust,0.021776378124307348,-0.00025954609196261985,0.001558285067812963
23,6,1-5,adjust,-0.032446029381167606,-5.7230916473615686e-05,0.0015397041959441453
23,7,1-5,adjust,-0.05341460041833515,-0.0003095011372701323,0.0008822417815091002
23,8,1-5,adjust,-0.02005381992040517,-0.0002591931362818384,0.0004552495148314259
23,9,1-5,adjust,-0.021032470303418767,-0.000577902934611363,5.6003798364044774e-05
24,2,1-7,adjust,-0.011106443741514494,0.00030497996546245324,0.00015906422105746267
24,3,1-7,adjust,-0.010736267710908217,0.0001279131644163922,0.00042895788231946927
24,4,1-7,adjust,-0.0015146154719459439,-3.6165899511967686e-06,0.0005801274747392351
24,5,1-7,adjust,-0.03959842325980027,6.696135249732716e-05,0.0008153319763503043
24,6,1-7,adjust,-0.021037448612122058,-3.7110890393995956e-05,0.0011538653161104373
24,9,1-8,adjust,0.009762334530120733,0.00026815036370085403,0.0007662827530320773
25,2,1-4,adjust,0.0167306575713977,-0.000459722142884825,0.0006282112271023373
25,3,1-4,adjust,0.01577524737594903,-0.00018801089349048457,0.0011115494113076252
25,6,1-5,adjust,-0.02318645276228557,-4.089626146091844e-05,0.0011454152287828855
25,7,1-5,adjust,-0.03815314624331001,-0.00022088017521871545,0.0006646709575179539
25,8,1-5,adjust,-0.014573280259051061,-0.000183873490292316,0.0003529094660652149
25,9,1-5,adjust,-0.015434821294738561,-0.0004240997487461171,5.5064117410429225e-05
26,2,1-7,adjust,-0.008314619380220158,0.0002283709633389262,0.00013758804952749152
26,3,1-7,adjust,-0.007629332460001142,9.090203472946165e-05,0.00034634677568892166
26,4,1-7,adjust,-0.0007039859389432663,-2.1166995504442305e-06,0.0004437560548755317
26,5,1-7,adjust,-0.028339348248096925,4.8530580021885764e-05,0.0006178636091415442
26,6,1-7,adjust,-0.01502746483262817,-2.6507867568386657e-05,0.0008626591183939769
26,9,1-8,adjust,0.007285923767635909,0.00020011997214241132,0.0005442358609623569
27,2,1-4,adjust,0.012442133850411803,-0.0003418610288569685,0.0004489197961042275
27,3,1-4,adjust,0.011484366306925278,-0.00013686832215695696,0.0007860949044332784
27,6,1-5,adjust,-0.016576326911055733,-2.923654644509267e-05,0.0008590409432037475
27,7,1-5,adjust,-0.027250809670235732,-0.00015765614290880864,0.0005068863041287594
27,8,1-5,adjust,-0.010527231189212134,-0.00013060859621618416,0.00027899974979165177
27,9,1-5,adjust,-0.01137858139326958,-0.0003126411351790336,5.495080674131908e-05
28,2,1-7,adjust,-0.0063779612506081745,0.00017519831080019791,0.00012220206417754803
28,3,1-7,adjust,-0.005544365771763986,6.606228950344927e-05,0.0002876907860118173
28,4,1-7,adjust,-0.0003235036095647669,-1.2231056916651053e-06,0.00034704781633829087
28,5,1-7,adjust,-0.020274651929584636,3.502386890650123e-05,0.0004779068927707625
28,6,1-7,adjust,-0.010726152046636139,-1.892001732257601e-05,0.0006563704917440725
28,9,1-8,adjust,0.00551412971394999,0.0001514534936472909,0.0003872605798912894
29,2,1-4,adjust,0.009376078087002821,-0.00025761267264984327,0.00031906391162342407
29,3,1-4,adjust,0.00841752721250926,-0.00010031720346938988,0.0005505599482624646
29,6,1-5,adjust,-0.01185828640947693,-2.091473277320741e-05,0.0006521163384848233
29,7,1-5,adjust,-0.01946486870905731,-0.00011255216364850209,0.0003929641376165899
29,8,1-5,adjust,-0.0075754959247875476,-9.288516983194219e-05,0.00022575438646500062
29,9,1-5,adjust,-0.008455130633595242,-0.0002323101483866427,5.508394842752805e-05
30,2,1-7,adjust,-0.00502082715933088,0.0001379267407473437,0.00011123965100362848
30,3,1-7,adjust,-0.004118201897539061,4.907023829639001e-05,0.00024600840963867794
30,4,1-7,adjust,-0.00014653761326556558,-6.995261643093122e-07,0.00027834866110884403
30,5,1-7,adjust,-0.014500850828145676,2.5201607339414862e-05,0.00037850060095940484
30,6,1-7,adjust,-0.007648613613855707,-1.3491276449767087e-05,0.0005098786248031465
30,9,1-8,adjust,0.004246779752807263,0.00011664465573071349,0.0002758696478261341
31,2,1-4,adjust,0.007184787867374678,-0.0001974051455169885,0.00022546332276320765
31,3,1-4,adjust,0.006225943797586448,-7.41982736259872e-05,0.00038084369200020785
31,6,1-5,adjust,-0.008490359677148857,-1.4974467505845359e-05,0.0005031241591341725
31,7,1-5,adjust,-0.013904656698954396,-8.036854154641976e-05,0.00031096444621446544
31,8,1-5,adjust,-0.005438014261989561,-6.612622491688228e-05,0.0001874695269996415
31,9,1-5,adjust,-0.0063551207060387515,-0.0001746072470863123,5.525162336925262e-05
32,2,1-7,adjust,-0.00406319360939231,0.00011162336273314986,0.00010344766362023776
32,3,1-7,adjust,-0.0031288567139736555,3.728226551215101e-05,0.00021636011899611477
32,4,1-7,adjust,-6.513579937591032e-05,-3.9678481924443104e-07,0.00022947805180705564
32,5,1-7,adjust,-0.010369020004790529,1.8096568465066287e-05,0.0003077816620285878
32,6,1-7,adjust,-0.005447285170899317,-9.608283343099754e-06,0.0004056636810064738
32,9,1-8,adjust,0.003340447739649734,9.175199515867438e-05,0.0001966273251564155
33,2,1-4,adjust,0.0056189107746270886,-0.00015438222194663457,0.00015820663733988574
33,3,1-4,adjust,0.004659930008153714,-5.553499530441998e-05,0.00025890599637556146
33,6,1-5,adjust,-0.006085735921026598,-1.073333497275652e-05,0.00039610214235195776
33,7,1-5,adjust,-0.009933591547237696,-5.739803316823844e-05,0.00025206910362070506
33,8,1-5,adjust,-0.003897442852554013,-4.711686377406707e-05,0.00015998233588021367
33,9,1-5,adjust,-0.004849714781401293,-0.0001332436200763692,5.538941357361978e-05
34,2,1-7,adjust,-0.003384319619903007,9.297553711621537e-05,9.791294363806455e-05
34,3,1-7,adjust,-0.0024356519667852387,2.902264809546957e-05,0.00019525271537889225
34,4,1-7,adjust,-2.8208986128626783e-05,-2.2359044710165662e-07,0.0001946742859973501
34,5,1-7,adjust,-0.007413279094902514,1.2975936106708464e-05,0.0002574103424303682
34,6,1-7,adjust,-0.0038730689834523937,-6.8315323844454016e-06,0.00033142840652195416
34,9,1-8,adjust,0.0026924072164001595,7.395352518968215e-05,0.00014016201935032526
35,2,1-4,adjust,0.004499999539182579,-0.00012363981118368848,0.000109977679332638
35,3,1-4,adjust,0.0035409374250128163,-4.219922903578731e-05,0.000171462891251139
35,6,1-5,adjust,-0.004368553726594132,-7.704711209942611e-06,0.00031935329955122744
35,7,1-5,adjust,-0.007097167491397573,-4.099897424643348e-05,0.00020983180301155358
35,8,1-5,adjust,-0.0027904396420711675,-3.3595497217188035e-05,0.00014026977059383667
35,9,1-5,adjust,-0.003771920717710991,-0.00010363000741642633,5.5487188630680024e-05
36,2,1-7,adjust,-0.0029015887803424197,7.97151422205418e-05,9.39807166694903e-05
36,3,1-7,adjust,-0.0019465850069466627,2.3195315325775366e-05,0.00018021395128653482
36,4,1-7,adjust,-1.1758123071693165e-05,-1.253579519821537e-07,0.0001698669722248703
36,5,1-7,adjust,-0.005299449518306637,9.294892454697347e-06,0.00022149988177754207
36,6,1-7,adjust,-0.0027475203690060387,-4.846212620580677e-06,0.0002784990857269384
36,9,1-8,adjust,0.0022291123346916495,6.12291466602483e-05,9.988351273948546e-05
37,2,1-4,adjust,0.0037004737181756857,-0.00010167245867124194,7.543876102622747e-05
37,3,1-4,adjust,0.002741354896482313,-3.267008384521939e-05,0.00010883471002048625
37,6,1-5,adjust,-0.0031420763467508777,-5.541571936315493e-06,0.000264375727879858
37,7,1-5,adjust,-0.005070966112824788,-2.9288751418533107e-05,0.00017957281488941863
37,8,1-5,adjust,-0.001996533412147903,-2.3967564427382002e-05,0.00012614495924172586
37,9,1-5,adjust,-0.0030008725575491556,-8.244493736132898e-05,5.555160831293987e-05
38,2,1-7,adjust,-0.002557650076670137,7.026718130295267e-05,9.118521208481767e-05
38,3,1-7,adjust,-0.0015999306865081921,1.9064847027025944e-05,0.0001694919101261501
38,4,1-7,adjust,-4.607791537184456e-06,-7.002634546053421e-08,0.00015217317704485338
38,5,1-7,adjust,-0.003788031907297699,6.653420088608001e-06,0.00019588183718759094
38,6,1-7,adjust,-0.0019428751089107018,-3.4269387313890305e-06,0.0002407355348113321
38,9,1-8,adjust,0.0018979295498871424,5.213323572590825e-05,7.113162523618954e-05
39,2,1-4,adjust,0.003129158725148504,-8.597518248303465e-05,5.0724723469270736e-05
39,3,1-4,adjust,0.0021699978138830754,-2.5860843408252322e-05,6.401601721318916e-05
39,6,1-5,adjust,-0.0022659577310133296,-3.9963707978085245e-06,0.00022502354566970704
39,7,1-5,adjust,-0.003623411523409232,-2.0925179634319403e-05,0.00015791109086999176
39,8,1-5,adjust,-0.0014278874157085636,-1.7106124682466014e-05,0.0001160305853451425
39,9,1-5,adjust,-0.0024495271235779226,-6.729653456104238e-05,5.559222773290669e-05
40,2,1-7,adjust,-0.002312288746879634,6.352709153104605e-05,8.919625434657254e-05
40,3,1-7,adjust,-0.0013534601145062319,1.61280894186506e-05,0.00016184338510269504
40,4,1-7,adjust,-1.6089366198354097e-06,-3.902923110208167e-08,0.0001395467416370644
40,5,1-7,adjust,-0.0027075081990545423,4.7602786815725985e-06,0.00017759740156007172
40,6,1-7,adjust,-0.0013676986180646113,-2.4124207921592e-06,0.00021377945924006624
40,9,1-8,adjust,0.001661204262117543,4.5631597670069107e-05,5.05986535887831e-05
41,2,1-4,adjust,0.0027209078304835737,-7.475812581504132e-05,3.305021008878748e-05
41,3,1-5,adjust,0.002535823749612216,-3.0219966924585995e-05,5.28234994209279e-05
41,6,1-5,adjust,-0.001640045401163859,-2.8924609458368774e-06,0.00019687037620164747
41,7,1-5,adjust,-0.0025891732014297415,-1.4950944731450655e-05,0.00014241193707431604
41,8,1-5,adjust,-0.0010209190249215372,-1.2212969185470083e-05,0.00010879154419692084
41,9,1-5,adjust,-0.002055392019423422,-5.646763575961179e-05,5.561713226913378e-05
42,2,1-7,adjust,-0.0021371124558970107,5.8714976290092376e-05,8.778001905162374e-05
42,3,1-7,adjust,-0.0015649714051363566,1.8648451326448628e-05,0.00015638445273637755
42,4,1-7,adjust,-4.200666562371492e-07,-2.1735745633667864e-08,0.00013053300003170603
42,5,1-7,adjust,-0.0019351161768755996,3.4046375929607344e-06,0.00016454258280364914
42,6,1-7,adjust,-0.0009565805040745453,-1.6872789341450279e-06,0.00019453134654050117
42,9,1-8,adjust,0.001492005456553484,4.098456998136377e-05,3.593105882063318e-05
43,2,1-4,adjust,0.002429173926018775,-6.674243114386348e-05,2.041426759353874e-05
43,3,1-5,adjust,0.0014953756581591612,-1.782108069100734e-05,1.4936312792023217e-05
43,6,1-5,adjust,-0.0011928468853987448,-2.1037478983331073e-06,0.00017673623255699085
43,7,1-5,adjust,-0.0018501933951191659,-1.0682963385887861e-05,0.00013132615254991885
43,8,1-5,adjust,-0.0007298132508161395,-8.72165262744389e-06,0.00010361236163398782
43,9,1-5,adjust,-0.0017736858790647653,-4.8727783195455656e-05,5.563212505379982e-05
44,2,1-7,adjust,-0.002011984196575306,5.5277682902558435e-05,8.677086193273943e-05
44,3,1-7,adjust,-0.001258845348274088,1.5001115125786485e-05,0.00015248800178524388
44,4,1-7,adjust,5.767737485645165e-09,-1.2114657163584275e-08,0.00012409645832703702
44,5,1-7,adjust,-0.001383028126850499,2.434475128422199e-06,0.0001552192331165059
44,6,1-7,adjust,-0.0006627411030405063,-1.168998524269627e-06,0.00018078381837886495
44,9,1-8,adjust,0.0013710758911227939,3.7663252736184975e-05,2.54515236959826e-05
45,2,1-4,adjust,0.002220698982044561,-6.1014338450034866e-05,1.1382334304591739e-05
45,3,1-5,adjust,0.0009804157474440883,-1.1683861484112453e-05,1.214354027517591e-05
45,6,1-5,adjust,-0.0008733146850461264,-1.5401981236834713e-06,0.00016234043667696615
45,7,1-5,adjust,-0.0013221558576700582,-7.633658232752934e-06,0.00012339903470715133
45,8,1-5,adjust,-0.0005216548574223095,-6.229565221728938e-06,9.990794899144842e-05
45,9,1-5,adjust,-0.0015723559668727534,-4.3196286399678487e-05,5.564104724552548e-05
46,2,1-7,adjust,-0.0019225793977897068,5.2821717387248714e-05,8.605132709815282e-05
46,3,1-7,adjust,-0.0009257457809467379,1.1031967786689629e-05,0.0001497057259831076
46,4,1-7,adjust,1.2623069617676982e-07,-6.7698796248448e-09,0.00011949927621286011
46,5,1-7,adjust,-0.0009884293993608995,1.7404721494205728e-06,0.00014855953910221286
46,6,1-7,adjust,-0.00045273207534760225,-7.985809481105365e-07,0.00017096327214716854
46,9,1-8,adjust,0.0012846477334507195,3.528951320280797e-05,1.796341731902595e-05
47,2,1-4,adjust,0.0020717193919387823,-5.692093671639637e-05,4.927238364442606e-06
47,3,1-5,adjust,0.000669555591384288,-7.979120399301752e-06,3.1498296008798875e-05
47,6,1-5,adjust,-0.0006449917855070243,-1.1375122517166479e-06,0.00015204918030792204
47,7,1-5,adjust,-0.0009448335591803526,-5.45490387490127e-06,0.00011773158736046978
47,8,1-5,adjust,-0.00037284116585333996,-4.450181875164832e-06,9.725892652680494e-05
47,9,1-5,adjust,-0.0014284762332237085,-3.924323425817755e-05,5.5646323117632655e-05
48,2,1-7,adjust,-0.0018586887061729316,5.1066628404888884e-05,8.553803055421272e-05
48,3,1-7,adjust,-0.0006591057491065972,7.854565367221641e-06,0.0001477185624186773
48,4,1-7,adjust,1.3510353439817708e-07,-3.800755960125777e-09,0.00011621530976473655
48,5,1-7,adjust,-0.0007064050033991992,1.2441650579964276e-06,0.00014380185747603702
48,6,1-7,adjust,-0.0003026409199933763,-5.338480540813897e-07,0.00016394711041095274
48,9,1-8,adjust,0.001222878928070261,3.359304012828851e-05,1.2612473083429233e-05
49,2,1-4,adjust,0.001965254985571885,-5.39956861386745e-05,3.141033603125419e-07
49,3,1-5,adjust,0.0004616950788971201,-5.501973487558291e-06,4.533100359367591e-05
49,6,1-5,adjust,-0.00048183707028766587,-8.497617873478996e-07,0.00014469297027323936
49,7,1-5,adjust,-0.0006752013290665316,-3.898086955608712e-06,0.00011368017944215988
49,8,1-5,adjust,-0.00026646803533971787,-3.179386664932898e-06,9.536491377961006e-05
49,9,1-5,adjust,-0.00132565539712278,-3.641826962398501e-05,5.564943650556145e-05
50,2,1-7,adjust,-0.001813026992111186,4.981229258577424e-05,8.517170666249104e-05
50,3,1-7,adjust,-0.00046139811398632067,5.498524234254411e-06,0.000146299057660296
50,4,1-7,adjust,1.1054800933511759e-07,-2.1487058710719894e-09,0.00011386915961645001
50,5,1-7,adjust,-0.0005048441345591225,8.893104839413445e-07,0.00014040263965261972
50,6,1-7,adjust,-0.0001953742642729448,-3.4464986962465557e-07,0.0001589340714103978
50,9,1-8,adjust,0.0011787343954669214,3.238061572779072e-05,8.788580061153839e-06
51,2,1-4,adjust,0.0018891723027763497,-5.190521001535867e-05,2.982562966944002e-06
51,3,1-5,adjust,0.00031672576496945943,-3.7743607151666424e-06,5.521676522544137e-05
51,6,1-5,adjust,-0.0003652471124997015,-6.441361939623652e-07,0.00013943511875767235
51,7,1-5,adjust,-0.00048251989215930026,-2.7856299074235896e-06,0.00011078425750371102
51,8,1-5,adjust,-0.00019043835684072046,-2.2716571082533544e-06,9.401088355144864e-05
51,9,1-5,adjust,-0.0012521771190771838,-3.4399484413849555e-05,5.565127714570244e-05
52,2,1-7,adjust,-0.0017803919276513746,4.8915801184275365e-05,8.49101866632511e-05
52,3,1-7,adjust,-0.0003183148517344029,3.7934046961009338e-06,0.00014528493542632424
52,4,1-7,adjust,8.158773631611964e-08,-1.2263162678805024e-09,0.00011219286740566497
52,5,1-7,adjust,-0.0003607926457141088,6.356294472246688e-07,0.0001379738309298469
52,6,1-7,adjust,-0.00011871419748202498,-2.0943607544863365e-07,0.00015535204154667914
52,9,1-8,adjust,0.001147185783304103,3.151413683160403e-05,6.055887359655582e-06
53,2,1-4,adjust,0.0018348009585505431,-5.041128083519995e-05,5.3384121381630574e-06
53,3,1-5,adjust,0.0002140204300520532,-2.5504272312856097e-06,6.228161413825942e-05
53,6,1-5,adjust,-0.0002819306060796057,-4.971938995752415e-07,0.00013567725139172247
53,7,1-5,adjust,-0.00034482606567393906,-1.990677284481551e-06,0.00010871439545860746
53,8,1-5,adjust,-0.00013609947482545552,-1.6231821024242098e-06,9.304297345866067e-05
53,9,1-5,adjust,-0.0011996677921981493,-3.2956814197607834e-05,5.5652371238558654e-05
54,2,1-7,adjust,-0.0017570668771776708,4.827505758948235e-05,8.472343870962155e-05
54,3,1-7,adjust,-0.00021561087866583083,2.56947434067077e-06,0.0001445603649425231
54,4,1-7,adjust,5.729598077335428e-08,-7.084508525785381e-10,0.00011099510505423895
54,5,1-7,adjust,-0.0002578432786932367,4.542942752180811e-07,0.00013623831033668976
54,6,1-7,adjust,-6.39281378266098e-05,-1.1280394044037161e-07,0.00015279241736883078
54,9,1-8,adjust,0.001124639211605431,3.0894897923000174e-05,4.102981663879555e-06
55,2,1-4,adjust,0.0017959450994496765,-4.934366047230451e-05,7.021932598164124e-06
55,3,1-5,adjust,0.00014084763820604513,-1.6784375088905035e-06,6.733043738177582e-05
55,6,1-5,adjust,-0.00022239083780109983,-3.921858223422781e-07,0.0001329915324255072
55,7,1-5,adjust,-0.0002464263354852554,-1.4225987330349817e-06,0.00010723502304781809
55,8,1-5,adjust,-9.726444764762071e-05,-1.1598722897862258e-06,9.235112234664143e-05
55,9,1-5,adjust,-0.0011621432670226581,-3.192584559020482e-05,5.5653027261541674e-05
56,2,1-7,adjust,-0.0017403959385027701,4.78171036963221e-05,8.459005817039049e-05
56,3,1-7,adjust,-0.00014210027595217757,1.693439586014928e-06,0.00014404264101300923
56,4,1-7,adjust,3.924059829778264e-08,-4.1538961126705135e-10,0.00011013922809147141
56,5,1-7,adjust,-0.0001842690527239562,3.246821432076508e-07,0.00013499813761092222
56,6,1-7,adjust,-2.4774828756333383e-05,-4.3745022808989554e-08,0.00015096332097289992
56,9,1-8,adjust,0.0011085261300299203,3.0452354059153472e-05,2.7073379342133744e-06
57,2,1-4,adjust,0.0017681770978388237,-4.8580694373217974e-05,8.225000969105077e-06
57,3,1-5,adjust,8.861181067553982e-05,-1.055953115450449e-06,7.093850820977116e-05
57,6,1-5,adjust,-0.0001798419927203712,-3.171440275173221e-07,0.00013107211067235855
57,7,1-5,adjust,-0.000176106647110171,-1.016639581871347e-06,0.00010617771699692679
57,8,1-5,adjust,-6.951031744967839e-05,-8.288323038155913e-07,9.185661974954999e-05
57,9,1-5,adjust,-0.0011353271492989794,-3.118908588004496e-05,5.565342523243483e-05
58,2,1-7,adjust,-0.0017284809514904317,4.748979669909635e-05,8.449477978219111e-05
58,3,1-7,adjust,-8.953721164429215e-05,1.0670376089811286e-06,0.00014367269701120178
58,4,1-7,adjust,2.656492185041828e-08,-2.4779223106105573e-10,0.00010952762957860005
58,5,1-7,adjust,-0.00013168851831391143,2.320443915875741e-07,0.00013411190841225565
58,6,1-7,adjust,3.2062967582085836e-06,5.608287739825738e-09,0.00014965622801032906
58,9,1-8,adjust,0.0010970108319753816,3.0136087773770075e-05,1.7099383604429154e-06
59,2,1-4,adjust,0.001748332879801123,-4.8035445460110215e-05,9.084735648836547e-06
59,3,1-5,adjust,5.1296135121065126e-05,-6.112704043218435e-07,7.351696201574592e-05
59,6,1-5,adjust,-0.0001494351203795854,-2.6351658084385594e-07,0.00012970036322380044
59,7,1-5,adjust,-0.00012585357450319997,-7.265305067645049e-07,0.0001054220771009374
59,8,1-5,adjust,-4.9675586594038705e-05,-5.922882442462737e-07,9.15031857481894e-05
59,9,1-5,adjust,-0.0011161634791500214,-3.0662573658531524e-05,5.5653670083337786e-05
60,2,1-7,adjust,-0.0017199652233178206,4.7255867991811606e-05,8.442671135250829e-05
60,3,1-7,adjust,-5.196557961751722e-05,6.192896812066452e-07,0.00014340834218153938
60,4,1-7,adjust,1.7919938634303234e-08,-1.5067141974184024e-10,0.00010909057870727844
60,5,1-7,adjust,-9.411149385836155e-05,1.658356220427225e-07,0.00013347859573374028
60,6,1-7,adjust,2.320309104801133e-05,4.0878507119876904e-08,0.00014872215023123574
60,9,1-8,adjust,0.00108878138416717,2.9910066973773776e-05,9.971439914857873e-07
61,2,1-4,adjust,0.0017341513102924935,-4.764578596725391e-05,9.699121574097967e-06
61,3,1-4,adjust,0.001129098209362344,-1.3455820090779972e-05,4.5596804619652266e-05
61,6,1-5,adjust,-0.00012770519032287246,-2.2519220285260877e-07,0.00012872002953094746
61,7,1-5,adjust,-8.994069235999629e-05,-5.192091625532573e-07,0.00010488204110088236
61,8,1-5,adjust,-3.550058977967333e-05,-4.232590102783119e-07,9.125058476934109e-05
61,9,1-5,adjust,-0.001102468435193763,-3.0286309317160255e-05,5.5653823138139556e-05
62,2,1-7,adjust,-0.0017138790482988957,4.708867957892265e-05,8.437807870199379e-05
62,3,1-7,adjust,-0.0005774115874322415,6.880397396946225e-06,0.00014321888728511436
62,4,1-7,adjust,1.2104841786163665e-08,-9.349260253195656e-11,0.00010877825530305166
62,5,1-7,adjust,-6.725690814602443e-05,1.1851694478951144e-07,0.0001330260151666519
62,6,1-7,adjust,3.749387691186895e-05,6.608502579163612e-08,0.00014805462998445932
62,9,1-8,adjust,0.0010829002048398644,2.974854108657979e-05,4.877425311840246e-07
63,2,1-4,adjust,0.0017240165073409753,-4.736731727318152e-05,1.0138178429552148e-05
63,3,1-4,adjust,0.000853295249809331,-1.0169103959345161e-05,4.639523835144983e-05
63,6,1-5,adjust,-0.00011217609344966815,-1.9780423695015203e-07,0.00012801942794214577
63,7,1-5,adjust,-6.427580618486405e-05,-3.710496752287039e-07,0.00010449609548895516
63,8,1-5,adjust,-2.5370476077357776e-05,-3.024724658294621e-07,9.107005226221011e-05
63,9,1-5,adjust,-0.0010926814353312117,-3.00174165536997e-05,5.5653920441221286e-05
64,2,1-7,adjust,-0.001709529323043244,4.6969191777362874e-05,8.434332907420391e-05
64,3,1-7,adjust,-0.0007059477184742851,8.412451735714328e-06,0.00014308374719135798
64,4,1-7,adjust,8.211903182629561e-09,-5.921341194477895e-11,0.00010855506059868653
64,5,1-7,adjust,-4.806520125203021e-05,8.469936996940962e-08,0.00013270258647837035
64,6,1-7,adjust,4.7706788007972555e-05,8.409857263278236e-08,0.00014757759607849039
64,9,1-8,adjust,0.0010786971983518725,2.963310601555877e-05,1.2369818631784404e-07
65,2,1-4,adjust,0.0017167737014104369,-4.7168310439694784e-05,1.0451942161387021e-05
65,3,1-4,adjust,0.0007796344306160691,-9.291069530602113e-06,4.6965082767194386e-05
65,6,1-5,adjust,-0.00010107832063758984,-1.782315504434158e-07,0.00012751874055176682
65,7,1-5,adjust,-4.593453281243273e-05,-2.651689424348243e-07,0.00010422027508024766
65,8,1-5,adjust,-1.8130981946742492e-05,-2.1615686976193064e-07,9.09410292215988e-05
65,9,1-5,adjust,-0.0010856872411128039,-2.9825254714069826e-05,5.565398335701893e-05
66,2,1-7,adjust,-0.0017064206535318568,4.688379601807659e-05,8.431849832399408e-05
66,3,1-7,adjust,-0.0007360620237626884,8.771510656518039e-06,0.00014298723404260126
66,4,1-7,adjust,5.603535701901392e-09,-3.825278982181632e-11,0.00010839555830933699
66,5,1-7,adjust,-3.434976331310174e-05,6.053113501742555e-08,0.00013247145248848779
66,6,1-7,adjust,5.500545364594509e-05,9.69719929570053e-08,0.0001472366886420556
66,9,1-8,adjust,0.0010756935144392492,2.9550610196012144e-05,1.3646660407148814e-07
67,2,1-4,adjust,0.0017115976476701341,-4.7026090668681886e-05,1.0676168498360583e-05
67,3,1-4,adjust,0.0007578534255988677,-9.031392679229555e-06,4.7372130251780864e-05
67,6,1-5,adjust,-9.314732447996149e-05,-1.642439666367142e-07,0.0001271609240150687
67,7,1-5,adjust,-3.282695300395662e-05,-1.8950180974631524e-07,0.0001040231586413567
67,8,1-5,adjust,-1.295726986548738e-05,-1.5447367338522038e-07,9.084882030735046e-05
67,9,1-5,adjust,-0.001080688883621447,-2.96879274638263e-05,5.565402487567424e-05
68,2,1-7,adjust,-0.0017041989712792288,4.6822765971069456e-05,8.430075459594137e-05
68,3,1-7,adjust,-0.0007421470146750454,8.844102475879963e-06,0.0001429182780582893
68,4,1-7,adjust,3.853815929285624e-09,-2.5199953234031415e-11,0.00010828157218283745
68,5,1-7,adjust,-2.454807649335859e-05,4.3258740140823344e-08,0.00013230627493667098
68,6,1-7,adjust,6.022146404709684e-05,1.0617201918098488e-07,0.00014699306218478894
68,9,1-8,adjust,0.0010735469331888433,2.9491654598746572e-05,3.2239313101844784e-07
69,2,1-4,adjust,0.001707898595558229,-4.692445370485712e-05,1.0836409155705147e-05
69,3,1-4,adjust,0.0007500028781812292,-8.937793902193563e-06,4.766297735184205e-05
69,6,1-5,adjust,-8.74794977023233e-05,-1.542478414120732e-07,0.0001269052099086447
69,7,1-5,adjust,-2.3459755142948308e-05,-1.354270279343385e-07,0.00010388228774197434
69,8,1-5,adjust,-9.259895098967598e-06,-1.1039318175089387e-07,9.078292157359708e-05
69,9,1-5,adjust,-0.0010771168397732177,-2.9589787440974887e-05,5.5654052502093946e-05
70,2,1-7,adjust,-0.0017026111984927137,4.677914954235452e-05,8.42880750106669e-05
70,3,1-7,adjust,-0.0007426365313505991,8.849964050820874e-06,0.00014286900345273807
70,4,1-7,adjust,2.662537340327265e-09,-1.6846912753178686e-11,0.00010820011300916615
70,5,1-7,adjust,-1.7543292342127134e-05,3.091496317774747e-08,0.00013218823184328143
70,6,1-7,adjust,6.39490662436031e-05,1.1274678576091256e-07,0.00014681895561722877
70,9,1-8,adjust,0.0010720128788480141,2.94495219794475e-05,4.5526608399323e-07
71,2,1-4,adjust,0.0017052550728700302,-4.685181897836412e-05,1.0950923604648972e-05
71,3,1-4,adjust,0.0007463213133373945,-8.893905015753905e-06,4.787081790579712e-05
71,6,1-5,adjust,-8.342900372581819e-05,-1.4710414381545586e-07,0.00012672246365312117
71,7,1-5,adjust,-1.6765496544732113e-05,-9.678269077648895e-08,0.00010378161379068527
71,8,1-5,adjust,-6.617574773363312e-06,-7.889176005175375e-08,9.073582618477189e-05
71,9,1-5,adjust,-0.0010745640948570177,-2.9519652123867818e-05,5.5654071134416546e-05
72,2,1-7,adjust,-0.0017014764709062493,4.6747978352075384e-05,8.427901402660949e-05
72,3,1-7,adjust,-0.0007420215530976481,8.842645390597813e-06,0.0001428337908040092
72,4,1-7,adjust,1.8492427067777475e-09,-1.1413536782107652e-11,0.00010814189873108481
72,5,1-7,adjust,-1.2537317503969856e-05,2.2093439801032804e-08,0.00013210387289495286
72,6,1-7,adjust,6.661299466655933e-05,1.1744543850312361e-07,0.00014669453093842837
72,9,1-8,adjust,0.001070916566727696,2.9419411897753204e-05,5.502239813280442e-07
73,2,1-4,adjust,0.0017033658814972876,-4.679991062759161e-05,1.1032760488926634e-05
73,3,1-4,adjust,0.0007441724951019196,-8.86829186721004e-06,4.801934725444775e-05
73,6,1-5,adjust,-8.053432495686369e-05,-1.4199891156225663e-07,0.00012659186401384653
73,7,1-5,adjust,-1.1981450656871903e-05,-6.916562125980214e-08,0.00010370966688160207
73,8,1-5,adjust,-4.729244552207202e-06,-5.637962081905445e-08,9.07021690187332e-05
73,9,1-5,adjust,-0.001072739783835734,-2.946953014460894e-05,5.5654083852891766e-05
74,2,1-7,adjust,-0.0017006655237039215,4.67257014734251e-05,8.427253883685549e-05
74,3,1-7,adjust,-0.0007413408409248727,8.834537211443465e-06,0.00014280862658077334
74,4,1-7,adjust,1.291041893280337e-09,-7.822353875635833e-12,0.00010810029616944297
74,5,1-7,adjust,-8.95979443408899e-06,1.5789110632418653e-08,0.0001320435860626071
74,6,1-7,adjust,6.851677166032314e-05,1.208033311215027e-07,0.0001466056111559473
74,9,1-8,adjust,0.0010701330871534648,2.939789372542963e-05,6.180857433203378e-07
75,2,1-4,adjust,0.0017020157721016583,-4.676281435600296e-05,1.1091244733902856e-05
75,3,1-4,adjust,0.0007427573967279489,-8.85142586410479e-06,4.812549244891394e-05
75,6,1-5,adjust,-7.846564579296918e-05,-1.3835046258530363e-07,0.00012649853100386087
75,7,1-5,adjust,-8.562536086325044e-06,-4.9429137873315783e-08,0.00010365824989957219
75,8,1-5,adjust,-3.3797514078511434e-06,-4.0291499248870837e-08,9.067811569493527e-05
75,9,1-5,adjust,-0.001071436044301514,-2.94337105927454e-05,5.565409262097665e-05
76,2,1-7,adjust,-0.0017000859725231497,4.670978108807583e-05,8.426791146662366e-05
76,3,1-7,adjust,-0.0007407940578255546,8.828022934066265e-06,0.0001427906431611426
76,4,1-7,adjust,9.056224820696462e-10,-5.4128368453527596e-12,0.00010807056504217485
76,5,1-7,adjust,-6.403116185908937e-06,1.1283705795854582e-08,0.00013200050223418665
76,6,1-7,adjust,6.987730649960916e-05,1.2320304964150351e-07,0.0001465420648084883
76,9,1-8,adjust,0.001069573173540409,2.9382515764962532e-05,6.665831902963163e-07
77,2,1-4,adjust,0.001701050917128945,-4.673630352500591e-05,1.113304022853833e-05
77,3,1-4,adjust,0.0007417762360723663,-8.83973229303282e-06,4.820134859922391e-05
77,6,1-5,adjust,-7.698726586841709e-05,-1.357431013633965e-07,0.00012643183060226712
77,7,1-5,adjust,-6.119211211866212e-06,-3.5324489999115985e-08,0.0001036215047003645
77,8,1-5,adjust,-2.415337206223656e-06,-2.879421399819459e-08,9.066092587224614e-05
77,9,1-5,adjust,-0.0010705043290909608,-2.9408112211982894e-05,5.565409871981305e-05
78,2,1-7,adjust,-0.0016996717921076818,4.6698403471324736e-05,8.42646045804143e-05
78,3,1-7,adjust,-0.0007403882171420641,8.823187464619159e-06,0.0001427777913973146
78,4,1-7,adjust,6.37846723063257e-10,-3.774314194488471e-12,0.00010804931777145444
78,5,1-7,adjust,-4.575985559327773e-06,8.063908817692016e-09,0.0001319697124638474
78,6,1-7,adjust,7.084961302371278e-05,1.2491801077605428e-07,0.00014649665150803725
78,9,1-8,adjust,0.001069173031341682,2.9371525906628925e-05,7.012419035191619e-07
79,2,1-4,adjust,0.0017003613840521977,-4.671735757343059e-05,1.1162909226814721e-05
79,3,1-4,adjust,0.0007410825848079914,-8.831465441610896e-06,4.825555896011632e-05
79,6,1-5,adjust,-7.593074263045381e-05,-1.3387975417540635e-07,0.00012638416319024441
79,7,1-5,adjust,-4.373090676663757e-06,-2.524461965966351e-08,0.0001035952447215026
79,8,1-5,adjust,-1.726119276880287e-06,-2.0577726828945428e-08,9.064864110733084e-05
79,9,1-5,adjust,-0.001069838480069547,-2.9389818364225787e-05,5.565410298906264e-05
80,2,1-7,adjust,-0.0016993757958939895,4.6690272397252875e-05,8.426224134590221e-05
80,3,1-7,adjust,-0.0007400944104675682,8.819686748041753e-06,0.00014276860692610598
80,4,1-7,adjust,4.507456586210387e-10,-2.648270491776221e-12,0.00010803413345255785
80,5,1-7,adjust,-3.2702266380761956e-06,5.762876397410676e-09,0.00013194770860393878
80,6,1-7,adjust,7.154447190429928e-05,1.2614360693551533e-07,0.00014646419695134088
80,9,1-8,adjust,0.0010688870697878143,2.9363672007391943e-05,7.260107530473291e-07
81,2,1-4,adjust,0.001699868609615227,-4.670381785994055e-05,1.1184255021938535e-05
81,3,1-4,adjust,0.0007405887509800441,-8.825580035143662e-06,4.829430027211992e-05
81,6,1-5,adjust,-7.517569898265448e-05,-1.3254811227388994e-07,0.00012635009770065836
81,7,1-5,adjust,-3.125226717029317e-06,-1.8041050101364733e-08,0.00010357647802322749
81,8,1-5,adjust,-1.2335700823733254e-06,-1.4705839244139176e-08,9.063986177346464e-05
81,9,1-5,adjust,-0.0010693626318600449,-2.9376744687457263e-05,5.565410599090354e-05
82,2,1-7,adjust,-0.0016991642610418116,4.668446149340027e-05,8.426055247940512e-05
82,3,1-7,adjust,-0.0007398834972655979,8.817173682432018e-06,0.0001427620432670243
82,4,1-7,adjust,3.194041022057595e-10,-1.8669510382030046e-12,0.00010802328200345563
82,5,1-7,adjust,-2.33706620605553e-06,4.118440996245075e-09,0.00013193198357310955
82,6,1-7,adjust,7.204105273390521e-05,1.2701947879987248e-07,0.00014644100333736793
82,9,1-8,adjust,0.0010686827075046552,2.935805922144701e-05,7.437118109426235e-07
83,2,1-4,adjust,0.0016995164486239371,-4.669414171004318e-05,1.1199509746572449e-05
83,3,1-4,adjust,0.0007402363038416306,-8.82137965821659e-06,4.832198668367818e-05
83,6,1-5,adjust,-7.46361074585283e-05,-1.315964546951102e-07,0.00012632575281950134
83,7,1-5,adjust,-2.2334414424679995e-06,-1.28930247915632e-08,0.00010356306640166517
83,8,1-5,adjust,-8.815701355318248e-07,-1.050950882391688e-08,9.063358760914018e-05
83,9,1-5,adjust,-0.0010690225673665292,-2.9367401596826213e-05,5.565410811435111e-05
84,2,1-7,adjust,-0.0016990130870817358,4.66803087149486e-05,8.425934553918226e-05
84,3,1-7,adjust,-0.0007397325315035284,8.815374893768111e-06,0.0001427573525601865
84,4,1-7,adjust,2.2681665379546578e-10,-1.321220910451833e-12,0.00010801552703035422
84,5,1-7,adjust,-1.6701833119526538e-06,2.9432438615769447e-09,0.00013192074569786104
84,6,1-7,adjust,7.239593415232432e-05,1.2764542022399147e-07,0.00014642442804205
84,9,1-8,adjust,0.0010685366600643696,2.9354048045704626e-05,7.56361866977736e-07
85,2,1-4,adjust,0.0016992647769542514,-4.6687226655158125e-05,1.1210411506596105e-05
85,3,1-4,adjust,0.0007399845454374015,-8.81837926810988e-06,4.83417727391852e-05
85,6,1-5,adjust,-7.425048865501388e-05,-1.3091635454699878e-07,0.00012630835476437494
85,7,1-5,adjust,-1.5961276248532577e-06,-9.213991753846567e-09,0.00010355348179066981
85,8,1-5,adjust,-6.300135484045659e-07,-7.510608702873795e-09,9.062910377206421e-05
85,9,1-5,adjust,-0.001068779540559301,-2.9360724564564587e-05,5.565410961886109e-05
86,2,1-7,adjust,-0.001698905050316702,4.6677340923354143e-05,8.42584830062237e-05
86,3,1-7,adjust,-0.0007396245844014446,8.8140886787031e-06,0.00014275400035399316
86,4,1-7,adjust,1.6130452000882416e-10,-9.36917210479492e-13,0.00010800998494707457
86,5,1-7,adjust,-1.1935957131636337e-06,2.103388947263932e-09,0.00013191271456089313
86,6,1-7,adjust,7.264955004118564e-05,1.280927502091296e-07,0.00014641258252110482
86,9,1-8,adjust,0.0010684322873127914,2.935118146132449e-05,7.654022265552403e-07
87,2,1-4,adjust,0.0016990849199655172,-4.668228481493337e-05,1.1218202434276329e-05
87,3,1-4,adjust,0.000739804655852011,-8.816235392687562e-06,4.835591281913894e-05
87,6,1-5,adjust,-7.39749064079518e-05,-1.304303222440593e-07,0.00012629592125416145
87,7,1-5,adjust,-1.1406716669225248e-06,-6.584773910782723e-09,0.00010354663215030807
87,8,1-5,adjust,-4.5023879647792946e-07,-5.36744874065164e-09,9.062589939604712e-05
87,9,1-5,adjust,-0.0010686058616594361,-2.935595282977343e-05,5.565411068669829e-05
88,2,1-7,adjust,-0.001698827841713711,4.667521998811065e-05,8.425786660021409e-05
88,3,1-7,adjust,-0.0007395474249693064,8.813169305469763e-06,0.00014275160470433943
88,4,1-7,adjust,-0.0,-0.0,0.00010800602356791952
88,5,1-7,adjust,-8.530025663739902e-07,1.503186311187825e-09,0.00013190697511614895
88,6,1-7,adjust,7.283079651599385e-05,1.284124338519957e-07,0.00014640411712926144
88,9,1-8,adjust,0.0010683576974063508,2.93491328581437e-05,7.718629158886178e-07
89,2,1-4,adjust,0.0016989563593967489,-4.667875242160186e-05,1.1223768722896867e-05
89,3,1-4,adjust,0.0007396760566984983,-8.814702783133606e-06,4.8366016011122045e-05
89,6,1-5,adjust,-7.377796174645905e-05,-1.300829777293531e-07,0.0001262870362631425
89,7,1-5,adjust,-8.151803424976917e-07,-4.705804432572116e-09,0.00010354173705546803
89,8,1-5,adjust,-3.2176287567372364e-07,-3.835843098846749e-09,9.062360898637542e-05
89,9,1-5,adjust,-0.0010684817421497438,-2.9352542711433976e-05,5.565411069531958e-05
90,2,1-7,adjust,-0.0016987726515961517,4.6673703904239054e-05,8.425742608692836e-05
90,3,1-7,adjust,-0.0007394922549034349,8.812511940938853e-06,0.00014274989265502082
90,4,1-7,adjust,1.3934428613048892e-10,-8.07243161203706e-13,0.00010800319383304367
90,5,1-7,adjust,-6.095978194793829e-07,1.074251505293316e-09,0.00013190287342564982
90,6,1-7,adjust,7.296032423908906e-05,1.2864089528189183e-07,0.00014639806734218443
90,9,1-8,adjust,0.0010683043917510007,2.9347668823971113e-05,7.764800435237964e-07
91,2,1-4,adjust,0.0016988645215079109,-4.6676229038120635e-05,1.1227748472210633e-05
91,3,1-4,adjust,0.000739584226268079,-8.813608373241251e-06,4.83732386794837e-05
91,6,1-5,adjust,-7.363721537405549e-05,-1.2983474743564575e-07,0.00012628068587107084
91,7,1-5,adjust,-5.825681683593939e-07,-3.3630003389245766e-09,0.0001035382387811412
91,8,1-5,adjust,-2.2994766040918163e-07,-2.7412821772359847e-09,9.0621972633201e-05
91,9,1-5,adjust,-0.001068393040241951,-2.9350105674331934e-05,5.565411161369451e-05
92,2,1-7,adjust,-0.00169873322246306,4.6672620779103614e-05,8.425711127361112e-05
92,3,1-7,adjust,-0.0007394528500613456,8.812042422846804e-06,0.0001427486691413114
92,4,1-7,adjust,-0.0,-0.0,0.00010800117048148132
92,5,1-7,adjust,-4.356487348196317e-07,7.677135836951608e-10,0.0001318999421565494
92,6,1-7,adjust,7.305289118975493e-05,1.2880416526342201e-07,0.00014639374386553393
92,9,1-8,adjust,0.0010682662968872284,2.9346622553407287e-05,7.79779672920668e-07
93,2,1-4,adjust,0.0016987988610451432,-4.667442491850902e-05,1.1230591308583773e-05
93,3,1-4,adjust,0.0007395185464854609,-8.812825619599618e-06,4.837839862006451e-05
93,6,1-5,adjust,-7.353663100699426e-05,-1.296573519745815e-07,0.00012627614809330507
93,7,1-5,adjust,-4.1633199283203225e-07,-2.403365945365098e-09,0.00010353573873962815
93,8,1-5,adjust,-1.6433194793182972e-07,-1.9590549878955527e-09,9.062080286711591e-05
93,9,1-5,adjust,-0.0010683296494750983,-2.9348364046994475e-05,5.5654111616450755e-05
94,2,1-7,adjust,-0.0016987050363407215,4.6671846499596114e-05,8.425688629479686e-05
94,3,1-7,adjust,-0.0007394246739712004,8.811706697726708e-06,0.00014274779475819142
94,4,1-7,adjust,-0.0,-0.0,0.00010799972481441478
94,5,1-7,adjust,-3.1133614662810746e-07,5.486462556333193e-10,0.00013189784732724612
94,6,1-7,adjust,7.311904406529e-05,1.2892084590294688e-07,0.0001463906540969071
94,9,1-8,adjust,0.0010682390724413135,2.934587483752303e-05,7.821377509762715e-07
95,2,1-4,adjust,0.001698751940861458,-4.66731357163763e-05,1.123262294071191e-05
95,3,1-4,adjust,0.0007394716161776152,-8.81226631702816e-06,4.8382086169974034e-05
95,6,1-5,adjust,-7.34647484511017e-05,-1.2953057642387315e-07,0.00012627290517368029
95,7,1-5,adjust,-2.9753141436835434e-07,-1.7175641029168664e-09,0.00010353395208615179
95,8,1-5,adjust,-1.1743970927346094e-07,-1.4000371910785415e-09,9.061996689472692e-05
95,9,1-5,adjust,-0.001068284347292507,-2.934711939351026e-05,5.5654111620392826e-05
96,2,1-7,adjust,-0.0016986848911081916,4.6671293106525515e-05,8.42567255134509e-05
96,3,1-7,adjust,-0.0007394045341221459,8.811466725905266e-06,0.00014274716988132286
96,4,1-7,adjust,-0.0,-0.0,0.00010799869166899559
96,5,1-7,adjust,-2.2249620102836234e-07,3.9208960165054716e-10,0.00013189635025794474
96,6,1-7,adjust,7.316632020005801e-05,1.290042325747935e-07,0.00014638844599513425
96,9,1-8,adjust,0.0010682196164684577,2.934534048169466e-05,7.838229511206548e-07
97,2,1-4,adjust,0.001698718410408797,-4.667221441741501e-05,1.1234074845164317e-05
97,3,1-4,adjust,0.0007394380794074603,-8.8118666343744e-06,4.8384721474701565e-05
97,6,1-5,adjust,-7.341337767320975e-05,-1.2943997481112048e-07,0.00012627058762280046
97,7,1-5,adjust,-2.126306478029854e-07,-1.2274563501040135e-09,0.00010353267525565781
97,8,1-5,adjust,-8.392824458775343e-08,-1.0005362451541867e-09,9.061936946656424e-05
97,9,1-5,adjust,-0.0010682519721440852,-2.9346229903343718e-05,5.5654111622668336e-05
98,2,1-7,adjust,-0.0016986704938481963,4.667089761159537e-05,8.4256610610341e-05
98,3,1-7,adjust,-0.0007393901402138399,8.811295219138355e-06,0.00014274672331314044
98,4,1-7,adjust,-0.0,-0.0,0.00010799795333232881
98,5,1-7,adjust,-1.5900675983909928e-07,2.80206788761286e-10,0.0001318952803783937
98,6,1-7,adjust,7.320010607803411e-05,1.2906382381985774e-07,0.00014638686797702
98,9,1-8,adjust,0.0010682057123013275,2.9344958604898374e-05,7.850272777487701e-07
99,2,1-4,adjust,0.0016986944481392284,-4.667155601824645e-05,1.1235112447626436e-05
99,3,1-4,adjust,0.0007394141128363259,-8.811581007542193e-06,4.8386604794102e-05
99,6,1-5,adjust,-7.337666553508726e-05,-1.293752261205417e-07,0.00012626893138721742
99,7,1-5,adjust,-1.5195636143069728e-07,-8.772009309435528e-10,0.00010353176276935271
99,8,1-5,adjust,-5.997924480458954e-08,-7.150322155149371e-10,9.06189425162228e-05
99,9,1-5,adjust,-0.0010682288352536118,-2.934559422993597e-05,5.565411162531241e-05
100,2,1-7,adjust,-0.0016986602047370154,4.6670614967539246e-05,8.425652849480256e-05
100,3,1-7,adjust,-0.0007393798534028631,8.811172649753263e-06,0.00014274640417328533
100,4,1-7,adjust,-0.0,-0.0,0.00010799742568024536
100,5,1-7,adjust,-1.1363409547735105e-07,2.0024946276816202e-10,0.0001318945157896807
100,6,1-7,adjust,7.322425116376709e-05,1.2910641142299939e-07,0.0001463857402466428
100,9,1-8,adjust,0.001068195775685223,2.9344685697376116e-05,7.858879486705108e-07
101,2,1-4,adjust,0.0016986773235889915,-4.6671085495700974e-05,1.1235853970946846e-05
101,3,1-4,adjust,0.0007393969852960964,-8.811376886647576e-06,4.838795070699844e-05
101,6,1-5,adjust,-7.335042925686652e-05,-1.293289554520824e-07,0.00012626774775868662
101,7,1-5,adjust,-1.0859554175388144e-07,-6.268910930828488e-10,0.00010353111066174605
101,8,1-5,adjust,-4.286413568881633e-08,-5.109973026663424e-10,9.061863739555091e-05
101,9,1-5,adjust,-0.001068212300467948,-2.9345139945441426e-05,5.565411162600147e-05
102,2,1-7,adjust,-0.001698652851554309,4.667041297322638e-05,8.425646981322453e-05
102,3,1-7,adjust,-0.0007393725017916691,8.811085053023504e-06,0.00014274617610090487
102,4,1-7,adjust,-0.0,-0.0,0.0001079970485942974
102,5,1-7,adjust,-8.120853482864276e-08,1.4310816330473966e-10,0.00013189396937736555
102,6,1-7,adjust,7.324150636075393e-05,1.2913684561931337e-07,0.0001463849343145846
102,9,1-8,adjust,0.0010681886744849304,2.934449066326885e-05,7.865030278038219e-07
103,2,1-4,adjust,0.0016986650855321315,-4.6670749236263294e-05,1.1236383898600255e-05
103,3,1-4,adjust,0.0007393847450984611,-8.811231011120695e-06,4.8388912562966814e-05
103,6,1-5,adjust,-7.333167950090813e-05,-1.2929588658395442e-07,0.00012626690187989896
103,7,1-5,adjust,-7.76077187438436e-08,-4.4800716361418407e-10,0.00010353064463359786
103,8,1-5,adjust,-3.063283620624363e-08,-3.6518401833864935e-10,9.061841934121311e-05
103,9,1-5,adjust,-0.0010682004839217666,-2.934481529173631e-05,5.565411162606557e-05
104,2,1-7,adjust,-0.0016986475966550329,4.667026862089859e-05,8.425642787385702e-05
104,3,1-7,adjust,-0.0007393672480652064,8.811022453810823e-06,0.00014274601310805568
104,4,1-7,adjust,1.2503103386826843e-10,-7.231992782398276e-13,0.00010799677990926544
104,5,1-7,adjust,-5.8035634856221786e-08,1.0227214267733221e-10,0.00013189357888386473
104,6,1-7,adjust,7.325383784106092e-05,1.2915859637577536e-07,0.000146384358356076
104,9,1-8,adjust,0.0010681835996191368,2.934435128262161e-05,7.869425922036117e-07
105,2,1-4,adjust,0.001698656367736332,-4.6670509701640255e-05,1.1236764229531724e-05
105,3,1-4,adjust,0.0007393760504568199,-8.811127390738596e-06,4.838960213097628e-05
105,6,1-5,adjust,-7.331827998347962e-05,-1.2927225567023932e-07,0.00012626629670751686
105,7,1-5,adjust,-5.546234368466172e-08,-3.201682481993922e-10,0.00010353031158706894
105,8,1-5,adjust,-2.1891733239859957e-08,-2.609783030056994e-10,9.061826394462739e-05
105,9,1-5,adjust,-0.0010681920392303995,-2.934458327809546e-05,5.565411244479898e-05
106,2,1-7,adjust,-0.0016986438552571966,4.6670165843663325e-05,8.425639790336182e-05
106,3,1-7,adjust,-0.0007393635197643579,8.810978029886506e-06,0.0001427458966264498
106,4,1-7,adjust,-0.0,-0.0,0.00010799658692262117
106,5,1-7,adjust,-4.147513561206815e-08,7.308890755971008e-11,0.00013189329981784693
106,6,1-7,adjust,7.326265047264986e-05,1.2917413967708774e-07,0.0001463839467479321
106,9,1-8,adjust,0.0010681799728591776,2.9344251674475187e-05,7.872567278047013e-07
107,2,1-4,adjust,0.0016986501104556118,-4.667033777395078e-05,1.1237034877652156e-05
107,3,1-4,adjust,0.0007393697859047701,-8.811052731437925e-06,4.8390093373588086e-05
107,6,1-5,adjust,-7.330870401928387e-05,-1.2925536640527557e-07,0.00012626586469731573
107,7,1-5,adjust,-3.963610334836978e-08,-2.2880791532036106e-10,0.00010353007357608016
107,8,1-5,adjust,-1.564492714021465e-08,-1.86508230158587e-10,9.061815257880736e-05
107,9,1-5,adjust,-0.0010681860042224996,-2.934441746960539e-05,5.5654112445504066e-05
108,2,1-7,adjust,-0.001698641174939458,4.667009221498557e-05,8.425637648479449e-05
108,3,1-7,adjust,-0.0007393608431490475,8.810946137195215e-06,0.00014274581338166752
108,4,1-7,adjust,-0.0,-0.0,0.0001079964492906692
108,5,1-7,adjust,-2.9640185714851317e-08,5.223279901318955e-11,0.00013189310038395745
108,6,1-7,adjust,7.326894842983366e-05,1.2918524754138272e-07,0.00014638365259313118
108,9,1-8,adjust,0.0010681773809836992,2.93441804886267e-05,7.874812239232762e-07
109,2,1-4,adjust,0.0016986456419542438,-4.667021499485475e-05,1.1237228294431151e-05
109,3,1-4,adjust,0.0007393653151136775,-8.810999449480295e-06,4.839044444004011e-05
109,6,1-5,adjust,-7.330186057062596e-05,-1.2924329631752068e-07,0.0001262655559608811
109,7,1-5,adjust,-2.832592318594957e-08,-1.6351766342957378e-10,0.00010352990348047983
109,8,1-5,adjust,-1.1180622018934501e-08,-1.3328791211417724e-10,9.061807299174048e-05
109,9,1-5,adjust,-0.0010681816913106605,-2.934429897527214e-05,5.565411244563226e-05
110,2,1-7,adjust,-0.0016986392578214964,4.6670039551336475e-05,8.425636117842815e-05
110,3,1-7,adjust,-0.0007393589271718367,8.81092330784824e-06,0.00014274575389313423
110,4,1-7,adjust,-0.0,-0.0,0.00010799635093213735
110,5,1-7,adjust,-2.1182329117923043e-08,3.732812353315293e-11,0.0001318929578580334
110,6,1-7,adjust,7.327344925879506e-05,1.2919318656812612e-07,0.00014638344237513876
110,9,1-8,adjust,0.001068175528734538,2.9344129617471167e-05,7.876416611230154e-07
111,2,1-4,adjust,0.0016986424493566049,-4.667012727366002e-05,1.1237366520738826e-05
111,3,1-4,adjust,0.0007393621215454539,-8.810961389410486e-06,4.8390695329526645e-05
111,6,1-5,adjust,-7.329696993032124e-05,-1.2923466965637011e-07,0.00012626533532299485
111,7,1-5,adjust,-2.0243105957738028e-08,-1.1685778761404646e-10,0.00010352978192231657
111,8,1-5,adjust,-7.99023505148012e-09,-9.525429638728567e-11,9.061801611457448e-05
111,9,1-5,adjust,-0.001068178609102792,-2.934421429287815e-05,5.565411244564829e-05
112,2,1-7,adjust,-0.0016986378873603792,4.6670001904861426e-05,8.425635023824473e-05
112,3,1-7,adjust,-0.0007393575572133901,8.810906984265595e-06,0.0001427457113780157
112,4,1-7,adjust,-0.0,-0.0,0.00010799628064004714
112,5,1-7,adjust,-1.5137943452340675e-08,2.6676661535956136e-11,0.0001318928560024497
112,6,1-7,adjust,7.327666582058422e-05,1.2919886068038034e-07,0.00014638329214217255
112,9,1-8,adjust,0.001068174205021937,2.9344093261409638e-05,7.877563166835121e-07
113,2,1-4,adjust,0.0016986401679938469,-4.667006458949758e-05,1.1237465303139729e-05
113,3,1-4,adjust,0.0007393598396724139,-8.810934194864092e-06,4.839087462752901e-05
113,6,1-5,adjust,-7.329347482396024e-05,-1.2922850698290183e-07,0.00012626517764380434
113,7,1-5,adjust,-1.4466710156039106e-08,-8.351233979765915e-11,0.0001035296950506504
113,8,1-5,adjust,-5.71019006733221e-09,-6.80730446209359e-11,9.061797546692513e-05
113,9,1-5,adjust,-0.0010681764063902826,-2.9344153774776162e-05,5.5654112446401446e-05
114,2,1-7,adjust,-0.0016986369078436233,4.666997499711283e-05,8.425634242136936e-05
114,3,1-7,adjust,-0.0007393565779512504,8.810895316447593e-06,0.00014274568099393928
114,4,1-7,adjust,-0.0,-0.0,0.0001079962304063647
114,5,1-7,adjust,-1.0818323197574511e-08,1.906431690803725e-11,0.00013189278321103681
114,6,1-7,adjust,7.32789644981878e-05,1.2920291468046268e-07,0.00014638318477919166
114,9,1-8,adjust,0.00106817325903075,2.9344067279885424e-05,7.87838255405554e-07
115,2,1-4,adjust,0.0016986385376396831,-4.6670019793680264e-05,1.123753589900997e-05
115,3,1-4,adjust,0.0007393582089990798,-8.810914760913646e-06,4.839100276196825e-05
115,6,1-5,adjust,-7.329097706332156e-05,-1.292241009419238e-07,0.00012626506495937674
115,7,1-5,adjust,-1.03386404048598e-08,-5.968210060210323e-11,0.00010352963296783211
115,8,1-5,adjust,-4.080789204011236e-09,-4.86483100304638e-11,9.06179464193078e-05
115,9,1-5,adjust,-0.001068174832240185,-2.9344110526283213e-05,5.565411244547202e-05
116,2,1-7,adjust,-0.0016986362078211953,4.666995576725623e-05,8.425633683481022e-05
116,3,1-7,adjust,-0.0007393558781221102,8.810886978074822e-06,0.00014274565928083818
116,4,1-7,adjust,-0.0,-0.0,0.0001079961945067666
116,5,1-7,adjust,-7.731293058967915e-09,1.3624288010989562e-11,0.00013189273119114636
116,6,1-7,adjust,7.328060727271283e-05,1.2920581319399655e-07,0.0001463831080506729
116,9,1-8,adjust,0.0010681725829762242,2.9344048712154538e-05,7.878968138498724e-07
117,2,1-4,adjust,0.0016986373725446239,-4.6669987780970215e-05,1.1237586349859011e-05
117,3,1-4,adjust,0.0007393570437178774,-8.810900873547032e-06,4.839109433454106e-05
117,6,1-5,adjust,-7.32891920138883e-05,-1.2922095399579076e-07,0.00012626498442925693
117,7,1-5,adjust,-7.388505233937962e-09,-4.26515596604272e-11,0.00010352958860082038
117,8,1-5,adjust,-2.9163555812252148e-09,-3.476661559042816e-11,9.061792566039678e-05
117,9,1-5,adjust,-0.0010681737072522292,-2.9344079617091832e-05,5.565411244582456e-05
118,2,1-7,adjust,-0.001698635707526903,4.6669942024329565e-05,8.425633284181024e-05
118,3,1-7,adjust,-0.0007393553779626424,8.810881018757853e-06,0.00014274564376301003
118,4,1-7,adjust,-0.0,-0.0,0.00010799616885079073
118,5,1-7,adjust,-5.525174628206196e-09,9.736544935542199e-12,0.0001318926940146049
118,6,1-7,adjust,7.328178124684049e-05,1.2920788302957469e-07,0.00014638305321806495
118,9,1-8,adjust,0.0010681720998257653,2.9344035442036095e-05,7.879386605305696e-07
119,2,1-4,adjust,0.001698636539894376,-4.666996490242615e-05,1.1237622403999207e-05
119,3,1-4,adjust,0.0007393562109549097,-8.810890949076977e-06,4.839115977616621e-05
119,6,1-5,adjust,-7.328791634422538e-05,-1.2921870342229597e-07,0.00012626492687786817
119,7,1-5,adjust,-5.2801843266902844e-09,-3.048082855790443e-11,0.00010352955689379372
119,8,1-5,adjust,-2.0841702157103787e-09,-2.4845907975320598e-11,9.06179108237301e-05
119,9,1-5,adjust,-0.0010681729033190199,-2.9344057529797216e-05,5.565411244556817e-05
120,2,1-7,adjust,-0.0016986353499786274,4.6669932202138036e-05,8.425632998938354e-05
120,3,1-7,adjust,-0.0007393550204718032,8.81087675848981e-06,0.0001427456326750309
120,4,1-7,adjust,-0.0,-0.0,0.00010799615051601454
120,5,1-7,adjust,-3.948560752231389e-09,6.958307140970178e-12,0.00013189266744688833
120,6,1-7,adjust,7.32826202318436e-05,1.2920936219513126e-07,0.00014638301403228386
120,9,1-8,adjust,0.0010681717545684042,2.934402596012911e-05,7.87968567696194e-07
121,2,1-4,adjust,0.0016986359448504477,-4.666994855216332e-05,1.1237648170609526e-05
121,3,1-4,adjust,0.0007393556157786446,-8.810883855776503e-06,4.839120654354818e-05
121,6,1-5,adjust,-7.328700468636538e-05,-1.2921709538777474e-07,0.0001262648857491897
121,7,1-5,adjust,-3.773473999911832e-09,-2.178312768865494e-11,0.00010352953423392193
121,8,1-5,adjust,-1.4894419023467713e-09,-1.775621353315362e-11,9.061790022254897e-05
121,9,1-5,adjust,-0.0010681723287601762,-2.9344041744002283e-05,5.565411244620915e-05
122,2,1-7,adjust,-0.001698635094493812,4.6669925184217184e-05,8.425632794931243e-05
122,3,1-7,adjust,-0.0007393547650582176,8.810873715621056e-06,0.00014274562474913958
122,4,1-7,adjust,-0.0,-0.0,0.00010799613741291475
122,5,1-7,adjust,-2.8218488085292774e-09,4.972701707257965e-12,0.00013189264846000346
122,6,1-7,adjust,7.328321983244218e-05,1.292104206113074e-07,0.00014638298602692834
122,9,1-8,adjust,0.0010681715077914906,2.934401918231122e-05,7.87989940144478e-07
123,2,1-4,adjust,0.0016986355196149587,-4.666993686844675e-05,1.1237666584547667e-05
123,3,1-4,adjust,0.000739355190471701,-8.81087878683829e-06,4.8391239966626734e-05
123,6,1-5,adjust,-7.328635318172584e-05,-1.2921594688482645e-07,0.00012626485635644863
123,7,1-5,adjust,-2.696712933048332e-09,-1.5567406962916443e-11,0.00010352951804014036
123,8,1-5,adjust,-1.0644315581878468e-09,-1.268958317548929e-11,9.061789264458569e-05
123,9,1-5,adjust,-0.0010681719181373907,-2.9344030462445563e-05,5.565411244683412e-05
124,2,1-7,adjust,-0.0016986349118970842,4.666992016794686e-05,8.425632649263614e-05
124,3,1-7,adjust,-0.000739354582498798,8.810871539978013e-06,0.00014274561908537346
124,4,1-7,adjust,-0.0,-0.0,0.00010799612804859926
124,5,1-7,adjust,-2.016624747875956e-09,3.5536145811337543e-12,0.00013189263489042495
124,6,1-7,adjust,7.328364833098716e-05,1.292111758977195e-07,0.0001463829660137583
124,9,1-8,adjust,0.0010681713314474193,2.9344014338840078e-05,7.880052140447997e-07
125,2,1-4,adjust,0.0016986352157118733,-4.6669928518412714e-05,1.1237679744278713e-05
125,3,1-4,adjust,0.0007393548865147493,-8.810875164694005e-06,4.8391263852419295e-05
125,6,1-5,adjust,-7.32858875608464e-05,-1.2921512632277844e-07,0.00012626483535038883
125,7,1-5,adjust,-1.9272084977379873e-09,-1.1125337167550045e-11,0.00010352950646765477
125,8,1-5,adjust,-7.607060108654824e-10,-9.06829472653618e-12,9.061788722990737e-05
125,9,1-5,adjust,-0.001068171624727055,-2.9344022400139515e-05,5.565411244604891e-05
126,2,1-7,adjust,-0.0016986347814296268,4.666991658343382e-05,8.425632545045447e-05
126,3,1-7,adjust,-0.0007393544520052147,8.810869985396664e-06,0.00014274561503880296
126,4,1-7,adjust,-0.0,-0.0,0.0001079961213572019
126,5,1-7,adjust,-1.4411599019532875e-09,2.5395994304442248e-12,0.00013189262519484708
126,6,1-7,adjust,7.328395454870184e-05,1.292117162451829e-07,0.00014638295171149897
126,9,1-8,adjust,0.0010681712054325305,2.9344010878218762e-05,7.880161296783901e-07
127,2,1-4,adjust,0.0016986349985180017,-4.666992255107419e-05,1.1237689149232817e-05
127,3,1-4,adjust,0.0007393546693031958,-8.810872575533396e-06,4.8391280921757825e-05
127,6,1-5,adjust,-7.328555482126093e-05,-1.2921453811287056e-07,0.0001262648203398062
127,7,1-5,adjust,-1.3772776787135743e-09,-7.95056915534431e-12,0.00010352949819756913
127,8,1-5,adjust,-5.436300928005947e-10,-6.480914599994552e-12,9.061788335972062e-05
127,9,1-5,adjust,-0.0010681714150045927,-2.934401663830943e-05,5.565411244654567e-05
128,2,1-7,adjust,-0.001698634688148996,4.666991402182307e-05,8.425632470578717e-05
128,3,1-7,adjust,-0.0007393543587880741,8.810868874457944e-06,0.00014274561214652287
128,4,1-7,adjust,-0.0,-0.0,0.00010799611657428091
128,5,1-7,adjust,-1.0299153409894646e-09,1.8148898980741156e-12,0.00013189261826442546
128,6,1-7,adjust,7.328417340579691e-05,1.2921210126348482e-07,0.0001463829414906959
128,9,1-8,adjust,0.0010681711153526262,2.9344008403809016e-05,7.8802393004833e-07
129,2,1-4,adjust,0.0016986348433242332,-4.666991828626137e-05,1.1237695869506665e-05
129,3,1-4,adjust,0.0007393545140447241,-8.810870725667585e-06,4.839129312029598e-05
129,6,1-5,adjust,-7.328531699159693e-05,-1.292141197214481e-07,0.00012626480961172557
129,7,1-5,adjust,-9.84270923903876e-10,-5.6817286355598655e-12,0.00010352949228715102
129,8,1-5,adjust,-3.8848621384182354e-10,-4.631463744732712e-12,9.061788059523741e-05
129,9,1-5,adjust,-0.0010681712651253582,-2.9344012520511292e-05,5.565411244659374e-05
130,2,1-7,adjust,-0.0016986346215126262,4.666991219104419e-05,8.425632417511357e-05
130,3,1-7,adjust,-0.0007393542921580312,8.8108680815196e-06,0.00014274561007858482
130,4,1-7,adjust,-0.0,-0.0,0.00010799611315653524
130,5,1-7,adjust,-7.360603472445888e-10,1.2968552821493972e-12,0.00013189261331164278
130,6,1-7,adjust,7.328432977202936e-05,1.2921237826307493e-07,0.0001463829341850081
130,9,1-8,adjust,0.0010681710510063746,2.9344006636310085e-05,7.880295043325652e-07
131,2,1-4,adjust,0.001698634732385925,-4.6669915237952696e-05,1.123770067181753e-05
131,3,1-4,adjust,0.0007393544031270271,-8.81086940394179e-06,4.839130183833576e-05
131,6,1-5,adjust,-7.328514708220991e-05,-1.2921381952305398e-07,0.00012626480194480923
131,7,1-5,adjust,-7.034137495975557e-10,-4.060569057940108e-12,0.00010352948806262634
131,8,1-5,adjust,-2.776335955739437e-10,-3.309929594829378e-12,9.061787861872021e-05
131,9,1-5,adjust,-0.0010681711580275827,-2.9344009578699557e-05,5.5654112446625795e-05
132,2,1-7,adjust,-0.001698634573875336,4.666991088185796e-05,8.42563237944631e-05
132,3,1-7,adjust,-0.0007393542445465957,8.810867513534177e-06,0.00014274560860162128
132,4,1-7,adjust,-0.0,-0.0,0.00010799611071414827
132,5,1-7,adjust,-5.260108938895726e-10,9.270365345172304e-13,0.00013189260977249404
132,6,1-7,adjust,7.328444155729364e-05,1.2921257565847563e-07,0.00014638292896499767
132,9,1-8,adjust,0.0010681710050222542,2.934400537290684e-05,7.880334896727328e-07
133,2,1-4,adjust,0.0016986346531193176,-4.6669913060062185e-05,1.1237704104530271e-05
133,3,1-4,adjust,0.0007393543238538009,-8.810868459046378e-06,4.8391308068542564e-05
133,6,1-5,adjust,-7.328502561868625e-05,-1.2921360532430592e-07,0.0001262647964660642
133,7,1-5,adjust,-5.026941989507897e-10,-2.9019362365363292e-12,0.00010352948504440821
133,8,1-5,adjust,-1.9843103985084963e-10,-2.3655121874941622e-12,9.061787720531059e-05
133,9,1-5,adjust,-0.0010681710815228424,-2.9344007476666065e-05,5.56541124452637e-05
134,2,1-7,adjust,-0.0016986345398417064,4.666990994717783e-05,8.425632352242798e-05
134,3,1-7,adjust,-0.0007393542104998806,8.810867107493831e-06,0.0001427456075455462
134,4,1-7,adjust,-0.0,-0.0,0.0001079961089685789
134,5,1-7,adjust,-3.759144163292149e-10,6.623204363090806e-13,0.00013189260724325326
134,6,1-7,adjust,7.328452140750918e-05,1.292127156729068e-07,0.00014638292523477055
134,9,1-8,adjust,0.0010681709721406649,2.934400447028574e-05,7.8803633713178e-07
135,2,1-4,adjust,0.0016986345964576349,-4.666991150401486e-05,1.1237706557685819e-05
135,3,1-4,adjust,0.0007393542671605496,-8.810867783472364e-06,4.839131252039348e-05
135,6,1-5,adjust,-7.328493883375745e-05,-1.292134527749577e-07,0.00012626479255017502
135,7,1-5,adjust,-3.592564501969941e-10,-2.0738720228380087e-12,0.00010352948288671587
135,8,1-5,adjust,-1.417893515797222e-10,-1.6904088177483434e-12,9.061787619689293e-05
135,9,1-5,adjust,-0.0010681710268057702,-2.9344005973480254e-05,5.5654112445952756e-05
136,2,1-7,adjust,-0.0016986345155155774,4.666990927924796e-05,8.425632332859334e-05
136,3,1-7,adjust,-0.0007393541861606078,8.810866817614286e-06,0.0001427456067919852
136,4,1-7,adjust,-0.0,-0.0,0.00010799610772112096
136,5,1-7,adjust,-2.6864584033052894e-10,4.734545507450242e-13,0.0001318926054353799
136,6,1-7,adjust,7.328457849586132e-05,1.292128161273254e-07,0.0001463829225689033
136,9,1-8,adjust,0.001068170948645542,2.9344003825762477e-05,7.880383722672898e-07
137,2,1-4,adjust,0.0016986345559878257,-4.666991039166258e-05,1.1237708310530406e-05
137,3,1-4,adjust,0.0007393542266648342,-8.810867300416163e-06,4.839131570206344e-05
137,6,1-5,adjust,-7.328487678453622e-05,-1.2921334356526512e-07,0.0001262647897513349
137,7,1-5,adjust,-2.567504115427993e-10,-1.4820531327236824e-12,0.00010352948134581384
137,8,1-5,adjust,-1.0134923200738898e-10,-1.208240195290573e-12,9.061787547462814e-05
137,9,1-5,adjust,-0.0010681709877092208,-2.9344004899011137e-05,5.56541124478597e-05
138,2,1-7,adjust,-0.0016986344981416678,4.666990880212965e-05,8.425632318959519e-05
138,3,1-7,adjust,-0.00073935416880285,8.810866610974346e-06,0.0001427456062510558
138,4,1-7,adjust,-0.0,-0.0,0.00010799610682963544
138,5,1-7,adjust,-1.9199316137157104e-10,3.3842472231756383e-13,0.0001318926041435977
138,6,1-7,adjust,7.328461927592902e-05,1.29212889640403e-07,0.00014638292066286267
138,9,1-8,adjust,0.0010681709318417605,2.9344003364405504e-05,7.880398257386363e-07
139,2,1-4,adjust,0.0016986345270553205,-4.666990959672081e-05,1.1237709563981584e-05
139,3,1-4,adjust,0.0007393541977409328,-8.810866955934428e-06,4.8391317976287314e-05
139,6,1-5,adjust,-7.32848324779032e-05,-1.2921326395776025e-07,0.00012626478775203058
139,7,1-5,adjust,-1.834887796550392e-10,-1.0592989484074634e-12,0.00010352948024369982
139,8,1-5,adjust,-7.242069830333588e-11,-8.634093407192975e-13,9.061787495962669e-05
139,9,1-5,adjust,-0.0010681709597879492,-2.9344004131934485e-05,5.565411244540792e-05
140,2,1-7,adjust,-0.0016986344856907744,4.666990845984974e-05,8.425632309117155e-05
140,3,1-7,adjust,-0.0007393541563566311,8.810866462673612e-06,0.00014274560586627095
140,4,1-7,adjust,-0.0,-0.0,0.00010799610619233357
140,5,1-7,adjust,-1.3719941597032213e-10,2.4180856543112736e-13,0.000131892603220191
140,6,1-7,adjust,7.328464844063467e-05,1.2921294000878754e-07,0.00014638291930130895
140,9,1-8,adjust,0.0010681709198571462,2.9344003034706247e-05,7.880408650999683e-07
141,2,1-4,adjust,0.001698634506373276,-4.666990902863039e-05,1.1237710459152764e-05
141,3,1-4,adjust,0.0007393541770548338,-8.810866709405578e-06,4.839131960173562e-05
141,6,1-5,adjust,-7.328480078768064e-05,-1.2921320891011535e-07,0.00012626478632269243
141,7,1-5,adjust,-1.3111242367274613e-10,-7.569039161497049e-13,0.00010352947945653504
141,8,1-5,adjust,-0.0,-0.0,9.061787528859755e-05
141,9,1-5,adjust,-0.001068170939824383,-2.934400358435884e-05,5.565411244503935e-05
142,2,1-7,adjust,-0.0016986344768370586,4.6669908216306445e-05,8.425632381324404e-05
142,3,1-7,adjust,-0.0007393541475303321,8.81086635718968e-06,0.00014274560620469636
142,4,1-7,adjust,-0.0,-0.0,0.00010799610619233357
142,5,1-7,adjust,-9.806324841349051e-11,1.7270842422607596e-13,0.00013189260283566256
142,6,1-7,adjust,7.32846692989894e-05,1.2921297780386278e-07,0.0001463829183279373
142,9,1-8,adjust,0.0010681709298551003,2.9344003309011586e-05,7.880428732499017e-07
143,2,1-4,adjust,0.001698634491602669,-4.666990862246488e-05,1.1237711098986548e-05
143,3,1-4,adjust,0.0007393541622880412,-8.810866533346676e-06,4.8391320763525575e-05
143,6,1-5,adjust,-7.328477817427393e-05,-1.2921316866514658e-07,0.00012626478530143899
143,7,1-5,adjust,-9.37201653779252e-11,-5.410936270956249e-13,0.00010352947889403641
143,8,1-5,adjust,-6.285455580360623e-11,-7.492564640694491e-13,9.061787432722836e-05
143,9,1-5,adjust,-0.0010681709348241608,-2.934400344599191e-05,5.5654112445151524e-05
144,2,1-7,adjust,-0.0016986344704939594,4.666990804257245e-05,8.425632336615521e-05
144,3,1-7,adjust,-0.0007393541411472907,8.810866281165684e-06,0.00014274560570139293
144,4,1-7,adjust,-0.0,-0.0,0.00010799610563967409
144,5,1-7,adjust,-0.0,-0.0,0.0001318926025884016
144,6,1-7,adjust,7.328468417694355e-05,1.2921300261182724e-07,0.00014638291763313882
144,9,1-8,adjust,0.001068170909826868,2.934400275906874e-05,7.880427722943606e-07
145,2,1-4,adjust,0.001698634481038546,-4.6669908332382905e-05,1.1237711099563437e-05
145,3,1-4,adjust,0.0007393541517176506,-8.810866407298892e-06,4.8391320763878124e-05
145,6,1-5,adjust,-7.328473118240966e-05,-1.29213085469928e-07,0.00012626478530172744
145,7,1-5,adjust,-0.0,-0.0,0.00010352947935253482
145,8,1-5,adjust,-0.0,-0.0,9.061787475157816e-05
145,9,1-5,adjust,-0.001068170922320275,-2.9344003102772626e-05,5.565411244516755e-05
146,2,1-7,adjust,-0.0016986344757692028,4.6669908187264125e-05,8.425632336541808e-05
146,3,1-7,adjust,-0.0007393541464862159,8.810866345227469e-06,0.00014274560570041542
146,4,1-7,adjust,-0.0,-0.0,0.00010799610563967409
146,5,1-7,adjust,-0.0,-0.0,0.0001318926025884016
146,6,1-7,adjust,7.328470768941567e-05,1.2921304456852603e-07,0.00014638291763320293
146,9,1-8,adjust,0.0010681709160508398,2.934400293035696e-05,7.880427712687805e-07
147,2,1-4,adjust,0.0016986344784148948,-4.666990825930376e-05,1.1237711099307043e-05
147,3,1-4,adjust,0.0007393541491060544,-8.810866376322918e-06,4.839132076336533e-05
147,6,1-5,adjust,-7.328471945010703e-05,-1.2921306561467704e-07,0.00012626478530172744
147,7,1-5,adjust,-0.0,-0.0,0.00010352947935253482
147,8,1-5,adjust,-0.0,-0.0,9.061787475157816e-05
147,9,1-5,adjust,-0.001068170919176111,-2.934400301615801e-05,5.565411244580854e-05
148,2,1-7,adjust,-0.0016986344770403455,4.666990822223349e-05,8.425632336670005e-05
148,3,1-7,adjust,-0.00073935414777716,8.81086636017753e-06,0.00014274560570155318
148,4,1-7,adjust,-0.0,-0.0,0.00010799610563967409
148,5,1-7,adjust,-0.0,-0.0,0.0001318926025884016
148,6,1-7,adjust,7.328471353991643e-05,1.2921305464355747e-07,0.00014638291763352342
148,9,1-8,adjust,0.0010681709176172712,2.9344002973539803e-05,7.880427716533731e-07
149,2,1-4,adjust,0.0016986344777394906,-4.66699082414513e-05,1.1237711099339092e-05
149,3,1-4,adjust,0.0007393541484390641,-8.810866368299976e-06,4.8391320764102465e-05
149,6,1-5,adjust,-7.328471649559309e-05,-1.2921306020135594e-07,0.00012626478530127874
149,7,1-5,adjust,-0.0,-0.0,0.00010352947935253482
149,8,1-5,adjust,-0.0,-0.0,9.061787475157816e-05
149,9,1-5,adjust,-0.0010681709184126144,-2.9344002995061344e-05,5.5654112445520085e-05
150,2,1-7,adjust,-0.0016986344774289103,4.666990823335344e-05,8.425632336551422e-05
150,3,1-7,adjust,-0.0007393541481369208,8.810866364724053e-06,0.00014274560570113652
150,4,1-7,adjust,-0.0,-0.0,0.00010799610563967409
150,5,1-7,adjust,-0.0,-0.0,0.0001318926025884016
150,6,1-7,adjust,7.32847149997526e-05,1.2921305634786012e-07,0.00014638291763374776
150,9,1-8,adjust,0.001068170918014603,2.934400298430777e-05,7.880427711726325e-07
151,2,1-4,adjust,0.0016986344775610084,-4.666990823706592e-05,1.1237711099563437e-05
151,3,1-4,adjust,0.0007393541482925136,-8.810866366553451e-06,4.839132076394222e-05
151,6,1-5,adjust,-7.32847157611573e-05,-1.292130574445097e-07,0.00012626478530172744
151,7,1-5,adjust,-0.0,-0.0,0.00010352947935253482
151,8,1-5,adjust,-0.0,-0.0,9.061787475157816e-05
151,9,1-5,adjust,-0.0010681709181806869,-2.9344002988790956e-05,5.5654112446321324e-05
152,2,1-7,adjust,-0.0016986344774774864,4.666990823438251e-05,8.425632336602702e-05
152,3,1-7,adjust,-0.000739354148176142,8.810866364950912e-06,0.00014274560570057566
152,4,1-7,adjust,-0.0,-0.0,0.00010799610563967409
152,5,1-7,adjust,-0.0,-0.0,0.0001318926025884016
152,6,1-7,adjust,7.328471540960116e-05,1.292130583842675e-07,0.00014638291763301062
152,9,1-8,adjust,0.0010681709181142734,2.9344002986749952e-05,7.880427714610768e-07
153,2,1-4,adjust,0.001698634477514979,-4.666990823576436e-05,1.1237711098601956e-05
153,3,1-4,adjust,0.0007393541482295726,-8.810866365655329e-06,4.8391320763205085e-05
153,6,1-5,adjust,-7.328471556212244e-05,-1.2921305874037644e-07,0.00012626478530140695
153,7,1-5,adjust,-0.0,-0.0,0.00010352947935253482
153,8,1-5,adjust,-0.0,-0.0,9.061787475157816e-05
153,9,1-5,adjust,-0.0010681709181667625,-2.9344002988667628e-05,5.5654112445055375e-05
154,2,1-7,adjust,-0.0016986344774782087,4.666990823419866e-05,8.42563233667321e-05
154,3,1-7,adjust,-0.0007393541481801988,8.81086636560988e-06,0.00014274560570057566
154,4,1-7,adjust,-0.0,-0.0,0.00010799610563967409
154,5,1-7,adjust,-0.0,-0.0,0.0001318926025884016
154,6,1-7,adjust,7.32847154855255e-05,1.2921305820357283e-07,0.0001463829176329465
154,9,1-8,adjust,0.0010681709181304356,2.9344002987860074e-05,7.880427714290274e-07
155,2,1-4,adjust,0.0016986344775046466,-4.666990823507347e-05,1.1237711099371142e-05
155,3,1-4,adjust,0.0007393541482098449,-8.810866365864282e-06,4.8391320764102465e-05
155,6,1-5,adjust,-7.32847155038991e-05,-1.292130580455917e-07,0.00012626478530121464
155,7,1-5,adjust,-0.0,-0.0,0.00010352947935253482
155,8,1-5,adjust,-0.0,-0.0,9.061787475157816e-05
155,9,1-5,adjust,-0.0010681709181442993,-2.9344002987615542e-05,5.565411244601686e-05
156,2,1-7,adjust,-0.001698634477514901,4.666990823592866e-05,8.425632336583472e-05
156,3,1-7,adjust,-0.0007393541482207737,8.810866365982416e-06,0.00014274560570113652
156,4,1-7,adjust,-0.0,-0.0,0.00010799610563967409
156,5,1-7,adjust,-0.0,-0.0,0.0001318926025884016
156,6,1-7,adjust,7.32847155063957e-05,1.292130582033646e-07,0.0001463829176333311
156,9,1-8,adjust,0.0010681709181533327,2.9344002987527037e-05,7.880427713328792e-07
157,2,1-4,adjust,0.00169863447753189,-4.666990823556285e-05,1.1237711099114746e-05
157,3,1-4,adjust,0.0007393541482182996,-8.810866365743012e-06,4.839132076358968e-05
157,6,1-5,adjust,-7.328471551149342e-05,-1.2921305805898314e-07,0.00012626478530147105
157,7,1-5,adjust,-0.0,-0.0,0.00010352947935253482
157,8,1-5,adjust,-0.0,-0.0,9.061787475157816e-05
157,9,1-5,adjust,-0.0010681709181389202,-2.9344002987310515e-05,5.5654112445952756e-05
158,2,1-7,adjust,-0.001698634477543687,4.666990823590543e-05,8.425632336586677e-05
158,3,1-7,adjust,-0.0007393541482126586,8.810866365774686e-06,0.00014274560570076797
158,4,1-7,adjust,-0.0,-0.0,0.00010799610563967409
158,5,1-7,adjust,-0.0,-0.0,0.0001318926025884016
158,6,1-7,adjust,7.328471549272206e-05,1.292130581422472e-07,0.00014638291763320293
158,9,1-8,adjust,0.0010681709181304356,2.9344002987860074e-05,7.880427724546075e-07
159,2,1-4,adjust,0.001698634477514979,-4.666990823576436e-05,1.1237711099114746e-05
159,3,1-4,adjust,0.0007393541482060874,-8.810866365671475e-06,4.839132076301279e-05
159,6,1-5,adjust,-7.328471551149342e-05,-1.2921305805898314e-07,0.00012626478530147105
159,7,1-5,adjust,-0.0,-0.0,0.00010352947935253482
159,8,1-5,adjust,-0.0,-0.0,9.061787475157816e-05
159,9,1-5,adjust,-0.0010681709181370235,-2.9344002987424783e-05,5.565411244660977e-05
160,2,1-7,adjust,-0.001698634477537926,4.6669908236709355e-05,8.425632336535399e-05
160,3,1-7,adjust,-0.0007393541481842569,8.810866365269666e-06,0.00014274560570054362
160,4,1-7,adjust,-0.0,-0.0,0.00010799610563967409
160,5,1-7,adjust,-0.0,-0.0,0.0001318926025884016
160,6,1-7,adjust,7.328471549272206e-05,1.292130581422472e-07,0.00014638291763320293
160,9,1-8,adjust,0.00106817091811562,2.9344002987083006e-05,7.8804277181362e-07
161,2,1-4,adjust,0.0016986344775215564,-4.666990823598201e-05,1.123771109847376e-05
161,3,1-4,adjust,0.0007393541482060874,-8.810866365671475e-06,4.839132076378197e-05
161,6,1-5,adjust,-7.328471551149342e-05,-1.2921305805898314e-07,0.00012626478530147105
161,7,1-5,adjust,-0.0,-0.0,0.00010352947935253482
161,8,1-5,adjust,-0.0,-0.0,9.061787475157816e-05
161,9,1-5,adjust,-0.0010681709181442993,-2.9344002987615542e-05,5.565411244601686e-05
162,2,1-7,adjust,-0.0016986344774782087,4.666990823419866e-05,8.42563233667321e-05
162,3,1-7,adjust,-0.0007393541482207737,8.810866365982416e-06,0.00014274560570113652
162,4,1-7,adjust,-0.0,-0.0,0.00010799610563967409
162,5,1-7,adjust,-0.0,-0.0,0.0001318926025884016
162,6,1-7,adjust,7.328471549272206e-05,1.292130581422472e-07,0.00014638291763320293
162,9,1-8,adjust,0.0010681709181533327,2.9344002987527037e-05,7.880427713328792e-07
163,2,1-4,adjust,0.0016986344775187403,-4.666990823534954e-05,1.123771109898655e-05
163,3,1-4,adjust,0.0007393541482182996,-8.810866365743012e-06,4.839132076358968e-05
163,6,1-5,adjust,-7.328471551149342e-05,-1.2921305805898314e-07,0.00012626478530147105
163,7,1-5,adjust,-0.0,-0.0,0.00010352947935253482
163,8,1-5,adjust,-0.0,-0.0,9.061787475157816e-05
163,9,1-5,adjust,-0.0010681709181389202,-2.9344002987310515e-05,5.5654112445952756e-05
164,2,1-7,adjust,-0.001698634477524261,4.666990823509399e-05,8.42563233664757e-05
164,3,1-7,adjust,-0.0007393541482126586,8.810866365774686e-06,0.00014274560570076797
164,4,1-7,adjust,-0.0,-0.0,0.00010799610563967409
164,5,1-7,adjust,-0.0,-0.0,0.0001318926025884016
164,6,1-7,adjust,7.328471549272206e-05,1.292130581422472e-07,0.00014638291763320293
164,9,1-8,adjust,0.0010681709181304356,2.9344002987860074e-05,7.880427724546075e-07
165,2,1-4,adjust,0.0016986344775046466,-4.666990823507347e-05,1.1237711099371142e-05
165,3,1-4,adjust,0.0007393541482060874,-8.810866365671475e-06,4.839132076301279e-05
165,6,1-5,adjust,-7.328471551149342e-05,-1.2921305805898314e-07,0.00012626478530147105
165,7,1-5,adjust,-0.0,-0.0,0.00010352947935253482
165,8,1-5,adjust,-0.0,-0.0,9.061787475157816e-05
165,9,1-5,adjust,-0.0010681709181370235,-2.9344002987424783e-05,5.565411244660977e-05
166,2,1-7,adjust,-0.0016986344775069906,4.666990823506351e-05,8.425632336621931e-05
166,3,1-7,adjust,-0.0007393541481842569,8.810866365269666e-06,0.00014274560570054362
166,4,1-7,adjust,-0.0,-0.0,0.00010799610563967409
166,5,1-7,adjust,-0.0,-0.0,0.0001318926025884016
166,6,1-7,adjust,7.328471549272206e-05,1.292130581422472e-07,0.00014638291763320293
166,9,1-8,adjust,0.00106817091811562,2.9344002987083006e-05,7.8804277181362e-07
167,2,1-4,adjust,0.0016986344775046466,-4.666990823507347e-05,1.1237711099371142e-05
167,3,1-4,adjust,0.0007393541482060874,-8.810866365671475e-06,4.839132076378197e-05
167,6,1-5,adjust,-7.328471551149342e-05,-1.2921305805898314e-07,0.00012626478530147105
167,7,1-5,adjust,-0.0,-0.0,0.00010352947935253482
167,8,1-5,adjust,-0.0,-0.0,9.061787475157816e-05
167,9,1-5,adjust,-0.0010681709181442993,-2.9344002987615542e-05,5.565411244601686e-05
168,2,1-7,adjust,-0.0016986344775069906,4.666990823506351e-05,8.425632336621931e-05
168,3,1-7,adjust,-0.0007393541482207737,8.810866365982416e-06,0.00014274560570113652
168,4,1-7,adjust,-0.0,-0.0,0.00010799610563967409
168,5,1-7,adjust,-0.0,-0.0,0.0001318926025884016
168,6,1-7,adjust,7.328471549272206e-05,1.292130581422472e-07,0.00014638291763320293
168,9,1-8,adjust,0.0010681709181533327,2.9344002987527037e-05,7.880427713328792e-07
169,2,1-4,adjust,0.0016986344775046466,-4.666990823507347e-05,1.1237711099371142e-05
169,3,1-4,adjust,0.0007393541482182996,-8.810866365743012e-06,4.839132076358968e-05
169,6,1-5,adjust,-7.328471551149342e-05,-1.2921305805898314e-07,0.00012626478530147105
169,7,1-5,adjust,-0.0,-0.0,0.00010352947935253482
169,8,1-5,adjust,-0.0,-0.0,9.061787475157816e-05
169,9,1-5,adjust,-0.0010681709181389202,-2.9344002987310515e-05,5.5654112445952756e-05
170,2,1-7,adjust,-0.0016986344775069906,4.666990823506351e-05,8.425632336621931e-05
170,3,1-7,adjust,-0.0007393541482126586,8.810866365774686e-06,0.00014274560570076797
170,4,1-7,adjust,-0.0,-0.0,0.00010799610563967409
170,5,1-7,adjust,-0.0,-0.0,0.0001318926025884016
170,6,1-7,adjust,7.328471549272206e-05,1.292130581422472e-07,0.00014638291763320293
170,9,1-8,adjust,0.0010681709181304356,2.9344002987860074e-05,7.880427724546075e-07
171,2,1-4,adjust,0.0016986344775046466,-4.666990823507347e-05,1.1237711099371142e-05
171,3,1-4,adjust,0.0007393541482060874,-8.810866365671475e-06,4.839132076301279e-05
171,6,1-5,adjust,-7.328471551149342e-05,-1.2921305805898314e-07,0.00012626478530147105
171,7,1-5,adjust,-0.0,-0.0,0.00010352947935253482
171,8,1-5,adjust,-0.0,-0.0,9.061787475157816e-05
171,9,1-5,adjust,-0.0010681709181370235,-2.9344002987424783e-05,5.565411244660977e-05
172,2,1-7,adjust,-0.0016986344775069906,4.666990823506351e-05,8.425632336621931e-05
172,3,1-7,adjust,-0.0007393541481842569,8.810866365269666e-06,0.00014274560570054362
172,4,1-7,adjust,-0.0,-0.0,0.00010799610563967409
172,5,1-7,adjust,-0.0,-0.0,0.0001318926025884016
172,6,1-7,adjust,7.328471549272206e-05,1.292130581422472e-07,0.00014638291763320293
172,9,1-8,adjust,0.00106817091811562,2.9344002987083006e-05,7.8804277181362e-07
173,2,1-4,adjust,0.0016986344775046466,-4.666990823507347e-05,1.1237711099371142e-05
173,3,1-4,adjust,0.0007393541482060874,-8.810866365671475e-06,4.839132076378197e-05
173,6,1-5,adjust,-7.328471551149342e-05,-1.2921305805898314e-07,0.00012626478530147105
173,7,1-5,adjust,-0.0,-0.0,0.00010352947935253482
173,8,1-5,adjust,-0.0,-0.0,9.061787475157816e-05
173,9,1-5,adjust,-0.0010681709181442993,-2.9344002987615542e-05,5.565411244601686e-05
174,2,1-7,adjust,-0.0016986344775069906,4.666990823506351e-05,8.425632336621931e-05
174,3,1-7,adjust,-0.0007393541482207737,8.810866365982416e-06,0.00014274560570113652
174,4,1-7,adjust,-0.0,-0.0,0.00010799610563967409
174,5,1-7,adjust,-0.0,-0.0,0.0001318926025884016
174,6,1-7,adjust,7.328471549272206e-05,1.292130581422472e-07,0.00014638291763320293
174,9,1-8,adjust,0.0010681709181533327,2.9344002987527037e-05,7.880427713328792e-07
175,2,1-4,adjust,0.0016986344775046466,-4.666990823507347e-05,1.1237711099371142e-05
175,3,1-4,adjust,0.0007393541482182996,-8.810866365743012e-06,4.839132076358968e-05
175,6,1-5,adjust,-7.328471551149342e-05,-1.2921305805898314e-07,0.00012626478530147105
175,7,1-5,adjust,-0.0,-0.0,0.00010352947935253482
175,8,1-5,adjust,-0.0,-0.0,9.061787475157816e-05
175,9,1-5,adjust,-0.0010681709181389202,-2.9344002987310515e-05,5.5654112445952756e-05
176,2,1-7,adjust,-0.0016986344775069906,4.666990823506351e-05,8.425632336621931e-05
176,3,1-7,adjust,-0.0007393541482126586,8.810866365774686e-06,0.00014274560570076797
176,4,1-7,adjust,-0.0,-0.0,0.00010799610563967409
176,5,1-7,adjust,-0.0,-0.0,0.0001318926025884016
176,6,1-7,adjust,7.328471549272206e-05,1.292130581422472e-07,0.00014638291763320293
176,9,1-8,adjust,0.0010681709181304356,2.9344002987860074e-05,7.880427724546075e-07
177,2,1-4,adjust,0.0016986344775046466,-4.666990823507347e-05,1.1237711099371142e-05
177,3,1-4,adjust,0.0007393541482060874,-8.810866365671475e-06,4.839132076301279e-05
177,6,1-5,adjust,-7.328471551149342e-05,-1.2921305805898314e-07,0.00012626478530147105
177,7,1-5,adjust,-0.0,-0.0,0.00010352947935253482
177,8,1-5,adjust,-0.0,-0.0,9.061787475157816e-05
177,9,1-5,adjust,-0.0010681709181370235,-2.9344002987424783e-05,5.565411244660977e-05
178,2,1-7,adjust,-0.0016986344775069906,4.666990823506351e-05,8.425632336621931e-05
178,3,1-7,adjust,-0.0007393541481842569,8.810866365269666e-06,0.00014274560570054362
178,4,1-7,adjust,-0.0,-0.0,0.00010799610563967409
178,5,1-7,adjust,-0.0,-0.0,0.0001318926025884016
178,6,1-7,adjust,7.328471549272206e-05,1.292130581422472e-07,0.00014638291763320293
178,9,1-8,adjust,0.00106817091811562,2.9344002987083006e-05,7.8804277181362e-07
179,2,1-4,adjust,0.0016986344775046466,-4.666990823507347e-05,1.1237711099371142e-05
179,3,1-4,adjust,0.0007393541482060874,-8.810866365671475e-06,4.839132076378197e-05
179,6,1-5,adjust,-7.328471551149342e-05,-1.2921305805898314e-07,0.00012626478530147105
179,7,1-5,adjust,-0.0,-0.0,0.00010352947935253482
179,8,1-5,adjust,-0.0,-0.0,9.061787475157816e-05
179,9,1-5,adjust,-0.0010681709181442993,-2.9344002987615542e-05,5.565411244601686e-05
180,2,1-7,adjust,-0.0016986344775069906,4.666990823506351e-05,8.425632336621931e-05
180,3,1-7,adjust,-0.0007393541482207737,8.810866365982416e-06,0.00014274560570113652
180,4,1-7,adjust,-0.0,-0.0,0.00010799610563967409
180,5,1-7,adjust,-0.0,-0.0,0.0001318926025884016
180,6,1-7,adjust,7.328471549272206e-05,1.292130581422472e-07,0.00014638291763320293
180,9,1-8,adjust,0.0010681709181533327,2.9344002987527037e-05,7.880427713328792e-07
181,2,1-4,adjust,0.0016986344775046466,-4.666990823507347e-05,1.1237711099371142e-05
181,3,1-4,adjust,0.0007393541482182996,-8.810866365743012e-06,4.839132076358968e-05
181,6,1-5,adjust,-7.328471551149342e-05,-1.2921305805898314e-07,0.00012626478530147105
181,7,1-5,adjust,-0.0,-0.0,0.00010352947935253482
181,8,1-5,adjust,-0.0,-0.0,9.061787475157816e-05
181,9,1-5,adjust,-0.0010681709181389202,-2.9344002987310515e-05,5.5654112445952756e-05
182,2,1-7,adjust,-0.0016986344775069906,4.666990823506351e-05,8.425632336621931e-05
182,3,1-7,adjust,-0.0007393541482126586,8.810866365774686e-06,0.00014274560570076797
182,4,1-7,adjust,-0.0,-0.0,0.00010799610563967409
182,5,1-7,adjust,-0.0,-0.0,0.0001318926025884016
182,6,1-7,adjust,7.328471549272206e-05,1.292130581422472e-07,0.00014638291763320293
182,9,1-8,adjust,0.0010681709181304356,2.9344002987860074e-05,7.880427724546075e-07
183,2,1-4,adjust,0.0016986344775046466,-4.666990823507347e-05,1.1237711099371142e-05
183,3,1-4,adjust,0.0007393541482060874,-8.810866365671475e-06,4.839132076301279e-05
183,6,1-5,adjust,-7.328471551149342e-05,-1.2921305805898314e-07,0.00012626478530147105
183,7,1-5,adjust,-0.0,-0.0,0.00010352947935253482
183,8,1-5,adjust,-0.0,-0.0,9.061787475157816e-05
183,9,1-5,adjust,-0.0010681709181370235,-2.9344002987424783e-05,5.565411244660977e-05
184,2,1-7,adjust,-0.0016986344775069906,4.666990823506351e-05,8.425632336621931e-05
184,3,1-7,adjust,-0.0007393541481842569,8.810866365269666e-06,0.00014274560570054362
184,4,1-7,adjust,-0.0,-0.0,0.00010799610563967409
184,5,1-7,adjust,-0.0,-0.0,0.0001318926025884016
184,6,1-7,adjust,7.328471549272206e-05,1.292130581422472e-07,0.00014638291763320293
184,9,1-8,adjust,0.00106817091811562,2.9344002987083006e-05,7.8804277181362e-07
185,2,1-4,adjust,0.0016986344775046466,-4.666990823507347e-05,1.1237711099371142e-05
185,3,1-4,adjust,0.0007393541482060874,-8.810866365671475e-06,4.839132076378197e-05
185,6,1-5,adjust,-7.328471551149342e-05,-1.2921305805898314e-07,0.00012626478530147105
185,7,1-5,adjust,-0.0,-0.0,0.00010352947935253482
185,8,1-5,adjust,-0.0,-0.0,9.061787475157816e-05
185,9,1-5,adjust,-0.0010681709181442993,-2.9344002987615542e-05,5.565411244601686e-05
186,2,1-7,adjust,-0.0016986344775069906,4.666990823506351e-05,8.425632336621931e-05
186,3,1-7,adjust,-0.0007393541482207737,8.810866365982416e-06,0.00014274560570113652
186,4,1-7,adjust,-0.0,-0.0,0.00010799610563967409
186,5,1-7,adjust,-0.0,-0.0,0.0001318926025884016
186,6,1-7,adjust,7.328471549272206e-05,1.292130581422472e-07,0.00014638291763320293
186,9,1-8,adjust,0.0010681709181533327,2.9344002987527037e-05,7.880427713328792e-07
187,2,1-4,adjust,0.0016986344775046466,-4.666990823507347e-05,1.1237711099371142e-05
187,3,1-4,adjust,0.0007393541482182996,-8.810866365743012e-06,4.839132076358968e-05
187,6,1-5,adjust,-7.328471551149342e-05,-1.2921305805898314e-07,0.00012626478530147105
187,7,1-5,adjust,-0.0,-0.0,0.00010352947935253482
187,8,1-5,adjust,-0.0,-0.0,9.061787475157816e-05
187,9,1-5,adjust,-0.0010681709181389202,-2.9344002987310515e-05,5.5654112445952756e-05
188,2,1-7,adjust,-0.0016986344775069906,4.666990823506351e-05,8.425632336621931e-05
188,3,1-7,adjust,-0.0007393541482126586,8.810866365774686e-06,0.00014274560570076797
188,4,1-7,adjust,-0.0,-0.0,0.00010799610563967409
188,5,1-7,adjust,-0.0,-0.0,0.0001318926025884016
188,6,1-7,adjust,7.328471549272206e-05,1.292130581422472e-07,0.00014638291763320293
188,9,1-8,adjust,0.0010681709181304356,2.9344002987860074e-05,7.880427724546075e-07
189,2,1-4,adjust,0.0016986344775046466,-4.666990823507347e-05,1.1237711099371142e-05
189,3,1-4,adjust,0.0007393541482060874,-8.810866365671475e-06,4.839132076301279e-05
189,6,1-5,adjust,-7.328471551149342e-05,-1.2921305805898314e-07,0.00012626478530147105
189,7,1-5,adjust,-0.0,-0.0,0.00010352947935253482
189,8,1-5,adjust,-0.0,-0.0,9.061787475157816e-05
189,9,1-5,adjust,-0.0010681709181370235,-2.9344002987424783e-05,5.565411244660977e-05
190,2,1-7,adjust,-0.0016986344775069906,4.666990823506351e-05,8.425632336621931e-05
190,3,1-7,adjust,-0.0007393541481842569,8.810866365269666e-06,0.00014274560570054362
190,4,1-7,adjust,-0.0,-0.0,0.00010799610563967409
190,5,1-7,adjust,-0.0,-0.0,0.0001318926025884016
190,6,1-7,adjust,7.328471549272206e-05,1.292130581422472e-07,0.00014638291763320293
190,9,1-8,adjust,0.00106817091811562,2.9344002987083006e-05,7.8804277181362e-07
191,2,1-4,adjust,0.0016986344775046466,-4.666990823507347e-05,1.1237711099371142e-05
191,3,1-4,adjust,0.0007393541482060874,-8.810866365671475e-06,4.839132076378197e-05
191,6,1-5,adjust,-7.328471551149342e-05,-1.2921305805898314e-07,0.00012626478530147105
191,7,1-5,adjust,-0.0,-0.0,0.00010352947935253482
191,8,1-5,adjust,-0.0,-0.0,9.061787475157816e-05
191,9,1-5,adjust,-0.0010681709181442993,-2.9344002987615542e-05,5.565411244601686e-05
192,2,1-7,adjust,-0.0016986344775069906,4.666990823506351e-05,8.425632336621931e-05
192,3,1-7,adjust,-0.0007393541482207737,8.810866365982416e-06,0.00014274560570113652
192,4,1-7,adjust,-0.0,-0.0,0.00010799610563967409
192,5,1-7,adjust,-0.0,-0.0,0.0001318926025884016
192,6,1-7,adjust,7.328471549272206e-05,1.292130581422472e-07,0.00014638291763320293
192,9,1-8,adjust,0.0010681709181533327,2.9344002987527037e-05,7.880427713328792e-07
193,2,1-4,adjust,0.0016986344775046466,-4.666990823507347e-05,1.1237711099371142e-05
193,3,1-4,adjust,0.0007393541482182996,-8.810866365743012e-06,4.839132076358968e-05
193,6,1-5,adjust,-7.328471551149342e-05,-1.2921305805898314e-07,0.00012626478530147105
193,7,1-5,adjust,-0.0,-0.0,0.00010352947935253482
193,8,1-5,adjust,-0.0,-0.0,9.061787475157816e-05
193,9,1-5,adjust,-0.0010681709181389202,-2.9344002987310515e-05,5.5654112445952756e-05
194,2,1-7,adjust,-0.0016986344775069906,4.666990823506351e-05,8.425632336621931e-05
194,3,1-7,adjust,-0.0007393541482126586,8.810866365774686e-06,0.00014274560570076797
194,4,1-7,adjust,-0.0,-0.0,0.00010799610563967409
194,5,1-7,adjust,-0.0,-0.0,0.0001318926025884016
194,6,1-7,adjust,7.328471549272206e-05,1.292130581422472e-07,0.00014638291763320293
194,9,1-8,adjust,0.0010681709181304356,2.9344002987860074e-05,7.880427724546075e-07
195,2,1-4,adjust,0.0016986344775046466,-4.666990823507347e-05,1.1237711099371142e-05
195,3,1-4,adjust,0.0007393541482060874,-8.810866365671475e-06,4.839132076301279e-05
195,6,1-5,adjust,-7.328471551149342e-05,-1.2921305805898314e-07,0.00012626478530147105
195,7,1-5,adjust,-0.0,-0.0,0.00010352947935253482
195,8,1-5,adjust,-0.0,-0.0,9.061787475157816e-05
195,9,1-5,adjust,-0.0010681709181370235,-2.9344002987424783e-05,5.565411244660977e-05
196,2,1-7,adjust,-0.0016986344775069906,4.666990823506351e-05,8.425632336621931e-05
196,3,1-7,adjust,-0.0007393541481842569,8.810866365269666e-06,0.00014274560570054362
196,4,1-7,adjust,-0.0,-0.0,0.00010799610563967409
196,5,1-7,adjust,-0.0,-0.0,0.0001318926025884016
196,6,1-7,adjust,7.328471549272206e-05,1.292130581422472e-07,0.00014638291763320293
196,9,1-8,adjust,0.00106817091811562,2.9344002987083006e-05,7.8804277181362e-07
197,2,1-4,adjust,0.0016986344775046466,-4.666990823507347e-05,1.1237711099371142e-05
197,3,1-4,adjust,0.0007393541482060874,-8.810866365671475e-06,4.839132076378197e-05
197,6,1-5,adjust,-7.328471551149342e-05,-1.2921305805898314e-07,0.00012626478530147105
197,7,1-5,adjust,-0.0,-0.0,0.00010352947935253482
197,8,1-5,adjust,-0.0,-0.0,9.061787475157816e-05
197,9,1-5,adjust,-0.0010681709181442993,-2.9344002987615542e-05,5.565411244601686e-05
198,2,1-7,adjust,-0.0016986344775069906,4.666990823506351e-05,8.425632336621931e-05
198,3,1-7,adjust,-0.0007393541482207737,8.810866365982416e-06,0.00014274560570113652
198,4,1-7,adjust,-0.0,-0.0,0.00010799610563967409
198,5,1-7,adjust,-0.0,-0.0,0.0001318926025884016
198,6,1-7,adjust,7.328471549272206e-05,1.292130581422472e-07,0.00014638291763320293
198,9,1-8,adjust,0.0010681709181533327,2.9344002987527037e-05,7.880427713328792e-07
199,2,1-4,adjust,0.0016986344775046466,-4.666990823507347e-05,1.1237711099371142e-05
199,3,1-4,adjust,0.0007393541482182996,-8.810866365743012e-06,4.839132076358968e-05
199,6,1-5,adjust,-7.328471551149342e-05,-1.2921305805898314e-07,0.00012626478530147105
199,7,1-5,adjust,-0.0,-0.0,0.00010352947935253482
199,8,1-5,adjust,-0.0,-0.0,9.061787475157816e-05
199,9,1-5,adjust,-0.0010681709181389202,-2.9344002987310515e-05,5.5654112445952756e-05
200,2,1-7,adjust,-0.0016986344775069906,4.666990823506351e-05,8.425632336621931e-05
200,3,1-7,adjust,-0.0007393541482126586,8.810866365774686e-06,0.00014274560570076797
200,4,1-7,adjust,-0.0,-0.0,0.00010799610563967409
200,5,1-7,adjust,-0.0,-0.0,0.0001318926025884016
200,6,1-7,adjust,7.328471549272206e-05,1.292130581422472e-07,0.00014638291763320293
200,9,1-8,adjust,0.0010681709181304356,2.9344002987860074e-05,7.880427724546075e-07
201,2,1-4,adjust,0.0016986344775046466,-4.666990823507347e-05,1.1237711099371142e-05
201,3,1-4,adjust,0.0007393541482060874,-8.810866365671475e-06,4.839132076301279e-05
201,6,1-5,adjust,-7.328471551149342e-05,-1.2921305805898314e-07,0.00012626478530147105
201,7,1-5,adjust,-0.0,-0.0,0.00010352947935253482
201,8,1-5,adjust,-0.0,-0.0,9.061787475157816e-05
201,9,1-5,adjust,-0.0010681709181370235,-2.9344002987424783e-05,5.565411244660977e-05
202,2,1-7,adjust,-0.0016986344775069906,4.666990823506351e-05,8.425632336621931e-05
202,3,1-7,adjust,-0.0007393541481842569,8.810866365269666e-06,0.00014274560570054362
202,4,1-7,adjust,-0.0,-0.0,0.00010799610563967409
202,5,1-7,adjust,-0.0,-0.0,0.0001318926025884016
202,6,1-7,adjust,7.328471549272206e-05,1.292130581422472e-07,0.00014638291763320293
202,9,1-8,adjust,0.00106817091811562,2.9344002987083006e-05,7.8804277181362e-07
203,2,1-4,adjust,0.0016986344775046466,-4.666990823507347e-05,1.1237711099371142e-05
203,3,1-4,adjust,0.0007393541482060874,-8.810866365671475e-06,4.839132076378197e-05
203,6,1-5,adjust,-7.328471551149342e-05,-1.2921305805898314e-07,0.00012626478530147105
203,7,1-5,adjust,-0.0,-0.0,0.00010352947935253482
203,8,1-5,adjust,-0.0,-0.0,9.061787475157816e-05
203,9,1-5,adjust,-0.0010681709181442993,-2.9344002987615542e-05,5.565411244601686e-05
204,2,1-7,adjust,-0.0016986344775069906,4.666990823506351e-05,8.425632336621931e-05
204,3,1-7,adjust,-0.0007393541482207737,8.810866365982416e-06,0.00014274560570113652
204,4,1-7,adjust,-0.0,-0.0,0.00010799610563967409
204,5,1-7,adjust,-0.0,-0.0,0.0001318926025884016
204,6,1-7,adjust,7.328471549272206e-05,1.292130581422472e-07,0.00014638291763320293
204,9,1-8,adjust,0.0010681709181533327,2.9344002987527037e-05,7.880427713328792e-07
205,2,1-4,adjust,0.0016986344775046466,-4.666990823507347e-05,1.1237711099371142e-05
205,3,1-4,adjust,0.0007393541482182996,-8.810866365743012e-06,4.839132076358968e-05
205,6,1-5,adjust,-7.328471551149342e-05,-1.2921305805898314e-07,0.00012626478530147105
205,7,1-5,adjust,-0.0,-0.0,0.00010352947935253482
205,8,1-5,adjust,-0.0,-0.0,9.061787475157816e-05
205,9,1-5,adjust,-0.0010681709181389202,-2.9344002987310515e-05,5.5654112445952756e-05
206,2,1-7,adjust,-0.0016986344775069906,4.666990823506351e-05,8.425632336621931e-05
206,3,1-7,adjust,-0.0007393541482126586,8.810866365774686e-06,0.00014274560570076797
206,4,1-7,adjust,-0.0,-0.0,0.00010799610563967409
206,5,1-7,adjust,-0.0,-0.0,0.0001318926025884016
206,6,1-7,adjust,7.328471549272206e-05,1.292130581422472e-07,0.00014638291763320293
206,9,1-8,adjust,0.0010681709181304356,2.9344002987860074e-05,7.880427724546075e-07
207,2,1-4,adjust,0.0016986344775046466,-4.666990823507347e-05,1.1237711099371142e-05
207,3,1-4,adjust,0.0007393541482060874,-8.810866365671475e-06,4.839132076301279e-05
207,6,1-5,adjust,-7.328471551149342e-05,-1.2921305805898314e-07,0.00012626478530147105
207,7,1-5,adjust,-0.0,-0.0,0.00010352947935253482
207,8,1-5,adjust,-0.0,-0.0,9.061787475157816e-05
207,9,1-5,adjust,-0.0010681709181370235,-2.9344002987424783e-05,5.565411244660977e-05
208,2,1-7,adjust,-0.0016986344775069906,4.666990823506351e-05,8.425632336621931e-05
208,3,1-7,adjust,-0.0007393541481842569,8.810866365269666e-06,0.00014274560570054362
208,4,1-7,adjust,-0.0,-0.0,0.00010799610563967409
208,5,1-7,adjust,-0.0,-0.0,0.0001318926025884016
208,6,1-7,adjust,7.328471549272206e-05,1.292130581422472e-07,0.00014638291763320293
208,9,1-8,adjust,0.00106817091811562,2.9344002987083006e-05,7.8804277181362e-07
209,2,1-4,adjust,0.0016986344775046466,-4.666990823507347e-05,1.1237711099371142e-05
209,3,1-4,adjust,0.0007393541482060874,-8.810866365671475e-06,4.839132076378197e-05
209,6,1-5,adjust,-7.328471551149342e-05,-1.2921305805898314e-07,0.00012626478530147105
209,7,1-5,adjust,-0.0,-0.0,0.00010352947935253482
209,8,1-5,adjust,-0.0,-0.0,9.061787475157816e-05
209,9,1-5,adjust,-0.0010681709181442993,-2.9344002987615542e-05,5.565411244601686e-05
210,2,1-7,adjust,-0.0016986344775069906,4.666990823506351e-05,8.425632336621931e-05
210,3,1-7,adjust,-0.0007393541482207737,8.810866365982416e-06,0.00014274560570113652
210,4,1-7,adjust,-0.0,-0.0,0.00010799610563967409
210,5,1-7,adjust,-0.0,-0.0,0.0001318926025884016
210,6,1-7,adjust,7.328471549272206e-05,1.292130581422472e-07,0.00014638291763320293
210,9,1-8,adjust,0.0010681709181533327,2.9344002987527037e-05,7.880427713328792e-07
211,2,1-4,adjust,0.0016986344775046466,-4.666990823507347e-05,1.1237711099371142e-05
211,3,1-4,adjust,0.0007393541482182996,-8.810866365743012e-06,4.839132076358968e-05
211,6,1-5,adjust,-7.328471551149342e-05,-1.2921305805898314e-07,0.00012626478530147105
211,7,1-5,adjust,-0.0,-0.0,0.00010352947935253482
211,8,1-5,adjust,-0.0,-0.0,9.061787475157816e-05
211,9,1-5,adjust,-0.0010681709181389202,-2.9344002987310515e-05,5.5654112445952756e-05
212,2,1-7,adjust,-0.0016986344775069906,4.666990823506351e-05,8.425632336621931e-05
212,3,1-7,adjust,-0.0007393541482126586,8.810866365774686e-06,0.00014274560570076797
212,4,1-7,adjust,-0.0,-0.0,0.00010799610563967409
212,5,1-7,adjust,-0.0,-0.0,0.0001318926025884016
212,6,1-7,adjust,7.328471549272206e-05,1.292130581422472e-07,0.00014638291763320293
212,9,1-8,adjust,0.0010681709181304356,2.9344002987860074e-05,7.880427724546075e-07
213,2,1-4,adjust,0.0016986344775046466,-4.666990823507347e-05,1.1237711099371142e-05
213,3,1-4,adjust,0.0007393541482060874,-8.810866365671475e-06,4.839132076301279e-05
213,6,1-5,adjust,-7.328471551149342e-05,-1.2921305805898314e-07,0.00012626478530147105
213,7,1-5,adjust,-0.0,-0.0,0.00010352947935253482
213,8,1-5,adjust,-0.0,-0.0,9.061787475157816e-05
213,9,1-5,adjust,-0.0010681709181370235,-2.9344002987424783e-05,5.565411244660977e-05
214,2,1-7,adjust,-0.0016986344775069906,4.666990823506351e-05,8.425632336621931e-05
214,3,1-7,adjust,-0.0007393541481842569,8.810866365269666e-06,0.00014274560570054362
214,4,1-7,adjust,-0.0,-0.0,0.00010799610563967409
214,5,1-7,adjust,-0.0,-0.0,0.0001318926025884016
214,6,1-7,adjust,7.328471549272206e-05,1.292130581422472e-07,0.00014638291763320293
214,9,1-8,adjust,0.00106817091811562,2.9344002987083006e-05,7.8804277181362e-07
215,2,1-4,adjust,0.0016986344775046466,-4.666990823507347e-05,1.1237711099371142e-05
215,3,1-4,adjust,0.0007393541482060874,-8.810866365671475e-06,4.839132076378197e-05
215,6,1-5,adjust,-7.328471551149342e-05,-1.2921305805898314e-07,0.00012626478530147105
215,7,1-5,adjust,-0.0,-0.0,0.00010352947935253482
215,8,1-5,adjust,-0.0,-0.0,9.061787475157816e-05
215,9,1-5,adjust,-0.0010681709181442993,-2.9344002987615542e-05,5.565411244601686e-05
216,2,1-7,adjust,-0.0016986344775069906,4.666990823506351e-05,8.425632336621931e-05
216,3,1-7,adjust,-0.0007393541482207737,8.810866365982416e-06,0.00014274560570113652
216,4,1-7,adjust,-0.0,-0.0,0.00010799610563967409
216,5,1-7,adjust,-0.0,-0.0,0.0001318926025884016
216,6,1-7,adjust,7.328471549272206e-05,1.292130581422472e-07,0.00014638291763320293
216,9,1-8,adjust,0.0010681709181533327,2.9344002987527037e-05,7.880427713328792e-07
217,2,1-4,adjust,0.0016986344775046466,-4.666990823507347e-05,1.1237711099371142e-05
217,3,1-4,adjust,0.0007393541482182996,-8.810866365743012e-06,4.839132076358968e-05
217,6,1-5,adjust,-7.328471551149342e-05,-1.2921305805898314e-07,0.00012626478530147105
217,7,1-5,adjust,-0.0,-0.0,0.00010352947935253482
217,8,1-5,adjust,-0.0,-0.0,9.061787475157816e-05
217,9,1-5,adjust,-0.0010681709181389202,-2.9344002987310515e-05,5.5654112445952756e-05
218,2,1-7,adjust,-0.0016986344775069906,4.666990823506351e-05,8.425632336621931e-05
218,3,1-7,adjust,-0.0007393541482126586,8.810866365774686e-06,0.00014274560570076797
218,4,1-7,adjust,-0.0,-0.0,0.00010799610563967409
218,5,1-7,adjust,-0.0,-0.0,0.0001318926025884016
218,6,1-7,adjust,7.328471549272206e-05,1.292130581422472e-07,0.00014638291763320293
218,9,1-8,adjust,0.0010681709181304356,2.9344002987860074e-05,7.880427724546075e-07
219,2,1-4,adjust,0.0016986344775046466,-4.666990823507347e-05,1.1237711099371142e-05
219,3,1-4,adjust,0.0007393541482060874,-8.810866365671475e-06,4.839132076301279e-05
219,6,1-5,adjust,-7.328471551149342e-05,-1.2921305805898314e-07,0.00012626478530147105
219,7,1-5,adjust,-0.0,-0.0,0.00010352947935253482
219,8,1-5,adjust,-0.0,-0.0,9.061787475157816e-05
219,9,1-5,adjust,-0.0010681709181370235,-2.9344002987424783e-05,5.565411244660977e-05
220,2,1-7,adjust,-0.0016986344775069906,4.666990823506351e-05,8.425632336621931e-05
220,3,1-7,adjust,-0.0007393541481842569,8.810866365269666e-06,0.00014274560570054362
220,4,1-7,adjust,-0.0,-0.0,0.00010799610563967409
220,5,1-7,adjust,-0.0,-0.0,0.0001318926025884016
220,6,1-7,adjust,7.328471549272206e-05,1.292130581422472e-07,0.00014638291763320293
220,9,1-8,adjust,0.00106817091811562,2.9344002987083006e-05,7.8804277181362e-07
221,2,1-4,adjust,0.0016986344775046466,-4.666990823507347e-05,1.1237711099371142e-05
221,3,1-4,adjust,0.0007393541482060874,-8.810866365671475e-06,4.839132076378197e-05
221,6,1-5,adjust,-7.328471551149342e-05,-1.2921305805898314e-07,0.00012626478530147105
221,7,1-5,adjust,-0.0,-0.0,0.00010352947935253482
221,8,1-5,adjust,-0.0,-0.0,9.061787475157816e-05
221,9,1-5,adjust,-0.0010681709181442993,-2.9344002987615542e-05,5.565411244601686e-05
222,2,1-7,adjust,-0.0016986344775069906,4.666990823506351e-05,8.425632336621931e-05
222,3,1-7,adjust,-0.0007393541482207737,8.810866365982416e-06,0.00014274560570113652
222,4,1-7,adjust,-0.0,-0.0,0.00010799610563967409
222,5,1-7,adjust,-0.0,-0.0,0.0001318926025884016
222,6,1-7,adjust,7.328471549272206e-05,1.292130581422472e-07,0.00014638291763320293
222,9,1-8,adjust,0.0010681709181533327,2.9344002987527037e-05,7.880427713328792e-07
223,2,1-4,adjust,0.0016986344775046466,-4.666990823507347e-05,1.1237711099371142e-05
223,3,1-4,adjust,0.0007393541482182996,-8.810866365743012e-06,4.839132076358968e-05
223,6,1-5,adjust,-7.328471551149342e-05,-1.2921305805898314e-07,0.00012626478530147105
223,7,1-5,adjust,-0.0,-0.0,0.00010352947935253482
223,8,1-5,adjust,-0.0,-0.0,9.061787475157816e-05
223,9,1-5,adjust,-0.0010681709181389202,-2.9344002987310515e-05,5.5654112445952756e-05
224,2,1-7,adjust,-0.0016986344775069906,4.666990823506351e-05,8.425632336621931e-05
224,3,1-7,adjust,-0.0007393541482126586,8.810866365774686e-06,0.00014274560570076797
224,4,1-7,adjust,-0.0,-0.0,0.00010799610563967409
224,5,1-7,adjust,-0.0,-0.0,0.0001318926025884016
224,6,1-7,adjust,7.328471549272206e-05,1.292130581422472e-07,0.00014638291763320293
224,9,1-8,adjust,0.0010681709181304356,2.9344002987860074e-05,7.880427724546075e-07
225,2,1-4,adjust,0.0016986344775046466,-4.666990823507347e-05,1.1237711099371142e-05
225,3,1-4,adjust,0.0007393541482060874,-8.810866365671475e-06,4.839132076301279e-05
225,6,1-5,adjust,-7.328471551149342e-05,-1.2921305805898314e-07,0.00012626478530147105
225,7,1-5,adjust,-0.0,-0.0,0.00010352947935253482
225,8,1-5,adjust,-0.0,-0.0,9.061787475157816e-05
225,9,1-5,adjust,-0.0010681709181370235,-2.9344002987424783e-05,5.565411244660977e-05
226,2,1-7,adjust,-0.0016986344775069906,4.666990823506351e-05,8.425632336621931e-05
226,3,1-7,adjust,-0.0007393541481842569,8.810866365269666e-06,0.00014274560570054362
226,4,1-7,adjust,-0.0,-0.0,0.00010799610563967409
226,5,1-7,adjust,-0.0,-0.0,0.0001318926025884016
226,6,1-7,adjust,7.328471549272206e-05,1.292130581422472e-07,0.00014638291763320293
226,9,1-8,adjust,0.00106817091811562,2.9344002987083006e-05,7.8804277181362e-07
227,2,1-4,adjust,0.0016986344775046466,-4.666990823507347e-05,1.1237711099371142e-05
227,3,1-4,adjust,0.0007393541482060874,-8.810866365671475e-06,4.839132076378197e-05
227,6,1-5,adjust,-7.328471551149342e-05,-1.2921305805898314e-07,0.00012626478530147105
227,7,1-5,adjust,-0.0,-0.0,0.00010352947935253482
227,8,1-5,adjust,-0.0,-0.0,9.061787475157816e-05
227,9,1-5,adjust,-0.0010681709181442993,-2.9344002987615542e-05,5.565411244601686e-05
228,2,1-7,adjust,-0.0016986344775069906,4.666990823506351e-05,8.425632336621931e-05
228,3,1-7,adjust,-0.0007393541482207737,8.810866365982416e-06,0.00014274560570113652
228,4,1-7,adjust,-0.0,-0.0,0.00010799610563967409
228,5,1-7,adjust,-0.0,-0.0,0.0001318926025884016
228,6,1-7,adjust,7.328471549272206e-05,1.292130581422472e-07,0.00014638291763320293
228,9,1-8,adjust,0.0010681709181533327,2.9344002987527037e-05,7.880427713328792e-07
229,2,1-4,adjust,0.0016986344775046466,-4.666990823507347e-05,1.1237711099371142e-05
229,3,1-4,adjust,0.0007393541482182996,-8.810866365743012e-06,4.839132076358968e-05
229,6,1-5,adjust,-7.328471551149342e-05,-1.2921305805898314e-07,0.00012626478530147105
229,7,1-5,adjust,-0.0,-0.0,0.00010352947935253482
229,8,1-5,adjust,-0.0,-0.0,9.061787475157816e-05
229,9,1-5,adjust,-0.0010681709181389202,-2.9344002987310515e-05,5.5654112445952756e-05
230,2,1-7,adjust,-0.0016986344775069906,4.666990823506351e-05,8.425632336621931e-05
230,3,1-7,adjust,-0.0007393541482126586,8.810866365774686e-06,0.00014274560570076797
230,4,1-7,adjust,-0.0,-0.0,0.00010799610563967409
230,5,1-7,adjust,-0.0,-0.0,0.0001318926025884016
230,6,1-7,adjust,7.328471549272206e-05,1.292130581422472e-07,0.00014638291763320293
230,9,1-8,adjust,0.0010681709181304356,2.9344002987860074e-05,7.880427724546075e-07
231,2,1-4,adjust,0.0016986344775046466,-4.666990823507347e-05,1.1237711099371142e-05
231,3,1-4,adjust,0.0007393541482060874,-8.810866365671475e-06,4.839132076301279e-05
231,6,1-5,adjust,-7.328471551149342e-05,-1.2921305805898314e-07,0.00012626478530147105
231,7,1-5,adjust,-0.0,-0.0,0.00010352947935253482
231,8,1-5,adjust,-0.0,-0.0,9.061787475157816e-05
231,9,1-5,adjust,-0.0010681709181370235,-2.9344002987424783e-05,5.565411244660977e-05
232,2,1-7,adjust,-0.0016986344775069906,4.666990823506351e-05,8.425632336621931e-05
232,3,1-7,adjust,-0.0007393541481842569,8.810866365269666e-06,0.00014274560570054362
232,4,1-7,adjust,-0.0,-0.0,0.00010799610563967409
232,5,1-7,adjust,-0.0,-0.0,0.0001318926025884016
232,6,1-7,adjust,7.328471549272206e-05,1.292130581422472e-07,0.00014638291763320293
232,9,1-8,adjust,0.00106817091811562,2.9344002987083006e-05,7.8804277181362e-07
233,2,1-4,adjust,0.0016986344775046466,-4.666990823507347e-05,1.1237711099371142e-05
233,3,1-4,adjust,0.0007393541482060874,-8.810866365671475e-06,4.839132076378197e-05
233,6,1-5,adjust,-7.328471551149342e-05,-1.2921305805898314e-07,0.00012626478530147105
233,7,1-5,adjust,-0.0,-0.0,0.00010352947935253482
233,8,1-5,adjust,-0.0,-0.0,9.061787475157816e-05
233,9,1-5,adjust,-0.0010681709181442993,-2.9344002987615542e-05,5.565411244601686e-05
234,2,1-7,adjust,-0.0016986344775069906,4.666990823506351e-05,8.425632336621931e-05
234,3,1-7,adjust,-0.0007393541482207737,8.810866365982416e-06,0.00014274560570113652
234,4,1-7,adjust,-0.0,-0.0,0.00010799610563967409
234,5,1-7,adjust,-0.0,-0.0,0.0001318926025884016
234,6,1-7,adjust,7.328471549272206e-05,1.292130581422472e-07,0.00014638291763320293
234,9,1-8,adjust,0.0010681709181533327,2.9344002987527037e-05,7.880427713328792e-07
235,2,1-4,adjust,0.0016986344775046466,-4.666990823507347e-05,1.1237711099371142e-05
235,3,1-4,adjust,0.0007393541482182996,-8.810866365743012e-06,4.839132076358968e-05
235,6,1-5,adjust,-7.328471551149342e-05,-1.2921305805898314e-07,0.00012626478530147105
235,7,1-5,adjust,-0.0,-0.0,0.00010352947935253482
235,8,1-5,adjust,-0.0,-0.0,9.061787475157816e-05
235,9,1-5,adjust,-0.0010681709181389202,-2.9344002987310515e-05,5.5654112445952756e-05
236,2,1-7,adjust,-0.0016986344775069906,4.666990823506351e-05,8.425632336621931e-05
236,3,1-7,adjust,-0.0007393541482126586,8.810866365774686e-06,0.00014274560570076797
236,4,1-7,adjust,-0.0,-0.0,0.00010799610563967409
236,5,1-7,adjust,-0.0,-0.0,0.0001318926025884016
236,6,1-7,adjust,7.328471549272206e-05,1.292130581422472e-07,0.00014638291763320293
236,9,1-8,adjust,0.0010681709181304356,2.9344002987860074e-05,7.880427724546075e-07
237,2,1-4,adjust,0.0016986344775046466,-4.666990823507347e-05,1.1237711099371142e-05
237,3,1-4,adjust,0.0007393541482060874,-8.810866365671475e-06,4.839132076301279e-05
237,6,1-5,adjust,-7.328471551149342e-05,-1.2921305805898314e-07,0.00012626478530147105
237,7,1-5,adjust,-0.0,-0.0,0.00010352947935253482
237,8,1-5,adjust,-0.0,-0.0,9.061787475157816e-05
237,9,1-5,adjust,-0.0010681709181370235,-2.9344002987424783e-05,5.565411244660977e-05
238,2,1-7,adjust,-0.0016986344775069906,4.666990823506351e-05,8.425632336621931e-05
238,3,1-7,adjust,-0.0007393541481842569,8.810866365269666e-06,0.00014274560570054362
238,4,1-7,adjust,-0.0,-0.0,0.00010799610563967409
238,5,1-7,adjust,-0.0,-0.0,0.0001318926025884016
238,6,1-7,adjust,7.328471549272206e-05,1.292130581422472e-07,0.00014638291763320293
238,9,1-8,adjust,0.00106817091811562,2.9344002987083006e-05,7.8804277181362e-07
239,2,1-4,adjust,0.0016986344775046466,-4.666990823507347e-05,1.1237711099371142e-05
239,3,1-4,adjust,0.0007393541482060874,-8.810866365671475e-06,4.839132076378197e-05
239,6,1-5,adjust,-7.328471551149342e-05,-1.2921305805898314e-07,0.00012626478530147105
239,7,1-5,adjust,-0.0,-0.0,0.00010352947935253482
239,8,1-5,adjust,-0.0,-0.0,9.061787475157816e-05
239,9,1-5,adjust,-0.0010681709181442993,-2.9344002987615542e-05,5.565411244601686e-05
240,2,1-7,adjust,-0.0016986344775069906,4.666990823506351e-05,8.425632336621931e-05
240,3,1-7,adjust,-0.0007393541482207737,8.810866365982416e-06,0.00014274560570113652
240,4,1-7,adjust,-0.0,-0.0,0.00010799610563967409
240,5,1-7,adjust,-0.0,-0.0,0.0001318926025884016
240,6,1-7,adjust,7.328471549272206e-05,1.292130581422472e-07,0.00014638291763320293
240,9,1-8,adjust,0.0010681709181533327,2.9344002987527037e-05,7.880427713328792e-07
241,2,1-4,adjust,0.0016986344775046466,-4.666990823507347e-05,1.1237711099371142e-05
241,3,1-4,adjust,0.0007393541482182996,-8.810866365743012e-06,4.839132076358968e-05
241,6,1-5,adjust,-7.328471551149342e-05,-1.2921305805898314e-07,0.00012626478530147105
241,7,1-5,adjust,-0.0,-0.0,0.00010352947935253482
241,8,1-5,adjust,-0.0,-0.0,9.061787475157816e-05
241,9,1-5,adjust,-0.0010681709181389202,-2.9344002987310515e-05,5.5654112445952756e-05
242,2,1-7,adjust,-0.0016986344775069906,4.666990823506351e-05,8.425632336621931e-05
242,3,1-7,adjust,-0.0007393541482126586,8.810866365774686e-06,0.00014274560570076797
242,4,1-7,adjust,-0.0,-0.0,0.00010799610563967409
242,5,1-7,adjust,-0.0,-0.0,0.0001318926025884016
242,6,1-7,adjust,7.328471549272206e-05,1.292130581422472e-07,0.00014638291763320293
242,9,1-8,adjust,0.0010681709181304356,2.9344002987860074e-05,7.880427724546075e-07
243,2,1-4,adjust,0.0016986344775046466,-4.666990823507347e-05,1.1237711099371142e-05
243,3,1-4,adjust,0.0007393541482060874,-8.810866365671475e-06,4.839132076301279e-05
243,6,1-5,adjust,-7.328471551149342e-05,-1.2921305805898314e-07,0.00012626478530147105
243,7,1-5,adjust,-0.0,-0.0,0.00010352947935253482
243,8,1-5,adjust,-0.0,-0.0,9.061787475157816e-05
243,9,1-5,adjust,-0.0010681709181370235,-2.9344002987424783e-05,5.565411244660977e-05
244,2,1-7,adjust,-0.0016986344775069906,4.666990823506351e-05,8.425632336621931e-05
244,3,1-7,adjust,-0.0007393541481842569,8.810866365269666e-06,0.00014274560570054362
244,4,1-7,adjust,-0.0,-0.0,0.00010799610563967409
244,5,1-7,adjust,-0.0,-0.0,0.0001318926025884016
244,6,1-7,adjust,7.328471549272206e-05,1.292130581422472e-07,0.00014638291763320293
244,9,1-8,adjust,0.00106817091811562,2.9344002987083006e-05,7.8804277181362e-07
245,2,1-4,adjust,0.0016986344775046466,-4.666990823507347e-05,1.1237711099371142e-05
245,3,1-4,adjust,0.0007393541482060874,-8.810866365671475e-06,4.839132076378197e-05
245,6,1-5,adjust,-7.328471551149342e-05,-1.2921305805898314e-07,0.00012626478530147105
245,7,1-5,adjust,-0.0,-0.0,0.00010352947935253482
245,8,1-5,adjust,-0.0,-0.0,9.061787475157816e-05
245,9,1-5,adjust,-0.0010681709181442993,-2.9344002987615542e-05,5.565411244601686e-05
246,2,1-7,adjust,-0.0016986344775069906,4.666990823506351e-05,8.425632336621931e-05
246,3,1-7,adjust,-0.0007393541482207737,8.810866365982416e-06,0.00014274560570113652
246,4,1-7,adjust,-0.0,-0.0,0.00010799610563967409
246,5,1-7,adjust,-0.0,-0.0,0.0001318926025884016
246,6,1-7,adjust,7.328471549272206e-05,1.292130581422472e-07,0.00014638291763320293
246,9,1-8,adjust,0.0010681709181533327,2.9344002987527037e-05,7.880427713328792e-07
247,2,1-4,adjust,0.0016986344775046466,-4.666990823507347e-05,1.1237711099371142e-05
247,3,1-4,adjust,0.0007393541482182996,-8.810866365743012e-06,4.839132076358968e-05
247,6,1-5,adjust,-7.328471551149342e-05,-1.2921305805898314e-07,0.00012626478530147105
247,7,1-5,adjust,-0.0,-0.0,0.00010352947935253482
247,8,1-5,adjust,-0.0,-0.0,9.061787475157816e-05
247,9,1-5,adjust,-0.0010681709181389202,-2.9344002987310515e-05,5.5654112445952756e-05
248,2,1-7,adjust,-0.0016986344775069906,4.666990823506351e-05,8.425632336621931e-05
248,3,1-7,adjust,-0.0007393541482126586,8.810866365774686e-06,0.00014274560570076797
248,4,1-7,adjust,-0.0,-0.0,0.00010799610563967409
248,5,1-7,adjust,-0.0,-0.0,0.0001318926025884016
248,6,1-7,adjust,7.328471549272206e-05,1.292130581422472e-07,0.00014638291763320293
248,9,1-8,adjust,0.0010681709181304356,2.9344002987860074e-05,7.880427724546075e-07
249,2,1-4,adjust,0.0016986344775046466,-4.666990823507347e-05,1.1237711099371142e-05
249,3,1-4,adjust,0.0007393541482060874,-8.810866365671475e-06,4.839132076301279e-05
249,6,1-5,adjust,-7.328471551149342e-05,-1.2921305805898314e-07,0.00012626478530147105
249,7,1-5,adjust,-0.0,-0.0,0.00010352947935253482
249,8,1-5,adjust,-0.0,-0.0,9.061787475157816e-05
249,9,1-5,adjust,-0.0010681709181370235,-2.9344002987424783e-05,5.565411244660977e-05
250,2,1-7,adjust,-0.0016986344775069906,4.666990823506351e-05,8.425632336621931e-05
250,3,1-7,adjust,-0.0007393541481842569,8.810866365269666e-06,0.00014274560570054362
250,4,1-7,adjust,-0.0,-0.0,0.00010799610563967409
250,5,1-7,adjust,-0.0,-0.0,0.0001318926025884016
250,6,1-7,adjust,7.328471549272206e-05,1.292130581422472e-07,0.00014638291763320293
250,9,1-8,adjust,0.00106817091811562,2.9344002987083006e-05,7.8804277181362e-07
251,2,1-4,adjust,0.0016986344775046466,-4.666990823507347e-05,1.1237711099371142e-05
251,3,1-4,adjust,0.0007393541482060874,-8.810866365671475e-06,4.839132076378197e-05
251,6,1-5,adjust,-7.328471551149342e-05,-1.2921305805898314e-07,0.00012626478530147105
251,7,1-5,adjust,-0.0,-0.0,0.00010352947935253482
251,8,1-5,adjust,-0.0,-0.0,9.061787475157816e-05
251,9,1-5,adjust,-0.0010681709181442993,-2.9344002987615542e-05,5.565411244601686e-05
252,2,1-7,adjust,-0.0016986344775069906,4.666990823506351e-05,8.425632336621931e-05
252,3,1-7,adjust,-0.0007393541482207737,8.810866365982416e-06,0.00014274560570113652
252,4,1-7,adjust,-0.0,-0.0,0.00010799610563967409
252,5,1-7,adjust,-0.0,-0.0,0.0001318926025884016
252,6,1-7,adjust,7.328471549272206e-05,1.292130581422472e-07,0.00014638291763320293
252,9,1-8,adjust,0.0010681709181533327,2.9344002987527037e-05,7.880427713328792e-07
253,2,1-4,adjust,0.0016986344775046466,-4.666990823507347e-05,1.1237711099371142e-05
253,3,1-4,adjust,0.0007393541482182996,-8.810866365743012e-06,4.839132076358968e-05
253,6,1-5,adjust,-7.328471551149342e-05,-1.2921305805898314e-07,0.00012626478530147105
253,7,1-5,adjust,-0.0,-0.0,0.00010352947935253482
253,8,1-5,adjust,-0.0,-0.0,9.061787475157816e-05
253,9,1-5,adjust,-0.0010681709181389202,-2.9344002987310515e-05,5.5654112445952756e-05
254,2,1-7,adjust,-0.0016986344775069906,4.666990823506351e-05,8.425632336621931e-05
254,3,1-7,adjust,-0.0007393541482126586,8.810866365774686e-06,0.00014274560570076797
254,4,1-7,adjust,-0.0,-0.0,0.00010799610563967409
254,5,1-7,adjust,-0.0,-0.0,0.0001318926025884016
254,6,1-7,adjust,7.328471549272206e-05,1.292130581422472e-07,0.00014638291763320293
254,9,1-8,adjust,0.0010681709181304356,2.9344002987860074e-05,7.880427724546075e-07
255,2,1-4,adjust,0.0016986344775046466,-4.666990823507347e-05,1.1237711099371142e-05
255,3,1-4,adjust,0.0007393541482060874,-8.810866365671475e-06,4.839132076301279e-05
255,6,1-5,adjust,-7.328471551149342e-05,-1.2921305805898314e-07,0.00012626478530147105
255,7,1-5,adjust,-0.0,-0.0,0.00010352947935253482
255,8,1-5,adjust,-0.0,-0.0,9.061787475157816e-05
255,9,1-5,adjust,-0.0010681709181370235,-2.9344002987424783e-05,5.565411244660977e-05
256,2,1-7,adjust,-0.0016986344775069906,4.666990823506351e-05,8.425632336621931e-05
256,3,1-7,adjust,-0.0007393541481842569,8.810866365269666e-06,0.00014274560570054362
256,4,1-7,adjust,-0.0,-0.0,0.00010799610563967409
256,5,1-7,adjust,-0.0,-0.0,0.0001318926025884016
256,6,1-7,adjust,7.328471549272206e-05,1.292130581422472e-07,0.00014638291763320293
256,9,1-8,adjust,0.00106817091811562,2.9344002987083006e-05,7.8804277181362e-07
257,2,1-4,adjust,0.0016986344775046466,-4.666990823507347e-05,1.1237711099371142e-05
257,3,1-4,adjust,0.0007393541482060874,-8.810866365671475e-06,4.839132076378197e-05
257,6,1-5,adjust,-7.328471551149342e-05,-1.2921305805898314e-07,0.00012626478530147105
257,7,1-5,adjust,-0.0,-0.0,0.00010352947935253482
257,8,1-5,adjust,-0.0,-0.0,9.061787475157816e-05
257,9,1-5,adjust,-0.0010681709181442993,-2.9344002987615542e-05,5.565411244601686e-05
258,2,1-7,adjust,-0.0016986344775069906,4.666990823506351e-05,8.425632336621931e-05
258,3,1-7,adjust,-0.0007393541482207737,8.810866365982416e-06,0.00014274560570113652
258,4,1-7,adjust,-0.0,-0.0,0.00010799610563967409
258,5,1-7,adjust,-0.0,-0.0,0.0001318926025884016
258,6,1-7,adjust,7.328471549272206e-05,1.292130581422472e-07,0.00014638291763320293
258,9,1-8,adjust,0.0010681709181533327,2.9344002987527037e-05,7.880427713328792e-07
259,2,1-4,adjust,0.0016986344775046466,-4.666990823507347e-05,1.1237711099371142e-05
259,3,1-4,adjust,0.0007393541482182996,-8.810866365743012e-06,4.839132076358968e-05
259,6,1-5,adjust,-7.328471551149342e-05,-1.2921305805898314e-07,0.00012626478530147105
259,7,1-5,adjust,-0.0,-0.0,0.00010352947935253482
259,8,1-5,adjust,-0.0,-0.0,9.061787475157816e-05
259,9,1-5,adjust,-0.0010681709181389202,-2.9344002987310515e-05,5.5654112445952756e-05
260,2,1-7,adjust,-0.0016986344775069906,4.666990823506351e-05,8.425632336621931e-05
260,3,1-7,adjust,-0.0007393541482126586,8.810866365774686e-06,0.00014274560570076797
260,4,1-7,adjust,-0.0,-0.0,0.00010799610563967409
260,5,1-7,adjust,-0.0,-0.0,0.0001318926025884016
260,6,1-7,adjust,7.328471549272206e-05,1.292130581422472e-07,0.00014638291763320293
260,9,1-8,adjust,0.0010681709181304356,2.9344002987860074e-05,7.880427724546075e-07
261,2,1-4,adjust,0.0016986344775046466,-4.666990823507347e-05,1.1237711099371142e-05
261,3,1-4,adjust,0.0007393541482060874,-8.810866365671475e-06,4.839132076301279e-05
261,6,1-5,adjust,-7.328471551149342e-05,-1.2921305805898314e-07,0.00012626478530147105
261,7,1-5,adjust,-0.0,-0.0,0.00010352947935253482
261,8,1-5,adjust,-0.0,-0.0,9.061787475157816e-05
261,9,1-5,adjust,-0.0010681709181370235,-2.9344002987424783e-05,5.565411244660977e-05
262,2,1-7,adjust,-0.0016986344775069906,4.666990823506351e-05,8.425632336621931e-05
262,3,1-7,adjust,-0.0007393541481842569,8.810866365269666e-06,0.00014274560570054362
262,4,1-7,adjust,-0.0,-0.0,0.00010799610563967409
262,5,1-7,adjust,-0.0,-0.0,0.0001318926025884016
262,6,1-7,adjust,7.328471549272206e-05,1.292130581422472e-07,0.00014638291763320293
262,9,1-8,adjust,0.00106817091811562,2.9344002987083006e-05,7.8804277181362e-07
263,2,1-4,adjust,0.0016986344775046466,-4.666990823507347e-05,1.1237711099371142e-05
263,3,1-4,adjust,0.0007393541482060874,-8.810866365671475e-06,4.839132076378197e-05
263,6,1-5,adjust,-7.328471551149342e-05,-1.2921305805898314e-07,0.00012626478530147105
263,7,1-5,adjust,-0.0,-0.0,0.00010352947935253482
263,8,1-5,adjust,-0.0,-0.0,9.061787475157816e-05
263,9,1-5,adjust,-0.0010681709181442993,-2.9344002987615542e-05,5.565411244601686e-05
264,2,1-7,adjust,-0.0016986344775069906,4.666990823506351e-05,8.425632336621931e-05
264,3,1-7,adjust,-0.0007393541482207737,8.810866365982416e-06,0.00014274560570113652
264,4,1-7,adjust,-0.0,-0.0,0.00010799610563967409
264,5,1-7,adjust,-0.0,-0.0,0.0001318926025884016
264,6,1-7,adjust,7.328471549272206e-05,1.292130581422472e-07,0.00014638291763320293
264,9,1-8,adjust,0.0010681709181533327,2.9344002987527037e-05,7.880427713328792e-07
265,2,1-4,adjust,0.0016986344775046466,-4.666990823507347e-05,1.1237711099371142e-05
265,3,1-4,adjust,0.0007393541482182996,-8.810866365743012e-06,4.839132076358968e-05
265,6,1-5,adjust,-7.328471551149342e-05,-1.2921305805898314e-07,0.00012626478530147105
265,7,1-5,adjust,-0.0,-0.0,0.00010352947935253482
265,8,1-5,adjust,-0.0,-0.0,9.061787475157816e-05
265,9,1-5,adjust,-0.0010681709181389202,-2.9344002987310515e-05,5.5654112445952756e-05
266,2,1-7,adjust,-0.0016986344775069906,4.666990823506351e-05,8.425632336621931e-05
266,3,1-7,adjust,-0.0007393541482126586,8.810866365774686e-06,0.00014274560570076797
266,4,1-7,adjust,-0.0,-0.0,0.00010799610563967409
266,5,1-7,adjust,-0.0,-0.0,0.0001318926025884016
266,6,1-7,adjust,7.328471549272206e-05,1.292130581422472e-07,0.00014638291763320293
266,9,1-8,adjust,0.0010681709181304356,2.9344002987860074e-05,7.880427724546075e-07
267,2,1-4,adjust,0.0016986344775046466,-4.666990823507347e-05,1.1237711099371142e-05
267,3,1-4,adjust,0.0007393541482060874,-8.810866365671475e-06,4.839132076301279e-05
267,6,1-5,adjust,-7.328471551149342e-05,-1.2921305805898314e-07,0.00012626478530147105
267,7,1-5,adjust,-0.0,-0.0,0.00010352947935253482
267,8,1-5,adjust,-0.0,-0.0,9.061787475157816e-05
267,9,1-5,adjust,-0.0010681709181370235,-2.9344002987424783e-05,5.565411244660977e-05
268,2,1-7,adjust,-0.0016986344775069906,4.666990823506351e-05,8.425632336621931e-05
268,3,1-7,adjust,-0.0007393541481842569,8.810866365269666e-06,0.00014274560570054362
268,4,1-7,adjust,-0.0,-0.0,0.00010799610563967409
268,5,1-7,adjust,-0.0,-0.0,0.0001318926025884016
268,6,1-7,adjust,7.328471549272206e-05,1.292130581422472e-07,0.00014638291763320293
268,9,1-8,adjust,0.00106817091811562,2.9344002987083006e-05,7.8804277181362e-07
269,2,1-4,adjust,0.0016986344775046466,-4.666990823507347e-05,1.1237711099371142e-05
269,3,1-4,adjust,0.0007393541482060874,-8.810866365671475e-06,4.839132076378197e-05
269,6,1-5,adjust,-7.328471551149342e-05,-1.2921305805898314e-07,0.00012626478530147105
269,7,1-5,adjust,-0.0,-0.0,0.00010352947935253482
269,8,1-5,adjust,-0.0,-0.0,9.061787475157816e-05
269,9,1-5,adjust,-0.0010681709181442993,-2.9344002987615542e-05,5.565411244601686e-05
270,2,1-7,adjust,-0.0016986344775069906,4.666990823506351e-05,8.425632336621931e-05
270,3,1-7,adjust,-0.0007393541482207737,8.810866365982416e-06,0.00014274560570113652
270,4,1-7,adjust,-0.0,-0.0,0.00010799610563967409
270,5,1-7,adjust,-0.0,-0.0,0.0001318926025884016
270,6,1-7,adjust,7.328471549272206e-05,1.292130581422472e-07,0.00014638291763320293
270,9,1-8,adjust,0.0010681709181533327,2.9344002987527037e-05,7.880427713328792e-07
271,2,1-4,adjust,0.0016986344775046466,-4.666990823507347e-05,1.1237711099371142e-05
271,3,1-4,adjust,0.0007393541482182996,-8.810866365743012e-06,4.839132076358968e-05
271,6,1-5,adjust,-7.328471551149342e-05,-1.2921305805898314e-07,0.00012626478530147105
271,7,1-5,adjust,-0.0,-0.0,0.00010352947935253482
271,8,1-5,adjust,-0.0,-0.0,9.061787475157816e-05
271,9,1-5,adjust,-0.0010681709181389202,-2.9344002987310515e-05,5.5654112445952756e-05
272,2,1-7,adjust,-0.0016986344775069906,4.666990823506351e-05,8.425632336621931e-05
272,3,1-7,adjust,-0.0007393541482126586,8.810866365774686e-06,0.00014274560570076797
272,4,1-7,adjust,-0.0,-0.0,0.00010799610563967409
272,5,1-7,adjust,-0.0,-0.0,0.0001318926025884016
272,6,1-7,adjust,7.328471549272206e-05,1.292130581422472e-07,0.00014638291763320293
272,9,1-8,adjust,0.0010681709181304356,2.9344002987860074e-05,7.880427724546075e-07
273,2,1-4,adjust,0.0016986344775046466,-4.666990823507347e-05,1.1237711099371142e-05
273,3,1-4,adjust,0.0007393541482060874,-8.810866365671475e-06,4.839132076301279e-05
273,6,1-5,adjust,-7.328471551149342e-05,-1.2921305805898314e-07,0.00012626478530147105
273,7,1-5,adjust,-0.0,-0.0,0.00010352947935253482
273,8,1-5,adjust,-0.0,-0.0,9.061787475157816e-05
273,9,1-5,adjust,-0.0010681709181370235,-2.9344002987424783e-05,5.565411244660977e-05
274,2,1-7,adjust,-0.0016986344775069906,4.666990823506351e-05,8.425632336621931e-05
274,3,1-7,adjust,-0.0007393541481842569,8.810866365269666e-06,0.00014274560570054362
274,4,1-7,adjust,-0.0,-0.0,0.00010799610563967409
274,5,1-7,adjust,-0.0,-0.0,0.0001318926025884016
274,6,1-7,adjust,7.328471549272206e-05,1.292130581422472e-07,0.00014638291763320293
274,9,1-8,adjust,0.00106817091811562,2.9344002987083006e-05,7.8804277181362e-07
275,2,1-4,adjust,0.0016986344775046466,-4.666990823507347e-05,1.1237711099371142e-05
275,3,1-4,adjust,0.0007393541482060874,-8.810866365671475e-06,4.839132076378197e-05
275,6,1-5,adjust,-7.328471551149342e-05,-1.2921305805898314e-07,0.00012626478530147105
275,7,1-5,adjust,-0.0,-0.0,0.00010352947935253482
275,8,1-5,adjust,-0.0,-0.0,9.061787475157816e-05
275,9,1-5,adjust,-0.0010681709181442993,-2.9344002987615542e-05,5.565411244601686e-05
276,2,1-7,adjust,-0.0016986344775069906,4.666990823506351e-05,8.425632336621931e-05
276,3,1-7,adjust,-0.0007393541482207737,8.810866365982416e-06,0.00014274560570113652
276,4,1-7,adjust,-0.0,-0.0,0.00010799610563967409
276,5,1-7,adjust,-0.0,-0.0,0.0001318926025884016
276,6,1-7,adjust,7.328471549272206e-05,1.292130581422472e-07,0.00014638291763320293
276,9,1-8,adjust,0.0010681709181533327,2.9344002987527037e-05,7.880427713328792e-07
277,2,1-4,adjust,0.0016986344775046466,-4.666990823507347e-05,1.1237711099371142e-05
277,3,1-4,adjust,0.0007393541482182996,-8.810866365743012e-06,4.839132076358968e-05
277,6,1-5,adjust,-7.328471551149342e-05,-1.2921305805898314e-07,0.00012626478530147105
277,7,1-5,adjust,-0.0,-0.0,0.00010352947935253482
277,8,1-5,adjust,-0.0,-0.0,9.061787475157816e-05
277,9,1-5,adjust,-0.0010681709181389202,-2.9344002987310515e-05,5.5654112445952756e-05
278,2,1-7,adjust,-0.0016986344775069906,4.666990823506351e-05,8.425632336621931e-05
278,3,1-7,adjust,-0.0007393541482126586,8.810866365774686e-06,0.00014274560570076797
278,4,1-7,adjust,-0.0,-0.0,0.00010799610563967409
278,5,1-7,adjust,-0.0,-0.0,0.0001318926025884016
278,6,1-7,adjust,7.328471549272206e-05,1.292130581422472e-07,0.00014638291763320293
278,9,1-8,adjust,0.0010681709181304356,2.9344002987860074e-05,7.880427724546075e-07
279,2,1-4,adjust,0.0016986344775046466,-4.666990823507347e-05,1.1237711099371142e-05
279,3,1-4,adjust,0.0007393541482060874,-8.810866365671475e-06,4.839132076301279e-05
279,6,1-5,adjust,-7.328471551149342e-05,-1.2921305805898314e-07,0.00012626478530147105
279,7,1-5,adjust,-0.0,-0.0,0.00010352947935253482
279,8,1-5,adjust,-0.0,-0.0,9.061787475157816e-05
279,9,1-5,adjust,-0.0010681709181370235,-2.9344002987424783e-05,5.565411244660977e-05
280,2,1-7,adjust,-0.0016986344775069906,4.666990823506351e-05,8.425632336621931e-05
280,3,1-7,adjust,-0.0007393541481842569,8.810866365269666e-06,0.00014274560570054362
280,4,1-7,adjust,-0.0,-0.0,0.00010799610563967409
280,5,1-7,adjust,-0.0,-0.0,0.0001318926025884016
280,6,1-7,adjust,7.328471549272206e-05,1.292130581422472e-07,0.00014638291763320293
280,9,1-8,adjust,0.00106817091811562,2.9344002987083006e-05,7.8804277181362e-07
281,2,1-4,adjust,0.0016986344775046466,-4.666990823507347e-05,1.1237711099371142e-05
281,3,1-4,adjust,0.0007393541482060874,-8.810866365671475e-06,4.839132076378197e-05
281,6,1-5,adjust,-7.328471551149342e-05,-1.2921305805898314e-07,0.00012626478530147105
281,7,1-5,adjust,-0.0,-0.0,0.00010352947935253482
281,8,1-5,adjust,-0.0,-0.0,9.061787475157816e-05
281,9,1-5,adjust,-0.0010681709181442993,-2.9344002987615542e-05,5.565411244601686e-05
282,2,1-7,adjust,-0.0016986344775069906,4.666990823506351e-05,8.425632336621931e-05
282,3,1-7,adjust,-0.0007393541482207737,8.810866365982416e-06,0.00014274560570113652
282,4,1-7,adjust,-0.0,-0.0,0.00010799610563967409
282,5,1-7,adjust,-0.0,-0.0,0.0001318926025884016
282,6,1-7,adjust,7.328471549272206e-05,1.292130581422472e-07,0.00014638291763320293
282,9,1-8,adjust,0.0010681709181533327,2.9344002987527037e-05,7.880427713328792e-07
283,2,1-4,adjust,0.0016986344775046466,-4.666990823507347e-05,1.1237711099371142e-05
283,3,1-4,adjust,0.0007393541482182996,-8.810866365743012e-06,4.839132076358968e-05
283,6,1-5,adjust,-7.328471551149342e-05,-1.2921305805898314e-07,0.00012626478530147105
283,7,1-5,adjust,-0.0,-0.0,0.00010352947935253482
283,8,1-5,adjust,-0.0,-0.0,9.061787475157816e-05
283,9,1-5,adjust,-0.0010681709181389202,-2.9344002987310515e-05,5.5654112445952756e-05
284,2,1-7,adjust,-0.0016986344775069906,4.666990823506351e-05,8.425632336621931e-05
284,3,1-7,adjust,-0.0007393541482126586,8.810866365774686e-06,0.00014274560570076797
284,4,1-7,adjust,-0.0,-0.0,0.00010799610563967409
284,5,1-7,adjust,-0.0,-0.0,0.0001318926025884016
284,6,1-7,adjust,7.328471549272206e-05,1.292130581422472e-07,0.00014638291763320293
284,9,1-8,adjust,0.0010681709181304356,2.9344002987860074e-05,7.880427724546075e-07
285,2,1-4,adjust,0.0016986344775046466,-4.666990823507347e-05,1.1237711099371142e-05
285,3,1-4,adjust,0.0007393541482060874,-8.810866365671475e-06,4.839132076301279e-05
285,6,1-5,adjust,-7.328471551149342e-05,-1.2921305805898314e-07,0.00012626478530147105
285,7,1-5,adjust,-0.0,-0.0,0.00010352947935253482
285,8,1-5,adjust,-0.0,-0.0,9.061787475157816e-05
285,9,1-5,adjust,-0.0010681709181370235,-2.9344002987424783e-05,5.565411244660977e-05
286,2,1-7,adjust,-0.0016986344775069906,4.666990823506351e-05,8.425632336621931e-05
286,3,1-7,adjust,-0.0007393541481842569,8.810866365269666e-06,0.00014274560570054362
286,4,1-7,adjust,-0.0,-0.0,0.00010799610563967409
286,5,1-7,adjust,-0.0,-0.0,0.0001318926025884016
286,6,1-7,adjust,7.328471549272206e-05,1.292130581422472e-07,0.00014638291763320293
286,9,1-8,adjust,0.00106817091811562,2.9344002987083006e-05,7.8804277181362e-07
287,2,1-4,adjust,0.0016986344775046466,-4.666990823507347e-05,1.1237711099371142e-05
287,3,1-4,adjust,0.0007393541482060874,-8.810866365671475e-06,4.839132076378197e-05
287,6,1-5,adjust,-7.328471551149342e-05,-1.2921305805898314e-07,0.00012626478530147105
287,7,1-5,adjust,-0.0,-0.0,0.00010352947935253482
287,8,1-5,adjust,-0.0,-0.0,9.061787475157816e-05
287,9,1-5,adjust,-0.0010681709181442993,-2.9344002987615542e-05,5.565411244601686e-05
288,2,1-7,adjust,-0.0016986344775069906,4.666990823506351e-05,8.425632336621931e-05
288,3,1-7,adjust,-0.0007393541482207737,8.810866365982416e-06,0.00014274560570113652
288,4,1-7,adjust,-0.0,-0.0,0.00010799610563967409
288,5,1-7,adjust,-0.0,-0.0,0.0001318926025884016
288,6,1-7,adjust,7.328471549272206e-05,1.292130581422472e-07,0.00014638291763320293
288,9,1-8,adjust,0.0010681709181533327,2.9344002987527037e-05,7.880427713328792e-07
289,2,1-4,adjust,0.0016986344775046466,-4.666990823507347e-05,1.1237711099371142e-05
289,3,1-4,adjust,0.0007393541482182996,-8.810866365743012e-06,4.839132076358968e-05
289,6,1-5,adjust,-7.328471551149342e-05,-1.2921305805898314e-07,0.00012626478530147105
289,7,1-5,adjust,-0.0,-0.0,0.00010352947935253482
289,8,1-5,adjust,-0.0,-0.0,9.061787475157816e-05
289,9,1-5,adjust,-0.0010681709181389202,-2.9344002987310515e-05,5.5654112445952756e-05
290,2,1-7,adjust,-0.0016986344775069906,4.666990823506351e-05,8.425632336621931e-05
290,3,1-7,adjust,-0.0007393541482126586,8.810866365774686e-06,0.00014274560570076797
290,4,1-7,adjust,-0.0,-0.0,0.00010799610563967409
290,5,1-7,adjust,-0.0,-0.0,0.0001318926025884016
290,6,1-7,adjust,7.328471549272206e-05,1.292130581422472e-07,0.00014638291763320293
290,9,1-8,adjust,0.0010681709181304356,2.9344002987860074e-05,7.880427724546075e-07
291,2,1-4,adjust,0.0016986344775046466,-4.666990823507347e-05,1.1237711099371142e-05
291,3,1-4,adjust,0.0007393541482060874,-8.810866365671475e-06,4.839132076301279e-05
291,6,1-5,adjust,-7.328471551149342e-05,-1.2921305805898314e-07,0.00012626478530147105
291,7,1-5,adjust,-0.0,-0.0,0.00010352947935253482
291,8,1-5,adjust,-0.0,-0.0,9.061787475157816e-05
291,9,1-5,adjust,-0.0010681709181370235,-2.9344002987424783e-05,5.565411244660977e-05
292,2,1-7,adjust,-0.0016986344775069906,4.666990823506351e-05,8.425632336621931e-05
292,3,1-7,adjust,-0.0007393541481842569,8.810866365269666e-06,0.00014274560570054362
292,4,1-7,adjust,-0.0,-0.0,0.00010799610563967409
292,5,1-7,adjust,-0.0,-0.0,0.0001318926025884016
292,6,1-7,adjust,7.328471549272206e-05,1.292130581422472e-07,0.00014638291763320293
292,9,1-8,adjust,0.00106817091811562,2.9344002987083006e-05,7.8804277181362e-07
293,2,1-4,adjust,0.0016986344775046466,-4.666990823507347e-05,1.1237711099371142e-05
293,3,1-4,adjust,0.0007393541482060874,-8.810866365671475e-06,4.839132076378197e-05
293,6,1-5,adjust,-7.328471551149342e-05,-1.2921305805898314e-07,0.00012626478530147105
293,7,1-5,adjust,-0.0,-0.0,0.00010352947935253482
293,8,1-5,adjust,-0.0,-0.0,9.061787475157816e-05
293,9,1-5,adjust,-0.0010681709181442993,-2.9344002987615542e-05,5.565411244601686e-05
294,2,1-7,adjust,-0.0016986344775069906,4.666990823506351e-05,8.425632336621931e-05
294,3,1-7,adjust,-0.0007393541482207737,8.810866365982416e-06,0.00014274560570113652
294,4,1-7,adjust,-0.0,-0.0,0.00010799610563967409
294,5,1-7,adjust,-0.0,-0.0,0.0001318926025884016
294,6,1-7,adjust,7.328471549272206e-05,1.292130581422472e-07,0.00014638291763320293
294,9,1-8,adjust,0.0010681709181533327,2.9344002987527037e-05,7.880427713328792e-07
295,2,1-4,adjust,0.0016986344775046466,-4.666990823507347e-05,1.1237711099371142e-05
295,3,1-4,adjust,0.0007393541482182996,-8.810866365743012e-06,4.839132076358968e-05
295,6,1-5,adjust,-7.328471551149342e-05,-1.2921305805898314e-07,0.00012626478530147105
295,7,1-5,adjust,-0.0,-0.0,0.00010352947935253482
295,8,1-5,adjust,-0.0,-0.0,9.061787475157816e-05
295,9,1-5,adjust,-0.0010681709181389202,-2.9344002987310515e-05,5.5654112445952756e-05
296,2,1-7,adjust,-0.0016986344775069906,4.666990823506351e-05,8.425632336621931e-05
296,3,1-7,adjust,-0.0007393541482126586,8.810866365774686e-06,0.00014274560570076797
296,4,1-7,adjust,-0.0,-0.0,0.00010799610563967409
296,5,1-7,adjust,-0.0,-0.0,0.0001318926025884016
296,6,1-7,adjust,7.328471549272206e-05,1.292130581422472e-07,0.00014638291763320293
296,9,1-8,adjust,0.0010681709181304356,2.9344002987860074e-05,7.880427724546075e-07
297,2,1-4,adjust,0.0016986344775046466,-4.666990823507347e-05,1.1237711099371142e-05
297,3,1-4,adjust,0.0007393541482060874,-8.810866365671475e-06,4.839132076301279e-05
297,6,1-5,adjust,-7.328471551149342e-05,-1.2921305805898314e-07,0.00012626478530147105
297,7,1-5,adjust,-0.0,-0.0,0.00010352947935253482
297,8,1-5,adjust,-0.0,-0.0,9.061787475157816e-05
297,9,1-5,adjust,-0.0010681709181370235,-2.9344002987424783e-05,5.565411244660977e-05
298,2,1-7,adjust,-0.0016986344775069906,4.666990823506351e-05,8.425632336621931e-05
298,3,1-7,adjust,-0.0007393541481842569,8.810866365269666e-06,0.00014274560570054362
298,4,1-7,adjust,-0.0,-0.0,0.00010799610563967409
298,5,1-7,adjust,-0.0,-0.0,0.0001318926025884016
298,6,1-7,adjust,7.328471549272206e-05,1.292130581422472e-07,0.00014638291763320293
298,9,1-8,adjust,0.00106817091811562,2.9344002987083006e-05,7.8804277181362e-07
299,2,1-4,adjust,0.0016986344775046466,-4.666990823507347e-05,1.1237711099371142e-05
299,3,1-4,adjust,0.0007393541482060874,-8.810866365671475e-06,4.839132076378197e-05
299,6,1-5,adjust,-7.328471551149342e-05,-1.2921305805898314e-07,0.00012626478530147105
299,7,1-5,adjust,-0.0,-0.0,0.00010352947935253482
299,8,1-5,adjust,-0.0,-0.0,9.061787475157816e-05
299,9,1-5,adjust,-0.0010681709181442993,-2.9344002987615542e-05,5.565411244601686e-05
300,2,1-7,adjust,-0.0016986344775069906,4.666990823506351e-05,8.425632336621931e-05
300,3,1-7,adjust,-0.0007393541482207737,8.810866365982416e-06,0.00014274560570113652
300,4,1-7,adjust,-0.0,-0.0,0.00010799610563967409
300,5,1-7,adjust,-0.0,-0.0,0.0001318926025884016
300,6,1-7,adjust,7.328471549272206e-05,1.292130581422472e-07,0.00014638291763320293
300,9,1-8,adjust,0.0010681709181533327,2.9344002987527037e-05,7.880427713328792e-07
301,2,1-4,adjust,0.0016986344775046466,-4.666990823507347e-05,1.1237711099371142e-05
301,3,1-4,adjust,0.0007393541482182996,-8.810866365743012e-06,4.839132076358968e-05
301,6,1-5,adjust,-7.328471551149342e-05,-1.2921305805898314e-07,0.00012626478530147105
301,7,1-5,adjust,-0.0,-0.0,0.00010352947935253482
301,8,1-5,adjust,-0.0,-0.0,9.061787475157816e-05
301,9,1-5,adjust,-0.0010681709181389202,-2.9344002987310515e-05,5.5654112445952756e-05
302,2,1-7,adjust,-0.0016986344775069906,4.666990823506351e-05,8.425632336621931e-05
302,3,1-7,adjust,-0.0007393541482126586,8.810866365774686e-06,0.00014274560570076797
302,4,1-7,adjust,-0.0,-0.0,0.00010799610563967409
302,5,1-7,adjust,-0.0,-0.0,0.0001318926025884016
302,6,1-7,adjust,7.328471549272206e-05,1.292130581422472e-07,0.00014638291763320293
302,9,1-8,adjust,0.0010681709181304356,2.9344002987860074e-05,7.880427724546075e-07
303,2,1-4,adjust,0.0016986344775046466,-4.666990823507347e-05,1.1237711099371142e-05
303,3,1-4,adjust,0.0007393541482060874,-8.810866365671475e-06,4.839132076301279e-05
303,6,1-5,adjust,-7.328471551149342e-05,-1.2921305805898314e-07,0.00012626478530147105
303,7,1-5,adjust,-0.0,-0.0,0.00010352947935253482
303,8,1-5,adjust,-0.0,-0.0,9.061787475157816e-05
303,9,1-5,adjust,-0.0010681709181370235,-2.9344002987424783e-05,5.565411244660977e-05
304,2,1-7,adjust,-0.0016986344775069906,4.666990823506351e-05,8.425632336621931e-05
304,3,1-7,adjust,-0.0007393541481842569,8.810866365269666e-06,0.00014274560570054362
304,4,1-7,adjust,-0.0,-0.0,0.00010799610563967409
304,5,1-7,adjust,-0.0,-0.0,0.0001318926025884016
304,6,1-7,adjust,7.328471549272206e-05,1.292130581422472e-07,0.00014638291763320293
304,9,1-8,adjust,0.00106817091811562,2.9344002987083006e-05,7.8804277181362e-07
305,2,1-4,adjust,0.0016986344775046466,-4.666990823507347e-05,1.1237711099371142e-05
305,3,1-4,adjust,0.0007393541482060874,-8.810866365671475e-06,4.839132076378197e-05
305,6,1-5,adjust,-7.328471551149342e-05,-1.2921305805898314e-07,0.00012626478530147105
305,7,1-5,adjust,-0.0,-0.0,0.00010352947935253482
305,8,1-5,adjust,-0.0,-0.0,9.061787475157816e-05
305,9,1-5,adjust,-0.0010681709181442993,-2.9344002987615542e-05,5.565411244601686e-05
306,2,1-7,adjust,-0.0016986344775069906,4.666990823506351e-05,8.425632336621931e-05
306,3,1-7,adjust,-0.0007393541482207737,8.810866365982416e-06,0.00014274560570113652
306,4,1-7,adjust,-0.0,-0.0,0.00010799610563967409
306,5,1-7,adjust,-0.0,-0.0,0.0001318926025884016
306,6,1-7,adjust,7.328471549272206e-05,1.292130581422472e-07,0.00014638291763320293
306,9,1-8,adjust,0.0010681709181533327,2.9344002987527037e-05,7.880427713328792e-07
307,2,1-4,adjust,0.0016986344775046466,-4.666990823507347e-05,1.1237711099371142e-05
307,3,1-4,adjust,0.0007393541482182996,-8.810866365743012e-06,4.839132076358968e-05
307,6,1-5,adjust,-7.328471551149342e-05,-1.2921305805898314e-07,0.00012626478530147105
307,7,1-5,adjust,-0.0,-0.0,0.00010352947935253482
307,8,1-5,adjust,-0.0,-0.0,9.061787475157816e-05
307,9,1-5,adjust,-0.0010681709181389202,-2.9344002987310515e-05,5.5654112445952756e-05
308,2,1-7,adjust,-0.0016986344775069906,4.666990823506351e-05,8.425632336621931e-05
308,3,1-7,adjust,-0.0007393541482126586,8.810866365774686e-06,0.00014274560570076797
308,4,1-7,adjust,-0.0,-0.0,0.00010799610563967409
308,5,1-7,adjust,-0.0,-0.0,0.0001318926025884016
308,6,1-7,adjust,7.328471549272206e-05,1.292130581422472e-07,0.00014638291763320293
308,9,1-8,adjust,0.0010681709181304356,2.9344002987860074e-05,7.880427724546075e-07
309,2,1-4,adjust,0.0016986344775046466,-4.666990823507347e-05,1.1237711099371142e-05
309,3,1-4,adjust,0.0007393541482060874,-8.810866365671475e-06,4.839132076301279e-05
309,6,1-5,adjust,-7.328471551149342e-05,-1.2921305805898314e-07,0.00012626478530147105
309,7,1-5,adjust,-0.0,-0.0,0.00010352947935253482
309,8,1-5,adjust,-0.0,-0.0,9.061787475157816e-05
309,9,1-5,adjust,-0.0010681709181370235,-2.9344002987424783e-05,5.565411244660977e-05
310,2,1-7,adjust,-0.0016986344775069906,4.666990823506351e-05,8.425632336621931e-05
310,3,1-7,adjust,-0.0007393541481842569,8.810866365269666e-06,0.00014274560570054362
310,4,1-7,adjust,-0.0,-0.0,0.00010799610563967409
310,5,1-7,adjust,-0.0,-0.0,0.0001318926025884016
310,6,1-7,adjust,7.328471549272206e-05,1.292130581422472e-07,0.00014638291763320293
310,9,1-8,adjust,0.00106817091811562,2.9344002987083006e-05,7.8804277181362e-07
311,2,1-4,adjust,0.0016986344775046466,-4.666990823507347e-05,1.1237711099371142e-05
311,3,1-4,adjust,0.0007393541482060874,-8.810866365671475e-06,4.839132076378197e-05
311,6,1-5,adjust,-7.328471551149342e-05,-1.2921305805898314e-07,0.00012626478530147105
311,7,1-5,adjust,-0.0,-0.0,0.00010352947935253482
311,8,1-5,adjust,-0.0,-0.0,9.061787475157816e-05
311,9,1-5,adjust,-0.0010681709181442993,-2.9344002987615542e-05,5.565411244601686e-05
312,2,1-7,adjust,-0.0016986344775069906,4.666990823506351e-05,8.425632336621931e-05
312,3,1-7,adjust,-0.0007393541482207737,8.810866365982416e-06,0.00014274560570113652
312,4,1-7,adjust,-0.0,-0.0,0.00010799610563967409
312,5,1-7,adjust,-0.0,-0.0,0.0001318926025884016
312,6,1-7,adjust,7.328471549272206e-05,1.292130581422472e-07,0.00014638291763320293
312,9,1-8,adjust,0.0010681709181533327,2.9344002987527037e-05,7.880427713328792e-07
313,2,1-4,adjust,0.0016986344775046466,-4.666990823507347e-05,1.1237711099371142e-05
313,3,1-4,adjust,0.0007393541482182996,-8.810866365743012e-06,4.839132076358968e-05
313,6,1-5,adjust,-7.328471551149342e-05,-1.2921305805898314e-07,0.00012626478530147105
313,7,1-5,adjust,-0.0,-0.0,0.00010352947935253482
313,8,1-5,adjust,-0.0,-0.0,9.061787475157816e-05
313,9,1-5,adjust,-0.0010681709181389202,-2.9344002987310515e-05,5.5654112445952756e-05
314,2,1-7,adjust,-0.0016986344775069906,4.666990823506351e-05,8.425632336621931e-05
314,3,1-7,adjust,-0.0007393541482126586,8.810866365774686e-06,0.00014274560570076797
314,4,1-7,adjust,-0.0,-0.0,0.00010799610563967409
314,5,1-7,adjust,-0.0,-0.0,0.0001318926025884016
314,6,1-7,adjust,7.328471549272206e-05,1.292130581422472e-07,0.00014638291763320293
314,9,1-8,adjust,0.0010681709181304356,2.9344002987860074e-05,7.880427724546075e-07
315,2,1-4,adjust,0.0016986344775046466,-4.666990823507347e-05,1.1237711099371142e-05
315,3,1-4,adjust,0.0007393541482060874,-8.810866365671475e-06,4.839132076301279e-05
315,6,1-5,adjust,-7.328471551149342e-05,-1.2921305805898314e-07,0.00012626478530147105
315,7,1-5,adjust,-0.0,-0.0,0.00010352947935253482
315,8,1-5,adjust,-0.0,-0.0,9.061787475157816e-05
315,9,1-5,adjust,-0.0010681709181370235,-2.9344002987424783e-05,5.565411244660977e-05
316,2,1-7,adjust,-0.0016986344775069906,4.666990823506351e-05,8.425632336621931e-05
316,3,1-7,adjust,-0.0007393541481842569,8.810866365269666e-06,0.00014274560570054362
316,4,1-7,adjust,-0.0,-0.0,0.00010799610563967409
316,5,1-7,adjust,-0.0,-0.0,0.0001318926025884016
316,6,1-7,adjust,7.328471549272206e-05,1.292130581422472e-07,0.00014638291763320293
316,9,1-8,adjust,0.00106817091811562,2.9344002987083006e-05,7.8804277181362e-07
317,2,1-4,adjust,0.0016986344775046466,-4.666990823507347e-05,1.1237711099371142e-05
317,3,1-4,adjust,0.0007393541482060874,-8.810866365671475e-06,4.839132076378197e-05
317,6,1-5,adjust,-7.328471551149342e-05,-1.2921305805898314e-07,0.00012626478530147105
317,7,1-5,adjust,-0.0,-0.0,0.00010352947935253482
317,8,1-5,adjust,-0.0,-0.0,9.061787475157816e-05
317,9,1-5,adjust,-0.0010681709181442993,-2.9344002987615542e-05,5.565411244601686e-05
318,2,1-7,adjust,-0.0016986344775069906,4.666990823506351e-05,8.425632336621931e-05
318,3,1-7,adjust,-0.0007393541482207737,8.810866365982416e-06,0.00014274560570113652
318,4,1-7,adjust,-0.0,-0.0,0.00010799610563967409
318,5,1-7,adjust,-0.0,-0.0,0.0001318926025884016
318,6,1-7,adjust,7.328471549272206e-05,1.292130581422472e-07,0.00014638291763320293
318,9,1-8,adjust,0.0010681709181533327,2.9344002987527037e-05,7.880427713328792e-07
319,2,1-4,adjust,0.0016986344775046466,-4.666990823507347e-05,1.1237711099371142e-05
319,3,1-4,adjust,0.0007393541482182996,-8.810866365743012e-06,4.839132076358968e-05
319,6,1-5,adjust,-7.328471551149342e-05,-1.2921305805898314e-07,0.00012626478530147105
319,7,1-5,adjust,-0.0,-0.0,0.00010352947935253482
319,8,1-5,adjust,-0.0,-0.0,9.061787475157816e-05
319,9,1-5,adjust,-0.0010681709181389202,-2.9344002987310515e-05,5.5654112445952756e-05
320,2,1-7,adjust,-0.0016986344775069906,4.666990823506351e-05,8.425632336621931e-05
320,3,1-7,adjust,-0.0007393541482126586,8.810866365774686e-06,0.00014274560570076797
320,4,1-7,adjust,-0.0,-0.0,0.00010799610563967409
320,5,1-7,adjust,-0.0,-0.0,0.0001318926025884016
320,6,1-7,adjust,7.328471549272206e-05,1.292130581422472e-07,0.00014638291763320293
320,9,1-8,adjust,0.0010681709181304356,2.9344002987860074e-05,7.880427724546075e-07
321,2,1-4,adjust,0.0016986344775046466,-4.666990823507347e-05,1.1237711099371142e-05
321,3,1-4,adjust,0.0007393541482060874,-8.810866365671475e-06,4.839132076301279e-05
321,6,1-5,adjust,-7.328471551149342e-05,-1.2921305805898314e-07,0.00012626478530147105
321,7,1-5,adjust,-0.0,-0.0,0.00010352947935253482
321,8,1-5,adjust,-0.0,-0.0,9.061787475157816e-05
321,9,1-5,adjust,-0.0010681709181370235,-2.9344002987424783e-05,5.565411244660977e-05
322,2,1-7,adjust,-0.0016986344775069906,4.666990823506351e-05,8.425632336621931e-05
322,3,1-7,adjust,-0.0007393541481842569,8.810866365269666e-06,0.00014274560570054362
322,4,1-7,adjust,-0.0,-0.0,0.00010799610563967409
322,5,1-7,adjust,-0.0,-0.0,0.0001318926025884016
322,6,1-7,adjust,7.328471549272206e-05,1.292130581422472e-07,0.00014638291763320293
322,9,1-8,adjust,0.00106817091811562,2.9344002987083006e-05,7.8804277181362e-07
323,2,1-4,adjust,0.0016986344775046466,-4.666990823507347e-05,1.1237711099371142e-05
323,3,1-4,adjust,0.0007393541482060874,-8.810866365671475e-06,4.839132076378197e-05
323,6,1-5,adjust,-7.328471551149342e-05,-1.2921305805898314e-07,0.00012626478530147105
323,7,1-5,adjust,-0.0,-0.0,0.00010352947935253482
323,8,1-5,adjust,-0.0,-0.0,9.061787475157816e-05
323,9,1-5,adjust,-0.0010681709181442993,-2.9344002987615542e-05,5.565411244601686e-05
324,2,1-7,adjust,-0.0016986344775069906,4.666990823506351e-05,8.425632336621931e-05
324,3,1-7,adjust,-0.0007393541482207737,8.810866365982416e-06,0.00014274560570113652
324,4,1-7,adjust,-0.0,-0.0,0.00010799610563967409
324,5,1-7,adjust,-0.0,-0.0,0.0001318926025884016
324,6,1-7,adjust,7.328471549272206e-05,1.292130581422472e-07,0.00014638291763320293
324,9,1-8,adjust,0.0010681709181533327,2.9344002987527037e-05,7.880427713328792e-07
325,2,1-4,adjust,0.0016986344775046466,-4.666990823507347e-05,1.1237711099371142e-05
325,3,1-4,adjust,0.0007393541482182996,-8.810866365743012e-06,4.839132076358968e-05
325,6,1-5,adjust,-7.328471551149342e-05,-1.2921305805898314e-07,0.00012626478530147105
325,7,1-5,adjust,-0.0,-0.0,0.00010352947935253482
325,8,1-5,adjust,-0.0,-0.0,9.061787475157816e-05
325,9,1-5,adjust,-0.0010681709181389202,-2.9344002987310515e-05,5.5654112445952756e-05
326,2,1-7,adjust,-0.0016986344775069906,4.666990823506351e-05,8.425632336621931e-05
326,3,1-7,adjust,-0.0007393541482126586,8.810866365774686e-06,0.00014274560570076797
326,4,1-7,adjust,-0.0,-0.0,0.00010799610563967409
326,5,1-7,adjust,-0.0,-0.0,0.0001318926025884016
326,6,1-7,adjust,7.328471549272206e-05,1.292130581422472e-07,0.00014638291763320293
326,9,1-8,adjust,0.0010681709181304356,2.9344002987860074e-05,7.880427724546075e-07
327,2,1-4,adjust,0.0016986344775046466,-4.666990823507347e-05,1.1237711099371142e-05
327,3,1-4,adjust,0.0007393541482060874,-8.810866365671475e-06,4.839132076301279e-05
327,6,1-5,adjust,-7.328471551149342e-05,-1.2921305805898314e-07,0.00012626478530147105
327,7,1-5,adjust,-0.0,-0.0,0.00010352947935253482
327,8,1-5,adjust,-0.0,-0.0,9.061787475157816e-05
327,9,1-5,adjust,-0.0010681709181370235,-2.9344002987424783e-05,5.565411244660977e-05
328,2,1-7,adjust,-0.0016986344775069906,4.666990823506351e-05,8.425632336621931e-05
328,3,1-7,adjust,-0.0007393541481842569,8.810866365269666e-06,0.00014274560570054362
328,4,1-7,adjust,-0.0,-0.0,0.00010799610563967409
328,5,1-7,adjust,-0.0,-0.0,0.0001318926025884016
328,6,1-7,adjust,7.328471549272206e-05,1.292130581422472e-07,0.00014638291763320293
328,9,1-8,adjust,0.00106817091811562,2.9344002987083006e-05,7.8804277181362e-07
329,2,1-4,adjust,0.0016986344775046466,-4.666990823507347e-05,1.1237711099371142e-05
329,3,1-4,adjust,0.0007393541482060874,-8.810866365671475e-06,4.839132076378197e-05
329,6,1-5,adjust,-7.328471551149342e-05,-1.2921305805898314e-07,0.00012626478530147105
329,7,1-5,adjust,-0.0,-0.0,0.00010352947935253482
329,8,1-5,adjust,-0.0,-0.0,9.061787475157816e-05
329,9,1-5,adjust,-0.0010681709181442993,-2.9344002987615542e-05,5.565411244601686e-05
330,2,1-7,adjust,-0.0016986344775069906,4.666990823506351e-05,8.425632336621931e-05
330,3,1-7,adjust,-0.0007393541482207737,8.810866365982416e-06,0.00014274560570113652
330,4,1-7,adjust,-0.0,-0.0,0.00010799610563967409
330,5,1-7,adjust,-0.0,-0.0,0.0001318926025884016
330,6,1-7,adjust,7.328471549272206e-05,1.292130581422472e-07,0.00014638291763320293
330,9,1-8,adjust,0.0010681709181533327,2.9344002987527037e-05,7.880427713328792e-07
331,2,1-4,adjust,0.0016986344775046466,-4.666990823507347e-05,1.1237711099371142e-05
331,3,1-4,adjust,0.0007393541482182996,-8.810866365743012e-06,4.839132076358968e-05
331,6,1-5,adjust,-7.328471551149342e-05,-1.2921305805898314e-07,0.00012626478530147105
331,7,1-5,adjust,-0.0,-0.0,0.00010352947935253482
331,8,1-5,adjust,-0.0,-0.0,9.061787475157816e-05
331,9,1-5,adjust,-0.0010681709181389202,-2.9344002987310515e-05,5.5654112445952756e-05
332,2,1-7,adjust,-0.0016986344775069906,4.666990823506351e-05,8.425632336621931e-05
332,3,1-7,adjust,-0.0007393541482126586,8.810866365774686e-06,0.00014274560570076797
332,4,1-7,adjust,-0.0,-0.0,0.00010799610563967409
332,5,1-7,adjust,-0.0,-0.0,0.0001318926025884016
332,6,1-7,adjust,7.328471549272206e-05,1.292130581422472e-07,0.00014638291763320293
332,9,1-8,adjust,0.0010681709181304356,2.9344002987860074e-05,7.880427724546075e-07
333,2,1-4,adjust,0.0016986344775046466,-4.666990823507347e-05,1.1237711099371142e-05
333,3,1-4,adjust,0.0007393541482060874,-8.810866365671475e-06,4.839132076301279e-05
333,6,1-5,adjust,-7.328471551149342e-05,-1.2921305805898314e-07,0.00012626478530147105
333,7,1-5,adjust,-0.0,-0.0,0.00010352947935253482
333,8,1-5,adjust,-0.0,-0.0,9.061787475157816e-05
333,9,1-5,adjust,-0.0010681709181370235,-2.9344002987424783e-05,5.565411244660977e-05
334,2,1-7,adjust,-0.0016986344775069906,4.666990823506351e-05,8.425632336621931e-05
334,3,1-7,adjust,-0.0007393541481842569,8.810866365269666e-06,0.00014274560570054362
334,4,1-7,adjust,-0.0,-0.0,0.00010799610563967409
334,5,1-7,adjust,-0.0,-0.0,0.0001318926025884016
334,6,1-7,adjust,7.328471549272206e-05,1.292130581422472e-07,0.00014638291763320293
334,9,1-8,adjust,0.00106817091811562,2.9344002987083006e-05,7.8804277181362e-07
335,2,1-4,adjust,0.0016986344775046466,-4.666990823507347e-05,1.1237711099371142e-05
335,3,1-4,adjust,0.0007393541482060874,-8.810866365671475e-06,4.839132076378197e-05
335,6,1-5,adjust,-7.328471551149342e-05,-1.2921305805898314e-07,0.00012626478530147105
335,7,1-5,adjust,-0.0,-0.0,0.00010352947935253482
335,8,1-5,adjust,-0.0,-0.0,9.061787475157816e-05
335,9,1-5,adjust,-0.0010681709181442993,-2.9344002987615542e-05,5.565411244601686e-05
336,2,1-7,adjust,-0.0016986344775069906,4.666990823506351e-05,8.425632336621931e-05
336,3,1-7,adjust,-0.0007393541482207737,8.810866365982416e-06,0.00014274560570113652
336,4,1-7,adjust,-0.0,-0.0,0.00010799610563967409
336,5,1-7,adjust,-0.0,-0.0,0.0001318926025884016
336,6,1-7,adjust,7.328471549272206e-05,1.292130581422472e-07,0.00014638291763320293
336,9,1-8,adjust,0.0010681709181533327,2.9344002987527037e-05,7.880427713328792e-07
337,2,1-4,adjust,0.0016986344775046466,-4.666990823507347e-05,1.1237711099371142e-05
337,3,1-4,adjust,0.0007393541482182996,-8.810866365743012e-06,4.839132076358968e-05
337,6,1-5,adjust,-7.328471551149342e-05,-1.2921305805898314e-07,0.00012626478530147105
337,7,1-5,adjust,-0.0,-0.0,0.00010352947935253482
337,8,1-5,adjust,-0.0,-0.0,9.061787475157816e-05
337,9,1-5,adjust,-0.0010681709181389202,-2.9344002987310515e-05,5.5654112445952756e-05
338,2,1-7,adjust,-0.0016986344775069906,4.666990823506351e-05,8.425632336621931e-05
338,3,1-7,adjust,-0.0007393541482126586,8.810866365774686e-06,0.00014274560570076797
338,4,1-7,adjust,-0.0,-0.0,0.00010799610563967409
338,5,1-7,adjust,-0.0,-0.0,0.0001318926025884016
338,6,1-7,adjust,7.328471549272206e-05,1.292130581422472e-07,0.00014638291763320293
338,9,1-8,adjust,0.0010681709181304356,2.9344002987860074e-05,7.880427724546075e-07
339,2,1-4,adjust,0.0016986344775046466,-4.666990823507347e-05,1.1237711099371142e-05
339,3,1-4,adjust,0.0007393541482060874,-8.810866365671475e-06,4.839132076301279e-05
339,6,1-5,adjust,-7.328471551149342e-05,-1.2921305805898314e-07,0.00012626478530147105
339,7,1-5,adjust,-0.0,-0.0,0.00010352947935253482
339,8,1-5,adjust,-0.0,-0.0,9.061787475157816e-05
339,9,1-5,adjust,-0.0010681709181370235,-2.9344002987424783e-05,5.565411244660977e-05
340,2,1-7,adjust,-0.0016986344775069906,4.666990823506351e-05,8.425632336621931e-05
340,3,1-7,adjust,-0.0007393541481842569,8.810866365269666e-06,0.00014274560570054362
340,4,1-7,adjust,-0.0,-0.0,0.00010799610563967409
340,5,1-7,adjust,-0.0,-0.0,0.0001318926025884016
340,6,1-7,adjust,7.328471549272206e-05,1.292130581422472e-07,0.00014638291763320293
340,9,1-8,adjust,0.00106817091811562,2.9344002987083006e-05,7.8804277181362e-07
341,2,1-4,adjust,0.0016986344775046466,-4.666990823507347e-05,1.1237711099371142e-05
341,3,1-4,adjust,0.0007393541482060874,-8.810866365671475e-06,4.839132076378197e-05
341,6,1-5,adjust,-7.328471551149342e-05,-1.2921305805898314e-07,0.00012626478530147105
341,7,1-5,adjust,-0.0,-0.0,0.00010352947935253482
341,8,1-5,adjust,-0.0,-0.0,9.061787475157816e-05
341,9,1-5,adjust,-0.0010681709181442993,-2.9344002987615542e-05,5.565411244601686e-05
342,2,1-7,adjust,-0.0016986344775069906,4.666990823506351e-05,8.425632336621931e-05
342,3,1-7,adjust,-0.0007393541482207737,8.810866365982416e-06,0.00014274560570113652
342,4,1-7,adjust,-0.0,-0.0,0.00010799610563967409
342,5,1-7,adjust,-0.0,-0.0,0.0001318926025884016
342,6,1-7,adjust,7.328471549272206e-05,1.292130581422472e-07,0.00014638291763320293
342,9,1-8,adjust,0.0010681709181533327,2.9344002987527037e-05,7.880427713328792e-07
343,2,1-4,adjust,0.0016986344775046466,-4.666990823507347e-05,1.1237711099371142e-05
343,3,1-4,adjust,0.0007393541482182996,-8.810866365743012e-06,4.839132076358968e-05
343,6,1-5,adjust,-7.328471551149342e-05,-1.2921305805898314e-07,0.00012626478530147105
343,7,1-5,adjust,-0.0,-0.0,0.00010352947935253482
343,8,1-5,adjust,-0.0,-0.0,9.061787475157816e-05
343,9,1-5,adjust,-0.0010681709181389202,-2.9344002987310515e-05,5.5654112445952756e-05
344,2,1-7,adjust,-0.0016986344775069906,4.666990823506351e-05,8.425632336621931e-05
344,3,1-7,adjust,-0.0007393541482126586,8.810866365774686e-06,0.00014274560570076797
344,4,1-7,adjust,-0.0,-0.0,0.00010799610563967409
344,5,1-7,adjust,-0.0,-0.0,0.0001318926025884016
344,6,1-7,adjust,7.328471549272206e-05,1.292130581422472e-07,0.00014638291763320293
344,9,1-8,adjust,0.0010681709181304356,2.9344002987860074e-05,7.880427724546075e-07
345,2,1-4,adjust,0.0016986344775046466,-4.666990823507347e-05,1.1237711099371142e-05
345,3,1-4,adjust,0.0007393541482060874,-8.810866365671475e-06,4.839132076301279e-05
345,6,1-5,adjust,-7.328471551149342e-05,-1.2921305805898314e-07,0.00012626478530147105
345,7,1-5,adjust,-0.0,-0.0,0.00010352947935253482
345,8,1-5,adjust,-0.0,-0.0,9.061787475157816e-05
345,9,1-5,adjust,-0.0010681709181370235,-2.9344002987424783e-05,5.565411244660977e-05
346,2,1-7,adjust,-0.0016986344775069906,4.666990823506351e-05,8.425632336621931e-05
346,3,1-7,adjust,-0.0007393541481842569,8.810866365269666e-06,0.00014274560570054362
346,4,1-7,adjust,-0.0,-0.0,0.00010799610563967409
346,5,1-7,adjust,-0.0,-0.0,0.0001318926025884016
346,6,1-7,adjust,7.328471549272206e-05,1.292130581422472e-07,0.00014638291763320293
346,9,1-8,adjust,0.00106817091811562,2.9344002987083006e-05,7.8804277181362e-07
347,2,1-4,adjust,0.0016986344775046466,-4.666990823507347e-05,1.1237711099371142e-05
347,3,1-4,adjust,0.0007393541482060874,-8.810866365671475e-06,4.839132076378197e-05
347,6,1-5,adjust,-7.328471551149342e-05,-1.2921305805898314e-07,0.00012626478530147105
347,7,1-5,adjust,-0.0,-0.0,0.00010352947935253482
347,8,1-5,adjust,-0.0,-0.0,9.061787475157816e-05
347,9,1-5,adjust,-0.0010681709181442993,-2.9344002987615542e-05,5.565411244601686e-05
348,2,1-7,adjust,-0.0016986344775069906,4.666990823506351e-05,8.425632336621931e-05
348,3,1-7,adjust,-0.0007393541482207737,8.810866365982416e-06,0.00014274560570113652
348,4,1-7,adjust,-0.0,-0.0,0.00010799610563967409
348,5,1-7,adjust,-0.0,-0.0,0.0001318926025884016
348,6,1-7,adjust,7.328471549272206e-05,1.292130581422472e-07,0.00014638291763320293
348,9,1-8,adjust,0.0010681709181533327,2.9344002987527037e-05,7.880427713328792e-07
349,2,1-4,adjust,0.0016986344775046466,-4.666990823507347e-05,1.1237711099371142e-05
349,3,1-4,adjust,0.0007393541482182996,-8.810866365743012e-06,4.839132076358968e-05
349,6,1-5,adjust,-7.328471551149342e-05,-1.2921305805898314e-07,0.00012626478530147105
349,7,1-5,adjust,-0.0,-0.0,0.00010352947935253482
349,8,1-5,adjust,-0.0,-0.0,9.061787475157816e-05
349,9,1-5,adjust,-0.0010681709181389202,-2.9344002987310515e-05,5.5654112445952756e-05
350,2,1-7,adjust,-0.0016986344775069906,4.666990823506351e-05,8.425632336621931e-05
350,3,1-7,adjust,-0.0007393541482126586,8.810866365774686e-06,0.00014274560570076797
350,4,1-7,adjust,-0.0,-0.0,0.00010799610563967409
350,5,1-7,adjust,-0.0,-0.0,0.0001318926025884016
350,6,1-7,adjust,7.328471549272206e-05,1.292130581422472e-07,0.00014638291763320293
350,9,1-8,adjust,0.0010681709181304356,2.9344002987860074e-05,7.880427724546075e-07
351,2,1-4,adjust,0.0016986344775046466,-4.666990823507347e-05,1.1237711099371142e-05
351,3,1-4,adjust,0.0007393541482060874,-8.810866365671475e-06,4.839132076301279e-05
351,6,1-5,adjust,-7.328471551149342e-05,-1.2921305805898314e-07,0.00012626478530147105
351,7,1-5,adjust,-0.0,-0.0,0.00010352947935253482
351,8,1-5,adjust,-0.0,-0.0,9.061787475157816e-05
351,9,1-5,adjust,-0.0010681709181370235,-2.9344002987424783e-05,5.565411244660977e-05
352,2,1-7,adjust,-0.0016986344775069906,4.666990823506351e-05,8.425632336621931e-05
352,3,1-7,adjust,-0.0007393541481842569,8.810866365269666e-06,0.00014274560570054362
352,4,1-7,adjust,-0.0,-0.0,0.00010799610563967409
352,5,1-7,adjust,-0.0,-0.0,0.0001318926025884016
352,6,1-7,adjust,7.328471549272206e-05,1.292130581422472e-07,0.00014638291763320293
352,9,1-8,adjust,0.00106817091811562,2.9344002987083006e-05,7.8804277181362e-07
353,2,1-4,adjust,0.0016986344775046466,-4.666990823507347e-05,1.1237711099371142e-05
353,3,1-4,adjust,0.0007393541482060874,-8.810866365671475e-06,4.839132076378197e-05
353,6,1-5,adjust,-7.328471551149342e-05,-1.2921305805898314e-07,0.00012626478530147105
353,7,1-5,adjust,-0.0,-0.0,0.00010352947935253482
353,8,1-5,adjust,-0.0,-0.0,9.061787475157816e-05
353,9,1-5,adjust,-0.0010681709181442993,-2.9344002987615542e-05,5.565411244601686e-05
354,2,1-7,adjust,-0.0016986344775069906,4.666990823506351e-05,8.425632336621931e-05
354,3,1-7,adjust,-0.0007393541482207737,8.810866365982416e-06,0.00014274560570113652
354,4,1-7,adjust,-0.0,-0.0,0.00010799610563967409
354,5,1-7,adjust,-0.0,-0.0,0.0001318926025884016
354,6,1-7,adjust,7.328471549272206e-05,1.292130581422472e-07,0.00014638291763320293
354,9,1-8,adjust,0.0010681709181533327,2.9344002987527037e-05,7.880427713328792e-07
355,2,1-4,adjust,0.0016986344775046466,-4.666990823507347e-05,1.1237711099371142e-05
355,3,1-4,adjust,0.0007393541482182996,-8.810866365743012e-06,4.839132076358968e-05
355,6,1-5,adjust,-7.328471551149342e-05,-1.2921305805898314e-07,0.00012626478530147105
355,7,1-5,adjust,-0.0,-0.0,0.00010352947935253482
355,8,1-5,adjust,-0.0,-0.0,9.061787475157816e-05
355,9,1-5,adjust,-0.0010681709181389202,-2.9344002987310515e-05,5.5654112445952756e-05
356,2,1-7,adjust,-0.0016986344775069906,4.666990823506351e-05,8.425632336621931e-05
356,3,1-7,adjust,-0.0007393541482126586,8.810866365774686e-06,0.00014274560570076797
356,4,1-7,adjust,-0.0,-0.0,0.00010799610563967409
356,5,1-7,adjust,-0.0,-0.0,0.0001318926025884016
356,6,1-7,adjust,7.328471549272206e-05,1.292130581422472e-07,0.00014638291763320293
356,9,1-8,adjust,0.0010681709181304356,2.9344002987860074e-05,7.880427724546075e-07
357,2,1-4,adjust,0.0016986344775046466,-4.666990823507347e-05,1.1237711099371142e-05
357,3,1-4,adjust,0.0007393541482060874,-8.810866365671475e-06,4.839132076301279e-05
357,6,1-5,adjust,-7.328471551149342e-05,-1.2921305805898314e-07,0.00012626478530147105
357,7,1-5,adjust,-0.0,-0.0,0.00010352947935253482
357,8,1-5,adjust,-0.0,-0.0,9.061787475157816e-05
357,9,1-5,adjust,-0.0010681709181370235,-2.9344002987424783e-05,5.565411244660977e-05
358,2,1-7,adjust,-0.0016986344775069906,4.666990823506351e-05,8.425632336621931e-05
358,3,1-7,adjust,-0.0007393541481842569,8.810866365269666e-06,0.00014274560570054362
358,4,1-7,adjust,-0.0,-0.0,0.00010799610563967409
358,5,1-7,adjust,-0.0,-0.0,0.0001318926025884016
358,6,1-7,adjust,7.328471549272206e-05,1.292130581422472e-07,0.00014638291763320293
358,9,1-8,adjust,0.00106817091811562,2.9344002987083006e-05,7.8804277181362e-07
359,2,1-4,adjust,0.0016986344775046466,-4.666990823507347e-05,1.1237711099371142e-05
359,3,1-4,adjust,0.0007393541482060874,-8.810866365671475e-06,4.839132076378197e-05
359,6,1-5,adjust,-7.328471551149342e-05,-1.2921305805898314e-07,0.00012626478530147105
359,7,1-5,adjust,-0.0,-0.0,0.00010352947935253482
359,8,1-5,adjust,-0.0,-0.0,9.061787475157816e-05
359,9,1-5,adjust,-0.0010681709181442993,-2.9344002987615542e-05,5.565411244601686e-05
360,2,1-7,adjust,-0.0016986344775069906,4.666990823506351e-05,8.425632336621931e-05
360,3,1-7,adjust,-0.0007393541482207737,8.810866365982416e-06,0.00014274560570113652
360,4,1-7,adjust,-0.0,-0.0,0.00010799610563967409
360,5,1-7,adjust,-0.0,-0.0,0.0001318926025884016
360,6,1-7,adjust,7.328471549272206e-05,1.292130581422472e-07,0.00014638291763320293
360,9,1-8,adjust,0.0010681709181533327,2.9344002987527037e-05,7.880427713328792e-07
361,2,1-4,adjust,0.0016986344775046466,-4.666990823507347e-05,1.1237711099371142e-05
361,3,1-4,adjust,0.0007393541482182996,-8.810866365743012e-06,4.839132076358968e-05
361,6,1-5,adjust,-7.328471551149342e-05,-1.2921305805898314e-07,0.00012626478530147105
361,7,1-5,adjust,-0.0,-0.0,0.00010352947935253482
361,8,1-5,adjust,-0.0,-0.0,9.061787475157816e-05
361,9,1-5,adjust,-0.0010681709181389202,-2.9344002987310515e-05,5.5654112445952756e-05
362,2,1-7,adjust,-0.0016986344775069906,4.666990823506351e-05,8.425632336621931e-05
362,3,1-7,adjust,-0.0007393541482126586,8.810866365774686e-06,0.00014274560570076797
362,4,1-7,adjust,-0.0,-0.0,0.00010799610563967409
362,5,1-7,adjust,-0.0,-0.0,0.0001318926025884016
362,6,1-7,adjust,7.328471549272206e-05,1.292130581422472e-07,0.00014638291763320293
362,9,1-8,adjust,0.0010681709181304356,2.9344002987860074e-05,7.880427724546075e-07
363,2,1-4,adjust,0.0016986344775046466,-4.666990823507347e-05,1.1237711099371142e-05
363,3,1-4,adjust,0.0007393541482060874,-8.810866365671475e-06,4.839132076301279e-05
363,6,1-5,adjust,-7.328471551149342e-05,-1.2921305805898314e-07,0.00012626478530147105
363,7,1-5,adjust,-0.0,-0.0,0.00010352947935253482
363,8,1-5,adjust,-0.0,-0.0,9.061787475157816e-05
363,9,1-5,adjust,-0.0010681709181370235,-2.9344002987424783e-05,5.565411244660977e-05
364,2,1-7,adjust,-0.0016986344775069906,4.666990823506351e-05,8.425632336621931e-05
364,3,1-7,adjust,-0.0007393541481842569,8.810866365269666e-06,0.00014274560570054362
364,4,1-7,adjust,-0.0,-0.0,0.00010799610563967409
364,5,1-7,adjust,-0.0,-0.0,0.0001318926025884016
364,6,1-7,adjust,7.328471549272206e-05,1.292130581422472e-07,0.00014638291763320293
364,9,1-8,adjust,0.00106817091811562,2.9344002987083006e-05,7.8804277181362e-07
365,2,1-4,adjust,0.0016986344775046466,-4.666990823507347e-05,1.1237711099371142e-05
365,3,1-4,adjust,0.0007393541482060874,-8.810866365671475e-06,4.839132076378197e-05
365,6,1-5,adjust,-7.328471551149342e-05,-1.2921305805898314e-07,0.00012626478530147105
365,7,1-5,adjust,-0.0,-0.0,0.00010352947935253482
365,8,1-5,adjust,-0.0,-0.0,9.061787475157816e-05
365,9,1-5,adjust,-0.0010681709181442993,-2.9344002987615542e-05,5.565411244601686e-05
366,2,1-7,adjust,-0.0016986344775069906,4.666990823506351e-05,8.425632336621931e-05
366,3,1-7,adjust,-0.0007393541482207737,8.810866365982416e-06,0.00014274560570113652
366,4,1-7,adjust,-0.0,-0.0,0.00010799610563967409
366,5,1-7,adjust,-0.0,-0.0,0.0001318926025884016
366,6,1-7,adjust,7.328471549272206e-05,1.292130581422472e-07,0.00014638291763320293
366,9,1-8,adjust,0.0010681709181533327,2.9344002987527037e-05,7.880427713328792e-07
367,2,1-4,adjust,0.0016986344775046466,-4.666990823507347e-05,1.1237711099371142e-05
367,3,1-4,adjust,0.0007393541482182996,-8.810866365743012e-06,4.839132076358968e-05
367,6,1-5,adjust,-7.328471551149342e-05,-1.2921305805898314e-07,0.00012626478530147105
367,7,1-5,adjust,-0.0,-0.0,0.00010352947935253482
367,8,1-5,adjust,-0.0,-0.0,9.061787475157816e-05
367,9,1-5,adjust,-0.0010681709181389202,-2.9344002987310515e-05,5.5654112445952756e-05
368,2,1-7,adjust,-0.0016986344775069906,4.666990823506351e-05,8.425632336621931e-05
368,3,1-7,adjust,-0.0007393541482126586,8.810866365774686e-06,0.00014274560570076797
368,4,1-7,adjust,-0.0,-0.0,0.00010799610563967409
368,5,1-7,adjust,-0.0,-0.0,0.0001318926025884016
368,6,1-7,adjust,7.328471549272206e-05,1.292130581422472e-07,0.00014638291763320293
368,9,1-8,adjust,0.0010681709181304356,2.9344002987860074e-05,7.880427724546075e-07
369,2,1-4,adjust,0.0016986344775046466,-4.666990823507347e-05,1.1237711099371142e-05
369,3,1-4,adjust,0.0007393541482060874,-8.810866365671475e-06,4.839132076301279e-05
369,6,1-5,adjust,-7.328471551149342e-05,-1.2921305805898314e-07,0.00012626478530147105
369,7,1-5,adjust,-0.0,-0.0,0.00010352947935253482
369,8,1-5,adjust,-0.0,-0.0,9.061787475157816e-05
369,9,1-5,adjust,-0.0010681709181370235,-2.9344002987424783e-05,5.565411244660977e-05
370,2,1-7,adjust,-0.0016986344775069906,4.666990823506351e-05,8.425632336621931e-05
370,3,1-7,adjust,-0.0007393541481842569,8.810866365269666e-06,0.00014274560570054362
370,4,1-7,adjust,-0.0,-0.0,0.00010799610563967409
370,5,1-7,adjust,-0.0,-0.0,0.0001318926025884016
370,6,1-7,adjust,7.328471549272206e-05,1.292130581422472e-07,0.00014638291763320293
370,9,1-8,adjust,0.00106817091811562,2.9344002987083006e-05,7.8804277181362e-07
371,2,1-4,adjust,0.0016986344775046466,-4.666990823507347e-05,1.1237711099371142e-05
371,3,1-4,adjust,0.0007393541482060874,-8.810866365671475e-06,4.839132076378197e-05
371,6,1-5,adjust,-7.328471551149342e-05,-1.2921305805898314e-07,0.00012626478530147105
371,7,1-5,adjust,-0.0,-0.0,0.00010352947935253482
371,8,1-5,adjust,-0.0,-0.0,9.061787475157816e-05
371,9,1-5,adjust,-0.0010681709181442993,-2.9344002987615542e-05,5.565411244601686e-05
372,2,1-7,adjust,-0.0016986344775069906,4.666990823506351e-05,8.425632336621931e-05
372,3,1-7,adjust,-0.0007393541482207737,8.810866365982416e-06,0.00014274560570113652
372,4,1-7,adjust,-0.0,-0.0,0.00010799610563967409
372,5,1-7,adjust,-0.0,-0.0,0.0001318926025884016
372,6,1-7,adjust,7.328471549272206e-05,1.292130581422472e-07,0.00014638291763320293
372,9,1-8,adjust,0.0010681709181533327,2.9344002987527037e-05,7.880427713328792e-07
373,2,1-4,adjust,0.0016986344775046466,-4.666990823507347e-05,1.1237711099371142e-05
373,3,1-4,adjust,0.0007393541482182996,-8.810866365743012e-06,4.839132076358968e-05
373,6,1-5,adjust,-7.328471551149342e-05,-1.2921305805898314e-07,0.00012626478530147105
373,7,1-5,adjust,-0.0,-0.0,0.00010352947935253482
373,8,1-5,adjust,-0.0,-0.0,9.061787475157816e-05
373,9,1-5,adjust,-0.0010681709181389202,-2.9344002987310515e-05,5.5654112445952756e-05
374,2,1-7,adjust,-0.0016986344775069906,4.666990823506351e-05,8.425632336621931e-05
374,3,1-7,adjust,-0.0007393541482126586,8.810866365774686e-06,0.00014274560570076797
374,4,1-7,adjust,-0.0,-0.0,0.00010799610563967409
374,5,1-7,adjust,-0.0,-0.0,0.0001318926025884016
374,6,1-7,adjust,7.328471549272206e-05,1.292130581422472e-07,0.00014638291763320293
374,9,1-8,adjust,0.0010681709181304356,2.9344002987860074e-05,7.880427724546075e-07
375,2,1-4,adjust,0.0016986344775046466,-4.666990823507347e-05,1.1237711099371142e-05
375,3,1-4,adjust,0.0007393541482060874,-8.810866365671475e-06,4.839132076301279e-05
375,6,1-5,adjust,-7.328471551149342e-05,-1.2921305805898314e-07,0.00012626478530147105
375,7,1-5,adjust,-0.0,-0.0,0.00010352947935253482
375,8,1-5,adjust,-0.0,-0.0,9.061787475157816e-05
375,9,1-5,adjust,-0.0010681709181370235,-2.9344002987424783e-05,5.565411244660977e-05
376,2,1-7,adjust,-0.0016986344775069906,4.666990823506351e-05,8.425632336621931e-05
376,3,1-7,adjust,-0.0007393541481842569,8.810866365269666e-06,0.00014274560570054362
376,4,1-7,adjust,-0.0,-0.0,0.00010799610563967409
376,5,1-7,adjust,-0.0,-0.0,0.0001318926025884016
376,6,1-7,adjust,7.328471549272206e-05,1.292130581422472e-07,0.00014638291763320293
376,9,1-8,adjust,0.00106817091811562,2.9344002987083006e-05,7.8804277181362e-07
377,2,1-4,adjust,0.0016986344775046466,-4.666990823507347e-05,1.1237711099371142e-05
377,3,1-4,adjust,0.0007393541482060874,-8.810866365671475e-06,4.839132076378197e-05
377,6,1-5,adjust,-7.328471551149342e-05,-1.2921305805898314e-07,0.00012626478530147105
377,7,1-5,adjust,-0.0,-0.0,0.00010352947935253482
377,8,1-5,adjust,-0.0,-0.0,9.061787475157816e-05
377,9,1-5,adjust,-0.0010681709181442993,-2.9344002987615542e-05,5.565411244601686e-05
378,2,1-7,adjust,-0.0016986344775069906,4.666990823506351e-05,8.425632336621931e-05
378,3,1-7,adjust,-0.0007393541482207737,8.810866365982416e-06,0.00014274560570113652
378,4,1-7,adjust,-0.0,-0.0,0.00010799610563967409
378,5,1-7,adjust,-0.0,-0.0,0.0001318926025884016
378,6,1-7,adjust,7.328471549272206e-05,1.292130581422472e-07,0.00014638291763320293
378,9,1-8,adjust,0.0010681709181533327,2.9344002987527037e-05,7.880427713328792e-07
379,2,1-4,adjust,0.0016986344775046466,-4.666990823507347e-05,1.1237711099371142e-05
379,3,1-4,adjust,0.0007393541482182996,-8.810866365743012e-06,4.839132076358968e-05
379,6,1-5,adjust,-7.328471551149342e-05,-1.2921305805898314e-07,0.00012626478530147105
379,7,1-5,adjust,-0.0,-0.0,0.00010352947935253482
379,8,1-5,adjust,-0.0,-0.0,9.061787475157816e-05
379,9,1-5,adjust,-0.0010681709181389202,-2.9344002987310515e-05,5.5654112445952756e-05
380,2,1-7,adjust,-0.0016986344775069906,4.666990823506351e-05,8.425632336621931e-05
380,3,1-7,adjust,-0.0007393541482126586,8.810866365774686e-06,0.00014274560570076797
380,4,1-7,adjust,-0.0,-0.0,0.00010799610563967409
380,5,1-7,adjust,-0.0,-0.0,0.0001318926025884016
380,6,1-7,adjust,7.328471549272206e-05,1.292130581422472e-07,0.00014638291763320293
380,9,1-8,adjust,0.0010681709181304356,2.9344002987860074e-05,7.880427724546075e-07
381,2,1-4,adjust,0.0016986344775046466,-4.666990823507347e-05,1.1237711099371142e-05
381,3,1-4,adjust,0.0007393541482060874,-8.810866365671475e-06,4.839132076301279e-05
381,6,1-5,adjust,-7.328471551149342e-05,-1.2921305805898314e-07,0.00012626478530147105
381,7,1-5,adjust,-0.0,-0.0,0.00010352947935253482
381,8,1-5,adjust,-0.0,-0.0,9.061787475157816e-05
381,9,1-5,adjust,-0.0010681709181370235,-2.9344002987424783e-05,5.565411244660977e-05
382,2,1-7,adjust,-0.0016986344775069906,4.666990823506351e-05,8.425632336621931e-05
382,3,1-7,adjust,-0.0007393541481842569,8.810866365269666e-06,0.00014274560570054362
382,4,1-7,adjust,-0.0,-0.0,0.00010799610563967409
382,5,1-7,adjust,-0.0,-0.0,0.0001318926025884016
382,6,1-7,adjust,7.328471549272206e-05,1.292130581422472e-07,0.00014638291763320293
382,9,1-8,adjust,0.00106817091811562,2.9344002987083006e-05,7.8804277181362e-07
383,2,1-4,adjust,0.0016986344775046466,-4.666990823507347e-05,1.1237711099371142e-05
383,3,1-4,adjust,0.0007393541482060874,-8.810866365671475e-06,4.839132076378197e-05
383,6,1-5,adjust,-7.328471551149342e-05,-1.2921305805898314e-07,0.00012626478530147105
383,7,1-5,adjust,-0.0,-0.0,0.00010352947935253482
383,8,1-5,adjust,-0.0,-0.0,9.061787475157816e-05
383,9,1-5,adjust,-0.0010681709181442993,-2.9344002987615542e-05,5.565411244601686e-05
384,2,1-7,adjust,-0.0016986344775069906,4.666990823506351e-05,8.425632336621931e-05
384,3,1-7,adjust,-0.0007393541482207737,8.810866365982416e-06,0.00014274560570113652
384,4,1-7,adjust,-0.0,-0.0,0.00010799610563967409
384,5,1-7,adjust,-0.0,-0.0,0.0001318926025884016
384,6,1-7,adjust,7.328471549272206e-05,1.292130581422472e-07,0.00014638291763320293
384,9,1-8,adjust,0.0010681709181533327,2.9344002987527037e-05,7.880427713328792e-07
385,2,1-4,adjust,0.0016986344775046466,-4.666990823507347e-05,1.1237711099371142e-05
385,3,1-4,adjust,0.0007393541482182996,-8.810866365743012e-06,4.839132076358968e-05
385,6,1-5,adjust,-7.328471551149342e-05,-1.2921305805898314e-07,0.00012626478530147105
385,7,1-5,adjust,-0.0,-0.0,0.00010352947935253482
385,8,1-5,adjust,-0.0,-0.0,9.061787475157816e-05
385,9,1-5,adjust,-0.0010681709181389202,-2.9344002987310515e-05,5.5654112445952756e-05
386,2,1-7,adjust,-0.0016986344775069906,4.666990823506351e-05,8.425632336621931e-05
386,3,1-7,adjust,-0.0007393541482126586,8.810866365774686e-06,0.00014274560570076797
386,4,1-7,adjust,-0.0,-0.0,0.00010799610563967409
386,5,1-7,adjust,-0.0,-0.0,0.0001318926025884016
386,6,1-7,adjust,7.328471549272206e-05,1.292130581422472e-07,0.00014638291763320293
386,9,1-8,adjust,0.0010681709181304356,2.9344002987860074e-05,7.880427724546075e-07
387,2,1-4,adjust,0.0016986344775046466,-4.666990823507347e-05,1.1237711099371142e-05
387,3,1-4,adjust,0.0007393541482060874,-8.810866365671475e-06,4.839132076301279e-05
387,6,1-5,adjust,-7.328471551149342e-05,-1.2921305805898314e-07,0.00012626478530147105
387,7,1-5,adjust,-0.0,-0.0,0.00010352947935253482
387,8,1-5,adjust,-0.0,-0.0,9.061787475157816e-05
387,9,1-5,adjust,-0.0010681709181370235,-2.9344002987424783e-05,5.565411244660977e-05
388,2,1-7,adjust,-0.0016986344775069906,4.666990823506351e-05,8.425632336621931e-05
388,3,1-7,adjust,-0.0007393541481842569,8.810866365269666e-06,0.00014274560570054362
388,4,1-7,adjust,-0.0,-0.0,0.00010799610563967409
388,5,1-7,adjust,-0.0,-0.0,0.0001318926025884016
388,6,1-7,adjust,7.328471549272206e-05,1.292130581422472e-07,0.00014638291763320293
388,9,1-8,adjust,0.00106817091811562,2.9344002987083006e-05,7.8804277181362e-07
389,2,1-4,adjust,0.0016986344775046466,-4.666990823507347e-05,1.1237711099371142e-05
389,3,1-4,adjust,0.0007393541482060874,-8.810866365671475e-06,4.839132076378197e-05
389,6,1-5,adjust,-7.328471551149342e-05,-1.2921305805898314e-07,0.00012626478530147105
389,7,1-5,adjust,-0.0,-0.0,0.00010352947935253482
389,8,1-5,adjust,-0.0,-0.0,9.061787475157816e-05
389,9,1-5,adjust,-0.0010681709181442993,-2.9344002987615542e-05,5.565411244601686e-05
390,2,1-7,adjust,-0.0016986344775069906,4.666990823506351e-05,8.425632336621931e-05
390,3,1-7,adjust,-0.0007393541482207737,8.810866365982416e-06,0.00014274560570113652
390,4,1-7,adjust,-0.0,-0.0,0.00010799610563967409
390,5,1-7,adjust,-0.0,-0.0,0.0001318926025884016
390,6,1-7,adjust,7.328471549272206e-05,1.292130581422472e-07,0.00014638291763320293
390,9,1-8,adjust,0.0010681709181533327,2.9344002987527037e-05,7.880427713328792e-07
391,2,1-4,adjust,0.0016986344775046466,-4.666990823507347e-05,1.1237711099371142e-05
391,3,1-4,adjust,0.0007393541482182996,-8.810866365743012e-06,4.839132076358968e-05
391,6,1-5,adjust,-7.328471551149342e-05,-1.2921305805898314e-07,0.00012626478530147105
391,7,1-5,adjust,-0.0,-0.0,0.00010352947935253482
391,8,1-5,adjust,-0.0,-0.0,9.061787475157816e-05
391,9,1-5,adjust,-0.0010681709181389202,-2.9344002987310515e-05,5.5654112445952756e-05
392,2,1-7,adjust,-0.0016986344775069906,4.666990823506351e-05,8.425632336621931e-05
392,3,1-7,adjust,-0.0007393541482126586,8.810866365774686e-06,0.00014274560570076797
392,4,1-7,adjust,-0.0,-0.0,0.00010799610563967409
392,5,1-7,adjust,-0.0,-0.0,0.0001318926025884016
392,6,1-7,adjust,7.328471549272206e-05,1.292130581422472e-07,0.00014638291763320293
392,9,1-8,adjust,0.0010681709181304356,2.9344002987860074e-05,7.880427724546075e-07
393,2,1-4,adjust,0.0016986344775046466,-4.666990823507347e-05,1.1237711099371142e-05
393,3,1-4,adjust,0.0007393541482060874,-8.810866365671475e-06,4.839132076301279e-05
393,6,1-5,adjust,-7.328471551149342e-05,-1.2921305805898314e-07,0.00012626478530147105
393,7,1-5,adjust,-0.0,-0.0,0.00010352947935253482
393,8,1-5,adjust,-0.0,-0.0,9.061787475157816e-05
393,9,1-5,adjust,-0.0010681709181370235,-2.9344002987424783e-05,5.565411244660977e-05
394,2,1-7,adjust,-0.0016986344775069906,4.666990823506351e-05,8.425632336621931e-05
394,3,1-7,adjust,-0.0007393541481842569,8.810866365269666e-06,0.00014274560570054362
394,4,1-7,adjust,-0.0,-0.0,0.00010799610563967409
394,5,1-7,adjust,-0.0,-0.0,0.0001318926025884016
394,6,1-7,adjust,7.328471549272206e-05,1.292130581422472e-07,0.00014638291763320293
394,9,1-8,adjust,0.00106817091811562,2.9344002987083006e-05,7.8804277181362e-07
395,2,1-4,adjust,0.0016986344775046466,-4.666990823507347e-05,1.1237711099371142e-05
395,3,1-4,adjust,0.0007393541482060874,-8.810866365671475e-06,4.839132076378197e-05
395,6,1-5,adjust,-7.328471551149342e-05,-1.2921305805898314e-07,0.00012626478530147105
395,7,1-5,adjust,-0.0,-0.0,0.00010352947935253482
395,8,1-5,adjust,-0.0,-0.0,9.061787475157816e-05
395,9,1-5,adjust,-0.0010681709181442993,-2.9344002987615542e-05,5.565411244601686e-05
396,2,1-7,adjust,-0.0016986344775069906,4.666990823506351e-05,8.425632336621931e-05
396,3,1-7,adjust,-0.0007393541482207737,8.810866365982416e-06,0.00014274560570113652
396,4,1-7,adjust,-0.0,-0.0,0.00010799610563967409
396,5,1-7,adjust,-0.0,-0.0,0.0001318926025884016
396,6,1-7,adjust,7.328471549272206e-05,1.292130581422472e-07,0.00014638291763320293
396,9,1-8,adjust,0.0010681709181533327,2.9344002987527037e-05,7.880427713328792e-07
397,2,1-4,adjust,0.0016986344775046466,-4.666990823507347e-05,1.1237711099371142e-05
397,3,1-4,adjust,0.0007393541482182996,-8.810866365743012e-06,4.839132076358968e-05
397,6,1-5,adjust,-7.328471551149342e-05,-1.2921305805898314e-07,0.00012626478530147105
397,7,1-5,adjust,-0.0,-0.0,0.00010352947935253482
397,8,1-5,adjust,-0.0,-0.0,9.061787475157816e-05
397,9,1-5,adjust,-0.0010681709181389202,-2.9344002987310515e-05,5.5654112445952756e-05
398,2,1-7,adjust,-0.0016986344775069906,4.666990823506351e-05,8.425632336621931e-05
398,3,1-7,adjust,-0.0007393541482126586,8.810866365774686e-06,0.00014274560570076797
398,4,1-7,adjust,-0.0,-0.0,0.00010799610563967409
398,5,1-7,adjust,-0.0,-0.0,0.0001318926025884016
398,6,1-7,adjust,7.328471549272206e-05,1.292130581422472e-07,0.00014638291763320293
398,9,1-8,adjust,0.0010681709181304356,2.9344002987860074e-05,7.880427724546075e-07
399,2,1-4,adjust,0.0016986344775046466,-4.666990823507347e-05,1.1237711099371142e-05
399,3,1-4,adjust,0.0007393541482060874,-8.810866365671475e-06,4.839132076301279e-05
399,6,1-5,adjust,-7.328471551149342e-05,-1.2921305805898314e-07,0.00012626478530147105
399,7,1-5,adjust,-0.0,-0.0,0.00010352947935253482
399,8,1-5,adjust,-0.0,-0.0,9.061787475157816e-05
399,9,1-5,adjust,-0.0010681709181370235,-2.9344002987424783e-05,5.565411244660977e-05
400,2,1-7,adjust,-0.0016986344775069906,4.666990823506351e-05,8.425632336621931e-05
400,3,1-7,adjust,-0.0007393541481842569,8.810866365269666e-06,0.00014274560570054362
400,4,1-7,adjust,-0.0,-0.0,0.00010799610563967409
400,5,1-7,adjust,-0.0,-0.0,0.0001318926025884016
400,6,1-7,adjust,7.328471549272206e-05,1.292130581422472e-07,0.00014638291763320293
400,9,1-8,adjust,0.00106817091811562,2.9344002987083006e-05,7.8804277181362e-07
401,2,1-4,adjust,0.0016986344775046466,-4.666990823507347e-05,1.1237711099371142e-05
401,3,1-4,adjust,0.0007393541482060874,-8.810866365671475e-06,4.839132076378197e-05
401,6,1-5,adjust,-7.328471551149342e-05,-1.2921305805898314e-07,0.00012626478530147105
401,7,1-5,adjust,-0.0,-0.0,0.00010352947935253482
401,8,1-5,adjust,-0.0,-0.0,9.061787475157816e-05
401,9,1-5,adjust,-0.0010681709181442993,-2.9344002987615542e-05,5.565411244601686e-05
402,2,1-7,adjust,-0.0016986344775069906,4.666990823506351e-05,8.425632336621931e-05
402,3,1-7,adjust,-0.0007393541482207737,8.810866365982416e-06,0.00014274560570113652
402,4,1-7,adjust,-0.0,-0.0,0.00010799610563967409
402,5,1-7,adjust,-0.0,-0.0,0.0001318926025884016
402,6,1-7,adjust,7.328471549272206e-05,1.292130581422472e-07,0.00014638291763320293
402,9,1-8,adjust,0.0010681709181533327,2.9344002987527037e-05,7.880427713328792e-07
403,2,1-4,adjust,0.0016986344775046466,-4.666990823507347e-05,1.1237711099371142e-05
403,3,1-4,adjust,0.0007393541482182996,-8.810866365743012e-06,4.839132076358968e-05
403,6,1-5,adjust,-7.328471551149342e-05,-1.2921305805898314e-07,0.00012626478530147105
403,7,1-5,adjust,-0.0,-0.0,0.00010352947935253482
403,8,1-5,adjust,-0.0,-0.0,9.061787475157816e-05
403,9,1-5,adjust,-0.0010681709181389202,-2.9344002987310515e-05,5.5654112445952756e-05
404,2,1-7,adjust,-0.0016986344775069906,4.666990823506351e-05,8.425632336621931e-05
404,3,1-7,adjust,-0.0007393541482126586,8.810866365774686e-06,0.00014274560570076797
404,4,1-7,adjust,-0.0,-0.0,0.00010799610563967409
404,5,1-7,adjust,-0.0,-0.0,0.0001318926025884016
404,6,1-7,adjust,7.328471549272206e-05,1.292130581422472e-07,0.00014638291763320293
404,9,1-8,adjust,0.0010681709181304356,2.9344002987860074e-05,7.880427724546075e-07
405,2,1-4,adjust,0.0016986344775046466,-4.666990823507347e-05,1.1237711099371142e-05
405,3,1-4,adjust,0.0007393541482060874,-8.810866365671475e-06,4.839132076301279e-05
405,6,1-5,adjust,-7.328471551149342e-05,-1.2921305805898314e-07,0.00012626478530147105
405,7,1-5,adjust,-0.0,-0.0,0.00010352947935253482
405,8,1-5,adjust,-0.0,-0.0,9.061787475157816e-05
405,9,1-5,adjust,-0.0010681709181370235,-2.9344002987424783e-05,5.565411244660977e-05
406,2,1-7,adjust,-0.0016986344775069906,4.666990823506351e-05,8.425632336621931e-05
406,3,1-7,adjust,-0.0007393541481842569,8.810866365269666e-06,0.00014274560570054362
406,4,1-7,adjust,-0.0,-0.0,0.00010799610563967409
406,5,1-7,adjust,-0.0,-0.0,0.0001318926025884016
406,6,1-7,adjust,7.328471549272206e-05,1.292130581422472e-07,0.00014638291763320293
406,9,1-8,adjust,0.00106817091811562,2.9344002987083006e-05,7.8804277181362e-07
407,2,1-4,adjust,0.0016986344775046466,-4.666990823507347e-05,1.1237711099371142e-05
407,3,1-4,adjust,0.0007393541482060874,-8.810866365671475e-06,4.839132076378197e-05
407,6,1-5,adjust,-7.328471551149342e-05,-1.2921305805898314e-07,0.00012626478530147105
407,7,1-5,adjust,-0.0,-0.0,0.00010352947935253482
407,8,1-5,adjust,-0.0,-0.0,9.061787475157816e-05
407,9,1-5,adjust,-0.0010681709181442993,-2.9344002987615542e-05,5.565411244601686e-05
408,2,1-7,adjust,-0.0016986344775069906,4.666990823506351e-05,8.425632336621931e-05
408,3,1-7,adjust,-0.0007393541482207737,8.810866365982416e-06,0.00014274560570113652
408,4,1-7,adjust,-0.0,-0.0,0.00010799610563967409
408,5,1-7,adjust,-0.0,-0.0,0.0001318926025884016
408,6,1-7,adjust,7.328471549272206e-05,1.292130581422472e-07,0.00014638291763320293
408,9,1-8,adjust,0.0010681709181533327,2.9344002987527037e-05,7.880427713328792e-07
409,2,1-4,adjust,0.0016986344775046466,-4.666990823507347e-05,1.1237711099371142e-05
409,3,1-4,adjust,0.0007393541482182996,-8.810866365743012e-06,4.839132076358968e-05
409,6,1-5,adjust,-7.328471551149342e-05,-1.2921305805898314e-07,0.00012626478530147105
409,7,1-5,adjust,-0.0,-0.0,0.00010352947935253482
409,8,1-5,adjust,-0.0,-0.0,9.061787475157816e-05
409,9,1-5,adjust,-0.0010681709181389202,-2.9344002987310515e-05,5.5654112445952756e-05
410,2,1-7,adjust,-0.0016986344775069906,4.666990823506351e-05,8.425632336621931e-05
410,3,1-7,adjust,-0.0007393541482126586,8.810866365774686e-06,0.00014274560570076797
410,4,1-7,adjust,-0.0,-0.0,0.00010799610563967409
410,5,1-7,adjust,-0.0,-0.0,0.0001318926025884016
410,6,1-7,adjust,7.328471549272206e-05,1.292130581422472e-07,0.00014638291763320293
410,9,1-8,adjust,0.0010681709181304356,2.9344002987860074e-05,7.880427724546075e-07
411,2,1-4,adjust,0.0016986344775046466,-4.666990823507347e-05,1.1237711099371142e-05
411,3,1-4,adjust,0.0007393541482060874,-8.810866365671475e-06,4.839132076301279e-05
411,6,1-5,adjust,-7.328471551149342e-05,-1.2921305805898314e-07,0.00012626478530147105
411,7,1-5,adjust,-0.0,-0.0,0.00010352947935253482
411,8,1-5,adjust,-0.0,-0.0,9.061787475157816e-05
411,9,1-5,adjust,-0.0010681709181370235,-2.9344002987424783e-05,5.565411244660977e-05
412,2,1-7,adjust,-0.0016986344775069906,4.666990823506351e-05,8.425632336621931e-05
412,3,1-7,adjust,-0.0007393541481842569,8.810866365269666e-06,0.00014274560570054362
412,4,1-7,adjust,-0.0,-0.0,0.00010799610563967409
412,5,1-7,adjust,-0.0,-0.0,0.0001318926025884016
412,6,1-7,adjust,7.328471549272206e-05,1.292130581422472e-07,0.00014638291763320293
412,9,1-8,adjust,0.00106817091811562,2.9344002987083006e-05,7.8804277181362e-07
413,2,1-4,adjust,0.0016986344775046466,-4.666990823507347e-05,1.1237711099371142e-05
413,3,1-4,adjust,0.0007393541482060874,-8.810866365671475e-06,4.839132076378197e-05
413,6,1-5,adjust,-7.328471551149342e-05,-1.2921305805898314e-07,0.00012626478530147105
413,7,1-5,adjust,-0.0,-0.0,0.00010352947935253482
413,8,1-5,adjust,-0.0,-0.0,9.061787475157816e-05
413,9,1-5,adjust,-0.0010681709181442993,-2.9344002987615542e-05,5.565411244601686e-05
414,2,1-7,adjust,-0.0016986344775069906,4.666990823506351e-05,8.425632336621931e-05
414,3,1-7,adjust,-0.0007393541482207737,8.810866365982416e-06,0.00014274560570113652
414,4,1-7,adjust,-0.0,-0.0,0.00010799610563967409
414,5,1-7,adjust,-0.0,-0.0,0.0001318926025884016
414,6,1-7,adjust,7.328471549272206e-05,1.292130581422472e-07,0.00014638291763320293
414,9,1-8,adjust,0.0010681709181533327,2.9344002987527037e-05,7.880427713328792e-07
415,2,1-4,adjust,0.0016986344775046466,-4.666990823507347e-05,1.1237711099371142e-05
415,3,1-4,adjust,0.0007393541482182996,-8.810866365743012e-06,4.839132076358968e-05
415,6,1-5,adjust,-7.328471551149342e-05,-1.2921305805898314e-07,0.00012626478530147105
415,7,1-5,adjust,-0.0,-0.0,0.00010352947935253482
415,8,1-5,adjust,-0.0,-0.0,9.061787475157816e-05
415,9,1-5,adjust,-0.0010681709181389202,-2.9344002987310515e-05,5.5654112445952756e-05
416,2,1-7,adjust,-0.0016986344775069906,4.666990823506351e-05,8.425632336621931e-05
416,3,1-7,adjust,-0.0007393541482126586,8.810866365774686e-06,0.00014274560570076797
416,4,1-7,adjust,-0.0,-0.0,0.00010799610563967409
416,5,1-7,adjust,-0.0,-0.0,0.0001318926025884016
416,6,1-7,adjust,7.328471549272206e-05,1.292130581422472e-07,0.00014638291763320293
416,9,1-8,adjust,0.0010681709181304356,2.9344002987860074e-05,7.880427724546075e-07
417,2,1-4,adjust,0.0016986344775046466,-4.666990823507347e-05,1.1237711099371142e-05
417,3,1-4,adjust,0.0007393541482060874,-8.810866365671475e-06,4.839132076301279e-05
417,6,1-5,adjust,-7.328471551149342e-05,-1.2921305805898314e-07,0.00012626478530147105
417,7,1-5,adjust,-0.0,-0.0,0.00010352947935253482
417,8,1-5,adjust,-0.0,-0.0,9.061787475157816e-05
417,9,1-5,adjust,-0.0010681709181370235,-2.9344002987424783e-05,5.565411244660977e-05
418,2,1-7,adjust,-0.0016986344775069906,4.666990823506351e-05,8.425632336621931e-05
418,3,1-7,adjust,-0.0007393541481842569,8.810866365269666e-06,0.00014274560570054362
418,4,1-7,adjust,-0.0,-0.0,0.00010799610563967409
418,5,1-7,adjust,-0.0,-0.0,0.0001318926025884016
418,6,1-7,adjust,7.328471549272206e-05,1.292130581422472e-07,0.00014638291763320293
418,9,1-8,adjust,0.00106817091811562,2.9344002987083006e-05,7.8804277181362e-07
419,2,1-4,adjust,0.0016986344775046466,-4.666990823507347e-05,1.1237711099371142e-05
419,3,1-4,adjust,0.0007393541482060874,-8.810866365671475e-06,4.839132076378197e-05
419,6,1-5,adjust,-7.328471551149342e-05,-1.2921305805898314e-07,0.00012626478530147105
419,7,1-5,adjust,-0.0,-0.0,0.00010352947935253482
419,8,1-5,adjust,-0.0,-0.0,9.061787475157816e-05
419,9,1-5,adjust,-0.0010681709181442993,-2.9344002987615542e-05,5.565411244601686e-05
420,2,1-7,adjust,-0.0016986344775069906,4.666990823506351e-05,8.425632336621931e-05
420,3,1-7,adjust,-0.0007393541482207737,8.810866365982416e-06,0.00014274560570113652
420,4,1-7,adjust,-0.0,-0.0,0.00010799610563967409
420,5,1-7,adjust,-0.0,-0.0,0.0001318926025884016
420,6,1-7,adjust,7.328471549272206e-05,1.292130581422472e-07,0.00014638291763320293
420,9,1-8,adjust,0.0010681709181533327,2.9344002987527037e-05,7.880427713328792e-07
421,2,1-4,adjust,0.0016986344775046466,-4.666990823507347e-05,1.1237711099371142e-05
421,3,1-4,adjust,0.0007393541482182996,-8.810866365743012e-06,4.839132076358968e-05
421,6,1-5,adjust,-7.328471551149342e-05,-1.2921305805898314e-07,0.00012626478530147105
421,7,1-5,adjust,-0.0,-0.0,0.00010352947935253482
421,8,1-5,adjust,-0.0,-0.0,9.061787475157816e-05
421,9,1-5,adjust,-0.0010681709181389202,-2.9344002987310515e-05,5.5654112445952756e-05
422,2,1-7,adjust,-0.0016986344775069906,4.666990823506351e-05,8.425632336621931e-05
422,3,1-7,adjust,-0.0007393541482126586,8.810866365774686e-06,0.00014274560570076797
422,4,1-7,adjust,-0.0,-0.0,0.00010799610563967409
422,5,1-7,adjust,-0.0,-0.0,0.0001318926025884016
422,6,1-7,adjust,7.328471549272206e-05,1.292130581422472e-07,0.00014638291763320293
422,9,1-8,adjust,0.0010681709181304356,2.9344002987860074e-05,7.880427724546075e-07
423,2,1-4,adjust,0.0016986344775046466,-4.666990823507347e-05,1.1237711099371142e-05
423,3,1-4,adjust,0.0007393541482060874,-8.810866365671475e-06,4.839132076301279e-05
423,6,1-5,adjust,-7.328471551149342e-05,-1.2921305805898314e-07,0.00012626478530147105
423,7,1-5,adjust,-0.0,-0.0,0.00010352947935253482
423,8,1-5,adjust,-0.0,-0.0,9.061787475157816e-05
423,9,1-5,adjust,-0.0010681709181370235,-2.9344002987424783e-05,5.565411244660977e-05
424,2,1-7,adjust,-0.0016986344775069906,4.666990823506351e-05,8.425632336621931e-05
424,3,1-7,adjust,-0.0007393541481842569,8.810866365269666e-06,0.00014274560570054362
424,4,1-7,adjust,-0.0,-0.0,0.00010799610563967409
424,5,1-7,adjust,-0.0,-0.0,0.0001318926025884016
424,6,1-7,adjust,7.328471549272206e-05,1.292130581422472e-07,0.00014638291763320293
424,9,1-8,adjust,0.00106817091811562,2.9344002987083006e-05,7.8804277181362e-07
425,2,1-4,adjust,0.0016986344775046466,-4.666990823507347e-05,1.1237711099371142e-05
425,3,1-4,adjust,0.0007393541482060874,-8.810866365671475e-06,4.839132076378197e-05
425,6,1-5,adjust,-7.328471551149342e-05,-1.2921305805898314e-07,0.00012626478530147105
425,7,1-5,adjust,-0.0,-0.0,0.00010352947935253482
425,8,1-5,adjust,-0.0,-0.0,9.061787475157816e-05
425,9,1-5,adjust,-0.0010681709181442993,-2.9344002987615542e-05,5.565411244601686e-05
426,2,1-7,adjust,-0.0016986344775069906,4.666990823506351e-05,8.425632336621931e-05
426,3,1-7,adjust,-0.0007393541482207737,8.810866365982416e-06,0.00014274560570113652
426,4,1-7,adjust,-0.0,-0.0,0.00010799610563967409
426,5,1-7,adjust,-0.0,-0.0,0.0001318926025884016
426,6,1-7,adjust,7.328471549272206e-05,1.292130581422472e-07,0.00014638291763320293
426,9,1-8,adjust,0.0010681709181533327,2.9344002987527037e-05,7.880427713328792e-07
427,2,1-4,adjust,0.0016986344775046466,-4.666990823507347e-05,1.1237711099371142e-05
427,3,1-4,adjust,0.0007393541482182996,-8.810866365743012e-06,4.839132076358968e-05
427,6,1-5,adjust,-7.328471551149342e-05,-1.2921305805898314e-07,0.00012626478530147105
427,7,1-5,adjust,-0.0,-0.0,0.00010352947935253482
427,8,1-5,adjust,-0.0,-0.0,9.061787475157816e-05
427,9,1-5,adjust,-0.0010681709181389202,-2.9344002987310515e-05,5.5654112445952756e-05
428,2,1-7,adjust,-0.0016986344775069906,4.666990823506351e-05,8.425632336621931e-05
428,3,1-7,adjust,-0.0007393541482126586,8.810866365774686e-06,0.00014274560570076797
428,4,1-7,adjust,-0.0,-0.0,0.00010799610563967409
428,5,1-7,adjust,-0.0,-0.0,0.0001318926025884016
428,6,1-7,adjust,7.328471549272206e-05,1.292130581422472e-07,0.00014638291763320293
428,9,1-8,adjust,0.0010681709181304356,2.9344002987860074e-05,7.880427724546075e-07
429,2,1-4,adjust,0.0016986344775046466,-4.666990823507347e-05,1.1237711099371142e-05
429,3,1-4,adjust,0.0007393541482060874,-8.810866365671475e-06,4.839132076301279e-05
429,6,1-5,adjust,-7.328471551149342e-05,-1.2921305805898314e-07,0.00012626478530147105
429,7,1-5,adjust,-0.0,-0.0,0.00010352947935253482
429,8,1-5,adjust,-0.0,-0.0,9.061787475157816e-05
429,9,1-5,adjust,-0.0010681709181370235,-2.9344002987424783e-05,5.565411244660977e-05
430,2,1-7,adjust,-0.0016986344775069906,4.666990823506351e-05,8.425632336621931e-05
430,3,1-7,adjust,-0.0007393541481842569,8.810866365269666e-06,0.00014274560570054362
430,4,1-7,adjust,-0.0,-0.0,0.00010799610563967409
430,5,1-7,adjust,-0.0,-0.0,0.0001318926025884016
430,6,1-7,adjust,7.328471549272206e-05,1.292130581422472e-07,0.00014638291763320293
430,9,1-8,adjust,0.00106817091811562,2.9344002987083006e-05,7.8804277181362e-07
431,2,1-4,adjust,0.0016986344775046466,-4.666990823507347e-05,1.1237711099371142e-05
431,3,1-4,adjust,0.0007393541482060874,-8.810866365671475e-06,4.839132076378197e-05
431,6,1-5,adjust,-7.328471551149342e-05,-1.2921305805898314e-07,0.00012626478530147105
431,7,1-5,adjust,-0.0,-0.0,0.00010352947935253482
431,8,1-5,adjust,-0.0,-0.0,9.061787475157816e-05
431,9,1-5,adjust,-0.0010681709181442993,-2.9344002987615542e-05,5.565411244601686e-05
432,2,1-7,adjust,-0.0016986344775069906,4.666990823506351e-05,8.425632336621931e-05
432,3,1-7,adjust,-0.0007393541482207737,8.810866365982416e-06,0.00014274560570113652
432,4,1-7,adjust,-0.0,-0.0,0.00010799610563967409
432,5,1-7,adjust,-0.0,-0.0,0.0001318926025884016
432,6,1-7,adjust,7.328471549272206e-05,1.292130581422472e-07,0.00014638291763320293
432,9,1-8,adjust,0.0010681709181533327,2.9344002987527037e-05,7.880427713328792e-07
433,2,1-4,adjust,0.0016986344775046466,-4.666990823507347e-05,1.1237711099371142e-05
433,3,1-4,adjust,0.0007393541482182996,-8.810866365743012e-06,4.839132076358968e-05
433,6,1-5,adjust,-7.328471551149342e-05,-1.2921305805898314e-07,0.00012626478530147105
433,7,1-5,adjust,-0.0,-0.0,0.00010352947935253482
433,8,1-5,adjust,-0.0,-0.0,9.061787475157816e-05
433,9,1-5,adjust,-0.0010681709181389202,-2.9344002987310515e-05,5.5654112445952756e-05
434,2,1-7,adjust,-0.0016986344775069906,4.666990823506351e-05,8.425632336621931e-05
434,3,1-7,adjust,-0.0007393541482126586,8.810866365774686e-06,0.00014274560570076797
434,4,1-7,adjust,-0.0,-0.0,0.00010799610563967409
434,5,1-7,adjust,-0.0,-0.0,0.0001318926025884016
434,6,1-7,adjust,7.328471549272206e-05,1.292130581422472e-07,0.00014638291763320293
434,9,1-8,adjust,0.0010681709181304356,2.9344002987860074e-05,7.880427724546075e-07
435,2,1-4,adjust,0.0016986344775046466,-4.666990823507347e-05,1.1237711099371142e-05
435,3,1-4,adjust,0.0007393541482060874,-8.810866365671475e-06,4.839132076301279e-05
435,6,1-5,adjust,-7.328471551149342e-05,-1.2921305805898314e-07,0.00012626478530147105
435,7,1-5,adjust,-0.0,-0.0,0.00010352947935253482
435,8,1-5,adjust,-0.0,-0.0,9.061787475157816e-05
435,9,1-5,adjust,-0.0010681709181370235,-2.9344002987424783e-05,5.565411244660977e-05
436,2,1-7,adjust,-0.0016986344775069906,4.666990823506351e-05,8.425632336621931e-05
436,3,1-7,adjust,-0.0007393541481842569,8.810866365269666e-06,0.00014274560570054362
436,4,1-7,adjust,-0.0,-0.0,0.00010799610563967409
436,5,1-7,adjust,-0.0,-0.0,0.0001318926025884016
436,6,1-7,adjust,7.328471549272206e-05,1.292130581422472e-07,0.00014638291763320293
436,9,1-8,adjust,0.00106817091811562,2.9344002987083006e-05,7.8804277181362e-07
437,2,1-4,adjust,0.0016986344775046466,-4.666990823507347e-05,1.1237711099371142e-05
437,3,1-4,adjust,0.0007393541482060874,-8.810866365671475e-06,4.839132076378197e-05
437,6,1-5,adjust,-7.328471551149342e-05,-1.2921305805898314e-07,0.00012626478530147105
437,7,1-5,adjust,-0.0,-0.0,0.00010352947935253482
437,8,1-5,adjust,-0.0,-0.0,9.061787475157816e-05
437,9,1-5,adjust,-0.0010681709181442993,-2.9344002987615542e-05,5.565411244601686e-05
438,2,1-7,adjust,-0.0016986344775069906,4.666990823506351e-05,8.425632336621931e-05
438,3,1-7,adjust,-0.0007393541482207737,8.810866365982416e-06,0.00014274560570113652
438,4,1-7,adjust,-0.0,-0.0,0.00010799610563967409
438,5,1-7,adjust,-0.0,-0.0,0.0001318926025884016
438,6,1-7,adjust,7.328471549272206e-05,1.292130581422472e-07,0.00014638291763320293
438,9,1-8,adjust,0.0010681709181533327,2.9344002987527037e-05,7.880427713328792e-07
439,2,1-4,adjust,0.0016986344775046466,-4.666990823507347e-05,1.1237711099371142e-05
439,3,1-4,adjust,0.0007393541482182996,-8.810866365743012e-06,4.839132076358968e-05
439,6,1-5,adjust,-7.328471551149342e-05,-1.2921305805898314e-07,0.00012626478530147105
439,7,1-5,adjust,-0.0,-0.0,0.00010352947935253482
439,8,1-5,adjust,-0.0,-0.0,9.061787475157816e-05
439,9,1-5,adjust,-0.0010681709181389202,-2.9344002987310515e-05,5.5654112445952756e-05
440,2,1-7,adjust,-0.0016986344775069906,4.666990823506351e-05,8.425632336621931e-05
440,3,1-7,adjust,-0.0007393541482126586,8.810866365774686e-06,0.00014274560570076797
440,4,1-7,adjust,-0.0,-0.0,0.00010799610563967409
440,5,1-7,adjust,-0.0,-0.0,0.0001318926025884016
440,6,1-7,adjust,7.328471549272206e-05,1.292130581422472e-07,0.00014638291763320293
440,9,1-8,adjust,0.0010681709181304356,2.9344002987860074e-05,7.880427724546075e-07
441,2,1-4,adjust,0.0016986344775046466,-4.666990823507347e-05,1.1237711099371142e-05
441,3,1-4,adjust,0.0007393541482060874,-8.810866365671475e-06,4.839132076301279e-05
441,6,1-5,adjust,-7.328471551149342e-05,-1.2921305805898314e-07,0.00012626478530147105
441,7,1-5,adjust,-0.0,-0.0,0.00010352947935253482
441,8,1-5,adjust,-0.0,-0.0,9.061787475157816e-05
441,9,1-5,adjust,-0.0010681709181370235,-2.9344002987424783e-05,5.565411244660977e-05
442,2,1-7,adjust,-0.0016986344775069906,4.666990823506351e-05,8.425632336621931e-05
442,3,1-7,adjust,-0.0007393541481842569,8.810866365269666e-06,0.00014274560570054362
442,4,1-7,adjust,-0.0,-0.0,0.00010799610563967409
442,5,1-7,adjust,-0.0,-0.0,0.0001318926025884016
442,6,1-7,adjust,7.328471549272206e-05,1.292130581422472e-07,0.00014638291763320293
442,9,1-8,adjust,0.00106817091811562,2.9344002987083006e-05,7.8804277181362e-07
443,2,1-4,adjust,0.0016986344775046466,-4.666990823507347e-05,1.1237711099371142e-05
443,3,1-4,adjust,0.0007393541482060874,-8.810866365671475e-06,4.839132076378197e-05
443,6,1-5,adjust,-7.328471551149342e-05,-1.2921305805898314e-07,0.00012626478530147105
443,7,1-5,adjust,-0.0,-0.0,0.00010352947935253482
443,8,1-5,adjust,-0.0,-0.0,9.061787475157816e-05
443,9,1-5,adjust,-0.0010681709181442993,-2.9344002987615542e-05,5.565411244601686e-05
444,2,1-7,adjust,-0.0016986344775069906,4.666990823506351e-05,8.425632336621931e-05
444,3,1-7,adjust,-0.0007393541482207737,8.810866365982416e-06,0.00014274560570113652
444,4,1-7,adjust,-0.0,-0.0,0.00010799610563967409
444,5,1-7,adjust,-0.0,-0.0,0.0001318926025884016
444,6,1-7,adjust,7.328471549272206e-05,1.292130581422472e-07,0.00014638291763320293
444,9,1-8,adjust,0.0010681709181533327,2.9344002987527037e-05,7.880427713328792e-07
445,2,1-4,adjust,0.0016986344775046466,-4.666990823507347e-05,1.1237711099371142e-05
445,3,1-4,adjust,0.0007393541482182996,-8.810866365743012e-06,4.839132076358968e-05
445,6,1-5,adjust,-7.328471551149342e-05,-1.2921305805898314e-07,0.00012626478530147105
445,7,1-5,adjust,-0.0,-0.0,0.00010352947935253482
445,8,1-5,adjust,-0.0,-0.0,9.061787475157816e-05
445,9,1-5,adjust,-0.0010681709181389202,-2.9344002987310515e-05,5.5654112445952756e-05
446,2,1-7,adjust,-0.0016986344775069906,4.666990823506351e-05,8.425632336621931e-05
446,3,1-7,adjust,-0.0007393541482126586,8.810866365774686e-06,0.00014274560570076797
446,4,1-7,adjust,-0.0,-0.0,0.00010799610563967409
446,5,1-7,adjust,-0.0,-0.0,0.0001318926025884016
446,6,1-7,adjust,7.328471549272206e-05,1.292130581422472e-07,0.00014638291763320293
446,9,1-8,adjust,0.0010681709181304356,2.9344002987860074e-05,7.880427724546075e-07
447,2,1-4,adjust,0.0016986344775046466,-4.666990823507347e-05,1.1237711099371142e-05
447,3,1-4,adjust,0.0007393541482060874,-8.810866365671475e-06,4.839132076301279e-05
447,6,1-5,adjust,-7.328471551149342e-05,-1.2921305805898314e-07,0.00012626478530147105
447,7,1-5,adjust,-0.0,-0.0,0.00010352947935253482
447,8,1-5,adjust,-0.0,-0.0,9.061787475157816e-05
447,9,1-5,adjust,-0.0010681709181370235,-2.9344002987424783e-05,5.565411244660977e-05
448,2,1-7,adjust,-0.0016986344775069906,4.666990823506351e-05,8.425632336621931e-05
448,3,1-7,adjust,-0.0007393541481842569,8.810866365269666e-06,0.00014274560570054362
448,4,1-7,adjust,-0.0,-0.0,0.00010799610563967409
448,5,1-7,adjust,-0.0,-0.0,0.0001318926025884016
448,6,1-7,adjust,7.328471549272206e-05,1.292130581422472e-07,0.00014638291763320293
448,9,1-8,adjust,0.00106817091811562,2.9344002987083006e-05,7.8804277181362e-07
449,2,1-4,adjust,0.0016986344775046466,-4.666990823507347e-05,1.1237711099371142e-05
449,3,1-4,adjust,0.0007393541482060874,-8.810866365671475e-06,4.839132076378197e-05
449,6,1-5,adjust,-7.328471551149342e-05,-1.2921305805898314e-07,0.00012626478530147105
449,7,1-5,adjust,-0.0,-0.0,0.00010352947935253482
449,8,1-5,adjust,-0.0,-0.0,9.061787475157816e-05
449,9,1-5,adjust,-0.0010681709181442993,-2.9344002987615542e-05,5.565411244601686e-05
450,2,1-7,adjust,-0.0016986344775069906,4.666990823506351e-05,8.425632336621931e-05
450,3,1-7,adjust,-0.0007393541482207737,8.810866365982416e-06,0.00014274560570113652
450,4,1-7,adjust,-0.0,-0.0,0.00010799610563967409
450,5,1-7,adjust,-0.0,-0.0,0.0001318926025884016
450,6,1-7,adjust,7.328471549272206e-05,1.292130581422472e-07,0.00014638291763320293
450,9,1-8,adjust,0.0010681709181533327,2.9344002987527037e-05,7.880427713328792e-07
451,2,1-4,adjust,0.0016986344775046466,-4.666990823507347e-05,1.1237711099371142e-05
451,3,1-4,adjust,0.0007393541482182996,-8.810866365743012e-06,4.839132076358968e-05
451,6,1-5,adjust,-7.328471551149342e-05,-1.2921305805898314e-07,0.00012626478530147105
451,7,1-5,adjust,-0.0,-0.0,0.00010352947935253482
451,8,1-5,adjust,-0.0,-0.0,9.061787475157816e-05
451,9,1-5,adjust,-0.0010681709181389202,-2.9344002987310515e-05,5.5654112445952756e-05
452,2,1-7,adjust,-0.0016986344775069906,4.666990823506351e-05,8.425632336621931e-05
452,3,1-7,adjust,-0.0007393541482126586,8.810866365774686e-06,0.00014274560570076797
452,4,1-7,adjust,-0.0,-0.0,0.00010799610563967409
452,5,1-7,adjust,-0.0,-0.0,0.0001318926025884016
452,6,1-7,adjust,7.328471549272206e-05,1.292130581422472e-07,0.00014638291763320293
452,9,1-8,adjust,0.0010681709181304356,2.9344002987860074e-05,7.880427724546075e-07
453,2,1-4,adjust,0.0016986344775046466,-4.666990823507347e-05,1.1237711099371142e-05
453,3,1-4,adjust,0.0007393541482060874,-8.810866365671475e-06,4.839132076301279e-05
453,6,1-5,adjust,-7.328471551149342e-05,-1.2921305805898314e-07,0.00012626478530147105
453,7,1-5,adjust,-0.0,-0.0,0.00010352947935253482
453,8,1-5,adjust,-0.0,-0.0,9.061787475157816e-05
453,9,1-5,adjust,-0.0010681709181370235,-2.9344002987424783e-05,5.565411244660977e-05
454,2,1-7,adjust,-0.0016986344775069906,4.666990823506351e-05,8.425632336621931e-05
454,3,1-7,adjust,-0.0007393541481842569,8.810866365269666e-06,0.00014274560570054362
454,4,1-7,adjust,-0.0,-0.0,0.00010799610563967409
454,5,1-7,adjust,-0.0,-0.0,0.0001318926025884016
454,6,1-7,adjust,7.328471549272206e-05,1.292130581422472e-07,0.00014638291763320293
454,9,1-8,adjust,0.00106817091811562,2.9344002987083006e-05,7.8804277181362e-07
455,2,1-4,adjust,0.0016986344775046466,-4.666990823507347e-05,1.1237711099371142e-05
455,3,1-4,adjust,0.0007393541482060874,-8.810866365671475e-06,4.839132076378197e-05
455,6,1-5,adjust,-7.328471551149342e-05,-1.2921305805898314e-07,0.00012626478530147105
455,7,1-5,adjust,-0.0,-0.0,0.00010352947935253482
455,8,1-5,adjust,-0.0,-0.0,9.061787475157816e-05
455,9,1-5,adjust,-0.0010681709181442993,-2.9344002987615542e-05,5.565411244601686e-05
456,2,1-7,adjust,-0.0016986344775069906,4.666990823506351e-05,8.425632336621931e-05
456,3,1-7,adjust,-0.0007393541482207737,8.810866365982416e-06,0.00014274560570113652
456,4,1-7,adjust,-0.0,-0.0,0.00010799610563967409
456,5,1-7,adjust,-0.0,-0.0,0.0001318926025884016
456,6,1-7,adjust,7.328471549272206e-05,1.292130581422472e-07,0.00014638291763320293
456,9,1-8,adjust,0.0010681709181533327,2.9344002987527037e-05,7.880427713328792e-07
457,2,1-4,adjust,0.0016986344775046466,-4.666990823507347e-05,1.1237711099371142e-05
457,3,1-4,adjust,0.0007393541482182996,-8.810866365743012e-06,4.839132076358968e-05
457,6,1-5,adjust,-7.328471551149342e-05,-1.2921305805898314e-07,0.00012626478530147105
457,7,1-5,adjust,-0.0,-0.0,0.00010352947935253482
457,8,1-5,adjust,-0.0,-0.0,9.061787475157816e-05
457,9,1-5,adjust,-0.0010681709181389202,-2.9344002987310515e-05,5.5654112445952756e-05
458,2,1-7,adjust,-0.0016986344775069906,4.666990823506351e-05,8.425632336621931e-05
458,3,1-7,adjust,-0.0007393541482126586,8.810866365774686e-06,0.00014274560570076797
458,4,1-7,adjust,-0.0,-0.0,0.00010799610563967409
458,5,1-7,adjust,-0.0,-0.0,0.0001318926025884016
458,6,1-7,adjust,7.328471549272206e-05,1.292130581422472e-07,0.00014638291763320293
458,9,1-8,adjust,0.0010681709181304356,2.9344002987860074e-05,7.880427724546075e-07
459,2,1-4,adjust,0.0016986344775046466,-4.666990823507347e-05,1.1237711099371142e-05
459,3,1-4,adjust,0.0007393541482060874,-8.810866365671475e-06,4.839132076301279e-05
459,6,1-5,adjust,-7.328471551149342e-05,-1.2921305805898314e-07,0.00012626478530147105
459,7,1-5,adjust,-0.0,-0.0,0.00010352947935253482
459,8,1-5,adjust,-0.0,-0.0,9.061787475157816e-05
459,9,1-5,adjust,-0.0010681709181370235,-2.9344002987424783e-05,5.565411244660977e-05
460,2,1-7,adjust,-0.0016986344775069906,4.666990823506351e-05,8.425632336621931e-05
460,3,1-7,adjust,-0.0007393541481842569,8.810866365269666e-06,0.00014274560570054362
460,4,1-7,adjust,-0.0,-0.0,0.00010799610563967409
460,5,1-7,adjust,-0.0,-0.0,0.0001318926025884016
460,6,1-7,adjust,7.328471549272206e-05,1.292130581422472e-07,0.00014638291763320293
460,9,1-8,adjust,0.00106817091811562,2.9344002987083006e-05,7.8804277181362e-07
461,2,1-4,adjust,0.0016986344775046466,-4.666990823507347e-05,1.1237711099371142e-05
461,3,1-4,adjust,0.0007393541482060874,-8.810866365671475e-06,4.839132076378197e-05
461,6,1-5,adjust,-7.328471551149342e-05,-1.2921305805898314e-07,0.00012626478530147105
461,7,1-5,adjust,-0.0,-0.0,0.00010352947935253482
461,8,1-5,adjust,-0.0,-0.0,9.061787475157816e-05
461,9,1-5,adjust,-0.0010681709181442993,-2.9344002987615542e-05,5.565411244601686e-05
462,2,1-7,adjust,-0.0016986344775069906,4.666990823506351e-05,8.425632336621931e-05
462,3,1-7,adjust,-0.0007393541482207737,8.810866365982416e-06,0.00014274560570113652
462,4,1-7,adjust,-0.0,-0.0,0.00010799610563967409
462,5,1-7,adjust,-0.0,-0.0,0.0001318926025884016
462,6,1-7,adjust,7.328471549272206e-05,1.292130581422472e-07,0.00014638291763320293
462,9,1-8,adjust,0.0010681709181533327,2.9344002987527037e-05,7.880427713328792e-07
463,2,1-4,adjust,0.0016986344775046466,-4.666990823507347e-05,1.1237711099371142e-05
463,3,1-4,adjust,0.0007393541482182996,-8.810866365743012e-06,4.839132076358968e-05
463,6,1-5,adjust,-7.328471551149342e-05,-1.2921305805898314e-07,0.00012626478530147105
463,7,1-5,adjust,-0.0,-0.0,0.00010352947935253482
463,8,1-5,adjust,-0.0,-0.0,9.061787475157816e-05
463,9,1-5,adjust,-0.0010681709181389202,-2.9344002987310515e-05,5.5654112445952756e-05
464,2,1-7,adjust,-0.0016986344775069906,4.666990823506351e-05,8.425632336621931e-05
464,3,1-7,adjust,-0.0007393541482126586,8.810866365774686e-06,0.00014274560570076797
464,4,1-7,adjust,-0.0,-0.0,0.00010799610563967409
464,5,1-7,adjust,-0.0,-0.0,0.0001318926025884016
464,6,1-7,adjust,7.328471549272206e-05,1.292130581422472e-07,0.00014638291763320293
464,9,1-8,adjust,0.0010681709181304356,2.9344002987860074e-05,7.880427724546075e-07
465,2,1-4,adjust,0.0016986344775046466,-4.666990823507347e-05,1.1237711099371142e-05
465,3,1-4,adjust,0.0007393541482060874,-8.810866365671475e-06,4.839132076301279e-05
465,6,1-5,adjust,-7.328471551149342e-05,-1.2921305805898314e-07,0.00012626478530147105
465,7,1-5,adjust,-0.0,-0.0,0.00010352947935253482
465,8,1-5,adjust,-0.0,-0.0,9.061787475157816e-05
465,9,1-5,adjust,-0.0010681709181370235,-2.9344002987424783e-05,5.565411244660977e-05
466,2,1-7,adjust,-0.0016986344775069906,4.666990823506351e-05,8.425632336621931e-05
466,3,1-7,adjust,-0.0007393541481842569,8.810866365269666e-06,0.00014274560570054362
466,4,1-7,adjust,-0.0,-0.0,0.00010799610563967409
466,5,1-7,adjust,-0.0,-0.0,0.0001318926025884016
466,6,1-7,adjust,7.328471549272206e-05,1.292130581422472e-07,0.00014638291763320293
466,9,1-8,adjust,0.00106817091811562,2.9344002987083006e-05,7.8804277181362e-07
467,2,1-4,adjust,0.0016986344775046466,-4.666990823507347e-05,1.1237711099371142e-05
467,3,1-4,adjust,0.0007393541482060874,-8.810866365671475e-06,4.839132076378197e-05
467,6,1-5,adjust,-7.328471551149342e-05,-1.2921305805898314e-07,0.00012626478530147105
467,7,1-5,adjust,-0.0,-0.0,0.00010352947935253482
467,8,1-5,adjust,-0.0,-0.0,9.061787475157816e-05
467,9,1-5,adjust,-0.0010681709181442993,-2.9344002987615542e-05,5.565411244601686e-05
468,2,1-7,adjust,-0.0016986344775069906,4.666990823506351e-05,8.425632336621931e-05
468,3,1-7,adjust,-0.0007393541482207737,8.810866365982416e-06,0.00014274560570113652
468,4,1-7,adjust,-0.0,-0.0,0.00010799610563967409
468,5,1-7,adjust,-0.0,-0.0,0.0001318926025884016
468,6,1-7,adjust,7.328471549272206e-05,1.292130581422472e-07,0.00014638291763320293
468,9,1-8,adjust,0.0010681709181533327,2.9344002987527037e-05,7.880427713328792e-07
469,2,1-4,adjust,0.0016986344775046466,-4.666990823507347e-05,1.1237711099371142e-05
469,3,1-4,adjust,0.0007393541482182996,-8.810866365743012e-06,4.839132076358968e-05
469,6,1-5,adjust,-7.328471551149342e-05,-1.2921305805898314e-07,0.00012626478530147105
469,7,1-5,adjust,-0.0,-0.0,0.00010352947935253482
469,8,1-5,adjust,-0.0,-0.0,9.061787475157816e-05
469,9,1-5,adjust,-0.0010681709181389202,-2.9344002987310515e-05,5.5654112445952756e-05
470,2,1-7,adjust,-0.0016986344775069906,4.666990823506351e-05,8.425632336621931e-05
470,3,1-7,adjust,-0.0007393541482126586,8.810866365774686e-06,0.00014274560570076797
470,4,1-7,adjust,-0.0,-0.0,0.00010799610563967409
470,5,1-7,adjust,-0.0,-0.0,0.0001318926025884016
470,6,1-7,adjust,7.328471549272206e-05,1.292130581422472e-07,0.00014638291763320293
470,9,1-8,adjust,0.0010681709181304356,2.9344002987860074e-05,7.880427724546075e-07
471,2,1-4,adjust,0.0016986344775046466,-4.666990823507347e-05,1.1237711099371142e-05
471,3,1-4,adjust,0.0007393541482060874,-8.810866365671475e-06,4.839132076301279e-05
471,6,1-5,adjust,-7.328471551149342e-05,-1.2921305805898314e-07,0.00012626478530147105
471,7,1-5,adjust,-0.0,-0.0,0.00010352947935253482
471,8,1-5,adjust,-0.0,-0.0,9.061787475157816e-05
471,9,1-5,adjust,-0.0010681709181370235,-2.9344002987424783e-05,5.565411244660977e-05
472,2,1-7,adjust,-0.0016986344775069906,4.666990823506351e-05,8.425632336621931e-05
472,3,1-7,adjust,-0.0007393541481842569,8.810866365269666e-06,0.00014274560570054362
472,4,1-7,adjust,-0.0,-0.0,0.00010799610563967409
472,5,1-7,adjust,-0.0,-0.0,0.0001318926025884016
472,6,1-7,adjust,7.328471549272206e-05,1.292130581422472e-07,0.00014638291763320293
472,9,1-8,adjust,0.00106817091811562,2.9344002987083006e-05,7.8804277181362e-07
473,2,1-4,adjust,0.0016986344775046466,-4.666990823507347e-05,1.1237711099371142e-05
473,3,1-4,adjust,0.0007393541482060874,-8.810866365671475e-06,4.839132076378197e-05
473,6,1-5,adjust,-7.328471551149342e-05,-1.2921305805898314e-07,0.00012626478530147105
473,7,1-5,adjust,-0.0,-0.0,0.00010352947935253482
473,8,1-5,adjust,-0.0,-0.0,9.061787475157816e-05
473,9,1-5,adjust,-0.0010681709181442993,-2.9344002987615542e-05,5.565411244601686e-05
474,2,1-7,adjust,-0.0016986344775069906,4.666990823506351e-05,8.425632336621931e-05
474,3,1-7,adjust,-0.0007393541482207737,8.810866365982416e-06,0.00014274560570113652
474,4,1-7,adjust,-0.0,-0.0,0.00010799610563967409
474,5,1-7,adjust,-0.0,-0.0,0.0001318926025884016
474,6,1-7,adjust,7.328471549272206e-05,1.292130581422472e-07,0.00014638291763320293
474,9,1-8,adjust,0.0010681709181533327,2.9344002987527037e-05,7.880427713328792e-07
475,2,1-4,adjust,0.0016986344775046466,-4.666990823507347e-05,1.1237711099371142e-05
475,3,1-4,adjust,0.0007393541482182996,-8.810866365743012e-06,4.839132076358968e-05
475,6,1-5,adjust,-7.328471551149342e-05,-1.2921305805898314e-07,0.00012626478530147105
475,7,1-5,adjust,-0.0,-0.0,0.00010352947935253482
475,8,1-5,adjust,-0.0,-0.0,9.061787475157816e-05
475,9,1-5,adjust,-0.0010681709181389202,-2.9344002987310515e-05,5.5654112445952756e-05
476,2,1-7,adjust,-0.0016986344775069906,4.666990823506351e-05,8.425632336621931e-05
476,3,1-7,adjust,-0.0007393541482126586,8.810866365774686e-06,0.00014274560570076797
476,4,1-7,adjust,-0.0,-0.0,0.00010799610563967409
476,5,1-7,adjust,-0.0,-0.0,0.0001318926025884016
476,6,1-7,adjust,7.328471549272206e-05,1.292130581422472e-07,0.00014638291763320293
476,9,1-8,adjust,0.0010681709181304356,2.9344002987860074e-05,7.880427724546075e-07
477,2,1-4,adjust,0.0016986344775046466,-4.666990823507347e-05,1.1237711099371142e-05
477,3,1-4,adjust,0.0007393541482060874,-8.810866365671475e-06,4.839132076301279e-05
477,6,1-5,adjust,-7.328471551149342e-05,-1.2921305805898314e-07,0.00012626478530147105
477,7,1-5,adjust,-0.0,-0.0,0.00010352947935253482
477,8,1-5,adjust,-0.0,-0.0,9.061787475157816e-05
477,9,1-5,adjust,-0.0010681709181370235,-2.9344002987424783e-05,5.565411244660977e-05
478,2,1-7,adjust,-0.0016986344775069906,4.666990823506351e-05,8.425632336621931e-05
478,3,1-7,adjust,-0.0007393541481842569,8.810866365269666e-06,0.00014274560570054362
478,4,1-7,adjust,-0.0,-0.0,0.00010799610563967409
478,5,1-7,adjust,-0.0,-0.0,0.0001318926025884016
478,6,1-7,adjust,7.328471549272206e-05,1.292130581422472e-07,0.00014638291763320293
478,9,1-8,adjust,0.00106817091811562,2.9344002987083006e-05,7.8804277181362e-07
479,2,1-4,adjust,0.0016986344775046466,-4.666990823507347e-05,1.1237711099371142e-05
479,3,1-4,adjust,0.0007393541482060874,-8.810866365671475e-06,4.839132076378197e-05
479,6,1-5,adjust,-7.328471551149342e-05,-1.2921305805898314e-07,0.00012626478530147105
479,7,1-5,adjust,-0.0,-0.0,0.00010352947935253482
479,8,1-5,adjust,-0.0,-0.0,9.061787475157816e-05
479,9,1-5,adjust,-0.0010681709181442993,-2.9344002987615542e-05,5.565411244601686e-05
480,2,1-7,adjust,-0.0016986344775069906,4.666990823506351e-05,8.425632336621931e-05
480,3,1-7,adjust,-0.0007393541482207737,8.810866365982416e-06,0.00014274560570113652
480,4,1-7,adjust,-0.0,-0.0,0.00010799610563967409
480,5,1-7,adjust,-0.0,-0.0,0.0001318926025884016
480,6,1-7,adjust,7.328471549272206e-05,1.292130581422472e-07,0.00014638291763320293
480,9,1-8,adjust,0.0010681709181533327,2.9344002987527037e-05,7.880427713328792e-07
481,2,1-4,adjust,0.0016986344775046466,-4.666990823507347e-05,1.1237711099371142e-05
481,3,1-4,adjust,0.0007393541482182996,-8.810866365743012e-06,4.839132076358968e-05
481,6,1-5,adjust,-7.328471551149342e-05,-1.2921305805898314e-07,0.00012626478530147105
481,7,1-5,adjust,-0.0,-0.0,0.00010352947935253482
481,8,1-5,adjust,-0.0,-0.0,9.061787475157816e-05
481,9,1-5,adjust,-0.0010681709181389202,-2.9344002987310515e-05,5.5654112445952756e-05
482,2,1-7,adjust,-0.0016986344775069906,4.666990823506351e-05,8.425632336621931e-05
482,3,1-7,adjust,-0.0007393541482126586,8.810866365774686e-06,0.00014274560570076797
482,4,1-7,adjust,-0.0,-0.0,0.00010799610563967409
482,5,1-7,adjust,-0.0,-0.0,0.0001318926025884016
482,6,1-7,adjust,7.328471549272206e-05,1.292130581422472e-07,0.00014638291763320293
482,9,1-8,adjust,0.0010681709181304356,2.9344002987860074e-05,7.880427724546075e-07
483,2,1-4,adjust,0.0016986344775046466,-4.666990823507347e-05,1.1237711099371142e-05
483,3,1-4,adjust,0.0007393541482060874,-8.810866365671475e-06,4.839132076301279e-05
483,6,1-5,adjust,-7.328471551149342e-05,-1.2921305805898314e-07,0.00012626478530147105
483,7,1-5,adjust,-0.0,-0.0,0.00010352947935253482
483,8,1-5,adjust,-0.0,-0.0,9.061787475157816e-05
483,9,1-5,adjust,-0.0010681709181370235,-2.9344002987424783e-05,5.565411244660977e-05
484,2,1-7,adjust,-0.0016986344775069906,4.666990823506351e-05,8.425632336621931e-05
484,3,1-7,adjust,-0.0007393541481842569,8.810866365269666e-06,0.00014274560570054362
484,4,1-7,adjust,-0.0,-0.0,0.00010799610563967409
484,5,1-7,adjust,-0.0,-0.0,0.0001318926025884016
484,6,1-7,adjust,7.328471549272206e-05,1.292130581422472e-07,0.00014638291763320293
484,9,1-8,adjust,0.00106817091811562,2.9344002987083006e-05,7.8804277181362e-07
485,2,1-4,adjust,0.0016986344775046466,-4.666990823507347e-05,1.1237711099371142e-05
485,3,1-4,adjust,0.0007393541482060874,-8.810866365671475e-06,4.839132076378197e-05
485,6,1-5,adjust,-7.328471551149342e-05,-1.2921305805898314e-07,0.00012626478530147105
485,7,1-5,adjust,-0.0,-0.0,0.00010352947935253482
485,8,1-5,adjust,-0.0,-0.0,9.061787475157816e-05
485,9,1-5,adjust,-0.0010681709181442993,-2.9344002987615542e-05,5.565411244601686e-05
486,2,1-7,adjust,-0.0016986344775069906,4.666990823506351e-05,8.425632336621931e-05
486,3,1-7,adjust,-0.0007393541482207737,8.810866365982416e-06,0.00014274560570113652
486,4,1-7,adjust,-0.0,-0.0,0.00010799610563967409
486,5,1-7,adjust,-0.0,-0.0,0.0001318926025884016
486,6,1-7,adjust,7.328471549272206e-05,1.292130581422472e-07,0.00014638291763320293
486,9,1-8,adjust,0.0010681709181533327,2.9344002987527037e-05,7.880427713328792e-07
487,2,1-4,adjust,0.0016986344775046466,-4.666990823507347e-05,1.1237711099371142e-05
487,3,1-4,adjust,0.0007393541482182996,-8.810866365743012e-06,4.839132076358968e-05
487,6,1-5,adjust,-7.328471551149342e-05,-1.2921305805898314e-07,0.00012626478530147105
487,7,1-5,adjust,-0.0,-0.0,0.00010352947935253482
487,8,1-5,adjust,-0.0,-0.0,9.061787475157816e-05
487,9,1-5,adjust,-0.0010681709181389202,-2.9344002987310515e-05,5.5654112445952756e-05
488,2,1-7,adjust,-0.0016986344775069906,4.666990823506351e-05,8.425632336621931e-05
488,3,1-7,adjust,-0.0007393541482126586,8.810866365774686e-06,0.00014274560570076797
488,4,1-7,adjust,-0.0,-0.0,0.00010799610563967409
488,5,1-7,adjust,-0.0,-0.0,0.0001318926025884016
488,6,1-7,adjust,7.328471549272206e-05,1.292130581422472e-07,0.00014638291763320293
488,9,1-8,adjust,0.0010681709181304356,2.9344002987860074e-05,7.880427724546075e-07
489,2,1-4,adjust,0.0016986344775046466,-4.666990823507347e-05,1.1237711099371142e-05
489,3,1-4,adjust,0.0007393541482060874,-8.810866365671475e-06,4.839132076301279e-05
489,6,1-5,adjust,-7.328471551149342e-05,-1.2921305805898314e-07,0.00012626478530147105
489,7,1-5,adjust,-0.0,-0.0,0.00010352947935253482
489,8,1-5,adjust,-0.0,-0.0,9.061787475157816e-05
489,9,1-5,adjust,-0.0010681709181370235,-2.9344002987424783e-05,5.565411244660977e-05
490,2,1-7,adjust,-0.0016986344775069906,4.666990823506351e-05,8.425632336621931e-05
490,3,1-7,adjust,-0.0007393541481842569,8.810866365269666e-06,0.00014274560570054362
490,4,1-7,adjust,-0.0,-0.0,0.00010799610563967409
490,5,1-7,adjust,-0.0,-0.0,0.0001318926025884016
490,6,1-7,adjust,7.328471549272206e-05,1.292130581422472e-07,0.00014638291763320293
490,9,1-8,adjust,0.00106817091811562,2.9344002987083006e-05,7.8804277181362e-07
491,2,1-4,adjust,0.0016986344775046466,-4.666990823507347e-05,1.1237711099371142e-05
491,3,1-4,adjust,0.0007393541482060874,-8.810866365671475e-06,4.839132076378197e-05
491,6,1-5,adjust,-7.328471551149342e-05,-1.2921305805898314e-07,0.00012626478530147105
491,7,1-5,adjust,-0.0,-0.0,0.00010352947935253482
491,8,1-5,adjust,-0.0,-0.0,9.061787475157816e-05
491,9,1-5,adjust,-0.0010681709181442993,-2.9344002987615542e-05,5.565411244601686e-05
492,2,1-7,adjust,-0.0016986344775069906,4.666990823506351e-05,8.425632336621931e-05
492,3,1-7,adjust,-0.0007393541482207737,8.810866365982416e-06,0.00014274560570113652
492,4,1-7,adjust,-0.0,-0.0,0.00010799610563967409
492,5,1-7,adjust,-0.0,-0.0,0.0001318926025884016
492,6,1-7,adjust,7.328471549272206e-05,1.292130581422472e-07,0.00014638291763320293
492,9,1-8,adjust,0.0010681709181533327,2.9344002987527037e-05,7.880427713328792e-07
493,2,1-4,adjust,0.0016986344775046466,-4.666990823507347e-05,1.1237711099371142e-05
493,3,1-4,adjust,0.0007393541482182996,-8.810866365743012e-06,4.839132076358968e-05
493,6,1-5,adjust,-7.328471551149342e-05,-1.2921305805898314e-07,0.00012626478530147105
493,7,1-5,adjust,-0.0,-0.0,0.00010352947935253482
493,8,1-5,adjust,-0.0,-0.0,9.061787475157816e-05
493,9,1-5,adjust,-0.0010681709181389202,-2.9344002987310515e-05,5.5654112445952756e-05
494,2,1-7,adjust,-0.0016986344775069906,4.666990823506351e-05,8.425632336621931e-05
494,3,1-7,adjust,-0.0007393541482126586,8.810866365774686e-06,0.00014274560570076797
494,4,1-7,adjust,-0.0,-0.0,0.00010799610563967409
494,5,1-7,adjust,-0.0,-0.0,0.0001318926025884016
494,6,1-7,adjust,7.328471549272206e-05,1.292130581422472e-07,0.00014638291763320293
494,9,1-8,adjust,0.0010681709181304356,2.9344002987860074e-05,7.880427724546075e-07
495,2,1-4,adjust,0.0016986344775046466,-4.666990823507347e-05,1.1237711099371142e-05
495,3,1-4,adjust,0.0007393541482060874,-8.810866365671475e-06,4.839132076301279e-05
495,6,1-5,adjust,-7.328471551149342e-05,-1.2921305805898314e-07,0.00012626478530147105
495,7,1-5,adjust,-0.0,-0.0,0.00010352947935253482
495,8,1-5,adjust,-0.0,-0.0,9.061787475157816e-05
495,9,1-5,adjust,-0.0010681709181370235,-2.9344002987424783e-05,5.565411244660977e-05
496,2,1-7,adjust,-0.0016986344775069906,4.666990823506351e-05,8.425632336621931e-05
496,3,1-7,adjust,-0.0007393541481842569,8.810866365269666e-06,0.00014274560570054362
496,4,1-7,adjust,-0.0,-0.0,0.00010799610563967409
496,5,1-7,adjust,-0.0,-0.0,0.0001318926025884016
496,6,1-7,adjust,7.328471549272206e-05,1.292130581422472e-07,0.00014638291763320293
496,9,1-8,adjust,0.00106817091811562,2.9344002987083006e-05,7.8804277181362e-07
497,2,1-4,adjust,0.0016986344775046466,-4.666990823507347e-05,1.1237711099371142e-05
497,3,1-4,adjust,0.0007393541482060874,-8.810866365671475e-06,4.839132076378197e-05
497,6,1-5,adjust,-7.328471551149342e-05,-1.2921305805898314e-07,0.00012626478530147105
497,7,1-5,adjust,-0.0,-0.0,0.00010352947935253482
497,8,1-5,adjust,-0.0,-0.0,9.061787475157816e-05
497,9,1-5,adjust,-0.0010681709181442993,-2.9344002987615542e-05,5.565411244601686e-05
498,2,1-7,adjust,-0.0016986344775069906,4.666990823506351e-05,8.425632336621931e-05
498,3,1-7,adjust,-0.0007393541482207737,8.810866365982416e-06,0.00014274560570113652
498,4,1-7,adjust,-0.0,-0.0,0.00010799610563967409
498,5,1-7,adjust,-0.0,-0.0,0.0001318926025884016
498,6,1-7,adjust,7.328471549272206e-05,1.292130581422472e-07,0.00014638291763320293
498,9,1-8,adjust,0.0010681709181533327,2.9344002987527037e-05,7.880427713328792e-07
499,2,1-4,adjust,0.0016986344775046466,-4.666990823507347e-05,1.1237711099371142e-05
499,3,1-4,adjust,0.0007393541482182996,-8.810866365743012e-06,4.839132076358968e-05
499,6,1-5,adjust,-7.328471551149342e-05,-1.2921305805898314e-07,0.00012626478530147105
499,7,1-5,adjust,-0.0,-0.0,0.00010352947935253482
499,8,1-5,adjust,-0.0,-0.0,9.061787475157816e-05
499,9,1-5,adjust,-0.0010681709181389202,-2.9344002987310515e-05,5.5654112445952756e-05
500,2,1-7,adjust,-0.0016986344775069906,4.666990823506351e-05,8.425632336621931e-05
500,3,1-7,adjust,-0.0007393541482126586,8.810866365774686e-06,0.00014274560570076797
500,4,1-7,adjust,-0.0,-0.0,0.00010799610563967409
500,5,1-7,adjust,-0.0,-0.0,0.0001318926025884016
500,6,1-7,adjust,7.328471549272206e-05,1.292130581422472e-07,0.00014638291763320293
500,9,1-8,adjust,0.0010681709181304356,2.9344002987860074e-05,7.880427724546075e-07
501,2,1-4,adjust,0.0016986344775046466,-4.666990823507347e-05,1.1237711099371142e-05
501,3,1-4,adjust,0.0007393541482060874,-8.810866365671475e-06,4.839132076301279e-05
501,6,1-5,adjust,-7.328471551149342e-05,-1.2921305805898314e-07,0.00012626478530147105
501,7,1-5,adjust,-0.0,-0.0,0.00010352947935253482
501,8,1-5,adjust,-0.0,-0.0,9.061787475157816e-05
501,9,1-5,adjust,-0.0010681709181370235,-2.9344002987424783e-05,5.565411244660977e-05
502,2,1-7,adjust,-0.0016986344775069906,4.666990823506351e-05,8.425632336621931e-05
502,3,1-7,adjust,-0.0007393541481842569,8.810866365269666e-06,0.00014274560570054362
502,4,1-7,adjust,-0.0,-0.0,0.00010799610563967409
502,5,1-7,adjust,-0.0,-0.0,0.0001318926025884016
502,6,1-7,adjust,7.328471549272206e-05,1.292130581422472e-07,0.00014638291763320293
502,9,1-8,adjust,0.00106817091811562,2.9344002987083006e-05,7.8804277181362e-07
503,2,1-4,adjust,0.0016986344775046466,-4.666990823507347e-05,1.1237711099371142e-05
503,3,1-4,adjust,0.0007393541482060874,-8.810866365671475e-06,4.839132076378197e-05
503,6,1-5,adjust,-7.328471551149342e-05,-1.2921305805898314e-07,0.00012626478530147105
503,7,1-5,adjust,-0.0,-0.0,0.00010352947935253482
503,8,1-5,adjust,-0.0,-0.0,9.061787475157816e-05
503,9,1-5,adjust,-0.0010681709181442993,-2.9344002987615542e-05,5.565411244601686e-05
504,2,1-7,adjust,-0.0016986344775069906,4.666990823506351e-05,8.425632336621931e-05
504,3,1-7,adjust,-0.0007393541482207737,8.810866365982416e-06,0.00014274560570113652
504,4,1-7,adjust,-0.0,-0.0,0.00010799610563967409
504,5,1-7,adjust,-0.0,-0.0,0.0001318926025884016
504,6,1-7,adjust,7.328471549272206e-05,1.292130581422472e-07,0.00014638291763320293
504,9,1-8,adjust,0.0010681709181533327,2.9344002987527037e-05,7.880427713328792e-07
505,2,1-4,adjust,0.0016986344775046466,-4.666990823507347e-05,1.1237711099371142e-05
505,3,1-4,adjust,0.0007393541482182996,-8.810866365743012e-06,4.839132076358968e-05
505,6,1-5,adjust,-7.328471551149342e-05,-1.2921305805898314e-07,0.00012626478530147105
505,7,1-5,adjust,-0.0,-0.0,0.00010352947935253482
505,8,1-5,adjust,-0.0,-0.0,9.061787475157816e-05
505,9,1-5,adjust,-0.0010681709181389202,-2.9344002987310515e-05,5.5654112445952756e-05
506,2,1-7,adjust,-0.0016986344775069906,4.666990823506351e-05,8.425632336621931e-05
506,3,1-7,adjust,-0.0007393541482126586,8.810866365774686e-06,0.00014274560570076797
506,4,1-7,adjust,-0.0,-0.0,0.00010799610563967409
506,5,1-7,adjust,-0.0,-0.0,0.0001318926025884016
506,6,1-7,adjust,7.328471549272206e-05,1.292130581422472e-07,0.00014638291763320293
506,9,1-8,adjust,0.0010681709181304356,2.9344002987860074e-05,7.880427724546075e-07
507,2,1-4,adjust,0.0016986344775046466,-4.666990823507347e-05,1.1237711099371142e-05
507,3,1-4,adjust,0.0007393541482060874,-8.810866365671475e-06,4.839132076301279e-05
507,6,1-5,adjust,-7.328471551149342e-05,-1.2921305805898314e-07,0.00012626478530147105
507,7,1-5,adjust,-0.0,-0.0,0.00010352947935253482
507,8,1-5,adjust,-0.0,-0.0,9.061787475157816e-05
507,9,1-5,adjust,-0.0010681709181370235,-2.9344002987424783e-05,5.565411244660977e-05
508,2,1-7,adjust,-0.0016986344775069906,4.666990823506351e-05,8.425632336621931e-05
508,3,1-7,adjust,-0.0007393541481842569,8.810866365269666e-06,0.00014274560570054362
508,4,1-7,adjust,-0.0,-0.0,0.00010799610563967409
508,5,1-7,adjust,-0.0,-0.0,0.0001318926025884016
508,6,1-7,adjust,7.328471549272206e-05,1.292130581422472e-07,0.00014638291763320293
508,9,1-8,adjust,0.00106817091811562,2.9344002987083006e-05,7.8804277181362e-07
509,2,1-4,adjust,0.0016986344775046466,-4.666990823507347e-05,1.1237711099371142e-05
509,3,1-4,adjust,0.0007393541482060874,-8.810866365671475e-06,4.839132076378197e-05
509,6,1-5,adjust,-7.328471551149342e-05,-1.2921305805898314e-07,0.00012626478530147105
509,7,1-5,adjust,-0.0,-0.0,0.00010352947935253482
509,8,1-5,adjust,-0.0,-0.0,9.061787475157816e-05
509,9,1-5,adjust,-0.0010681709181442993,-2.9344002987615542e-05,5.565411244601686e-05
510,2,1-7,adjust,-0.0016986344775069906,4.666990823506351e-05,8.425632336621931e-05
510,3,1-7,adjust,-0.0007393541482207737,8.810866365982416e-06,0.00014274560570113652
510,4,1-7,adjust,-0.0,-0.0,0.00010799610563967409
510,5,1-7,adjust,-0.0,-0.0,0.0001318926025884016
510,6,1-7,adjust,7.328471549272206e-05,1.292130581422472e-07,0.00014638291763320293
510,9,1-8,adjust,0.0010681709181533327,2.9344002987527037e-05,7.880427713328792e-07
511,2,1-4,adjust,0.0016986344775046466,-4.666990823507347e-05,1.1237711099371142e-05
511,3,1-4,adjust,0.0007393541482182996,-8.810866365743012e-06,4.839132076358968e-05
511,6,1-5,adjust,-7.328471551149342e-05,-1.2921305805898314e-07,0.00012626478530147105
511,7,1-5,adjust,-0.0,-0.0,0.00010352947935253482
511,8,1-5,adjust,-0.0,-0.0,9.061787475157816e-05
511,9,1-5,adjust,-0.0010681709181389202,-2.9344002987310515e-05,5.5654112445952756e-05
512,2,1-7,adjust,-0.0016986344775069906,4.666990823506351e-05,8.425632336621931e-05
512,3,1-7,adjust,-0.0007393541482126586,8.810866365774686e-06,0.00014274560570076797
512,4,1-7,adjust,-0.0,-0.0,0.00010799610563967409
512,5,1-7,adjust,-0.0,-0.0,0.0001318926025884016
512,6,1-7,adjust,7.328471549272206e-05,1.292130581422472e-07,0.00014638291763320293
512,9,1-8,adjust,0.0010681709181304356,2.9344002987860074e-05,7.880427724546075e-07
513,2,1-4,adjust,0.0016986344775046466,-4.666990823507347e-05,1.1237711099371142e-05
513,3,1-4,adjust,0.0007393541482060874,-8.810866365671475e-06,4.839132076301279e-05
513,6,1-5,adjust,-7.328471551149342e-05,-1.2921305805898314e-07,0.00012626478530147105
513,7,1-5,adjust,-0.0,-0.0,0.00010352947935253482
513,8,1-5,adjust,-0.0,-0.0,9.061787475157816e-05
513,9,1-5,adjust,-0.0010681709181370235,-2.9344002987424783e-05,5.565411244660977e-05
514,2,1-7,adjust,-0.0016986344775069906,4.666990823506351e-05,8.425632336621931e-05
514,3,1-7,adjust,-0.0007393541481842569,8.810866365269666e-06,0.00014274560570054362
514,4,1-7,adjust,-0.0,-0.0,0.00010799610563967409
514,5,1-7,adjust,-0.0,-0.0,0.0001318926025884016
514,6,1-7,adjust,7.328471549272206e-05,1.292130581422472e-07,0.00014638291763320293
514,9,1-8,adjust,0.00106817091811562,2.9344002987083006e-05,7.8804277181362e-07
515,2,1-4,adjust,0.0016986344775046466,-4.666990823507347e-05,1.1237711099371142e-05
515,3,1-4,adjust,0.0007393541482060874,-8.810866365671475e-06,4.839132076378197e-05
515,6,1-5,adjust,-7.328471551149342e-05,-1.2921305805898314e-07,0.00012626478530147105
515,7,1-5,adjust,-0.0,-0.0,0.00010352947935253482
515,8,1-5,adjust,-0.0,-0.0,9.061787475157816e-05
515,9,1-5,adjust,-0.0010681709181442993,-2.9344002987615542e-05,5.565411244601686e-05
516,2,1-7,adjust,-0.0016986344775069906,4.666990823506351e-05,8.425632336621931e-05
516,3,1-7,adjust,-0.0007393541482207737,8.810866365982416e-06,0.00014274560570113652
516,4,1-7,adjust,-0.0,-0.0,0.00010799610563967409
516,5,1-7,adjust,-0.0,-0.0,0.0001318926025884016
516,6,1-7,adjust,7.328471549272206e-05,1.292130581422472e-07,0.00014638291763320293
516,9,1-8,adjust,0.0010681709181533327,2.9344002987527037e-05,7.880427713328792e-07
517,2,1-4,adjust,0.0016986344775046466,-4.666990823507347e-05,1.1237711099371142e-05
517,3,1-4,adjust,0.0007393541482182996,-8.810866365743012e-06,4.839132076358968e-05
517,6,1-5,adjust,-7.328471551149342e-05,-1.2921305805898314e-07,0.00012626478530147105
517,7,1-5,adjust,-0.0,-0.0,0.00010352947935253482
517,8,1-5,adjust,-0.0,-0.0,9.061787475157816e-05
517,9,1-5,adjust,-0.0010681709181389202,-2.9344002987310515e-05,5.5654112445952756e-05
518,2,1-7,adjust,-0.0016986344775069906,4.666990823506351e-05,8.425632336621931e-05
518,3,1-7,adjust,-0.0007393541482126586,8.810866365774686e-06,0.00014274560570076797
518,4,1-7,adjust,-0.0,-0.0,0.00010799610563967409
518,5,1-7,adjust,-0.0,-0.0,0.0001318926025884016
518,6,1-7,adjust,7.328471549272206e-05,1.292130581422472e-07,0.00014638291763320293
518,9,1-8,adjust,0.0010681709181304356,2.9344002987860074e-05,7.880427724546075e-07
519,2,1-4,adjust,0.0016986344775046466,-4.666990823507347e-05,1.1237711099371142e-05
519,3,1-4,adjust,0.0007393541482060874,-8.810866365671475e-06,4.839132076301279e-05
519,6,1-5,adjust,-7.328471551149342e-05,-1.2921305805898314e-07,0.00012626478530147105
519,7,1-5,adjust,-0.0,-0.0,0.00010352947935253482
519,8,1-5,adjust,-0.0,-0.0,9.061787475157816e-05
519,9,1-5,adjust,-0.0010681709181370235,-2.9344002987424783e-05,5.565411244660977e-05
520,2,1-7,adjust,-0.0016986344775069906,4.666990823506351e-05,8.425632336621931e-05
520,3,1-7,adjust,-0.0007393541481842569,8.810866365269666e-06,0.00014274560570054362
520,4,1-7,adjust,-0.0,-0.0,0.00010799610563967409
520,5,1-7,adjust,-0.0,-0.0,0.0001318926025884016
520,6,1-7,adjust,7.328471549272206e-05,1.292130581422472e-07,0.00014638291763320293
520,9,1-8,adjust,0.00106817091811562,2.9344002987083006e-05,7.8804277181362e-07
521,2,1-4,adjust,0.0016986344775046466,-4.666990823507347e-05,1.1237711099371142e-05
521,3,1-4,adjust,0.0007393541482060874,-8.810866365671475e-06,4.839132076378197e-05
521,6,1-5,adjust,-7.328471551149342e-05,-1.2921305805898314e-07,0.00012626478530147105
521,7,1-5,adjust,-0.0,-0.0,0.00010352947935253482
521,8,1-5,adjust,-0.0,-0.0,9.061787475157816e-05
521,9,1-5,adjust,-0.0010681709181442993,-2.9344002987615542e-05,5.565411244601686e-05
522,2,1-7,adjust,-0.0016986344775069906,4.666990823506351e-05,8.425632336621931e-05
522,3,1-7,adjust,-0.0007393541482207737,8.810866365982416e-06,0.00014274560570113652
522,4,1-7,adjust,-0.0,-0.0,0.00010799610563967409
522,5,1-7,adjust,-0.0,-0.0,0.0001318926025884016
522,6,1-7,adjust,7.328471549272206e-05,1.292130581422472e-07,0.00014638291763320293
522,9,1-8,adjust,0.0010681709181533327,2.9344002987527037e-05,7.880427713328792e-07
523,2,1-4,adjust,0.0016986344775046466,-4.666990823507347e-05,1.1237711099371142e-05
523,3,1-4,adjust,0.0007393541482182996,-8.810866365743012e-06,4.839132076358968e-05
523,6,1-5,adjust,-7.328471551149342e-05,-1.2921305805898314e-07,0.00012626478530147105
523,7,1-5,adjust,-0.0,-0.0,0.00010352947935253482
523,8,1-5,adjust,-0.0,-0.0,9.061787475157816e-05
523,9,1-5,adjust,-0.0010681709181389202,-2.9344002987310515e-05,5.5654112445952756e-05
524,2,1-7,adjust,-0.0016986344775069906,4.666990823506351e-05,8.425632336621931e-05
524,3,1-7,adjust,-0.0007393541482126586,8.810866365774686e-06,0.00014274560570076797
524,4,1-7,adjust,-0.0,-0.0,0.00010799610563967409
524,5,1-7,adjust,-0.0,-0.0,0.0001318926025884016
524,6,1-7,adjust,7.328471549272206e-05,1.292130581422472e-07,0.00014638291763320293
524,9,1-8,adjust,0.0010681709181304356,2.9344002987860074e-05,7.880427724546075e-07
525,2,1-4,adjust,0.0016986344775046466,-4.666990823507347e-05,1.1237711099371142e-05
525,3,1-4,adjust,0.0007393541482060874,-8.810866365671475e-06,4.839132076301279e-05
525,6,1-5,adjust,-7.328471551149342e-05,-1.2921305805898314e-07,0.00012626478530147105
525,7,1-5,adjust,-0.0,-0.0,0.00010352947935253482
525,8,1-5,adjust,-0.0,-0.0,9.061787475157816e-05
525,9,1-5,adjust,-0.0010681709181370235,-2.9344002987424783e-05,5.565411244660977e-05
526,2,1-7,adjust,-0.0016986344775069906,4.666990823506351e-05,8.425632336621931e-05
526,3,1-7,adjust,-0.0007393541481842569,8.810866365269666e-06,0.00014274560570054362
526,4,1-7,adjust,-0.0,-0.0,0.00010799610563967409
526,5,1-7,adjust,-0.0,-0.0,0.0001318926025884016
526,6,1-7,adjust,7.328471549272206e-05,1.292130581422472e-07,0.00014638291763320293
526,9,1-8,adjust,0.00106817091811562,2.9344002987083006e-05,7.8804277181362e-07
527,2,1-4,adjust,0.0016986344775046466,-4.666990823507347e-05,1.1237711099371142e-05
527,3,1-4,adjust,0.0007393541482060874,-8.810866365671475e-06,4.839132076378197e-05
527,6,1-5,adjust,-7.328471551149342e-05,-1.2921305805898314e-07,0.00012626478530147105
527,7,1-5,adjust,-0.0,-0.0,0.00010352947935253482
527,8,1-5,adjust,-0.0,-0.0,9.061787475157816e-05
527,9,1-5,adjust,-0.0010681709181442993,-2.9344002987615542e-05,5.565411244601686e-05
528,2,1-7,adjust,-0.0016986344775069906,4.666990823506351e-05,8.425632336621931e-05
528,3,1-7,adjust,-0.0007393541482207737,8.810866365982416e-06,0.00014274560570113652
528,4,1-7,adjust,-0.0,-0.0,0.00010799610563967409
528,5,1-7,adjust,-0.0,-0.0,0.0001318926025884016
528,6,1-7,adjust,7.328471549272206e-05,1.292130581422472e-07,0.00014638291763320293
528,9,1-8,adjust,0.0010681709181533327,2.9344002987527037e-05,7.880427713328792e-07
529,2,1-4,adjust,0.0016986344775046466,-4.666990823507347e-05,1.1237711099371142e-05
529,3,1-4,adjust,0.0007393541482182996,-8.810866365743012e-06,4.839132076358968e-05
529,6,1-5,adjust,-7.328471551149342e-05,-1.2921305805898314e-07,0.00012626478530147105
529,7,1-5,adjust,-0.0,-0.0,0.00010352947935253482
529,8,1-5,adjust,-0.0,-0.0,9.061787475157816e-05
529,9,1-5,adjust,-0.0010681709181389202,-2.9344002987310515e-05,5.5654112445952756e-05
530,2,1-7,adjust,-0.0016986344775069906,4.666990823506351e-05,8.425632336621931e-05
530,3,1-7,adjust,-0.0007393541482126586,8.810866365774686e-06,0.00014274560570076797
530,4,1-7,adjust,-0.0,-0.0,0.00010799610563967409
530,5,1-7,adjust,-0.0,-0.0,0.0001318926025884016
530,6,1-7,adjust,7.328471549272206e-05,1.292130581422472e-07,0.00014638291763320293
530,9,1-8,adjust,0.0010681709181304356,2.9344002987860074e-05,7.880427724546075e-07
531,2,1-4,adjust,0.0016986344775046466,-4.666990823507347e-05,1.1237711099371142e-05
531,3,1-4,adjust,0.0007393541482060874,-8.810866365671475e-06,4.839132076301279e-05
531,6,1-5,adjust,-7.328471551149342e-05,-1.2921305805898314e-07,0.00012626478530147105
531,7,1-5,adjust,-0.0,-0.0,0.00010352947935253482
531,8,1-5,adjust,-0.0,-0.0,9.061787475157816e-05
531,9,1-5,adjust,-0.0010681709181370235,-2.9344002987424783e-05,5.565411244660977e-05
532,2,1-7,adjust,-0.0016986344775069906,4.666990823506351e-05,8.425632336621931e-05
532,3,1-7,adjust,-0.0007393541481842569,8.810866365269666e-06,0.00014274560570054362
532,4,1-7,adjust,-0.0,-0.0,0.00010799610563967409
532,5,1-7,adjust,-0.0,-0.0,0.0001318926025884016
532,6,1-7,adjust,7.328471549272206e-05,1.292130581422472e-07,0.00014638291763320293
532,9,1-8,adjust,0.00106817091811562,2.9344002987083006e-05,7.8804277181362e-07
533,2,1-4,adjust,0.0016986344775046466,-4.666990823507347e-05,1.1237711099371142e-05
533,3,1-4,adjust,0.0007393541482060874,-8.810866365671475e-06,4.839132076378197e-05
533,6,1-5,adjust,-7.328471551149342e-05,-1.2921305805898314e-07,0.00012626478530147105
533,7,1-5,adjust,-0.0,-0.0,0.00010352947935253482
533,8,1-5,adjust,-0.0,-0.0,9.061787475157816e-05
533,9,1-5,adjust,-0.0010681709181442993,-2.9344002987615542e-05,5.565411244601686e-05
534,2,1-7,adjust,-0.0016986344775069906,4.666990823506351e-05,8.425632336621931e-05
534,3,1-7,adjust,-0.0007393541482207737,8.810866365982416e-06,0.00014274560570113652
534,4,1-7,adjust,-0.0,-0.0,0.00010799610563967409
534,5,1-7,adjust,-0.0,-0.0,0.0001318926025884016
534,6,1-7,adjust,7.328471549272206e-05,1.292130581422472e-07,0.00014638291763320293
534,9,1-8,adjust,0.0010681709181533327,2.9344002987527037e-05,7.880427713328792e-07
535,2,1-4,adjust,0.0016986344775046466,-4.666990823507347e-05,1.1237711099371142e-05
535,3,1-4,adjust,0.0007393541482182996,-8.810866365743012e-06,4.839132076358968e-05
535,6,1-5,adjust,-7.328471551149342e-05,-1.2921305805898314e-07,0.00012626478530147105
535,7,1-5,adjust,-0.0,-0.0,0.00010352947935253482
535,8,1-5,adjust,-0.0,-0.0,9.061787475157816e-05
535,9,1-5,adjust,-0.0010681709181389202,-2.9344002987310515e-05,5.5654112445952756e-05
536,2,1-7,adjust,-0.0016986344775069906,4.666990823506351e-05,8.425632336621931e-05
536,3,1-7,adjust,-0.0007393541482126586,8.810866365774686e-06,0.00014274560570076797
536,4,1-7,adjust,-0.0,-0.0,0.00010799610563967409
536,5,1-7,adjust,-0.0,-0.0,0.0001318926025884016
536,6,1-7,adjust,7.328471549272206e-05,1.292130581422472e-07,0.00014638291763320293
536,9,1-8,adjust,0.0010681709181304356,2.9344002987860074e-05,7.880427724546075e-07
537,2,1-4,adjust,0.0016986344775046466,-4.666990823507347e-05,1.1237711099371142e-05
537,3,1-4,adjust,0.0007393541482060874,-8.810866365671475e-06,4.839132076301279e-05
537,6,1-5,adjust,-7.328471551149342e-05,-1.2921305805898314e-07,0.00012626478530147105
537,7,1-5,adjust,-0.0,-0.0,0.00010352947935253482
537,8,1-5,adjust,-0.0,-0.0,9.061787475157816e-05
537,9,1-5,adjust,-0.0010681709181370235,-2.9344002987424783e-05,5.565411244660977e-05
538,2,1-7,adjust,-0.0016986344775069906,4.666990823506351e-05,8.425632336621931e-05
538,3,1-7,adjust,-0.0007393541481842569,8.810866365269666e-06,0.00014274560570054362
538,4,1-7,adjust,-0.0,-0.0,0.00010799610563967409
538,5,1-7,adjust,-0.0,-0.0,0.0001318926025884016
538,6,1-7,adjust,7.328471549272206e-05,1.292130581422472e-07,0.00014638291763320293
538,9,1-8,adjust,0.00106817091811562,2.9344002987083006e-05,7.8804277181362e-07
539,2,1-4,adjust,0.0016986344775046466,-4.666990823507347e-05,1.1237711099371142e-05
539,3,1-4,adjust,0.0007393541482060874,-8.810866365671475e-06,4.839132076378197e-05
539,6,1-5,adjust,-7.328471551149342e-05,-1.2921305805898314e-07,0.00012626478530147105
539,7,1-5,adjust,-0.0,-0.0,0.00010352947935253482
539,8,1-5,adjust,-0.0,-0.0,9.061787475157816e-05
539,9,1-5,adjust,-0.0010681709181442993,-2.9344002987615542e-05,5.565411244601686e-05
540,2,1-7,adjust,-0.0016986344775069906,4.666990823506351e-05,8.425632336621931e-05
540,3,1-7,adjust,-0.0007393541482207737,8.810866365982416e-06,0.00014274560570113652
540,4,1-7,adjust,-0.0,-0.0,0.00010799610563967409
540,5,1-7,adjust,-0.0,-0.0,0.0001318926025884016
540,6,1-7,adjust,7.328471549272206e-05,1.292130581422472e-07,0.00014638291763320293
540,9,1-8,adjust,0.0010681709181533327,2.9344002987527037e-05,7.880427713328792e-07
541,2,1-4,adjust,0.0016986344775046466,-4.666990823507347e-05,1.1237711099371142e-05
541,3,1-4,adjust,0.0007393541482182996,-8.810866365743012e-06,4.839132076358968e-05
541,6,1-5,adjust,-7.328471551149342e-05,-1.2921305805898314e-07,0.00012626478530147105
541,7,1-5,adjust,-0.0,-0.0,0.00010352947935253482
541,8,1-5,adjust,-0.0,-0.0,9.061787475157816e-05
541,9,1-5,adjust,-0.0010681709181389202,-2.9344002987310515e-05,5.5654112445952756e-05
542,2,1-7,adjust,-0.0016986344775069906,4.666990823506351e-05,8.425632336621931e-05
542,3,1-7,adjust,-0.0007393541482126586,8.810866365774686e-06,0.00014274560570076797
542,4,1-7,adjust,-0.0,-0.0,0.00010799610563967409
542,5,1-7,adjust,-0.0,-0.0,0.0001318926025884016
542,6,1-7,adjust,7.328471549272206e-05,1.292130581422472e-07,0.00014638291763320293
542,9,1-8,adjust,0.0010681709181304356,2.9344002987860074e-05,7.880427724546075e-07
543,2,1-4,adjust,0.0016986344775046466,-4.666990823507347e-05,1.1237711099371142e-05
543,3,1-4,adjust,0.0007393541482060874,-8.810866365671475e-06,4.839132076301279e-05
543,6,1-5,adjust,-7.328471551149342e-05,-1.2921305805898314e-07,0.00012626478530147105
543,7,1-5,adjust,-0.0,-0.0,0.00010352947935253482
543,8,1-5,adjust,-0.0,-0.0,9.061787475157816e-05
543,9,1-5,adjust,-0.0010681709181370235,-2.9344002987424783e-05,5.565411244660977e-05
544,2,1-7,adjust,-0.0016986344775069906,4.666990823506351e-05,8.425632336621931e-05
544,3,1-7,adjust,-0.0007393541481842569,8.810866365269666e-06,0.00014274560570054362
544,4,1-7,adjust,-0.0,-0.0,0.00010799610563967409
544,5,1-7,adjust,-0.0,-0.0,0.0001318926025884016
544,6,1-7,adjust,7.328471549272206e-05,1.292130581422472e-07,0.00014638291763320293
544,9,1-8,adjust,0.00106817091811562,2.9344002987083006e-05,7.8804277181362e-07
545,2,1-4,adjust,0.0016986344775046466,-4.666990823507347e-05,1.1237711099371142e-05
545,3,1-4,adjust,0.0007393541482060874,-8.810866365671475e-06,4.839132076378197e-05
545,6,1-5,adjust,-7.328471551149342e-05,-1.2921305805898314e-07,0.00012626478530147105
545,7,1-5,adjust,-0.0,-0.0,0.00010352947935253482
545,8,1-5,adjust,-0.0,-0.0,9.061787475157816e-05
545,9,1-5,adjust,-0.0010681709181442993,-2.9344002987615542e-05,5.565411244601686e-05
546,2,1-7,adjust,-0.0016986344775069906,4.666990823506351e-05,8.425632336621931e-05
546,3,1-7,adjust,-0.0007393541482207737,8.810866365982416e-06,0.00014274560570113652
546,4,1-7,adjust,-0.0,-0.0,0.00010799610563967409
546,5,1-7,adjust,-0.0,-0.0,0.0001318926025884016
546,6,1-7,adjust,7.328471549272206e-05,1.292130581422472e-07,0.00014638291763320293
546,9,1-8,adjust,0.0010681709181533327,2.9344002987527037e-05,7.880427713328792e-07
547,2,1-4,adjust,0.0016986344775046466,-4.666990823507347e-05,1.1237711099371142e-05
547,3,1-4,adjust,0.0007393541482182996,-8.810866365743012e-06,4.839132076358968e-05
547,6,1-5,adjust,-7.328471551149342e-05,-1.2921305805898314e-07,0.00012626478530147105
547,7,1-5,adjust,-0.0,-0.0,0.00010352947935253482
547,8,1-5,adjust,-0.0,-0.0,9.061787475157816e-05
547,9,1-5,adjust,-0.0010681709181389202,-2.9344002987310515e-05,5.5654112445952756e-05
548,2,1-7,adjust,-0.0016986344775069906,4.666990823506351e-05,8.425632336621931e-05
548,3,1-7,adjust,-0.0007393541482126586,8.810866365774686e-06,0.00014274560570076797
548,4,1-7,adjust,-0.0,-0.0,0.00010799610563967409
548,5,1-7,adjust,-0.0,-0.0,0.0001318926025884016
548,6,1-7,adjust,7.328471549272206e-05,1.292130581422472e-07,0.00014638291763320293
548,9,1-8,adjust,0.0010681709181304356,2.9344002987860074e-05,7.880427724546075e-07
549,2,1-4,adjust,0.0016986344775046466,-4.666990823507347e-05,1.1237711099371142e-05
549,3,1-4,adjust,0.0007393541482060874,-8.810866365671475e-06,4.839132076301279e-05
549,6,1-5,adjust,-7.328471551149342e-05,-1.2921305805898314e-07,0.00012626478530147105
549,7,1-5,adjust,-0.0,-0.0,0.00010352947935253482
549,8,1-5,adjust,-0.0,-0.0,9.061787475157816e-05
549,9,1-5,adjust,-0.0010681709181370235,-2.9344002987424783e-05,5.565411244660977e-05
550,2,1-7,adjust,-0.0016986344775069906,4.666990823506351e-05,8.425632336621931e-05
550,3,1-7,adjust,-0.0007393541481842569,8.810866365269666e-06,0.00014274560570054362
550,4,1-7,adjust,-0.0,-0.0,0.00010799610563967409
550,5,1-7,adjust,-0.0,-0.0,0.0001318926025884016
550,6,1-7,adjust,7.328471549272206e-05,1.292130581422472e-07,0.00014638291763320293
550,9,1-8,adjust,0.00106817091811562,2.9344002987083006e-05,7.8804277181362e-07
551,2,1-4,adjust,0.0016986344775046466,-4.666990823507347e-05,1.1237711099371142e-05
551,3,1-4,adjust,0.0007393541482060874,-8.810866365671475e-06,4.839132076378197e-05
551,6,1-5,adjust,-7.328471551149342e-05,-1.2921305805898314e-07,0.00012626478530147105
551,7,1-5,adjust,-0.0,-0.0,0.00010352947935253482
551,8,1-5,adjust,-0.0,-0.0,9.061787475157816e-05
551,9,1-5,adjust,-0.0010681709181442993,-2.9344002987615542e-05,5.565411244601686e-05
552,2,1-7,adjust,-0.0016986344775069906,4.666990823506351e-05,8.425632336621931e-05
552,3,1-7,adjust,-0.0007393541482207737,8.810866365982416e-06,0.00014274560570113652
552,4,1-7,adjust,-0.0,-0.0,0.00010799610563967409
552,5,1-7,adjust,-0.0,-0.0,0.0001318926025884016
552,6,1-7,adjust,7.328471549272206e-05,1.292130581422472e-07,0.00014638291763320293
552,9,1-8,adjust,0.0010681709181533327,2.9344002987527037e-05,7.880427713328792e-07
553,2,1-4,adjust,0.0016986344775046466,-4.666990823507347e-05,1.1237711099371142e-05
553,3,1-4,adjust,0.0007393541482182996,-8.810866365743012e-06,4.839132076358968e-05
553,6,1-5,adjust,-7.328471551149342e-05,-1.2921305805898314e-07,0.00012626478530147105
553,7,1-5,adjust,-0.0,-0.0,0.00010352947935253482
553,8,1-5,adjust,-0.0,-0.0,9.061787475157816e-05
553,9,1-5,adjust,-0.0010681709181389202,-2.9344002987310515e-05,5.5654112445952756e-05
554,2,1-7,adjust,-0.0016986344775069906,4.666990823506351e-05,8.425632336621931e-05
554,3,1-7,adjust,-0.0007393541482126586,8.810866365774686e-06,0.00014274560570076797
554,4,1-7,adjust,-0.0,-0.0,0.00010799610563967409
554,5,1-7,adjust,-0.0,-0.0,0.0001318926025884016
554,6,1-7,adjust,7.328471549272206e-05,1.292130581422472e-07,0.00014638291763320293
554,9,1-8,adjust,0.0010681709181304356,2.9344002987860074e-05,7.880427724546075e-07
555,2,1-4,adjust,0.0016986344775046466,-4.666990823507347e-05,1.1237711099371142e-05
555,3,1-4,adjust,0.0007393541482060874,-8.810866365671475e-06,4.839132076301279e-05
555,6,1-5,adjust,-7.328471551149342e-05,-1.2921305805898314e-07,0.00012626478530147105
555,7,1-5,adjust,-0.0,-0.0,0.00010352947935253482
555,8,1-5,adjust,-0.0,-0.0,9.061787475157816e-05
555,9,1-5,adjust,-0.0010681709181370235,-2.9344002987424783e-05,5.565411244660977e-05
556,2,1-7,adjust,-0.0016986344775069906,4.666990823506351e-05,8.425632336621931e-05
556,3,1-7,adjust,-0.0007393541481842569,8.810866365269666e-06,0.00014274560570054362
556,4,1-7,adjust,-0.0,-0.0,0.00010799610563967409
556,5,1-7,adjust,-0.0,-0.0,0.0001318926025884016
556,6,1-7,adjust,7.328471549272206e-05,1.292130581422472e-07,0.00014638291763320293
556,9,1-8,adjust,0.00106817091811562,2.9344002987083006e-05,7.8804277181362e-07
557,2,1-4,adjust,0.0016986344775046466,-4.666990823507347e-05,1.1237711099371142e-05
557,3,1-4,adjust,0.0007393541482060874,-8.810866365671475e-06,4.839132076378197e-05
557,6,1-5,adjust,-7.328471551149342e-05,-1.2921305805898314e-07,0.00012626478530147105
557,7,1-5,adjust,-0.0,-0.0,0.00010352947935253482
557,8,1-5,adjust,-0.0,-0.0,9.061787475157816e-05
557,9,1-5,adjust,-0.0010681709181442993,-2.9344002987615542e-05,5.565411244601686e-05
558,2,1-7,adjust,-0.0016986344775069906,4.666990823506351e-05,8.425632336621931e-05
558,3,1-7,adjust,-0.0007393541482207737,8.810866365982416e-06,0.00014274560570113652
558,4,1-7,adjust,-0.0,-0.0,0.00010799610563967409
558,5,1-7,adjust,-0.0,-0.0,0.0001318926025884016
558,6,1-7,adjust,7.328471549272206e-05,1.292130581422472e-07,0.00014638291763320293
558,9,1-8,adjust,0.0010681709181533327,2.9344002987527037e-05,7.880427713328792e-07
559,2,1-4,adjust,0.0016986344775046466,-4.666990823507347e-05,1.1237711099371142e-05
559,3,1-4,adjust,0.0007393541482182996,-8.810866365743012e-06,4.839132076358968e-05
559,6,1-5,adjust,-7.328471551149342e-05,-1.2921305805898314e-07,0.00012626478530147105
559,7,1-5,adjust,-0.0,-0.0,0.00010352947935253482
559,8,1-5,adjust,-0.0,-0.0,9.061787475157816e-05
559,9,1-5,adjust,-0.0010681709181389202,-2.9344002987310515e-05,5.5654112445952756e-05
560,2,1-7,adjust,-0.0016986344775069906,4.666990823506351e-05,8.425632336621931e-05
560,3,1-7,adjust,-0.0007393541482126586,8.810866365774686e-06,0.00014274560570076797
560,4,1-7,adjust,-0.0,-0.0,0.00010799610563967409
560,5,1-7,adjust,-0.0,-0.0,0.0001318926025884016
560,6,1-7,adjust,7.328471549272206e-05,1.292130581422472e-07,0.00014638291763320293
560,9,1-8,adjust,0.0010681709181304356,2.9344002987860074e-05,7.880427724546075e-07
