slot,receiver_id,selected_pair,status,radial_command_m,angular_command_rad,consistency_rad
1,2,1-4,adjust,5.0,-0.03490658503988659,0.09951658605560917
1,3,1-4,adjust,5.0,-0.03490658503988659,0.17411401420082145
1,6,1-5,adjust,-5.0,-0.006366554535159219,0.14773723623166055
1,7,1-5,adjust,-5.0,-0.01579050645667277,0.0771281489432891
1,8,1-5,adjust,2.6816933030452685,-0.015292912338550053,0.03058801938014323
1,9,1-5,adjust,-4.224216441169524,-0.008004241257369508,0.011034446295691728
2,2,1-7,adjust,4.6295005427361025,0.013208256302956902,0.004649942995255859
2,3,1-7,adjust,-4.007467693215467,0.024008523622587388,0.006158553195198097
2,4,1-7,adjust,-5.0,-0.0037930830404223365,0.006707908063846169
2,5,1-7,adjust,2.956333373374259,0.0005972714477767561,0.009377235268653967
2,6,1-7,adjust,-0.7907928963163385,0.003218233995754458,0.01209058908335524
2,9,1-8,adjust,-0.5959350487661524,-0.015080625942878307,0.003856421026302219
3,2,1-4,adjust,1.0517088140800774,-0.030710797225918032,0.054725595627668905
3,3,1-4,adjust,3.1935690028998267,-0.03490658503988659,0.08699610747798356
3,6,1-5,adjust,0.9641314612855033,0.0027935722986611455,0.061776685185772826
3,7,1-5,adjust,1.488842977215979,0.01213211056302716,0.02988008358134992
3,8,1-5,adjust,0.9472983821803368,0.01246219814841832,0.0077763526366811005
3,9,1-5,adjust,0.7562986352368075,0.021579848743015398,0.01078689243808491
4,2,1-7,adjust,-1.7954187998338742,0.03490658503988659,0.00037941987093596796
4,3,1-7,adjust,-3.7325626762784267,0.03490658503988659,0.0007504068944286025
4,4,1-7,adjust,-5.0,0.002147943880289948,1.746247934239565e-05
4,5,1-7,adjust,0.36419721184152726,-0.0007931978499131199,0.0005844154681491812
4,6,1-7,adjust,0.20278530633100553,-0.00023935958959338556,0.0017215796000439047
4,9,1-8,adjust,-0.07765031096345722,-0.0019249891424144325,0.0017417384561463115
5,2,1-4,adjust,0.28592518855859184,0.004842405997261589,0.009092247991152798
5,3,1-4,adjust,0.5551915217365154,0.0029074195516429037,0.013951758642715412
5,6,1-5,adjust,0.14531498857762426,0.00010591141891570307,0.009992774389224086
5,7,1-5,adjust,0.1660260750757904,0.0010848004575401144,0.005666645204054781
5,8,1-5,adjust,0.023691958536758397,0.000588277288094749,0.0014855483771936023
5,9,1-5,adjust,0.03331254486791976,0.0011578666735445687,0.0015558064492392245
6,2,1-7,adjust,-0.32581124650776816,0.00883390674426534,0.00045149637834446255
6,3,1-7,adjust,-0.5768483080242859,0.00637111659788624,0.0009728950843612714
6,4,1-7,adjust,-0.9783306375143068,-0.0004040669351329332,4.209341609746748e-05
6,5,1-7,adjust,-0.00357923916073443,-0.0004785900214586186,0.00013197137971752586
6,6,1-7,adjust,0.002893476935535789,-6.463939998221752e-05,0.00021864957536775495
6,9,1-8,adjust,0.0008444398711542778,-0.0006925837263206351,0.00025315232645036585
7,2,1-4,adjust,-0.000469550941977157,-0.00017589556168301016,0.00021625450320462161
7,3,1-4,adjust,-0.07910518707074041,0.001796227226892749,0.00018349579852316574
7,6,1-5,adjust,-0.018456868027627683,0.0007060770428945608,1.551549842713248e-05
7,7,1-4,adjust,-0.03509671931530862,0.0002594299726426411,1.3562686602895244e-05
7,8,1-5,adjust,0.026142635614939933,-0.00033923027371712144,0.0003462638241234436
7,9,1-5,adjust,0.00023733872225377707,-0.0004213016417455617,0.00010384262617883846
8,2,1-7,adjust,0.0292955682633774,-0.00010292789188512333,0.0005766533584336801
8,3,1-7,adjust,-0.0419181168066945,0.0004111626276155306,0.0006278501698513482
8,4,1-7,adjust,-0.00441765872260777,-7.727193632255526e-05,0.0003234827657837678
8,5,1-7,adjust,-0.0032492789501755237,-0.00024113274018790852,0.000621172123849448
8,6,1-7,adjust,-0.01241136297916508,-0.0006671990486920118,0.00044413523529546173
8,9,1-8,adjust,-0.004047640044517445,0.0006081220054805379,0.0005122981192762986
9,2,1-4,adjust,-0.02188603233803626,0.0003101591431032472,3.770093004470632e-05
9,3,1-4,adjust,0.03303614260626176,-0.0009135650268005378,0.00038726653478169624
9,6,1-5,adjust,0.009547003218820488,0.0003277430787585691,0.0004934275017954776
9,7,1-5,adjust,0.0021304483218593678,-0.000181243939122221,0.0002112521805828917
9,8,1-5,adjust,-0.09598152882539458,0.00032660829089844654,0.00036864893976088674
9,9,1-5,adjust,0.024694988479063963,-0.0001890926932870437,0.0007813195541861905
10,2,1-7,adjust,0.032426080790377974,-0.0005855799656721386,0.00012102538679848722
10,3,1-7,adjust,-0.00120789516023428,-0.0002497147876471778,0.00018062805457554962
10,4,1-7,adjust,0.0029763920462663523,0.0003516939557949064,0.0003819448760354985
10,5,1-7,adjust,0.00946022259420174,0.0009828370926805315,0.00039640984670299067
10,6,1-7,adjust,-0.0020871193163081204,0.0004473479157629999,0.00020453269489465777
10,9,1-8,adjust,-0.07405427771959106,-0.001080558986279061,0.0010171608802501332
11,2,1-4,adjust,-0.023298382677132454,0.0001225255893279375,0.0003895853801203862
11,3,1-4,adjust,0.004802923906060875,-0.00034846376229374183,0.001435348471851714
11,6,1-5,adjust,0.020162933494467607,-0.0001141643747030027,2.091386841638366e-05
11,7,1-5,adjust,0.0982254477479496,4.172127913776188e-05,0.0005422719943680832
11,8,1-5,adjust,0.08005041068444464,0.0005537579283596856,0.0006734149400633508
11,9,1-5,adjust,0.0625381958059504,0.0016839150100212848,0.0002060455812222073
12,2,1-7,adjust,-0.034982376005768506,0.00019846839023467296,2.8307188053433765e-05
12,3,1-7,adjust,0.025573242840642753,8.268499101586025e-05,0.000941420602548473
12,4,1-7,adjust,0.09847119135050637,-0.00014348560625403604,0.000728313972714127
12,5,1-7,adjust,0.08992537645777854,-0.0016067007892629998,0.0009765077533317798
12,6,1-7,adjust,0.06056072064953267,-0.0007529568857145985,0.0014236521053021364
12,9,1-8,adjust,-0.0011757817377660287,0.00010800031955181553,0.00033367401139401583
13,2,1-4,adjust,0.06113048097809438,-0.0007882545387183905,0.00038871238489104724
13,3,1-4,adjust,0.015799898140014052,-0.0007162317578888451,0.0002019243277432014
13,6,1-5,adjust,-0.059195880792712714,0.0008059420546464507,0.0008231431966818679
13,7,1-5,adjust,-0.08229098406578038,-0.0004401199474709107,0.00042926046777775527
13,8,1-5,adjust,-0.032143435512091964,-0.0007303087073050424,0.0004275315116993181
13,9,1-5,adjust,-0.02074880044509371,-0.000919903973130108,0.0001681698710668768
14,2,1-7,adjust,0.005893362015583336,-0.0006881936501024,0.0006720152417265583
14,3,1-7,adjust,-0.04753229736509843,0.0009998570667006249,0.00030338838739200067
14,4,1-7,adjust,-0.04243439448065025,0.00018791129624510242,0.0002953005386588802
14,5,1-7,adjust,-0.027296661743666555,0.0009522685270038551,0.0004404621065333634
14,6,1-7,adjust,-0.026913563626801855,0.00018891129164523725,0.0003253029582568556
14,9,1-8,adjust,-0.010984928815182265,-3.0159318550204065e-05,0.0007041601191898183
15,2,1-4,adjust,-0.029596308568435217,0.001037712486358996,0.00026251798482168973
15,3,1-4,adjust,0.03804408540109554,-0.0007940337131651032,0.0001753455734022336
15,6,1-5,adjust,0.061805499356490476,-0.0003614066866528431,3.3597412456959066e-05
15,7,1-5,adjust,0.07582768396257064,0.00042484552925418494,0.00038469210905546535
15,8,1-5,adjust,0.013046022377917799,-0.00027943532705144834,0.00046681673483096674
15,9,1-5,adjust,0.03388674847225973,0.0006276478737653377,0.0002519348471666982
16,2,1-7,adjust,0.005984053219439958,0.0003182632720483067,0.0008384640424859861
16,3,1-7,adjust,-0.06301916597975057,0.0005504918984305081,0.0002995549265462262
16,4,1-7,adjust,0.03872115054776726,-0.0007120404837387756,0.0002426860071550147
16,5,1-7,adjust,0.040654656357548426,-0.0006501317160351203,0.00029426671481526623
16,6,1-7,adjust,0.0008357590169447772,-0.0006883067051156221,0.0005388208288177556
16,9,1-8,adjust,-0.007741823042138692,-0.000300659714546599,0.00029482161549184457
17,2,1-4,adjust,0.02495489716839269,-0.0015066566739804757,0.0005597952940260842
17,3,1-4,adjust,0.10410256718684541,-0.0010567127977873054,0.00015674440745039678
17,6,1-5,adjust,0.017738678267533788,0.0004776640901626608,0.00048666991515069227
17,7,1-5,adjust,-0.025033798206387833,0.000676004040470609,0.0005452905864540505
17,8,1-5,adjust,0.050679890148240286,3.4567698345265936e-05,0.0008234092836750226
17,9,1-5,adjust,-0.03202219480834347,-0.00041347997630606937,0.0002801140242279079
18,2,1-7,adjust,-0.06261058839258082,0.0017121583760846175,0.0008798883093318963
18,3,1-7,adjust,-0.07454262608079597,0.0018226779936957504,0.0003461166223295492
18,4,1-7,adjust,-0.07272417988352489,0.0007958165200939811,0.00036680723926955575
18,5,1-7,adjust,-0.10659763085180013,0.0009157489717073277,0.00042612407903574567
18,6,1-7,adjust,-0.04568051307798358,0.0001182027394393486,0.0010479971843778367
18,9,1-8,adjust,0.03357460597520013,0.00017141899530774275,0.0009770449926410538
19,2,1-4,adjust,0.020368773598756582,0.00020249581012028457,0.0005335435103109001
19,3,1-5,adjust,-0.006452539631845638,-0.0001509793770858435,4.789892567953522e-05
19,6,1-5,adjust,-0.01909920119098877,-0.0007144438850289366,5.688479454382762e-05
19,7,1-5,adjust,-0.02435857061263982,4.645627003293555e-05,0.00048086283627821294
19,8,1-5,adjust,-0.01728963550209465,0.00012625352527686928,0.0002627461634830999
19,9,1-5,adjust,-0.006444745501269065,0.0008143958394694825,0.0002545519428727297
20,2,1-7,adjust,-0.00798002519963223,-3.251722789290606e-05,0.00023118164007576158
20,3,1-7,adjust,-0.01839311683773946,-0.0005807734580403871,0.00041079908045004495
20,4,1-7,adjust,-0.00883257426344564,-0.00010400431541710982,7.760768966801142e-05
20,5,1-7,adjust,-0.033386870567757576,-0.0003865181298699812,0.0006134902116008731
20,6,1-7,adjust,-0.029947514033369885,-0.0005989916874286698,0.00028010629707789724
20,9,1-8,adjust,0.005893284286208461,-0.00011816253186360275,0.0008630104135064882
21,2,1-4,adjust,0.02914715368725985,-0.000998343397645347,0.0001346543998579795
21,3,1-4,adjust,0.02382665263438921,0.000694220314792258,0.00012872095870106913
21,6,1-5,adjust,-0.04653983665266308,0.001392747486644729,0.0011273922373278929
21,7,1-5,adjust,0.01731011034913356,-0.0012601875719155493,0.00043067020478137374
21,8,1-5,adjust,-0.05900902995551538,-0.001217643318411171,0.0005614540268851389
21,9,1-5,adjust,-0.02771270888755948,-0.0006168855166308286,0.0005761159155405389
22,2,1-7,adjust,0.007915122041440814,-0.00013749922331380573,0.0007482648624805317
22,3,1-7,adjust,0.06305363952630774,-0.0006458001318157324,0.000612923279945713
22,4,1-7,adjust,0.04531773376444547,-0.0005474412564745547,0.0006587004596693792
22,5,1-7,adjust,0.045999119076484046,-0.0012203881686116665,0.00033386250374273474
22,6,1-7,adjust,0.1464373896096003,1.891311269319721e-05,0.0002664953678027625
22,9,1-8,adjust,-0.019062001133643623,-0.0008003926294296283,0.0006272833755083033
23,2,1-4,adjust,0.0031007999975341317,-0.00014743247238539693,0.0005485811275927478
23,3,1-4,adjust,-0.03862701138428819,0.00017050922859272892,0.0006284486062781056
23,6,1-5,adjust,-0.09218074527832132,-0.00040552943559387435,0.0008540471418098388
23,7,1-4,adjust,-0.10806117206396693,0.0006700557058546,7.853885837168588e-05
23,8,1-5,adjust,-0.01818949412732949,0.0002860431123733105,0.0009177567117408265
23,9,1-5,adjust,-0.0069348974183053155,-0.0007457192673619357,0.0005082667204627772
24,2,1-7,adjust,-0.016115990810218382,0.0006894422578926662,0.0008387067662932223
24,3,1-7,adjust,-0.013561388746746629,0.0003854911094615841,0.001500144146402976
24,4,1-7,adjust,-0.11802928719818703,0.0007894259475490006,0.001762689801557003
24,5,1-7,adjust,-0.024137727938703356,0.0013929345252337191,0.0012324451101051483
24,6,1-7,adjust,-0.03916029026156262,4.002195680582966e-05,0.001396193745888761
24,9,1-8,adjust,-0.003002379018591684,0.0006783009155867212,0.00017103839666456414
25,2,1-4,adjust,-0.02944524624899654,0.0009073776714480068,0.00046138798123883384
25,3,1-4,adjust,-0.08742977507194892,0.0012381554460166816,0.0014186123282962778
25,6,1-5,adjust,0.03386972739382402,0.0003858993689880168,0.0007546977970149712
25,7,1-4,adjust,0.05074849678053843,-0.00015293660502918038,8.720635002071481e-05
25,8,1-5,adjust,0.009366403977941723,0.0013846238963823169,0.00021370856945454508
25,9,1-5,adjust,0.033656598991695444,0.0014269814513029006,0.00020550370452255968
26,2,1-7,adjust,0.03732654178161422,-0.0011002986186790834,0.0002611183094665929
26,3,1-7,adjust,0.06350194116237258,-0.0012821312062520369,6.569138192433023e-05
26,4,1-7,adjust,0.12273837831576785,-0.00039238804214487903,0.0005985099654296644
26,5,1-7,adjust,-0.02821914160879615,-0.0006084148766985684,0.00011238700323905949
26,6,1-7,adjust,-0.03244096668678473,-0.001128228252076525,0.0005942317444870696
26,9,1-8,adjust,0.0012404696754563123,-0.0005942264122726266,0.00026360963776230904
27,2,1-4,adjust,0.009262120954589307,-0.00036057894168709534,0.0005213917664182335
27,3,1-4,adjust,0.06632510162595355,-0.00015687688504602195,0.000559973750171084
27,6,1-5,adjust,-0.004653818106204464,0.0005861509671334395,0.0007698083869782337
27,7,1-5,adjust,-0.005413229190416454,-0.0005520823200577687,0.001058322095707778
27,8,1-5,adjust,0.007281208522153598,-0.0011253966615725865,0.0008183634594679109
27,9,1-5,adjust,0.008992998193542334,0.0001666977191270265,0.0007310783442553435
28,2,1-7,adjust,0.008580101456773126,0.00034447441573452124,0.0008380054914330392
28,3,1-7,adjust,-0.032714786735041586,0.00012211667180324747,0.00043653895179021396
28,4,1-7,adjust,-0.0909228846887043,-0.0007895755195889632,0.0004790789626839539
28,5,1-7,adjust,0.1308438250580708,0.00030424803998309666,3.476731840947327e-05
28,6,1-7,adjust,0.07101226655711675,0.00011217690428090988,0.0002938457812159273
28,9,1-8,adjust,-0.03938420107403189,-0.001289746865345619,0.00045220086442387806
29,2,1-4,adjust,-0.017387155172909213,6.487428202784075e-05,4.021447180954562e-05
29,3,1-4,adjust,-0.018808458509756393,0.0007150875296740353,0.0011137981749814883
29,6,1-5,adjust,0.06225360636830592,-0.00010107917748261575,0.0018091003686959786
29,7,1-5,adjust,0.1328522448562131,0.0010630892493722476,0.0008544972316284838
29,8,1-5,adjust,0.0672513612023619,0.000917514792181079,0.0003158690707352365
29,9,1-5,adjust,0.03346408391688562,0.000531151621125782,0.0010055106979401274
30,2,1-7,adjust,-0.05272419339373698,0.0012491769169085418,0.00027164299605285846
30,3,1-7,adjust,-0.030279516161344264,-0.0018589868916549662,0.0007530926239961111
30,4,1-7,adjust,0.05895673245342869,0.0015323421932113398,0.00019516502845261049
30,5,1-7,adjust,-0.040035660195814685,0.00012409652925741047,0.0001771453262290267
30,6,1-7,adjust,0.05048074158698262,0.0006743230134546775,0.0003658852428387761
30,9,1-8,adjust,0.027013792456066395,0.0012676566674288648,9.144714399615782e-05
31,2,1-4,adjust,0.0350572647409006,-0.0005550152247016561,0.0003294763776545695
31,3,1-5,adjust,0.0227967199540842,0.0007824672339929891,5.5577656156295036e-05
31,6,1-5,adjust,-0.09825770430424642,2.8786357220044657e-05,0.00027210401096472436
31,7,1-5,adjust,-0.0570767677609137,-0.0003388209766832191,9.590835483225428e-05
31,8,1-5,adjust,-0.005811928093970185,-0.00044460395526904546,0.0001277368151880222
31,9,1-5,adjust,-0.0001396917161084703,-0.0002673865644799106,0.0003122164575678858
32,2,1-7,adjust,-0.01096514129960854,0.0002683533758687632,3.353450230997478e-05
32,3,1-7,adjust,0.0373750495983654,1.513020857642747e-05,0.00041327993994783713
32,4,1-7,adjust,-0.021532789797575603,-0.0012464399959111793,3.55351600836733e-06
32,5,1-7,adjust,-0.014739453260120711,-0.00017497063438860015,0.00029581034895986207
32,6,1-7,adjust,-0.022426922866435873,-0.0014889674981174899,0.0002845941693062205
32,9,1-8,adjust,-0.01595401913766351,-0.0003012747679731195,0.0009802992871558284
33,2,1-4,adjust,0.027973200675671963,-0.0017339589742488488,0.000504400734921973
33,3,1-4,adjust,0.00404181681168501,1.257421177611742e-05,0.0004628209760436698
33,6,1-5,adjust,-0.0063761406210621355,0.0015875325849568516,0.0008464548952663233
33,7,1-5,adjust,-0.07919483067878381,0.00031388448674058404,0.00041605862726969134
33,8,1-5,adjust,-0.027063532687661585,-0.0002905569655483297,0.0006810276781864702
33,9,1-5,adjust,-0.03691093941148108,-1.1802704218567844e-05,0.0001534550926526127
34,2,1-7,adjust,-0.022986128655008726,0.0016250816740483976,0.001189298571357002
34,3,1-7,adjust,-0.053395333480551144,0.0015980781839619088,0.0015037072445563797
34,4,1-7,adjust,-0.025172140119067956,0.0005342677705897502,0.00150391307656762
34,5,1-7,adjust,-0.05084068852941952,0.00023487632056912175,0.0007678860753043296
34,6,1-7,adjust,-0.06233784603715644,-0.0010982530185968669,0.0004031025360209266
34,9,1-8,adjust,0.026838006087700796,1.5751433294146275e-05,0.00019000800337611672
35,2,1-4,adjust,0.010007184221960477,-0.00036856894338091814,8.218874135332703e-05
35,3,1-5,adjust,-0.00767995735120597,-0.0015039503161762772,2.6478292092454725e-05
35,6,1-5,adjust,0.044682490652922555,0.0008824755212038064,8.353882124725416e-05
35,7,1-5,adjust,0.0744396726200675,-0.0009274883379744968,0.00032460864798882714
35,8,1-5,adjust,0.012436106805298221,0.0002845637896076281,0.0005097902999598895
35,9,1-5,adjust,0.0013196451913535846,0.00035476629812342185,0.0003157738455815509
36,2,1-7,adjust,0.07670588039488942,-0.00114206504951777,0.0003996255682319161
36,3,1-7,adjust,0.046427081308402306,7.295579051255602e-05,0.0006888154031069896
36,4,1-7,adjust,0.12216985639861466,0.0004517813372734212,8.102418700564854e-05
36,5,1-7,adjust,0.07423463877043163,-0.00012883736686206847,0.00012528284204654436
36,6,1-7,adjust,0.0911900332129018,-0.00022053478359189505,0.0006325458559373438
36,9,1-8,adjust,-0.010009274131803312,-0.0003069154545974498,0.00013940171605281507
37,2,1-4,adjust,-0.07242409658238608,-9.000845086914134e-06,0.0006054999080364025
37,3,1-4,adjust,0.04940508290821996,-0.0002251165365807588,0.0007884371081098094
37,6,1-5,adjust,-0.0031699343495711772,-0.0002090873823932562,0.0010435821315742954
37,7,1-5,adjust,0.028644570885018285,0.00029163710301932574,0.0010788889352755459
37,8,1-5,adjust,0.004831431496856067,0.00013858822809047824,0.0009467435270203917
37,9,1-5,adjust,0.05149956315099654,0.00016689606008748,0.00028225672180146825
38,2,1-7,adjust,0.023588255403299487,0.00095875876428292,0.00013543424902141938
38,3,1-7,adjust,0.033195870463547196,-0.0004597765686435755,4.051917364216912e-05
38,4,1-7,adjust,0.006156505349449576,-0.0015799505539388064,0.0005871562041746958
38,5,1-7,adjust,0.06564793305258919,-0.0005562327465208945,0.00043168023483727803
38,6,1-7,adjust,0.02339670518876831,0.00010127170363714458,0.00023631893891737731
38,9,1-8,adjust,-0.035195214879734565,-0.00021564934077860913,0.000499916991165186
39,2,1-4,adjust,0.012077045472670658,-0.0019917040490340272,0.00030804854783008924
39,3,1-4,adjust,-0.021251419343819744,-0.00012032595585921044,0.00025628869315881254
39,6,1-5,adjust,0.02638863241492866,3.8967879710118514e-05,0.0004539544066991846
39,7,1-5,adjust,-0.005672165987241622,0.0006513664918459112,0.0011647482017295885
39,8,1-5,adjust,0.015308138345834282,0.0008258212322773907,0.0007630184164207925
39,9,1-5,adjust,-0.04104532496881647,-0.0009493529851849261,0.0008659462577419586
40,2,1-7,adjust,-0.04223301772065765,0.002690592250654828,0.0005048781665606602
40,3,1-7,adjust,-0.100537239786171,0.001602045042055769,0.000711988407691955
40,4,1-7,adjust,-0.1287439413083797,0.001055499964988246,0.0009147315289087649
40,5,1-7,adjust,-0.07575640475071281,0.0006884141911885211,0.0005235052923370746
40,6,1-7,adjust,-0.04958125793110574,-8.651842430380456e-05,0.0005945866481503053
40,9,1-8,adjust,0.06292889899715988,0.0019429945108699264,0.0001458575583953858
41,2,1-4,adjust,-0.024570575400066543,-0.000281592473487436,0.0007484807816362952
41,3,1-4,adjust,0.005114017405571584,-0.0014834082070133425,0.0009523896707780159
41,6,1-5,adjust,-0.01204271518283164,-0.0006247287063767843,0.0008387576677322891
41,7,1-5,adjust,-0.020292829157924113,-0.00015135991649659113,0.0006197102906906213
41,8,1-5,adjust,-0.014413609704391636,-0.0006725191732043765,1.0729222579450282e-06
41,9,1-5,adjust,-0.04643597273746877,-0.0011295694250380546,0.0007589376411329477
42,2,1-7,adjust,0.01694981784846321,-0.0002024095831677436,0.0003109151606106894
42,3,1-7,adjust,0.03542561775585101,0.0007808415224192874,3.92372016004226e-05
42,4,1-7,adjust,0.10427541464692369,-0.00039599698237458415,0.0002736340992390985
42,5,1-7,adjust,-0.05568699981831213,-0.0008054299867885446,0.00014531128854165643
42,6,1-7,adjust,-0.05331773793920373,-0.0002837198179555216,4.211379308689155e-05
42,9,1-8,adjust,0.041281451844554784,-0.000160712866121185,0.00033555855428493665
43,2,1-4,adjust,0.03420977195260884,-0.0010942194916173556,0.0005490713599889661
43,3,1-4,adjust,0.060052803646468166,-0.0012559465661676193,0.0005369411745258428
43,6,1-5,adjust,-0.006484463284571255,0.0004681072465038791,0.0012667525236046988
43,7,1-5,adjust,-0.08803737612251476,-0.0012456926859927893,0.0003462288092958475
43,8,1-5,adjust,-0.04365078427927318,-0.0008712256637198143,0.00025944264742463764
43,9,1-5,adjust,-0.05650262465870781,-0.0005865492902079228,2.4878630452400244e-05
44,2,1-7,adjust,0.010905016991216283,0.0007559904036782575,0.0009223145587179404
44,3,1-7,adjust,0.05425077119300294,2.0721370031514006e-05,0.0007696928275151687
44,4,1-7,adjust,0.030208985594556356,-0.00010994133274669485,0.0005020222379424334
44,5,1-7,adjust,0.06824024115921154,0.0019930294034393335,0.0005117102316721823
44,6,1-7,adjust,-0.011762092823878662,-6.881232948697257e-05,0.00017523767525722477
44,9,1-8,adjust,0.0069890818147087695,-0.0005647935732049446,0.0002154445608031177
45,2,1-4,adjust,-0.0014782811624873182,-9.810161338941882e-05,0.001616053141744766
45,3,1-4,adjust,-0.05018246221593848,0.0005721449920607042,0.0019633999109659878
45,6,1-5,adjust,0.09618974046562923,0.0012571061829412464,0.0001826436220382096
45,7,1-5,adjust,0.12965024537082798,0.0014224693297342943,0.0007954078931631424
45,8,1-5,adjust,0.08715281948210175,0.0020606437794288657,0.0010630376102067805
45,9,1-5,adjust,0.09225144926028307,0.002160618529804899,0.0014514223933493606
46,2,1-7,adjust,-0.03179746008789693,0.0008171045543700679,0.0013413952673348394
46,3,1-7,adjust,-0.09585251922327864,0.0014131024780080176,0.0005503341971582358
46,4,1-7,adjust,-0.09805537878679711,0.0006327636455702209,0.0007108461035054827
46,5,1-7,adjust,-0.0405143872557618,-0.0017727781944221308,0.00040673755382046557
46,6,1-7,adjust,-0.0003936548828228312,-0.00030268669789670655,0.00028268960483141285
46,9,1-8,adjust,4.453313329159336e-05,0.0002583920506593156,0.0007048478736017952
47,2,1-4,adjust,-0.006465785029804393,-0.0004642612489515745,2.3297388819710174e-05
47,3,1-4,adjust,0.021052699101467526,-0.0004211500738531823,0.000887166549990142
47,6,1-5,adjust,-0.11389625870883596,-0.0009606755921702387,0.0003764137124073268
47,7,1-5,adjust,-0.0676156357606524,-0.0009664468138056986,0.0006121597009962277
47,8,1-5,adjust,-0.04149790873262868,-0.0006771449259041129,0.0005461369697740563
47,9,1-5,adjust,-0.07466110370830839,-0.0013637985204284526,0.0006459677872495978
48,2,1-7,adjust,0.009019879530558952,-0.00027869596226973614,0.0008717349528230791
48,3,1-7,adjust,0.03126407204239706,-0.0003880083374771129,0.00044939706249521547
48,4,1-7,adjust,0.08726731910638678,7.231712321631613e-05,0.0001260865542760303
48,5,1-7,adjust,0.07986267589613272,0.00022790448239985047,0.000673783675289115
48,6,1-7,adjust,0.055952046203269934,0.000987604704082298,0.0004890462517851412
48,9,1-8,adjust,0.03429586102962517,0.0014424018337772476,0.0011764514159111857
49,2,1-4,adjust,0.005295768449283747,-0.0005478319887039459,0.0004209676742387013
49,3,1-4,adjust,0.016502761878363,-0.0006326342415435302,0.00024756977023764114
49,6,1-5,adjust,0.04371804876248175,-0.0011798445221629353,0.00042503942236437356
49,7,1-4,adjust,0.039837206359009565,0.0007821351160867805,6.0628662159147517e-05
49,8,1-5,adjust,-0.05098309977234368,-0.0008612352226304034,0.0003004185782217077
49,9,1-5,adjust,-0.03312260590172003,-0.0010371666808787203,0.000411002322657701
50,2,1-7,adjust,0.0011746386014405874,0.0008787856358886756,0.0005337766286202407
50,3,1-7,adjust,-0.04127695682066481,0.0011291869799882964,0.00048202572121347904
50,4,1-7,adjust,-0.09037138882282966,-0.00039078124286667673,0.0006390966952895732
50,5,1-7,adjust,-0.06770047502928507,-0.0006532064667379834,0.000183310574553072
50,6,1-7,adjust,-0.005052211540838533,0.00014387441614911812,0.0005833854352967996
50,9,1-8,adjust,0.0029191371674356504,-0.0013191039920327004,0.0011523058406174992
51,2,1-4,adjust,-0.006614572844690219,-0.0002957097503774712,0.0008764322872156576
51,3,1-4,adjust,0.00934991625988726,-0.00028437501799478867,0.0008030825779832217
51,6,1-5,adjust,-0.05989488103067764,0.0006829693568610168,6.398308382144517e-05
51,7,1-5,adjust,-0.11444435007413609,-0.00044525564697615026,0.0005816767282896486
51,8,1-5,adjust,-0.0002784316130200958,-3.522904622663091e-05,0.00018326408749653734
51,9,1-5,adjust,0.00228753410496557,0.001006296553447815,0.00040049080272864
52,2,1-7,adjust,0.006007551687869145,-0.0003696156313959677,0.0005867615718154374
52,3,1-7,adjust,0.029843460319516207,5.7373483246934975e-05,0.00039390734222877747
52,4,1-7,adjust,0.025966102389928913,9.377382381721095e-05,6.716242498404068e-05
52,5,1-7,adjust,-0.013345158689897123,0.0010201873182919246,0.00016793358588366623
52,6,1-7,adjust,-0.05332340219527989,5.5227010639815694e-05,0.0007062959526949798
52,9,1-8,adjust,-0.024541413726139646,-0.0005152129434783777,0.00038438533897085394
53,2,1-4,adjust,-0.007962839391742638,0.000303266684427923,0.00044309088331815385
53,3,1-5,adjust,-0.02716359513824748,0.0001240323360395591,2.368955740038137e-05
53,6,1-5,adjust,0.06449315694142192,-0.0004576983277245827,0.000635634199659058
53,7,1-5,adjust,0.11585595021871864,-0.00037108500421559353,0.0004004958398696569
53,8,1-5,adjust,0.04778633847034661,-0.000441467545669029,2.6436134621790965e-05
53,9,1-5,adjust,0.018645047783103358,0.0008718253604685628,0.00031848308850328456
54,2,1-7,adjust,-0.018852209593947174,0.0007201664158352454,0.0006624831437981646
54,3,1-7,adjust,0.010299624640412938,-0.0015949077827832354,8.185198552179793e-05
54,4,1-7,adjust,0.08552083136541866,-0.000685597751208739,0.0004466231450023096
54,5,1-7,adjust,0.11591062323675616,-0.0006257970948410673,0.00015089829898855224
54,6,1-7,adjust,0.0708571993992376,-0.0003560540042478062,0.0003908704899891546
54,9,1-8,adjust,0.01075174030188443,-0.0007017105364706371,0.0004085566223079217
55,2,1-4,adjust,0.07745353244635451,-0.001659330835399639,0.0010789799784396406
55,3,1-4,adjust,0.09165355594296805,0.00024401277287685404,0.0008019983558815462
55,6,1-5,adjust,0.01923671675512087,0.000277121984143854,0.00024052077275670098
55,7,1-5,adjust,-0.01329036977065767,0.0012664315744796257,0.00017217553199332512
55,8,1-5,adjust,0.03108689708803537,0.0003860730970210203,0.0002655023058479434
55,9,1-5,adjust,-0.01865879697265582,-4.091533072069352e-05,0.0003377945041238082
56,2,1-7,adjust,-0.1021838712034515,0.0024062651487171544,0.0010535089038929283
56,3,1-7,adjust,-0.19773273190979707,0.0015919104237153681,0.0011472184369505783
56,4,1-7,adjust,-0.13703910377975312,0.0013351036570571754,0.0007542214728684564
56,5,1-7,adjust,-0.15715062324142787,0.0006795326600309889,0.0006817902228437774
56,6,1-7,adjust,-0.1042376703259444,0.00016139480879420992,0.0004461418793494972
56,9,1-8,adjust,0.035124998997284974,0.00022001414641338544,0.0006490874453164495
57,2,1-4,adjust,0.0292536008658017,-0.0003228015497352366,6.514898494097549e-05
57,3,1-4,adjust,0.04387724747779736,0.00043600501838202555,0.0006590454877727498
57,6,1-5,adjust,-0.01873229985944319,0.00043331553632061805,3.989852489692535e-06
57,7,1-5,adjust,-0.08493387990678054,-0.0004628199772130615,0.0008376638921155593
57,8,1-5,adjust,-0.06799102467986017,1.0111437227135455e-05,0.000471628118761374
57,9,1-5,adjust,-0.012407470604174275,0.0008563921483211155,0.00026865598091285487
58,2,1-7,adjust,-0.01020185210157956,0.00015433495007395807,0.0009704225757987246
58,3,1-7,adjust,-0.029708830096444747,-0.0005591627233049019,0.00016577820783542912
58,4,1-7,adjust,-0.030530555136279457,-0.0003413842871550242,0.0007430393322310376
58,5,1-7,adjust,0.019269249364780465,-0.00040859257503957617,0.0008504809589774901
58,6,1-7,adjust,-0.04829464397004859,-0.0005198512890169447,0.0006213997379309363
58,9,1-8,adjust,-0.020436877861076917,-0.0014782675764728349,0.00046868300151083644
59,2,1-4,adjust,-0.017564169617296184,-0.000732656682774522,0.0002711192019040198
59,3,1-4,adjust,0.04444564201152314,0.00028080842844930437,0.00040533361851933505
59,6,1-5,adjust,0.061266964523999635,-0.0007349439784497398,0.00025914711364211497
59,7,1-5,adjust,-0.000404053956032807,-0.000960134193399914,0.0007976750808785854
59,8,1-5,adjust,0.04458691661738963,0.00040376032296430544,2.868020750457444e-05
59,9,1-5,adjust,0.0075127812578880925,0.00025964084557837685,0.0006354257599726024
60,2,1-7,adjust,0.1228911806884888,-0.0013671028062962037,0.0007339569645960607
60,3,1-7,adjust,0.03173827085522879,-0.0013515167393467378,0.0008750918936284153
60,4,1-7,adjust,-0.01965237309407692,-0.0002891630784843002,0.00017593569674289138
60,5,1-7,adjust,0.007730896574470246,0.0006184935230405544,0.00045634678580345724
60,6,1-7,adjust,-0.04312522935730436,0.0007705647619039873,0.000782242736635455
60,9,1-8,adjust,0.01683456961465101,0.0004796644059725524,0.0014314393442641854
61,2,1-4,adjust,-0.11266942345956317,0.0016521562915907514,9.064406186973639e-05
61,3,1-4,adjust,-0.08911407819823937,0.0014116197402424232,0.0010395216120175016
61,6,1-5,adjust,0.06272557445489133,0.0003808840058549343,0.001387585925941505
61,7,1-5,adjust,0.03750498668055877,0.0009029664581833997,0.0009849651070066047
61,8,1-5,adjust,-0.0061981712483254745,8.576845204898366e-05,0.0006621229038420683
61,9,1-5,adjust,-0.010725459677174743,-0.0002092343253085456,0.00021670633911657244
62,2,1-7,adjust,0.028218010252895245,-0.0010910125136959108,0.0001550978228634684
62,3,1-7,adjust,0.0220005110534751,-0.00010858010070351087,0.0003085524817054741
62,4,1-7,adjust,0.028453008989401292,0.001142484847197065,0.00058882783928631
62,5,1-7,adjust,0.009290374492687874,-0.0012530861613748924,0.0011381532520856965
62,6,1-7,adjust,-0.0030999635548671326,-0.00025540913342349486,0.0007089263483210684
62,9,1-8,adjust,0.007265505748226236,0.0003300548867276652,0.0002761038129442809
63,2,1-4,adjust,-0.053989383919577597,0.001835193904218644,0.0015337456746450776
63,3,1-4,adjust,-0.005181646745374326,-0.0006333863422046702,0.0021073289701398585
63,6,1-5,adjust,-0.025407024967611765,-7.171798259238073e-05,0.0004721166180433392
63,7,1-5,adjust,-0.012866672334670313,-0.0007751212041181547,0.001327564518499497
63,8,1-5,adjust,-0.03330986197727332,-0.0010126996478063979,0.0012570074079315922
63,9,1-5,adjust,-0.05122734502337423,-0.00072056249463626,0.002146394036370907
64,2,1-7,adjust,0.07493263336194364,-0.002179135512642083,0.0006375517463780192
64,3,1-7,adjust,0.07184019618350436,-4.8598101280932484e-05,0.0012741196347642186
64,4,1-7,adjust,0.09089824353202808,-0.0012107331076423684,2.330844613727153e-05
64,5,1-7,adjust,0.05425358506876543,0.0007283425674133578,0.00028803352647983866
64,6,1-7,adjust,0.06553837987076508,0.0005642754347530463,0.0008182049718888098
64,9,1-8,adjust,0.016716035898843278,-0.0001557281271881879,0.0008386592578037777
65,2,1-4,adjust,-0.022865370556557595,-0.00012539899232365338,0.00023044778326385408
65,3,1-4,adjust,0.044830730246644426,-0.00096641348437821,0.00030541366075960413
65,6,1-5,adjust,0.014459784953790814,-0.0005596577868213323,0.00015533647145196618
65,7,1-5,adjust,0.01988753566502169,0.0011167694317959509,0.00018485581732790587
65,8,1-5,adjust,0.027568412791880985,0.0007357147847941975,0.0004833167072710956
65,9,1-5,adjust,0.04464728411755841,0.001343400045981151,0.0001176122012735296
66,2,1-7,adjust,-0.010881080130690845,0.0012681896114586499,4.8104591841605854e-05
66,3,1-7,adjust,-0.10683796853722144,0.0015189024901745595,0.0002829250707324288
66,4,1-7,adjust,-0.12156639201214708,0.0006717825014143594,0.0009397331938290597
66,5,1-7,adjust,-0.1280255140121487,-0.0003998696287591995,0.000695266399906424
66,6,1-7,adjust,-0.07216952484034138,0.00024854410786622676,0.000663320470217909
66,9,1-8,adjust,0.00021482225590219674,0.000139765964863135,0.0006017375270677571
67,2,1-4,adjust,-0.03530800958452945,0.0003824917711261873,0.001183763414631255
67,3,1-4,adjust,-0.03078627812622218,-4.1102358210631466e-05,0.000532712612915383
67,6,1-5,adjust,-0.09882836715272625,0.0004040952603910327,0.0012590964316055318
67,7,1-5,adjust,0.012202946466719438,-0.001800423833979492,0.0006602236085979835
67,8,1-5,adjust,-0.03107535838072501,-0.0005598066852079193,0.0006520472179600618
67,9,1-5,adjust,-0.045476156433508406,-0.0018552617660725784,0.0018210876208158322
68,2,1-7,adjust,0.10774070397100756,-0.0014410512743194192,0.00021926032794062435
68,3,1-7,adjust,0.15866160547957972,-0.0016386372146947126,0.00010616760183060696
68,4,1-7,adjust,0.17279654810541317,-0.0009380270661826571,8.274502845970576e-05
68,5,1-7,adjust,0.14151098886256153,0.00019980184867923048,7.483029536301336e-05
68,6,1-7,adjust,0.20383432085857728,-1.8732406321390474e-05,0.0004263321451623579
68,9,1-8,adjust,0.017189401004498547,0.0006970695513320083,0.0004192885508108208
69,2,1-4,adjust,-0.04653736484910763,-0.000823741008473736,0.00037452184031536666
69,3,1-4,adjust,-0.003867114155411666,-0.00015358773660857733,0.0006502029766427977
69,6,1-5,adjust,-0.05750868928691562,0.00027917964876807686,0.0002135450089422584
69,7,1-4,adjust,0.002224430097603916,0.0014640352703330659,6.298503295210316e-05
69,8,1-5,adjust,0.05666798357270201,0.001251441769081171,0.000690085203777389
69,9,1-5,adjust,0.006466896042726515,0.00023279242888540574,3.5520179893852e-05
70,2,1-7,adjust,-0.018736024965018704,0.001959818409822476,0.0008140789336856346
70,3,1-7,adjust,-0.05992304913935385,0.0016719504889327102,0.00011685212150033674
70,4,1-7,adjust,-0.07692871761697316,0.0007442596359531916,0.0009441026369256285
70,5,1-7,adjust,-0.10320967607696871,0.0007774994933809536,0.00013510461147621576
70,6,1-7,adjust,-0.020320342615988706,-0.0008483261475111043,0.00021123557863656091
70,9,1-8,adjust,0.05189030120186962,0.0009109970076372844,0.00048786785697752996
71,2,1-4,adjust,-0.018461084124122045,-0.00022653825674475616,0.0002468017217919426
71,3,1-4,adjust,-0.015404775925514999,-0.0004145877053092974,0.0010201516557388466
71,6,1-5,adjust,-0.0031683666339132627,-9.91755829604019e-05,0.0006298159669798295
71,7,1-4,adjust,-0.004179027286067419,-0.00019714103697609419,6.357492857535936e-05
71,8,1-5,adjust,0.003592693151350531,-0.0008934074404809652,0.0007477043652415864
71,9,1-5,adjust,-0.013148847205870838,0.0003139067780450106,0.00013196107324622464
72,2,1-7,adjust,0.03115674830908062,-0.00039174307653878145,0.00028175006233417145
72,3,1-7,adjust,-0.042036962181597,0.00025927392660058713,0.0002992979675914467
72,4,1-7,adjust,0.019020492124288853,0.00015004202726871704,0.0007065533449913235
72,5,1-7,adjust,0.07257637156506534,-0.00013014100826275136,0.0008425989782311974
72,6,1-7,adjust,0.004813079802477708,0.000252203103523645,0.0006762946231438509
72,9,1-8,adjust,-0.009408600142754058,-0.0004690520559863682,0.0005584564654394922
73,2,1-4,adjust,0.015742013584249703,0.000332507239334933,0.0011055834229349397
73,3,1-4,adjust,0.05536079713700241,-0.0007825540517399772,0.0002808846356936057
73,6,1-5,adjust,0.03805305446639569,-0.0003818602103963271,0.0007108867796594189
73,7,1-5,adjust,0.02232932844350143,0.0001288186400188332,0.0002950992168085685
73,8,1-5,adjust,-0.04711907514535655,0.0007092851147771904,0.00013307080984071245
73,9,1-5,adjust,-0.008026135383644684,0.0005507213825957953,0.0007410834519804956
74,2,1-7,adjust,-0.013891589088027479,6.140063833027282e-05,0.00014280922068435787
74,3,1-7,adjust,0.013362967396123986,0.0014792993321810968,0.00022633442058656315
74,4,1-7,adjust,0.0314157513411949,-0.0008735004744494182,0.0006479296693532536
74,5,1-7,adjust,-0.016562563423650603,-0.000324332072920245,0.00036087376546138
74,6,1-7,adjust,-0.02060893327372453,0.00013951686387635149,0.0008696023540343438
74,9,1-8,adjust,-0.012328317087544128,-0.0002744450192356633,0.00042722764808971906
75,2,1-4,adjust,0.02982422391846696,-0.0018195059222508333,0.0013542037525509038
75,3,1-4,adjust,0.034885817664920604,-0.0011440071732645315,0.0015020557305692292
75,6,1-5,adjust,0.002477246439403262,-0.000882662415853812,0.0005217814608560134
75,7,1-5,adjust,-0.056399412990468266,0.0003914947974336575,0.0003284137186245652
75,8,1-5,adjust,0.03247136004537998,-0.00014434692541860246,0.00018622705854958206
75,9,1-5,adjust,0.0261224067506158,-0.0005795294929762502,0.0006277048240088005
76,2,1-7,adjust,-0.02545810916608495,0.0014860198834822163,0.0001726175259905757
76,3,1-7,adjust,-0.12759087269185196,0.0007104078268849778,0.0012244406964001314
76,4,1-7,adjust,-0.10567102138460169,0.00035765504595028515,0.00015141191243110236
76,5,1-7,adjust,-0.12751313597441663,-0.00045433546005386744,0.0002470621256677441
76,6,1-7,adjust,-0.08169765935511068,0.00048121097680060414,0.000757052934478214
76,9,1-8,adjust,-0.01089984936019382,0.0010227321928853285,0.00026440718885747055
77,2,1-4,adjust,-0.01698237285445113,-3.2289750677170316e-05,0.00026493340156407314
77,3,1-4,adjust,0.057927438109948534,-0.0002832460587066644,5.650386355726777e-05
77,6,1-5,adjust,-0.10002776281302611,0.0005186856156427423,0.0009624231356099145
77,7,1-5,adjust,-0.1012488666475824,-0.001363254160490586,0.0008064585006647552
77,8,1-5,adjust,-0.03925476603168476,-0.0006793893358909459,0.00043804068881859917
77,9,1-5,adjust,-0.04572109205141463,-0.0019191520155912173,0.0008928606028016356
78,2,1-7,adjust,0.04800291778548453,-0.0011210248926388792,0.00010362080753710111
78,3,1-7,adjust,0.0268353556698619,-0.0006344747916809225,0.000280750465403134
78,4,1-7,adjust,-0.022517061527754793,8.007237977101203e-05,8.362761975219632e-05
78,5,1-7,adjust,0.16782329941025417,0.0017384369235737276,0.0006637048122763478
78,6,1-7,adjust,0.0658970914327491,0.0005833313442740605,0.0016187541055846938
78,9,1-8,adjust,0.005588785126190657,0.0005613143625850136,0.001104490077813501
79,2,1-4,adjust,-0.06661012807819038,0.0019569748813571698,0.0006338874068923694
79,3,1-4,adjust,-0.047986112619323194,0.0013158753575017335,7.727051376063631e-05
79,6,1-5,adjust,0.16540519615147253,-0.00019189086993804045,0.0022473617104913648
79,7,1-5,adjust,0.21716431313315532,0.001465196694707897,0.0012969561066290321
79,8,1-5,adjust,0.0782926111142015,0.0023192012597472392,0.0010788253748095988
79,9,1-5,adjust,0.0765240792376201,0.001495968832366995,0.0008528334452083939
80,2,1-7,adjust,0.0010147420176748762,-0.0008820389913327552,0.0019295291316203031
80,3,1-7,adjust,0.013101447527947313,-0.0007038782178876575,0.001124186632861072
80,4,1-7,adjust,0.04463839865058016,-0.0004237218232022716,0.001656961724398418
80,5,1-7,adjust,-0.005417712956685347,-0.0014085519582550615,0.0010290133032223253
80,6,1-7,adjust,-0.018547985731151784,-0.0006422064204109341,0.0019705218949465928
80,9,1-8,adjust,0.013433866894779415,0.0007882451920485911,0.0003808360323510429
81,2,1-4,adjust,0.03405251365724857,0.0008614255768735748,0.0006777012075343388
81,3,1-4,adjust,0.02287689718972627,0.0001588719009961004,0.0006250637359944009
81,6,1-5,adjust,-0.009432250245022162,0.0004840299715062012,0.0012652830376775807
81,7,1-5,adjust,-0.06839804243740458,-0.00033133406606339095,0.0010749173057973886
81,8,1-5,adjust,-0.03873635119402629,-0.0020754650620021867,0.00043791346089687476
81,9,1-5,adjust,-0.08478811617654178,-0.002215577711278984,0.0002556952203484335
82,2,1-7,adjust,-0.01211256143217351,-0.0004810676366337089,0.0005357445299012055
82,3,1-7,adjust,0.0163206004917259,-0.00036271253284320457,0.0008092074726836577
82,4,1-7,adjust,0.07785674901416183,0.00046765228242324976,9.639056132228369e-05
82,5,1-7,adjust,-0.026236438931263057,0.0007958552626235559,0.0006640907326265065
82,6,1-7,adjust,-0.07508605375643744,-0.000431078586209893,0.00023046080546095462
82,9,1-8,adjust,0.029787573054885167,3.919458086483686e-06,0.0002810088642263341
83,2,1-4,adjust,0.011761163109470089,-0.0007458899059103009,0.0007922303753155633
83,3,1-4,adjust,0.013280249746272975,-0.000919978440562889,0.0012694031152262362
83,6,1-5,adjust,0.08597812961419107,0.0011816967200967107,0.00032287152906581364
83,7,1-5,adjust,0.025428350382976483,-0.000565128155176954,0.00021127312107270231
83,8,1-5,adjust,0.050814580942285976,0.0007565154606374309,0.0003208490711395761
83,9,1-5,adjust,0.015779477682296997,0.000702877427293798,0.0008359824788501686
84,2,1-7,adjust,-0.062449795121367155,0.001238211671958664,0.000301518431838486
84,3,1-7,adjust,-0.008274678953504859,0.0007080827301683922,0.00048369860709814483
84,4,1-7,adjust,0.006677220214912643,0.0005248493849749306,4.042599353327641e-05
84,5,1-7,adjust,0.04780777015733107,-0.001152070082016682,0.0007048413326110142
84,6,1-7,adjust,0.0002452178367857512,-0.0014624791846154289,0.0005370323249763523
84,9,1-8,adjust,0.0271256053859766,0.00041250730032640713,0.0017463232843915053
85,2,1-4,adjust,0.06585346074791389,-0.0009090042837973287,0.0010107566865952505
85,3,1-4,adjust,0.0051668749832930174,-0.000493422835976541,0.0007329890492121447
85,6,1-5,adjust,-0.004995887593219042,0.000582326368203674,0.0006144662472021059
85,7,1-5,adjust,-0.0733358013491506,0.0001129710192750748,0.0011235206830234549
85,8,1-5,adjust,-0.06478270955756105,-0.0006718307091440668,0.0007412250636347503
85,9,1-5,adjust,-0.07480820836423914,-0.0016052285818808965,0.001237108186974469
86,2,1-7,adjust,-0.01744604351921574,2.505736756335531e-05,1.1098282888450215e-05
86,3,1-7,adjust,-0.04580746224651215,0.0003517259482245159,0.0001961358909583069
86,4,1-7,adjust,-0.11170789933266251,-1.0011048440188985e-05,4.5182509606434195e-05
86,5,1-7,adjust,-0.05403347056083143,0.00016862320823639567,0.00051085089884611
86,6,1-7,adjust,-0.07789266638785734,-0.0010502925427621497,0.0003351383531402581
86,9,1-8,adjust,0.02493464797294692,0.0007262232748362793,0.0008330863477737432
87,2,1-4,adjust,-0.011077707381368125,0.0017575330308233158,0.0016784054412130162
87,3,1-4,adjust,-0.028207307317022225,-0.00021158573916644656,0.000823522189681057
87,6,1-5,adjust,0.038309528781701734,0.0011088499331538915,8.977561978135307e-05
87,7,1-5,adjust,0.07520559972804218,7.307244209350218e-05,0.0001448420410118112
87,8,1-5,adjust,0.0023453893322896283,-0.00043621575536172076,0.0007840220064197973
87,9,1-5,adjust,-0.042564589472132194,-0.0011016057607681996,0.0013500726794064047
88,2,1-7,adjust,0.013319308760437283,-0.0020206264065210943,0.00031594010225325124
88,3,1-7,adjust,0.06959807728740619,0.00017475866766338753,0.000345752620128157
88,4,1-7,adjust,0.05317177274815621,-0.000797527773167851,0.0003785605737672326
88,5,1-7,adjust,0.03135095616417853,-0.00014957696423841793,0.0002762143828469158
88,6,1-7,adjust,0.007646040844417781,-0.0009487883746043183,8.60919203061031e-05
88,9,1-8,adjust,0.02506698089511316,0.0010536260324827851,0.0005016737852224435
89,2,1-4,adjust,0.0109114694858026,0.0006960044536197043,0.0002148807277799041
89,3,1-4,adjust,-0.02442224080363642,-0.00017243784186157503,0.0009528788821832852
89,6,1-5,adjust,0.0023281754175115896,0.0012633729116615377,0.0003122113733225678
89,7,1-5,adjust,-0.061980341632915104,-0.00015830508853566428,0.0002871073784025533
89,8,1-5,adjust,-0.02037691803210378,-0.0009764258050590849,0.0006831705270682373
89,9,1-5,adjust,0.0009937229415911944,-0.00028536528120038003,3.9231818131342015e-05
90,2,1-7,adjust,-0.005177891373660037,-0.00015041047382735693,0.000885347555143952
90,3,1-7,adjust,-0.02034479836834484,0.000809161998087072,0.0006399706254238215
90,4,1-7,adjust,-0.03067200541531604,0.0005722646064406693,0.0012443279289383884
90,5,1-7,adjust,-0.013778325116345639,0.0009005985598936856,0.0012504357499489637
90,6,1-7,adjust,-0.033154477716769465,-0.0012140363776443621,0.0009008302842895593
90,9,1-8,adjust,-0.020290516769914054,-0.0008270346082747726,0.0004778613960921236
91,2,1-4,adjust,-0.023328301099399543,-0.0006450548814065317,0.0004438118585793491
91,3,1-4,adjust,0.012207126046862424,0.0006891542247475056,0.0004072423377572903
91,6,1-5,adjust,0.08327615321879166,0.0007112227457012151,0.0005810502632477036
91,7,1-5,adjust,0.04319570011205757,0.00028764584494449377,0.00013304699976964316
91,8,1-5,adjust,0.010873222958942403,0.002248473691968339,0.0001337491441446297
91,9,1-5,adjust,0.06704762815492744,0.001627846756035335,0.00031608617774283763
92,2,1-7,adjust,0.017488420381256486,0.0015758468924136435,0.0005056002248328058
92,3,1-7,adjust,0.08049913668163586,-0.0018619967215757782,0.0008200550999380137
92,4,1-7,adjust,-0.009262863191531402,-0.0005841104875573548,0.0003434272432602715
92,5,1-7,adjust,-0.006786180080357913,-0.0007556451701154658,0.0009704056911869104
92,6,1-7,adjust,-0.06443555014061447,-0.0002109337134479292,0.0005484341622953809
92,9,1-8,adjust,-0.010851270947787131,-0.0004395447433738516,0.00032602601483924635
93,2,1-4,adjust,-0.022614586400329692,-0.0007552983416452258,0.0009581875815715179
93,3,1-4,adjust,-0.09529595518778387,0.0005519918504698748,0.0005577963407222506
93,6,1-5,adjust,0.024370449072176753,-0.00032239952477508023,0.00012704683410289175
93,7,1-5,adjust,-0.03709986407857244,-0.00033365939266146604,8.700926559783857e-05
93,8,1-5,adjust,-0.0025776833419022416,-0.0012750553661628578,4.002985322847175e-05
93,9,1-5,adjust,-0.025939612541050643,-0.00038634322100708897,0.0004578569606994395
94,2,1-7,adjust,0.03676278334775509,-0.0005459640805712042,0.00047454282628832194
94,3,1-7,adjust,0.04305655041517129,0.0011328188097406084,0.00039286550214176594
94,4,1-7,adjust,0.0758382768474126,0.00097727005164526,0.0010498146836948102
94,5,1-7,adjust,-0.04227284614314291,-0.0002717645282787648,0.00010083720067911847
94,6,1-7,adjust,0.02501892781304143,0.0012670938973841095,0.0010802306644916804
94,9,1-8,adjust,0.0007646227622195887,-0.0003019521427818071,8.595866512089954e-05
95,2,1-4,adjust,-0.028476180267545528,0.0003343101289362591,0.0007440017070538912
95,3,1-4,adjust,-0.00824282845317219,-0.0002716644563262016,0.0001231070570099602
95,6,1-5,adjust,-0.08856308471140342,-0.00034651823559660866,0.0012144021797502991
95,7,1-5,adjust,0.016117371750523482,-0.001148282562642364,0.001424299663967359
95,8,1-5,adjust,-0.0006584503547493379,-0.00022284592203008634,0.0008233397483130462
95,9,1-5,adjust,0.0020862094812921115,0.000225489568871384,0.0009623043589608562
96,2,1-7,adjust,0.07638914379489431,-0.0018830222086844441,0.00012570266307575942
96,3,1-7,adjust,0.12751755472811102,-0.0010969905439188086,4.8094713733366665e-06
96,4,1-7,adjust,0.17633036763763452,-0.001753659100487016,2.1754774592489226e-05
96,5,1-7,adjust,0.1777457994442649,0.00016369384913170773,0.0005671883302270556
96,6,1-7,adjust,0.08309371697944978,-0.0007026393983883541,6.464403979042665e-05
96,9,1-8,adjust,0.004088342136036787,-0.00020810852602570626,0.0007337079876547251
97,2,1-4,adjust,0.03409842526547415,-0.0006586357930217245,0.0013339402034140129
97,3,1-4,adjust,0.03285681293228222,-0.0016909095572811125,0.0019162655998947336
97,6,1-5,adjust,0.09633429756187849,0.0005326031854306818,0.00040032086160695816
97,7,1-5,adjust,0.03546519829119926,0.002357633417815697,0.0005304230690064433
97,8,1-5,adjust,0.048450880529413085,0.0012693138753217485,0.0010178813162987938
97,9,1-5,adjust,-0.030166889919068466,-6.140199931757928e-05,0.0012465088968377492
98,2,1-7,adjust,-0.16354063508786812,0.00403426416550444,0.0006401430068238038
98,3,1-7,adjust,-0.18635073353139286,0.003170601094038174,9.236128779712148e-05
98,4,1-7,adjust,-0.2805636687951121,0.0012312135436212282,0.00016961499824250822
98,5,1-7,adjust,-0.19223927978298175,0.00030895087371465054,0.00037816918836503546
98,6,1-7,adjust,-0.13918583252642422,-0.0003715867091230947,0.0006309855461535194
98,9,1-8,adjust,0.052839860557390365,0.0018658297665895707,0.0007044077642977736
99,2,1-4,adjust,0.03581677151386549,-0.0009172732025339098,0.0004901801511003734
99,3,1-4,adjust,-0.02790152194023877,-0.0005277908899174487,0.0007614387670277276
99,6,1-5,adjust,-0.021321403317484833,0.00039658712600749594,1.0901146329376331e-05
99,7,1-5,adjust,-0.06742892231472751,-0.0015207503065184837,0.00039501380832375645
99,8,1-5,adjust,-0.06097116353159491,-0.0004212880813984432,0.00019982775759332553
99,9,1-5,adjust,-0.03173795952489725,-0.0015020855734681812,0.00020520894721963012
100,2,1-7,adjust,0.0827350189829415,-0.0018523035140753372,0.0011290973629929275
100,3,1-7,adjust,0.08021470237920382,-0.0008089438948024953,0.00027149470151444126
100,4,1-7,adjust,0.10233075599221628,-0.0009160326233871604,1.8125671930494355e-05
100,5,1-7,adjust,0.032920814780461556,-0.0009109698931526429,0.00020710971540283118
100,6,1-7,adjust,0.012373971113632367,-0.0001632258744908283,0.0004997795378474243
100,9,1-8,adjust,-0.010508929021812986,7.074732257873089e-06,0.0005115453020343877
101,2,1-4,adjust,-0.04512538367559774,0.0011117260712848753,0.0002541477676393875
101,3,1-4,adjust,0.017790400662611047,-0.0003754291195298935,0.0003927982238329652
101,6,1-5,adjust,-0.033545944363588334,-0.000628084496942549,0.0007924203110822195
101,7,1-5,adjust,-0.06409283619280413,0.0007946463187972159,0.00050841210076738
101,8,1-5,adjust,-0.06815208194916418,-0.0010874280001144127,0.0008277409208011378
101,9,1-5,adjust,-0.009879547357055388,-0.0005772303511333794,0.0001256322772393388
102,2,1-7,adjust,-9.593460553007397e-05,-0.00018510228210505704,0.001069808912094482
102,3,1-7,adjust,-0.06662234429066011,0.0009591661800446171,0.0010592895071898341
102,4,1-7,adjust,-0.14720682939174637,0.0006949617825016137,0.0013124256390918787
102,5,1-7,adjust,-0.14684367508467852,0.0007523322774125174,0.0006730932491008272
102,6,1-7,adjust,-0.05699833219659375,0.0006664984243604212,0.0012323831404379986
102,9,1-8,adjust,-0.04681189772558894,-0.0005146830376514542,0.0010953897484909036
103,2,1-4,adjust,-0.05748657205009259,0.0013249960393229327,0.0007350476286533429
103,3,1-4,adjust,-0.06892944341682124,0.0010412579537319709,0.0002689784328658757
103,6,1-5,adjust,-0.03622243936073821,-0.00023962692352568266,0.0010056908276772595
103,7,1-5,adjust,-0.025302290651387803,-0.0010085243081747906,0.001406771946510907
103,8,1-5,adjust,0.018473193148015942,-0.00045600389787885207,0.0005714737316308238
103,9,1-5,adjust,0.06367770555003548,0.0004656325359173399,0.0012981787491580842
104,2,1-7,adjust,0.08906463890051924,-0.002473067390287871,0.0011603860033116602
104,3,1-7,adjust,0.10420029324930855,-0.0016929967650487173,0.001221716454357826
104,4,1-7,adjust,0.19077325826275485,-0.00023319406434241265,0.000999835107105284
104,5,1-7,adjust,0.11492269792567053,-0.00028360403006521184,0.001154743927113502
104,6,1-7,adjust,0.029386592229356762,0.0005991783224911282,0.0019290617035923035
104,9,1-8,adjust,-0.04848796436983399,-5.814089031750148e-05,2.0257142614275383e-07
105,2,1-4,adjust,-0.036831753152087615,0.0006670266884390612,0.0007071908567075999
105,3,1-4,adjust,0.01261142578412403,-0.0003933600637939585,0.0013690983739058278
105,6,1-5,adjust,0.036071438020696636,-0.00038068362681151024,0.001678066450599216
105,7,1-5,adjust,0.05698915297017842,6.272874782887898e-05,0.0012622965517521479
105,8,1-5,adjust,0.05334891476677188,0.0007898560395765802,0.00027499920975674187
105,9,1-5,adjust,0.035738397053732114,5.5804788870253975e-05,0.0009644836527164512
106,2,1-7,adjust,0.04531684238597274,-0.0005968040046236466,8.302218160762117e-05
106,3,1-7,adjust,0.019628062935900758,0.00021969939249882848,0.00010399840680235645
106,4,1-7,adjust,0.001119045266533512,-0.0007366239450521726,0.00041701237082062
106,5,1-7,adjust,0.015792510450066445,-0.0002936540874954635,0.0003561248656655246
106,6,1-7,adjust,0.03361166632122664,0.001072518227775214,0.0010450754517106644
106,9,1-8,adjust,0.0016467084485771231,-0.00014891851911886484,0.0004741902211476094
107,2,1-4,adjust,0.012291622443229754,0.0002829605667781111,0.0009748596326470993
107,3,1-4,adjust,0.016888221144262063,0.0002736348268220161,0.0005180235762833293
107,6,1-5,adjust,0.0019932048870116787,-0.0013077169025233512,0.0004077700729998865
107,7,1-5,adjust,-0.003067115518256438,0.0010140015009324995,0.000447103853904735
107,8,1-5,adjust,-0.04577419933975389,-4.521998903998603e-05,3.46775282830073e-05
107,9,1-5,adjust,-0.0006010818756764859,0.0003827795363568159,0.00011977697653317371
108,2,1-7,adjust,-0.07545842700645775,0.0010021105069046357,0.001215948593466597
108,3,1-7,adjust,-0.15352251282792823,0.0009764579106362763,0.0016943370616577633
108,4,1-7,adjust,-0.11154755200414618,0.0009504095996050062,0.00031487131284938674
108,5,1-7,adjust,-0.0401731279040526,0.0011505140437794038,0.0007967849540487396
108,6,1-7,adjust,-0.06621682424537276,-0.0007902131853860325,0.0005215905598593264
108,9,1-8,adjust,-0.03436733817285824,-0.0007961877862447432,0.001761845960046686
109,2,1-4,adjust,0.012354240417277713,0.00029011545129675227,0.0003161674968349909
109,3,1-4,adjust,0.037856178012574765,-0.0008031601822659799,0.00044130146093881783
109,6,1-5,adjust,0.04055716928785615,0.0008812612362642422,0.0001587466251740842
109,7,1-5,adjust,0.0034929256461334137,0.00021765332662146742,0.0006162942929850335
109,8,1-5,adjust,0.019242568352172473,0.00028043834630263364,0.00012792515389066037
109,9,1-5,adjust,0.08676690593310944,0.0026445914480045245,0.00034581310917717565
110,2,1-7,adjust,-0.028763707589832814,8.898673722777917e-05,0.0007474646416143569
110,3,1-7,adjust,-0.007914980332745923,0.0005871479806898773,0.0009658265268680785
110,4,1-7,adjust,-0.028126868757976552,0.0007203138119452211,0.0014767800035675334
110,5,1-7,adjust,0.02826259610992796,-0.00019718111115793506,0.0005199900519834382
110,6,1-7,adjust,-0.020603688358987692,-0.0008171646690587447,0.0005413218074230001
110,9,1-8,adjust,-0.060692504232954615,-0.0014541919413753237,0.0005805691360076622
111,2,1-4,adjust,0.000985908200825056,0.00014820593204877407,0.0005565689408647736
111,3,1-4,adjust,-0.004009581087375981,-5.391268823332109e-05,0.0007306087888700208
111,6,1-5,adjust,0.053280258278918156,0.0010450722361041555,0.0010580449102867
111,7,1-5,adjust,0.08965885874734582,-0.00034775225519833523,8.483176113686111e-05
111,8,1-5,adjust,-0.00466655536682177,5.704676141463256e-06,0.0005391828718856294
111,9,1-5,adjust,0.0500767359608102,0.00031243909731992715,0.0003883523325264349
112,2,1-7,adjust,0.019698915392899606,0.00011247239541581744,0.0010422706605516501
112,3,1-7,adjust,-0.0010624058211067466,0.0007426175742294935,0.0010170430001835813
112,4,1-7,adjust,-0.009723146482062645,-0.0017156508628733682,0.0007011120361233423
112,5,1-7,adjust,0.08377226020598036,1.4340999736609852e-05,0.0003044294097673493
112,6,1-7,adjust,0.04105036669453511,0.0007871002851437225,0.0001292996539833214
112,9,1-8,adjust,-0.0391677909059295,-0.0009396671413192734,0.0023888234647928175
113,2,1-4,adjust,0.010403940588354437,-0.0010068462053544986,0.000123557042417981
113,3,1-4,adjust,0.041574534641431515,-0.0011817006503227476,0.0008882953045169703
113,6,1-5,adjust,0.04447883336898982,-0.0012433185836454664,0.0023977995074095718
113,7,1-5,adjust,0.008138769725213064,-4.8805191544204764e-05,0.0013140532510965447
113,8,1-5,adjust,0.09309221960629928,0.0010244460946986888,0.0010542474378717889
113,9,1-5,adjust,0.035150700214123316,0.00042245317117765033,0.0004971038184564309
114,2,1-7,adjust,-0.009667549554709609,0.00048406514792422056,0.00026453501527267894
114,3,1-7,adjust,-0.03997206705876613,0.0011154394866835303,7.72078171980791e-06
114,4,1-7,adjust,0.06577488089029723,0.0007066845314695777,0.0002819791524689981
114,5,1-7,adjust,-0.04913357539007897,-0.0007269855061335391,0.0008306748220423555
114,6,1-7,adjust,-0.02624017575527783,6.867076643654051e-05,0.00043097870675092026
114,9,1-8,adjust,0.02837791579250149,0.0012368535384662197,0.0002501838715095426
115,2,1-4,adjust,0.02368931987989047,0.0001610331183083284,0.0009609209495845009
115,3,1-4,adjust,0.07226775609453437,-0.0009496328848047963,0.0006558703573432781
115,6,1-5,adjust,-0.07130966987993322,0.00040284544651754704,0.00012200883671108795
115,7,1-5,adjust,-0.0803739195333502,-0.0002456346803723724,0.00045297309805825635
115,8,1-5,adjust,-0.09859715271821679,-0.0007267729472499359,0.00038885281166215033
115,9,1-5,adjust,-0.04725981116411794,-0.0006097740697941903,4.2176056442043135e-05
116,2,1-7,adjust,0.016024925402362875,-0.0006428614026591996,0.00015302824531040644
116,3,1-7,adjust,-0.018382401477478563,0.0001868546426583241,0.0005585032126481041
116,4,1-7,adjust,0.019438391848207684,0.0005267408760379218,0.00017453258651954067
116,5,1-7,adjust,-0.022150264473846153,0.0007308236602690245,6.088961334339678e-05
116,6,1-7,adjust,-0.013330994443452369,-0.000407268072333173,0.0004644945867283065
116,9,1-8,adjust,-0.008844263367930212,-0.00129353659865799,0.00021776148180840146
117,2,1-4,adjust,-0.017958253083104232,0.0007841166331688318,0.00010195713405103939
117,3,1-4,adjust,-0.007395349779490773,0.0001272522530417355,0.00039072012275263537
117,6,1-5,adjust,0.027207085416547996,0.001605877750767987,0.0002012485125244896
117,7,1-5,adjust,0.029285131588963575,-0.0004744823106096875,0.0006961463649162953
117,8,1-5,adjust,0.06339846334534904,0.0005884045959749844,4.271994533433272e-05
117,9,1-5,adjust,0.04656013560394043,0.0013870704944078066,0.0004458616007431201
118,2,1-7,adjust,0.00422269506589089,-0.0004985175242867183,0.0007003060253820858
118,3,1-7,adjust,0.00588405559618186,-0.0006546390302696722,0.0008846985136237121
118,4,1-7,adjust,0.045316277861852765,-0.0011380755454151925,0.0003222567582182589
118,5,1-7,adjust,0.058762839077466725,-0.0010005922119577491,0.0008644668455568814
118,6,1-7,adjust,0.008789947282773618,-0.001494863771106867,5.7296168366304874e-05
118,9,1-8,adjust,-0.009441971052448917,5.509820861793361e-05,0.001272517667243921
119,2,1-4,adjust,0.012043085917912836,-0.0011319630921162096,0.0004031120556527053
119,3,1-5,adjust,0.07792269326577415,-0.00017381411215857233,6.472623199080773e-05
119,6,1-5,adjust,0.02484363808562524,0.00035068062649948247,0.0003438885198016269
119,7,1-5,adjust,-0.026582285276122015,0.0007668114611608405,0.00032960663727481276
119,8,1-5,adjust,-0.039119626966793546,-0.001252715825963337,0.00018755904092410223
119,9,1-5,adjust,-0.04474815969589513,-0.0009692745908391879,0.0005171984921100967
120,2,1-7,adjust,-0.01411546236282093,0.0006899874442713788,0.0010178610381170897
120,3,1-7,adjust,-0.10195386172516534,0.0006892450584406785,0.0007323718843115562
120,4,1-7,adjust,-0.13850002954042243,0.0015768699402001567,0.0010522048650957467
120,5,1-7,adjust,-0.08495119748967549,0.0007769413777598291,0.0005694958073010636
120,6,1-7,adjust,-0.07517207116749931,-0.00039328407859532863,0.0007934482666174627
120,9,1-8,adjust,-0.005616788279303859,-0.00031120778099620806,0.0005845996227734102
121,2,1-4,adjust,-0.06417699148830712,0.002135894248954934,0.0007943709649241103
121,3,1-4,adjust,-0.042763087153341414,0.0005881950745117615,0.0008149127617340707
121,6,1-5,adjust,0.00589497698488155,9.578813719204554e-05,0.00024554884628102887
121,7,1-5,adjust,0.030859859472340045,0.00032106602118035614,0.000277690616659351
121,8,1-5,adjust,0.0034716017487329527,0.0009093090116970564,0.0008124302830749513
121,9,1-5,adjust,0.02162800152236198,0.0010954180447870492,0.0012185443945847032
122,2,1-7,adjust,0.05881997786229388,-0.001899129683050148,9.085090176528464e-05
122,3,1-7,adjust,0.002918256232889118,-0.0007005939444417869,0.0004883239838492649
122,4,1-7,adjust,0.035065030620626596,-0.0012354846109170739,0.000621233567610308
122,5,1-7,adjust,-0.010981330580463829,6.539091356985221e-05,6.471861913549755e-05
122,6,1-7,adjust,0.07080916327694649,0.0006136719279752705,0.0001272942027471106
122,9,1-8,adjust,-0.014196299376569509,-0.0007057065228763487,0.000630679639400473
123,2,1-4,adjust,-0.019079127942192912,0.0002484680055045004,0.0005548710998419831
123,3,1-4,adjust,0.0565583447148896,-0.00011595600981093537,0.0007788088817780398
123,6,1-5,adjust,-0.07352860916679312,-0.00018030555244266392,0.00051340275878027
123,7,1-5,adjust,-0.01358641427103265,-0.0010703636041086513,0.00023451052977223062
123,8,1-5,adjust,0.013565208079538,-0.0004819004234168805,1.565914296536416e-06
123,9,1-5,adjust,0.02652756772475373,-1.0129547668616348e-05,0.0003087225199671865
124,2,1-7,adjust,0.05261583248622757,-0.000590481575150826,9.132191802313267e-05
124,3,1-7,adjust,0.014432850241771098,-0.00010020371933800456,0.00028229820167570305
124,4,1-7,adjust,0.05913603586141281,0.0003392894845255591,0.00045825732890554684
124,5,1-7,adjust,0.13855074177252408,-0.000464077761100578,0.00023738361201497632
124,6,1-7,adjust,0.07405137346489085,0.0004726357378432577,0.000238670352793172
124,9,1-8,adjust,-0.016693773222187312,0.0002887184053082139,0.0006819735636272193
125,2,1-4,adjust,-0.028716985024598005,-0.0007878851196146731,0.00041065927521349296
125,3,1-4,adjust,0.023795716745497176,-0.00034384184992862027,0.0008908154943264872
125,6,1-5,adjust,0.03722779636528058,3.043587481990031e-05,0.0005332102358809181
125,7,1-5,adjust,0.0666121902346374,0.0010201612503882712,0.0009440106047539895
125,8,1-5,adjust,0.02201398516803361,0.0001647589734743975,0.0005330967867221665
125,9,1-5,adjust,0.016959485984489212,-1.3551363587908634e-05,0.00039736027728358425
126,2,1-7,adjust,-0.0007396960494439207,0.0018502826630049807,0.0008776426001475059
126,3,1-7,adjust,-0.01737429267185748,0.00023866291576778726,8.505592816524261e-05
126,4,1-7,adjust,0.029165594224302475,0.000570285304025141,0.0006514936217077228
126,5,1-7,adjust,-0.12030525485563126,0.0011594971316812826,0.0001773472699476517
126,6,1-7,adjust,-0.021624714963950468,-0.0006456355448540388,0.0002974478677555507
126,9,1-8,adjust,-0.0038427353336790387,0.0003627050340228016,0.0010319567515020749
127,2,1-4,adjust,-0.005365798199855596,-0.000512283318509699,0.001546253856247668
127,3,1-4,adjust,0.03988014805552596,0.0002597939521258456,0.001717090145157198
127,6,1-5,adjust,-0.05753481876302617,4.7511508029669385e-05,0.0012141844283111737
127,7,1-5,adjust,-0.056019442302121296,-0.00025500079321290266,0.0003424212823028602
127,8,1-5,adjust,0.04311633651966838,4.1106147712471014e-05,0.00040936715606397484
127,9,1-5,adjust,-0.004694521678988438,0.0004775226746339589,0.00025882288318617526
128,2,1-7,adjust,-0.004544059150752067,0.0006065817232553262,0.0004141061956268432
128,3,1-7,adjust,0.003974855538029068,0.00012168337765872121,0.0007537374861835092
128,4,1-7,adjust,-0.09471639623296013,-9.782825043345594e-05,0.0010225112423160997
128,5,1-7,adjust,0.0200227533728551,-0.000602697550370757,0.00037278735384497455
128,6,1-7,adjust,-0.013066407708494649,-0.0004364892065780507,0.0012662848511518926
128,9,1-8,adjust,0.03758322036546443,-0.0004089686520275112,0.0005564294462299141
129,2,1-4,adjust,-0.027008450200769554,0.0008772651568448596,0.0006486990201508306
129,3,1-4,adjust,-0.10259676112363336,-3.0235682733105298e-05,0.0007065288065276602
129,6,1-5,adjust,0.023818380033914635,0.0010223187305766473,0.0004753931624399137
129,7,1-4,adjust,0.017125380537193435,-0.00019160872272560792,7.879685932427532e-05
129,8,1-5,adjust,-0.030443613646481606,0.0002509761979185422,6.950668382952284e-05
129,9,1-5,adjust,-0.03642340943685508,-0.0001745140535032141,0.0003583024764849112
130,2,1-7,adjust,0.022236538642024684,-0.0016238681378823363,0.0005482615753153036
130,3,1-7,adjust,0.05420580149657334,-8.147570451631923e-05,3.4627033637290306e-05
130,4,1-7,adjust,0.10056906131249414,-0.0003117677027577113,5.857328859650543e-05
130,5,1-7,adjust,0.03598981510714417,-0.0007460404818604155,0.0002769644126290677
130,6,1-7,adjust,0.030108605837214506,-0.0009103388363233974,0.00015078275356338725
130,9,1-8,adjust,0.015674821889282847,0.0005209743553410921,6.760155610383306e-05
131,2,1-4,adjust,0.020902817867686503,0.00041271865647771926,0.00023670200120245216
131,3,1-4,adjust,0.03315433817877793,-0.00042066612132968993,0.00025048233456501827
131,6,1-5,adjust,-0.028026128303380277,0.0002518378625431428,0.0011048532917307449
131,7,1-5,adjust,-0.03853087732977473,-5.4518765203358226e-05,0.0008456595394006866
131,8,1-5,adjust,-0.017570113540070383,-0.0006489297435939383,0.00036946409441657846
131,9,1-5,adjust,-0.05488901582383073,-0.0010534512109666486,0.0003747344084149006
132,2,1-7,adjust,0.0031230602338412905,-0.0007377088426915601,0.0007705285815302312
132,3,1-7,adjust,-0.08885341591613859,0.0006438362976267494,0.0004979592608261539
132,4,1-7,adjust,-0.06666331105602381,-0.0002078046419084136,0.00043877247189876413
132,5,1-7,adjust,-0.05812064218151921,0.0016187049386623983,0.0009408194212481125
132,6,1-7,adjust,-0.025794361613318082,-0.0006126511682838735,0.0003710390772055083
132,9,1-8,adjust,0.05094537459141637,0.0002794904963601568,0.001126595623045508
133,2,1-4,adjust,0.004487120423207802,2.2320902103235966e-05,0.0013919183715756312
133,3,1-4,adjust,0.03760083854731557,0.0003495331069217484,0.0008372190901793495
133,6,1-5,adjust,0.03823065385762795,0.0007623453001577515,0.00041558339182188215
133,7,1-5,adjust,0.03183667288360078,0.0007154647293767524,0.0007698965191570868
133,8,1-5,adjust,0.008910788961760679,0.0012998895253152455,0.00020748319855491852
133,9,1-5,adjust,0.013521931249966439,0.0015118437212770014,0.0004882998862737689
134,2,1-7,adjust,-0.04416771648008985,-0.0002965455826472214,0.00031083042206398197
134,3,1-7,adjust,-0.00903759866475703,-0.0006042987454487495,0.00027808212665397027
134,4,1-7,adjust,-0.05308773411293801,0.0002962507463548125,0.0005002513626817407
134,5,1-7,adjust,-0.005745308942103365,-0.0006451731477194145,4.0759198851082065e-05
134,6,1-7,adjust,-0.04692607963043297,-0.0008030111761346618,0.00043840719099796655
134,9,1-8,adjust,0.0030805273729241165,-0.00028830501007137064,6.415174679325628e-05
135,2,1-4,adjust,-0.0011348815178406188,0.0010688150372209562,0.00015985484211271178
135,3,1-4,adjust,-0.020290729853745557,-0.0001981545741226611,0.00015540942186989586
135,6,1-5,adjust,0.011121744663699822,0.0010272500751720148,0.0008381165606478707
135,7,1-5,adjust,-1.4885750820189966e-05,-0.0008534754932840583,0.00018781948313339566
135,8,1-5,adjust,0.013614528328059053,0.0001580098326547436,5.9570802524267764e-05
135,9,1-5,adjust,-0.01678459705721637,-0.0002496937687403718,0.00039118018808572015
136,2,1-7,adjust,0.02305803182298673,-0.0010334022972545596,0.0009668308076087832
136,3,1-7,adjust,0.05393752098887341,5.0823242512245783e-05,0.0015376188425396673
136,4,1-7,adjust,0.014427387993628386,-0.00017070347456878297,0.0007185024709309639
136,5,1-7,adjust,0.043393498226367615,-0.00010112345176795658,0.0010032908543190396
136,6,1-7,adjust,0.06015816148630502,0.00025949971202284737,3.940252458634005e-06
136,9,1-8,adjust,0.019216406647447472,0.000944081321153947,0.001780150943232711
137,2,1-4,adjust,0.013307818926871036,0.0011576256253741488,0.00017893350124441955
137,3,1-4,adjust,-0.05233243873663157,0.000745832869854527,0.0007559863875909689
137,6,1-5,adjust,-0.01402281544932722,-0.0010323520464329736,0.0006343490471631104
137,7,1-5,adjust,0.052433757981192486,0.0002664513693715479,0.00036953765543905147
137,8,1-5,adjust,0.013918062927566293,-0.0007257196441277833,0.0009073091045812705
137,9,1-5,adjust,-0.06101310952626671,-0.001150992500372955,8.907568326772102e-05
138,2,1-7,adjust,-0.06674366869567284,0.0003685421630419049,0.0002108390605337993
138,3,1-7,adjust,0.05209812045507178,3.9586440316177274e-05,0.0006013263899111722
138,4,1-7,adjust,-0.016408963646254902,-0.00041669861747978097,0.00013696544458768938
138,5,1-7,adjust,0.008410045025505691,0.0001505703801096167,0.00041864880632545495
138,6,1-7,adjust,0.048626120500959005,7.441530258578412e-05,0.00018473966336642403
138,9,1-8,adjust,0.06899892534180897,0.00024412812521137616,9.086325136150878e-05
139,2,1-4,adjust,0.03882263425517572,-0.001033328241119701,6.710348269557014e-05
139,3,1-4,adjust,-0.05659907215460685,0.00037070631890023987,0.0005011253164542481
139,6,1-5,adjust,-0.014090541502755457,-0.0010331420098903539,0.001309269023446032
139,7,1-5,adjust,-0.06624953031709202,0.0005970487873211493,0.0013418610197133774
139,8,1-5,adjust,-0.0644550785901477,0.0002392619105338603,0.0006676620291923894
139,9,1-5,adjust,-0.005300915211125688,0.0007294844411017557,0.0011839682098539433
140,2,1-7,adjust,-0.021054789885433304,0.0012459536480984503,0.0003399964993174384
140,3,1-7,adjust,-0.024716874465096586,-0.0008816114808602053,0.00014490385512326621
140,4,1-7,adjust,-0.048435015991460106,0.00155728557825672,0.0008050634094576983
140,5,1-7,adjust,-0.11801990917415872,-0.0012099220061982823,0.0004407909499805814
140,6,1-7,adjust,-0.07086112229697648,0.0015118831015203268,0.0001605141184475964
140,9,1-8,adjust,-0.02712325134432186,-0.0016643897533997782,0.001418312421942409
141,2,1-4,adjust,-0.04911457998052706,0.0011091987635794018,0.0010547480944357618
141,3,1-4,adjust,-0.06872613483550868,0.0012117614700298475,0.0023290663053130226
141,6,1-5,adjust,-0.10646237797510098,-0.0005428406075355158,0.001803709435867475
141,7,1-5,adjust,-0.09306103679928597,-0.00047837533909362705,0.001271017344306834
141,8,1-5,adjust,-0.044633263793520464,-0.0018232415930425968,0.0023277275168064855
141,9,1-5,adjust,-0.048007780521152926,-0.000591514477720257,0.0022633985109818404
142,2,1-7,adjust,0.10532379950017388,-0.002361480509831601,0.0013046565598149027
142,3,1-7,adjust,0.1601705614316591,-0.0006906425993912102,0.0017905634119646577
142,4,1-7,adjust,0.07463426625937294,-0.0007499981743025148,0.0020383432128002854
142,5,1-7,adjust,-0.002756571497991843,0.00040737021755760843,0.0018143822969144995
142,6,1-7,adjust,0.03567223660101469,-3.649903838093493e-05,0.0014899969757047715
142,9,1-8,adjust,-0.011167833196001103,-0.0007180032732093105,0.002044095142537898
143,2,1-4,adjust,-0.06453979573383274,0.0014813054439050313,0.00019391459546930275
143,3,1-5,adjust,-0.057850778883833234,0.000262910519162557,7.042801830842486e-05
143,6,1-5,adjust,-0.0473061439670557,0.00021540176478011296,0.0008402956509153458
143,7,1-5,adjust,0.004762957113483974,-0.0005463613431965639,0.0011050366311434027
143,8,1-5,adjust,-0.03824764737646193,0.0004938859325713967,0.0006516797296136543
143,9,1-5,adjust,0.03831615204007317,0.0011678841278977066,0.0010322046736544533
144,2,1-7,adjust,0.0602749865151399,-0.002458495723881804,0.0009011130140368449
144,3,1-7,adjust,0.048813152347384876,-0.001324752258340075,0.001074688815639211
144,4,1-7,adjust,0.11821420787384905,2.655864028138086e-05,0.0009602117866766378
144,5,1-7,adjust,0.059811350973815756,0.0002855040527874113,0.000763157572782863
144,6,1-7,adjust,0.062233567682475045,-0.00013140546826707382,0.001155980124182533
144,9,1-8,adjust,-0.04970142021131202,-0.0008238590563160263,0.000889870397200862
145,2,1-4,adjust,-0.02365836402447059,0.0010174409251212024,0.0005522142828789259
145,3,1-4,adjust,0.017620051136174496,-3.673113159873945e-05,0.0009304480932023617
145,6,1-5,adjust,0.03468134868006553,0.00011673928534386177,0.0014599830736988309
145,7,1-5,adjust,0.04389065858055861,-0.0004962024682964921,0.0018740408700903637
145,8,1-5,adjust,0.06436995456319224,0.0008079378887810977,0.0007002316877832145
145,9,1-5,adjust,0.053697907640014225,0.0008338767983874627,0.000585015082581983
146,2,1-7,adjust,0.02286275137573664,-0.0004326332117780525,0.0002483908577380141
146,3,1-7,adjust,0.0007425302860195168,-0.00043550421438414983,0.00045936284850149774
146,4,1-7,adjust,0.009672824925114726,-0.0009262823984769814,0.0003417951275040553
146,5,1-7,adjust,0.07327774774134958,0.000336512631030257,0.0006737842714808447
146,6,1-7,adjust,0.04258183923761844,0.0009587341887370838,0.000971891441355902
146,9,1-8,adjust,0.0034794567636745426,0.000757506243775026,0.0010240500458866863
147,2,1-4,adjust,0.016228128478344796,-0.0003609321619405173,0.0013026377391883387
147,3,1-4,adjust,0.03847346876577018,-0.0001863686904897459,0.0017893119052505373
147,6,1-5,adjust,0.04221184987035587,-0.0014200621630340762,4.432476872205619e-05
147,7,1-5,adjust,0.11903977695594,0.0016548587567073573,0.000195490583772649
147,8,1-5,adjust,0.0354455438638693,0.00022222744269672024,0.0009475873923672094
147,9,1-5,adjust,0.02811315462881791,-0.00031038940852213176,0.0003996016997759178
148,2,1-7,adjust,-0.08772448453077747,0.0018944786321397932,0.0005816542450670954
148,3,1-7,adjust,-0.16259436982983203,0.001616749842171391,0.0006224820359847016
148,4,1-7,adjust,-0.0727797947878553,0.00042004173288570504,0.00048090170575268296
148,5,1-7,adjust,-0.03721734826307602,-0.0004316606537593472,9.230586524128632e-05
148,6,1-7,adjust,0.00415717932094677,0.0008130045443563056,0.0005931100881142692
148,9,1-8,adjust,-0.020056950294631115,-2.8465174556047862e-05,0.0011157516046562327
149,2,1-4,adjust,0.05622169399909189,-0.0011589954748425753,3.814863948629996e-06
149,3,1-4,adjust,0.11118844717749689,0.0003142104786744518,5.7518843682694955e-05
149,6,1-5,adjust,-0.06308591577511234,-0.0006954670483664604,0.00023807005401671387
149,7,1-5,adjust,-0.06730681352610574,-0.0016145635886829245,0.0003772911215705066
149,8,1-5,adjust,-0.03429474576105261,-0.000556998104564174,0.0007939747969706116
149,9,1-5,adjust,0.0025846870767580543,-0.00038703492001788584,8.943547411060988e-05
150,2,1-7,adjust,0.03840247650382944,-0.0012496802005472702,0.00015038236735003238
150,3,1-7,adjust,0.04908294364476154,-0.001465547800851161,0.000164464861344888
150,4,1-7,adjust,0.12359653120313017,-0.0005812689824005904,0.0008265080315799897
150,5,1-7,adjust,0.06683111968007556,0.0002640016084321456,0.00015729598172900823
150,6,1-7,adjust,0.06259996377215382,0.00050153697650231,0.00024900087007290335
150,9,1-8,adjust,-0.05767122720333574,0.0006710263121186371,0.0007603100474459066
151,2,1-4,adjust,0.016814858004459917,-0.0007347498796222016,0.0017899883186036838
151,3,1-4,adjust,0.040084101619611456,-0.0011678450615713815,0.002773140931901061
151,6,1-5,adjust,0.021419023709284488,-0.0006240421539456919,0.0004711657628365129
151,7,1-5,adjust,0.04314204952574741,0.001770503981419593,0.0005406074491821075
151,8,1-5,adjust,0.06196739555464476,0.0012693966908043147,0.0019158684670228362
151,9,1-5,adjust,0.09144349552226214,0.0004124510777590318,0.00128323834235142
152,2,1-7,adjust,-0.10597359381208094,0.003911523516437737,4.686949764494139e-05
152,3,1-7,adjust,-0.17054222007827774,0.0019506163391099388,8.152370944483266e-05
152,4,1-7,adjust,-0.16793917756563537,0.0007317132261702438,9.864099864180128e-05
152,5,1-7,adjust,-0.10982469090241717,-0.0008165020282073252,0.000489794088726216
152,6,1-7,adjust,-0.08358472645041212,0.00031758817782717074,0.0005660938287669712
152,9,1-8,adjust,-0.010932878079394645,0.0005268248056573844,0.00011389460408914298
153,2,1-4,adjust,0.01722421177739195,-0.0014695679771068004,0.0006081389271631148
153,3,1-4,adjust,0.019751696488914956,2.4394232634894388e-05,0.000461627213439424
153,6,1-5,adjust,-0.08341282333508312,0.0006523158098993066,0.0010018119269350177
153,7,1-5,adjust,-0.15984235377142608,-0.00044737350608260235,0.0004509775460233586
153,8,1-5,adjust,-0.06182729951360149,-0.0011029045568921067,0.00016077172561755352
153,9,1-5,adjust,-0.04899658579168525,-0.0021371715163148513,0.0004514367315508411
154,2,1-7,adjust,0.033539536857000424,-0.0002186825446647947,0.0005539744352402676
154,3,1-7,adjust,-0.01595872611719558,3.936298055205898e-05,0.0001831740348135696
154,4,1-7,adjust,-0.09333883452548764,0.0006192518380640085,0.0006969188942571291
154,5,1-7,adjust,-0.09915732208438278,0.001130074814432412,0.0009733724569372493
154,6,1-7,adjust,-0.03515834521456729,-0.0007869402355425927,0.0012453370611379517
154,9,1-8,adjust,-0.006138263952642149,0.0011096394314699732,0.0006725280713141681
155,2,1-4,adjust,-0.05474927108873944,0.0014113440636404954,0.00027560071379115095
155,3,1-4,adjust,-0.046891602549116854,0.0005301897810537092,0.00021342542473103043
155,6,1-5,adjust,-0.004514274144517592,8.242380054832356e-05,0.0009323299838698485
155,7,1-5,adjust,-0.0018709165716576073,-0.0017560276145083113,0.0013871185754203753
155,8,1-5,adjust,-0.010407301748434513,0.00010265549539656727,0.000780689497372893
155,9,1-5,adjust,0.027563400871150306,0.00036231895342192364,0.0004767890352126239
156,2,1-7,adjust,0.0974779058399964,-0.0029902984054962483,0.00053337673156241
156,3,1-7,adjust,0.14610983683160775,-0.0008087468472800511,0.00012102337029558851
156,4,1-7,adjust,0.28301498876348863,-0.0009287757431050969,4.939992184667606e-05
156,5,1-7,adjust,0.0928271290787917,-5.570465612330355e-05,1.0242021377101152e-05
156,6,1-7,adjust,0.053069743999954226,-0.0001382943085926333,0.001047180192291541
156,9,1-8,adjust,-0.03421686879258245,-0.0018157959775242855,0.0012779437817665663
157,2,1-4,adjust,0.009400978934891667,0.00010344189053633174,0.0018954023421065519
157,3,1-4,adjust,0.08444191771106295,-0.0016249906842642334,0.0032929401897328434
157,6,1-5,adjust,0.03399350920946528,0.0005345055025456652,0.0013208379542043753
157,7,1-5,adjust,0.11080066885407598,0.0008398507987165978,0.0008982327928315661
157,8,1-5,adjust,0.04615873450546876,0.000717445375198529,0.0007600333088562163
157,9,1-5,adjust,0.034176753497024766,0.0019200695714707736,0.001143493506096812
158,2,1-7,adjust,-0.04458760716431911,0.001269768665766543,0.001176813134367398
158,3,1-7,adjust,-0.08682786145874953,0.001139107825144998,0.0007801290599518043
158,4,1-7,adjust,-0.17117903264682627,0.0006518778344040707,0.0001933472906926708
158,5,1-7,adjust,0.09661017440104228,-0.0005313858505781444,0.00045320661253444666
158,6,1-7,adjust,0.05216400254468447,-3.81951242729212e-05,0.00022353366341352834
158,9,1-8,adjust,0.012097864022492525,-0.0003035635763919813,0.0008063161835024764
159,2,1-4,adjust,-0.04173529908852662,0.0009734237180027435,0.0013887284872194673
159,3,1-4,adjust,-0.05317559666612148,0.0006870858106500133,0.0013381787747437715
159,6,1-5,adjust,0.04333170121209792,-9.427364399917819e-05,0.0007337578015744234
159,7,1-4,adjust,-0.01758975477763049,0.0006059967892515321,6.520170096509652e-05
159,8,1-5,adjust,-0.011746483703429777,-0.000668771236523509,0.0005537160434456403
159,9,1-5,adjust,-0.009123667483363103,-0.00024061780701782942,0.00041547821368993396
160,2,1-7,adjust,0.013322086598929661,-0.0006647438009424511,0.0001263921211033892
160,3,1-7,adjust,0.016158791284716752,-5.107411831894276e-05,0.00016409389094190814
160,4,1-7,adjust,-0.03795722896070567,0.0002743378517911432,0.0006671860517646201
160,5,1-7,adjust,-0.10835186042298621,-0.0005305831148759353,0.000251814883139396
160,6,1-7,adjust,-0.10093492899888037,-0.0004416673740723247,0.0007276761958053677
160,9,1-8,adjust,-0.006979876313294052,-0.00019166998913943748,0.00022733472693427063
161,2,1-4,adjust,-0.018050592632348896,0.00035907880428375486,0.0005903685989625177
161,3,1-4,adjust,-0.060588812743864545,0.0001378112871991387,0.0007727260364329437
161,6,1-5,adjust,-0.051114120741258,0.0005218610373715454,0.001074941661912141
161,7,1-5,adjust,-0.03355216346218721,-0.0008043343304845106,0.0003435704116195798
161,8,1-5,adjust,-0.05982548691174226,-0.0004849276157624768,0.0012674650367578782
161,9,1-5,adjust,-0.010984922384061124,-0.0005334249508206632,0.0010103580694992504
162,2,1-7,adjust,0.07020905177107972,-0.0013209539590432386,2.9905453773193997e-05
162,3,1-7,adjust,0.07727505624020448,-0.0009595444165574856,0.00018160905888037473
162,4,1-7,adjust,0.1305702529009115,-0.0007931896073175293,0.0006011529075443028
162,5,1-7,adjust,0.08738168243877636,0.0006789988741286128,0.0006589760448374141
162,6,1-7,adjust,0.0809342993717616,0.0004878841064484446,0.00046458076147805935
162,9,1-8,adjust,-0.0362792891129136,-0.0007637972437554708,0.000910088747934984
163,2,1-4,adjust,-0.024511708245518817,-0.00013962263459169378,0.0012040981135398726
163,3,1-4,adjust,0.04100502269643689,-0.0005332873725244386,0.0015555622274921938
163,6,1-5,adjust,0.01737898030691705,-0.000513216368776781,0.0005195791685184971
163,7,1-5,adjust,0.050297987031439534,0.0001378745542778132,0.00020687136834087586
163,8,1-5,adjust,0.0382463408592248,0.0005170405585628289,0.00035846346108825276
163,9,1-5,adjust,0.07774874709592944,0.0020771606649893372,0.00017855635063124527
164,2,1-7,adjust,0.011449932214637686,0.0004228761727737465,0.00024604712717757457
164,3,1-7,adjust,-0.016868167463921273,0.0006629867356476708,8.307175422277633e-05
164,4,1-7,adjust,-0.009482864541726128,0.00013791673397953026,0.0002532862506573956
164,5,1-7,adjust,0.030931083441509445,-5.4951117266572114e-05,0.0008021850466006592
164,6,1-7,adjust,0.01081375262441564,-0.000185220852838532,0.0008737081509633498
164,9,1-8,adjust,-0.04656049163001873,-0.0013672144478937848,0.0010386721966704386
165,2,1-4,adjust,-0.004585330256760612,-0.000564429872573369,0.0005002215237298684
165,3,1-4,adjust,0.015294568312591893,8.933620823097192e-05,6.779444860035282e-05
165,6,1-5,adjust,0.0487205967668509,-9.220625351308692e-05,0.00012923689631679798
165,7,1-5,adjust,0.037216981651158776,0.00020764533896822584,0.00048409624137261124
165,8,1-5,adjust,0.13149833101544153,0.0011544096404595583,0.0006218801273103244
165,9,1-5,adjust,0.013781637929454332,0.00046873924530404387,0.00035057909657576703
166,2,1-7,adjust,-0.04276065318971383,0.0014730162731120934,0.0008711710838790827
166,3,1-7,adjust,-0.0558483128981825,0.0007092645120841417,0.0011263910523384882
166,4,1-7,adjust,-0.042045081360593976,-0.0009930233775556773,0.001371222825680857
166,5,1-7,adjust,0.015283927100994604,-0.0004973141226151126,0.001148501542452025
166,6,1-7,adjust,-0.014136445785714614,0.000958600763051217,0.00046366400163635194
166,9,1-8,adjust,0.0630741520207151,0.0021476753889543712,0.0024363930562501875
167,2,1-4,adjust,0.04192597586513001,-0.000799677145218684,0.000415658806990697
167,3,1-4,adjust,0.05106382028033441,-0.0008428580316774327,0.00034006981650204124
167,6,1-5,adjust,-0.0026223309273376637,-0.0002666076242703937,0.0014260564858117797
167,7,1-5,adjust,0.002217422035699033,0.0001386421581899515,0.0005793846099536467
167,8,1-5,adjust,-0.08534875816545487,-0.0009308573671092116,0.0014679054019613557
167,9,1-5,adjust,-0.04732164484358569,-0.00190920189398681,0.0009808602910575755
168,2,1-7,adjust,0.019118669937563913,0.000277440308700578,0.00026453661396264207
168,3,1-7,adjust,-0.029155115231791397,0.0007523477387171063,9.731499946257695e-05
168,4,1-7,adjust,-0.011294988710004896,0.000573844815442865,0.0008981406415861995
168,5,1-7,adjust,-0.060027990707747496,0.0011057991242591067,0.0004639915789661896
168,6,1-7,adjust,0.0021049816853900977,-0.00020997206497815838,0.0003571042362587972
168,9,1-8,adjust,-0.00859800977771413,-0.00015162562474919244,2.8097707622667448e-05
169,2,1-4,adjust,0.0006139996895580046,-0.0002345140520897762,0.0018145129717844011
169,3,1-4,adjust,-0.03368834044876256,-0.00026732960398184654,0.0012615412954030526
169,6,1-5,adjust,-0.004565179689378212,0.0006988979142300084,6.189412481736567e-05
169,7,1-5,adjust,0.05229613527748992,6.40037326663223e-05,0.00013706211036467063
169,8,1-5,adjust,0.0026309021392043976,0.000358011550908409,0.0005327085017831371
169,9,1-5,adjust,0.02674565971198301,0.0006354919500508305,0.0006392633895990892
170,2,1-7,adjust,-0.05123766521733936,0.0009841794647237842,0.0008176709691954967
170,3,1-7,adjust,0.02190713590392625,0.0008582395156803604,0.00017101246313938566
170,4,1-7,adjust,-0.07289841016518994,7.856405580348591e-05,0.00039693459877966565
170,5,1-7,adjust,0.11131331351321198,0.0001481873234371109,0.0005926251858395475
170,6,1-7,adjust,0.0536143595848764,-0.0009096413252890115,0.000572275589814699
170,9,1-8,adjust,-0.01755411059215107,-0.00020063559629291368,0.0005448734367035157
171,2,1-4,adjust,0.024962043430480908,-0.00040084519518822294,0.0007293454967157451
171,3,1-4,adjust,-0.05056361522909557,-0.0003183948321426497,0.0008130082271579997
171,6,1-5,adjust,0.03820318134787257,0.00023321323530638383,0.00221998755805666
171,7,1-5,adjust,0.0014101118478539129,0.0011753309841200218,0.0013197773760072302
171,8,1-5,adjust,0.05157732582177339,0.0004013970186790482,0.001563069647115454
171,9,1-5,adjust,0.03809671485927346,0.0010326625219166826,0.0013051880164940972
172,2,1-7,adjust,-0.05459246038353408,0.001565167217168161,0.00019102719706046143
172,3,1-7,adjust,-0.014425808900066232,-0.00010109748584944454,0.00038399237746642226
172,4,1-7,adjust,0.023131553836282754,0.00037200047000592116,0.0005542722289262615
172,5,1-7,adjust,-0.10787394551717658,-0.0015368769541682383,0.000705813779389165
172,6,1-7,adjust,-0.0685598279873354,-0.0008952882523294628,0.0004798880681883802
172,9,1-8,adjust,-0.011007449772810625,0.0002881613863075703,0.00024673813449544195
173,2,1-4,adjust,0.03905860487478642,-0.0015123085083258569,0.0008316292194713145
173,3,1-4,adjust,0.0027901601505664715,-6.720955386069129e-06,0.0011642694661081101
173,6,1-5,adjust,-0.07931967509626112,0.0006662165803324668,0.0004068595765475667
173,7,1-5,adjust,-0.11686124517796023,-0.0015524047060635632,0.00027811514608501003
173,8,1-5,adjust,-0.07537881584965189,-0.0017152102800096986,0.0004527592901294438
173,9,1-5,adjust,-0.06648179171651326,-0.00251885540375796,0.0007009030311449078
174,2,1-7,adjust,0.017199071167163828,-0.0006249205327564344,0.0009555672425751464
174,3,1-7,adjust,0.027964418693820565,-0.000835327405578905,0.0006772148496955584
174,4,1-7,adjust,0.01702361356161009,-4.8131829546872163e-05,0.0011280436532743999
174,5,1-7,adjust,-0.02654358508279703,0.0009427558792496335,0.0008144490873512526
174,6,1-7,adjust,-0.0002938903303984912,-0.0006650788185519743,0.0005808101295720132
174,9,1-8,adjust,0.014672181054722884,5.1097420863162946e-05,0.0005179823464867222
175,2,1-4,adjust,-0.021243857424100263,0.0008752920401747536,0.0001887817413381611
175,3,1-4,adjust,0.01018658868364747,0.0004507711614721091,0.00023067905166039942
175,6,1-5,adjust,0.004952223744064642,0.001474186344230602,0.00010276000740752338
175,7,1-5,adjust,0.03624300000847342,0.0002583013755703707,0.00010211243790813688
175,8,1-5,adjust,-0.024739117646838685,0.000979314158321205,0.00036202291330494766
175,9,1-5,adjust,0.04982653657820267,0.0014360623599260205,0.0005034087442704985
176,2,1-7,adjust,-0.008489204781330108,0.0005580281049998218,0.00013360314840301412
176,3,1-7,adjust,0.07830301134569417,-9.720577137692874e-05,0.0004256681938441886
176,4,1-7,adjust,0.027559935247466458,0.0004673962014377278,0.0008085975780844663
176,5,1-7,adjust,0.021480342260992616,0.0003648541068068918,0.0003962184933448436
176,6,1-7,adjust,0.0011830492238891542,-0.0005546250545252863,4.1202225491442e-06
176,9,1-8,adjust,-0.0551550748815707,-0.0003966378487073939,0.00018124362046550502
177,2,1-4,adjust,-0.005318076466390112,-0.0012587781609740003,0.00032084879319780246
177,3,1-4,adjust,-0.08182192052524577,3.254643352190777e-05,0.0002691620844747627
177,6,1-5,adjust,0.05432659532281779,-0.0009545796855128495,0.00027805859995598666
177,7,1-5,adjust,0.041670251373279996,-0.00043041715261190575,0.00045545943335334617
177,8,1-5,adjust,0.039543580459524344,2.808550031361066e-05,0.0008556240702659075
177,9,1-5,adjust,0.05968090896980671,0.0011400607290646108,0.0007531848699594084
178,2,1-7,adjust,0.05572571143656561,-4.6428942090000056e-05,0.0007022784102367608
178,3,1-7,adjust,0.05651495014262307,0.00027240636285399934,0.00042676589223073256
178,4,1-7,adjust,0.05161411501763651,-0.0009892209069799754,0.0005434846519242992
178,5,1-7,adjust,0.08560751907311419,-0.0006720248232228848,0.0005900940326511034
178,6,1-7,adjust,0.006955495395224448,0.0005833034887818019,0.00041627148429239786
178,9,1-8,adjust,-0.025841889470313052,-0.0008390185441732877,0.0007145265889745665
179,2,1-4,adjust,-0.00999709226078125,-0.0007614182602038305,0.00047974140607835454
179,3,1-4,adjust,0.036059222936772,-0.0005038348562143892,0.0004708609881442594
179,6,1-5,adjust,0.044142082824684147,-0.00030976165553666264,0.0007266909110521853
179,7,1-4,adjust,-0.023572139110136652,0.00035488365577880556,3.7030723704072164e-05
179,8,1-5,adjust,0.026974930740592245,6.960730125980942e-05,0.0006314830914593891
179,9,1-5,adjust,-0.03689044163993447,-0.0004742224538456129,9.103230915951206e-05
180,2,1-7,adjust,-0.026504204641974772,0.0003539985401677588,7.259788137444143e-05
180,3,1-7,adjust,-0.10966775570832195,-0.000452720357572542,0.0006203673825302954
180,4,1-7,adjust,-0.008155062962349791,2.4313787091436467e-05,0.0003073201705944215
180,5,1-7,adjust,0.0005526010518847225,0.0012018085678829548,7.762366640145198e-05
180,6,1-7,adjust,-0.07236862319429267,-2.4073632601970114e-05,0.00035888274400887413
180,9,1-8,adjust,0.04617367643266759,-0.00010227987846091821,0.0007360466518540887
181,2,1-4,adjust,0.012569624479705185,-0.00045787136206182604,0.0010938311276220349
181,3,1-4,adjust,0.08843416303168292,0.0007838379066411767,0.0012750318968589552
181,6,1-5,adjust,0.12427296153867351,0.0007288046832930902,0.001241208766305566
181,7,1-5,adjust,0.14969627965100835,0.0005413825403360409,0.0011902014515171324
181,8,1-5,adjust,0.032040679231934995,0.0005646644415834412,0.0011165702770951243
181,9,1-5,adjust,0.020224504137754215,0.0016273822546489982,0.000882399409508577
182,2,1-7,adjust,-0.04381704517628674,0.0022633343502158412,0.00012928131952446456
182,3,1-7,adjust,-0.022155646620747434,-0.00018588319377949253,0.0009348895498319085
182,4,1-7,adjust,0.023054493949601445,0.00035055022362546947,0.0003710560200819221
182,5,1-7,adjust,0.002504591203657396,-0.0010997938424545238,0.0005966384390419355
182,6,1-7,adjust,0.027794272770227627,-0.0003104609041028653,0.0011166697943978984
182,9,1-8,adjust,0.008640995925719139,0.00010397851214700464,0.0001522264336842461
183,2,1-4,adjust,0.05172825901228454,-0.0010019043350641052,0.000808267953666672
183,3,1-4,adjust,0.02574523492813222,-0.00031968334131035934,0.00020308712492911308
183,6,1-5,adjust,-0.09930762438705806,0.00013538368339126227,0.0005645930823052687
183,7,1-5,adjust,-0.10160901130383043,0.00027871626385291503,6.640400592488272e-05
183,8,1-5,adjust,-0.06670345063019577,-0.0006292124141111283,0.0003035536238196948
183,9,1-5,adjust,-0.07394803811748839,-0.0018740371593605237,0.0001345534880177136
184,2,1-7,adjust,0.007773622813950141,-0.00022835331289892266,0.00031222041676433397
184,3,1-7,adjust,-0.03716218184862332,0.0006295301176432903,0.00018829883350625435
184,4,1-7,adjust,-0.019297056306289414,-0.0001538583539041409,0.0003994401290594946
184,5,1-7,adjust,-0.056833308846014514,-0.00012019563953625704,0.00030173275450562993
184,6,1-7,adjust,-0.013008018144123881,-0.0004338088026467251,0.000607323911085681
184,9,1-8,adjust,0.028209041786408276,0.0013227001699257003,0.0004356015100160443
185,2,1-4,adjust,-0.005875620448535416,-0.0009435676636582209,0.00039534876404712777
185,3,1-4,adjust,0.026190399694911902,-0.0008027466168864086,0.0008943589478716378
185,6,1-5,adjust,-0.02290552793670319,0.0008191874676930709,0.0005339112733460694
185,7,1-5,adjust,-0.06526760953582333,-0.0007018325764693732,0.00019324691095193254
185,8,1-5,adjust,0.04211877602741088,0.0003690199164589937,0.00024324807797203356
185,9,1-5,adjust,-0.019624845148503507,-0.001473128368940378,0.000457929919849094
186,2,1-7,adjust,-0.01449093517890872,0.00045048412218436426,0.0006689987514229428
186,3,1-7,adjust,0.023145837586361007,0.0003949184630975069,0.0007832628185831368
186,4,1-7,adjust,-0.02816417765206723,-0.00014454600707736813,0.0003393133724634386
186,5,1-7,adjust,-0.009836921239978966,-0.0005617214987818864,0.00047401743515380993
186,6,1-7,adjust,-0.03185793870100426,-0.0007588542824187534,0.00041129199745349457
186,9,1-8,adjust,0.05114740262923895,0.0019550437614169356,0.0020708504640028166
187,2,1-4,adjust,0.006604283892139766,0.00039378505924248344,0.0006941746343389057
187,3,1-4,adjust,-0.033654949010424366,-0.0002658028927509339,0.0006590497349288381
187,6,1-5,adjust,-0.010790446135760247,0.0003414776786130391,0.00021077943232056438
187,7,1-4,adjust,-0.03284338016514396,-0.00039211744470520895,7.466287621074063e-05
187,8,1-5,adjust,-0.035919927074620814,-0.0010082525742227898,0.0002509198992366501
187,9,1-5,adjust,-0.05707022999976946,-0.0025671970889204676,0.0002009903210371615
188,2,1-7,adjust,0.02076887398398179,-0.0005074475008554646,0.00031104433668600754
188,3,1-7,adjust,-0.009616729547199429,0.0006412354342197847,0.00026437628949325725
188,4,1-7,adjust,0.09183346016394245,0.00012631375008075266,0.0006739526569364818
188,5,1-7,adjust,-0.002177869171441134,0.0007038399551584278,0.00036839019701976825
188,6,1-7,adjust,0.03502828157681601,-1.883449890398192e-05,0.0014116926318227213
188,9,1-8,adjust,0.020194741818784376,0.00019618245394324455,0.0004996511521772983
189,2,1-4,adjust,-0.009208068821902607,-0.00011540472067424765,0.0005404854810560255
189,3,1-4,adjust,0.028616306503468084,-0.001549804727447142,0.0014296847800651968
189,6,1-5,adjust,-0.00906244309436758,1.3209573459135133e-05,0.0002958759445280518
189,7,1-5,adjust,0.0611322784342317,0.0007593935997309247,0.00015540766774166677
189,8,1-5,adjust,-0.006586557779144602,0.001040924664272703,0.00011621615732765495
189,9,1-5,adjust,-0.007265273720777716,2.6364135728865122e-05,8.148717850945078e-05
190,2,1-7,adjust,-0.03861889521417563,0.0004900445189985989,0.0006375719790262905
190,3,1-7,adjust,-0.10629824605296258,0.002170378586386485,0.0003279732897154277
190,4,1-7,adjust,-0.14935757257565682,0.0005725675242679268,0.0002041324687136709
190,5,1-7,adjust,-0.031883296038931516,0.0001644444588575784,7.240138326715083e-05
190,6,1-7,adjust,-0.023005797473666365,-0.00036873365886277846,0.00025784571557594115
190,9,1-8,adjust,0.03103094127819396,0.0009506342068566304,0.00047682613697781263
191,2,1-4,adjust,-0.003640809365345778,0.0002427550599500348,0.00015901176202736937
191,3,1-4,adjust,0.02315553988803606,-0.0006969376320176887,0.00011281263583475982
191,6,1-5,adjust,0.013287260205445342,-0.0003447159759325441,1.1470430779316048e-05
191,7,1-5,adjust,0.02448375975994111,-0.0003176046951919694,0.00028008547951927727
191,8,1-5,adjust,-0.0225492182095036,4.9775531974773494e-05,0.0004192724323058505
191,9,1-5,adjust,-0.022394651571665928,0.0004541726319931743,0.0005175665596607495
192,2,1-7,adjust,0.048322469931839994,-0.000325271823714907,0.000919311294280512
192,3,1-7,adjust,0.08213078978055252,-0.0008240547701703248,0.001058472272613537
192,4,1-7,adjust,0.024505624306537785,-0.0003409915977318013,0.0006276206227112667
192,5,1-7,adjust,0.035089802811629,-0.00019344106451307745,0.0008290550852593683
192,6,1-7,adjust,0.04757976282238572,0.00018848640060481776,0.0011342216067265773
192,9,1-8,adjust,0.011254033727808524,-0.0011851653192784769,0.00032306427791263
193,2,1-4,adjust,-0.03514413350330975,0.000234118287342559,6.639604469315302e-05
193,3,1-4,adjust,-0.07748662468506086,0.0013612804564154116,0.0015775624872378289
193,6,1-5,adjust,-0.026815043046748293,0.0012269044976723931,0.00018522097540462184
193,7,1-5,adjust,-0.0031761403610646496,-7.081496590220895e-05,0.0004969854983869636
193,8,1-5,adjust,0.02960754962995794,-0.001080460436490136,0.0003115761729845252
193,9,1-5,adjust,0.012880212537201757,0.0009177899281801407,6.861831759132019e-05
194,2,1-7,adjust,0.018412178004400197,0.0004720997322389229,0.00014961884914751518
194,3,1-7,adjust,0.08681719265404846,-0.0010878172280002318,0.00035189451318988366
194,4,1-7,adjust,0.06124784128744707,-0.00012451962512188873,0.00044700944821284884
194,5,1-7,adjust,0.10846300058683037,0.000889160429218443,0.0005867733265911646
194,6,1-7,adjust,0.02803995676511633,-7.898578286359858e-05,0.00019353735695534075
194,9,1-8,adjust,-0.034174348489652014,-0.0004481818076204184,0.0003129062746454837
195,2,1-4,adjust,0.0025364088424689435,-0.0005584486575286894,0.0003586561843747126
195,3,1-4,adjust,-0.04656168161137737,0.0004892736865911245,0.0005885811868980825
195,6,1-5,adjust,0.09557752800007589,-0.00035013662199414653,0.0016957053353548965
195,7,1-5,adjust,0.1331394773900632,0.0007891380132840611,0.0020670162338498597
195,8,1-5,adjust,0.00857626632295054,0.0015384615844643594,0.0007018548874833181
195,9,1-5,adjust,0.06190965053357234,0.001450538068818151,0.0014139301941733149
196,2,1-7,adjust,-0.10757927988551771,0.0023239614558970413,0.0004809587643935514
196,3,1-7,adjust,-0.02714369977165007,0.0005928021509638456,0.0007903763284702034
196,4,1-7,adjust,0.010702429044657253,-0.0002987617102862583,0.0006732617645834996
196,5,1-7,adjust,0.0389599202772703,-0.0008871328404018466,0.0016946869868763668
196,6,1-7,adjust,-0.009216116545774627,0.00019526699688921745,0.0020833938701392794
196,9,1-8,adjust,-0.02958777345175333,-0.00033118198794597454,0.0011063682606583722
197,2,1-4,adjust,0.11893850864169711,-0.00314726247741369,0.0003900700460813581
197,3,1-4,adjust,0.077414040910018,-0.000840353936141788,0.0002176547571341294
197,6,1-5,adjust,0.005131510078575395,-8.70391194150624e-06,0.0019309327216433558
197,7,1-5,adjust,-0.0763791045862031,0.0005387663051869943,0.0007630477170903954
197,8,1-5,adjust,0.012007914617473475,-0.001417487441775167,0.0010935999057825633
197,9,1-5,adjust,-0.029933553027746015,-0.0005890500462590679,0.0008440883919674209
198,2,1-7,adjust,-0.08578684118958839,0.0028528932587540945,0.0021532946804977892
198,3,1-7,adjust,-0.12146722313488742,0.000813329820298353,0.0007933985268541122
198,4,1-7,adjust,-0.13054715751255433,0.0006057875107083619,0.00022970088029606098
198,5,1-7,adjust,-0.14051662597331468,5.589584318956179e-05,0.0010906660809545147
198,6,1-7,adjust,-0.0906359976977831,-5.7056151602357415e-05,0.0006243634422303893
198,9,1-8,adjust,0.01170480487994598,-0.00012005115055491927,0.0020435349356750037
199,2,1-4,adjust,0.04608645386565046,-0.0011621750171986896,0.0010457827672605805
199,3,1-4,adjust,0.013923503104342738,-9.351497183713087e-05,0.0018861255118147592
199,6,1-5,adjust,-0.021800891700485235,-0.00015076468020269775,0.0008887970933514996
199,7,1-4,adjust,-0.07562317911202973,-0.000963444209725461,2.4926063673736068e-05
199,8,1-5,adjust,0.005309869587673413,9.04130122911935e-06,0.0004873683317434638
199,9,1-5,adjust,-0.013438321825455521,-0.0005497902586167861,0.0007322460389276358
200,2,1-7,adjust,0.003930129274420877,-0.0004094534186804884,0.0007231169108517401
200,3,1-7,adjust,0.08817356748593837,-0.0009009619407989514,4.915366275109399e-05
200,4,1-7,adjust,0.09617257448537786,0.00018210297136141428,2.8501709807059118e-05
200,5,1-7,adjust,-0.08460105332803874,0.00031702828385427305,0.0008718554232089381
200,6,1-7,adjust,-0.011063721514838951,-0.0002236404815423809,0.0007632282281961055
200,9,1-8,adjust,0.014477628006578015,0.0010457297365877942,0.00020205706125090244
201,2,1-4,adjust,0.00936453326970628,-0.0005943408107873423,7.832512827260871e-05
201,3,1-4,adjust,-0.02313066098332587,0.00035534075119489155,0.0016097500982183652
201,6,1-5,adjust,-0.055907511237086586,-0.0002469363523184269,0.0013428130846599396
201,7,1-5,adjust,-0.047307787792346005,0.000438965448478908,0.0007034365203655697
201,8,1-5,adjust,-0.11722222799554625,0.0006879068661124401,0.00031756142861273656
201,9,1-5,adjust,0.01675426231428603,-0.0005667099064878737,0.0001536372908656936
202,2,1-7,adjust,-0.003389671331981524,0.0008341340472586031,0.0002519029986492716
202,3,1-7,adjust,-0.009291083999290154,0.000842952285514255,0.0006214081782467373
202,4,1-7,adjust,-0.08728244722347794,-0.0006081873259630239,0.00015057537967571552
202,5,1-7,adjust,0.02570148355610752,0.0001903191462897325,0.00037790495612429235
202,6,1-7,adjust,-0.026619658954582022,-0.0006595947706671666,0.000364102849362037
202,9,1-8,adjust,-0.04864738826854429,-0.0017413470592532456,0.0014971051929153927
203,2,1-4,adjust,-0.014866183524962943,-0.00016523616806558624,0.0001343552861098131
203,3,1-4,adjust,-0.025300495266693424,0.00032765942915401777,0.000396208100962348
203,6,1-5,adjust,0.02910362064498515,0.0011283349766098973,0.0008994979646457161
203,7,1-5,adjust,-0.004849406711078817,-0.000840881464589585,0.0004914542335198542
203,8,1-5,adjust,0.08859430079540331,0.00018346423978571487,0.0004704629236512482
203,9,1-5,adjust,0.0147897734067268,0.0008311672464665201,0.0009335341849320739
204,2,1-7,adjust,0.03561480022446002,-0.0008628083069467388,0.0012598350152316353
204,3,1-7,adjust,0.01918969029958847,-0.0007697439389463122,9.979622808448242e-05
204,4,1-7,adjust,0.08452641327442716,-4.679765055396073e-05,0.0008134424265175181
204,5,1-7,adjust,-0.01950845156622195,-0.001611133618471637,0.0009597729450556728
204,6,1-7,adjust,-0.010793688114243796,-0.0002878023414761987,3.37940790899753e-05
204,9,1-8,adjust,0.023866157079823723,0.0008811083895022061,0.0015385793831509404
205,2,1-4,adjust,0.009348259891996275,0.00028680216465830854,0.00045443189928066153
205,3,1-4,adjust,0.0005033648057904689,-0.0001795793896351571,0.00016121955916770377
205,6,1-5,adjust,-0.030677327684890066,-0.00043949163640875596,0.0010363308059938793
205,7,1-5,adjust,-0.10346745154791137,0.00021919788215372493,0.0012371346607332751
205,8,1-5,adjust,-0.14525137142937133,-0.0014917423888898334,0.001083310736481008
205,9,1-5,adjust,-0.029355100510668444,-0.0006786319179507684,0.0002735780914426459
206,2,1-7,adjust,-0.04931882954292463,-0.00019667690185560862,0.0013407870025124826
206,3,1-7,adjust,-0.06795389265552766,0.00021791354705277843,0.0018623601876446717
206,4,1-7,adjust,-0.005628807458236417,0.0011228049765415987,0.0013343861987693258
206,5,1-7,adjust,-0.029233372199594154,0.001481563312738264,0.0007642715911020746
206,6,1-7,adjust,-0.03639205797358023,0.00046054803617618214,0.0006186874351251306
206,9,1-8,adjust,-0.06313096834444619,-0.0018926006312949216,0.001608805778416818
207,2,1-4,adjust,-0.012905039818484395,0.0011759947327772322,0.0005394826784162137
207,3,1-4,adjust,0.05470055366635752,-0.0006833116382415586,0.0009933792950462667
207,6,1-5,adjust,0.04047105545309015,0.000490174011156257,0.0019524423615775504
207,7,1-5,adjust,0.10047070452070836,-0.0002577276991927852,0.0011175366570974476
207,8,1-5,adjust,0.11914798570491003,0.0014918235015565868,0.0004967950830975922
207,9,1-5,adjust,0.09006459256213564,0.002747222498354274,5.801376283230002e-05
208,2,1-7,adjust,0.05064014123283965,-0.0009252335426297915,0.0007288773957181728
208,3,1-7,adjust,0.04582834631788666,0.0001365600602629875,0.0008862877722072737
208,4,1-7,adjust,-0.04657174744487309,-0.0014025810577643124,9.430193463246893e-05
208,5,1-7,adjust,0.0524680465175949,-0.00023808290744699643,0.0005338392114586885
208,6,1-7,adjust,0.006889926761282826,-0.00230550586134925,0.001043790417027077
208,9,1-8,adjust,-0.009506807118854564,-0.000587097964321337,0.0008286453742192647
209,2,1-4,adjust,-0.00939217834934708,-8.55510966617906e-05,0.0005805669215040902
209,3,1-4,adjust,-0.03962973568304999,0.00015366829592762245,0.00036635362296069603
209,6,1-5,adjust,0.04412616233508484,0.0016973678358203409,0.0005013884911269202
209,7,1-5,adjust,0.013441455079968774,-0.000824491221663634,0.0004184397273745881
209,8,1-5,adjust,0.016035624428508505,-0.0007383657789648853,0.0014047435619289155
209,9,1-5,adjust,-0.018283786046628437,0.0008006987958203038,0.00023784203999513846
210,2,1-7,adjust,0.05397079682376689,-0.0010619272197571511,0.0007158763051258717
210,3,1-7,adjust,0.11024601005803761,-0.0006683344702992969,0.0006982928911163362
210,4,1-7,adjust,0.07761874725498649,0.00013113283038562756,7.565304030162224e-05
210,5,1-7,adjust,0.08463375037036361,-0.000761775441943426,0.00041132935993503804
210,6,1-7,adjust,0.08061544548014,0.00011686596473687407,5.43360657598106e-05
210,9,1-8,adjust,0.018102028389564515,-0.00011412071950972009,0.0013836230748755702
211,2,1-4,adjust,-0.06324934047251421,0.0006629318056007672,0.0004110108155002213
211,3,1-5,adjust,-0.05074414063430641,-0.0007559687807537871,2.9510828637048203e-05
211,6,1-5,adjust,0.004929434580044913,0.00018097655822899968,0.0006948256250070394
211,7,1-5,adjust,0.05112382815885288,0.0006764561949025023,0.0005405512482523527
211,8,1-5,adjust,0.011071860839942473,0.0002696669277194415,0.00018944996363424074
211,9,1-5,adjust,-0.032233428603143634,-0.0021403632228856133,0.00048428462192654523
212,2,1-7,adjust,0.0040732140541617215,0.00030241385808958937,0.00016269721193408086
212,3,1-7,adjust,0.04319926999741344,0.000672679160951038,0.0005024543584153873
212,4,1-7,adjust,-0.04177380833835347,-0.0003729627557715956,0.0010668658713806967
212,5,1-7,adjust,0.03152058491474747,0.0013309346218514143,0.0006875813429251799
212,6,1-7,adjust,-0.011287534998567378,-0.00038693590486268726,0.00039599096436291513
212,9,1-8,adjust,0.04750194060785328,0.0019213921677641022,0.00014184126115338505
213,2,1-4,adjust,0.02901412763159718,-0.0009657265982443688,0.001399325430390586
213,3,1-4,adjust,-0.06346875503511862,0.0003594584260688087,0.0002153092893871467
213,6,1-5,adjust,0.06973111034270492,-0.00017447096002931709,0.0020772972153682403
213,7,1-5,adjust,0.051201593984988955,0.0018584156257065367,0.0020909567388223286
213,8,1-5,adjust,0.09058807352608757,0.001440263845487956,0.0014466395181348985
213,9,1-5,adjust,0.007717288420483802,0.0006089975327613471,0.002411651745021143
214,2,1-7,adjust,-0.11482163275557795,0.003320613014284631,0.000738558997939222
214,3,1-7,adjust,-0.16666382450803732,0.0015071968447307447,0.00027933898522528315
214,4,1-7,adjust,-0.08580215862121915,0.0013367043805306259,0.00028564466713074815
214,5,1-7,adjust,-0.11556316537242507,-0.0007032682755673828,0.0007596296648264453
214,6,1-7,adjust,-0.10351285783418804,-0.00020906522930932395,0.00032875545659608377
214,9,1-8,adjust,0.06004904041506871,0.0009941897258212724,0.0002453511657772176
215,2,1-4,adjust,0.05273101424144625,-0.0012526162081084185,0.0007626409797655244
215,3,1-4,adjust,0.0542597561779389,-0.0003409241025792678,0.0011981520096732876
215,6,1-5,adjust,-0.024493181305939537,0.0006707549287311768,0.0006984097179090333
215,7,1-5,adjust,-0.09664016431750641,-0.0014257806725716331,0.00020848977910356686
215,8,1-5,adjust,-0.07114674926142256,-0.0013406983163277077,0.00047408764340366497
215,9,1-5,adjust,-0.1191484710879893,-0.0019933779344980095,0.00013897341091778827
216,2,1-7,adjust,0.018657387543435506,-1.0313141641349568e-06,1.4302179892170297e-05
216,3,1-7,adjust,0.13765769151562304,-0.0009074030557818523,0.0006585536320528715
216,4,1-7,adjust,0.08896394997242707,-0.0007525996250478411,0.0002760302117392911
216,5,1-7,adjust,-0.033297789534704095,0.00014136277562233529,0.0005326218107324854
216,6,1-7,adjust,-0.025173371567457758,3.383995547546455e-05,0.0005872660757134496
216,9,1-8,adjust,0.06537099572633025,-0.0004365514954900609,0.0003540848531949475
217,2,1-4,adjust,0.02498958060622585,-0.0014681573058726385,0.00046998203175706543
217,3,1-4,adjust,-0.03966889520911682,5.588577972993059e-05,0.0004370945253751024
217,6,1-5,adjust,-0.03192053603581574,-0.0002297549455117507,0.0010207998887678536
217,7,1-4,adjust,-0.06790838795378247,-0.0003158627044193845,4.792497247622182e-05
217,8,1-5,adjust,-0.02646904033209711,0.00047945536869213335,0.0004155447755026134
217,9,1-5,adjust,-0.03159920441627818,0.0008042460006616371,0.00020523447545758725
218,2,1-7,adjust,0.022539741638629013,0.0004486061461648983,0.0004162998393169925
218,3,1-7,adjust,0.026526311938129977,-0.0005838558584561984,0.0009108977601315881
218,4,1-7,adjust,0.004946954675982971,0.0004100587075686902,0.00015173008777252513
218,5,1-7,adjust,0.09070844360368381,0.00023177981855733172,0.0003227771296070667
218,6,1-7,adjust,0.012910854243810506,0.0006248401407502099,0.0005347295638162583
218,9,1-8,adjust,0.0061438058109188525,-1.931967675652539e-05,0.000987644534130283
219,2,1-4,adjust,-0.05052314889274815,0.0002951271282827419,4.704611455397965e-05
219,3,1-4,adjust,-0.056534023834103005,0.0011308221203925736,0.0001724843638366724
219,6,1-5,adjust,0.098639648661075,-0.00010366502660895354,0.0007358336650580018
219,7,1-5,adjust,0.12251736893066889,0.0006903758769907363,0.00016126818693668133
219,8,1-5,adjust,0.006590620839101588,-0.0007570975599443693,0.00010133310727780293
219,9,1-5,adjust,0.014255179606388934,-0.00012685541315462603,0.00023875243149877294
220,2,1-7,adjust,-0.015798194184998577,0.0012857605742876033,0.000994567215965015
220,3,1-7,adjust,0.021607322098638367,-6.805675997097226e-05,0.00029858421084350743
220,4,1-7,adjust,-0.04219722521485965,-0.0002324205032845744,0.00013023175269229228
220,5,1-7,adjust,0.030962624388427708,-0.00027144392881597873,1.039545282344501e-06
220,6,1-7,adjust,0.0014957733145386438,-0.0006133104878764417,0.0004378852634807697
220,9,1-8,adjust,-0.018472656052836694,7.019752158633266e-05,0.0008076101849067146
221,2,1-4,adjust,0.03194517208532791,-0.000818953048195387,0.00046753840619204304
221,3,1-4,adjust,-0.0257803188590457,0.0005819017231677339,0.0010996537638109478
221,6,1-5,adjust,0.010096384001914161,0.00029547213916709773,0.0009944259760984173
221,7,1-5,adjust,-0.05418721549819566,0.0002755242550917333,0.001272607423553021
221,8,1-5,adjust,0.030271311961000132,0.0007193831831070263,0.0009905291385905683
221,9,1-5,adjust,-0.015407413433580121,-5.471105510197844e-05,0.00027537231283443703
222,2,1-7,adjust,-0.007436473291578416,0.000386870972529333,0.0004367831114065927
222,3,1-7,adjust,-0.013459982320222627,-0.0007127130817738349,0.0005829280555242229
222,4,1-7,adjust,0.009383792672533402,4.987706174778475e-05,8.784945048716193e-05
222,5,1-7,adjust,-0.10835316824759082,0.000940784819012927,6.639795970144015e-05
222,6,1-7,adjust,-0.10420985163095722,0.00022483740656823657,1.4085939823419871e-05
222,9,1-8,adjust,0.042013001832106836,-4.98564784632303e-06,0.0011037256223230111
223,2,1-4,adjust,-0.00411317895444416,-0.00046624159042267787,0.00038208017768632396
223,3,1-4,adjust,0.01393469018830891,-0.00011430452417596501,0.0013406352958831602
223,6,1-5,adjust,0.03653188151095426,0.00021556273771289284,0.000160384440267972
223,7,1-5,adjust,0.014954285909878736,-0.0001276100110697352,0.0010319947533847685
223,8,1-5,adjust,-0.004474851618001511,-0.0003056054787608054,0.00021525937467165748
223,9,1-5,adjust,0.028256958012219276,0.0006185198211745852,0.0009702747144865261
224,2,1-7,adjust,-0.022891004790206296,0.00040038833373683336,0.000342840564052253
224,3,1-7,adjust,-0.051409338268813075,0.0003124484694254976,0.00012036261977667757
224,4,1-7,adjust,0.0023881588705078976,0.0006280816262897766,0.0005483484150787233
224,5,1-7,adjust,-0.0096760768323702,-0.0003981775833185121,0.0007508987842927826
224,6,1-7,adjust,0.008867200677310049,-0.0005407557329611379,0.0001453200078782856
224,9,1-8,adjust,-0.03773277913528372,0.0004803866240201401,0.00013404572161450942
225,2,1-4,adjust,0.025458047748650108,-0.00016738602924544322,0.0009366423549490039
225,3,1-4,adjust,0.02566641550121459,-0.0003848913858265185,0.0002430742727810568
225,6,1-5,adjust,-0.044307877995233655,0.0004125585148908751,0.0005081863286034567
225,7,1-5,adjust,-0.012023460873862342,-0.0005830038548135215,0.00013306280579864133
225,8,1-5,adjust,-0.024311299637451798,0.0002921168531948087,0.0004420245400897396
225,9,1-5,adjust,0.0026395497436850807,-0.0005744248185553169,0.00022739759169295768
226,2,1-7,adjust,0.035436679605588335,-0.0023657399523475398,0.0014328122826360332
226,3,1-7,adjust,0.03654441180003831,-0.0006848514738863032,0.0004180222137525286
226,4,1-7,adjust,0.04037340586915781,0.00022486318577409278,0.0005633793590707105
226,5,1-7,adjust,-0.006608992616883199,-0.0010115548492857823,0.0005261955722061883
226,6,1-7,adjust,0.0030259616189824085,-0.0003659560499679373,0.000470563884222273
226,9,1-8,adjust,0.004225994186248234,0.0002631153200622884,0.0011807097214745618
227,2,1-4,adjust,-0.036863792796862575,0.00168683443040036,0.0006857850055185011
227,3,1-4,adjust,-0.01099325899282773,0.00019108145943313014,0.00013258591893999453
227,6,1-5,adjust,-0.03604324841435338,-0.0008795628453120282,0.0022595086811265366
227,7,1-5,adjust,-0.08646337709043203,-0.00023541645255367673,0.0011611895623133738
227,8,1-5,adjust,-0.02267361077589893,-0.0006721625158603652,0.0012343550291273252
227,9,1-5,adjust,-0.04913808527312483,-0.0015250533467703886,0.001842609552855852
228,2,1-7,adjust,0.007505755991757409,-0.0007866461617984252,0.00011925876711387934
228,3,1-7,adjust,0.05427149849987431,0.00047595709176314374,0.00014015562242438343
228,4,1-7,adjust,-0.05770164324155241,-0.0007345677851718988,0.0010195084088009405
228,5,1-7,adjust,-0.004152266197530168,0.00043699510952248453,0.0004608314352228841
228,6,1-7,adjust,-0.050766224849167575,-0.000333387951064074,0.0009280571155800882
228,9,1-8,adjust,0.020245490971935877,0.00012434214586427413,0.0007008411960819411
229,2,1-4,adjust,0.0047020543790005,0.001118976066962974,0.0003022736146639361
229,3,1-4,adjust,-0.0751071581650835,0.0008855178336038481,0.00018390164010951873
229,6,1-5,adjust,0.041088398120101725,0.001928646169478215,0.00034111846015122237
229,7,1-5,adjust,0.11581593206726187,-9.410648930362532e-05,0.0002921183772134756
229,8,1-5,adjust,-0.06300951658810976,-0.00015999816231715595,0.0007079484001998621
229,9,1-5,adjust,-0.006871171053138482,-0.0008893579550658576,0.0006726874427466441
230,2,1-7,adjust,-0.017133926573501865,0.0002337563522113271,0.0005270860709829123
230,3,1-7,adjust,0.07026409699950448,-0.000539201735534555,0.00015812779452498415
230,4,1-7,adjust,0.06439197263974854,0.0004926223209786846,0.0001938664083721271
230,5,1-7,adjust,0.023726941818664846,-0.000592005609490617,0.0007277344322120223
230,6,1-7,adjust,0.12473488238778901,-0.0006996686615922585,0.0005154468647265137
230,9,1-8,adjust,-0.026267877014394782,5.3073424121279605e-05,0.0015818568922402495
231,2,1-4,adjust,0.0036886308281765196,-0.0004867135092923623,0.00022142874149454637
231,3,1-4,adjust,-0.04747537232647902,-0.0011152768142967666,0.0007570311675536208
231,6,1-5,adjust,-0.07228847289333161,-0.0009128359206563997,0.001541518814500476
231,7,1-5,adjust,-0.10787941065871315,0.0004795253590055386,0.0010556181575463713
231,8,1-5,adjust,0.03610706293050552,0.00026324235966909107,0.0008422307771451281
231,9,1-5,adjust,0.0296346094055431,0.0012451153533780946,0.00058622680673671
232,2,1-7,adjust,0.0067006964549991615,0.00048822589758904715,5.822866106811996e-05
232,3,1-7,adjust,0.04240696182573526,0.0006671315502445409,0.0005014750983474878
232,4,1-7,adjust,-0.0543777946658381,-0.00029850019003164335,0.00035335286530001076
232,5,1-7,adjust,-0.028098764824675455,0.0012952176035057892,0.0003344789860468548
232,6,1-7,adjust,-0.08733520218838878,0.000509991304434319,0.0008757077464666927
232,9,1-8,adjust,-0.04542359549385871,-0.00031504290498093424,0.00031150817234004626
233,2,1-4,adjust,0.009715253410337832,-3.7708993405723335e-05,0.0004410963071355084
233,3,1-4,adjust,-0.04759900200997647,0.0001630138531357871,0.0007841354632095699
233,6,1-5,adjust,0.08308863566735494,0.00021808770615299765,0.0007984478390405533
233,7,1-5,adjust,0.11256715476243488,-0.0005075863377257025,0.0006593610201252541
233,8,1-5,adjust,0.1035359709288812,3.172872778777867e-05,0.00013214936658556412
233,9,1-5,adjust,0.08255417558559788,6.308938059476157e-06,2.019349960124485e-05
234,2,1-7,adjust,0.003746280843282296,-0.0006991562280100864,0.0005327501197276152
234,3,1-7,adjust,0.03871141891592966,-0.0007635677825796129,0.0006075942393006611
234,4,1-7,adjust,0.06480576460839065,-0.00023989670476736198,0.00014652508698400637
234,5,1-7,adjust,0.08479721862012445,-0.0012542279841967032,0.00019098880009200795
234,6,1-7,adjust,0.10061715140951258,0.0004655125566159331,0.00018783518036292774
234,9,1-8,adjust,0.02320804676874376,0.0007994796854466589,0.0015065110908128894
235,2,1-4,adjust,-0.013079516429385507,0.00021444422438877408,0.0002248338854501751
235,3,1-4,adjust,0.024107798149466068,0.000366613348176049,0.0004376225680566142
235,6,1-5,adjust,-0.05006435643208858,0.0005743034611007078,9.814222021518071e-05
235,7,1-5,adjust,-0.022812013822945367,0.0006951596306292806,0.000687097784444442
235,8,1-5,adjust,-0.10054788436908758,-0.0001241613483354213,0.0005226196995121418
235,9,1-5,adjust,-0.04467316554703366,-0.0012987841812353226,0.00036382850052547573
236,2,1-7,adjust,0.00216274935172702,-0.00021981791280176134,0.0012835433152867523
236,3,1-7,adjust,-0.10771958025645038,0.0006080517919959461,0.00020554343390064123
236,4,1-7,adjust,-0.05015377860010503,0.0008208858268051335,0.0002680952988299226
236,5,1-7,adjust,-0.03479076931499981,0.00011728280530942824,8.641402104593384e-06
236,6,1-7,adjust,-0.04660809104558811,-0.0008853764289555409,0.0006355765817605638
236,9,1-8,adjust,-0.024206083587209885,0.0005456580476692635,0.00030819017107057883
237,2,1-4,adjust,-0.030085361089612,0.0014616123565919425,0.0009460912258610234
237,3,1-4,adjust,0.01951899819230478,0.00020317431555235378,0.0006086263664460958
237,6,1-5,adjust,0.01985615565742912,-0.0005451139034765024,0.0011582745608125758
237,7,1-5,adjust,-0.039249061220084515,-0.0005096216746358793,0.001092861479281773
237,8,1-5,adjust,0.006115967224093418,-0.0005305959527881509,0.001510343826393416
237,9,1-5,adjust,0.007284066975127331,0.0005519835326742649,0.0005115711675486064
238,2,1-7,adjust,0.041894301656402136,-0.000883051791740491,0.0005621830373834111
238,3,1-7,adjust,-0.015538213626077348,-0.0006152233019054956,0.0012152674396644074
238,4,1-7,adjust,-0.07080770437705852,-0.0011083153613991763,0.0009137214587893752
238,5,1-7,adjust,0.0068387136282797075,-2.236360669334835e-05,0.000767568303837055
238,6,1-7,adjust,-0.01790015385804328,0.0005723001982065189,0.0004123571234511114
238,9,1-8,adjust,-0.02194907639159772,-0.0006399049152873654,0.00014718898955393389
239,2,1-4,adjust,-0.010622015518629036,4.937402791895312e-06,0.00020982847831467152
239,3,1-4,adjust,-0.024808130912495584,0.0003017309918208517,0.0008166611877349204
239,6,1-5,adjust,0.029265806672557553,-0.0008956185544764924,0.0004905211315069605
239,7,1-5,adjust,0.010683734790117713,-0.00036873618287432716,0.0003949397934157953
239,8,1-5,adjust,0.03311734874331287,0.0005969963299792182,3.2038410204689356e-05
239,9,1-5,adjust,0.040884766681729114,-7.120745540207903e-05,0.00058525120134242
240,2,1-7,adjust,0.0040841963428013914,-0.00044929098830123374,6.693246629642072e-05
240,3,1-7,adjust,0.10185536392097164,-0.00031832856990319,0.000602318089215852
240,4,1-7,adjust,0.09666645433874176,-0.00018385345630929993,0.0006318360067296586
240,5,1-7,adjust,0.0371521622149211,0.00036925334330833255,5.49386216821152e-06
240,6,1-7,adjust,-0.00027054315986991905,0.0006698894696973905,0.00011203530461792315
240,9,1-8,adjust,-0.010139494407298826,0.000878309534872734,0.00024967518921023584
241,2,1-4,adjust,0.007026485493616876,-0.000931667421375733,0.00046150255199327886
241,3,1-4,adjust,-0.0022389147143353416,-0.00017106947216970152,0.0006662085139417797
241,6,1-5,adjust,0.005418816845330436,0.0011162871997721267,0.000732072728367467
241,7,1-5,adjust,0.08792032799162622,-0.00011670234756281152,0.0005329572356262541
241,8,1-5,adjust,-0.005732669421517433,-0.00021081611567602207,6.999634253280306e-05
241,9,1-5,adjust,-0.005922961614531612,-0.0011630517194371835,0.0002886177569218556
242,2,1-7,adjust,0.03606108559367886,-0.0002898531202314246,0.0002826609102342026
242,3,1-7,adjust,0.014740786173489695,-0.00025097853825307206,0.0007443129654490468
242,4,1-7,adjust,0.10932473726816695,-0.0005281296365543537,0.0007069343142472766
242,5,1-7,adjust,0.10850327179626695,-0.0003323684087349392,0.0009432247293975196
242,6,1-7,adjust,0.09426588732081494,-0.001075325893594325,0.0008384334017547416
242,9,1-8,adjust,-0.02233041278588722,8.944731519971806e-05,0.0003683031554664131
243,2,1-4,adjust,0.013051759069592895,-0.0006298242515429553,0.0009752073768238289
243,3,1-4,adjust,0.06162485715474615,-0.0008467873048902334,0.0010034251160879388
243,6,1-5,adjust,0.03747775565858065,0.0005214793054957336,0.0009108027347682292
243,7,1-5,adjust,-0.017025626723484177,0.001686142030310709,0.0008414284837380694
243,8,1-5,adjust,0.0031507320368338114,0.0006142737933785423,0.0006464625790015147
243,9,1-5,adjust,0.05061303426041635,0.0013693519200268062,0.0010473811371289133
244,2,1-7,adjust,-0.10871802704279158,0.0035390355068772696,0.0012202493558598722
244,3,1-7,adjust,-0.2436846513194444,0.0024557743599485523,0.0008185424286054966
244,4,1-7,adjust,-0.18375995772742162,0.0011151341692662608,0.00016538814637107169
244,5,1-7,adjust,-0.1446521508606412,0.0008337197026876518,0.00016151063700059636
244,6,1-7,adjust,-0.14208561496459496,-0.000873128810870218,0.00011043668817524818
244,9,1-8,adjust,-0.011531998933331844,-0.0009943034641148485,0.0012028428109422463
245,2,1-4,adjust,0.03155042304616725,-0.0010404518700502905,0.0002472864281704814
245,3,1-4,adjust,0.09058403935098747,-7.0622837990009e-05,0.0008993598869316821
245,6,1-5,adjust,-0.006872892349508983,0.0002238280254539265,2.8780643884880647e-05
245,7,1-5,adjust,0.014499824139840965,-0.0010031833403228642,0.0004948641535643798
245,8,1-5,adjust,-0.025307190820346083,0.0003043939689391747,0.00028058896546239413
245,9,1-5,adjust,0.001114133284904648,0.00024062879131684254,0.00012878195004721913
246,2,1-7,adjust,0.022149859362724334,-0.0004940308646223497,0.00030018179268304524
246,3,1-7,adjust,0.004799175192558451,-0.0011530334702586382,0.0005666674317438876
246,4,1-7,adjust,0.11168309331048827,-0.0005456354104754961,0.0008678119344064464
246,5,1-7,adjust,0.020438233090616622,-0.0008047050151348492,0.0007789807340235601
246,6,1-7,adjust,0.08574425478906353,0.0011104748425599504,0.001536331663338783
246,9,1-8,adjust,-0.02643031229031148,-3.840045778652664e-05,0.00030140298976884765
247,2,1-4,adjust,0.003406591325309778,-7.293266809144176e-05,0.00017416164640952084
247,3,1-4,adjust,0.08672173572981595,-0.00045675358127027633,0.00036938243330966297
247,6,1-5,adjust,-0.06816805787755642,-0.0010027989532105496,0.00027811221594738086
247,7,1-5,adjust,-0.06345203073517007,0.000428520437236821,0.00011602373061876881
247,8,1-5,adjust,0.017521784691361196,-0.0013722032420913773,0.00023031568904317514
247,9,1-5,adjust,0.016972186255112286,0.0005967535364217419,0.0002145526476475164
248,2,1-7,adjust,-0.02953833488376912,0.000727956500825547,0.0013259918819005952
248,3,1-7,adjust,-0.03729546705111665,0.0006661879492475933,0.000244434454912168
248,4,1-7,adjust,-0.10391324096228102,0.0009646520319050933,0.0013837912879057614
248,5,1-7,adjust,-0.045603561200439534,0.000543583742573142,0.00042255728190152523
248,6,1-7,adjust,-0.03237197843222379,-5.2848436078617775e-05,0.001058782708031381
248,9,1-8,adjust,-0.005948440714886923,-0.0010349032243813234,0.0007999877075802613
249,2,1-4,adjust,0.0050971658236721356,-0.00016006686518422512,0.0004989566092747886
249,3,1-4,adjust,-0.05079798920575249,0.0005253687703256464,0.00019190860794764315
249,6,1-5,adjust,-0.0078100082356217845,-0.0001710935263498241,0.0003532419087315803
249,7,1-5,adjust,0.01922541191068802,-0.00022664551758010384,0.00023503464439818462
249,8,1-5,adjust,-0.001174825593727493,0.00039111432899645006,0.0008925698468565438
249,9,1-5,adjust,0.02383881961727963,0.000801574894917005,1.9197355636761115e-05
250,2,1-7,adjust,0.03275180961224156,-0.000525055824149024,0.0006111932512503073
250,3,1-7,adjust,-0.010348105427817226,8.947265550946093e-05,0.0010866090057032342
250,4,1-7,adjust,0.06735459281468863,-0.0011023700254263618,0.0002707747550924627
250,5,1-7,adjust,0.0066296913404370016,-0.0005254496946379713,0.0001485720201268152
250,6,1-7,adjust,0.03974403572801522,0.00045477866865640767,2.720961338341845e-05
250,9,1-8,adjust,-0.031791689610376206,-0.000876496002189759,0.0011425787379908529
251,2,1-4,adjust,0.006097663022131542,0.00028709485008459234,0.00037200946670142
251,3,1-4,adjust,0.08388183393168597,-0.0013865836177517413,6.951506570893957e-05
251,6,1-5,adjust,-0.019390128372744064,-0.0003004271165122058,0.0005004143326013561
251,7,1-4,adjust,-0.05839707855236223,-0.0008335002878248629,3.5945865386089444e-05
251,8,1-5,adjust,-0.015893171766644922,-0.00011490600257080604,0.0003263881548249364
251,9,1-5,adjust,-0.030827647421672395,-6.91505977577793e-05,5.2982648899153406e-05
252,2,1-7,adjust,-0.008045285521389917,-0.001408448182037349,0.0006096760368931245
252,3,1-7,adjust,0.022013691762987547,-0.0001405515754153835,0.0008736066278238543
252,4,1-7,adjust,0.10965992364205411,-0.00024552919739606914,0.00014408222712815926
252,5,1-7,adjust,0.0023290694877033166,0.000677250582870102,0.0006838497880132438
252,6,1-7,adjust,-0.014190418653479846,7.286960109259453e-05,3.87947862686668e-05
252,9,1-8,adjust,0.015446055781849013,-0.00022687367052539253,0.00012500544936662478
253,2,1-4,adjust,0.04377937584115992,0.00012540478239845388,0.00201863323672772
253,3,1-4,adjust,0.07715312760650189,-0.0003707227084874794,0.002920269005843208
253,6,1-5,adjust,0.028677543564289396,-0.0003584187587927439,0.0006161109054744957
253,7,1-5,adjust,0.06916223919708138,0.0003695024409699259,0.000666731622633198
253,8,1-5,adjust,-0.0015513248737460941,0.0007326750229486534,0.000632186853989208
253,9,1-5,adjust,0.05998758319477001,0.0009653209178431854,0.0015567896609591807
254,2,1-7,adjust,-0.059165637677129165,0.0018409104328804859,0.0001226259990606422
254,3,1-7,adjust,-0.0686009511299466,0.0014449334006849668,0.0001607916876313414
254,4,1-7,adjust,-0.07639226507652823,0.0009385172618535853,0.0005220962416640939
254,5,1-7,adjust,0.08022113240830447,-0.0004922776406070257,0.0009288461995723542
254,6,1-7,adjust,0.007507704031269867,6.230632471245672e-05,0.0005611633142337252
254,9,1-8,adjust,-0.042606389801235406,-0.0008491466072353161,4.744420815551801e-05
255,2,1-4,adjust,0.017623383689732937,-0.0015572242527426706,0.0006820255526804567
255,3,1-4,adjust,-0.02777988041391253,-0.000944392892423629,0.00010120330109754543
255,6,1-5,adjust,0.024635415109242605,0.00036763546983762746,0.00027145002983584637
255,7,1-5,adjust,0.004469073063222741,-0.0001489381528445919,0.00034182234894676144
255,8,1-5,adjust,0.04137355569801732,-5.605085480389124e-05,0.00041640502207371396
255,9,1-5,adjust,0.0008462663148198577,0.0009003631839328276,0.00046790809010769876
256,2,1-7,adjust,0.015419202308781008,-0.0003032560816159291,0.0007743203681683637
256,3,1-7,adjust,-0.014009068782049904,0.000691599779305612,0.001084302669082165
256,4,1-7,adjust,-0.04506699581246793,-0.0005696210711861023,0.0007489934975960079
256,5,1-7,adjust,0.06892559910911558,8.928819471603936e-05,0.0009163273049147159
256,6,1-7,adjust,0.019851496492035083,0.00015696490141462276,0.0008503416310123767
256,9,1-8,adjust,0.02670443944285845,0.00022356621078285048,0.0008753846738408804
257,2,1-4,adjust,-0.019772396843021105,0.0005935404160925037,0.0005685289197868546
257,3,1-4,adjust,0.00552566322012091,-0.00018191159682198546,0.0009340783992139915
257,6,1-5,adjust,0.039728231855659185,0.0004921919657388791,0.0016093027134010123
257,7,1-5,adjust,0.06387004600964981,0.00044283915214135826,0.0012312357217950701
257,8,1-5,adjust,0.05444589834766707,0.00022374540576633055,0.000533883662102738
257,9,1-5,adjust,-0.0062960558518807734,-0.00031783528531595807,0.0007197066934687244
258,2,1-7,adjust,-0.007875284211717872,0.0005801360489551846,0.0005571189668161352
258,3,1-7,adjust,-0.03155311580726138,-0.00010262432039495625,0.0011176869367576308
258,4,1-7,adjust,-0.00242580451719181,0.0008215654627064166,0.00045916884843976504
258,5,1-7,adjust,0.011168159732058829,0.00047411960708660723,0.00025802708394819185
258,6,1-7,adjust,0.01268541274351151,-0.0004571945681983668,0.0007632067640712163
258,9,1-8,adjust,0.017248684747306522,0.0006695681997604729,0.00016734701441152323
259,2,1-4,adjust,-0.022310224934846273,-0.000476561970935819,0.00033016415455043504
259,3,1-4,adjust,0.011513724542618653,0.0003102665744915843,0.0015944050199890696
259,6,1-5,adjust,0.029284448806690434,-0.00047408905855495577,0.0018145366205691224
259,7,1-5,adjust,-0.018934300139204826,0.0008740946277678848,0.0006915259472923971
259,8,1-5,adjust,0.041302429045627295,0.0009649551263033033,0.00019452380334007547
259,9,1-5,adjust,-0.019092162750027387,-0.0009281955113330756,0.0005321546086096712
260,2,1-7,adjust,-0.008621265433311313,0.0013935750278465287,0.0010095520867107084
260,3,1-7,adjust,-0.02418343444926019,0.0005036567786123542,0.0010972150143163828
260,4,1-7,adjust,-0.09714103333112709,-0.0007140173104270731,0.0010265195235130888
260,5,1-7,adjust,-0.061871948284297575,0.0010916078069804348,0.0006274712252764457
260,6,1-7,adjust,-0.09639379998499138,0.00031093436256111824,0.0003921913626551392
260,9,1-8,adjust,0.07810104917494297,0.002962573875912153,0.0017114852483090907
261,2,1-4,adjust,0.014955921692079552,-2.0685750762076262e-05,0.0008807045843236129
261,3,1-4,adjust,-0.025544520441510128,0.000360174736632374,0.0006814221936888085
261,6,1-5,adjust,0.07996525418520145,-2.4120047263883694e-05,0.002875769814969904
261,7,1-5,adjust,0.026771798181537354,-0.00012473486794809777,0.0016856373139797955
261,8,1-5,adjust,-0.005417019639808477,-0.0001428624694880078,0.002129443376883462
261,9,1-5,adjust,-0.05311465300207922,-0.0013192390699463931,0.00098562501072901
262,2,1-7,adjust,-0.04072711532617719,0.00011094257747747295,0.0008015776246168538
262,3,1-7,adjust,0.01345388096833797,-4.5854602230777886e-05,0.0010757756475895303
262,4,1-7,adjust,0.06887179028259352,-7.49405078948644e-05,0.0008290004677857861
262,5,1-7,adjust,-0.028946116534204907,-0.0019434754508088593,0.0013274634206769144
262,6,1-7,adjust,-0.04520744000501495,-0.0003073435284998321,0.001208614913814262
262,9,1-8,adjust,0.04472090100992238,0.00017485066504056477,0.0003814239288214594
263,2,1-4,adjust,0.03398509352638059,-0.0008028117199271441,0.0006605629984127161
263,3,1-4,adjust,0.028455864912439482,-0.0008660672367108243,0.0008828321418593959
263,6,1-5,adjust,-0.058486873181194395,0.00047577148740597067,0.000686976207248181
263,7,1-5,adjust,-0.0383549177705909,-0.00047639980199790793,0.0010710541307527314
263,8,1-5,adjust,-0.16486051210520472,-0.0012662759579360552,0.0005255019228203253
263,9,1-5,adjust,-0.07939110340823087,-0.0017749553652478315,0.0003945219693745325
264,2,1-7,adjust,-0.007063781392300821,0.0005595342169304487,0.0005214072642565979
264,3,1-7,adjust,-0.02183714369362716,0.001025016322519357,0.0008184743359470447
264,4,1-7,adjust,-0.0005820897153077526,4.606247464063491e-05,0.0005035826152596979
264,5,1-7,adjust,0.02593491657099616,6.23006341448503e-05,0.0003561674742117633
264,6,1-7,adjust,0.060361128115785624,0.00010432725424119599,0.0005664057330185664
264,9,1-8,adjust,-0.03504084961456095,-0.0010009996877818263,0.0021470753936196647
265,2,1-4,adjust,0.017241820058956414,-0.000943384666647164,0.000850912901944114
265,3,1-4,adjust,0.018443592971440718,-0.0017219774295122064,0.00104507614955549
265,6,1-5,adjust,0.0003592392038028791,-0.0006358427305615463,0.0006738118012473177
265,7,1-5,adjust,-0.025847811577844368,0.0010278473665261947,0.001035229201797347
265,8,1-5,adjust,0.030053050825462693,0.0001394749417930534,0.0007135817712083231
265,9,1-5,adjust,0.04712779181644863,0.001875508108104086,0.0002505706517248696
266,2,1-7,adjust,-0.0037224491430896556,0.0011738664794709217,0.0008957842458002896
266,3,1-7,adjust,-0.0829409254297884,0.002203978856792467,0.0014729338771719488
266,4,1-7,adjust,-0.10262943530929622,0.0004927836511757395,0.0004246114226125031
266,5,1-7,adjust,-0.16015410807701874,0.00040390334990020814,0.0001352886521160302
266,6,1-7,adjust,-0.08019784160548185,0.00030047954993483056,0.0003129334578445002
266,9,1-8,adjust,-0.04253034967001154,-0.0012667247459795842,0.0021733462446568994
267,2,1-4,adjust,-0.009166167632505075,-0.0011380300136242826,0.0006095637794963789
267,3,1-4,adjust,0.02123404255357695,-6.074055300828001e-05,7.998486890141073e-05
267,6,1-5,adjust,-0.09745470723305862,3.733376557950577e-06,0.0005653864289170953
267,7,1-5,adjust,-0.06086538458852407,-0.001999740023147572,0.00045399195241641315
267,8,1-5,adjust,-0.042356634847513834,5.43443728019791e-05,0.0004135225759693589
267,9,1-5,adjust,0.01662652171592929,0.0009372602539857756,0.0008089883173743899
268,2,1-7,adjust,0.04969161014132813,-0.000282997317390412,0.000127613091844529
268,3,1-7,adjust,0.13006816537550817,-0.0013827803994944862,0.00017039436277956183
268,4,1-7,adjust,0.14476083266283307,-0.00020839646251626147,0.0005586636003550624
268,5,1-7,adjust,0.14597015406245972,-0.0002473973378949142,0.0002699547255218379
268,6,1-7,adjust,0.10588458825093408,-0.0003543627237483821,0.0014279444387051878
268,9,1-8,adjust,-0.007214034120528439,-0.0009159390606994846,0.00026543525063463935
269,2,1-4,adjust,-0.021093405742737794,0.00030521974910679945,0.0008131701157817711
269,3,1-4,adjust,-0.023572791511486973,0.000219421534204667,0.0009276772026049107
269,6,1-5,adjust,0.032426112103513295,4.88275576759336e-05,0.0001804389056329361
269,7,1-5,adjust,0.028057295424158617,0.0012365531967563174,0.0001200754053862902
269,8,1-5,adjust,0.07236389255422922,-0.0004060249258945826,5.4419639022266046e-05
269,9,1-5,adjust,0.03339580069997718,0.0004094909298250096,0.000359598678451194
270,2,1-7,adjust,-0.02065055133765937,0.00015605024655527525,0.0007076581949992639
270,3,1-7,adjust,-0.12044641499525674,0.0004393266581483317,0.000729747718710395
270,4,1-7,adjust,-0.09400584550608766,-6.861416166800107e-05,0.00027658707541124177
270,5,1-7,adjust,-0.08295927410067429,0.0003253645687521798,0.0002533794036288139
270,6,1-7,adjust,-0.03758975455933219,0.0005306661946324956,0.0009112285902422595
270,9,1-8,adjust,-0.00409276342294866,9.889530998158561e-05,0.0007403769316279709
271,2,1-4,adjust,0.00937957729169122,-0.0001544700634114926,0.00015602546931398414
271,3,1-4,adjust,0.04117633798483406,-0.00113111913592124,0.0007152801568947668
271,6,1-5,adjust,-0.03235542959864314,1.9376853045039746e-05,0.0007475292072483147
271,7,1-5,adjust,0.01919278945549332,-0.0008458527867933175,0.00044089826255893445
271,8,1-5,adjust,0.016913908731234092,0.0008708116510337989,0.0004926112936306405
271,9,1-5,adjust,0.024807245104981432,0.00023382501980441246,0.00016419131914575965
272,2,1-7,adjust,0.042212524661899634,6.337907840207695e-05,0.0007459786636282579
272,3,1-7,adjust,0.07970254253445713,0.0009727071904988901,0.001086312256229422
272,4,1-7,adjust,0.06939011039033709,0.0007457795946430401,0.00041503714621607125
272,5,1-7,adjust,0.07015343227943031,-0.00025986897860336,0.0005887799977595828
272,6,1-7,adjust,0.04994557785520072,0.0001955386803105758,0.0009259351457541529
272,9,1-8,adjust,-0.02182316422842024,0.0004414449290689286,0.00034215158940164463
273,2,1-4,adjust,-0.05320775780189008,0.0005354932148861007,0.0008265154484714125
273,3,1-4,adjust,-0.06450064635903559,-0.0005706508590008656,0.001310158974742043
273,6,1-5,adjust,0.007146911759327394,0.00033359488239185673,0.00016631765747334682
273,7,1-5,adjust,-0.004948688258939639,-0.00030808007369586556,0.000805203046267461
273,8,1-5,adjust,-0.0041884903740632565,-0.0007212874121462474,7.272905568279808e-05
273,9,1-5,adjust,-0.01768799044387299,-0.0010235509949662826,0.0009052084204247684
274,2,1-7,adjust,0.04276913937517041,-0.00043059966493272096,0.00026272405595348456
274,3,1-7,adjust,0.09743778493858095,-0.0007621587723847091,0.0004055501410396874
274,4,1-7,adjust,0.021998642469840877,-0.00042881139194414665,4.099084704059404e-05
274,5,1-7,adjust,-0.0014501127650970904,0.0004206312237089629,0.00023292787864723205
274,6,1-7,adjust,0.022721056912592484,-0.0004079343076468393,0.00010020926428794685
274,9,1-8,adjust,0.0071967065018458025,0.0005977538875487811,0.0005887061390864108
275,2,1-4,adjust,-0.03670905733259682,-9.628734859759953e-05,0.0006339303841547808
275,3,1-4,adjust,-0.039411240221169486,0.0007937551003044352,0.0002047396050401673
275,6,1-5,adjust,0.003827402858831877,-0.00015753198112219966,5.735751992472578e-05
275,7,1-5,adjust,0.031588343879634107,0.0013345095922486757,0.00014763443275675963
275,8,1-5,adjust,0.042723932562278334,0.0010901028931414088,5.3646757738269456e-05
275,9,1-5,adjust,0.009866767530339026,-0.00028946918194198333,0.0004248354012287762
276,2,1-7,adjust,-0.022656587698977753,-6.618317622947547e-05,0.00040220455634781593
276,3,1-7,adjust,-0.1168881997310406,0.0007161828747706318,8.790220309758705e-05
276,4,1-7,adjust,-0.0731363152271443,-0.0002058774169779673,0.0006465679148292069
276,5,1-7,adjust,-0.06957322289617253,-3.616878728817425e-05,0.00027022636716690055
276,6,1-7,adjust,-0.017727376564746346,-0.00026195663604242287,0.0003618549153010049
276,9,1-8,adjust,0.03346727804001463,0.0012836328147266163,0.00017116865590156093
277,2,1-4,adjust,0.017769301840394786,0.0009151054419309648,0.0010972724209854382
277,3,1-4,adjust,0.05532690759759062,-1.848431440468069e-06,0.0003587214115138599
277,6,1-5,adjust,-0.04330290613399445,-7.406005924891395e-05,0.0005456456228963533
277,7,1-5,adjust,-0.05282541650872545,-0.0005491701537909955,0.000576021312675382
277,8,1-5,adjust,-0.05696963950370861,-0.001036876504800879,0.0003773910440362626
277,9,1-5,adjust,-0.03021057806286828,-0.0014504058919509305,0.00024025586855449865
278,2,1-7,adjust,-0.010060844373771822,-0.00014542953454555987,0.00019532570520733325
278,3,1-7,adjust,0.04823984922446352,-0.0001598872774418618,0.00015975174922618112
278,4,1-7,adjust,0.0544088092217779,0.0009445246575657315,0.00020525405392045868
278,5,1-7,adjust,0.04186475216952453,0.00028785798341386524,0.00013847494784054285
278,6,1-7,adjust,-0.01525097420037668,-5.525615529613827e-05,0.0001010160925238118
278,9,1-8,adjust,-0.011960480336136194,0.00032661956218054127,0.00017451885865215009
279,2,1-4,adjust,0.003965892964483738,-0.00035891481099516154,1.8491312435393847e-05
279,3,1-4,adjust,-0.028596697930881626,-0.0010104356428599075,0.0003285104906814346
279,6,1-5,adjust,0.025489054058464026,0.0007110892542396662,0.0005111914614448895
279,7,1-5,adjust,0.03718970527294164,0.0007815252359948859,0.00042902114701111235
279,8,1-5,adjust,0.043131187170413615,-0.0009843097331416497,0.0009900265090251185
279,9,1-5,adjust,0.011373693469385602,-0.0006467873225593053,0.000225797310000091
280,2,1-7,adjust,-0.03548496320734288,0.0012216505600826984,0.0012716333237611794
280,3,1-7,adjust,-0.04751363373989796,0.0011299751677984941,0.0011089457361878798
280,4,1-7,adjust,-0.06311131717304995,-0.00018104826419968373,0.0007830540423835634
280,5,1-7,adjust,-0.048813507063652284,-0.0001661546964258101,0.0014960273944213112
280,6,1-7,adjust,-1.735159162892505e-05,-0.0008754018959303273,0.001367584608517343
280,9,1-8,adjust,-0.008280292589719065,0.001011951124163231,0.0009894638811776973
281,2,1-4,adjust,0.014677601300707815,-0.0005693974396487548,0.0006424805768217279
281,3,1-4,adjust,0.0038282629359185946,-0.0005868293489040041,0.00011212590152090036
281,6,1-5,adjust,-0.02172899873175913,0.0006058268836810211,0.0005981260454441484
281,7,1-5,adjust,-0.049312684179474243,-0.001159181782048526,0.0011048748250984436
281,8,1-5,adjust,-0.053924720143287405,0.001082671130565416,0.000781113887532883
281,9,1-5,adjust,-0.01395007735338276,0.00015428783073418977,0.0001950113379863496
282,2,1-7,adjust,0.0481731196400182,-0.0015782873499694046,0.00022799876877236698
282,3,1-7,adjust,-0.0211478145676451,-0.00034115045865637517,0.0003030470962618053
282,4,1-7,adjust,0.07854890742174432,-0.0008121960630419457,4.528611671310586e-05
282,5,1-7,adjust,0.053731172390327556,0.00013399227489241264,0.00022655533543659105
282,6,1-7,adjust,0.023140184582787493,-0.0006449927551869171,5.7836776096722295e-05
282,9,1-8,adjust,0.00317919848768507,-0.0011426477418261657,0.00013471616163078095
283,2,1-4,adjust,-0.016442913014363295,0.0006214876483652298,0.000301362046848788
283,3,1-4,adjust,0.1169501784641335,-2.6172755276967927e-05,0.0007785583119529986
283,6,1-5,adjust,0.007530000400592022,0.0007177777152227915,0.0001837862673172072
283,7,1-5,adjust,0.008838315440711338,0.0006469061121319368,0.0002912324895905428
283,8,1-5,adjust,0.05856281206064135,-1.1505712842426218e-05,0.00034216209795156604
283,9,1-5,adjust,0.006134547079897613,0.000676806108836782,5.916753904977389e-05
284,2,1-7,adjust,0.011329440692227145,-0.0005214533644584057,0.00012988102787699134
284,3,1-7,adjust,-0.0647627390069293,0.0005174914615641617,0.00012851856363629228
284,4,1-7,adjust,-0.03233194709360027,0.0005608788999349202,0.00018115258550533014
284,5,1-7,adjust,-0.09311484205109644,-0.0007353124356899137,0.0009189475020541299
284,6,1-7,adjust,-0.028157573584620847,-0.0004796701693962594,0.0011399063417364178
284,9,1-8,adjust,0.022910716439013525,-0.00013005295330560874,0.0004033282908288297
285,2,1-4,adjust,-0.014257926123644193,0.0011560678427858834,0.00045891276268070815
285,3,1-4,adjust,0.006181343991714965,0.0007466304964771141,0.0001370813019780235
285,6,1-5,adjust,-0.07016724342288075,-2.6335613917521272e-05,0.0010077336749074778
285,7,1-5,adjust,-0.03624539071786771,-0.000547971307886818,0.0008863089827043453
285,8,1-5,adjust,-0.037151424228958035,-0.0001382850657732785,0.0008650774707643044
285,9,1-5,adjust,-0.030538165394818784,0.0005174058841321333,0.0008174008501878158
286,2,1-7,adjust,0.023639922410685136,-0.0003228774894825061,0.00032729442147314984
286,3,1-7,adjust,-0.06618700693423545,-0.0005880051700800063,0.0003223726034708525
286,4,1-7,adjust,0.011989539281977159,-0.0006921705280295353,0.0004930198644508846
286,5,1-7,adjust,0.0048783898470729945,-0.00042445412955323,2.979790917660513e-05
286,6,1-7,adjust,0.06264700891628022,0.00025347991651468026,6.412745533975866e-05
286,9,1-8,adjust,0.0028256320648315614,-0.00038398590204738513,0.00017597833227223864
287,2,1-4,adjust,-0.018585116976291758,0.00030857473579748684,0.00015150363753260198
287,3,1-4,adjust,0.08741193916555678,0.00011915357436740225,0.00010946287137028103
287,6,1-5,adjust,-0.06124922373867048,-0.0003854368051261787,0.001318749102145481
287,7,1-5,adjust,-0.060304075888754215,-0.00013619238852183332,0.00048006788182315284
287,8,1-5,adjust,-0.05576701157054355,-0.00018562248176636924,0.00026651187118292954
287,9,1-5,adjust,-0.01592826667288096,-0.0010589077208999949,0.00038838812351474887
288,2,1-7,adjust,0.027392089828817506,-0.0011411099088566943,0.0003454921214946835
288,3,1-7,adjust,0.01302938349452847,-0.0006117727603592758,0.00045998926323888295
288,4,1-7,adjust,-0.03036685958415271,0.00038833234375528484,0.00025891135557118015
288,5,1-7,adjust,0.029088424363037654,0.0008661743219806192,0.00010025319829095747
288,6,1-7,adjust,-0.034428403038130016,-0.0007229024270667198,3.238051623245196e-05
288,9,1-8,adjust,0.011102580707365977,0.0008340594617390678,0.0005325409746687525
289,2,1-4,adjust,-0.04372286742761052,0.0014525516797129006,0.0005403794018733109
289,3,1-4,adjust,-0.042469829532663865,0.0009450797086816287,0.0003448794780812579
289,6,1-5,adjust,0.11848701350639662,0.0016246600006220363,0.00025868206044043867
289,7,1-5,adjust,0.03877375989049915,0.0009101533287444433,0.00010194500767642619
289,8,1-5,adjust,0.01211365472397184,-0.00028664783436550237,0.0005621939049680291
289,9,1-5,adjust,0.018783935642079218,-0.00021699119837271854,0.00046736473197093005
290,2,1-7,adjust,0.010282519193908062,0.00041059223670583087,0.0015926263224486968
290,3,1-7,adjust,-0.01893065092150799,-0.0002708111687901154,0.0009849393557058894
290,4,1-7,adjust,-0.04051107533805241,0.001037220010390589,0.0014779311363021278
290,5,1-7,adjust,-0.04782124509025124,-0.0003329935779646033,0.0012305414199592652
290,6,1-7,adjust,-0.058812594564709095,-0.0007078817550542512,0.0010364247938415977
290,9,1-8,adjust,-0.03448868588357924,-0.0009429246997182347,0.001796620821601412
291,2,1-4,adjust,-0.03875343171933814,-0.0006800666128195489,0.0007692766153520278
291,3,1-4,adjust,-0.042006730407127824,-0.00011615578758482837,0.000469699221793808
291,6,1-5,adjust,-0.010754843430611907,-0.0004373638685611093,0.0011194785581670672
291,7,1-5,adjust,0.013693643815973919,-0.00048788597986125786,0.0012085321282432337
291,8,1-5,adjust,0.011103027023146946,-0.00043804809788464306,0.0014187673110495024
291,9,1-5,adjust,-0.022438140705644753,-0.00033171519353067586,0.002530946402555587
292,2,1-7,adjust,0.02744402728978001,-0.0005871572098630406,0.0010371779438705338
292,3,1-7,adjust,0.009478015517413011,0.0006614712197868292,0.0017937169966365095
292,4,1-7,adjust,0.008638277472541348,-0.00028476442866374926,0.0019435892652536724
292,5,1-7,adjust,-0.05132249678763589,0.00010481268800985518,0.0016599707225765702
292,6,1-7,adjust,0.024594279265874368,0.0006376624009519012,0.0010072403289256183
292,9,1-8,adjust,0.008694268508782063,0.0010930017629211639,0.0003520785380773967
293,2,1-4,adjust,-0.00540576801028837,0.0010798361935075323,0.0005364453863140997
293,3,1-5,adjust,0.011224805677196284,-0.00041553004303985635,4.9133189547770267e-05
293,6,1-5,adjust,-0.08287512964913418,-0.001128712239180898,0.0015863861847195066
293,7,1-5,adjust,-0.06955025066072483,-0.0009846776935992431,0.0008801352333697713
293,8,1-5,adjust,-0.042806273945250606,0.0004566366372228052,0.0016605505909790192
293,9,1-5,adjust,0.01396659654953209,0.00029981997028151854,0.0005824638164185268
294,2,1-7,adjust,0.07825535691684414,-0.002317772932988633,0.00028323268650268235
294,3,1-7,adjust,0.12150348064906855,-0.0015197579437538661,6.014506865436852e-05
294,4,1-7,adjust,0.052111465063489654,-0.0005761932934632647,0.00049222964519034
294,5,1-7,adjust,0.08036903334294912,6.547724215208503e-05,0.0003394970921457496
294,6,1-7,adjust,0.044212816080968095,0.0014587873180049713,0.0011902720605913649
294,9,1-8,adjust,-0.0061417953079691435,-0.0013011142332942482,0.0001499902065777114
295,2,1-4,adjust,-0.08129734937692308,0.0019270331601311185,0.00016786951206020304
295,3,1-4,adjust,-0.07080461781501632,0.0008687056284568158,0.0004497404763090529
295,6,1-5,adjust,0.027635521540601796,-0.00046821018825201526,0.0011057406747017992
295,7,1-5,adjust,0.1172411373989604,0.0007838025752639663,0.0007380810526938991
295,8,1-5,adjust,0.00527386373646055,0.0010188600309375053,0.0001223589278403962
295,9,1-5,adjust,0.03859825452190078,0.001249410765473194,0.0010464181600412772
296,2,1-7,adjust,0.015967887319538063,-0.0005967379401509627,0.0009087426494305617
296,3,1-7,adjust,0.06156613612931392,9.419234800205253e-05,9.657192646953368e-05
296,4,1-7,adjust,0.000159803562155549,-0.0003719156724474858,0.0004685577404144331
296,5,1-7,adjust,0.050457795358350405,-0.00027442608710750825,0.0007343926905488797
296,6,1-7,adjust,0.048213821669123295,-0.00018447910582658852,0.0010612741443561283
296,9,1-8,adjust,-0.03023482893838998,-0.0011170411740292461,0.0010546528968282444
297,2,1-4,adjust,0.01329055573747224,0.00017609384030940287,0.0001347168987318961
297,3,1-4,adjust,-0.061936901482616734,4.0457055143417274e-05,0.0003699906813724065
297,6,1-5,adjust,-0.0030819784856305696,-0.00014593304144805582,5.2491331885381376e-05
297,7,1-5,adjust,-0.005312629839568132,0.00043802728500657814,0.0003335572077841082
297,8,1-5,adjust,-0.011672018778136882,-0.0005582849310427905,0.0005820283214788912
297,9,1-5,adjust,0.02860602278251683,0.0008906599614350025,0.000305610765376425
298,2,1-7,adjust,-0.027698242621130242,-0.0005548769001098204,0.0003106650945665537
298,3,1-7,adjust,-0.0437002641820063,0.0007208367916342794,0.0011776140445348352
298,4,1-7,adjust,-0.029470694572496455,0.0002898495768395479,0.00010425136955349516
298,5,1-7,adjust,-0.0234951697894331,0.0004173770785612868,0.00033157996319364646
298,6,1-7,adjust,-0.016714576186385454,0.000422297600120317,0.0004856594123161434
298,9,1-8,adjust,-0.04517517957207372,-9.930968128701782e-05,0.0015114058929238112
299,2,1-4,adjust,0.012240436081014671,0.0002411787239848939,0.00012747045905318004
299,3,1-4,adjust,0.04644069259143121,-0.0010353517851322638,0.0004902981795370376
299,6,1-5,adjust,0.0021342271119768664,-0.0007382118482386551,0.00033375299751979483
299,7,1-4,adjust,0.017795987846690262,-0.0011774002072896792,4.369270189456108e-05
299,8,1-5,adjust,0.07019569428098135,1.8136317895290855e-05,0.0007377797660437759
299,9,1-5,adjust,0.06908094878486519,0.0009986196640276864,0.000516663422871794
300,2,1-7,adjust,0.01137343627253463,0.0002604783133455836,8.250352443329179e-05
300,3,1-7,adjust,0.04694335731901867,-0.00014838959257285292,0.0004068205030045627
300,4,1-7,adjust,0.11115941003777088,-0.0009121475712346065,0.001113127866588327
300,5,1-7,adjust,0.043130449360955184,-0.001345602248883746,0.0004122838719732141
300,6,1-7,adjust,0.06849827332355495,0.0006607508041539012,0.00015804505599077687
300,9,1-8,adjust,-0.02985634950874203,-0.000947351292857615,4.773890368025862e-05
301,2,1-4,adjust,0.03469184815113804,-0.0010670675453141037,0.00046618027445930095
301,3,1-4,adjust,0.04774582403505523,-0.0005266317607923324,0.00039287853685091164
301,6,1-5,adjust,-0.09806888330156423,0.00011576959487719984,0.001171209669079567
301,7,1-5,adjust,-0.03657878195250657,0.00021758925969507777,0.0003054840958039188
301,8,1-5,adjust,-0.10233384079900776,-0.000621187360007668,8.257704729843227e-05
301,9,1-5,adjust,-0.06420580638484129,-0.0013314476971863418,0.0009018111292251661
302,2,1-7,adjust,0.01306256127401075,-0.000557037654198476,0.0006822911760193286
302,3,1-7,adjust,-0.04799736251703609,0.00030807108056443743,0.00017128829675069025
302,4,1-7,adjust,-0.05654531217255569,0.00029845440696738343,0.00017041271718595163
302,5,1-7,adjust,-0.0215403461183254,0.0011536677395431,0.000487329874295975
302,6,1-7,adjust,0.055492975553087305,-0.00034842031935613393,0.0007985047911658104
302,9,1-8,adjust,0.001914790768726211,-0.0004937340210742422,0.0015933630501162104
303,2,1-4,adjust,-0.03245265867321955,0.0007122698826247709,0.0014226007496173053
303,3,1-4,adjust,-0.0048987848471256385,0.00023645336182454542,0.0005677115005170581
303,6,1-5,adjust,-0.010073396737685179,0.0009041489850204254,0.0004567465976692976
303,7,1-5,adjust,0.037262231533266764,0.0009054444441135057,0.0002021451385724056
303,8,1-5,adjust,0.03751321390904512,0.0006808552813626714,0.00010307557863504197
303,9,1-5,adjust,0.0610278642914067,0.0013430430171424,0.0005301168192108751
304,2,1-7,adjust,-0.0011501644480675548,0.001636995758521396,0.000623292795081823
304,3,1-7,adjust,0.01660861433936155,0.0004632377577931546,3.703775412624234e-05
304,4,1-7,adjust,0.006659008779332779,0.0005848960931756965,0.00021844295519989063
304,5,1-7,adjust,-0.019583039481562346,-0.00030541284697656134,0.00013377035204472423
304,6,1-7,adjust,0.019163306456074627,-0.0003222896424461951,0.000991102592492927
304,9,1-8,adjust,-0.03373713262766858,0.00022055911618707537,0.0023077926172481696
305,2,1-4,adjust,-0.003957416992092149,-0.00034298502530278723,0.0002145955045389857
305,3,1-4,adjust,-0.04532821617503893,-0.000746664285251187,8.839396418441732e-05
305,6,1-5,adjust,-0.040143911189089415,0.00016188353923138758,0.000357221601633281
305,7,1-5,adjust,-0.04239331456203965,-0.0003063198886609437,0.001071666207592764
305,8,1-5,adjust,0.06574275652360792,-0.00025300758738202515,0.0005437490957802913
305,9,1-5,adjust,0.018423145197134325,0.0004694904658158784,0.0010197077124444484
306,2,1-7,adjust,-0.02086204677608729,-0.0005581042786478613,0.0007010607113700321
306,3,1-7,adjust,0.018611251108761398,0.0007583788839820275,0.0005663643634512402
306,4,1-7,adjust,-0.06683446415075076,0.0001248612672098987,0.00016065514943360638
306,5,1-7,adjust,-0.014238750530894358,6.034297438404046e-05,0.0003449265190474187
306,6,1-7,adjust,-0.0036843876893540134,-0.0015005899118856394,0.0009814668716247477
306,9,1-8,adjust,0.029980205426018047,0.00027563640851527787,0.0003558911852335842
307,2,1-4,adjust,-0.016511381198095854,0.0007034908851282821,0.000716841608808049
307,3,1-4,adjust,-0.0580756035459854,0.0008418928960130873,0.0009883863125320124
307,6,1-5,adjust,0.0033998311160043974,0.0008366240784786395,3.913254539328598e-05
307,7,1-5,adjust,-0.0564684070610406,0.000287926509557854,0.00038619412585779106
307,8,1-5,adjust,-0.031083260551932487,5.546936017339106e-05,0.00042467990219104617
307,9,1-5,adjust,-0.011239507446257763,-0.0006204486953096754,0.0007784194058756109
308,2,1-7,adjust,0.023628009158309503,-0.0012302675052639075,0.0003817481753476624
308,3,1-7,adjust,0.018246727927708765,0.0001750275462508895,0.0008616751176409267
308,4,1-7,adjust,-0.0838609776635141,0.00042333690742576936,0.0012699818984790157
308,5,1-7,adjust,-0.06270094483546511,0.0001618431241173298,0.0008312725208005154
308,6,1-7,adjust,-0.0704852967888139,0.0002274120513145744,0.0011969725431701438
308,9,1-8,adjust,-0.007638641491286303,0.0005674731520684679,0.0005792873772799741
309,2,1-4,adjust,-0.04595107096817143,0.0023711311950236594,0.0014021384082891193
309,3,1-4,adjust,-0.0871543419658029,0.0006354307732167261,0.0014961905743946819
309,6,1-5,adjust,0.02041271880069909,-0.00014010937597096437,0.00013839947702484146
309,7,1-5,adjust,0.0014336884211443208,-0.002042397942618389,0.001472279004496323
309,8,1-5,adjust,-0.01662127472402249,-0.00036926931038988223,0.0008449004125332245
309,9,1-5,adjust,0.01723681298038035,3.56866163345425e-05,0.000739475520568531
310,2,1-7,adjust,0.15256042062628253,-0.005353879247260433,0.0009763562664131874
310,3,1-7,adjust,0.19897818377671747,-0.0034509793602525516,0.00037977579497663135
310,4,1-7,adjust,0.26545980496438704,-0.001863252134667892,0.00010020217169128115
310,5,1-7,adjust,0.15141797459102763,3.5337332915867594e-05,4.315109795752362e-05
310,6,1-7,adjust,0.05226321600453025,0.0009125507022951112,0.0002676650917229496
310,9,1-8,adjust,-0.04036865655953303,-0.0002171574947605115,0.0014563464266428433
311,2,1-4,adjust,-0.026088508052027816,0.0021989864394232907,0.0014118670651462224
311,3,1-4,adjust,0.047492621816634044,0.000559283585215994,0.0017616495710593232
311,6,1-5,adjust,0.07179844000295965,-0.0008449040463992803,0.0003535263143539232
311,7,1-4,adjust,0.09881786644211073,0.0014674241870126542,9.610950205688223e-05
311,8,1-5,adjust,0.028643628713538382,0.00019557451759356247,0.00056829730137325
311,9,1-5,adjust,0.041631405891640036,0.000318354580784928,0.0015460386758134363
312,2,1-7,adjust,-0.07272782651180072,0.0017153388783318175,0.0006570269217933017
312,3,1-7,adjust,-0.14693253286172586,0.0006157759375042959,0.00013719057749723285
312,4,1-7,adjust,-0.10523271479041006,0.0007180483550362718,0.0006976009984551506
312,5,1-7,adjust,-0.09212048953826171,2.534008840159849e-05,0.00022020361569280875
312,6,1-7,adjust,0.013169518332081907,0.0005997583659345709,0.0010552767057547428
312,9,1-8,adjust,-0.023499087882726633,-0.0005370705499130859,3.2852891227146156e-05
313,2,1-4,adjust,0.027822279700652607,-0.0005106151456107065,0.0004152570575349623
313,3,1-4,adjust,0.06557238035180112,1.2182260399895173e-05,0.00164280603996534
313,6,1-5,adjust,-0.08181602653975242,-0.0008696111715435779,0.0003867869011576357
313,7,1-5,adjust,-0.04811875991492441,0.00012720643823403824,0.0004305991329517794
313,8,1-5,adjust,-0.02706151037149306,-8.678976536745634e-05,0.0003196059781778668
313,9,1-5,adjust,0.0029744098803185354,0.00020534176980807416,0.00043542170576214064
314,2,1-7,adjust,-0.013293476706406609,-6.592339760159282e-05,0.001056485304914426
314,3,1-7,adjust,-0.04278707207302688,-9.42150407329784e-06,0.00028666778656533885
314,4,1-7,adjust,-0.10174185941455526,0.0006027003331450236,0.0009257397391426453
314,5,1-7,adjust,0.0003866271171774415,-0.0002743386087042391,0.00044403183127331207
314,6,1-7,adjust,-0.013392708666067987,-0.00069446817484677,1.0717412729719102e-05
314,9,1-8,adjust,-0.015366785943560406,0.00018517907850853314,0.0005966779856627331
315,2,1-4,adjust,-0.03373616927315457,0.0006393282617532011,0.001028147526866349
315,3,1-4,adjust,-0.04365459968911744,0.0016928492864834417,0.0011070653661144827
315,6,1-5,adjust,0.004468846318201285,0.00030411095044334085,0.0001941848950065314
315,7,1-5,adjust,-0.005017878177348642,-0.00019474967236805877,0.00016851961874870348
315,8,1-5,adjust,-0.018876176662822805,-0.0007221578317981448,0.0012826668506746713
315,9,1-5,adjust,-0.004402635211170833,-0.00020128569019518258,0.0011839995811678441
316,2,1-7,adjust,0.0561490268888241,-0.0011378027450143539,0.0007442658076512048
316,3,1-7,adjust,0.06704164740103255,-0.0008769451827555811,0.0013843663089690911
316,4,1-7,adjust,0.08236689994086523,-0.00018830878356588,0.0009866088102874584
316,5,1-7,adjust,0.037371177286627595,0.0003672566866571746,0.001003665999583284
316,6,1-7,adjust,0.016711855114899577,0.0009112263815189184,0.0007830254226169718
316,9,1-8,adjust,-0.02243379414999835,-0.0018656588713356654,0.0008980887384638669
317,2,1-4,adjust,-0.06040231523610047,0.001320113381964062,0.0007290347885090584
317,3,1-4,adjust,-0.007533814369390527,-0.0006085337400250217,5.8021126082550574e-05
317,6,1-5,adjust,0.019817918259281638,-0.0008693961649754392,0.00020214075724483285
317,7,1-5,adjust,0.07607426278388575,0.00015577801603398512,0.00014169941971194777
317,8,1-5,adjust,0.07435482804511086,0.0012499146050826688,0.00017132805138812062
317,9,1-5,adjust,0.06263696659313624,0.0022355195598551653,1.7250752422906125e-05
318,2,1-7,adjust,-0.005724903184802675,0.00043778140674538834,0.0002501045573711023
318,3,1-7,adjust,-0.014353322054943524,-0.00015428465418492,5.398880516486592e-06
318,4,1-7,adjust,0.024485742643790828,-0.000615863078085319,0.0005092054301654216
318,5,1-7,adjust,0.06242543001854799,-0.00010584664493896992,0.0005211163707630107
318,6,1-7,adjust,0.05941724411211963,0.0008517462199353351,0.0004011076629372011
318,9,1-8,adjust,-0.00825159555316979,-0.00012130038274202233,0.0005240397907418687
319,2,1-4,adjust,0.06668117466353646,-0.001434618475813412,0.00017210410386803813
319,3,1-4,adjust,0.02640959606898228,-0.00022721579957688678,0.00046112161758967845
319,6,1-5,adjust,0.010472390252277839,-0.0008198982716826633,0.00011897061876685977
319,7,1-5,adjust,0.016089161623246473,-0.0005293320381905294,0.0004558895586845522
319,8,1-5,adjust,-0.018865011196125516,-5.9155022020537234e-05,0.0008833390016837647
319,9,1-5,adjust,-0.0008907755915055117,0.00016497616377753773,0.00025226710512517433
320,2,1-7,adjust,-0.03292921722729938,0.00030815313293976285,0.0002319360128475073
320,3,1-7,adjust,-0.030428165155233836,-3.267518468044359e-05,0.0005142811231963489
320,4,1-7,adjust,0.08868785377929729,0.0005375821622661781,0.0012668906425557223
320,5,1-7,adjust,0.002563118418479998,-0.0006517004023131049,0.0014172817307502269
320,6,1-7,adjust,0.002984965201078264,-0.0005781808363512853,0.0015368770503212748
320,9,1-8,adjust,-0.013237117541718852,-4.724323692151693e-05,0.0004735345399932818
321,2,1-4,adjust,0.0456508404070596,-0.0008047774685733442,0.00036658223701816384
321,3,1-4,adjust,0.05851559908691819,-0.0009910128428953723,0.0008467292439627486
321,6,1-5,adjust,-0.031456034509157633,0.0011296847855982424,0.0010639737059555123
321,7,1-5,adjust,-0.0012006105122421488,0.0004031224445661774,0.0002981420975207013
321,8,1-5,adjust,0.0026492295854010045,-0.00046717246968244655,0.00022352551557902194
321,9,1-5,adjust,-0.01813883908122037,-0.001347307094862546,0.0005351585543065962
322,2,1-7,adjust,-0.018624454096666507,0.0002126189065186854,0.00030972968862277237
322,3,1-7,adjust,-0.05191325607413547,0.0017083786481458512,0.00017192156987902316
322,4,1-7,adjust,0.06213927592047382,-0.00044058898761884234,0.0002916735403722882
322,5,1-7,adjust,-0.0037864008291941527,0.00036685238356814825,8.270111515852622e-05
322,6,1-7,adjust,0.04302423035291855,-2.204367877974582e-05,0.00043635622811689055
322,9,1-8,adjust,0.0327580508665219,0.0004084225603298066,0.0005348837170715809
323,2,1-4,adjust,0.051056640421144606,-0.0018225259231762054,0.0016084531233543596
323,3,1-4,adjust,0.12063697772604134,-0.002248698065231838,0.0026464446878399703
323,6,1-5,adjust,-0.044599456699081705,0.00025221643697886866,0.0007120507750577387
323,7,1-5,adjust,-0.02999838501488185,0.0006131029644983584,0.0005982768276358562
323,8,1-5,adjust,-0.011456392195218469,0.0008065508105893848,0.00031125215704234834
323,9,1-5,adjust,-0.006645360955822923,0.00020221544518731025,0.00037157001295814936
324,2,1-7,adjust,-0.081842280603074,0.003021331106841748,7.028846120964791e-05
324,3,1-7,adjust,-0.15274175504848536,0.0025302260321083043,0.00015063997074944423
324,4,1-7,adjust,-0.2652895680684114,-7.690415250354538e-05,0.0005140337912261533
324,5,1-7,adjust,-0.12421088469107178,0.0004479567622893025,0.0003032805541811952
324,6,1-7,adjust,-0.007993467023565948,-0.0004264092419252823,0.00047838551795598096
324,9,1-8,adjust,-0.005818462174718472,0.0011862718720366732,0.001213898889405771
325,2,1-4,adjust,-0.009810222850025354,-0.00013275095510640502,0.0008083681731078146
325,3,1-4,adjust,0.007035431983591815,0.0003799530684362645,0.0005350210567379534
325,6,1-5,adjust,-0.10279647474325258,0.00048377813830146157,9.754942011437353e-05
325,7,1-5,adjust,-0.06640346004523895,-0.00021695295911715044,0.001109633668706872
325,8,1-5,adjust,0.021707902734668712,-0.0010297403371190058,0.00015379475729698013
325,9,1-5,adjust,0.018009260483806445,-0.00030261697465860796,0.00013860185961452607
326,2,1-7,adjust,-0.01020192975022956,-0.0002224580324015768,0.0007268046002854089
326,3,1-7,adjust,-0.010107427720310765,-0.001956879660717362,0.0006421489401340365
326,4,1-7,adjust,0.011589956357776864,0.0012100220048111253,0.0010107486985069913
326,5,1-7,adjust,0.10160377825539374,0.0008340564520368643,0.0007971870340839702
326,6,1-7,adjust,0.023392156508364317,-0.0007329620262312752,0.0008979834718718534
326,9,1-8,adjust,-1.605137763260027e-05,-0.0006866397977584896,0.0001528647147731179
327,2,1-4,adjust,-0.03767873345599131,0.0013278777971388845,0.0010378558206808439
327,3,1-4,adjust,-0.02566008879691643,0.0004608058457197137,0.0002504184795739396
327,6,1-5,adjust,0.10161424270077732,0.0011348401689784465,0.00044716283239826633
327,7,1-5,adjust,0.09439509356848677,-0.0009703946712947161,9.379985382355415e-05
327,8,1-5,adjust,0.053268625076271114,0.00211898782108083,0.0011818734012728962
327,9,1-5,adjust,0.008748482923324329,0.0014269686615073478,0.0001914363723077633
328,2,1-7,adjust,0.12266996023373566,-0.003639747897192119,0.0028080858096743862
328,3,1-7,adjust,0.040090677625138904,-0.0004731466135198427,0.0017025162610279144
328,4,1-7,adjust,0.10619397101224635,-0.0013280225552432738,0.0012190744575194036
328,5,1-7,adjust,0.06364605129911288,-0.0007568125589257524,0.0018277453379210282
328,6,1-7,adjust,0.04529179126681011,-0.00013728796455736414,0.0013900692259775824
328,9,1-8,adjust,0.034345682848298024,-0.0005189766911737302,0.0014131414140637175
329,2,1-4,adjust,-0.038891635328493886,0.0016478971177868065,0.00048544287888417967
329,3,1-4,adjust,0.05540253618999241,0.0012665806118288192,0.00038321677529129213
329,6,1-5,adjust,0.008025055315080952,-0.0005809603914963724,0.0012533032505909535
329,7,1-5,adjust,0.024207713366253856,0.0011631905705471088,0.001409367506225229
329,8,1-5,adjust,-0.013887594005910251,-0.0009571972508367886,0.000664089471161542
329,9,1-5,adjust,-0.03270483467457326,7.91411301692983e-05,0.0006676587631318796
330,2,1-7,adjust,-0.07416043625514088,0.0013088395963161753,1.591356875383557e-05
330,3,1-7,adjust,-0.1402226515774584,0.0006621675178674031,9.246970009506377e-05
330,4,1-7,adjust,-0.002646359255117084,0.0006430611544365178,0.00014914163034583156
330,5,1-7,adjust,-0.06659714735667265,-0.00020180280064723585,0.0002474139494347793
330,6,1-7,adjust,-0.020823097859398083,0.0003455963584565552,0.0006310511041482681
330,9,1-8,adjust,-0.0009352737000549407,-0.00042822160777393654,0.0005321652795284564
331,2,1-4,adjust,0.06521416672666214,-0.0015911071041694131,0.0008366849903028355
331,3,1-4,adjust,0.08151191227828954,-0.0015871840389081477,4.973246148298593e-05
331,6,1-5,adjust,-0.04636839153286602,-0.00042695681008241004,0.00012516716239890439
331,7,1-5,adjust,-0.01720259731726038,-0.0001971752176597863,0.0011756083993678377
331,8,1-5,adjust,-0.03678057842744335,-0.0006775737260225907,0.0002969292207810961
331,9,1-5,adjust,0.00013867373820500875,0.0003528053768374027,0.0013557075508385513
332,2,1-7,adjust,-0.019827815100971466,0.0011642332745305766,0.0004219213807453403
332,3,1-7,adjust,0.05417318230184565,0.0009642507039867254,0.00022681583463906923
332,4,1-7,adjust,-0.07040175282915574,0.0007032472045412353,0.0002892296429287858
332,5,1-7,adjust,0.027867290223521867,0.0004243328177851554,0.00010035090590311412
332,6,1-7,adjust,0.0020854495439609406,8.695312526647065e-05,0.00011523151666923789
332,9,1-8,adjust,-0.008810134680813445,-0.0006300946445611184,0.0005022057624426216
333,2,1-4,adjust,-0.04053456665260677,0.0003101027797451331,0.0002969048236152247
333,3,1-4,adjust,-0.08188617499975015,0.0005025173748758841,0.0012242683652375812
333,6,1-5,adjust,0.03754110611148323,0.0007112511251281305,0.0007867695362833477
333,7,1-4,adjust,-0.03951582834084669,-0.0001553216128602396,9.469153833297893e-06
333,8,1-5,adjust,0.06349049258969121,0.0009259841959383532,3.409116766731238e-05
333,9,1-5,adjust,0.012388034712479366,0.00015795437115988971,0.00022698181875335552
334,2,1-7,adjust,0.07354264739954748,-0.001030373827246325,0.001462598832145202
334,3,1-7,adjust,-0.004341238808187879,-0.00015456233932190753,0.000523439929651204
334,4,1-7,adjust,-0.044657728499647775,-0.0013532658551512996,0.00045585086115515597
334,5,1-7,adjust,-0.027708104653074425,-0.0002905649992272113,0.0009759514597843574
334,6,1-7,adjust,-0.046008968682590974,-0.000860174851581611,3.835555843888245e-05
334,9,1-8,adjust,0.03185386615475235,0.0008665122186203231,0.0012393388577464552
335,2,1-4,adjust,-0.023066883085356385,0.0008805312185492945,0.000132462734856533
335,3,1-4,adjust,-0.0016016319709694648,0.0003245284239441531,0.0012613469811224708
335,6,1-5,adjust,0.010181546459623334,0.0005031695690218102,0.0009291970049079678
335,7,1-5,adjust,0.03140469988171633,0.0004225414613955858,0.001362869244961361
335,8,1-5,adjust,-0.004194618841691982,-0.00017139417782753946,0.0009845240569495118
335,9,1-5,adjust,-0.049664289162037585,-0.00057367328557357,0.000661945655955338
336,2,1-7,adjust,-0.009681004152861739,7.853317995462722e-05,8.22372390714728e-05
336,3,1-7,adjust,0.05551146342122496,-0.0012500457338135052,0.00034643493796797397
336,4,1-7,adjust,-0.00473148385277311,0.0005919160028011098,0.00010135919377115371
336,5,1-7,adjust,0.00989292756055939,-0.0004567512412294198,0.0011504805872421136
336,6,1-7,adjust,0.02429088495210648,-0.0007427435577479299,0.0002414567092716872
336,9,1-8,adjust,0.047335583042909024,0.0003094940145476327,0.00049977159533032
337,2,1-4,adjust,-0.015795299695942202,-0.0004699478127508018,0.0009746584313103335
337,3,1-4,adjust,-0.06794862779725969,0.0008931805200776234,0.0018767314466624923
337,6,1-5,adjust,-0.029622848048683287,0.00035236338427191584,0.0005693580450989591
337,7,1-5,adjust,-0.023705839679182508,-0.0003727326261206696,0.001351323586938957
337,8,1-5,adjust,-0.05892434670841499,0.00028807142144027795,0.0002495456525271095
337,9,1-5,adjust,-0.08782542765298058,-0.000885410468480744,0.0004516825969175216
338,2,1-7,adjust,0.020199359184308215,0.0001294722218381975,0.0004826223516786443
338,3,1-7,adjust,0.07845821360765769,-0.0003782451716120884,0.0003005364107975553
338,4,1-7,adjust,0.027871208187254113,0.00010074244328009944,0.0007724262310847251
338,5,1-7,adjust,0.016847224988433943,-3.853367001147687e-05,0.0007325216730229244
338,6,1-7,adjust,-0.006892194213694635,-3.442603103825203e-05,0.0008745192860362768
338,9,1-8,adjust,0.046567231260512945,0.0005765725508073534,0.0007004542657143483
339,2,1-4,adjust,-0.016699555400586527,-0.00016193352937232382,0.0011980457274736274
339,3,1-4,adjust,-0.06468170019901176,0.00037240282652040006,0.0017207871288342723
339,6,1-5,adjust,0.04297325992665873,0.0004718462026992521,0.0011059484402232245
339,7,1-4,adjust,-0.07247726557708745,8.256671744654711e-05,9.204526396496817e-05
339,8,1-5,adjust,-0.03750759227615303,-0.0008061227369300348,6.996371350839432e-05
339,9,1-5,adjust,-0.0391890126338344,-0.0014840298410129773,0.0008353656083590133
340,2,1-7,adjust,0.02786249331776729,0.0001907854516410986,0.00045309206936041443
340,3,1-7,adjust,0.04130397668811477,-0.002044755248048942,0.0001703455223237962
340,4,1-7,adjust,0.024079527358216682,0.0005928398490241974,0.00010331126232946571
340,5,1-7,adjust,-0.07022247410935722,0.001434737780829015,0.001144409410999725
340,6,1-7,adjust,-0.1741583980396985,-0.001851504065662392,0.0002226139213115831
340,9,1-8,adjust,0.022981425075337732,0.0008644264835829049,0.000470517427726551
341,2,1-4,adjust,-0.02265329743211536,0.0005877990863702754,0.0004762742275928267
341,3,1-4,adjust,-0.05184147715662134,0.0025550721183131243,0.00045843701713272147
341,6,1-5,adjust,0.10022809586398244,0.0016061760007887852,0.000716953210223027
341,7,1-5,adjust,0.07430262609309897,-0.000369758110657624,0.000500904820104631
341,8,1-5,adjust,0.044304465780043864,0.0007475099853510946,0.00029651387915665626
341,9,1-5,adjust,0.04318992502310301,0.0019019424641048804,0.0002619589789654285
342,2,1-7,adjust,0.04673018188842793,-0.0008668521771286763,0.0012056231171522708
342,3,1-7,adjust,0.0506965538934495,-0.001163686719531702,0.0009786469878210703
342,4,1-7,adjust,0.09003320290557941,-0.0004228416733846969,0.0005390918953615503
342,5,1-7,adjust,0.060204290529629154,-0.001299516205641986,0.0008878505316799935
342,6,1-7,adjust,0.056645815292229874,-0.00013025239032989408,0.001276183183499022
342,9,1-8,adjust,-0.013727948541325176,-0.0013724176541403243,0.0007517973482213449
343,2,1-4,adjust,-0.02651820266127785,0.0004115916469622111,0.0007903810798956136
343,3,1-4,adjust,0.05158201479480779,-0.00045647295042583106,0.00022749583618815583
343,6,1-5,adjust,-0.005010395628629186,4.5427123280696744e-05,0.0006050056968475122
343,7,1-5,adjust,-0.003998550827738451,0.0003671947960339294,0.00010664379740937486
343,8,1-5,adjust,-0.02076114805464498,-5.7535716525631346e-05,9.351891544629164e-05
343,9,1-5,adjust,-0.025370989803205745,-0.0006412289075005836,0.0005725201783197015
344,2,1-7,adjust,-0.01710762169095816,-0.0007057916613458832,0.00029887568383425516
344,3,1-7,adjust,-0.05818403255204095,0.0007899606511317484,0.0006155917646493151
344,4,1-7,adjust,-0.025712329930264004,-0.0005444600204567621,0.0013515628098860423
344,5,1-7,adjust,-0.047029454989730136,0.00012145838686893535,0.0004841122978251621
344,6,1-7,adjust,-0.04183819470192352,-0.0005680485458787974,0.0012260399913711511
344,9,1-8,adjust,0.00734786141544779,0.0009975970953402665,7.989078842945105e-05
345,2,1-4,adjust,0.022973390612377007,-0.00012037931420835406,0.0005907019648575468
345,3,1-4,adjust,0.04601994495654746,-0.00039005211735731354,0.00024304244569170013
345,6,1-5,adjust,-0.026225697755358785,0.0008105692635914153,0.0006488253912613399
345,7,1-5,adjust,-0.018238075478268907,-0.0003474930373372627,0.00016201399161713985
345,8,1-5,adjust,0.03205276342390885,-0.0010023307766053007,0.0010015324442779906
345,9,1-5,adjust,-0.009572564630882472,0.0002187935984685937,0.0011202812472769167
346,2,1-7,adjust,0.023331702758805875,-0.000614352341743115,0.0004650645048332311
346,3,1-7,adjust,-0.027413417706699583,0.00040298262717591805,0.00015262904966734946
346,4,1-7,adjust,-0.0388909580493387,-0.00013318817796928052,0.0007264433340537254
346,5,1-7,adjust,0.05852448875657671,0.00012706702177732668,6.325736478856774e-05
346,6,1-7,adjust,0.060779497902733876,0.0012979820578794337,0.0011164771399094508
346,9,1-8,adjust,0.008844018258263016,-0.0010935223816034693,8.265973958285505e-05
347,2,1-4,adjust,-0.01909011107970366,0.000979062322377086,0.000562690542842726
347,3,1-4,adjust,0.01215980051680976,-0.0006684363529033752,0.000481178909706875
347,6,1-5,adjust,-0.002116953723143736,-0.0014741735264592226,0.0010719348442874623
347,7,1-5,adjust,0.06213713224492963,-0.00013532527241643996,0.0004783178895224992
347,8,1-5,adjust,-0.02154473350102125,0.00023323978715963448,0.0006147847722428505
347,9,1-5,adjust,0.006977853467324214,0.0002701066542586767,0.000257991712852754
348,2,1-7,adjust,0.004262515587533105,-4.582485006778365e-05,0.00036758413739077504
348,3,1-7,adjust,0.028334797825961263,0.00019207610819059262,0.0003453353429248732
348,4,1-7,adjust,-0.028935609151875683,0.0006208852589533221,0.00038301936712309724
348,5,1-7,adjust,0.09271467065119776,8.727976623506078e-05,0.0001490640056415149
348,6,1-7,adjust,0.03009363174451412,1.880021352980354e-05,0.00047842946668933447
348,9,1-8,adjust,-0.003166779927097151,0.00011511158914789082,9.41985635979429e-05
349,2,1-4,adjust,-0.029316269444150247,0.0003020757211937837,0.0010186387044317116
349,3,1-4,adjust,-0.0777031126852478,0.0004959795866591114,0.0019201180635524168
349,6,1-5,adjust,0.06445012412534468,0.000484861607909373,0.00229774575621719
349,7,1-5,adjust,0.03449866178318191,0.0009662739164493154,0.00078297207052349
349,8,1-5,adjust,0.05980498002106259,0.0009589149462633967,0.0010016830514099058
349,9,1-5,adjust,0.02583657508360892,0.00039668177471780143,0.00042416989512771485
350,2,1-7,adjust,-0.01901342474713806,0.0014459311580554096,0.0004916032946567848
350,3,1-7,adjust,0.06636213847589581,3.7344435640587854e-05,0.0008555265786187736
350,4,1-7,adjust,-0.021237762829405735,0.00029098417393553003,0.0005803037986088228
350,5,1-7,adjust,-0.07892441194509575,0.0008477191322223747,0.0005623938237040669
350,6,1-7,adjust,-0.056312859888141456,-0.00042377373127694683,0.0015980222924882775
350,9,1-8,adjust,0.004159428701662113,-0.00011633621276935531,0.0008667331022739139
351,2,1-4,adjust,0.01122255462328575,-0.002248670132994221,0.000865383057294419
351,3,1-4,adjust,-0.08253990784298096,7.298953110424317e-05,0.0008313101481469331
351,6,1-5,adjust,0.0062347702581788044,0.0009279743558873855,0.0015293516488259524
351,7,1-5,adjust,-0.028324003015979433,0.00020580340829655066,0.0006718124188413795
351,8,1-5,adjust,0.07424982084049372,0.00025332238093643143,0.000624513799054963
351,9,1-5,adjust,-0.016352046470059396,0.001428337842875164,0.00046873784500978935
352,2,1-7,adjust,-0.030497503450859595,0.0016917891718931583,0.0013272543127613259
352,3,1-7,adjust,-0.05639058553652787,0.0014162630739641324,0.00011088624544163611
352,4,1-7,adjust,-0.01648716437650944,-0.00020285261652140546,0.0006646535183403667
352,5,1-7,adjust,-0.10951964099793562,-0.0014617284379258926,0.00011487891652883725
352,6,1-7,adjust,-0.027853757225519412,-0.0009774828926004202,0.0005294258273660148
352,9,1-8,adjust,0.08023029045977198,0.0003440380743973124,0.0013454939982771052
353,2,1-4,adjust,0.03307051609827962,-0.0006806169116074147,0.000994379837378561
353,3,1-4,adjust,0.03548649796957672,-0.0013427794711036235,0.0014079001537619779
353,6,1-5,adjust,-0.11581708116619625,7.34128262329708e-05,0.00013859701040348267
353,7,1-5,adjust,-0.15575671948350472,-0.0008189815509319617,0.0005609535429329949
353,8,1-5,adjust,-0.15976771476874355,-0.0011042704660765344,0.0002881770140103143
353,9,1-5,adjust,-0.14858533340901903,-0.0031329261136800518,0.0006528691005880387
354,2,1-7,adjust,0.017091927819709647,-0.0009163026883429369,0.00019368954948121417
354,3,1-7,adjust,0.004988853870170201,-0.0005919916612526436,0.00010642430281414111
354,4,1-7,adjust,0.03961605853391306,-0.0002716779786578281,0.00021595578380679428
354,5,1-7,adjust,-0.0008619866301175143,0.0007567095783976648,0.00011892446731849673
354,6,1-7,adjust,-0.007665417307323625,-0.00010682079577038018,0.0003942632461741923
354,9,1-8,adjust,0.032041239380645896,0.0003976452037402652,0.0002584606235442282
355,2,1-4,adjust,-0.017532605948354554,0.0008184380161371695,0.0003960598160110696
355,3,1-4,adjust,0.022718292036182954,0.00011593041320524583,0.0001056141810419949
355,6,1-5,adjust,0.060598958549354064,0.0001303498073495778,0.0002760212999302339
355,7,1-5,adjust,0.056860269846642476,1.8002192996130736e-05,0.00019033260259902743
355,8,1-5,adjust,0.035199630707573946,-0.0006663994824199251,0.00012811504152631374
355,9,1-5,adjust,0.031173172576433178,0.0012608371023505552,0.00043870884626984516
356,2,1-7,adjust,-0.009574018711950546,0.000243591108753925,0.0009806531226149906
356,3,1-7,adjust,0.06668635013569231,0.00046563272089372677,0.000489289078541566
356,4,1-7,adjust,0.05090125872274236,6.416070568116598e-05,0.0004530598537234509
356,5,1-7,adjust,0.06567913814784719,0.000594746770705581,0.0012929136304518805
356,6,1-7,adjust,-0.021488924423563538,-0.0009105632407661547,0.0009097040303231824
356,9,1-8,adjust,-0.01956277713105116,-0.0007340551437784472,0.0004585782277370513
357,2,1-4,adjust,0.023663869507531483,-0.0010398331116710415,0.0011774157933699572
357,3,1-4,adjust,-0.0007298398995499553,-0.0007528383029909565,0.0011154626513241819
357,6,1-5,adjust,0.08387328021615915,0.00026092354644446805,0.0005750517643463585
357,7,1-5,adjust,0.1322018853103498,0.0003906703544749018,0.0005723828169903371
357,8,1-5,adjust,0.0552402336485037,0.0015371141866727292,0.0009175640734135984
357,9,1-5,adjust,0.0297669759458603,0.0013675647607146728,0.0007728549434123729
358,2,1-7,adjust,-0.01710841687444026,0.001160266655369955,0.00019900543285680515
358,3,1-7,adjust,-0.03378150862911862,0.0012525879835115457,0.0003317292610810318
358,4,1-7,adjust,-0.01696577400678805,-0.00022564919757078948,0.0009908357577247079
358,5,1-7,adjust,-0.0037655607443150664,-0.0009548237287329295,0.0006923608391787881
358,6,1-7,adjust,0.028237704484528992,0.00042794984842802614,0.00017117546497523
358,9,1-8,adjust,0.019493769763700063,-5.401417040866827e-05,7.865847487987341e-05
359,2,1-4,adjust,0.024698965635878745,-0.0004958521418236771,0.0007485699079350334
359,3,1-5,adjust,0.012568116930406537,-0.0015596591193729964,6.156976915879971e-05
359,6,1-5,adjust,-0.06914500448951802,0.00038841159878717795,0.0004618844669193349
359,7,1-5,adjust,-0.12181194486586416,1.375558908734441e-05,0.0003894125998988401
359,8,1-5,adjust,-0.08021507484682418,-0.0011222833841222715,0.00014610976030646702
359,9,1-5,adjust,-0.05268695000086201,-0.0016263862300116038,5.5845813741410814e-05
360,2,1-7,adjust,8.671385756471768e-05,-0.00010324911001193926,0.0005812516395606453
360,3,1-7,adjust,-0.05323342532327083,0.0017945202604669865,0.0003595797284334247
360,4,1-7,adjust,-0.09632070568859671,0.00016149841207270258,0.00026927532870161803
360,5,1-7,adjust,-0.10073433988491863,0.00021999347545802672,0.0005849312914395224
360,6,1-7,adjust,-0.06560950151353724,0.00019425824471689824,0.0001145449771494474
360,9,1-8,adjust,-0.0016538441251490073,0.0007053111447932347,0.00017999787374324151
361,2,1-4,adjust,-0.036017275136493214,0.0011334318623368604,0.00015180477207886063
361,3,1-4,adjust,-0.02394199060431712,0.00011590426561936959,0.00011247398926029694
361,6,1-5,adjust,-0.02403580391475614,-8.528139294577841e-05,0.0002487830476890183
361,7,1-5,adjust,-0.03945438725850131,-0.00122245225097573,0.00037127245110790214
361,8,1-5,adjust,-0.03603923743432725,-0.00015930817893729452,2.318137461947687e-05
361,9,1-5,adjust,0.0041942538964167015,4.368022535674979e-05,0.0006486022032953404
362,2,1-7,adjust,0.06930396048190661,-0.0014426919958470618,7.026306730449577e-05
362,3,1-7,adjust,0.08393720325813817,-0.0017451040823844466,0.0007252019440293761
362,4,1-7,adjust,0.02044709881560049,0.00022987955205783488,1.9493350055797142e-05
362,5,1-7,adjust,0.016887097769617127,-0.000735820443389434,0.00018236865782101045
362,6,1-7,adjust,0.05376376308893154,-0.00026595334524179943,0.0009323816627483713
362,9,1-8,adjust,-0.029574754060087118,-0.00074922513946831,0.0001600874233679954
363,2,1-4,adjust,-0.0706518208872384,0.0006639674727379627,0.0014480693904634033
363,3,1-4,adjust,-0.06907393878794646,0.0019737157139528704,0.0013904549088899557
363,6,1-5,adjust,-0.04594565636463611,-0.0011608320073644212,0.001201124505799711
363,7,1-5,adjust,-0.054391741467297576,0.0002183934394715648,0.0007589905870760223
363,8,1-5,adjust,0.02825688517692993,-2.125296345893106e-06,0.00021211203080207346
363,9,1-5,adjust,0.01299195375329675,-0.00015759290052236446,0.0011794729647821413
364,2,1-7,adjust,0.05490012843678181,-0.0013650521740429932,0.00015822041608342063
364,3,1-7,adjust,0.05957456783259924,-0.001363176267048255,7.862021082317236e-06
364,4,1-7,adjust,-0.020950959130584063,-0.0002705973457680419,0.0006992026389159193
364,5,1-7,adjust,-0.03471493349022014,0.0007058970070526282,0.0006312925256363001
364,6,1-7,adjust,-0.03537571234549397,0.00021302172737117106,0.0011928656243956352
364,9,1-8,adjust,0.008765712145414706,0.0005262498513216583,0.0009729003317999234
365,2,1-4,adjust,-0.0782043872109868,0.001770355001732052,7.613230006112999e-05
365,3,1-4,adjust,-0.06139695573503167,0.0011283234550888142,0.0003462674120090655
365,6,1-5,adjust,-0.005655842229931091,0.0012615493476824402,0.00035230953202819464
365,7,1-5,adjust,0.07068980018110779,0.0009824614531323606,0.0005108405591677591
365,8,1-5,adjust,0.022390760558918872,0.000514933688869038,0.00028762672078369285
365,9,1-5,adjust,0.020849901088584692,-0.0002294278476923866,0.00035884744169883715
366,2,1-7,adjust,0.017588212566149255,5.637588647723386e-05,0.0005108984893979873
366,3,1-7,adjust,0.010659647469002066,-0.0006729270034219706,0.0007264911355309089
366,4,1-7,adjust,0.09025083786913603,0.0014129474603704866,7.656445103437128e-05
366,5,1-7,adjust,-0.02466608056452472,0.0005110074338786179,0.0005411489695137271
366,6,1-7,adjust,0.03676873031718114,-0.00016123602699062378,0.0010275471255614627
366,9,1-8,adjust,-0.011952921800130406,0.00045542821408166306,0.0004894470866929303
367,2,1-4,adjust,-0.007020684904132793,-0.0005226234240364064,0.00021021048510190502
367,3,1-4,adjust,0.009045994149816022,0.0003942309117356053,0.0012988328287926968
367,6,1-5,adjust,-0.03424244544324,7.056944740692207e-05,0.0018644115815247106
367,7,1-5,adjust,0.05591444301957931,-0.00045087512533327663,0.001959677744730341
367,8,1-5,adjust,0.03783487594875417,0.0005300901928707463,0.001047585007715874
367,9,1-5,adjust,0.04078780999134551,0.0003217049132514831,0.0007457434856104763
368,2,1-7,adjust,0.051603850691940414,-0.0003043060395070622,0.0005725690186468371
368,3,1-7,adjust,0.048323998358399366,-0.0009451318946817832,5.293222310215083e-05
368,4,1-7,adjust,0.007276281086752965,-0.0011535672849440747,0.0006598054456754423
368,5,1-7,adjust,0.14456631347865984,-0.0011236851059681396,0.0006256738144990451
368,6,1-7,adjust,0.1061596733119044,-0.0014145316527036805,6.617460452505364e-05
368,9,1-8,adjust,-0.00773972279797666,0.0007716367743565934,0.0012743216292530328
369,2,1-4,adjust,0.006920095701413163,-0.0008839282200472123,3.623224698873837e-05
369,3,1-4,adjust,-0.024167574267161533,0.0005326846492679558,0.0014652228796913252
369,6,1-5,adjust,-0.0068239207130146055,0.0003481559382131738,0.0007762671921549206
369,7,1-5,adjust,-0.05755169739399513,0.0001661228400438969,0.0008789147647760763
369,8,1-5,adjust,-0.09472330647912375,-0.0009482596745959121,0.000619733674283132
369,9,1-5,adjust,-0.024180851959713392,-0.0015701613186095496,0.00014013028495523758
370,2,1-7,adjust,-0.004793358485368168,0.0012988326844479605,0.0010852237780795903
370,3,1-7,adjust,-0.06410534114374808,0.000308182842848842,0.00039631605429893386
370,4,1-7,adjust,-0.017503632881478475,-0.0007970903702391273,0.000522206537011693
370,5,1-7,adjust,-0.10657466712012437,0.0002621914824601439,0.00021132313382616548
370,6,1-7,adjust,-0.05085996248342129,0.00017696169457732426,0.00024288627727993726
370,9,1-8,adjust,-0.048999319151979796,-0.00035475037966769434,0.0008653064687868787
371,2,1-4,adjust,-0.0012680350392230005,-0.0015818711471779789,0.0005816690783975642
371,3,1-4,adjust,0.09443540383747966,-0.0008963686376554027,0.0011701864992857884
371,6,1-5,adjust,0.0079567550134844,-8.721079306492142e-05,0.00031222158966439956
371,7,1-5,adjust,0.004961861019401951,-0.001103755091056113,0.0005923001660097646
371,8,1-5,adjust,0.0077409997591819674,7.60270521796424e-05,0.0002715367185645046
371,9,1-5,adjust,0.044150566534126114,2.193198767373311e-05,0.0001377096078171513
372,2,1-7,adjust,0.04695725092491327,0.00015735039042905235,0.0006010972851227448
372,3,1-7,adjust,0.01684177267597271,-0.0009074808592712659,0.0008093638375696301
372,4,1-7,adjust,0.11386644007842642,0.0009544877432897847,7.362881431614026e-05
372,5,1-7,adjust,0.11521334804860277,-0.0005584096061119438,0.0009597531174499099
372,6,1-7,adjust,0.025511931516057497,0.0008117717396985131,0.00023329455001347172
372,9,1-8,adjust,-0.03519881739983492,0.00024225511945357906,0.00022471997827678967
373,2,1-4,adjust,-0.04459584119600529,0.0004563689208067702,0.00034677560612545046
373,3,1-4,adjust,0.007531277084400307,0.0003872750565741268,0.00014564783377810013
373,6,1-5,adjust,0.021821478301406624,0.0005870006234405348,0.0013498060695855112
373,7,1-5,adjust,-0.0168156065335446,0.0009633101831943029,0.00027481036290270475
373,8,1-5,adjust,-0.012636565088757438,-0.0009131299562189053,0.001331602873805462
373,9,1-5,adjust,0.005692957047948862,-0.0006569002273013061,0.0012586880686611597
374,2,1-7,adjust,-0.007237856675942309,-3.1855871855714407e-05,0.001360045759586432
374,3,1-7,adjust,-0.06870130469530256,0.0009629667996239226,0.0008140074330642377
374,4,1-7,adjust,-0.14653947464935954,2.025088595227768e-05,0.0017755067787368578
374,5,1-7,adjust,-0.12429686117290469,-0.00018017649317195585,0.0008557055213743046
374,6,1-7,adjust,-0.06280883272253099,-0.0014669028558386339,0.00021095179834681267
374,9,1-8,adjust,-0.03361043531672567,-3.7709887466993036e-05,0.0015429690007504047
375,2,1-4,adjust,-0.029763270047198483,0.0013284912646206203,0.0011182028327184946
375,3,1-4,adjust,-0.018979051715713305,-0.0005665735550268577,0.00046597115190797933
375,6,1-5,adjust,-0.043440738101479526,0.0004094588099880919,0.0006872138479176136
375,7,1-5,adjust,-0.09681663230452241,-0.0007001330738735545,0.0017783559031707564
375,8,1-5,adjust,-0.05279475146841974,7.164458288320892e-05,0.0012368975810647781
375,9,1-5,adjust,0.05048478212675521,0.0003134021297048058,0.0008506501686822704
376,2,1-7,adjust,0.03184692860337033,-0.0016668755196406252,0.001210535506348724
376,3,1-7,adjust,0.08812418874345516,0.00011371489503582298,0.0013243364840866858
376,4,1-7,adjust,0.08780657700436251,-0.0003388476537037198,0.0007218951315881671
376,5,1-7,adjust,-0.0002867425583103676,0.0013893432132123745,0.0007953887497721492
376,6,1-7,adjust,-0.012729567792739472,-0.0003017187763594882,0.0012827602966560547
376,9,1-8,adjust,-0.07186746039392822,-0.0014499625581937828,0.0009266134247644801
377,2,1-4,adjust,-0.011965125344463621,0.000677492162792782,0.0007378362568527682
377,3,1-4,adjust,-0.011859094173505192,-0.000721594475932589,0.0022859612905749022
377,6,1-5,adjust,0.04272936982589499,0.0007191695999631625,0.001251424288901934
377,7,1-5,adjust,0.11505303500818387,0.000595060025034113,0.00017897108328766316
377,8,1-5,adjust,0.11777918241361578,0.001271924302608076,0.00027579112243734325
377,9,1-5,adjust,0.07553529377774831,0.001732776782973711,7.98925432406684e-05
378,2,1-7,adjust,0.013526261014231761,-0.0005682715696399991,0.0001431589717534673
378,3,1-7,adjust,-0.03257531731942586,0.0006138723520963492,0.0007911929495796115
378,4,1-7,adjust,0.001560764878449657,-0.00019030454991644747,0.00039594671003252387
378,5,1-7,adjust,0.07991825837085147,-0.0006809529699462622,0.0005320773143335614
378,6,1-7,adjust,0.0632731341537612,0.000389314006989672,0.00019804382716401338
378,9,1-8,adjust,0.005691485818164685,0.0008957467330688849,0.0008632482308137927
379,2,1-4,adjust,0.027111715353076927,4.274135892387679e-05,0.0008714539696924816
379,3,1-4,adjust,0.017864258135138394,-0.00035930517906014413,0.00038288752715782666
379,6,1-5,adjust,-0.0123535177812936,-0.0002007918817641033,0.0008010341252894664
379,7,1-5,adjust,0.03143289931634709,0.0001024423349158104,0.00017933548210486878
379,8,1-5,adjust,-0.034940737286318586,-0.0007705185195770553,0.00011638115529275257
379,9,1-5,adjust,0.0012078817335188696,-0.00032647515750021665,0.0005974593105715489
380,2,1-7,adjust,-0.00668899027544036,-2.8252101548305677e-05,1.188712560543411e-05
380,3,1-7,adjust,0.02045181170444719,0.0008270539477731523,0.0010934096319060894
380,4,1-7,adjust,-0.06613266198645515,0.00041577029562511714,0.0006194990564929666
380,5,1-7,adjust,0.0029109418115094007,-0.00017707684047349473,0.0001971244948148415
380,6,1-7,adjust,0.02583692530591448,-0.0006071793956932631,5.078419512126153e-05
380,9,1-8,adjust,-0.02219872954283643,-0.0003506926989863664,0.0009411279251441152
381,2,1-4,adjust,-0.02000789082318915,0.00014992356860391254,0.000382235193035721
381,3,1-4,adjust,-0.07548341693370128,-0.000499830386845976,0.00033744716794928295
381,6,1-5,adjust,0.003593049325407411,-0.0007967117094035435,0.00020647530197864965
381,7,1-5,adjust,-0.03498214153032527,0.00022766941395479845,0.0005030133250105675
381,8,1-5,adjust,0.04065059865807365,5.196585824478659e-05,0.00020842375078914606
381,9,1-5,adjust,-0.013132226118566553,-0.00048775127578556195,0.0015830362685169427
382,2,1-7,adjust,0.02026816081613812,0.000904673192471812,0.0004580569952297522
382,3,1-7,adjust,0.003984172433805109,0.0012215070144934595,0.0006802800257000784
382,4,1-7,adjust,-0.038269842923550776,0.0004221203865202014,0.0011235940807619422
382,5,1-7,adjust,-0.07364068645731801,0.0002179489818062731,0.0005257308776377901
382,6,1-7,adjust,-0.0327621354088315,0.0006826467621784216,0.0010384348567802212
382,9,1-8,adjust,0.0378511593723057,0.0008637661225287897,0.00019168992886913858
383,2,1-4,adjust,-0.0628384884967456,0.00029042450110755986,0.0006506334705317563
383,3,1-4,adjust,-0.06504507500658537,-0.0006796678184745865,0.0009658927918327996
383,6,1-5,adjust,-0.08491561407466774,0.0007315127226127318,0.0009192504977106276
383,7,1-5,adjust,-0.04404361222294197,-0.0004024940933639724,0.001151181590910811
383,8,1-5,adjust,-0.11868845117797994,-0.0006469674760938577,0.0010248656535805927
383,9,1-5,adjust,-0.02138350966932452,-0.0008439124101192687,0.0016129779727004048
384,2,1-7,adjust,0.024918678167522527,-0.0009479033125486552,0.0017991368491699243
384,3,1-7,adjust,0.1759201541840354,-0.0012335627980900488,0.0011157909004267882
384,4,1-7,adjust,0.0588366151655752,-0.00034365410695389375,0.001215173481088796
384,5,1-7,adjust,0.01717597080696797,0.00010217306200234991,0.0002609122990799715
384,6,1-7,adjust,0.020781342903785683,-0.0014650562833475142,0.00021110120585707674
384,9,1-8,adjust,-0.060267127203595214,-0.001621259592677089,0.0016631091051214169
385,2,1-4,adjust,0.010970329675983829,0.0003153367582377113,0.00027795152016633646
385,3,1-4,adjust,-0.11014384456902636,0.0008843855563959104,0.00021962913147551957
385,6,1-5,adjust,0.06396786803469354,0.0005713790207900113,0.0003225880994142416
385,7,1-4,adjust,0.06813498882471036,0.0004156666337675331,8.592575978005325e-05
385,8,1-5,adjust,-0.0019158695676590846,0.00024869906921860677,0.0009494018756442209
385,9,1-5,adjust,0.059240104667620586,0.0016315156508676764,0.00021863151737614402
386,2,1-7,adjust,-0.0034897680147849275,0.00047594157814785925,0.0016061667331254423
386,3,1-7,adjust,0.0022068736298757837,0.00047409062018731907,0.0009473156518786116
386,4,1-7,adjust,0.019114628947968726,-0.0006285976678438556,0.0007926284671879897
386,5,1-7,adjust,0.013857740154327017,-3.668713548857417e-05,0.00011973312019670303
386,6,1-7,adjust,0.047733628518407324,0.001212939470737207,0.0001237146604955472
386,9,1-8,adjust,-0.04965850957046432,-0.0012143457852687547,0.0028324028878405983
387,2,1-4,adjust,-0.004640132816749846,-0.001090918819354487,7.858151999345856e-06
387,3,1-4,adjust,0.044481897222030164,-0.0003128040049122449,0.0005561740144825174
387,6,1-5,adjust,-0.08210143340037206,-0.00019986827709686354,0.00040256409478988173
387,7,1-5,adjust,-0.056874727347369564,-0.00021104157937139315,0.0005448165890304188
387,8,1-5,adjust,0.06504036868554991,0.0004834447982066996,0.0004487098988328076
387,9,1-5,adjust,0.04864962314680317,0.001559308946257931,0.0002878457488265628
388,2,1-7,adjust,0.022779190344064528,0.00019645209043263047,0.0003256663796370634
388,3,1-7,adjust,-0.04359439512296096,0.00017600395397961597,0.0008031947228686704
388,4,1-7,adjust,-0.11288847601061099,0.0004003857608240822,0.0006936598633697838
388,5,1-7,adjust,-0.05213185474109573,-0.00019532888944106823,0.00041777621628406435
388,6,1-7,adjust,-0.002398810732151135,0.0006501523145781177,0.0008865290017446895
388,9,1-8,adjust,-0.023036073174253335,-0.0005842757912521499,0.0005844550696966838
389,2,1-4,adjust,-0.034318914045786846,0.0014612915711165794,0.0004766199574247024
389,3,1-4,adjust,-0.03030963866533099,0.0006447497011110765,0.00013384847465135324
389,6,1-5,adjust,-0.030997975566311817,-0.000999442064711387,0.00020170977306685955
389,7,1-5,adjust,0.01479273458485501,-0.0009303402595420829,0.0002123878466915623
389,8,1-5,adjust,0.03916576249503977,0.0003812642428691152,0.00022719637279814832
389,9,1-5,adjust,0.03279436250313246,0.001050539457974739,0.0008929045944542984
390,2,1-7,adjust,0.03585255008126454,-0.0015047769829772497,0.00014214808647615727
390,3,1-7,adjust,0.17150490691271497,-0.0014089304572219164,0.0008182155862976828
390,4,1-7,adjust,0.1593420757766254,-0.0006308419663672451,0.000512975138725218
390,5,1-7,adjust,0.05517812258118585,0.0005117821088808373,0.0004982079244904272
390,6,1-7,adjust,0.07758056905478117,-0.0005714484031173149,1.213343635583217e-05
390,9,1-8,adjust,0.01751378761884383,-0.0005521945200092143,0.0014221595514024275
391,2,1-4,adjust,0.0357423927461178,-0.0008849453923718993,0.0011708812425803039
391,3,1-4,adjust,-0.06477713335207727,-0.0005005627578562977,0.0015543043277272538
391,6,1-5,adjust,-0.019390649007048014,0.0003406516761146249,0.0002919208710378978
391,7,1-4,adjust,0.003205329400103065,0.0003671719324701445,7.250395782921695e-05
391,8,1-5,adjust,-0.0290351821557646,-0.0005296559128858368,0.00018140881207539695
391,9,1-5,adjust,-0.02194569736474049,0.0006971577286096115,0.00040778272426769257
392,2,1-7,adjust,-0.0399306406459102,0.001162974594256882,0.0006190547878936469
392,3,1-7,adjust,-0.056913477789644486,0.0007175508645790598,0.0004912366395520471
392,4,1-7,adjust,-0.057144941662430275,0.00038907450236924803,0.0003101114243659635
392,5,1-7,adjust,0.020010305877077986,-0.0003512172561342724,0.00021026499086717153
392,6,1-7,adjust,-0.008032636244342256,-0.00047768717520637607,0.0007482025715734591
392,9,1-8,adjust,-0.011713948767755502,-0.0003321109790926195,0.0005010648356624632
393,2,1-4,adjust,-0.005292436509386945,-0.0005103673868223016,0.0005054317926502651
393,3,1-4,adjust,0.02592179941440324,4.130321511527682e-05,0.0004364507247463393
393,6,1-5,adjust,0.0023735414747958206,0.0007665274228637846,0.0007287859474441701
393,7,1-5,adjust,-0.00043060984627300337,0.0006334283386208227,0.0004727130879002091
393,8,1-5,adjust,0.02567652212965094,0.0004483334803188243,0.00010118700109080946
393,9,1-5,adjust,0.05013548017428011,0.0006808015654384944,0.0006393339526661669
394,2,1-7,adjust,-0.024638399797525308,0.0006987489832335996,0.00025262991447601947
394,3,1-7,adjust,-0.02862004614557842,0.0002567774640641827,0.0002770220603861727
394,4,1-7,adjust,-0.09098949274141174,-0.0002999490731438024,0.0006056061754941983
394,5,1-7,adjust,-0.06380531151800456,0.0005030979803921623,0.0006015242681005633
394,6,1-7,adjust,0.00611295811914267,-0.00020720721267935657,0.0001952004847420578
394,9,1-8,adjust,-0.04253546225792991,-0.0002521983017274951,0.0007163789809644057
395,2,1-4,adjust,-0.007284676154843778,0.0003805410166483612,3.354252276155182e-05
395,3,1-4,adjust,-0.055779566484886384,0.00012918066732927645,0.00047517918297917597
395,6,1-5,adjust,-0.033088803939659475,-0.00011503956899925718,0.0004978264062188842
395,7,1-5,adjust,-0.001030099783154755,-0.00013422210777931214,0.00024372151032775967
395,8,1-5,adjust,0.008539087024191733,-3.50215758520813e-05,0.0001859096401678864
395,9,1-5,adjust,0.013259360960256665,0.0002822318078856292,0.0006295566103965876
396,2,1-7,adjust,0.05372406499712969,-0.0019136854091627022,0.0008045775971689444
396,3,1-7,adjust,0.0054466266031940646,-0.0002682760610513688,0.0007300035499602284
396,4,1-7,adjust,0.06131388693192333,0.0005913823165615724,0.00014077216246571457
396,5,1-7,adjust,0.032164662442273506,-0.00047579340187960383,0.00034274326370413937
396,6,1-7,adjust,0.0408294287660163,0.0009865010861001536,0.0006811704575813855
396,9,1-8,adjust,-0.005623795996705969,-0.0012762767003513086,0.0001692524707285739
397,2,1-4,adjust,-0.031712900824990065,0.0026270013898567982,6.196951783182358e-07
397,3,1-4,adjust,0.03671284477316207,0.0003353440776539849,0.000301808727823114
397,6,1-5,adjust,-0.03857704511427239,-0.0003610282634039597,0.0009486990203001565
397,7,1-5,adjust,0.06610797982332908,-0.0006627506900137256,0.0003510609776556408
397,8,1-5,adjust,-0.02118312481674652,0.00021293503993393946,0.00033531919739369296
397,9,1-5,adjust,-0.04741138908075071,0.000372389546337107,0.0009565189901051969
398,2,1-7,adjust,0.001256415288251253,-0.001548532136465824,0.0003161688592016855
398,3,1-7,adjust,0.018621208663355603,-0.0007696626779022979,6.432352249002275e-05
398,4,1-7,adjust,-0.011635188918335782,0.00035556835066523677,6.002556389005549e-05
398,5,1-7,adjust,0.14216832348984154,0.0009119764099420265,0.00017921222728859004
398,6,1-7,adjust,0.10908148811070534,-0.0010195649434884455,0.0005036383319965664
398,9,1-8,adjust,0.04998994314605665,0.00029932375370569903,0.0002111447082898601
399,2,1-4,adjust,-0.060309804049556576,0.0012806660505816341,0.00047629495065190024
399,3,1-4,adjust,-0.018847812368552336,0.0017313555006662413,0.0008576785697029944
399,6,1-5,adjust,0.0828059482255381,0.0004098525814329363,0.0013014484967877745
399,7,1-5,adjust,0.0878613962107265,0.0005083364180676561,0.00013575323506705278
399,8,1-5,adjust,0.03530520458975078,0.0003560648227398782,0.00042156534896687855
399,9,1-5,adjust,0.02351929676464244,0.0004800280149104919,4.445288670588897e-05
400,2,1-7,adjust,0.07115379987276564,-0.0009534669690950561,0.00043172483674426456
400,3,1-7,adjust,0.07267095322177637,-0.001356554853376279,0.00015271510120421365
400,4,1-7,adjust,0.09298879065585669,-0.0009687668026382029,0.0004882981987708768
400,5,1-7,adjust,0.011581584009207054,-0.0007259661359124343,0.0014399744307023563
400,6,1-7,adjust,-0.031216363377581765,0.000635515095458647,0.0009984103255949919
400,9,1-8,adjust,0.012704239442476528,0.0002480977423739439,0.00012620745052481137
401,2,1-4,adjust,0.011152112734560328,-0.0008563720897128272,0.0002365532339302114
401,3,1-4,adjust,-0.0029134884196034103,-0.00030611764647365234,8.966206977139725e-05
401,6,1-5,adjust,0.034673907141263186,-0.0008746493391094313,0.0003584785162187663
401,7,1-5,adjust,-0.03217997476985489,0.0007538692721780664,0.0007076464925216799
401,8,1-5,adjust,0.036134181797052904,-0.00033806881952412826,0.0006015196714982473
401,9,1-5,adjust,-0.027004490128562722,-0.0006532357721830541,0.00022518193081168852
402,2,1-7,adjust,-0.0634127662094514,0.002296682851232821,0.00097603852284464
402,3,1-7,adjust,-0.10809751603898451,0.0010495539823775163,0.00014514636052514378
402,4,1-7,adjust,-0.09814085497835688,0.000314338819931678,0.0003055717036589364
402,5,1-7,adjust,-0.0784512461092658,-0.00010005710289762093,5.079642311906841e-05
402,6,1-7,adjust,-0.061902105214672216,0.0007951892723713366,0.0002872855038460772
402,9,1-8,adjust,0.025193020678336564,0.0006566709589843514,0.00019888534859441813
403,2,1-4,adjust,0.024350047783336482,-0.0004939347071787384,0.0011531293124809688
403,3,1-4,adjust,0.01626066236218103,-0.0009328242399822287,0.0007770161983159914
403,6,1-5,adjust,-0.0302294611315189,-0.0007379070913201276,0.0012059124045945692
403,7,1-5,adjust,-0.03363282616914881,-0.00044903808439955973,0.0006397929892434757
403,8,1-5,adjust,-0.04936797088769028,9.197856832863186e-05,0.0003731231586585132
403,9,1-5,adjust,-0.052781228457641986,-0.0010277256711161294,0.00015673617295677562
404,2,1-7,adjust,-0.018217123839434284,-0.0006658497868987382,0.0004795539428858367
404,3,1-7,adjust,0.040561762935410556,0.0003293482361817733,7.888264015085932e-05
404,4,1-7,adjust,-0.03350145030939993,0.0002742913110342057,0.00023217836470405137
404,5,1-7,adjust,-0.03316215830879187,0.00020387550789532008,0.0003414852320742447
404,6,1-7,adjust,0.02233216390473042,-0.00017112921049946918,0.0005156580270336796
404,9,1-8,adjust,0.02073406429823214,0.0007622915433069279,0.0002736565587783791
405,2,1-4,adjust,0.021039605996242335,0.001159267874073195,0.0005732076825499222
405,3,1-4,adjust,-0.07176090877991974,0.0009772448987951134,0.0013549871725827233
405,6,1-5,adjust,-0.08624549261343775,0.0008792444208769745,0.0007301555156020963
405,7,1-5,adjust,-0.06356483587845216,-0.00024315585787799298,0.0007386369955742048
405,8,1-5,adjust,0.03282062322803997,-8.76336260558269e-05,0.0003814993852827251
405,9,1-5,adjust,0.018969044434782787,-0.0005651160098832044,0.0002495246832023132
406,2,1-7,adjust,0.038127658743897994,-0.0018949825376995836,0.0003448136750447522
406,3,1-7,adjust,0.05671036719908289,-0.000338763070109891,0.0006108478233883772
406,4,1-7,adjust,0.07937710458344845,0.0003576947418085786,0.00013887580558202367
406,5,1-7,adjust,0.0374510406961011,-5.128692904021464e-05,0.00032886986223078674
406,6,1-7,adjust,0.004245238788198652,-7.339158156042464e-05,0.0011106727826720511
406,9,1-8,adjust,0.006482383991986671,0.0003564319576029382,0.0009288349688125162
407,2,1-4,adjust,-0.017491309368815516,0.0011784484476785296,0.000127210965293536
407,3,1-4,adjust,-0.01660664218879626,0.00040712055977809326,0.00027378495188870404
407,6,1-5,adjust,0.05561539107876604,-0.0003710038791234446,0.0003812055230902419
407,7,1-5,adjust,0.08159231359591393,-0.00011363109133782214,0.0001505916997961284
407,8,1-5,adjust,0.03249535933411877,0.0005802037931235885,0.0001614811488706394
407,9,1-5,adjust,-0.0005832264161152018,5.3306345117758896e-05,0.00024795132320294043
408,2,1-7,adjust,-0.004447036909535204,-0.0007849365317897861,0.0010355031899206735
408,3,1-7,adjust,0.030866060348945585,-0.0016068114370655267,0.0005908939461742064
408,4,1-7,adjust,-0.020918685052204528,-0.0014032099205072883,0.0005968867017905867
408,5,1-7,adjust,-0.008198753839349301,-0.000208734549575279,0.0005479869441212694
408,6,1-7,adjust,0.02896891115257472,0.00028099180601986383,0.00012177298420110001
408,9,1-8,adjust,0.026917451742416096,0.0016627937287428181,0.0015404949704031338
409,2,1-4,adjust,0.015548829965811067,-0.0013630799382776102,0.000125936199491031
409,3,1-4,adjust,-0.002253262272707718,0.0006568455362213754,0.00011941556330418134
409,6,1-5,adjust,-0.06867461114019342,0.000403063037711475,0.0006654711207419122
409,7,1-5,adjust,0.019473438354406847,-0.0005911282581586596,0.0005306270349894516
409,8,1-5,adjust,-0.027925674890102108,-0.0009528071958081761,0.0007066716371977187
409,9,1-5,adjust,-0.06417343874899953,-0.0021995825307007584,2.1998891058114096e-05
410,2,1-7,adjust,-0.01424407735224538,0.0021525165449749876,0.0004172307069143559
410,3,1-7,adjust,-0.002707841360503887,-3.755587971852271e-06,0.0009654983108765982
410,4,1-7,adjust,0.034493450435131676,0.0003425990953621123,4.012592389712046e-05
410,5,1-7,adjust,0.05617846299089266,-0.0007880267605623104,0.0007704164155572532
410,6,1-7,adjust,0.13569144133297847,-0.0006762007126567374,3.549947655857464e-05
410,9,1-8,adjust,0.033764585332615255,0.0006226838010742606,0.0006580157084988297
411,2,1-4,adjust,0.025135982806299598,-0.0008625833590748943,0.0003921808018514951
411,3,1-4,adjust,0.035956404066831676,-0.001081354782645233,0.0008455955889813346
411,6,1-5,adjust,-0.07547678431801505,4.259433392278681e-05,0.0003863875531995246
411,7,1-5,adjust,-0.04717717408310719,0.001133441890043795,0.0005177611736562027
411,8,1-5,adjust,-0.028664632690799843,-0.00011260116935751373,0.0003136118028272863
411,9,1-5,adjust,-0.02127186730050077,-0.0007852164454373451,0.0002596647404637118
412,2,1-7,adjust,-0.05695834390966583,0.0013778724095316627,0.0008912725518376795
412,3,1-7,adjust,0.00044846655458724707,0.0004470770944178149,0.00022394245743306103
412,4,1-7,adjust,-0.04365634963357872,0.0007463854772356856,0.00026231165253805337
412,5,1-7,adjust,-0.06345313051348846,0.001085435853798516,0.0008491582401965935
412,6,1-7,adjust,-0.011560329296475356,0.0009714521730486444,0.0008208728776439527
412,9,1-8,adjust,0.0009454985627145795,0.00045126060171903374,0.0007112068776079083
413,2,1-4,adjust,0.005032804737726927,-0.0008719250136324166,0.00016942302992167926
413,3,1-4,adjust,-0.06483309250713222,0.0003207196705152574,0.000558994069305282
413,6,1-5,adjust,-0.017328807423586334,-0.001514517572664781,4.993943060133824e-05
413,7,1-5,adjust,0.0009305868878759919,-0.0008180427561038387,0.00036165305185203436
413,8,1-5,adjust,-0.037442037163539096,2.1777392868484223e-05,0.0010370425430829373
413,9,1-5,adjust,0.020035450850500625,-4.9854937915667245e-05,0.0001565758943726297
414,2,1-7,adjust,0.022795952002377416,-0.000403579257348623,0.0005111898081083009
414,3,1-7,adjust,0.09502348333154313,-0.00021116734451143385,0.00016550680048869117
414,4,1-7,adjust,-0.00138091116923707,-0.000547660799716198,0.00021314737578137963
414,5,1-7,adjust,0.014001707072874688,-7.635214731578421e-05,0.0002668398460302097
414,6,1-7,adjust,-0.015297126337939835,0.0004157648508232866,0.00021746548538632734
414,9,1-8,adjust,-0.016358055410061308,2.8969234670447777e-05,0.00024034179640773287
415,2,1-4,adjust,-0.0010628329113210678,0.0003356967637811853,0.0007153842690564508
415,3,1-4,adjust,-0.05726704377840953,0.0005046587709585591,0.0004533106364820443
415,6,1-5,adjust,0.026946268897296833,-0.0002276260258776098,0.0012089598490858079
415,7,1-5,adjust,-0.018818799703361026,0.0008922337513570001,0.0009751533170970327
415,8,1-5,adjust,0.011483907204874758,0.0008399670480181333,0.00015811684139878122
415,9,1-5,adjust,0.04315120016503115,0.0011504770352415827,0.0008181744703473895
416,2,1-7,adjust,-0.0023239799198437354,-0.00034908957252981557,0.00028462597317022615
416,3,1-7,adjust,-0.04349314304616741,0.000771128488444166,0.00017933754133982828
416,4,1-7,adjust,-0.06606811991575272,-0.00031809717762011587,0.0004461920935474676
416,5,1-7,adjust,-0.04221397488415692,-1.5950957459879787e-05,0.00030101104523041176
416,6,1-7,adjust,-0.022605808031677808,0.0013813315422383913,0.00015824822895688928
416,9,1-8,adjust,-0.02350568709931644,-0.0008324564677256089,0.00033061086876893993
417,2,1-4,adjust,-0.012162689696946618,-0.00012141119691087028,1.8287887822179676e-07
417,3,1-4,adjust,-0.015943924073677642,-0.00023487657422517202,0.0006642662769153232
417,6,1-5,adjust,-0.022758016186324736,-0.0008212322214981261,0.0018940129574099294
417,7,1-5,adjust,-0.018208366734343655,-0.0005980485308358544,0.0005233479034939032
417,8,1-5,adjust,-0.007925154224919207,-0.0009397954916916876,0.00035824708781903396
417,9,1-5,adjust,-0.005556285531860709,0.0006534308502348286,0.0011963395099530072
418,2,1-7,adjust,0.039113839440103354,9.239891343315898e-05,0.0005059607892747217
418,3,1-7,adjust,0.04419569790083818,-0.0013353604257327406,0.0008031865940491883
418,4,1-7,adjust,0.08044038031940995,0.0006147445742978701,4.1922149597502635e-05
418,5,1-7,adjust,0.04328394447844351,-3.062419419816138e-05,0.0007838969919053801
418,6,1-7,adjust,-0.010782173381339705,-0.0007908602178882462,0.0004742834750723894
418,9,1-8,adjust,-0.03296898680203163,-0.0016299555304286277,0.0004070208121327932
419,2,1-4,adjust,-0.057968818716174875,0.0006024411362594034,8.894429361037867e-05
419,3,1-4,adjust,0.01766198260453544,0.001031549751442882,0.00032514431622245895
419,6,1-5,adjust,0.05954843031989735,0.0003141935473936139,0.00052794628589357
419,7,1-5,adjust,0.030164670173814363,-0.0002694199117968739,0.000679244450119792
419,8,1-5,adjust,0.016676678793417152,0.0007169719978910311,0.0006896400869555747
419,9,1-5,adjust,0.0409411468820185,0.0015483055941328927,0.0004995489243816511
420,2,1-7,adjust,0.03911800913205783,0.0001304944767196708,0.00027153458864771844
420,3,1-7,adjust,-0.024451381662036694,-0.0011739078213700246,0.0004961938176002304
420,4,1-7,adjust,0.032239573977704786,-0.000781779580635748,0.0008375261540279678
420,5,1-7,adjust,0.07042020007965187,0.0007926741661832835,0.0006707362725531203
420,6,1-7,adjust,-0.014629307728023809,-0.00017706098455823888,0.0013308623337245271
420,9,1-8,adjust,0.007595786026677607,-0.0006427446949402429,0.00043021124916053775
421,2,1-4,adjust,0.03879385913627154,-0.0010106917965009429,0.0003216386076799096
421,3,1-4,adjust,0.0436940167203126,0.00012055042272901265,0.00021105305893225822
421,6,1-5,adjust,0.09893035612486532,0.00027840318890185074,0.00182418292369903
421,7,1-5,adjust,0.09943849033438215,0.0005519118924166367,0.001838968188327133
421,8,1-5,adjust,0.09928905084135414,0.0010641433289221923,0.0019643780691882546
421,9,1-5,adjust,0.020936887710968986,0.0012177200619913197,0.0014123296033345188
422,2,1-7,adjust,-0.04229695813738599,0.0005514962513903719,0.0017404728839695352
422,3,1-7,adjust,-0.037112032799339015,0.0009526143855583274,0.0014997916681489083
422,4,1-7,adjust,0.06673256239980013,0.00015494231598870025,0.001012736644847756
422,5,1-7,adjust,-0.0330255602580647,-0.002371267472200923,0.0016990518541799764
422,6,1-7,adjust,-0.0011271023253694602,-0.0005495278783303338,0.0013757536460864929
422,9,1-8,adjust,0.012111814925263741,0.0006549685062848774,0.0009068167080910978
423,2,1-4,adjust,0.03866782997829067,-0.0013105184066489028,0.0002750961798836075
423,3,1-4,adjust,0.08418152789172949,-0.001209647322634949,0.00013168796520322763
423,6,1-5,adjust,-0.12029468198686134,0.0005143895708218129,6.99532789727138e-05
423,7,1-5,adjust,-0.16122192653051237,-0.0004127518165849174,0.00038752132802305
423,8,1-5,adjust,-0.1585734417286717,-0.0022641822263504085,0.00022641795293670545
423,9,1-5,adjust,-0.10041598444730579,-0.0037546420407994635,0.00021049672950373025
424,2,1-7,adjust,-0.026576228452182996,0.0010232569489965323,0.0008350967283850012
424,3,1-7,adjust,-0.06303103996522433,0.0006952089467548636,0.0005571979552808938
424,4,1-7,adjust,-0.09142532991036152,0.00023668235141579967,0.0004609163919985023
424,5,1-7,adjust,-0.1160336879243353,0.000824776435093965,0.0005627144396825189
424,6,1-7,adjust,-0.00011024090453197176,0.0005437049925921718,0.0009818051594697524
424,9,1-8,adjust,-0.010626151604305259,-0.0008427758466740219,0.0016903892615202354
425,2,1-4,adjust,0.01986005654929055,-0.0007321234717022391,0.0002617881833379074
425,3,1-4,adjust,0.026729521140704367,-0.00020029180837739593,0.0008461610186619397
425,6,1-5,adjust,-0.07282658453098664,-0.0009656616983756294,0.0005550765730005834
425,7,1-5,adjust,-0.08204424681167587,0.00031022743868443177,0.00022548050632918514
425,8,1-5,adjust,0.04895365565514341,0.0005985861581248555,0.00044353789112889694
425,9,1-5,adjust,0.0486667306119848,0.0019708518242266752,0.0006131195474314957
426,2,1-7,adjust,-0.025250121405742218,0.0010870918229570036,0.0004885687926683108
426,3,1-7,adjust,-0.03473519458572562,0.0004362941908202845,0.0008333090340683433
426,4,1-7,adjust,-0.10936024820237696,0.00021988763820449778,0.0005470272328605512
426,5,1-7,adjust,-0.012383316392743442,0.000415782276163923,0.0009147008621511019
426,6,1-7,adjust,-0.07700726127174931,4.388863492364295e-05,0.0011946766185992317
426,9,1-8,adjust,0.006662970174716499,-0.00012548892867803127,0.0005176876202641899
427,2,1-4,adjust,-0.03845766537573333,0.001142566352273685,0.0010839639114291566
427,3,1-4,adjust,-0.08418753442301988,0.001965619055101374,0.0018698434674289206
427,6,1-5,adjust,0.0775504308616311,0.00043511905054692513,0.0004915691097130131
427,7,1-5,adjust,0.09046122409980897,-0.0002599594145145104,0.00011305251027469674
427,8,1-5,adjust,0.019133829827429977,0.0010504110929256607,0.00010331222549226351
427,9,1-5,adjust,-0.03686572864625528,8.40095327788131e-05,0.00021799051946576873
428,2,1-7,adjust,0.05822957564796089,-0.0017037835926028769,0.000897996133599663
428,3,1-7,adjust,0.0798435741606163,-0.00156224666742187,0.0006365825522554854
428,4,1-7,adjust,0.1839266678539056,0.0006428529243765542,0.0010811286178881148
428,5,1-7,adjust,0.05186139729504128,-7.402234417095576e-05,0.00043752193438838076
428,6,1-7,adjust,0.05466017710014976,-0.0006445004258511507,0.00021279709823187994
428,9,1-8,adjust,0.04703002130555961,0.0008944157922977963,0.00027001475412074237
429,2,1-4,adjust,-0.014850423394228037,-0.00025916135175548113,0.00013744504096692726
429,3,1-4,adjust,0.008724940545923167,-0.0006963332367348706,0.00015055491623653934
429,6,1-5,adjust,0.006553813539554429,0.0006068574495280061,0.0017192598761222484
429,7,1-5,adjust,-0.03408041217207244,0.0003535278409887665,0.0007265963988300411
429,8,1-5,adjust,-0.054281635211273896,-0.0015031873351759428,0.0011681525970234426
429,9,1-5,adjust,-0.053321012926276674,-0.0015216234616133772,0.0008183967475266142
430,2,1-7,adjust,0.01627166170000041,0.00021770809229371789,0.0007186760184287878
430,3,1-7,adjust,-0.03901364148800153,0.001031723382102652,0.001153662972038801
430,4,1-7,adjust,-0.055265641772361984,-1.3292688405375589e-05,0.0007980431850009117
430,5,1-7,adjust,-0.021915388998846635,0.0005181590964282207,0.0010352312064355659
430,6,1-7,adjust,-0.05863807716214956,-2.1144111430532014e-05,0.00038160277526003606
430,9,1-8,adjust,-0.009829179200728419,0.0006430770368678626,0.0003402973965601983
431,2,1-4,adjust,-0.03502675271251932,0.0002664967231252227,0.00023495203119021805
431,3,1-4,adjust,0.01680486525951265,-0.0010471411977675366,0.0006164839237717948
431,6,1-5,adjust,0.060755732451807216,0.00010730778157023051,0.0009083301276619852
431,7,1-5,adjust,0.03381233416664227,0.0001013206387494772,0.0006512125358738196
431,8,1-5,adjust,0.06351778833482405,0.0009457413947141984,0.0006988195306746323
431,9,1-5,adjust,0.03586174145300924,0.00011019393901649388,0.0011516041919486092
432,2,1-7,adjust,-0.00718146534091133,0.00012052849479875276,0.00045922986551321683
432,3,1-7,adjust,0.035580993753506054,0.0008963784341247913,8.791910397694452e-05
432,4,1-7,adjust,-0.011405421622316286,-0.0013511560875852555,0.0009549847300670984
432,5,1-7,adjust,-0.003583782604021987,0.000455359958870668,0.0006158396493973933
432,6,1-7,adjust,0.011115914761017046,0.0004285947939692405,0.0007505315480749065
432,9,1-8,adjust,0.010711635897608726,0.0009359238220168274,0.0007683159766609885
433,2,1-4,adjust,0.028722881092753207,-0.0001815112815671569,0.0009757033611875731
433,3,1-4,adjust,-0.012266890028095665,-0.0010365856161023122,0.0009637663729900437
433,6,1-5,adjust,-0.017639727927185784,0.0001168653214762566,0.0005432261099881425
433,7,1-5,adjust,0.056207757142275376,-0.0008057324934934761,0.0009552415511500044
433,8,1-5,adjust,0.00801038800830335,0.00017131400718658037,0.0012843477930813835
433,9,1-5,adjust,0.03523927374196148,2.3171241027424333e-05,0.0016525947003389915
434,2,1-7,adjust,0.004039886891981272,-0.0004364427271353482,0.00026316645491898503
434,3,1-7,adjust,0.04821771967974468,-0.0002916444500047169,0.0009684070260605566
434,4,1-7,adjust,0.03577974916586531,0.0008575292666165403,0.00010726635994538194
434,5,1-7,adjust,0.10639844936767873,-0.0011358859625701782,0.0005008168079381994
434,6,1-7,adjust,0.06120576254062533,-0.0006468005560870165,0.000658700210581292
434,9,1-8,adjust,-0.01943725297506088,9.784767541182667e-05,0.0014983651994364914
435,2,1-4,adjust,-0.000667089276204526,-0.0003582425491443351,0.00014275056379342002
435,3,1-4,adjust,-0.0274455583982788,0.00015101122768278687,0.00021064004852726118
435,6,1-5,adjust,0.03418450677416019,0.0002979381159068512,0.00044332390097760835
435,7,1-5,adjust,0.01630221267083907,0.00020683722209923296,0.00034540329705038487
435,8,1-5,adjust,-0.034084598908017356,-0.0007625187745143025,0.00025608644255047005
435,9,1-5,adjust,-0.028767028114420994,-0.0004329324864302123,2.9512418625316718e-05
436,2,1-7,adjust,-0.02686243095904984,0.0011510381033040435,0.0009403189226191482
436,3,1-7,adjust,-0.030122431887191027,0.0009562580177400286,0.0006216749138149841
436,4,1-7,adjust,0.02853155625863975,7.366010103654829e-05,0.0004260126987870039
436,5,1-7,adjust,-0.019182219854303552,0.001127178872581415,1.7491397167546602e-05
436,6,1-7,adjust,-0.03603351826215057,-0.0010706059882654427,0.00036631280620727584
436,9,1-8,adjust,2.5374947546519186e-06,-0.0008716040521832239,0.0005886854232396651
437,2,1-4,adjust,0.031275213730295306,-0.0014841523786429476,0.0014667141292761473
437,3,1-4,adjust,0.04823412440420565,-0.0007692560239310315,0.0008309618195903684
437,6,1-5,adjust,0.03714717948264505,0.001164301185532528,0.0002696643716909668
437,7,1-5,adjust,-0.0033763885889060664,0.0004330738156530694,0.00024750352412232897
437,8,1-5,adjust,0.09905101116810043,0.0009459802767484175,0.0009670572974191441
437,9,1-5,adjust,0.020440510778765814,0.001982536464197019,0.0008801104513860234
438,2,1-7,adjust,-0.019693273264309256,0.0018424870277193243,9.716859835616453e-05
438,3,1-7,adjust,-0.06565583285149668,0.0004999150456108559,0.000345369353059863
438,4,1-7,adjust,-0.08663872242407682,-0.0001369863633232434,0.0006317715283485462
438,5,1-7,adjust,-0.0033666388826701717,-0.0005072501070022647,0.0004156306594827168
438,6,1-7,adjust,0.013872170591461834,0.0007226547989202873,0.0012955608714625626
438,9,1-8,adjust,0.035960789305622166,0.0003661425674654403,0.001265476342647193
439,2,1-4,adjust,0.009306707256364509,-0.0005881141817641653,0.0004967481130011796
439,3,1-4,adjust,0.008426981232109148,0.00030150241438915725,0.0005626912208144051
439,6,1-5,adjust,-0.04029260954697248,-0.0007705795982987093,0.00047784709268334705
439,7,1-5,adjust,0.037962615607147636,-0.0007259336841851922,0.00014944420410252106
439,8,1-5,adjust,-0.045658996069169094,0.00020685640161704534,0.000310724277730971
439,9,1-5,adjust,-0.02679222339937777,-0.0014225310301570582,0.00022665482017671625
440,2,1-7,adjust,-0.000852757126156502,-9.472578886579541e-05,0.0009656319565983929
440,3,1-7,adjust,0.050936686914374835,-0.0010128615502625375,0.000531889365997172
440,4,1-7,adjust,0.11862447834102566,-0.0004191686288690321,0.0012425667414915664
440,5,1-7,adjust,0.05991242647574104,-0.0007129968717995709,0.0009532904460258202
440,6,1-7,adjust,0.09122113658432006,0.0008172310922110915,0.0007808959048823168
440,9,1-8,adjust,0.0151222090988039,0.0004204967678057184,0.0010430064053890246
441,2,1-4,adjust,0.025314499274621163,-0.0009377519813869945,0.00032307226754741596
441,3,1-4,adjust,0.03399607145187235,-0.00018989679422364025,0.0008397361772431259
441,6,1-5,adjust,-0.1030332025650519,-0.00011402733713703305,0.0007347002998428674
441,7,1-5,adjust,-0.07005066703078855,0.0005315190033752553,0.0002022014921754945
441,8,1-5,adjust,-0.03356091169524107,-0.0010264706887578284,0.00048675017585956675
441,9,1-5,adjust,-0.06708100859402251,-0.0014488044789884044,0.0002467091209818569
442,2,1-7,adjust,0.0011923227913138604,0.000787407960073511,1.6717816185581454e-05
442,3,1-7,adjust,-0.07289091748950369,0.00021726514111611975,0.00026028203285858535
442,4,1-7,adjust,-0.09595857285059226,0.0013414884394516884,3.683885594877536e-05
442,5,1-7,adjust,-0.12067601132942164,0.0013774238572229122,0.0008909169693433928
442,6,1-7,adjust,0.014622744209547235,-0.001278424882167149,0.00031525414162166714
442,9,1-8,adjust,0.030870871421313735,0.00044422362171433414,4.764569577681516e-05
443,2,1-4,adjust,-0.05087298033304424,0.0009661952225460266,0.00011738341112280495
443,3,1-5,adjust,-0.03915852599955105,0.0005494582780886132,5.165815183691135e-05
443,6,1-5,adjust,-0.03938639973083235,0.0007930961756784821,0.00013587525953738373
443,7,1-5,adjust,0.014731761105220542,-0.00024436969510475157,0.0003234988341083377
443,8,1-5,adjust,0.02223944530910917,0.00031446978077149504,0.0007248380297535458
443,9,1-5,adjust,0.04037704394326245,0.0012124994472878605,7.628956056136495e-05
444,2,1-7,adjust,0.004994838376941819,-0.0003575026967990422,0.00013747929534234355
444,3,1-7,adjust,0.037095086444003715,-0.00094627162196676,0.00010979076942444693
444,4,1-7,adjust,-0.04171901930888794,-0.001718109263580149,0.00041575817415458584
444,5,1-7,adjust,0.060556455130594114,-0.00038752908897244834,5.710701625344698e-05
444,6,1-7,adjust,0.04827887055937456,-0.0006426970509979692,0.0003051171024168734
444,9,1-8,adjust,-0.023760318455919062,7.584360660968204e-05,0.0014836228225396442
445,2,1-4,adjust,0.011964482367748412,-0.0013824205946830978,0.00020120708662180818
445,3,1-4,adjust,-0.01152563475494889,0.001218607491755022,0.0007040299146275543
445,6,1-5,adjust,0.008652962954046368,0.0005528950525499807,0.001086713893034285
445,7,1-5,adjust,0.022502204306655425,0.0008408577133593158,0.0019534691058600705
445,8,1-5,adjust,-0.019831171742637772,-0.0002007744038123714,0.0010111663794924897
445,9,1-5,adjust,0.02333196167910728,-0.00023298106356651625,0.0015140264099449434
446,2,1-7,adjust,-0.04892153307923686,0.002128387517971959,0.0006481954866456194
446,3,1-7,adjust,0.05836136935354721,-0.00029501700579027897,0.0005752151111672854
446,4,1-7,adjust,0.022481254452402094,0.0010594190151829368,0.00024499909338080204
446,5,1-7,adjust,-0.08481376647646717,0.00018768505371114248,9.25769635641067e-05
446,6,1-7,adjust,-0.034644693664782365,-0.0005113017525183043,0.0007333432076048788
446,9,1-8,adjust,-0.025339390985438186,-0.00017789035158953677,0.000975351125422321
447,2,1-4,adjust,0.04322058035443931,-0.001117821385958252,0.0005811193357082532
447,3,1-4,adjust,-0.06100120278804004,0.0003129782371052397,0.000923350878482575
447,6,1-5,adjust,-0.05837884835546737,0.00035839034992467695,0.00020202476636581028
447,7,1-5,adjust,-0.033117454413719195,9.152506248308151e-05,0.0007020928102833299
447,8,1-5,adjust,-0.024235988962683083,4.2522465793443594e-05,0.00037225727558301146
447,9,1-5,adjust,0.0017823498033054976,-9.19291237838581e-05,0.00016658319746515083
448,2,1-7,adjust,-0.015313753977836795,0.00011933222062341038,0.0005752045475730378
448,3,1-7,adjust,-0.06243166257201892,0.0008493083146218153,0.0003256972285911784
448,4,1-7,adjust,-0.10079268407320657,0.00031316051954546453,0.0008735169333196885
448,5,1-7,adjust,0.025437207661921597,-0.0007990681980457699,7.072909747515289e-05
448,6,1-7,adjust,0.027854503834097027,-0.0003778095265719549,0.00046741415015873677
448,9,1-8,adjust,-0.027282991515514388,-0.0010440747202314278,0.0006702184987353522
449,2,1-4,adjust,-0.046144632139514426,0.001775854137468104,0.0017320502795860459
449,3,1-4,adjust,-0.009627056353865562,0.0002558460985719206,0.0014381604539355592
449,6,1-5,adjust,-0.016146609127318332,0.000554326377069416,0.00038885373789396895
449,7,1-5,adjust,-0.07256360311456189,-0.0010015226064888515,0.0004780855932102881
449,8,1-5,adjust,-0.015102273542375285,-0.0005777947204798381,0.0006198900567817761
449,9,1-5,adjust,0.026460433723800778,0.0009542549004989201,0.0008292724315440048
450,2,1-7,adjust,0.10307192201618079,-0.002295187216746457,1.9212495073051603e-05
450,3,1-7,adjust,0.09990998292498371,-0.001135364897933384,0.001164700991351729
450,4,1-7,adjust,0.11455017693706517,-0.00035989854230327774,0.0008211365406305003
450,5,1-7,adjust,0.07319032976837454,0.0003757845385984697,0.0005530697831036094
450,6,1-7,adjust,0.007687882418013737,0.0005487824585560258,0.00041751422829717724
450,9,1-8,adjust,-0.044729966720425784,-0.001393913127214672,0.00012044185486734589
451,2,1-4,adjust,-0.03427385371271626,0.00041784043667697973,0.000538337834041703
451,3,1-4,adjust,-0.021087895205747397,-0.0005468272261434659,0.0005831088033368165
451,6,1-5,adjust,0.07649294953515534,-0.0007750847755802977,0.0007919774341293134
451,7,1-5,adjust,0.06754186199945056,5.576124767548623e-05,0.00044496847021839624
451,8,1-5,adjust,0.057290652583959954,0.0009097181521930065,0.0004651423094986999
451,9,1-5,adjust,0.048985051610659226,0.0012431816206880878,0.0006327565326782914
452,2,1-7,adjust,0.016285221776075262,-0.0006699228689783364,0.00027645118233122416
452,3,1-7,adjust,0.05695504901179071,-0.00023769618817199981,0.00041110248333097257
452,4,1-7,adjust,0.0816664966108306,-0.0007161352195389319,0.0001217482754890089
452,5,1-7,adjust,-0.014250678696396365,0.0005564769743218028,9.633903301395065e-05
452,6,1-7,adjust,-0.03860294224955617,-0.00033305824277779213,0.00011410754685380712
452,9,1-8,adjust,0.020191697763794807,0.00020779881628344771,0.0004790125976064141
453,2,1-4,adjust,0.019458990478996973,-8.997037755832798e-05,0.001643352472940597
453,3,1-4,adjust,0.028462886355697797,0.00041927536908831865,0.0018697183111464348
453,6,1-5,adjust,0.018376008868612095,-0.0005293501144409548,9.707692780200135e-06
453,7,1-5,adjust,0.048277976436635936,0.00016904938152644894,0.0008983452532787491
453,8,1-5,adjust,0.022550226239842902,0.0006293095486248976,0.0010413409315875417
453,9,1-5,adjust,-0.013146205218176369,0.0008931064400843138,0.0013381147525359759
454,2,1-7,adjust,-0.015354660173261297,0.0003051168849133553,0.0019080660400533599
454,3,1-7,adjust,-0.07731595886524395,0.0006376066312759425,0.0012148684286985203
454,4,1-7,adjust,0.01135729016709088,0.0004901201694630451,0.0007744348549067742
454,5,1-7,adjust,0.037372305436626604,-0.0006441357170408904,0.0008486696564026938
454,6,1-7,adjust,0.019851277958245633,0.0009124475045933054,0.0004865441545435946
454,9,1-8,adjust,0.017804120441974828,-0.00015466086785582988,0.0006021178466494205
455,2,1-4,adjust,0.023336012937977792,-0.0008599345110715232,0.0006051314880566381
455,3,1-4,adjust,0.0492756124936349,-0.0014422297308116865,0.0008803343395233127
455,6,1-5,adjust,0.012031613527502318,-0.0007027239431407113,0.00024159658278044937
455,7,1-5,adjust,0.00023019019699913414,5.565072590328941e-05,0.00033110385764086053
455,8,1-5,adjust,-0.012088865375306708,-0.0006511581141097186,0.00019465591915144293
455,9,1-5,adjust,-0.04106375627381588,-0.0017755691602517431,0.000303531967843094
456,2,1-7,adjust,-0.03664129304680124,0.0012560140149762502,0.0007314173720197413
456,3,1-7,adjust,-0.09504482447249658,0.0012318914741403098,5.957179833027056e-05
456,4,1-7,adjust,-0.007856018321356628,0.00031292571687045815,0.00048283629937554795
456,5,1-7,adjust,-0.05589133494960272,0.0003791435682124549,0.0005257273748943378
456,6,1-7,adjust,0.019983356918804,0.0013809125301974087,0.00024622921619425785
456,9,1-8,adjust,0.03308058966464482,0.0009682889441965403,0.0010838104788636164
457,2,1-4,adjust,0.020355131201354557,-0.0003432119027678178,0.0006200947254128181
457,3,1-4,adjust,0.11362494287626687,-0.0011064829954925215,0.0009370441150173773
457,6,1-5,adjust,-0.05178871614612347,-0.0004279120984658263,5.116148772720241e-05
457,7,1-5,adjust,0.03547580257559616,0.000854515920683765,0.000170522101465014
457,8,1-5,adjust,0.0019468260246823035,0.00037127337029930444,0.00017340675268444437
457,9,1-5,adjust,-0.025842105259557623,0.0004302197488128625,0.0003340387231615564
458,2,1-7,adjust,-0.10187490852150091,0.0022092571967663867,0.0002596291194440345
458,3,1-7,adjust,-0.1627547193005557,0.0022579629896030025,0.00029988726726492995
458,4,1-7,adjust,-0.08344331086319041,-0.00036286485943651985,0.0006992165495946612
458,5,1-7,adjust,-0.026813919877111306,-0.0004034480206779288,0.0009670372362639863
458,6,1-7,adjust,0.032519086958667044,-0.00019893902058226327,0.000591611931080308
458,9,1-8,adjust,0.026425717602831727,0.0003031164197414435,0.00046602662237776296
459,2,1-4,adjust,0.07720390561067186,-0.0015925030593697605,0.0003049942469238273
459,3,1-4,adjust,0.10757534510709475,-0.0004607049351309313,6.123022341893909e-05
459,6,1-5,adjust,-0.07141468746688721,-0.0005455583640790026,0.0002456394270935837
459,7,1-5,adjust,-0.10823757431055404,-0.0005957212034888925,0.00042506108821394555
459,8,1-5,adjust,-0.04416468760642155,-0.001187304953084497,0.00037243967678489886
459,9,1-5,adjust,-0.054250874902802976,-0.0015536229482598098,6.551833292932788e-05
460,2,1-7,adjust,-0.01196843138371561,-0.0003554187041270279,0.0008209362277704082
460,3,1-7,adjust,-0.06551883788334693,-0.0004341277970966399,0.0008642061356392128
460,4,1-7,adjust,-0.024083498940416125,6.566603899466949e-05,0.0009475467534944559
460,5,1-7,adjust,-0.06716491530970836,-7.196657125100724e-05,0.0008923507333088496
460,6,1-7,adjust,-0.03470655510429162,0.0004777658215014376,0.0007303095931467564
460,9,1-8,adjust,0.009737983261088407,-0.0008130104428410404,0.0009430888146561446
461,2,1-4,adjust,0.02971445328536532,0.0006423988676288682,0.0011045852075025533
461,3,1-4,adjust,0.03820411255989977,-0.00031487061756264845,0.0001521559102760783
461,6,1-5,adjust,-0.046468960629401264,-0.00019598714674435252,0.0004957345998086069
461,7,1-5,adjust,-0.0623649067878027,0.00021359538185931394,0.0006246145860351143
461,8,1-5,adjust,-0.004661053137750989,0.0002241545039773096,0.00035856674013846765
461,9,1-5,adjust,0.015561954302207448,0.0010001128491686495,0.0006025714308726382
462,2,1-7,adjust,-0.035330026190698006,-0.000824189782348766,8.392263423247604e-05
462,3,1-7,adjust,0.04346381131451487,-0.0005321124621752616,0.0002042968514900103
462,4,1-7,adjust,-0.08974800064479005,0.00019232131396461886,0.0010053925303684758
462,5,1-7,adjust,-0.06936882922659873,0.00015616453493682292,0.0006830902478464242
462,6,1-7,adjust,-0.03428470583892288,-0.000285913846121247,0.0006455930134168776
462,9,1-8,adjust,-0.014605473442945643,-0.00015777493854440025,0.00016607833673766364
463,2,1-4,adjust,-0.01944523943379698,0.0015618519360172795,3.2036771392814844e-06
463,3,1-4,adjust,-0.12218719497843387,0.00023615674974099287,0.00029187535879335677
463,6,1-5,adjust,-0.04712402939719398,0.0003856768194633136,0.00015188692027906715
463,7,1-4,adjust,-0.026201595838036246,-0.000829571753244569,4.828267959256125e-05
463,8,1-5,adjust,0.0105270463175752,7.653694337902823e-05,0.00031158627121233203
463,9,1-5,adjust,-0.03020439357631234,0.00010228165518848524,0.0004225110346018372
464,2,1-7,adjust,0.08388112092548401,-0.001924668375045277,0.00072805112679779
464,3,1-7,adjust,0.09972534899835356,-6.836039743970262e-05,0.0003676477784981015
464,4,1-7,adjust,0.0355433188090445,-0.000473746228282067,0.0004562222078674472
464,5,1-7,adjust,0.10431770133329422,-0.00010380456177023531,0.0009861445400401025
464,6,1-7,adjust,0.05924468531647261,-0.0005117524819030017,0.0007137221604767823
464,9,1-8,adjust,0.04749524984960143,0.0005533307460387515,0.0011866140430305356
465,2,1-4,adjust,-0.03279737184642471,0.000661837250149446,0.00023364897326354835
465,3,1-4,adjust,-0.060465856831010974,0.001034842586041478,0.00017368826257696985
465,6,1-5,adjust,0.04793493535958462,0.0010163362263660865,0.0007793726473296527
465,7,1-5,adjust,0.08779914923628512,0.000869909825431886,0.0005951196131069014
465,8,1-5,adjust,-0.03359233722609168,0.000350053300529874,0.0002870723374059348
465,9,1-5,adjust,0.003033786581443431,0.00022206216621828127,0.0002836084143369977
466,2,1-7,adjust,-0.02042092618798185,0.00013061123867143595,0.0001989565870252691
466,3,1-7,adjust,0.0513937932445758,-0.0009504516956455832,0.0002685877718912838
466,4,1-7,adjust,-0.021989119095206826,0.0012474080395484051,0.0012427414271200471
466,5,1-7,adjust,-0.03707543012811884,0.0006680313558855101,0.0005130721204656724
466,6,1-7,adjust,0.004062277247225149,-0.0004651462875155685,0.00041317117950288477
466,9,1-8,adjust,-0.022243019312231934,-0.00041082013496639673,0.0005314619005680144
467,2,1-4,adjust,-0.0456826746040263,0.001216226096855705,0.0001901647009333679
467,3,1-4,adjust,-0.08221298244801015,0.00150596166624111,0.000908548739644059
467,6,1-5,adjust,0.0024886655768827514,-0.0006000313040302482,0.0005358806205570018
467,7,1-5,adjust,0.007952540532690053,-0.0006755468172090897,8.486582507772506e-05
467,8,1-5,adjust,0.01773677904689176,0.00019539655858153183,0.0010581930390547885
467,9,1-5,adjust,0.05500425544527593,0.0009937329212068382,0.0008950092573074045
468,2,1-7,adjust,0.06746854467539722,-0.002016255076838289,0.0005867949723054904
468,3,1-7,adjust,0.08988284901736654,-0.0011296292023517042,0.000600107913127548
468,4,1-7,adjust,0.06730472059907981,-0.0015325640274288883,0.0007334372733394607
468,5,1-7,adjust,0.11454043650820685,-0.0006875434264048606,0.00036828071191868255
468,6,1-7,adjust,0.04856196077090919,0.0004185956723429935,0.0005463080607456987
468,9,1-8,adjust,-0.03677594269147224,-0.0009954145197496325,0.0005851450174604764
469,2,1-4,adjust,-0.007495007334593444,0.0008122384677568479,5.122207203799796e-06
469,3,1-4,adjust,-0.004216591242714948,-0.00025240805253629245,6.087441360123372e-05
469,6,1-5,adjust,0.04716156360729916,-6.367694807167713e-05,0.001098261670689807
469,7,1-5,adjust,0.025766770976407123,0.0009310671803279411,0.0009528055254369941
469,8,1-5,adjust,-0.0059875203555506944,0.00022313764810249665,0.0012522278813766271
469,9,1-5,adjust,-0.004001021032483104,0.00022972508447288763,0.00039018064919801344
470,2,1-7,adjust,-0.07070190484743524,0.0010963142571310204,0.0002565932623634016
470,3,1-7,adjust,-0.0994136069460472,0.001215212173566588,0.00030932939981992874
470,4,1-7,adjust,0.018649571363278925,0.0002937284253229617,0.00036801379231154514
470,5,1-7,adjust,-0.09346615695449102,-6.997998828378329e-05,0.00039710820772361486
470,6,1-7,adjust,-0.04673747769131571,0.0002737995308588136,0.0008666113705153927
470,9,1-8,adjust,-0.0033493074797942,0.0002819105606029817,0.0006752478217733994
471,2,1-4,adjust,0.04890032473431908,-0.0006063631521702952,0.0005432379658686967
471,3,1-4,adjust,0.08744445278113792,-0.0007782898218544776,0.00046571529456637857
471,6,1-5,adjust,0.00025192004215563265,-0.0007957299735176694,6.430539470379205e-05
471,7,1-5,adjust,-0.04205026056562635,-0.000842236028138214,0.00022428146216042996
471,8,1-5,adjust,-0.023602543823435997,-0.0010465635608191144,0.000620901972318619
471,9,1-5,adjust,0.0008612915968317472,-0.00020145833455931323,7.031147327836418e-05
472,2,1-7,adjust,0.0021153133334132317,-0.0009267593829453912,0.0005925358925937397
472,3,1-7,adjust,0.040906025973031085,-0.0002179310154279696,0.00018020868617845166
472,4,1-7,adjust,0.055534341011417174,0.0005391338991120252,0.0002603826842961318
472,5,1-7,adjust,-0.04674307493512719,-0.0006659678463427992,0.0006873476678326658
472,6,1-7,adjust,-0.027624689218824185,0.0007267478594982665,0.0005385879599314822
472,9,1-8,adjust,-0.020545510172977306,-0.001527915114184221,0.00010522779551504772
473,2,1-4,adjust,0.03203740012983472,-0.0004435492634807827,0.0003370641452739704
473,3,1-4,adjust,-0.010700893470768217,-0.0002265902604510855,0.0010279346959999735
473,6,1-5,adjust,-0.1031060825649045,0.00019488626150234668,0.001620095810447884
473,7,1-5,adjust,-0.09741004288497054,-0.0008533719473620812,0.0016672735044289259
473,8,1-5,adjust,-0.07356711842247754,-0.00046925247905821776,0.0014517801036327395
473,9,1-5,adjust,-0.020017521327655902,-0.00016367522123679915,0.001260313148034374
474,2,1-7,adjust,0.0097527748487345,-0.0010107224945222059,0.0011843378621644734
474,3,1-7,adjust,0.10216357108497363,-0.0022453367067942383,0.0005310613228917227
474,4,1-7,adjust,0.01688620146800521,-3.7192455359839807e-05,0.0005517653890689416
474,5,1-7,adjust,0.07754396001241948,0.0013064293073775937,0.0009533404702341797
474,6,1-7,adjust,0.013191870722788218,-0.0005762071261786957,0.0005608171605426386
474,9,1-8,adjust,-0.035541716180271035,-0.0003315290626966795,0.0003630951536404707
475,2,1-4,adjust,-0.015038127583390277,0.0017123315286937646,0.000968563642024562
475,3,1-4,adjust,-0.08051131671814936,0.0020488880194964496,0.0010741369501777215
475,6,1-5,adjust,0.08943754199643712,0.0002675682230126917,0.0009453396788318907
475,7,1-5,adjust,0.17743757299805313,0.0005877550468596545,0.0002209454689775255
475,8,1-5,adjust,0.12676226934143406,0.0007459070894177738,0.0003701378052770979
475,9,1-5,adjust,0.06679213801676558,0.0014245086271450276,0.0002752908416974219
476,2,1-7,adjust,0.01736732958267108,0.0003185783247881275,6.171882055919343e-06
476,3,1-7,adjust,0.0178189398734161,-0.0005631550269057747,1.2990515754747174e-05
476,4,1-7,adjust,0.04733345644574538,-0.0004956809298102633,0.00016000516139010894
476,5,1-7,adjust,0.12301173679835545,-0.000167785576979293,0.000165992276608249
476,6,1-7,adjust,0.11021466834690316,0.00012878936846397174,0.0007208801665559298
476,9,1-8,adjust,0.018071663453024567,0.0005503877191682077,0.0003303645523340398
477,2,1-4,adjust,0.00024937967388430766,-0.0014750344436614612,0.0015361748965269921
477,3,1-4,adjust,0.02609762768161207,-0.00047442669627743286,0.001586370852974897
477,6,1-5,adjust,0.011675698315510984,0.0009900922620060372,0.0006101695832028591
477,7,1-5,adjust,-0.0185485006436136,0.002119262400800252,0.00023890588941157342
477,8,1-5,adjust,0.049690887818556004,0.0013089989626537955,0.0010535494251182477
477,9,1-5,adjust,0.009586837315764186,0.0006502884534086205,0.0016733215595186779
478,2,1-7,adjust,-0.07186025056018587,0.0024550177233614713,5.047909790307205e-05
478,3,1-7,adjust,-0.22115098449189077,0.0024738915180759296,5.2833762565716444e-05
478,4,1-7,adjust,-0.2693202813621223,0.0011950138786409352,9.839648848857046e-05
478,5,1-7,adjust,-0.2452463759081256,-0.0007797139187881694,0.0005561712366457444
478,6,1-7,adjust,-0.13603221275124794,-0.0017798721154727638,0.0003985418291264191
478,9,1-8,adjust,0.0321136264207371,0.00048216080975263813,0.00024186759669719428
479,2,1-4,adjust,-0.03403967005318275,0.0011974416292640751,0.0013718567146600723
479,3,1-4,adjust,0.030583815382546828,0.00056850720524305,0.0010254595036321829
479,6,1-5,adjust,-0.1121944691741738,0.0006379763963960666,0.0006083638222415786
479,7,1-5,adjust,-0.1760535124664284,-0.0024579325551562572,0.0012968946456108318
479,8,1-5,adjust,-0.137797726956717,-0.0019306907041295102,0.0010609534997206766
479,9,1-5,adjust,-0.0703646883486453,-0.002325568259837601,0.002073044033694013
480,2,1-7,adjust,0.0909530153869622,-0.0030987183328187624,0.0005077559109643914
480,3,1-7,adjust,0.18989061939453608,-0.001999269639883214,0.0003782134825377554
480,4,1-7,adjust,0.1680350829464204,-0.0005043864247375008,0.0006900204192166611
480,5,1-7,adjust,0.028384063735428178,0.0011524103339182509,0.001036852561460047
480,6,1-7,adjust,0.04095116199257874,6.251321231023398e-05,0.001983491346222164
480,9,1-8,adjust,-0.04838846110017298,-0.0004983440351093209,0.0006805912206012176
481,2,1-4,adjust,-0.02740465183474798,0.0004146575449656144,0.0005659816452917637
481,3,1-4,adjust,-0.08760555368497241,0.0006379408807612563,0.002575290633737422
481,6,1-5,adjust,0.07840494680974873,-0.0011292396925392137,0.001531492030865356
481,7,1-5,adjust,0.14570562042606616,0.0003150671224073659,0.0009696257448215846
481,8,1-5,adjust,0.09141936279218266,0.0009752844030704127,8.037250980350789e-05
481,9,1-5,adjust,0.1016982913546435,0.002020261168693461,3.269696559036789e-05
482,2,1-7,adjust,0.05889532930414262,6.467131091860941e-05,0.00029074654306961904
482,3,1-7,adjust,-0.02139436414023287,-0.00041951195419372047,7.544405970162741e-05
482,4,1-7,adjust,0.018401829403699797,-0.0002745614086158117,0.0004662623596252072
482,5,1-7,adjust,0.12376222263118965,-0.0010913562065285672,0.0005146960453731265
482,6,1-7,adjust,0.06072520421374408,0.000655053874478045,0.0001614459806922815
482,9,1-8,adjust,-0.025852087804002853,-0.000537263945830014,0.0004141058762243755
483,2,1-4,adjust,-0.020342163360078696,0.00011127302442504696,0.0002413685687661491
483,3,1-4,adjust,0.03972517888143641,-8.565391346271033e-05,0.0003600936038475914
483,6,1-5,adjust,-0.025957182799695524,0.0007981759265337001,0.0005019519281607735
483,7,1-5,adjust,0.011457541938094581,0.0007102001821984111,0.000197168918269769
483,8,1-5,adjust,0.017960585897474127,-0.0003440299549525995,6.138449024411748e-05
483,9,1-5,adjust,0.011299303422792138,-0.0005248993738526692,0.0005373428339531757
484,2,1-7,adjust,-0.04716018036454522,-7.022259177473866e-05,9.582610135913501e-05
484,3,1-7,adjust,-0.02145762682191436,0.0004008914578475131,0.0004972629148899551
484,4,1-7,adjust,-0.07009829030895387,0.0005315860140831164,0.0007388451693157861
484,5,1-7,adjust,-0.0541922631787091,1.6037012158160484e-05,0.00025340887905335577
484,6,1-7,adjust,-0.018883432463617015,-0.0002479227949825344,0.001088717694533437
484,9,1-8,adjust,-0.00410129465385069,0.0015647999327396847,2.002646638517958e-05
485,2,1-4,adjust,0.00672299790262044,0.0011010214433671177,0.0004978133412616315
485,3,1-4,adjust,-0.05659674917764658,-0.0005938182443393444,0.0002384023741101526
485,6,1-5,adjust,-0.019797121096960125,-3.587693723698239e-05,0.0006513171321093747
485,7,1-4,adjust,-0.08308972509579594,-0.0005704837846917464,9.75389817430074e-05
485,8,1-5,adjust,-0.02772699222197567,0.00016579015492372014,0.00029321075650743506
485,9,1-5,adjust,-0.012767672049561205,-0.0006935687657389686,0.00017511113271539327
486,2,1-7,adjust,0.047587070577417366,-0.0010518087449540448,0.00045086146112633156
486,3,1-7,adjust,0.09774714334721614,0.0003097841381513066,0.000287649411888656
486,4,1-7,adjust,-0.05396747059895699,-3.29012683010176e-05,0.000759103575844656
486,5,1-7,adjust,-0.014176399184365161,0.0010288727763848482,0.0009801298213156554
486,6,1-7,adjust,-0.025908466876578974,0.00047913633042459623,0.0008020368980049983
486,9,1-8,adjust,0.001046784079090857,0.00024470800694843396,0.001295005716132074
487,2,1-4,adjust,-0.09804686412948865,0.0015516698307549404,0.0006581436902061268
487,3,1-4,adjust,-0.1308265797030788,9.229397797725584e-05,0.00034685265689642666
487,6,1-5,adjust,-0.0009895318127014603,-0.00025950799190569264,0.0002642144287426377
487,7,1-5,adjust,0.07459653003443746,-1.990458292204496e-05,0.00013374369767054202
487,8,1-5,adjust,0.017471809886581452,0.0002546667029672203,4.020438845942865e-05
487,9,1-5,adjust,-0.004654290989762339,-0.0005817727333210763,0.0003237605507155773
488,2,1-7,adjust,0.09170247389694836,-0.0028293132451149804,0.0008145288398783613
488,3,1-7,adjust,0.10558584735679268,-0.000471912128856591,0.00030208601860844575
488,4,1-7,adjust,0.07355059036260599,-0.0008490957141492618,0.00011803889995947088
488,5,1-7,adjust,0.12877834368487615,-0.0004120553146927388,0.00036168101466175606
488,6,1-7,adjust,0.06086781390100864,-0.0009869126038893365,0.00020612636595291613
488,9,1-8,adjust,0.02157244219733926,0.0003413919227669265,0.0005181309182530452
489,2,1-4,adjust,-0.013037527134714838,0.0018789948863277214,0.0005854754681024729
489,3,1-4,adjust,-0.029137209621929585,0.000471906185124527,0.0004528084289334792
489,6,1-5,adjust,0.053547804437186146,0.0010458222901577267,0.0013590826051248462
489,7,1-5,adjust,0.052433894982121095,0.0006750285976951896,0.0014964726981389616
489,8,1-5,adjust,-0.014435940278352738,1.5090292472045986e-05,0.00013207429637954142
489,9,1-5,adjust,0.01610243003452725,-2.723707043652403e-05,0.0010705496526880885
490,2,1-7,adjust,-0.022990723337000255,-8.96215051700267e-05,0.000308558230152488
490,3,1-7,adjust,-0.08143812037729008,0.00018596567647117206,0.00032156451998098425
490,4,1-7,adjust,0.009330905764642253,0.0007104122729781678,6.039790857241971e-05
490,5,1-7,adjust,0.03850788452979566,-0.0005909754957255779,0.0006543670911873839
490,6,1-7,adjust,0.004367610833047153,-0.00028817890486530675,0.00032480927261706484
490,9,1-8,adjust,-0.009304903844996387,-0.0005827492104560694,0.00097621984671556
491,2,1-4,adjust,-0.008282444187538549,-0.00013330464383905515,0.0008661925360916372
491,3,1-4,adjust,0.060708598690157704,-0.0007046598876019384,0.0010656924811110874
491,6,1-5,adjust,0.04614068713321433,0.00023094611736407874,0.0006388224177133779
491,7,1-4,adjust,-0.0011618216441793934,-0.00032958492565724753,6.08273197189857e-05
491,8,1-5,adjust,-0.010752765491095724,-0.00048112151128014327,5.969082286767955e-05
491,9,1-5,adjust,-0.07923004029121519,-0.0007362925895958512,0.00046061133365449383
492,2,1-7,adjust,0.020900016155465065,-0.0007158256262646531,0.00021765452480001493
492,3,1-7,adjust,0.08206808040804263,-0.0002516339130269687,0.0007587071005285353
492,4,1-7,adjust,0.09588356154063588,-0.0005323135281811843,0.00040441048033566194
492,5,1-7,adjust,-0.08288973567259281,0.00011772959834602378,0.0003100550697637833
492,6,1-7,adjust,-0.07130174777817519,-0.0006149077650244424,0.0006471330788299541
492,9,1-8,adjust,0.035309963969554145,0.00039624321882148107,0.0012922910696638306
493,2,1-4,adjust,0.001826090162147839,2.9840271009930726e-05,0.00015686479994738928
493,3,1-4,adjust,0.0013025122532938777,-0.0003710811619351099,0.00126866178906732
493,6,1-5,adjust,-0.028297204545990343,0.0006350960588096086,0.0005099251589279106
493,7,1-5,adjust,-0.03863088540829499,0.00013897864170549866,0.00064893781505679
493,8,1-5,adjust,0.029964130168349454,-0.000228260041263317,0.0005619688596553971
493,9,1-5,adjust,0.02667006398087991,0.0003408431633666571,0.0004146039057802115
494,2,1-7,adjust,-0.05443293385113514,0.0014278972780958472,0.0007644098539488605
494,3,1-7,adjust,-0.05408189702110654,0.001129579731100891,0.0011918155943735414
494,4,1-7,adjust,-0.08248206427020362,-0.0002453400292787848,0.0003711285770043979
494,5,1-7,adjust,-0.028502962316213295,0.0005870553057127975,0.0009080113125943356
494,6,1-7,adjust,0.011973290952134437,-0.0003417712719991557,0.001235480444269282
494,9,1-8,adjust,0.011040280776426147,6.814854914206218e-05,0.00018956653013591047
495,2,1-4,adjust,0.06824153378661447,-0.0008987909996048572,0.0005389344266695808
495,3,1-4,adjust,0.027610114311384524,-0.0005295453107159633,0.0007037304158869705
495,6,1-5,adjust,0.004884657782579279,0.00017178898649609494,0.0006847480397204181
495,7,1-4,adjust,0.0029428362202376327,-6.628041455981101e-05,1.9531061824459214e-05
495,8,1-5,adjust,-0.04753767923049935,0.0015107933603998216,0.00018328757346549826
495,9,1-5,adjust,-0.0020072781397189065,0.0002460647279769625,0.00030170585095359024
496,2,1-7,adjust,-0.011523460103900537,-0.0005927984238666225,0.0007038580829110388
496,3,1-7,adjust,-0.04123648159513266,0.0001348132293089666,0.001004404615285158
496,4,1-7,adjust,-0.0163566719969745,0.0011601300864832347,0.0005821556132415666
496,5,1-7,adjust,-0.0022587384548018825,-0.0006465865954620375,0.00023631321382738935
496,6,1-7,adjust,-0.016672218896412346,7.0938256765496856e-06,0.0005377825397722887
496,9,1-8,adjust,0.0024868641923611145,-1.889584769675979e-05,0.0012636047855590603
497,2,1-4,adjust,-0.0414804761102099,0.0008895996371090661,0.0005573731257706185
497,3,1-4,adjust,-0.01972865245560043,0.00019640244750508546,0.0006561333615703708
497,6,1-5,adjust,-0.03529376708636013,-3.7157538104654914e-05,0.00026694113907603463
497,7,1-5,adjust,0.011187634810397667,0.0001794493352860325,0.0003173290020550577
497,8,1-5,adjust,0.007270841159625929,-0.001286387936832339,0.0006924569680457743
497,9,1-5,adjust,-0.03889617963944057,-0.00040988073991250914,0.0013917364693926885
498,2,1-7,adjust,-0.00499731226641357,3.8614365688385165e-05,0.0004138485729567813
498,3,1-7,adjust,0.041657276687815145,0.0005306794455877204,0.00047425365643309245
498,4,1-7,adjust,0.018509811538077695,-0.000786733189049597,0.0008161836102706815
498,5,1-7,adjust,-0.020887508067156352,-0.0002728736865474549,0.00033039134005036474
498,6,1-7,adjust,0.0448189666354825,0.0002805140406620363,0.0002231335421571897
498,9,1-8,adjust,0.005506354391401878,0.000356631230832279,0.0014658353444061039
499,2,1-4,adjust,0.02325156729914521,0.0003144563589775718,0.00015220001390080714
499,3,1-4,adjust,-0.0060636216961235745,-0.001423369887893699,0.0002897084426134936
499,6,1-5,adjust,-0.05984037967119111,-0.0004844480872436487,0.0006675414353493612
499,7,1-5,adjust,-0.09123957643420862,-0.0007555066703199418,0.0003449922212242431
499,8,1-5,adjust,0.005012486265278529,-0.0009067136911533681,0.0007686577913642628
499,9,1-5,adjust,0.029812006339525642,-0.0002845979952574103,0.00013745615409968244
500,2,1-7,adjust,0.03229132883356702,-0.0013389935822446964,0.0006341612901893272
500,3,1-7,adjust,0.026202105075543488,0.0010565606428411605,0.001322466758076538
500,4,1-7,adjust,0.0159042801477884,-0.0003952167275379111,0.001141092000821986
500,5,1-7,adjust,-0.03851367257367396,0.0003148222256834837,0.0009048296081149573
500,6,1-7,adjust,0.005988689737577906,0.0008771134884115289,0.0019657506596058214
500,9,1-8,adjust,-0.054179062933094595,-0.0007795782233939326,0.00012348101440009263
501,2,1-4,adjust,0.010410264889718577,1.1423203531932143e-05,0.000782533165927324
501,3,1-4,adjust,-0.01375667008468738,-0.00015109874740336908,0.00114281269126745
501,6,1-5,adjust,-0.03801251719364779,-0.0008466043200838478,0.000678551020486339
501,7,1-5,adjust,-0.005152687011315257,0.0008344976447724296,0.0003975398741275338
501,8,1-5,adjust,-0.05455206459222372,0.001381219750881365,5.235532817986835e-05
501,9,1-5,adjust,0.06040756053002261,0.0012209603583109704,4.6161279807777894e-05
502,2,1-7,adjust,-0.052637885097739034,0.0010105858168443958,0.0007771126797419531
502,3,1-7,adjust,0.02415187230568274,0.0004427678739145706,0.0007763111821296543
502,4,1-7,adjust,-0.11390049683669409,0.0005997694629240495,0.0003100076783657481
502,5,1-7,adjust,0.04098062701080496,0.0008654658935354048,0.00011234586671569343
502,6,1-7,adjust,0.0025461842767916945,8.790123245428629e-05,0.00100246984940078
502,9,1-8,adjust,-0.06489138809723399,-0.0009695993496146537,0.0011591251586553202
503,2,1-4,adjust,-0.017535208130694438,0.0004850912032242843,0.0003106911569928246
503,3,1-4,adjust,-0.10113114954288209,5.532494960052108e-05,0.00043776058433583627
503,6,1-5,adjust,0.08888643906665905,0.00010195130074454484,0.0006646469772728916
503,7,1-5,adjust,0.10141560238329367,-0.0009117793917935331,0.0005464049769393581
503,8,1-5,adjust,0.08916609609542674,-2.985581058145651e-05,8.227520742094997e-05
503,9,1-5,adjust,0.06339940706539798,0.0008999296394097688,0.00013022161264809138
504,2,1-7,adjust,0.049380070080015256,-0.0011895790284823047,0.0006218415131413125
504,3,1-7,adjust,0.13473196507853002,-0.00011392379306645298,0.00041418619996170115
504,4,1-7,adjust,0.16260750853191783,-0.0007930033384458998,0.0007269906088676735
504,5,1-7,adjust,0.1176934486246172,-0.0007485580351832054,0.00013405286512337497
504,6,1-7,adjust,0.013109647162035975,-0.0008055160160736406,0.0002737979975114002
504,9,1-8,adjust,-0.00034536544582568294,0.0002204634969479898,0.0013234865346425698
505,2,1-4,adjust,0.029736882547347764,-0.0012285792390511268,0.0008495241020360206
505,3,1-4,adjust,-0.026361004726426943,-0.0013283657403139304,0.0008908032787317896
505,6,1-5,adjust,0.049703525306303876,0.0011357140061876098,0.0006774830814523095
505,7,1-5,adjust,0.003837004864493293,0.0007532261086188809,0.00042394723494034586
505,8,1-5,adjust,-0.0026041658264931407,0.000660041978689621,0.001211294343412681
505,9,1-5,adjust,-0.017726067219074423,-0.0004973276678933449,9.581650613258437e-06
506,2,1-7,adjust,-0.04921952154975541,0.0016245079781151478,0.00014862685114753503
506,3,1-7,adjust,-0.08595552290773376,0.0014555524564063092,0.00037686987056641784
506,4,1-7,adjust,-0.08927754807500891,0.00176230136542795,0.0005281081176828012
506,5,1-7,adjust,-0.0885351318284498,-0.00017544222032609032,3.765435770298176e-05
506,6,1-7,adjust,-0.02612992635785294,0.00012612186157128557,0.0005489412106320763
506,9,1-8,adjust,0.02075231988926306,0.001537908548181801,0.00012471243898174366
507,2,1-4,adjust,-0.04318945012817496,5.585544438370252e-06,0.0008470065027749478
507,3,1-4,adjust,-0.0320481275106843,-5.907749826050573e-05,0.001118516043754894
507,6,1-5,adjust,-0.05892242809986717,-0.0011227076378081883,0.0012848493797179567
507,7,1-5,adjust,-0.07467122332449372,6.119775691713364e-05,0.000813707441811951
507,8,1-5,adjust,0.027960713399515183,-0.00039636746045315614,0.00015975902563575726
507,9,1-5,adjust,-0.008138285220555442,-0.000848788482638625,9.216337040706231e-05
508,2,1-7,adjust,0.0791366777378328,0.00017041051732652514,4.619736929832683e-05
508,3,1-7,adjust,0.07577056969083185,-5.8694236285261794e-05,2.9817228793571676e-05
508,4,1-7,adjust,-0.02184186764657953,-0.00022521260942404077,0.00054741845432409
508,5,1-7,adjust,-0.04857461920397074,-0.000191900491445737,0.00046971771911728447
508,6,1-7,adjust,-0.06208141862252035,-0.0001350344560034045,0.0006919056120821582
508,9,1-8,adjust,0.016268323338051942,0.0005950595694541633,0.0011640095543349654
509,2,1-4,adjust,-0.06457419710159827,0.0014655093257349436,0.0013935467930684263
509,3,1-4,adjust,-0.054167952118543576,0.0008498014712551751,0.0017300488858833418
509,6,1-5,adjust,0.017776107414826457,-0.0002488257968822936,0.001777897428948694
509,7,1-5,adjust,-0.06439502695421896,0.0003788067870177972,0.0002762193783109856
509,8,1-5,adjust,-0.14571074367389858,-0.0012207435797376787,0.0018561522460929438
509,9,1-5,adjust,-0.06593536918735017,-0.002482279682848347,0.0014187304827099933
510,2,1-7,adjust,-0.005963641564743466,-0.0008038183281919607,0.001700597222825602
510,3,1-7,adjust,0.03302629450727024,-0.00010361949055276989,0.0015911138810507572
510,4,1-7,adjust,-0.10371927550646623,-0.00030119957812209006,0.0015700776829722372
510,5,1-7,adjust,-0.058108272700099294,0.0005401998592555497,0.0014361856338394
510,6,1-7,adjust,-0.07390744154804202,0.0009187826415303779,0.0006707802965572265
510,9,1-8,adjust,-0.015401171938601063,-0.00024262039218594787,0.0015408145745222418
511,2,1-4,adjust,-0.007559793685113877,0.0008434565893142083,0.0012507773687578177
511,3,1-4,adjust,-0.10937519238855033,-0.0001817277664954655,0.0009581057509204917
511,6,1-5,adjust,0.04143476349917572,-0.0002706314004788193,0.00010619671176819133
511,7,1-5,adjust,0.020584190037915152,-0.001587309334727923,0.00048628999005899105
511,8,1-5,adjust,0.02673186177229783,0.0006252018063497563,0.0006375963792268375
511,9,1-5,adjust,0.055921544997390625,0.0009399378154712866,0.001084135997908951
512,2,1-7,adjust,0.0839948607648714,-0.002393287533078635,0.0003806014838100649
512,3,1-7,adjust,0.19590004481796802,-0.001817804296038634,0.00010999291412975383
512,4,1-7,adjust,0.17538550181624238,-8.441230215345745e-05,0.00011498412928839176
512,5,1-7,adjust,0.1261901064303539,2.9908797802166827e-05,6.0957152930842475e-05
512,6,1-7,adjust,0.03472640945353449,-4.454781370120788e-05,0.000387608069426031
512,9,1-8,adjust,-0.028133745792739126,-0.00030328512920825817,0.0002326507702320919
513,2,1-4,adjust,-0.060230717713723146,0.00011762634046833618,1.6863533070285377e-05
513,3,1-4,adjust,-0.06741583329265967,0.0007997173768170304,0.0006116651136791371
513,6,1-5,adjust,0.10854932843399749,1.9292671551212677e-05,0.000136302433133109
513,7,1-5,adjust,0.10285148380517921,0.0010955821580316833,0.0004258115827877165
513,8,1-5,adjust,0.06767495372058686,0.0004756928758083773,0.0006025360457759007
513,9,1-5,adjust,0.01834459404473337,0.0004339373158940329,0.0004020286605658258
514,2,1-7,adjust,0.01219331816569564,0.0007477587491672332,2.5483331775667313e-05
514,3,1-7,adjust,0.013754326997315849,5.689086926551839e-05,0.0005547996471990499
514,4,1-7,adjust,0.017881021297555748,-0.0007633426029476913,0.0006637628773382455
514,5,1-7,adjust,0.03729108566627728,0.0002521986662800944,0.0008159971331155961
514,6,1-7,adjust,-0.012881330542116126,0.0016791061747300695,0.0004974527352377307
514,9,1-8,adjust,0.007748369894157289,0.0004784476282806617,0.0001949802856758698
515,2,1-4,adjust,0.030193739704704625,-0.0012307985111124089,0.0008542153167783008
515,3,1-4,adjust,0.019839176393385144,-0.00011122776630309014,0.0002811423584190378
515,6,1-5,adjust,0.03484828308870553,-0.0015887130741795467,2.6803539522690986e-05
515,7,1-5,adjust,0.0399334841983354,0.0003497855417925333,0.0004368322730882434
515,8,1-5,adjust,0.08356664441008999,0.000598201830278386,0.0009972746991121404
515,9,1-5,adjust,-0.004073155780422361,0.0005210279431371687,0.0004623239473086348
516,2,1-7,adjust,-0.007885411661578383,0.0015824837244644804,0.0003268976021143425
516,3,1-7,adjust,-0.030084972745048417,0.0007519793612143351,0.0003508986116353421
516,4,1-7,adjust,-0.07369068382017244,-0.00013274165170593704,0.00021424473628818818
516,5,1-7,adjust,-0.07765576149852053,-0.00010760534492561934,0.00037308885017217684
516,6,1-7,adjust,0.009070053210683115,0.0008761216763884417,0.00021960470879529848
516,9,1-8,adjust,0.05302756507166806,0.0006626320876317172,0.0001728058822884667
517,2,1-4,adjust,0.002884506584511532,-0.00026360473462059186,0.0008565233574098875
517,3,1-4,adjust,-0.02712234539911368,-0.000739686326329905,0.0003381834168837621
517,6,1-5,adjust,-0.07000895490000415,-0.0007668461413321213,0.0012107391493290938
517,7,1-5,adjust,-0.09713264013586334,-0.0008539203445673069,0.0004443742253312715
517,8,1-5,adjust,-0.062041301970816566,-0.0002293005387984837,0.0006542472660220087
517,9,1-5,adjust,-0.038725147091654526,-0.0009761496478176162,0.00019634562728273363
518,2,1-7,adjust,-0.013789045000914801,-0.00039617400569128854,0.00042601095949816565
518,3,1-7,adjust,0.024157499026856686,-2.1853454710510912e-05,0.0006327087168460955
518,4,1-7,adjust,0.0673919024954658,0.00010928084527709896,0.00023351353881535548
518,5,1-7,adjust,-0.053165645238924295,-0.0007032421743908086,0.00036769068506883103
518,6,1-7,adjust,-0.01401769548194245,0.0004933796581509338,1.0655821124437e-06
518,9,1-8,adjust,0.010326914194360796,0.0007198835461438035,0.0014148379225824305
519,2,1-4,adjust,0.036384818423224725,-0.0014319915579941685,0.0008301157245822413
519,3,1-4,adjust,0.04204016928332399,-0.00030322023264025535,0.0014209689569725354
519,6,1-5,adjust,-0.06038543099428033,-0.0013047672298022873,0.0009122035627306227
519,7,1-5,adjust,-0.05438695424592927,-0.0006492938401426321,0.0012839906708715146
519,8,1-5,adjust,-0.08298057065541584,-0.0012772546274624791,0.0005037901093370405
519,9,1-5,adjust,-0.02956107142566322,-0.00047169699880157505,0.0006133352846780498
520,2,1-7,adjust,0.030298287295987453,-0.00012905787376939632,0.00015184445817214182
520,3,1-7,adjust,0.08950903226962875,5.897587120814441e-05,9.665570232381623e-06
520,4,1-7,adjust,0.02512059158504605,0.0009613556692864283,0.000603887946935623
520,5,1-7,adjust,0.07935726912105877,0.0009467658595364828,0.0008811018764335664
520,6,1-7,adjust,-0.00405050702403888,0.00016402460850057125,0.00013019313493660246
520,9,1-8,adjust,-0.03576396475982504,-0.0019520732457763083,0.0005827315879060025
521,2,1-4,adjust,-0.07543817608938637,0.0010131990206631138,0.0006197343327584854
521,3,1-4,adjust,-0.10572864013885427,0.00055118052174799,0.0006869183523889882
521,6,1-5,adjust,0.07843369680590687,0.0012959157284819442,0.0009376285048385478
521,7,1-5,adjust,0.11050015125562136,0.0010758608586534208,0.0005092338767479104
521,8,1-5,adjust,0.08088298125772544,0.0005024166740143659,0.00017967492127479435
521,9,1-5,adjust,0.023527818241848304,0.0014587766483612128,0.001160014073151898
522,2,1-7,adjust,-0.0017662035211370353,0.0011555256698472466,0.00038551901248908346
522,3,1-7,adjust,-0.10900395446398249,0.0007923878918667938,0.001227655048115593
522,4,1-7,adjust,-0.054632651184222523,-0.0014296582574158101,0.0003518131493653396
522,5,1-7,adjust,-0.015183856073095301,8.334155730649432e-05,0.0012499441781140155
522,6,1-7,adjust,0.004262261779641132,-0.0003903080708499856,0.0003892203099249239
522,9,1-8,adjust,0.023664560802299905,-6.666970998430437e-05,5.645128938693123e-05
523,2,1-4,adjust,0.03043129377899879,-0.000698230962700985,0.00112322111305675
523,3,1-4,adjust,0.09358829503160711,-0.0010660334741568534,0.0007366565866185221
523,6,1-5,adjust,0.0005738841437546492,-0.0005256131418953955,0.0004261775309411505
523,7,1-5,adjust,-0.014034349829473516,7.718844601584847e-05,0.00012751959217726437
523,8,1-5,adjust,-0.010790028202066983,4.3713969775813746e-08,0.0008640833516022743
523,9,1-5,adjust,0.01618071956794949,0.001384778672282453,0.0015626998103515706
524,2,1-7,adjust,-0.02871137120493167,0.00035838669747245027,0.0005616069882465244
524,3,1-7,adjust,-0.04606876334261224,0.0007961033881827129,0.0002910147535979358
524,4,1-7,adjust,-0.025502287447763235,0.000996267097916466,0.00021669324872488529
524,5,1-7,adjust,0.061978540960722084,-0.00021973858643300627,0.0004116971510851077
524,6,1-7,adjust,0.029914528686531047,0.0009240768071214355,0.00023336052069787062
524,9,1-8,adjust,-0.03754405371878026,-0.0016415123506844217,0.0015202674338421784
525,2,1-4,adjust,-0.007391976572929717,0.00011162588509022767,0.00022091698788349716
525,3,1-4,adjust,-0.001641420632839128,0.0005615574781454018,0.0013054921028648858
525,6,1-5,adjust,0.032120908617854785,-0.0010056893159651466,0.0008820051319828705
525,7,1-5,adjust,0.09839890069761571,0.0007097973860922611,0.0010149713821397347
525,8,1-5,adjust,0.06071713350767497,0.0007274655325733277,0.00027049136873564237
525,9,1-5,adjust,0.045710956086205116,0.0014550537010307712,0.0004133961105827676
526,2,1-7,adjust,-0.03644190220193973,0.0011662937997307843,0.00010808891060176645
526,3,1-7,adjust,-0.04948795268191288,-0.0005770383620976677,0.0006355854448569218
526,4,1-7,adjust,-0.035468339609013216,8.762203383138616e-05,2.1258225683308415e-05
526,5,1-7,adjust,-0.01769616626458498,0.00014132791133474496,0.00030577682498201186
526,6,1-7,adjust,0.010641905545366044,0.0014400399026869035,0.00014452983434093815
526,9,1-8,adjust,0.008827456152848356,0.0005912017548204215,0.0007355121541045441
527,2,1-4,adjust,0.038989866288504815,-0.001139862548166038,0.00036711952358854037
527,3,1-4,adjust,0.02885808208458478,0.0001513332129230908,0.0008753680044455757
527,6,1-5,adjust,0.0016554931322811932,-0.0012045123359974992,0.0008387796820614476
527,7,1-5,adjust,-0.042151910260332555,-0.000432256099562211,0.000559264214084557
527,8,1-5,adjust,-0.061749023084546606,0.00021262611236219026,0.0001862160314622761
527,9,1-5,adjust,-0.025406094075430107,-0.00161038156804689,0.0010355065514241991
528,2,1-7,adjust,0.019536741294897377,-0.0002470945206501333,0.0003680908348152721
528,3,1-7,adjust,0.06295772667880363,-0.0007997006038931527,0.00043102653219980456
528,4,1-7,adjust,0.024824710647664026,0.0009107247438849657,0.00012327190595649065
528,5,1-7,adjust,-0.004966052732419436,-0.0009416040405292181,0.0005912827876365207
528,6,1-7,adjust,-0.026948366192587808,0.0005465740938819983,0.0006711602910517278
528,9,1-8,adjust,0.0037828758597259595,0.0005069914379510186,0.0005896928829870769
529,2,1-4,adjust,-0.0553568416438783,0.001944781211228646,0.0023454360633242137
529,3,1-4,adjust,-0.06066377144165699,0.0002355448313118784,0.001980920786655937
529,6,1-5,adjust,-0.07052498969702276,-0.00028574092808104706,0.0006045515420476296
529,7,1-5,adjust,-0.026471538478288394,-0.0003389002456118468,0.0009961736875014622
529,8,1-5,adjust,-0.06121648558956011,-0.0015158942691471122,0.001571104949423192
529,9,1-5,adjust,-0.026326171725840015,-0.0008288795302808839,0.0015370813745663495
530,2,1-7,adjust,0.062154507534081416,-0.0018022037368379364,0.0010360510399043147
530,3,1-7,adjust,0.00892189657974623,-0.0004051847367562672,0.0009970939084433268
530,4,1-7,adjust,0.022520712281086232,-0.0008654131514453018,0.0006862861251942412
530,5,1-7,adjust,-0.03666719662572824,0.00024596026333295026,0.00037449340053148037
530,6,1-7,adjust,0.04363846862603839,-0.0003470626358728496,0.0011543719601033648
530,9,1-8,adjust,-0.025827168654940613,-0.0016421283061514459,0.001958503505139184
531,2,1-4,adjust,0.0027400503246694284,7.235533906728031e-05,0.0007899426829465656
531,3,1-4,adjust,0.022268963056714025,0.0010170956405959235,0.0001668823705435426
531,6,1-5,adjust,-0.030071544085262962,-3.568498902431548e-05,9.828511264245173e-05
531,7,1-4,adjust,-0.017020164957079763,2.929255900849697e-05,6.999245502482045e-05
531,8,1-5,adjust,0.04680624368031127,0.0006702898379275567,0.0001711089462341906
531,9,1-5,adjust,0.00737332495773047,0.0015752939253705096,0.0007878459537922736
532,2,1-7,adjust,0.018264986916741124,-0.0004524734628309667,0.0005132693631366156
532,3,1-7,adjust,0.04757993437368142,-0.0001693086067174067,0.00011098020899754458
532,4,1-7,adjust,0.0371571407822431,-0.00032965281811146843,0.00034513555327004533
532,5,1-7,adjust,0.003618895564862168,0.00014609398347434864,0.0006669773535082689
532,6,1-7,adjust,-0.0018126366354701295,0.0011483739787238783,0.0005680266108976752
532,9,1-8,adjust,0.012034377393662053,0.0001811682818488719,0.0010468318184247833
533,2,1-4,adjust,-0.028501594107580186,-0.0008098555203734047,0.0008195213877587883
533,3,1-4,adjust,-0.01925368065352525,-0.0013131757973808397,0.00036316546290174486
533,6,1-5,adjust,-0.02028326512460967,-0.0013733242268371005,0.0004074962939947459
533,7,1-5,adjust,-0.025758030298221088,-0.0001370718482745396,0.0004169327530562267
533,8,1-5,adjust,0.04807843263623676,0.00038717379045860063,0.0003545876986952134
533,9,1-5,adjust,-0.009455701544711205,4.87001296878717e-05,8.693642410938327e-05
534,2,1-7,adjust,-0.01767310254902732,0.001580049405061619,0.00030641373567293534
534,3,1-7,adjust,0.03409936616257214,0.000551568305882143,0.00032343686796639507
534,4,1-7,adjust,-0.05734924660603091,0.00019069254647741392,0.0004557942761691941
534,5,1-7,adjust,-0.016934887621395386,-0.00039058145537420376,0.0005016104544486523
534,6,1-7,adjust,-0.0005399947649313134,0.0012971114730591302,0.0007233535229167336
534,9,1-8,adjust,0.04352078899410631,0.000638283543542113,0.0011297227577430381
535,2,1-4,adjust,0.004297071683896194,-0.0004530671881043675,0.00040215654728605743
535,3,1-4,adjust,-0.06840229511816982,0.0004903638257179612,0.0004071176599990693
535,6,1-5,adjust,0.0025512394356977026,-0.00026240917480705594,6.862006186237844e-05
535,7,1-5,adjust,-0.0668315356159714,-0.000260128964166968,0.00036990302917814795
535,8,1-5,adjust,-0.08830955770049473,-0.0014955134566868905,0.0011235198353976878
535,9,1-5,adjust,-0.00411772090008526,0.00029180172454294285,1.5179205604155293e-05
536,2,1-7,adjust,0.06192529660390159,-0.0007519490159149028,0.001076340328987393
536,3,1-7,adjust,0.026303798624781466,3.137013098792985e-05,0.001257004117471122
536,4,1-7,adjust,0.010719623814244529,0.00029476402162728773,0.0012388093406158365
536,5,1-7,adjust,-0.023971471200610606,0.0008418389261437494,0.0007145610548334129
536,6,1-7,adjust,-0.07439239642452682,-0.0011468436507669343,0.0013940856184986026
536,9,1-8,adjust,-0.06824558272007626,-0.001995580197672396,0.0006249679042611572
537,2,1-4,adjust,-0.09158355928275051,0.0010099954951246909,0.0003171767599849801
537,3,1-4,adjust,-0.0014888615720392959,0.0004697514794882926,0.0006428870017280752
537,6,1-5,adjust,0.040448109027693954,0.0007912788666545661,0.001430018124835936
537,7,1-5,adjust,0.04774330165264408,0.0010144590292832168,0.0002649372345930646
537,8,1-5,adjust,0.022213585047148824,0.001642091921234472,4.764073235572967e-05
537,9,1-5,adjust,0.0635302777351075,0.0016459734880091515,2.5767012897813148e-06
538,2,1-7,adjust,0.043853350213378106,0.00025616523111000563,2.4053722853822133e-05
538,3,1-7,adjust,0.0025311328021596653,-0.00027775087443029705,0.0002854818595761827
538,4,1-7,adjust,-0.02794514108132834,-0.00013687966936588782,0.00040529204640376914
538,5,1-7,adjust,-0.10392054197877028,-0.0012135573973939904,0.00018451916259206973
538,6,1-7,adjust,0.004433086614101834,0.00011539205862122531,0.0003200140382546864
538,9,1-8,adjust,-0.01724777704045704,-0.001077433284225785,0.0008301693466867018
539,2,1-4,adjust,-0.037383095461118614,0.0006626785811066491,0.0009646054776359766
539,3,1-4,adjust,-0.04768089947722769,-0.0002506717571819527,0.0008240673418441974
539,6,1-5,adjust,-0.09664924479187605,-0.0012320290926220586,0.0015945781156886049
539,7,1-5,adjust,-0.16162679218493223,-0.0010656741269965675,0.0019176469493553045
539,8,1-5,adjust,-0.05748316770097114,-0.0021688682382802306,0.0012995321181395825
539,9,1-5,adjust,-0.03822617923181292,-0.0006386303488670883,0.0018002302543089514
540,2,1-7,adjust,0.07475724879043785,-0.0017647609474725878,0.0021017137139196984
540,3,1-7,adjust,-0.009856866084736286,0.00021552896760780504,0.001830083781399642
540,4,1-7,adjust,-0.03649586833609823,-0.00043860030008116145,0.001836797000504944
540,5,1-7,adjust,0.047422297619251215,0.0008690091888213034,0.001971749588495276
540,6,1-7,adjust,-0.04174135466610536,0.0010979563995442622,0.0024649105156907647
540,9,1-8,adjust,-0.034363550123258986,-0.001673654728268793,0.0006099727856291921
541,2,1-4,adjust,-0.06138362469131094,0.0008655363454122375,0.0002182607705843353
541,3,1-4,adjust,0.010980426623290471,-0.000443984258786616,0.000648292633660983
541,6,1-5,adjust,0.09978135486198225,0.0007797220383203275,0.00013310393553301968
541,7,1-5,adjust,0.14379897809962439,-0.0006897988179321243,0.0004822482039132189
541,8,1-5,adjust,0.06321756102158708,0.0020596499129179676,0.00041885819526652813
541,9,1-5,adjust,0.07308556884034323,0.0015152925252205143,0.0007011901014389196
542,2,1-7,adjust,0.10749643110358356,-0.002279871950042503,0.0018108537998478226
542,3,1-7,adjust,0.09728325306524292,-0.000335782575352989,0.00055650166672627
542,4,1-7,adjust,0.14581188522670932,-0.0008406478784767591,0.0009162643124083134
542,5,1-7,adjust,0.1349565727038063,-0.0002742792488264287,0.0009611719216490437
542,6,1-7,adjust,0.08156244521448895,-0.0016602987644055382,0.0009521791243679476
542,9,1-8,adjust,0.02818601724334902,0.00125746148715018,0.0014176396172321608
543,2,1-4,adjust,-0.0360464649957719,0.0006012930171020634,0.0013325679967379604
543,3,1-4,adjust,0.00837826782016634,-0.0010843218117285204,0.0010233254276383829
543,6,1-5,adjust,0.05758127755076981,0.00013508184390013367,0.0003719515253475578
543,7,1-5,adjust,0.04613270063369735,0.0011633357505509382,0.00020391572006008568
543,8,1-5,adjust,0.07599697737825975,0.0003648837174440023,0.0006068029166658565
543,9,1-5,adjust,-0.029662894111162602,0.0006378511162104814,0.0004717546064699405
544,2,1-7,adjust,-0.03943066635405376,0.0014545394450676135,0.0013907825008820632
544,3,1-7,adjust,-0.004811375451777528,0.0018612916826291446,0.00023403459699073545
544,4,1-7,adjust,-0.11994494856710275,0.0005155810511873154,0.0005176272364277511
544,5,1-7,adjust,0.02511151134249542,0.0013282574253405393,0.00015898422160842023
544,6,1-7,adjust,-0.06261094193241812,0.000892831602438054,0.00047035438028764656
544,9,1-8,adjust,0.0547546332115467,5.890042833808055e-05,0.0014986573048779207
545,2,1-4,adjust,-0.01326609659838118,0.0006573384586696023,1.620190500703202e-05
545,3,1-4,adjust,-0.08837016663775298,-6.115482080680103e-05,0.0007015148678780185
545,6,1-5,adjust,0.05709966435262938,0.001152555493024147,0.0033130864413624043
545,7,1-5,adjust,0.0839701878391364,0.00015964677978263478,0.0014706217155391191
545,8,1-5,adjust,0.012023963685573513,0.0007015587147249494,0.0010340229482202435
545,9,1-5,adjust,0.009368217177446857,0.0005061740239463692,0.0007828230050529386
546,2,1-7,adjust,-0.028095091304121786,0.0002710349982268199,0.0008275448877005337
546,3,1-7,adjust,0.0017196577418926292,-0.0005493548308111018,0.0017851586940465219
546,4,1-7,adjust,0.13547888819270382,-0.00032028208645462175,0.0015882300455344071
546,5,1-7,adjust,-0.05820447209372788,-0.0013149742726959763,0.000595769380900246
546,6,1-7,adjust,0.02763469572913342,-0.0018687299500146277,0.0013900964981449035
546,9,1-8,adjust,-0.00374095873920412,7.829686238331544e-05,0.00034480226766870774
547,2,1-4,adjust,0.09827518150698487,-0.002385879266281496,0.0013873397588948456
547,3,1-4,adjust,0.08927803355467288,-0.00047070095730633116,0.0011597119748199781
547,6,1-5,adjust,-0.0722091642658566,0.00023087391990024076,0.0008284462586302903
547,7,1-5,adjust,-0.06201828048350439,-0.0006996799516328755,0.00018426776067488986
547,8,1-5,adjust,-0.13807923852918322,-0.001480774135716668,3.791610216770107e-05
547,9,1-5,adjust,-0.0535482421769352,-0.0015115711453994817,3.092683950496082e-05
548,2,1-7,adjust,-0.010328377055333854,9.79892342915304e-06,5.710051245667447e-05
548,3,1-7,adjust,-0.013165398611326814,0.0003542103410491181,0.00016097796443416236
548,4,1-7,adjust,-0.05390017508840944,0.0005043131113436975,0.00065120819621281
548,5,1-7,adjust,0.13080618359243504,0.0004007377868482098,0.0009737992773494047
548,6,1-7,adjust,0.043349285753000955,-0.000160824157965772,0.0010439608524182103
548,9,1-8,adjust,-0.04061185313881714,-0.0016679000719913096,0.0013391427853995579
549,2,1-4,adjust,-0.057093821135701724,0.001228131508482939,0.000302146787601539
549,3,1-4,adjust,-0.019122469307708945,-0.00018047303403065238,0.000307653185594623
549,6,1-5,adjust,0.08409390583400461,0.0005753853533050159,0.00079637490658766
549,7,1-5,adjust,0.11398142587833704,0.0007939307822612994,0.001057041064598179
549,8,1-5,adjust,0.14227849613693427,0.0009993773496417304,0.0007582847390490379
549,9,1-5,adjust,0.06112963155747285,0.002271711902446855,0.0011742235365805808
550,2,1-7,adjust,-0.022059053976875072,0.0012679262502809851,8.732750236785566e-05
550,3,1-7,adjust,-0.08857437751775418,2.196251979176539e-05,0.000804475119769744
550,4,1-7,adjust,-0.020426701204819098,-8.413122910927856e-05,0.00036330121388461104
550,5,1-7,adjust,-0.020779676520201188,-0.0003803899922298122,0.0007797982398729567
550,6,1-7,adjust,0.02425582698701305,0.0005107032887049521,0.0012006963970783524
550,9,1-8,adjust,0.0236433010814901,0.0019100352179739091,0.0007444797594643863
551,2,1-4,adjust,0.039589161744272065,-0.0015608185838449048,0.00043912479480573045
551,3,1-4,adjust,0.0502586473012039,0.0006343563734934719,0.0019865818157341307
551,6,1-5,adjust,-0.04937556527716345,-0.0005025070221595984,0.001674243263780404
551,7,1-5,adjust,-0.10053256480314923,1.923905534857839e-05,0.00042964118205238155
551,8,1-5,adjust,-0.035924317102806025,-0.0006569503900444048,0.0002533997963225294
551,9,1-5,adjust,-0.04842430708615821,-0.0029659790664305218,7.792517958598622e-05
552,2,1-7,adjust,-0.04241564252819049,0.0011164961942025297,7.954968457795385e-05
552,3,1-7,adjust,-0.022682553704301427,0.0008025948437235071,0.0006520707977897288
552,4,1-7,adjust,-0.03702166251581988,0.0013406128298682927,0.00012688157112674265
552,5,1-7,adjust,-0.12323303925815643,0.000735699431830414,0.0007330113131663777
552,6,1-7,adjust,-0.07507783165732612,4.480208399836649e-06,4.119042824070612e-05
552,9,1-8,adjust,0.024664825674004985,0.0020872030548261954,2.270639966975002e-05
553,2,1-4,adjust,-0.012316010265456286,0.0007322452075247073,0.001150997454519313
553,3,1-4,adjust,-0.024782201846159986,-0.0007457692666077939,0.0005653963911416836
553,6,1-5,adjust,-0.04135530639114058,-0.00021913246923393884,0.0001155469199615887
553,7,1-5,adjust,-0.02047021506068912,-6.555019430931738e-05,0.00020836421231931377
553,8,1-5,adjust,-0.01201799463032687,-0.000536939039892903,0.0009003476854267015
553,9,1-5,adjust,0.005601928674424789,-0.0003813541620293692,1.499948188601216e-05
554,2,1-7,adjust,-0.007849181214784427,-0.0008050656258059693,0.00020514602076638697
554,3,1-7,adjust,0.02760816798003152,-0.000429668430068505,0.00031235350261589516
554,4,1-7,adjust,0.023680588617252068,-0.0014313889896467966,0.0005493149995900192
554,5,1-7,adjust,0.010445906422164423,-0.00027165686028969013,0.0008747569807446786
554,6,1-7,adjust,0.019547090014082173,8.667749864389477e-05,0.0005468455065300784
554,9,1-8,adjust,-0.030914011187054818,-0.0012135449987755772,0.0014418674782670177
555,2,1-4,adjust,0.05344190688072363,-0.0009937118629722529,0.0007542847072102038
555,3,1-4,adjust,0.04332861879904116,-0.00026824986337844743,0.0005133947407831304
555,6,1-5,adjust,-0.027662418468166555,0.0007169560229240527,0.00040170732492616807
555,7,1-5,adjust,0.015098694498859299,0.00037968685990104307,0.001338458480033486
555,8,1-5,adjust,-0.04704751957510772,0.0004633327287064232,0.0006016358828833209
555,9,1-5,adjust,0.03621931388282726,0.0006686678804892978,0.0006924511879669216
556,2,1-7,adjust,-0.0600493325569882,0.0014168319205777346,0.0007235516915325093
556,3,1-7,adjust,-0.0808151506307646,0.0004956618016355457,0.0008571716466391454
556,4,1-7,adjust,-0.12982875603582927,0.00019882482205924235,0.0004370036266022858
556,5,1-7,adjust,-0.02747436130817435,-0.0004658388677347127,9.754895557690601e-05
556,6,1-7,adjust,0.030808079544965703,-0.0001820546106771202,0.00026852411839435684
556,9,1-8,adjust,-0.03941099162056887,-0.00016574900540429556,0.0012032561105423387
557,2,1-4,adjust,-0.0017821656174364276,-0.0006076177731798724,0.0011719513345219172
557,3,1-4,adjust,-0.03687920409814681,0.0007555325024224085,0.002035031166465549
557,6,1-5,adjust,-0.056863403756937915,-0.0004999083895155296,0.001889824202644552
557,7,1-5,adjust,-0.060863139814180324,-0.0014489140832702405,0.0002206980844943758
557,8,1-5,adjust,-0.007852015384343469,-0.00018983460296263577,3.9501958035265465e-05
557,9,1-5,adjust,0.0005417029657150116,-0.0004220800519764306,0.0004058291626126637
558,2,1-7,adjust,0.0745159015068476,-0.0008935376440989038,0.00013952339042413656
558,3,1-7,adjust,0.1586455153444333,-0.001017657209848792,0.00012073843313405329
558,4,1-7,adjust,0.11967643371585543,-0.00028514201546000996,0.00043385797739814924
558,5,1-7,adjust,0.05302086255388973,-6.642107424942645e-05,0.00031833406120825367
558,6,1-7,adjust,0.04959653339048858,-0.00029548112967746457,0.0006596458374639397
558,9,1-8,adjust,-0.0025850927797610073,-0.00013614523284240611,9.096406030122095e-06
559,2,1-4,adjust,-0.013749171950790692,-0.00048564494444149287,0.00015435413140900878
559,3,1-4,adjust,-0.038732162626641274,1.0525642003101619e-05,0.0009308318680272865
559,6,1-5,adjust,-0.03439101943647782,0.0004418891389864428,0.0006218889631039455
559,7,1-5,adjust,0.0428471610632078,0.00045232017380396404,0.0005171063089028627
559,8,1-5,adjust,-0.028146077542436324,-5.251466241590595e-05,0.0004160387544240037
559,9,1-5,adjust,-0.008022562693458801,-0.0006330090274408098,0.0002263789068040282
560,2,1-7,adjust,0.0028001282665614125,7.0693140394188e-05,5.3150233938526466e-05
560,3,1-7,adjust,0.01792396573877696,5.9761073813345206e-05,0.00042650037944660707
560,4,1-7,adjust,0.025135757020747378,0.0005041954983408364,7.393537961296551e-05
560,5,1-7,adjust,0.0189295826658513,-1.0703996359069677e-05,0.00020829095371389117
560,6,1-7,adjust,0.028632753548986166,-0.0005223921709799335,0.0005547487637081797
560,9,1-8,adjust,-0.013924813327754009,0.0003482963976130007,0.0008644687268081675
