slot,receiver_id,selected_pair,status,radial_command_m,angular_command_rad,consistency_rad
1,2,1-4,adjust,5.0,0.003814685297762894,0.033560236607164326
1,3,1-4,adjust,4.077879860492564,0.004934662875883404,0.06870774713446805
1,6,1-5,adjust,5.0,0.00359357989331665,0.0748266903684573
1,7,1-5,adjust,5.0,0.006461173557507773,0.04448294700424905
1,8,1-5,adjust,-0.842037086191044,0.008482295797105594,0.025520812092066174
1,9,1-5,adjust,-5.0,0.003818473130188204,0.008349184830544022
2,2,1-7,adjust,3.4088338385883894,-0.000492052114324042,0.021266522747575522
2,3,1-7,adjust,1.833169352894471,0.005126920732953869,0.0030537862828974678
2,4,1-7,adjust,-0.6826247390823279,0.010352209186955284,0.012766742228802648
2,5,1-7,adjust,-4.888832143868662,0.0029654733125635585,0.03090765841514466
2,6,1-7,adjust,-1.1897835559657153,-0.006452073826119004,0.057823941974337836
2,9,1-8,adjust,-2.194097682982738,0.0213285319200264,0.08979528581105481
3,2,1-4,adjust,1.3149037383273225,0.009318251208414485,0.022172904221081983
3,3,1-4,adjust,0.6892840993294416,0.00518449130410939,0.03559748550613492
3,6,1-5,adjust,2.0215964551767756,0.001496249680891916,0.0229164062055943
3,7,1-5,adjust,2.255551046751273,-0.004385656782138019,0.009775008023837019
3,8,1-5,adjust,-1.1193356795415073,-0.0040388203699389365,0.0015582802085180314
3,9,1-5,adjust,-1.7871066253833687,-0.011540322364846669,0.0059446233824442226
4,2,1-7,adjust,1.0435607391441415,-0.005052993574976905,0.01190340324740943
4,3,1-7,adjust,0.866316210042177,-0.003596570399673411,0.0029185291828981073
4,4,1-7,adjust,0.41478758525855525,0.0007767992565779515,0.00493181847998174
4,5,1-7,adjust,-1.1855978892221986,-0.0006865310927776756,0.013796998555929375
4,6,1-7,adjust,-0.3044551812352853,-0.0016158915638862354,0.027342762169872335
4,9,1-8,adjust,-0.5289130678310734,0.004264029093172691,0.04364884796294686
5,2,1-4,adjust,0.20465454033130573,0.006240820764495337,0.014106015668681363
5,3,1-4,adjust,0.03319508937069139,0.0029774724708264777,0.01842029233908473
5,6,1-5,adjust,0.5945378908064046,0.00052294641050543,0.004125716520980412
5,7,1-5,adjust,0.7303193145743662,-0.004611828049410415,0.001402911998378877
5,8,1-5,adjust,-0.7700730079749548,-0.004627181773065517,0.004858097728624479
5,9,1-5,adjust,-0.6567375615930154,-0.00912622356412536,0.007924219429323665
6,2,1-7,adjust,0.4941878363210062,-0.007461209271886921,0.0063542817309379515
6,3,1-7,adjust,0.6339571715458086,-0.005830132389479699,0.0015034174859840405
6,4,1-7,adjust,0.5801775687767137,-0.0018075193435949056,0.0028521118392531215
6,5,1-7,adjust,-0.08732996153247746,-0.0011468086485902991,0.007721477643694533
6,6,1-7,adjust,0.02906589963396317,-0.00020594706565101013,0.015177087954582419
6,9,1-8,adjust,-0.16981899332681127,-0.0001398792499334298,0.023645264418077405
7,2,1-4,adjust,-0.0290937601438267,0.0038965456783727507,0.008273651487522503
7,3,1-4,adjust,-0.07357620240447843,0.0017594981202719174,0.009041611872919022
7,6,1-5,adjust,0.22164484173566987,0.00022691049427871272,0.001944331904413113
7,7,1-5,adjust,0.29847698446578913,-0.002695310803837937,0.0039848012425814094
7,8,1-5,adjust,-0.426718656799501,-0.002896794050389021,0.005329397006259202
7,9,1-5,adjust,-0.26587176502081156,-0.005143917216144973,0.006471251029239984
8,2,1-7,adjust,0.3090311940548747,-0.006835162882258141,0.0033712751556151037
8,3,1-7,adjust,0.47873187184330296,-0.005226710939020103,0.0004810568815930105
8,4,1-7,adjust,0.48779965927007785,-0.002074903872662448,0.0020961816228897453
8,5,1-7,adjust,0.18411769517251625,-0.001015208616684675,0.005123438108639804
8,6,1-7,adjust,0.11664476900212185,0.00016428354456479326,0.009597754804150366
8,9,1-8,adjust,-0.08119635203791993,-0.0011735717883723969,0.013923027784269935
9,2,1-4,adjust,-0.0659791649449742,0.002640669531686089,0.004333364284036675
9,3,1-4,adjust,-0.07343615991757899,0.0011387119309608192,0.0036887578766836206
9,6,1-5,adjust,0.12267004029059889,0.0001775479290324641,0.0035953952508410267
9,7,1-5,adjust,0.18560789520838,-0.0011576753827283826,0.0038884126524830476
9,8,1-5,adjust,-0.21362514366777535,-0.0014203498210915455,0.004210686964570029
9,9,1-5,adjust,-0.10073491985758541,-0.0022841810510423905,0.004332750102020022
10,2,1-7,adjust,0.2057508573430285,-0.005186707820469573,0.0016920105419355271
10,3,1-7,adjust,0.33235523096674663,-0.0037804748948488116,0.00015337556896437746
10,4,1-7,adjust,0.3366588877523576,-0.0015614437879322338,0.001778918627109344
10,5,1-7,adjust,0.212064921714475,-0.0007360458174952206,0.0036620933416930774
10,6,1-7,adjust,0.11846452638970088,0.00016981548580816976,0.006480786598264495
10,9,1-8,adjust,-0.05835626755698232,-0.0013001189399657542,0.008378190035815797
11,2,1-4,adjust,-0.06272157657506634,0.0019357782459031776,0.0018964589074018975
11,3,1-4,adjust,-0.06818432381255911,0.0007815791322531703,0.0007650380241281307
11,6,1-5,adjust,0.08549176852369177,0.0001634482009283925,0.003653955295173848
11,7,1-5,adjust,0.14262854619712592,-0.0002484710179074059,0.003260727888799118
11,8,1-5,adjust,-0.08746166019084455,-0.0005342848453282175,0.0030284915832675514
11,9,1-5,adjust,-0.029941894654140013,-0.0006764415902917257,0.002878570666490747
12,2,1-7,adjust,0.13364420997813276,-0.0035955232425930296,0.0007499357581034481
12,3,1-7,adjust,0.2185509123172963,-0.0025712897365780477,0.0003896671150528038
12,4,1-7,adjust,0.2152344265441144,-0.0010735571019864333,0.0014280047299228822
12,5,1-7,adjust,0.17684860558245785,-0.000491120019774507,0.0027500899409061918
12,6,1-7,adjust,0.09757364130439887,0.00018161676969524027,0.00455450884315661
12,9,1-8,adjust,-0.040472357024887294,-0.0010457824387683763,0.005357408472961079
13,2,1-4,adjust,-0.05336529398100709,0.001431969789179431,0.0005093188877863145
13,3,1-4,adjust,-0.05500842021759144,0.0006372008911062954,0.0006166258808692138
13,6,1-5,adjust,0.07145319560056634,9.13296266108832e-05,0.003119649864749949
13,7,1-5,adjust,0.1186571664706388,0.00013340992376639104,0.0024673545347300404
13,8,1-5,adjust,-0.029754727889181157,-9.102704534560084e-05,0.0020017723052375954
13,9,1-5,adjust,0.0028897939850142415,0.00011287240386138609,0.0016641168525098817
14,2,1-7,adjust,0.08664723617407576,-0.002359223766991627,0.0003911326339384431
14,3,1-7,adjust,0.13537099496037955,-0.0016314174581039639,0.0004618850848274508
14,4,1-7,adjust,0.13576369124784177,-0.0005871096228973012,0.0012147235626664113
14,5,1-7,adjust,0.13515304065413608,-0.0003417342226109275,0.002003291256052294
14,6,1-7,adjust,0.07218245504195119,0.00011979938430692085,0.003260078808778152
14,9,1-8,adjust,-0.02974260445031763,-0.0008749870104679848,0.003437617903610907
15,2,1-4,adjust,-0.04163038532529542,0.001158565152912281,3.775088700712488e-05
15,3,1-4,adjust,-0.04185866879853359,0.0004748054274670378,0.001109508874439547
15,6,1-5,adjust,0.055179512504659016,0.0001348464868781082,0.0025600914716137194
15,7,1-5,adjust,0.09268164041311419,0.00029564754089738554,0.0018944656186708779
15,8,1-5,adjust,0.0005790078965833423,0.00012297506058831303,0.0014953368695820892
15,9,1-5,adjust,0.015561283849942596,0.0004116817240839914,0.0010834784017900677
16,2,1-7,adjust,0.054203405378700414,-0.0014756851550762925,8.584075506380548e-05
16,3,1-7,adjust,0.08853136894763683,-0.0010339607434502304,0.000484144618812021
16,4,1-7,adjust,0.07877269050581884,-0.00038431512872556095,0.0009058913640644439
16,5,1-7,adjust,0.09550970464612309,-0.0002097640361452165,0.0015320759203563776
16,6,1-7,adjust,0.05288388268615158,9.45499323701528e-05,0.0024235109632306955
16,9,1-8,adjust,-0.02148804284752924,-0.0005616147647082883,0.0023010153163459195
17,2,1-4,adjust,-0.03181170088252509,0.0009185691512426723,0.0003684961702900889
17,3,1-4,adjust,-0.03382328668403921,0.00036655144368646117,0.0013286392588499963
17,6,1-5,adjust,0.04244612593172114,8.614420636455607e-05,0.0020558585011578962
17,7,1-5,adjust,0.07205287007279652,0.0002975193493265652,0.00138937108463785
17,8,1-5,adjust,0.00942675209894304,0.00017554190851515938,0.000969722767959019
17,9,1-5,adjust,0.016398972865793785,0.00048454363441343654,0.0006317617216845242
18,2,1-7,adjust,0.036539756210524264,-0.0009661385562976382,4.752127170736958e-05
18,3,1-7,adjust,0.051987165182585365,-0.0005937787272705723,0.0004184684892507502
18,4,1-7,adjust,0.04225064903248447,-0.00025168624665532885,0.0007988287771656474
18,5,1-7,adjust,0.06966926449368505,-0.0001406611935570743,0.0011832218761843013
18,6,1-7,adjust,0.03797656434516806,6.082184573440877e-05,0.0017321174196775768
18,9,1-8,adjust,-0.01565241098944592,-0.00039230410180039125,0.0015712586349146682
19,2,1-4,adjust,-0.02395333264727537,0.0006623304007835701,0.0004519924626924914
19,3,1-4,adjust,-0.02558583241479611,0.00026029386126158764,0.0012557099947287072
19,6,1-5,adjust,0.033466833545010406,0.00010008312885028363,0.0015248446481296917
19,7,1-5,adjust,0.05717406228545926,0.0002555777415907131,0.0010155694424634344
19,8,1-5,adjust,0.010433175675758027,0.00018543697173584558,0.0007881804424832293
19,9,1-5,adjust,0.0181953508422378,0.0004476271639566056,0.00034395184149106986
20,2,1-7,adjust,0.020529993277558285,-0.0005918656932817117,0.00014606418855701538
20,3,1-7,adjust,0.031814577726511147,-0.00037969866997198483,0.0003574083600109388
20,4,1-7,adjust,0.02414432326479232,-0.00017250098549150512,0.0005762592142261434
20,5,1-7,adjust,0.05190778634021223,-8.455266304020945e-05,0.0008491808822476279
20,6,1-7,adjust,0.028652949982987178,2.8340076067817203e-05,0.0012340569476239425
20,9,1-8,adjust,-0.01222236656624265,-0.000289517926558395,0.0010782449351706524
21,2,1-4,adjust,-0.017650801818089975,0.00048095165629925607,0.0003924424331627762
21,3,1-4,adjust,-0.017208045730716236,0.00023312829265962565,0.0009765500933194214
21,6,1-5,adjust,0.025389709149919695,2.387582297708417e-05,0.00115247096514894
21,7,1-5,adjust,0.04129230375897118,0.0002126366844354561,0.0006030907082579274
21,8,1-5,adjust,0.012278588289953369,0.00015722888050646313,0.0003824646779302855
21,9,1-5,adjust,0.01348915459750703,0.000346097129803224,0.00018369096392384265
22,2,1-7,adjust,0.015692440982612837,-0.00039504985334600943,3.972510431979872e-05
22,3,1-7,adjust,0.021287796945123304,-0.0002569169823643675,0.00026125259049813
22,4,1-7,adjust,0.015181091100013366,-6.754878180073854e-05,0.00043046573161530625
22,5,1-7,adjust,0.03853980535149075,-6.090928977566293e-05,0.0006294816501665476
22,6,1-7,adjust,0.01954400035286706,5.473346662653232e-05,0.0009390549690231086
22,9,1-8,adjust,-0.00838265222893103,-0.00022214928784135784,0.0007089154789955602
23,2,1-4,adjust,-0.012433406431948906,0.0003182251586751542,0.00041353126820594733
23,3,1-4,adjust,-0.012465447819250053,0.00016635047142952474,0.0007704340321560314
23,6,1-5,adjust,0.02032765798851627,2.7813916209959476e-05,0.000831310577932619
23,7,1-5,adjust,0.03217659323463768,0.00013725473439172743,0.0004964537550932733
23,8,1-5,adjust,0.009510526224487488,0.0001682927220102084,0.0002934467989729333
23,9,1-5,adjust,0.011036832139447564,0.00031346812341283677,6.855157026156876e-05
24,2,1-7,adjust,0.010163961500641713,-0.0002559284178902102,4.093153274391877e-05
24,3,1-7,adjust,0.011565806707241031,-0.00015284751336816412,0.00016566597074736488
24,4,1-7,adjust,0.010598959485398969,-2.3704683617034117e-05,0.00026925382951946864
24,5,1-7,adjust,0.025371642219188452,-6.640981514694886e-05,0.0003820180310560331
24,6,1-7,adjust,0.01491704659082369,5.0883336946807506e-05,0.00067065701040704
24,9,1-8,adjust,-0.005530506504890542,-0.0001678361104286646,0.0005595624982400835
25,2,1-4,adjust,-0.009242518275234446,0.00023889247349534722,0.00027946252241451466
25,3,1-4,adjust,-0.009545972370743786,8.453196774754059e-05,0.0005754697603317816
25,6,1-5,adjust,0.012473235115720254,1.1530800379877836e-05,0.0006459218875865334
25,7,1-5,adjust,0.02373896588312793,8.498091724958506e-05,0.0004146140768145425
25,8,1-5,adjust,0.008444077527571097,4.6499734174563446e-05,0.000249298508704711
25,9,1-5,adjust,0.008962888929332391,0.0002472586873824916,7.352780480970524e-05
26,2,1-7,adjust,0.007668958763439902,-0.00021733674782019023,1.9418593660394846e-05
26,3,1-7,adjust,0.006829352891723393,-7.53357916253064e-05,0.00017510632576723983
26,4,1-7,adjust,0.008750113759524726,-4.086450808397877e-05,0.00019737090668013008
26,5,1-7,adjust,0.020968753509553,-1.0613149040343006e-05,0.0003356443497362287
26,6,1-7,adjust,0.010045648357401795,-1.0656480605536166e-06,0.0004566224641191958
26,9,1-8,adjust,-0.005149913216851138,-0.00016531483971587548,0.0003758591481409237
27,2,1-4,adjust,-0.0068308551454102535,0.0001817176615667336,0.0002711980436648494
27,3,1-4,adjust,-0.004516032545508517,3.074270662054054e-05,0.0005568976592775927
27,6,1-5,adjust,0.010906770855013447,3.7537456450183894e-05,0.000453022054458288
27,7,1-5,adjust,0.019477820077397914,0.00015111043584023948,0.000244900720450237
27,8,1-5,adjust,0.007325663259147207,8.323392901372604e-05,9.650973951516389e-05
27,9,1-5,adjust,0.006516205482791777,0.00017590958174217678,6.409285095994267e-05
28,2,1-7,adjust,0.0028417573216362297,-7.863118934343572e-05,4.08842706503495e-05
28,3,1-7,adjust,0.005901668661075652,-6.243218463363129e-05,7.712962661907782e-05
28,4,1-7,adjust,-0.0041417085023446295,-1.460242870273304e-07,0.00016637267902435047
28,5,1-7,adjust,0.012822372006253455,-2.36003122311024e-05,0.00023334358205529177
28,6,1-7,adjust,0.008334886084180917,-7.360380078949428e-06,0.0003799359817747075
28,9,1-8,adjust,-0.002758346075422359,-8.823246759856748e-05,0.00021829632505123548
29,2,1-4,adjust,-0.003993354738370281,9.736887100996223e-05,0.00023339676165033517
29,3,1-4,adjust,-0.006135446572596629,0.00013032104435500863,0.0003050773579426053
29,6,1-5,adjust,0.008399907051230936,-2.8263519575793804e-05,0.00031165861880410244
29,7,1-5,adjust,0.015611453746141556,6.67178012581324e-05,0.0001758648935802531
29,8,1-5,adjust,0.006835047188335472,6.583383606915128e-05,9.480614404594016e-05
29,9,1-5,adjust,0.003213461677988063,0.00014701858672398966,3.5876025904952107e-05
30,2,1-7,adjust,0.002451668028732915,-8.163762450162147e-05,2.0581183058137687e-05
30,3,1-7,adjust,0.0019277168129051112,-7.162849220686186e-05,2.5333073426669824e-05
30,4,1-7,adjust,0.0004713706026802451,3.341497692992402e-05,0.000189436143461933
30,5,1-7,adjust,0.012539781501146794,-3.40052368251746e-06,0.00018308029664470434
30,6,1-7,adjust,0.00738665571098992,5.422977958328862e-05,0.0003221615738981892
30,9,1-8,adjust,-0.0006604845603416282,-6.849268167017574e-05,0.00015124721281791208
31,2,1-4,adjust,-0.004251738811348347,0.00014849337671058013,0.0001426922722097869
31,3,1-4,adjust,-0.004645095837977106,5.9192758808403615e-05,0.00023289944856462843
31,6,1-5,adjust,0.005068999775018066,2.287881143931825e-05,0.0002083253599177558
31,7,1-5,adjust,0.009771670672314171,4.611558127708355e-05,9.082863440974734e-05
31,8,1-5,adjust,0.001453775267819519,9.614039574338444e-05,5.4679862404751544e-05
31,9,1-5,adjust,0.0030678464660269375,9.327557302002038e-05,2.3834143270335956e-05
32,2,1-7,adjust,0.002215749652860645,-9.644024847346107e-06,1.4959329067685087e-05
32,3,1-7,adjust,0.007624454303633952,-7.826845830849999e-05,4.07237324243844e-05
32,4,1-7,adjust,0.006953605927989199,-3.916108431210125e-05,4.927838684604941e-05
32,5,1-7,adjust,0.008840372658714636,-2.4124837387865658e-05,9.377144052392784e-05
32,6,1-7,adjust,0.005254629330545441,-3.616619168213316e-06,8.285780925415616e-05
32,9,1-8,adjust,-0.0009476037757775739,-3.0746581615283746e-05,0.00018573237268623043
33,2,1-4,adjust,-0.0019603367020842905,5.2023492329285534e-05,0.000140638128664298
33,3,1-4,adjust,-0.002316235387885287,6.964949100874229e-05,0.00023885223370789094
33,6,1-5,adjust,0.004187598729739388,7.2537575657974095e-06,0.00013389873095108533
33,7,1-4,adjust,0.008449615689379165,5.309342658188541e-05,1.5185041795299529e-05
33,8,1-5,adjust,0.005712595248314511,6.714175932629128e-05,2.56370372515974e-05
33,9,1-5,adjust,0.0018516050359388748,9.127835731008739e-05,7.15098428567778e-05
34,2,1-7,adjust,-0.0007188754055923604,-2.5346030379151337e-05,2.905903172856555e-05
34,3,1-7,adjust,-0.002853835120816721,4.898571164897358e-05,2.994413021740053e-05
34,4,1-7,adjust,0.0016387502265825422,1.1597005327623412e-05,4.41009933867677e-05
34,5,1-7,adjust,0.0018834792781891841,2.14842370297148e-06,4.655856632481049e-05
34,6,1-7,adjust,0.005771208904736399,6.006579900396916e-05,7.178100533093138e-05
34,9,1-8,adjust,6.840200737795366e-05,2.8965015995251254e-05,0.00014800617850561793
35,2,1-4,adjust,-0.001054005729559663,2.3065121279475527e-05,0.00012014283179427359
35,3,1-4,adjust,6.99105689433636e-05,-4.2748504824237424e-05,0.0001733255423601404
35,6,1-5,adjust,0.0008540494619173157,-2.170191359354262e-05,0.0001731344907351261
35,7,1-5,adjust,0.00376247518188736,3.957030590450789e-05,8.299037436817501e-05
35,8,1-5,adjust,0.0038806258927320996,-1.127535154700428e-05,6.205646190619398e-06
35,9,1-5,adjust,0.001025280582834505,3.7717199367314566e-05,2.647291473315541e-05
36,2,1-7,adjust,0.0013737984719913803,-2.3180247616011545e-06,5.209604407485279e-05
36,3,1-7,adjust,-0.00473797856497427,2.87619903972174e-05,5.191135893996022e-05
36,4,1-7,adjust,-0.00435283716114108,-3.4261422392130484e-06,4.407198059764285e-06
36,5,1-7,adjust,0.0024662117743045747,-4.7318990569892676e-05,1.6148474200566098e-05
36,6,1-7,adjust,0.001308160828336279,-4.178387318071629e-06,0.00012669823818919692
36,9,1-8,adjust,0.0007516191711287697,-2.544023295923434e-05,0.00015042602315549925
37,2,1-4,adjust,-0.0025912274374239774,1.2657418800830435e-05,7.535692901765376e-05
37,3,1-5,adjust,-0.00014510229423082287,-1.5798873522149176e-05,7.223759534765246e-05
37,6,1-5,adjust,-0.0010606704958662512,1.2907681899310608e-05,0.00010558631663552992
37,7,1-5,adjust,0.0006799113985428284,-3.583481727265014e-05,9.389779710546047e-05
37,8,1-5,adjust,-0.003989043254653558,-1.76969209300067e-05,5.223463615010916e-05
37,9,1-5,adjust,-0.0005722195668239296,-3.352124708031066e-05,4.444715552528527e-05
38,2,1-7,adjust,0.0011220284451891993,2.322632390566151e-05,1.1317212581008952e-05
38,3,1-7,adjust,0.0032773649300552716,-5.918589631877782e-05,2.6626392923244836e-05
38,4,1-7,adjust,0.00362585865054574,-5.518656328041621e-06,9.41576133042187e-06
38,5,1-7,adjust,0.002843145152179225,-7.516216349559944e-06,8.44972541264487e-05
38,6,1-7,adjust,0.003003831917729083,-4.2847091355384607e-05,2.478072033456542e-05
38,9,1-8,adjust,5.9846810317126274e-05,-3.837361995895864e-05,0.00013062760378621706
39,2,1-4,adjust,-0.000278401505681007,2.532916136805452e-05,8.602110384422283e-05
39,3,1-4,adjust,4.710627094880032e-05,4.672718296285318e-05,6.665773713903951e-05
39,6,1-5,adjust,0.0017421475598951176,1.401634221275483e-05,0.0001120966972571087
39,7,1-5,adjust,0.0003138272923687762,8.318523201922756e-06,8.398762974983836e-05
39,8,1-5,adjust,-0.00036618880591968335,-3.902162173540275e-05,1.9586224702515812e-05
39,9,1-5,adjust,-5.556630249382586e-05,6.414773432936037e-06,5.0095840259073984e-05
40,2,1-7,adjust,0.002266875284680608,-8.918520494669713e-05,1.0727057200043048e-05
40,3,1-7,adjust,0.0030917384198569406,-3.5790167208106174e-05,2.819127573887855e-05
40,4,1-7,adjust,0.0017277781537815007,-1.725923290045949e-05,7.914827586559855e-06
40,5,1-7,adjust,0.004510579046100846,2.089894294784476e-05,2.342410195570213e-05
40,6,1-7,adjust,-0.0006186511804109919,2.3826991796952673e-06,6.778818689647404e-05
40,9,1-8,adjust,-0.000987940372907362,-1.861957604249024e-05,2.3333351695232797e-05
41,2,1-4,adjust,-0.0003772821396429367,4.4780020179552265e-05,1.0469927769429437e-05
41,3,1-4,adjust,-0.0002483911142259398,-2.877893408938582e-05,0.0001208513280606177
41,6,1-5,adjust,0.003920207547472266,-2.6824677683423968e-05,2.7358402313058496e-05
41,7,1-4,adjust,0.0031129565336045525,2.720977750362008e-05,1.0075140491185155e-05
41,8,1-5,adjust,0.002938137747602467,3.855464546459898e-05,8.483420425951194e-06
41,9,1-5,adjust,0.00190513038451117,5.785887283006455e-05,0.00012684103309777402
42,2,1-7,adjust,-0.00028296755823468994,2.676509425705921e-06,1.788663983678252e-05
42,3,1-7,adjust,-0.0004993052193323574,2.287449421939897e-05,4.813851763495552e-05
42,4,1-7,adjust,0.0010921826498343336,1.2582641177217274e-05,4.734899498495068e-06
42,5,1-7,adjust,0.0010737576913312115,-1.386892398193719e-05,5.309392529170918e-06
42,6,1-7,adjust,0.00020342417720881585,2.914592867630291e-05,8.299364070602398e-05
42,9,1-8,adjust,-0.0011875796098694963,1.4600972091995167e-05,1.794414137667638e-05
43,2,1-4,adjust,-0.00060175943826078,2.9074910793676332e-05,9.516062513756462e-05
43,3,1-4,adjust,-0.0007943959279166973,3.108863690911296e-05,6.563087285371255e-05
43,6,1-5,adjust,-0.0022070741457853927,3.1772407819675945e-05,4.868544390826293e-05
43,7,1-4,adjust,0.001536516323232836,4.388902588681e-05,6.717305485713929e-05
43,8,1-5,adjust,-0.00025467611766856886,7.103676125535009e-06,1.4071638537113366e-05
43,9,1-5,adjust,0.00015530657826742566,1.6790529665198894e-05,9.4659251701499e-06
44,2,1-7,adjust,-0.0016056800459554718,-3.179297949314114e-05,8.604943247445599e-06
44,3,1-7,adjust,-0.003782736283944557,3.5157252140899294e-05,6.843741152255111e-05
44,4,1-7,adjust,-0.0043839747861783174,-2.0909894078046244e-05,2.8920055923589233e-05
44,5,1-7,adjust,-0.0023323716998201994,1.0409547568969049e-05,3.841017403550887e-05
44,6,1-7,adjust,0.00089084778769592,-5.7401723967115107e-05,5.174200391855629e-06
44,9,1-8,adjust,-0.0005438241249539584,-3.891027922833334e-06,2.148224485478449e-05
45,2,1-4,adjust,-3.9831583175823935e-05,-3.930825207592644e-06,9.301586141227618e-05
45,3,1-4,adjust,0.002071144035202955,1.2592847258682083e-05,6.989249871445646e-05
45,6,1-5,adjust,0.000642481207026194,7.644633474172091e-06,8.290643298721966e-05
45,7,1-4,adjust,0.00037171004773226695,-1.5723862948108443e-05,2.5983630183160827e-05
45,8,1-5,adjust,0.0007526892839094734,2.926676370448796e-05,4.288772276740453e-05
45,9,1-5,adjust,0.0018398447214246958,1.764965679072132e-05,2.606026976361256e-05
46,2,1-7,adjust,0.00041717362618585606,7.060543936244011e-06,2.781015636437558e-06
46,3,1-7,adjust,-2.0228044902150876e-05,-4.605775357428786e-05,4.045768436974986e-05
46,4,1-7,adjust,-0.003345131119215736,-2.5824793047165998e-06,4.8478198563531834e-05
46,5,1-7,adjust,0.0014570435802789307,1.9355558554196734e-05,3.310927219728736e-05
46,6,1-7,adjust,-0.0004861520161073938,1.291957822052964e-05,3.0142903198699215e-05
46,9,1-8,adjust,-0.0005453533133526918,-6.137780109237158e-06,6.183445873561119e-05
47,2,1-4,adjust,-0.0009882148937834007,3.8597148789375463e-05,1.640875478587132e-06
47,3,1-4,adjust,0.00014206669691291336,8.694896556803887e-06,4.690771537135071e-05
47,6,1-5,adjust,0.001181116604251337,3.58353836426094e-06,6.991185742140849e-05
47,7,1-4,adjust,-0.0019422689650351165,-1.317709689261494e-05,9.15709256163012e-05
47,8,1-5,adjust,-0.001979049403998194,8.63817613580312e-06,0.00010022434815545517
47,9,1-5,adjust,-1.838304075419645e-05,2.329093082756998e-05,1.5134205520470511e-05
48,2,1-7,adjust,0.0021518233529912085,-3.557618726149567e-05,5.341407276408331e-05
48,3,1-7,adjust,7.182137996080955e-05,-5.07585081712079e-06,8.841890765299504e-08
48,4,1-7,adjust,0.0037686668855632624,2.132489241430034e-05,8.242958162728127e-05
48,5,1-7,adjust,0.00041666208664523037,2.0978011933919595e-06,5.393401473163877e-06
48,6,1-7,adjust,-0.0023460704623290037,-1.4720465707688103e-05,7.3439252692866395e-06
48,9,1-8,adjust,0.00015320432222725924,1.8921195044455883e-06,4.662102304180844e-05
49,2,1-4,adjust,-0.0010576307112992018,-1.9064763093633546e-05,9.020047360809309e-05
49,3,1-4,adjust,0.00023448174969085283,-3.302930661022971e-05,4.5182712301748525e-05
49,6,1-5,adjust,0.00025115022446204564,-6.835863581934781e-06,9.649429645844891e-05
49,7,1-4,adjust,0.0024361173426152875,4.053222910780118e-05,2.1440319470653773e-05
49,8,1-5,adjust,-0.0010541724390565543,2.650221016413244e-05,4.636958397129085e-05
49,9,1-5,adjust,-6.52234994488366e-05,-5.57222672179929e-06,3.443178226279451e-05
50,2,1-7,adjust,-0.0005252995248239747,1.1583414010858305e-05,4.4096052023474395e-05
50,3,1-7,adjust,-0.004118489183529418,4.8714456153729143e-05,6.408487093279107e-05
50,4,1-7,adjust,-0.0034090931192060792,-1.1795730496774473e-06,4.0914062317995485e-05
50,5,1-7,adjust,-0.0015784379590445888,-1.522221008818576e-05,1.214195994937822e-05
50,6,1-7,adjust,-0.000696477490668928,-2.1965401045578765e-06,4.907786325560745e-05
50,9,1-8,adjust,0.0006737296183034375,-8.880520605304024e-06,3.2580215536589536e-05
51,2,1-4,adjust,-0.0009200009460912453,-1.5768356507963744e-07,2.2089743743219882e-05
51,3,1-4,adjust,0.0009611294751850516,1.883996589940448e-05,6.576491480999722e-05
51,6,1-5,adjust,0.0003474200452551289,2.442990261568273e-06,5.378635259733526e-05
51,7,1-5,adjust,-0.001355598239298046,3.3827191616223915e-06,7.376281309406051e-05
51,8,1-5,adjust,0.0011900869702766686,4.262488819230824e-06,7.432366657399109e-09
51,9,1-5,adjust,-0.0017891821052855113,-4.620740009051657e-05,2.928826611674572e-05
52,2,1-7,adjust,-0.0013867596005687464,5.207624158318538e-05,6.951408906134992e-06
52,3,1-7,adjust,0.0006008923321852862,-1.085972110838291e-05,5.3785771924795786e-05
52,4,1-7,adjust,0.0022310787211597374,-1.620556945053144e-06,3.9615647604366454e-05
52,5,1-7,adjust,0.0003002331775071271,6.754439764439767e-06,6.469362416844073e-05
52,6,1-7,adjust,9.528526168294477e-05,2.8180108984722896e-05,8.260533981510568e-06
52,9,1-8,adjust,0.0006966600943441188,2.3496994300192628e-06,2.266400363825835e-05
53,2,1-4,adjust,0.001052616607242199,-1.7186457339000656e-05,6.542015182084491e-06
53,3,1-5,adjust,0.0012240932758164323,1.629016910186873e-05,2.14182359659253e-05
53,6,1-5,adjust,-0.00016758547784475464,1.0603121764925542e-05,2.2907625452627747e-06
53,7,1-4,adjust,-0.0025801103841134525,2.9723844126779784e-05,7.93853405826439e-05
53,8,1-5,adjust,-0.00015042499529396966,-1.1949045385452536e-05,3.84637606852968e-05
53,9,1-5,adjust,-0.0005691100997874583,-1.3143472608902877e-06,9.068403079836275e-06
54,2,1-7,adjust,-0.0001661600194160586,-2.65986988744597e-05,4.9041267856186565e-05
54,3,1-7,adjust,-0.003541328390041008,-1.875872396244216e-05,7.104274387301267e-05
54,4,1-7,adjust,0.002306840120829046,1.4320306452507535e-05,1.3226966613516165e-05
54,5,1-7,adjust,-0.004055088267889405,-1.1896224062165602e-05,3.0069948589544167e-05
54,6,1-7,adjust,-0.00037599353283760626,1.0018103348577771e-05,4.0735021996577786e-05
54,9,1-8,adjust,0.0012708113878674224,1.9369548188667298e-05,7.250714864581521e-06
55,2,1-4,adjust,-0.00032667033724282523,2.873796047249883e-05,2.3008187082576628e-05
55,3,1-4,adjust,0.003457066947227764,-1.8473820492776854e-05,0.00011579696595162729
55,6,1-5,adjust,-0.0006469402195892826,9.746603133466438e-06,8.291597193711349e-05
55,7,1-5,adjust,0.00113641974424814,-2.4067164855356344e-05,9.749934480296004e-05
55,8,1-5,adjust,0.0016707658960308982,-1.756585082367635e-05,8.514599587645218e-06
55,9,1-5,adjust,0.00027306063266036885,-1.1076937661466292e-05,1.527080318919179e-05
56,2,1-7,adjust,-0.0003239133212927109,3.756809443589146e-05,3.246835202089993e-05
56,3,1-7,adjust,-0.0041791481813307,2.69132888613308e-06,2.601662333133886e-05
56,4,1-7,adjust,-0.0030348683813878267,1.4970146050571228e-05,5.1163918221052196e-05
56,5,1-7,adjust,0.0001035479704919518,5.9434035731007375e-06,1.162316445887471e-05
56,6,1-7,adjust,0.000907033105272676,8.416043253134857e-06,6.630025224991498e-05
56,9,1-8,adjust,-0.000166847811837291,1.7096299252757435e-05,7.434734878826397e-06
57,2,1-4,adjust,0.0012773536501565568,-3.734884370760109e-05,5.773934361665046e-05
57,3,1-4,adjust,0.002491985646616245,1.1404687662662219e-05,7.262388049851135e-05
57,6,1-5,adjust,-0.001779956451676489,-6.536384439364732e-05,9.639415016725565e-05
57,7,1-4,adjust,0.0023436741957094417,-3.251203460923836e-05,5.366198931472725e-05
57,8,1-5,adjust,0.0008565728739940434,-4.668360274255598e-05,4.780034685564071e-06
57,9,1-5,adjust,-0.0011962077655200184,5.760276432000986e-06,3.299762509773159e-05
58,2,1-7,adjust,-0.00021078530134690314,1.776744986511897e-05,2.1409092494300256e-06
58,3,1-7,adjust,-3.5760283860970506e-05,-2.543015417308356e-05,9.205826060828229e-05
58,4,1-7,adjust,-0.002698834134661568,-1.6303418187753182e-06,3.3960071017194884e-06
58,5,1-7,adjust,0.0019427185494044197,1.8206434360617605e-05,4.48537682614038e-05
58,6,1-7,adjust,0.001551420509896746,-3.130507958031164e-06,2.3024638696427925e-05
58,9,1-8,adjust,-0.0002530547851697583,-2.2954770623708374e-05,9.051691529471795e-06
59,2,1-4,adjust,-0.0005020529677490646,-5.803811631337308e-06,4.134206179254271e-05
59,3,1-5,adjust,-0.0006418763744102992,4.925608607349781e-05,5.901240620517739e-05
59,6,1-5,adjust,0.0001568515079534978,-1.5886224135274324e-06,5.4657296856207735e-06
59,7,1-4,adjust,0.002140192996518542,-4.804443039790429e-06,8.876176417457076e-05
59,8,1-5,adjust,-0.0016898192426323276,1.6036011331806987e-05,4.694309985663418e-05
59,9,1-5,adjust,0.0004908582913725601,1.1105262741256604e-05,2.182469429001501e-05
60,2,1-7,adjust,-0.0012122909624574158,2.5269164976079606e-05,3.168890008341346e-05
60,3,1-7,adjust,0.0016704829226044267,-1.9339859297633403e-06,1.0694846887394666e-05
60,4,1-7,adjust,0.0023656308969228525,1.4956907422346336e-05,4.279617938212898e-05
60,5,1-7,adjust,0.0029481702286381912,-2.5082969391963723e-05,5.195878777795068e-05
60,6,1-7,adjust,0.0024369103413604694,4.6685390726673846e-05,2.2174203448800004e-05
60,9,1-8,adjust,0.0002390429908314441,-1.6640796353045804e-06,5.0456705244978565e-05
61,2,1-4,adjust,0.001036945254179524,6.964698133963301e-06,1.6703750013320427e-05
61,3,1-5,adjust,-0.00028804505693455555,-3.4188594372186904e-05,5.341090048500561e-06
61,6,1-5,adjust,-4.523708461812205e-05,-1.1191852467690738e-05,4.580451443663038e-05
61,7,1-4,adjust,0.00019223361830612756,-7.523971542058475e-06,4.542556481733217e-05
61,8,1-5,adjust,0.001867208391453811,-5.436276005922964e-06,7.587010486366795e-06
61,9,1-5,adjust,0.0004815871689339841,5.117650388055106e-06,3.898929753996615e-05
62,2,1-7,adjust,0.0011428909617215485,-5.047784363240609e-05,0.0001232985693914487
62,3,1-7,adjust,0.0023558723853918497,4.401885640378716e-05,0.00010232845059699773
62,4,1-7,adjust,0.0001887336680977338,-3.347146375648877e-05,7.325149022070787e-05
62,5,1-7,adjust,0.0021469592594582877,3.316200667482878e-05,3.975898549110372e-05
62,6,1-7,adjust,0.0013456729047016246,-1.7583253533274878e-06,1.646240602658173e-05
62,9,1-8,adjust,1.6295820563555654e-05,-1.5372972074923053e-06,3.416391438896156e-06
63,2,1-4,adjust,0.0007964368136172976,3.1581563833729105e-07,7.079604730308291e-05
63,3,1-5,adjust,-0.0005810441390769734,-5.6831124734573926e-05,5.103382359575074e-05
63,6,1-5,adjust,0.0015865045715232108,3.3921798769949485e-05,7.381556725341604e-05
63,7,1-4,adjust,7.368126887067601e-05,1.5385173441187515e-05,9.843804441447316e-06
63,8,1-5,adjust,-0.000983917306633083,7.647984995422165e-05,0.00013999986637653686
63,9,1-5,adjust,0.0005776142316637226,-3.1693114340617184e-05,3.5221124686887377e-07
64,2,1-7,adjust,-0.0002444123540226489,-2.45070103063845e-05,0.00011252193022126135
64,3,1-7,adjust,0.0010373889088849545,1.7088525548547538e-05,5.632324451771328e-05
64,4,1-7,adjust,0.000712846011864041,1.0420074213038564e-05,6.865568615609199e-05
64,5,1-7,adjust,0.001995313235727165,-5.286658081563586e-05,0.00012075355995718284
64,6,1-7,adjust,-0.00036263402884987255,-3.734186619141279e-05,1.0999797712069344e-05
64,9,1-8,adjust,-0.00022943457626410448,2.2579832287981062e-05,4.220677564894613e-05
65,2,1-4,adjust,-0.000159300714285765,3.873830010392643e-05,5.2789061544617925e-05
65,3,1-5,adjust,-0.00037700925793134624,-5.664510678390283e-06,6.695899660197985e-05
65,6,1-5,adjust,-0.0005678999909271926,2.46702910197858e-05,9.854000220814736e-06
65,7,1-4,adjust,-0.001814238070240208,7.582404121197894e-06,3.722587599948596e-05
65,8,1-5,adjust,7.439094611467517e-05,-2.9263415108838427e-05,8.381481047000351e-06
65,9,1-5,adjust,-0.0003545191773126602,1.1029553949620507e-05,9.327134392739413e-06
66,2,1-7,adjust,-0.001459111448581296,1.770448275456858e-05,5.8810180382541966e-05
66,3,1-7,adjust,0.001016881690651794,4.012224147719811e-06,3.124876015093904e-05
66,4,1-7,adjust,-0.0030618744319974205,7.569600760280137e-06,2.676802968378063e-05
66,5,1-7,adjust,-0.004146796330808703,-9.483347875651609e-06,5.781562407313204e-05
66,6,1-7,adjust,-0.0009182899189870369,-2.6651652317089884e-05,8.411436276240593e-05
66,9,1-8,adjust,0.000941686693521654,7.326570757040441e-06,5.312528312041741e-05
67,2,1-4,adjust,0.000189989153948858,-6.566755727413417e-06,7.361324266514154e-05
67,3,1-4,adjust,-0.0022009201629253888,4.737008619152083e-05,4.5542174436809024e-05
67,6,1-5,adjust,-0.0007849711344236164,-1.3705427052054873e-07,4.4474825802225106e-05
67,7,1-5,adjust,-0.0011959116902418166,-2.8177030330636238e-05,8.187019673121377e-05
67,8,1-5,adjust,-0.0018426243289963614,-1.6622958149721274e-05,4.30377739793804e-05
67,9,1-5,adjust,-0.0018410906207350511,-2.5835593207763753e-05,6.102506501580679e-06
68,2,1-7,adjust,0.0015474599952797392,-5.129406277686084e-05,5.8986598338399356e-05
68,3,1-7,adjust,0.0005997425806936632,-2.0740468348595035e-05,2.4015561411104443e-05
68,4,1-7,adjust,0.002685216848350021,6.381429608567916e-06,3.793968486790268e-05
68,5,1-7,adjust,-0.001259600616118582,2.9699698297522692e-05,4.178453018372656e-05
68,6,1-7,adjust,0.00038866109406936194,3.187834097102742e-05,5.7040740322534304e-05
68,9,1-8,adjust,0.0005150911025572478,-7.281299059641881e-06,2.471370153374566e-05
69,2,1-4,adjust,-0.0005502792546466236,2.1192878650600106e-05,6.011920229462305e-05
69,3,1-5,adjust,-0.00252439014181358,1.6790034358287082e-06,6.429689651793532e-05
69,6,1-5,adjust,-0.0011951168173762166,-1.2646706708639206e-05,5.831150504407614e-05
69,7,1-4,adjust,-0.0009949836378157296,1.5928869894862636e-05,1.0725771716697716e-05
69,8,1-5,adjust,0.0006560253033117081,-3.226560288740419e-05,3.197659406409206e-05
69,9,1-5,adjust,-0.0007903476083094736,1.0275633507369682e-05,8.675727280739509e-07
70,2,1-7,adjust,0.0015309079869391398,-2.7583069213220255e-05,3.050548017698667e-05
70,3,1-7,adjust,0.0010803842186905782,-6.08146301822404e-05,3.9617614674240276e-05
70,4,1-7,adjust,-0.0013981838146375797,6.118872154873604e-06,2.794222883136285e-05
70,5,1-7,adjust,0.0009291842795786755,-2.2551985323375386e-05,1.771834279505967e-06
70,6,1-7,adjust,-0.0007466756469201412,-2.9088849572871644e-05,2.15428253673119e-05
70,9,1-8,adjust,0.000646996099340183,3.6085349857290346e-05,8.189774507879445e-06
71,2,1-4,adjust,-0.0012403953154434388,8.164363812436629e-05,7.289626417737693e-05
71,3,1-5,adjust,-0.000722629171350493,5.019783068797018e-06,6.970839439925808e-05
71,6,1-5,adjust,0.0005873235729669603,-1.4866439208933377e-05,6.331427600481278e-05
71,7,1-4,adjust,-0.00030935159823291175,1.827945806764079e-05,2.2791508207298055e-05
71,8,1-5,adjust,0.0008129114816173163,-8.786417628626623e-06,1.0568436633713985e-05
71,9,1-5,adjust,-0.00036339131704880395,1.3560803564588018e-05,4.928164819855351e-05
72,2,1-7,adjust,0.00014915169715774327,-1.0223608622237644e-05,4.977515028388003e-05
72,3,1-7,adjust,-0.0005982259320428476,2.326661297754974e-05,2.7426692702327883e-05
72,4,1-7,adjust,0.0005686224455798035,1.3048015535146367e-05,5.4198773218234745e-05
72,5,1-7,adjust,-0.0034825501997264837,-1.146391576973689e-05,5.8017113484290814e-06
72,6,1-7,adjust,0.0016910772605527294,6.384697605780261e-05,6.808744558904258e-05
72,9,1-8,adjust,0.0003453672666632822,-1.686507198271035e-05,5.069420156529408e-05
73,2,1-4,adjust,-0.001950457284994521,-8.316077011930226e-06,2.7615085846154955e-05
73,3,1-5,adjust,5.745225737636114e-05,2.761630064151134e-06,2.0704274565432175e-05
73,6,1-5,adjust,-0.0039017136715050835,-4.060776291358325e-05,0.00012193120124817963
73,7,1-4,adjust,0.0022527561291808443,3.617485643083137e-06,8.810249041200126e-05
73,8,1-5,adjust,-0.0024399659153665596,-5.459251718389431e-06,9.940204864806101e-05
73,9,1-5,adjust,0.000330793236043314,-2.6216830459635095e-05,2.8615485899032896e-05
74,2,1-7,adjust,-0.00047751242107529494,3.017658104717798e-05,7.240104669890803e-05
74,3,1-7,adjust,-0.0013456729199314225,2.1723316587361577e-05,3.889841488160893e-05
74,4,1-7,adjust,-0.005055928805924281,2.298243034696583e-05,4.0788301068419926e-05
74,5,1-7,adjust,0.002125997526697542,4.51221846705855e-05,1.924389959206304e-05
74,6,1-7,adjust,0.0012596551746172691,1.9177101010312737e-05,7.835667408377134e-05
74,9,1-8,adjust,-0.0011149701761095647,-9.187458270275608e-06,0.0001607644478968854
75,2,1-4,adjust,-0.0011513804087682539,2.920058061315204e-06,6.475841234856896e-05
75,3,1-4,adjust,-0.001677750164667081,4.838982896304354e-05,0.00011937569696907565
75,6,1-5,adjust,0.0003273122125314302,5.433327019876358e-05,8.041715561668419e-06
75,7,1-4,adjust,4.7698074012448625e-05,1.2868287453324048e-06,3.6655820484935914e-05
75,8,1-5,adjust,0.0015169714063853386,3.982456600236798e-06,1.3330680249916952e-05
75,9,1-5,adjust,0.0001803716103979038,2.5077587906393358e-05,6.176055785055579e-05
76,2,1-7,adjust,0.00014885854161997478,-1.921198819230502e-05,0.00012674389542522072
76,3,1-7,adjust,0.0026939661826920697,-1.9981591435840102e-05,2.50113148595887e-05
76,4,1-7,adjust,0.00236751337535029,-2.11167270381078e-06,6.155132061077502e-05
76,5,1-7,adjust,-0.0024293386213787983,-5.049235466469717e-05,7.962824719748163e-05
76,6,1-7,adjust,0.0012550528838805506,2.2813745449500105e-05,6.32742968121167e-05
76,9,1-8,adjust,0.000384098646023174,4.460662911184028e-06,5.1528903320704396e-05
77,2,1-4,adjust,0.0006059520122057646,2.636330407079039e-05,6.033956858895353e-05
77,3,1-5,adjust,-0.001572110243858198,4.989730735957951e-06,2.193085509690308e-05
77,6,1-5,adjust,-0.001963374003791788,-3.838179162901553e-05,9.660075487898689e-05
77,7,1-5,adjust,-0.0024450635839300323,-3.691922939621356e-05,0.00014160885008574755
77,8,1-5,adjust,-0.0009339910277192008,-3.0327135407393014e-05,7.972365324256851e-05
77,9,1-5,adjust,-0.002109911903887296,-8.506959152178757e-05,0.00015265253556097832
78,2,1-7,adjust,0.0012284776567562943,-5.874095582087309e-05,3.028531965318847e-05
78,3,1-7,adjust,0.0030848293226084698,-5.0309833316653075e-06,7.474219548297852e-05
78,4,1-7,adjust,0.0032294842775460876,-7.652286427107689e-05,6.135880832546627e-05
78,5,1-7,adjust,0.0022889395520185878,3.748904573384607e-05,1.2462587067553093e-05
78,6,1-7,adjust,0.0016108735270835154,-5.0731155886898075e-05,4.5338444110025446e-05
78,9,1-8,adjust,0.0007770622430832275,7.93026402492313e-06,1.3247171210537252e-05
79,2,1-4,adjust,-0.0006563087621238009,-3.5399642712987893e-06,2.2740512743079785e-05
79,3,1-5,adjust,8.115354205164229e-05,-1.3096963459562082e-05,1.9809536939562185e-05
79,6,1-5,adjust,0.0004893290421013443,-3.7578940650495245e-05,1.4364855388735394e-05
79,7,1-4,adjust,-0.0015485775918366734,-1.2696157798942258e-05,2.2204783772735616e-05
79,8,1-5,adjust,-0.0014304514442199537,3.326131266033367e-05,3.027262893897577e-05
79,9,1-5,adjust,0.0018573314075858282,8.462505083487858e-06,6.152815876876075e-05
80,2,1-7,adjust,0.0036403841168791396,-4.558370307958446e-05,1.8858944693364274e-05
80,3,1-7,adjust,0.0025501915696077974,-2.7260502824496687e-05,1.7151088092936953e-06
80,4,1-7,adjust,0.0029048304322408817,-3.5549241880279285e-06,6.292206882383853e-05
80,5,1-7,adjust,0.003292460761508914,7.724111725828317e-06,1.556212524286452e-05
80,6,1-7,adjust,-0.0014596006989243118,1.2994403070298117e-05,1.4311669117486056e-05
80,9,1-8,adjust,-0.0011299977481792679,5.328265887497909e-06,2.508620367311807e-05
81,2,1-4,adjust,-0.00019727706999569318,1.0154687011159778e-05,5.093708789540738e-05
81,3,1-4,adjust,0.0003968597425726056,-3.323791311883505e-06,5.3140317785624316e-05
81,6,1-5,adjust,0.001011202586301612,6.2802999345923155e-06,7.876493281066485e-06
81,7,1-5,adjust,0.0021163128294894554,8.05866919926297e-05,8.184846870943778e-05
81,8,1-5,adjust,0.0024726526282774952,6.337347532275421e-05,6.096618220588617e-05
81,9,1-5,adjust,0.0005491165349602481,3.445296610938879e-05,9.002909354570794e-05
82,2,1-7,adjust,-0.0036291298821923335,9.41721549179174e-05,3.281123938147697e-05
82,3,1-7,adjust,-0.0046994262976610725,3.893361197259838e-05,1.70799142911953e-05
82,4,1-7,adjust,-0.006144995292935151,5.382203696680234e-05,2.3290984548707866e-05
82,5,1-7,adjust,0.0001242840386358477,9.44749848725013e-06,2.2977298962342818e-05
82,6,1-7,adjust,-0.0023764460803675225,1.765830356898947e-05,2.112659741800955e-05
82,9,1-8,adjust,0.0008344284108666957,4.628421254123953e-05,5.445894614115378e-06
83,2,1-4,adjust,-0.0007873163530628234,-2.988046977246842e-05,6.411105952137479e-05
83,3,1-5,adjust,-0.0010781537243534987,-5.3846644822725e-05,4.5626511336607706e-05
83,6,1-5,adjust,0.0036723010948053387,-4.104676158118828e-06,4.40968358159504e-05
83,7,1-4,adjust,-0.0003289633094007393,9.654908561237863e-06,8.368353229988425e-06
83,8,1-5,adjust,0.0004556688315130762,-1.3146963992545544e-05,5.925774973037476e-06
83,9,1-5,adjust,0.0012391217857306376,-1.875400978275066e-05,8.704704502650363e-05
84,2,1-7,adjust,-0.00026830096486829964,2.6481622680726018e-05,3.43694154238867e-05
84,3,1-7,adjust,0.0009760214825770188,3.4434918438714915e-05,3.979808775222545e-05
84,4,1-7,adjust,-0.005198367735973718,-1.734061457031344e-05,1.342334250329165e-05
84,5,1-7,adjust,-0.002605552797535451,-1.3488483623520271e-05,8.360625217884704e-05
84,6,1-7,adjust,-0.002210224459046727,-1.2549308309131087e-05,5.1007645644932505e-05
84,9,1-8,adjust,-0.0006610638073169719,1.7496811334793342e-05,3.2229126245825465e-05
85,2,1-4,adjust,0.0002709425219768535,2.3435378051821145e-06,3.275996734679779e-05
85,3,1-4,adjust,-0.001349953500318132,2.2324504345016266e-05,0.0001080733985769371
85,6,1-5,adjust,0.001783491159292272,-2.4473283513863663e-06,5.930056356162969e-05
85,7,1-4,adjust,0.003363979373442429,-2.3460153833596515e-05,9.748456821238976e-06
85,8,1-5,adjust,0.0013749521957308064,-1.611543602324249e-05,5.57933454244173e-05
85,9,1-5,adjust,-0.0008799948136943855,-2.3359119278465764e-05,1.0689388234351018e-05
86,2,1-7,adjust,-0.0005460829118378783,1.5472168079148842e-05,4.947998960234973e-05
86,3,1-7,adjust,-0.0011400405442993078,5.659982958581492e-05,7.937329262048786e-05
86,4,1-7,adjust,0.0067304932794072314,-9.470899038399414e-06,2.8617815057620606e-05
86,5,1-7,adjust,0.0004238783110614072,5.4193494779398314e-05,1.483887557655962e-05
86,6,1-7,adjust,0.00028059397799466425,1.1998102296942314e-05,1.9195254945754752e-05
86,9,1-8,adjust,0.0005618014165040043,1.501761982839443e-05,3.948413330821053e-05
87,2,1-4,adjust,-0.0005752310921325353,-6.694078335775421e-05,5.956036160867779e-07
87,3,1-5,adjust,0.0024215550724444187,-2.143624349161894e-05,3.562826704673507e-06
87,6,1-5,adjust,0.0012670222600785117,-1.2251903367823107e-05,7.149454441177642e-06
87,7,1-4,adjust,-0.00014681543878735105,-3.3615524267027166e-05,4.903454185690922e-05
87,8,1-5,adjust,-0.000669150596896619,8.224571108484592e-06,7.489409499462433e-06
87,9,1-5,adjust,0.0006207709757412596,-1.514626464500322e-06,5.716018219523095e-05
88,2,1-7,adjust,0.00193125269029368,1.8057623391590678e-05,4.200347082864748e-05
88,3,1-7,adjust,-0.002263913776025913,7.917499570642533e-06,8.318501262037637e-05
88,4,1-7,adjust,0.002292914860128061,5.366495008934713e-06,2.2739138038079682e-05
88,5,1-7,adjust,-0.000963602256308408,-3.0932856674936855e-05,4.6539814103431765e-05
88,6,1-7,adjust,-0.0007641180023409509,1.2650143459586584e-05,2.6718522132260256e-05
88,9,1-8,adjust,-0.00014509052235815617,2.6061554066991685e-06,2.883196578009137e-06
89,2,1-4,adjust,0.0008735710174280721,-1.8472316381810646e-06,1.8551014748681838e-05
89,3,1-4,adjust,0.0022345369291040433,-3.651522110749739e-05,4.804426402922664e-05
89,6,1-5,adjust,-0.0017854014296221942,-1.1341902873792603e-05,3.025239326724624e-05
89,7,1-4,adjust,-0.0026848333374126765,1.689134188010951e-05,7.55769528801154e-06
89,8,1-5,adjust,-0.0013187803514154875,-1.796360599834919e-05,2.2935682898153756e-05
89,9,1-5,adjust,0.0008703021558351386,5.701807424055709e-06,3.463249468772358e-05
90,2,1-7,adjust,-0.0017213905484827882,2.2977459075813338e-05,7.144920763290126e-05
90,3,1-7,adjust,-0.0028201125666190772,-7.210910280553574e-06,2.915823093525266e-05
90,4,1-7,adjust,-0.0010750937646721778,5.363983264121935e-06,2.1280633273111016e-05
90,5,1-7,adjust,-0.0005248986225469703,2.0927366104985088e-05,4.4067202494025843e-05
90,6,1-7,adjust,-0.00109468911592652,1.285282991244523e-05,6.897899908615418e-05
90,9,1-8,adjust,-0.0004439531599782251,9.397188847359766e-06,1.4376748036015592e-05
91,2,1-4,adjust,0.0013987862838147221,5.149452176027053e-06,7.3701210026702696e-06
91,3,1-4,adjust,0.0032771826043136937,1.0153219823593731e-05,5.6355292887866736e-05
91,6,1-5,adjust,0.00033987081195663353,-6.9046531173434585e-06,5.3682420362590526e-05
91,7,1-4,adjust,-0.0002346185622318959,-1.1995892217931882e-05,7.167143546577865e-06
91,8,1-5,adjust,0.0004507188933891013,5.686499685381444e-06,1.3039408024502044e-05
91,9,1-5,adjust,-0.0014783711490626368,-4.192597972831815e-05,2.69161032715898e-05
92,2,1-7,adjust,0.0009236359044198842,-1.6208472530951506e-05,1.4078500690193299e-05
92,3,1-7,adjust,0.0015928132263660776,-2.111253389987909e-05,6.137721114407619e-05
92,4,1-7,adjust,0.0003007603071665909,-4.3542308791015325e-05,9.068551219657584e-06
92,5,1-7,adjust,0.0008048182873362981,-3.649698841969825e-05,8.135309225304141e-06
92,6,1-7,adjust,-2.9994517690924828e-05,1.973803799296211e-05,2.9547598130004954e-05
92,9,1-8,adjust,0.00046779083487912747,-2.3032443458514815e-05,2.871285977917249e-05
93,2,1-4,adjust,-0.0006764792436685447,2.979201270257161e-06,2.1890204063926454e-05
93,3,1-4,adjust,0.00016611326428100185,1.5055286903329616e-05,6.888053983102189e-05
93,6,1-5,adjust,0.001213632478072135,-3.1301803703636924e-05,2.728549892380936e-05
93,7,1-4,adjust,0.001674897006440826,-7.709938836231035e-06,7.676528077340483e-06
93,8,1-5,adjust,0.003182064587221873,1.8375718853499973e-05,7.255213767715977e-05
93,9,1-5,adjust,-0.0008267950848639973,3.0000380390216973e-05,1.3018545606896384e-06
94,2,1-7,adjust,-0.0015075442734954127,6.595042926345187e-05,2.68367126853833e-05
94,3,1-7,adjust,0.003299295320958995,-1.2094827800010483e-05,7.468401300324853e-06
94,4,1-7,adjust,0.0017167478281457575,-4.836387675459341e-06,2.406931025822793e-05
94,5,1-7,adjust,9.06699038184271e-05,-1.8128755170856628e-06,4.20801982603386e-06
94,6,1-7,adjust,6.142520624456148e-05,1.0906084655677938e-05,2.192962814187565e-05
94,9,1-8,adjust,0.0007973845284445668,6.111682670787914e-05,4.7600421029639516e-05
95,2,1-4,adjust,0.002003885475216252,-6.336991578401734e-05,7.076983657161591e-05
95,3,1-5,adjust,-0.000781108233503838,6.35442334447606e-07,7.090677961264032e-05
95,6,1-5,adjust,0.0010841679426680433,1.6444415209195063e-05,6.705366229228266e-05
95,7,1-4,adjust,0.0011620466662457497,-5.989775406912991e-06,1.4953942327180255e-05
95,8,1-5,adjust,-0.0018670133267246261,-6.612472685540255e-06,2.036415702529347e-05
95,9,1-5,adjust,-4.523635970061521e-05,-5.320686807451268e-05,3.5312270932390275e-05
96,2,1-7,adjust,0.0007951504855126102,-6.239475605865715e-05,5.3148803614170265e-05
96,3,1-7,adjust,-0.00197560500848976,5.574984038523578e-06,5.39112465807719e-05
96,4,1-7,adjust,-0.0046995227478208446,4.167535534188927e-05,9.60947496383375e-06
96,5,1-7,adjust,-0.0010234410304426796,3.516782792169894e-05,3.27028659323646e-05
96,6,1-7,adjust,-0.0003021635699496772,-1.1264412539625154e-05,3.380619278120736e-05
96,9,1-8,adjust,-2.3495285724535308e-05,1.0599908857935373e-05,1.745249435510515e-05
97,2,1-4,adjust,-0.0014038199908168803,5.124033215780423e-05,4.0529467779619704e-05
97,3,1-5,adjust,0.000222223474749495,7.934534256441034e-06,5.43019594470087e-06
97,6,1-5,adjust,-0.0009089824760663846,4.902420789008224e-05,6.28758812080087e-05
97,7,1-4,adjust,0.00035457897731435903,4.528123321625436e-06,2.204204961800846e-05
97,8,1-5,adjust,0.003081689174247684,-3.1441900065110966e-06,5.8623870869548836e-05
97,9,1-5,adjust,0.002307925772580696,2.2303067240910908e-05,7.290252903462608e-05
98,2,1-7,adjust,0.002248090337178538,-1.1473309477142066e-05,1.508411846283176e-05
98,3,1-7,adjust,-0.004341904494913214,2.597441750334496e-05,1.694278890650012e-05
98,4,1-7,adjust,0.003743857975910753,9.603407759455256e-06,3.1996926144597485e-05
98,5,1-7,adjust,0.0016875016784547907,-3.501493246169724e-05,2.967633065705738e-06
98,6,1-7,adjust,0.0008225785219717978,-9.064315765033902e-06,5.0325129134770446e-05
98,9,1-8,adjust,-0.00017999805317788663,8.726057717088788e-06,9.119269285650014e-05
99,2,1-4,adjust,-0.000212707560907079,7.087553338384004e-07,2.0009609905508192e-05
99,3,1-4,adjust,0.0018441629234175457,-3.768784166936836e-05,8.998617649016854e-05
99,6,1-5,adjust,-0.0008829934337907778,-2.9059775251701892e-05,4.9626848849958994e-05
99,7,1-4,adjust,0.0024776683808528277,-2.9851160536707618e-05,8.524725438445703e-05
99,8,1-5,adjust,-0.0013407790033050208,-2.2330454747761123e-05,9.342041994100515e-06
99,9,1-5,adjust,-0.0009281834581601717,-9.127539492746257e-07,4.412532905739815e-06
100,2,1-7,adjust,-0.00021767536461836067,-3.122138898426568e-05,3.147020471760724e-05
100,3,1-7,adjust,0.0014002965031818598,-2.0464072683570828e-05,2.433505234911567e-05
100,4,1-7,adjust,0.002442114952229642,-2.2434374052407902e-05,2.7554848438853805e-05
100,5,1-7,adjust,0.007197915238919896,2.8607609331230277e-05,8.389551811966647e-06
100,6,1-7,adjust,0.003591042273146665,7.958504237578926e-05,1.2045786628862958e-05
100,9,1-8,adjust,-0.0007695870378742372,-2.7964937950086935e-05,2.709963938278684e-05
101,2,1-4,adjust,0.0008591124187873064,-2.2687928000924753e-05,6.211033831397671e-05
101,3,1-5,adjust,0.0014415732570343376,9.314001981991261e-06,4.783255544762208e-05
101,6,1-5,adjust,0.0015526067301819158,-6.440374524160926e-07,0.0001003307111744491
101,7,1-4,adjust,0.0027208702542584635,3.9591648189370614e-05,2.059317411367435e-05
101,8,1-5,adjust,-0.0012702601527031007,2.7473889670450638e-05,4.7614643677957386e-05
101,9,1-5,adjust,0.0008753544670328712,-1.3966111037023504e-05,5.6056744418474834e-05
102,2,1-7,adjust,-0.0005613234353226656,3.17104839371363e-05,2.1282261003832927e-05
102,3,1-7,adjust,-0.0016226652848279322,9.618256657113448e-06,9.505762987638823e-06
102,4,1-7,adjust,-0.0002574342157813243,-2.5986504484015174e-06,3.011216069085673e-05
102,5,1-7,adjust,-8.97216882036513e-05,-2.3664860951879748e-05,4.287421583781824e-05
102,6,1-7,adjust,0.000663752099473467,-6.596787146742872e-05,8.079672137111066e-05
102,9,1-8,adjust,-0.000426011961366277,-9.804148990982774e-06,9.320855114548886e-05
103,2,1-4,adjust,-5.984494242379229e-06,-5.30651523155251e-06,1.2377512019329669e-05
103,3,1-5,adjust,0.0017979924663656483,-4.2870215783220374e-05,5.9128846340491945e-05
103,6,1-5,adjust,0.0005394143133766068,-1.3522631481432031e-05,2.5012299168149523e-05
103,7,1-5,adjust,0.0007750050981974744,-4.060256270516813e-06,7.336367608043721e-05
103,8,1-5,adjust,0.0017306413920994829,3.5039711910364435e-05,8.119063971631185e-05
103,9,1-5,adjust,-0.0008737857834497379,2.0863609989911274e-05,3.825818506975416e-06
104,2,1-7,adjust,0.00011259147634714321,-3.096799515682586e-05,0.00010953125098484278
104,3,1-7,adjust,-0.002064760363589798,1.9491963234748887e-05,3.265485851932224e-05
104,4,1-7,adjust,-0.0016557824491618958,-3.227350947978382e-05,0.00010181736854219144
104,5,1-7,adjust,0.0012021831220192121,-2.5957482292281218e-05,0.0001260871332962
104,6,1-7,adjust,0.002002012293305702,-4.226181722933276e-06,0.00011867625040415793
104,9,1-8,adjust,0.001578361342888168,1.3236599051470337e-05,8.191594642187336e-06
105,2,1-4,adjust,0.0004718619001606967,-2.8406871873309588e-05,3.945242227529266e-06
105,3,1-4,adjust,0.0012418058933408402,-2.1311384418639655e-05,6.067470983848281e-05
105,6,1-5,adjust,-0.0002803558424942253,5.923527083581898e-06,0.00012246155320837042
105,7,1-4,adjust,-0.0038174273863854115,-2.3973181089683124e-05,9.827157659148647e-05
105,8,1-5,adjust,-0.00038601010967539013,-5.666199270322428e-06,2.0964251118478406e-05
105,9,1-5,adjust,-0.001534378398048483,-4.931400617142035e-05,4.004288878585233e-05
106,2,1-7,adjust,0.0005907027673505048,4.059234908340558e-05,5.8894199784503396e-05
106,3,1-7,adjust,0.0009798171505409,4.577403667042541e-06,9.768729535218272e-05
106,4,1-7,adjust,0.0020159674593013027,1.006359646927257e-05,3.6080415529588264e-05
106,5,1-7,adjust,-0.0014606914459189125,2.194019715605773e-05,5.976981271022493e-05
106,6,1-7,adjust,-0.0010445857669609566,-2.6125293679423033e-06,4.604271012267459e-05
106,9,1-8,adjust,0.0008477032572114685,3.8131685706817795e-05,4.0917726246007025e-05
107,2,1-4,adjust,-0.0006925659511884362,4.711612823255566e-05,5.06261445973983e-06
107,3,1-5,adjust,0.0010964403305582595,1.220485126711197e-05,1.902899043947176e-05
107,6,1-5,adjust,0.00035999389024644695,-2.9109280657262552e-05,7.586650951610152e-05
107,7,1-4,adjust,-0.0016503910239988285,4.116835537422655e-05,7.692239960476417e-05
107,8,1-5,adjust,-0.001010615984571161,4.220360188646337e-06,7.597756162816694e-05
107,9,1-5,adjust,-0.0009961804845363426,-5.238171834016236e-05,2.609921131987417e-05
108,2,1-7,adjust,-0.0027274632851608115,4.298077298947979e-05,1.9651995698136523e-05
108,3,1-7,adjust,0.0004657531760497009,-1.4157340332538776e-05,1.3207938469362411e-05
108,4,1-7,adjust,-0.00036335073987151835,2.7810541347840046e-05,7.498555300141423e-05
108,5,1-7,adjust,-0.003263914165183994,-9.550432016647933e-07,4.15977864668325e-05
108,6,1-7,adjust,-0.0010712573294619466,1.615429767012015e-05,0.00011267218053684183
108,9,1-8,adjust,0.001002744482022985,6.04662732918166e-05,5.7733567283969465e-05
109,2,1-4,adjust,0.0016816818778543658,-3.379851344305578e-05,1.3745122427982197e-05
109,3,1-4,adjust,-0.0008378949804751407,-4.457211653404201e-06,5.153277230380995e-05
109,6,1-5,adjust,-0.001342111454402053,-9.859720478949206e-06,2.6475594920152536e-05
109,7,1-4,adjust,0.00019776470991009207,9.746909250203402e-06,6.278237289157843e-06
109,8,1-5,adjust,-0.0010058122651255255,-2.8247489797053684e-05,1.592707783532928e-05
109,9,1-5,adjust,2.7078418768640164e-05,8.110939900776482e-06,0.0001050131623340106
110,2,1-7,adjust,-0.0006464518679352814,-1.0403193189871893e-05,8.409956064402523e-06
110,3,1-7,adjust,0.0006019216726524782,1.394749197136135e-05,3.2597201801627737e-06
110,4,1-7,adjust,-0.002580081695239883,-2.0277032202285745e-05,1.0068814322850725e-05
110,5,1-7,adjust,-0.0011769094094894554,-1.2908961972155312e-05,5.707151569395332e-05
110,6,1-7,adjust,-0.002368890940134283,-1.897150777435313e-05,5.935981977276525e-05
110,9,1-8,adjust,-0.00022500417212883015,-4.8787902072333105e-06,5.700785717988852e-06
111,2,1-4,adjust,-0.0001810144388891214,-3.628967011423874e-05,4.323607930214699e-05
111,3,1-5,adjust,-0.0006803612103733585,4.865228156133448e-07,3.93379963211878e-05
111,6,1-5,adjust,-0.0020570213447842476,3.637082100499097e-05,1.8964272821017073e-05
111,7,1-4,adjust,-0.0012839612687920428,-1.868991513620926e-05,3.643892702048228e-05
111,8,1-5,adjust,-0.0017222901975658433,-1.9231609850486492e-05,3.916905585844162e-05
111,9,1-5,adjust,8.323895735584052e-05,-2.5223039791533118e-05,3.7641178668996435e-05
112,2,1-7,adjust,-0.0010116322266333212,3.22941317174854e-05,5.673903967766208e-05
112,3,1-7,adjust,0.0014359524607103272,-2.1636934801512508e-05,4.793610570270316e-05
112,4,1-7,adjust,0.001087274214707076,2.3226298869843635e-05,2.6070092362921775e-06
112,5,1-7,adjust,0.0013362609359043201,-5.495082378197824e-06,4.859338899779844e-05
112,6,1-7,adjust,-0.0006979129207548782,-2.9328186243240743e-06,3.554934163459288e-05
112,9,1-8,adjust,-0.0014263043927668288,-2.9833868021360394e-05,5.179108004746884e-05
113,2,1-4,adjust,0.0004978464757541017,-1.0514744217462477e-05,2.6226693745982517e-06
113,3,1-4,adjust,-0.0011097710989751998,-3.120899015711883e-05,6.221637462558434e-05
113,6,1-5,adjust,0.0031242834835536,7.507280847493101e-06,8.155378257814555e-06
113,7,1-4,adjust,-0.0020710602952057006,-2.0044440326753293e-05,2.5402303989349516e-05
113,8,1-5,adjust,0.0021583532576331397,1.3389195990510349e-05,1.8959182858442566e-05
113,9,1-5,adjust,-0.0001904167670694323,1.8218789404241218e-05,1.7634302731681433e-05
114,2,1-7,adjust,0.001383154426755926,-4.65707345374156e-06,4.633056765969456e-05
114,3,1-7,adjust,0.002815945395878514,1.1658971994640031e-05,2.4906874842012835e-06
114,4,1-7,adjust,0.00029397182438058736,-8.056873884152125e-06,1.6083001221472005e-05
114,5,1-7,adjust,-0.0019410199371801527,-1.310276382843027e-05,7.169203020321257e-06
114,6,1-7,adjust,-0.002596589542726832,-3.5033126431548675e-06,1.2266840510487237e-05
114,9,1-8,adjust,0.0010133929386260386,-7.978275961555039e-06,2.6414788735486674e-05
115,2,1-4,adjust,0.0006225666626934437,-8.762104887057503e-07,2.786321008234561e-05
115,3,1-5,adjust,-0.0020404659836761336,-1.2369006914982345e-05,9.50614173145304e-06
115,6,1-5,adjust,0.00039288318522142886,-1.0775615544289994e-05,9.721721226817686e-05
115,7,1-4,adjust,0.002420105981705196,3.031281871095958e-05,5.037426234811231e-05
115,8,1-5,adjust,-0.0043332287576423436,-2.3906772379569778e-05,3.6553683455098635e-05
115,9,1-5,adjust,-9.445884073459161e-05,-1.4640011490237575e-05,2.576956744269092e-07
116,2,1-7,adjust,-0.002508252523426734,3.6432127588011465e-05,5.248284967085149e-05
116,3,1-7,adjust,-0.003083625222950722,3.990730155275762e-05,5.4018513733105607e-05
116,4,1-7,adjust,-0.0006580884483357674,1.0964540188519414e-05,8.435577982307278e-06
116,5,1-7,adjust,-0.0005857396004425485,1.1289062743207587e-05,3.067811361907945e-05
116,6,1-7,adjust,0.0005125962007920856,3.655755239739282e-05,5.87296828456854e-05
116,9,1-8,adjust,-0.0011448851269022565,-3.97158747058356e-05,0.0001206241876941606
117,2,1-4,adjust,0.0016928757641821235,-3.815702889565925e-05,5.542664795900696e-05
117,3,1-5,adjust,-0.000970483553490073,2.3620390360612295e-05,7.247330447657486e-05
117,6,1-5,adjust,0.0004320464786275282,4.305703316709935e-06,7.105711993361105e-05
117,7,1-5,adjust,-0.0006098285845191071,-3.391021224198411e-05,7.209156841085485e-05
117,8,1-5,adjust,0.0008848811712768711,-3.260495302921401e-05,3.90419803779657e-06
117,9,1-5,adjust,7.261609510690054e-05,-6.71853743212883e-07,6.4656936196234e-05
118,2,1-7,adjust,1.0206695043101107e-05,-4.720508225298217e-05,2.02203611883416e-05
118,3,1-7,adjust,0.0009823877388657042,8.829635134096593e-06,5.3265598415562755e-05
118,4,1-7,adjust,-0.0032956496887077353,-3.884564778779525e-05,5.4266518386913065e-05
118,5,1-7,adjust,0.0012067980639730435,1.4643546730035156e-05,8.627907622088168e-06
118,6,1-7,adjust,8.186333392248505e-05,-3.5161533729466355e-05,2.9270083070015797e-05
118,9,1-8,adjust,-0.0009364673902130584,-1.1417653368672473e-05,8.904818468109445e-05
119,2,1-4,adjust,-0.0007177650142495971,3.127447454870667e-05,1.5909198697259915e-05
119,3,1-5,adjust,-0.0007648878716993418,-8.900463108809845e-06,3.7711767591653635e-05
119,6,1-5,adjust,0.00027678862439637605,2.8342252227798337e-05,9.636043498189128e-05
119,7,1-5,adjust,-0.0011912676556805285,4.852955303783864e-05,7.337588983876949e-05
119,8,1-5,adjust,0.003341481304957934,2.9660491407587694e-05,5.013944396295655e-05
119,9,1-5,adjust,0.00042298517453574926,3.134495842525725e-05,6.708887591306917e-05
120,2,1-7,adjust,-0.0011071855271686233,4.220863778718194e-05,2.8553988039575675e-05
120,3,1-7,adjust,-0.0008162928055991568,-2.406677772640912e-05,4.7868021448335434e-05
120,4,1-7,adjust,-0.0022164072872446227,1.6233229586488e-06,3.653988440301059e-05
120,5,1-7,adjust,-0.0033942063626696065,-4.949426668769675e-05,1.5711388266167206e-05
120,6,1-7,adjust,-0.0038271951814579713,-3.625178068765932e-05,3.831773248253272e-05
120,9,1-8,adjust,0.001153863835197206,2.1392684224843045e-05,9.363366156977375e-05
121,2,1-4,adjust,0.000475209226525595,-1.2491554620152355e-05,3.170240217825491e-05
121,3,1-5,adjust,0.0013722398672939657,1.4887666729903357e-07,5.148009753967371e-05
121,6,1-5,adjust,-0.0008048517817308765,2.524691527344321e-05,8.883877990115449e-06
121,7,1-4,adjust,-0.0019127084664774755,-3.754957173972303e-05,1.3504357699427891e-05
121,8,1-5,adjust,0.0006522227442948994,-1.2178846302808341e-05,6.741971369044866e-05
121,9,1-5,adjust,0.0004447709551504675,3.28103275251638e-06,1.939464152138714e-05
122,2,1-7,adjust,0.0008609425254514437,8.973936582514e-06,5.084175112666978e-05
122,3,1-7,adjust,-0.0003287227702058612,1.3513992912464097e-05,1.639761949289414e-05
122,4,1-7,adjust,0.0009585853863068787,-1.964717189071998e-05,1.0819189504195106e-05
122,5,1-7,adjust,-0.0018153753022562577,-2.505564616584657e-05,6.529671762156885e-05
122,6,1-7,adjust,-0.0007645856034414077,6.0065054916274775e-06,8.63998532336532e-05
122,9,1-8,adjust,-7.751469764317754e-05,1.2826982998034041e-05,7.055417063375832e-05
123,2,1-4,adjust,0.0008397385325417488,7.505663198340421e-06,4.62626168303973e-05
123,3,1-5,adjust,-0.00010927405012691261,-1.7199530958117028e-06,1.1765558692184047e-05
123,6,1-5,adjust,-0.0023670771913501683,2.694789410543819e-05,6.085561278094723e-05
123,7,1-4,adjust,-0.0019925822000650168,-1.2074853740316081e-05,8.310097019862862e-06
123,8,1-5,adjust,-0.0017797520751101376,-7.294296831257554e-06,3.607223766417354e-05
123,9,1-5,adjust,-0.0014030454899278766,-2.32755589246983e-05,3.457796408002261e-05
124,2,1-7,adjust,0.0002715355750074427,-2.9730521834736035e-05,1.1748843870411346e-05
124,3,1-7,adjust,0.0002400865700166692,3.957525151545169e-05,5.8505263209169456e-05
124,4,1-7,adjust,-0.00030818416915128936,-3.306701047689921e-07,1.8169758152619195e-05
124,5,1-7,adjust,0.0004037144618289545,7.490762952482897e-05,4.4184800668109344e-05
124,6,1-7,adjust,0.001008058568423613,-6.618668573149376e-07,8.305226334986172e-05
124,9,1-8,adjust,0.00011120989782499614,7.959645493609057e-06,5.978495877634592e-05
125,2,1-4,adjust,-0.001513757257191619,1.9267236974256204e-05,7.034210988682471e-06
125,3,1-5,adjust,-0.0007178247398590479,-3.860071176267736e-05,2.467512849805944e-05
125,6,1-5,adjust,0.002232487673066581,-5.5952074127194734e-05,3.2401314824666573e-06
125,7,1-4,adjust,-0.0018681530661811894,4.6253528598235625e-06,7.906445550251803e-05
125,8,1-5,adjust,-0.0008366673824287432,1.1567351446574875e-05,1.3332915787351636e-05
125,9,1-5,adjust,0.0007422608129291106,-1.0438039969184174e-05,8.908379665483477e-05
126,2,1-7,adjust,0.0004596078302183948,-5.033277883958403e-07,6.95971375234916e-05
126,3,1-7,adjust,0.0006242513598517825,-7.144916759938889e-08,5.503667514034491e-05
126,4,1-7,adjust,0.0002548758286008856,1.318420143131322e-05,1.4382481260920935e-05
126,5,1-7,adjust,-0.0012149250740953132,-4.63680989105738e-05,4.355362056046926e-05
126,6,1-7,adjust,-0.0010135883412783087,2.4104330967077165e-05,9.026120873505717e-05
126,9,1-8,adjust,-0.00021753298658709594,3.9836371212612706e-07,5.257778184958596e-05
127,2,1-4,adjust,-0.0010545640172392313,-1.8136260247047118e-06,1.9491835969125307e-05
127,3,1-5,adjust,0.00011653842312296433,2.8043439730857588e-05,9.29739817405901e-07
127,6,1-5,adjust,-0.00034490334468595613,-1.7073140290235616e-05,9.07169953602422e-06
127,7,1-4,adjust,0.0004890277131869552,-8.91572073950957e-06,6.209810161973133e-05
127,8,1-5,adjust,0.0002402675328508708,-4.3983850742297864e-06,6.908183828634522e-05
127,9,1-5,adjust,0.0005301711963341624,4.312043266592604e-05,1.92606334941125e-06
128,2,1-7,adjust,0.0022147695220089522,-2.8887646751946113e-05,2.5751271947833465e-05
128,3,1-7,adjust,0.0012910617864439146,1.2776307147437019e-05,4.632525308599229e-05
128,4,1-7,adjust,-0.000491731472608448,1.9151584227765925e-06,2.9552605017706962e-05
128,5,1-7,adjust,0.0017070624875261066,3.077046919850022e-05,9.742822856417697e-05
128,6,1-7,adjust,0.00022458052643818606,-9.088939994509986e-06,6.052715063751951e-06
128,9,1-8,adjust,-0.0007125027274291983,-3.2397570414667054e-05,4.106548774927915e-05
129,2,1-4,adjust,-0.00043101992337922615,2.5707855613502127e-05,7.696730793963662e-05
129,3,1-5,adjust,-0.001636108514607203,-1.3049172511745398e-05,3.057339426385129e-05
129,6,1-5,adjust,0.001173887080718553,-3.819972337758316e-05,2.4268074827590442e-05
129,7,1-4,adjust,0.0006770533075631386,-7.82878508384948e-07,9.629687473054672e-05
129,8,1-5,adjust,-0.002291312932230425,-4.853800860741358e-05,1.1860897958369442e-05
129,9,1-5,adjust,-0.0007372951106477075,1.2724919925170245e-05,4.3891606047586516e-05
130,2,1-7,adjust,-0.00011071469699308816,-3.6445591133902277e-06,5.2315559295576e-05
130,3,1-7,adjust,0.001641625844793832,-5.264361308622912e-06,6.75606467476769e-05
130,4,1-7,adjust,0.001887472210988691,6.13007306996235e-05,8.105283097274155e-05
130,5,1-7,adjust,0.002184115562637294,5.292886088359878e-06,4.357286909835709e-05
130,6,1-7,adjust,-0.0021198594383097457,-4.978994943243655e-06,1.3360393060853313e-05
130,9,1-8,adjust,-0.001493291539522448,-2.4895656903557322e-05,2.902297010400542e-06
131,2,1-4,adjust,-0.0012976752308906604,3.38666103420843e-05,4.269389581578861e-08
131,3,1-5,adjust,-0.0016881081426645306,-1.97286034035824e-06,3.8100702537597192e-06
131,6,1-5,adjust,0.001867110839116883,3.804150639210308e-05,4.731260120329595e-05
131,7,1-4,adjust,0.001320912243368244,7.499724188574615e-06,8.337026542507124e-06
131,8,1-5,adjust,0.0044577183489825966,4.7605818405781535e-05,3.3728589170252976e-05
131,9,1-5,adjust,0.001669677364390088,6.414452649929305e-06,5.481901671133523e-05
132,2,1-7,adjust,0.0016292840128371404,-2.4579742893603597e-05,4.559478457997648e-06
132,3,1-7,adjust,-0.0014356277965229375,-2.6048561967074104e-05,2.0513867447979212e-05
132,4,1-7,adjust,0.0018857228694803467,-1.3515291601862145e-05,3.670892404452836e-05
132,5,1-7,adjust,0.000988667207928245,2.0283574186795135e-05,3.8267553722713485e-05
132,6,1-7,adjust,-0.00029620978381958706,1.4511362462933496e-05,0.00014532484818503426
132,9,1-8,adjust,0.0009645482964491912,-3.2151647422743188e-06,2.522872919789065e-05
133,2,1-4,adjust,-0.0008300860169725911,2.9685629085627498e-05,5.0241269574050564e-05
133,3,1-5,adjust,0.0009847909669641478,-3.7442393734375794e-06,4.774674131580511e-06
133,6,1-5,adjust,0.0023041984412913255,2.422803690597066e-05,1.8676608322785732e-05
133,7,1-4,adjust,0.0023029488144903753,4.432322223664619e-05,3.4758788076359645e-05
133,8,1-5,adjust,-0.0018993926571849128,-3.4361140325481376e-05,7.164939271805203e-06
133,9,1-5,adjust,-0.0012441578834420256,1.2610427476936908e-05,3.0653273261074995e-05
134,2,1-7,adjust,-0.0007596085657557319,-1.4923141590433337e-05,6.250468712330099e-05
134,3,1-7,adjust,-0.0021047194587241864,2.976489843377591e-05,6.555837763758703e-05
134,4,1-7,adjust,-0.00228602203447809,-1.3065898689547504e-05,3.2165882131309264e-05
134,5,1-7,adjust,-0.0026913552591037136,-3.572231635851018e-07,3.2654339369618293e-07
134,6,1-7,adjust,-0.0006138391460355758,4.365206369017655e-06,8.388873525197261e-05
134,9,1-8,adjust,0.0008854407965031421,-3.711466157152144e-05,1.5877747379458123e-05
135,2,1-4,adjust,-0.0006596898790782248,2.509660348951425e-05,1.051365553988393e-06
135,3,1-4,adjust,0.000918935333059678,-2.3067075575212525e-05,4.901586063711382e-05
135,6,1-5,adjust,-0.0005249404020068239,-9.669343370275015e-06,1.6614245330618366e-05
135,7,1-4,adjust,0.0022403626830065637,-9.76106072385383e-06,1.3481348246469683e-05
135,8,1-5,adjust,-2.282991188920812e-05,7.540407614805933e-05,4.514831515231398e-05
135,9,1-5,adjust,0.00044568347741978914,5.202355724159996e-05,5.624893410594482e-05
136,2,1-7,adjust,0.0005211207363396493,-2.27068352762912e-05,5.840133716331989e-05
136,3,1-7,adjust,0.00025217619644575187,3.038327517281962e-05,2.167569527948976e-05
136,4,1-7,adjust,0.0012966968970235494,2.7419843138360337e-05,9.42363026156112e-06
136,5,1-7,adjust,0.001919288253592663,3.8992514793298534e-05,1.9479873709506183e-05
136,6,1-7,adjust,0.002199582021882355,-3.3385056865400127e-06,2.4557877934735814e-05
136,9,1-8,adjust,5.572705516857151e-05,-2.3182801485844814e-05,5.383598150760766e-05
137,2,1-4,adjust,5.3797926269769755e-05,-3.1979197865539254e-05,3.1459206794482205e-05
137,3,1-5,adjust,-0.000663538876003106,-2.017875422747361e-05,6.842354429134026e-05
137,6,1-5,adjust,0.0019937943405493254,-4.719921707206344e-05,1.855633810692635e-05
137,7,1-4,adjust,0.0034514032339949914,-1.4769356998030061e-05,7.377155921720734e-05
137,8,1-5,adjust,0.0007922505863165458,2.0764206668060022e-05,2.768029295727734e-05
137,9,1-5,adjust,0.0017324834372788476,5.315741615230654e-05,2.4541094706802535e-05
138,2,1-7,adjust,-0.00044876617004648017,2.9539344777940846e-05,3.026453376518709e-06
138,3,1-7,adjust,-8.85296987508907e-05,1.599973005623449e-05,2.047191384642223e-05
138,4,1-7,adjust,-0.000521576927451108,-4.486543325528721e-05,1.8797663902838653e-05
138,5,1-7,adjust,0.0009723250616165709,-5.3155563850184e-05,6.177026143499618e-06
138,6,1-7,adjust,0.00045753808007522657,1.8845670363570227e-05,4.650529600656692e-05
138,9,1-8,adjust,-0.00021576151335528552,1.3027791204361471e-06,2.1865076088393e-05
139,2,1-4,adjust,0.00016794254667447495,-4.848039243264716e-05,2.580816273654203e-05
139,3,1-5,adjust,0.0005140930704112646,1.0933198088781879e-05,4.05850853961426e-05
139,6,1-5,adjust,5.323248801897262e-05,1.9115546403290414e-05,0.0001124279803297174
139,7,1-4,adjust,-0.002964734582192908,-3.7719367702386466e-05,6.304930086608736e-05
139,8,1-5,adjust,-0.0008460731198068235,-4.181519176632466e-05,2.399973043610425e-05
139,9,1-5,adjust,-0.0006026085550720762,-3.6214921589411266e-05,1.438822899845772e-05
140,2,1-7,adjust,3.902812636165673e-05,4.888748285376773e-05,4.1738034810089834e-05
140,3,1-7,adjust,0.00011637448655944219,-2.3541945381470973e-05,4.991567882533149e-05
140,4,1-7,adjust,0.008323669195529734,5.935234291455011e-06,4.680508075155434e-05
140,5,1-7,adjust,0.0013739952143987475,1.563030133552646e-05,2.5923512395997037e-05
140,6,1-7,adjust,3.5792064458768474e-05,-3.012610498118499e-05,0.0001369852946177773
140,9,1-8,adjust,-0.0005984088202758876,1.1846900575583426e-05,3.83747875676028e-05
141,2,1-4,adjust,0.0008512009673223605,-5.589701413942063e-05,5.280359335367217e-05
141,3,1-4,adjust,0.005787084331236845,-4.8916531894239174e-05,0.0001498184458596705
141,6,1-5,adjust,-0.00018134522653245216,2.7055154630986127e-05,1.3540362070690525e-06
141,7,1-5,adjust,0.0009433989876305259,4.146345387521617e-05,7.541184656848953e-05
141,8,1-5,adjust,0.0010685814756800304,1.2232821859181014e-06,1.4549455315260419e-05
141,9,1-5,adjust,0.000113124091054735,9.096580157771315e-06,2.7079588790446987e-05
142,2,1-7,adjust,-0.0002482267188315647,8.449487237429274e-07,5.3907652954817925e-05
142,3,1-7,adjust,-0.002044971911186081,7.226352610751737e-05,3.295629453382552e-05
142,4,1-7,adjust,-0.0012079616552148997,1.8609029740559785e-05,2.7602841919614863e-05
142,5,1-7,adjust,-0.0008418536623047457,-2.3648127805134112e-05,1.3302240384288711e-05
142,6,1-7,adjust,-0.00036676223172426106,-3.498921732788735e-05,5.9578809660498e-05
142,9,1-8,adjust,0.0005075227574028325,-3.7203790707096e-05,2.9674003317207773e-05
143,2,1-4,adjust,0.002308753112516881,-7.409582106146558e-06,5.13490461800227e-05
143,3,1-4,adjust,0.0015921592345560533,-1.8703208295114616e-05,0.00015359836434560603
143,6,1-5,adjust,-0.0008057650512886119,-1.0504312101660837e-05,6.039640868458385e-05
143,7,1-4,adjust,-0.0010124331393764872,2.5233422616852626e-05,9.523097869306636e-06
143,8,1-5,adjust,-0.0005331633176313543,-2.4938449571295492e-05,5.2677236854266076e-05
143,9,1-5,adjust,-0.0019249524282681835,-5.9613390651988006e-05,9.445285637929979e-05
144,2,1-7,adjust,-0.0029475976733760972,8.841365371509953e-05,0.0001231758483520498
144,3,1-7,adjust,-0.0030426622410036617,2.264632367506794e-06,8.403555369359255e-05
144,4,1-7,adjust,-0.003811594741866286,5.1842369491613124e-05,8.316740782304462e-05
144,5,1-7,adjust,-0.0031732522015156927,6.031533147766256e-06,8.85271193225515e-05
144,6,1-7,adjust,-0.00015063150874255468,3.615580261454941e-05,8.197710848443617e-05
144,9,1-8,adjust,0.00012837618581803222,2.142806455335565e-05,4.8685971552846846e-05
145,2,1-4,adjust,-0.00031715979704912783,-2.6065145645229166e-05,8.628704989059043e-05
145,3,1-4,adjust,0.0006104034591549605,3.590520009205036e-05,4.709784242032942e-05
145,6,1-5,adjust,-0.0003789875478012368,-1.7363460774969557e-05,0.00011568771930849098
145,7,1-4,adjust,0.0015454589874462764,-2.9850995545142315e-06,8.29884616496557e-05
145,8,1-5,adjust,0.0006931119598792791,2.3741077901418404e-05,6.101334706898157e-07
145,9,1-5,adjust,0.0006010325492356979,-1.5202879203465966e-05,5.976600597084156e-05
146,2,1-7,adjust,-0.0004068863818421584,3.521003554630843e-05,8.438961616889968e-05
146,3,1-7,adjust,0.00062085234732683,-4.2704998723857274e-05,2.6636216929249334e-05
146,4,1-7,adjust,0.0005105531587311102,-4.9502136745176036e-05,8.313819343387691e-05
146,5,1-7,adjust,-0.0029714368549385102,-2.9981070294155326e-05,1.6845296519233963e-05
146,6,1-7,adjust,0.0008829632429564133,1.525240218646578e-05,2.192612415612531e-06
146,9,1-8,adjust,0.00037574405228181664,6.645382859584543e-05,3.548372224515806e-05
147,2,1-4,adjust,-2.4648057390720714e-05,-2.5640250869276164e-05,1.5700406356321644e-05
147,3,1-5,adjust,0.0011038961084638584,8.845568010018909e-06,1.5513900677754477e-05
147,6,1-5,adjust,-0.0035016828062462723,-1.6997773271894772e-05,8.672948251454011e-05
147,7,1-5,adjust,-0.004750513740156693,-3.204919364386204e-05,0.00010779007078668562
147,8,1-5,adjust,0.0003198927945059779,9.932978741268703e-06,1.8125119953109176e-05
147,9,1-5,adjust,-0.0016334864468919084,-4.563442918917914e-06,2.1208718654257005e-05
148,2,1-7,adjust,0.001027184341202156,3.9147085377452195e-05,1.5937758067054845e-05
148,3,1-7,adjust,-0.0014434668881625043,-1.2601969297161544e-05,7.958171567698586e-06
148,4,1-7,adjust,-0.0007031360313501151,-2.135325062222442e-05,5.292992961496964e-05
148,5,1-7,adjust,0.002327540473976736,3.274682229708994e-05,3.513948954405443e-05
148,6,1-7,adjust,-0.0006142675609357917,2.2166260100452673e-06,3.631125963432012e-06
148,9,1-8,adjust,0.00168222707430274,-1.5062808870876167e-05,3.556920504893375e-05
149,2,1-4,adjust,-0.00019739341479213215,-2.7477560681040155e-05,2.8167091733741375e-05
149,3,1-4,adjust,-1.3256508371273851e-05,-1.8032857476998903e-05,4.506388718356643e-05
149,6,1-5,adjust,-0.0007490263458225857,9.299101641382302e-06,6.0023866570983616e-05
149,7,1-4,adjust,4.168943053805871e-05,2.3564917596865644e-05,2.3298938922078974e-05
149,8,1-5,adjust,-0.0011753779245926986,-1.3267621629529991e-05,2.083300206786322e-05
149,9,1-5,adjust,0.0019572396325089935,7.876969038119833e-06,7.408919911228212e-05
150,2,1-7,adjust,-0.0034568957519345656,2.856435744259555e-05,4.5426913661208345e-05
150,3,1-7,adjust,0.0002703307729163255,7.244464522852108e-06,7.991657808194254e-05
150,4,1-7,adjust,-0.004229598728668813,4.602535820533674e-05,1.3370398245533702e-05
150,5,1-7,adjust,-0.0007463910427327492,1.404501169571358e-05,6.82271501077477e-05
150,6,1-7,adjust,-0.00015100243889075457,-2.259630891373107e-06,5.113997018212142e-05
150,9,1-8,adjust,-0.0012820233392451634,-3.0541916649622395e-05,2.894401893909824e-05
151,2,1-4,adjust,0.0015052739707513308,-3.715961369311518e-05,2.1575512723415617e-05
151,3,1-5,adjust,-0.001768514628304524,1.2281108575460288e-05,6.65178843763526e-05
151,6,1-5,adjust,-4.979093871400871e-07,1.5021080133213515e-05,2.4612003957721792e-05
151,7,1-4,adjust,0.0026999695552885243,2.1196034746821294e-05,6.0974169378190214e-05
151,8,1-5,adjust,0.0012363798283731105,-1.590387080369902e-05,8.255625741821612e-05
151,9,1-5,adjust,0.0008945826025481164,5.0110516292177406e-05,1.6304868161878546e-05
152,2,1-7,adjust,1.897978674188707e-05,2.364636764267994e-05,4.669800130103464e-05
152,3,1-7,adjust,-0.001260694790999483,1.6367177258235753e-05,5.225668141991353e-05
152,4,1-7,adjust,0.0003973515837563681,8.111592595551322e-06,4.603557323077173e-05
152,5,1-7,adjust,-0.0004587307408392044,-9.74565603274803e-06,1.4326045379434666e-05
152,6,1-7,adjust,0.001644326709527795,1.9404418713873255e-05,3.2522484857840094e-05
152,9,1-8,adjust,-0.0012737465150367492,3.1895085795810028e-06,5.1854220817259025e-05
153,2,1-4,adjust,0.0010373553885547658,-3.4302638052895213e-06,2.2210519510200032e-05
153,3,1-5,adjust,-0.0010360752883523117,-9.98374422737988e-06,2.8727521903626156e-05
153,6,1-5,adjust,-0.0017554079966477024,8.030811313855688e-06,4.317524946670666e-05
153,7,1-5,adjust,-0.00132927265409518,-5.856004576752374e-05,0.00011520488158830056
153,8,1-5,adjust,0.0025342863099849155,-8.759316009937897e-06,4.8503698121445965e-06
153,9,1-5,adjust,-1.4552995488593485e-06,8.259693635357124e-06,6.620867391161972e-05
154,2,1-7,adjust,0.0007855366337393453,-4.927895418887902e-05,2.867738265094711e-05
154,3,1-7,adjust,0.0005417780134189163,1.1879357461102244e-05,2.028600045973632e-05
154,4,1-7,adjust,0.0018112548511077932,-5.235610712461857e-05,8.34456835817535e-06
154,5,1-7,adjust,-0.0011233267812840266,-1.7790834442773081e-06,0.00010072110215963148
154,6,1-7,adjust,0.0024831105963034105,9.075989196505504e-06,9.081864859643219e-05
154,9,1-8,adjust,0.00010740441703796435,2.4815683170655005e-05,4.9805376985105223e-05
155,2,1-4,adjust,-0.00011367483922199587,6.565944318866127e-06,1.2861939496552374e-05
155,3,1-5,adjust,0.0004301009554566827,1.1410993019837072e-05,6.213602222962467e-05
155,6,1-5,adjust,-0.0004133282516377984,-5.6441779704942704e-05,7.410166136724629e-05
155,7,1-4,adjust,0.0014034534539050518,4.3261219083405055e-05,6.720027126056145e-05
155,8,1-5,adjust,0.0005950243026165037,1.0829656806341785e-05,2.772010289385847e-05
155,9,1-5,adjust,-0.00011125211155663892,3.413123068358028e-05,7.043298204529288e-05
156,2,1-7,adjust,0.0004057813035686999,-2.2975249322827967e-05,1.2876110277470736e-06
156,3,1-7,adjust,0.00480519615422185,-4.527383516313564e-05,3.679757519396158e-07
156,4,1-7,adjust,-0.002270678540947482,-7.1387793454164735e-06,0.00010577917415939973
156,5,1-7,adjust,0.0015944485597281144,-2.879425156305523e-05,2.6293943543239817e-05
156,6,1-7,adjust,0.0010171124360346966,5.5407861644211655e-05,6.13204912962703e-05
156,9,1-8,adjust,0.0007954787377404778,-1.0488427806867844e-05,3.0499127712409923e-05
157,2,1-4,adjust,0.0004143211426357448,7.132596078831751e-06,2.5340172056390583e-05
157,3,1-5,adjust,-0.002481525524505131,2.4956448578309053e-05,2.6777501490676027e-05
157,6,1-5,adjust,-0.0020105875010884905,1.2630590633589652e-07,1.2285130315105803e-05
157,7,1-5,adjust,-0.0006641141571811428,-5.116237541075704e-05,8.985122728723545e-05
157,8,1-5,adjust,-0.0031270238118757026,1.1627490881642262e-05,1.4511610404491843e-05
157,9,1-5,adjust,-0.0010847150828663383,-4.31165007908572e-05,1.2704311432383917e-05
158,2,1-7,adjust,-0.0008083112797727525,-4.6246709810030235e-06,7.413534159923841e-06
158,3,1-7,adjust,0.0027663313899843256,7.22965880400271e-06,1.3183083363291787e-05
158,4,1-7,adjust,-0.0006419205420399079,-4.440900235913641e-06,5.115219893286434e-05
158,5,1-7,adjust,0.0008618480016858564,-1.1151815407125017e-05,1.8431859367138798e-05
158,6,1-7,adjust,0.0034261584632843504,2.1134208236071664e-05,1.0206105639355126e-05
158,9,1-8,adjust,0.00038827791540540515,1.8662940519627252e-05,3.998982790484629e-05
159,2,1-4,adjust,-0.0005875665386961037,3.833406570307681e-05,3.7121467474894975e-05
159,3,1-5,adjust,-0.0023641744768400836,8.932823714478005e-06,3.6437108648633795e-05
159,6,1-5,adjust,-0.002583305209518538,-1.7758030189486072e-05,3.13793291885861e-05
159,7,1-4,adjust,-0.0023897126174762893,1.7027470507018693e-05,1.3726078908395693e-06
159,8,1-5,adjust,0.00026086701743136914,-2.3728240679407225e-05,6.618090689630818e-05
159,9,1-5,adjust,-0.0005323501285184761,-4.964929251105497e-05,3.06605106275699e-05
160,2,1-7,adjust,-0.0003415160621727292,-1.1200643165487424e-05,3.621069782918934e-07
160,3,1-7,adjust,-0.0008148825288992423,-3.534376504556683e-05,5.717859553044368e-05
160,4,1-7,adjust,-0.00023809832968377953,1.840387390804573e-05,0.00012118496731126667
160,5,1-7,adjust,-0.0009977966160224186,2.259123994035999e-06,2.698910041831399e-05
160,6,1-7,adjust,9.642193252708835e-05,-5.767898434524519e-06,0.00011436870571155254
160,9,1-8,adjust,0.00018242022777914055,-1.2540629525629359e-05,2.6002898517308526e-05
161,2,1-4,adjust,0.0005928571846416369,7.387529864617653e-06,6.917160729930585e-05
161,3,1-5,adjust,-9.00200086904846e-05,-6.184580904813994e-06,6.666503647002641e-05
161,6,1-5,adjust,-0.0006815342261481088,-5.0996682961893085e-05,1.112112104741775e-05
161,7,1-4,adjust,-0.0004490967004758769,-1.5217362706794002e-05,1.466876001347793e-05
161,8,1-5,adjust,-0.0026247920017899713,-1.7999372885399107e-05,3.920306389096023e-05
161,9,1-5,adjust,0.00036433491577822854,-1.56514743552594e-05,4.50719152438421e-05
162,2,1-7,adjust,0.0017848623385500059,-9.521644179397268e-06,9.824129712801109e-05
162,3,1-7,adjust,0.0014882493873492508,1.3937437804054217e-05,4.203198972579867e-05
162,4,1-7,adjust,0.0026725994531576367,-1.1830571507813722e-05,7.112173102826577e-06
162,5,1-7,adjust,0.0020744237085720684,4.074357404915381e-06,4.2041142780716584e-05
162,6,1-7,adjust,-0.0008164552109977082,-5.1732560042942874e-05,5.839415586426344e-05
162,9,1-8,adjust,-0.0005654806019571526,2.041936233962888e-05,6.168229224107593e-07
163,2,1-4,adjust,-0.00037640418342887837,-5.378015459512354e-07,6.343718740456966e-05
163,3,1-5,adjust,-0.00010903329547265819,-2.0201997539368625e-05,4.835076446886318e-05
163,6,1-5,adjust,0.0019424396304834907,3.655525127424575e-05,1.1273133101929042e-05
163,7,1-4,adjust,-0.002195532575617224,6.573614457638672e-06,8.00374627922424e-05
163,8,1-5,adjust,-0.0028070617801358643,4.459988103015575e-05,2.6756468297093797e-05
163,9,1-5,adjust,-0.0011136715389513908,-1.302713885442092e-06,5.720177521074118e-05
164,2,1-7,adjust,0.0006761878968214611,-3.7307108913821294e-05,0.00011064164535527036
164,3,1-7,adjust,-0.00037241889214708273,-1.5928364064625954e-05,1.679168335472311e-05
164,4,1-7,adjust,-0.0013982396125857626,7.511334252460628e-06,1.7746491450247348e-06
164,5,1-7,adjust,-0.0030190813597320673,3.351666840784413e-05,3.615446731910842e-05
164,6,1-7,adjust,-0.0030184563402411383,-1.745824169409733e-05,9.929228143060988e-06
164,9,1-8,adjust,-0.00023196001951739976,-2.9005025076127008e-05,4.947878353890172e-05
165,2,1-4,adjust,-0.0006231325646471329,1.7761089183203602e-05,6.74003443115665e-06
165,3,1-5,adjust,-0.00021393264571652225,1.9985288747800175e-05,3.992199511340859e-05
165,6,1-5,adjust,-3.829563259346808e-05,2.131116765010385e-05,2.305320084102596e-06
165,7,1-4,adjust,0.004260570184803935,-8.112701952246922e-05,2.0392497795270185e-05
165,8,1-5,adjust,0.0005861188647808415,-3.1204031771496216e-05,4.5956086452443144e-05
165,9,1-5,adjust,0.001825915132144421,4.920672182817289e-05,3.699315031518622e-05
166,2,1-7,adjust,-0.0006236554242773448,-2.0074968049649307e-06,5.554998022440267e-05
166,3,1-7,adjust,0.0026052202917628067,-2.054369840177606e-05,4.7818132675487765e-05
166,4,1-7,adjust,0.006567158089919553,-2.449948198574452e-05,1.6712467655338718e-06
166,5,1-7,adjust,0.005427071495025828,6.830404201139626e-06,4.1666888547032715e-05
166,6,1-7,adjust,0.003600854251515849,8.140036861208167e-06,1.5865464718744736e-05
166,9,1-8,adjust,-0.0006367594882472227,-2.1206812022399083e-05,2.248887409550814e-05
167,2,1-4,adjust,0.0014324465463028038,-2.7328139982228046e-05,9.639423140358352e-05
167,3,1-4,adjust,-0.00016210157646864327,-3.8753376656189867e-05,7.420728368223011e-05
167,6,1-5,adjust,-5.596988094744368e-06,-1.2904902473591707e-05,3.639323010184795e-05
167,7,1-4,adjust,0.0014215811221217547,2.6453333717939607e-05,6.675879764419166e-06
167,8,1-5,adjust,0.0025633895718875253,1.475639925738793e-06,3.8714291235123056e-05
167,9,1-5,adjust,0.0002319800328226593,-3.179206213843724e-06,4.886666889222096e-05
168,2,1-7,adjust,0.0007525299719293775,-2.605420868575771e-05,7.856163895346491e-05
168,3,1-7,adjust,0.001747713643061567,-3.066021827589581e-05,3.608138272023972e-05
168,4,1-7,adjust,-0.004264240157306564,-1.553973594912689e-05,9.449068872663202e-06
168,5,1-7,adjust,0.0009530347883248601,8.924961231112584e-07,8.160717992490047e-06
168,6,1-7,adjust,0.0033898202792942474,5.901394266839117e-05,2.0341577382170304e-05
168,9,1-8,adjust,-0.0005761934334269701,-1.6928366963892898e-05,3.5010248304658774e-05
169,2,1-4,adjust,-0.0008140104130305657,4.3149949978213555e-05,1.3928872850902837e-05
169,3,1-5,adjust,-0.0009707655434848878,7.466278970730003e-05,3.364365069189717e-06
169,6,1-5,adjust,-5.672251620352187e-05,-5.487869227887173e-06,9.743708877073882e-05
169,7,1-4,adjust,-0.002097839980438902,2.7915266767608054e-05,7.61796607521432e-05
169,8,1-5,adjust,0.0020869375065383174,8.307120879313832e-06,0.00010230747954121449
169,9,1-5,adjust,8.73730124471708e-05,6.56091189197378e-06,4.986783423498818e-06
170,2,1-7,adjust,-0.0013150153851707181,-1.8264321914191633e-06,1.3564961549703496e-06
170,3,1-7,adjust,-0.001291656089789057,7.5691506151156e-06,1.8614736613903027e-05
170,4,1-7,adjust,0.0008654908412652307,2.004183684094307e-05,1.2137183450778037e-05
170,5,1-7,adjust,0.0018706847580312088,1.0563631036649313e-05,6.746248927455265e-06
170,6,1-7,adjust,-0.003054704149634056,4.5491245932097024e-06,2.2105675158262888e-05
170,9,1-8,adjust,0.0011478014244619412,-2.591163827819356e-05,7.225322429226678e-05
171,2,1-4,adjust,0.0017377369380783447,4.096060930106698e-06,2.629136879199834e-07
171,3,1-5,adjust,-0.0013795538361236687,1.4671099069343365e-05,1.9280880114951203e-05
171,6,1-5,adjust,0.0016889432292695051,6.541035707982882e-06,6.842438074809152e-05
171,7,1-4,adjust,0.0028294114905653106,-4.579847990821733e-06,7.13335568179715e-05
171,8,1-5,adjust,0.0001046537668117316,2.3614175481956123e-05,3.805312321527726e-05
171,9,1-5,adjust,0.0007011635130750254,7.410300045067704e-05,0.0001553792762503122
172,2,1-7,adjust,0.002041600275308908,-4.1795181205478244e-05,4.515534551857402e-05
172,3,1-7,adjust,0.00040227094924116466,1.412210023279534e-05,1.54725761706841e-05
172,4,1-7,adjust,0.00410659555562216,-2.533091296189147e-06,0.00010691359870117053
172,5,1-7,adjust,0.001021545518568004,1.7490360335221314e-05,1.3952208819335663e-05
172,6,1-7,adjust,-0.0005203643557838275,9.445925460658135e-06,4.1952016841412096e-05
172,9,1-8,adjust,-0.00015699809912272827,3.0470157908609103e-05,6.545315655639548e-05
173,2,1-4,adjust,0.0004699185973309815,-1.0931420928117863e-05,0.00013321229316473837
173,3,1-4,adjust,0.0009332448994097269,-3.901929288396522e-05,9.399334579135237e-05
173,6,1-5,adjust,0.002450546927743598,-3.342623607254188e-05,4.799332660973321e-05
173,7,1-4,adjust,-0.0002169867821936518,3.997714811915636e-05,9.324292668236118e-05
173,8,1-5,adjust,0.003209670547793767,6.282441612953131e-05,0.00016254885559302104
173,9,1-5,adjust,-0.00017829650499636982,-2.3871311162271387e-05,1.590451176135194e-05
174,2,1-7,adjust,-0.000788318875228015,-1.3554772930696751e-06,9.142493665179907e-05
174,3,1-7,adjust,-0.0021896713498651956,3.1204382835914284e-05,8.514449912939128e-05
174,4,1-7,adjust,-0.0035778234317665287,3.491796021481264e-05,4.1607856945101966e-05
174,5,1-7,adjust,-0.0022334976951927867,2.1062649160621395e-06,7.253795388917758e-05
174,6,1-7,adjust,0.00012127831302695866,2.2697800853692664e-05,2.2552631949024082e-05
174,9,1-8,adjust,0.0009309501352724835,6.47397718762221e-05,9.744550738398292e-05
175,2,1-4,adjust,-0.0012828604424290765,1.5465150987307216e-05,5.350388986889852e-05
175,3,1-5,adjust,-2.5538361992071086e-05,-1.2238075890350394e-05,2.3994610134514774e-05
175,6,1-5,adjust,-0.0006665741008835484,-1.7584388198723865e-05,1.7748213462243328e-05
175,7,1-4,adjust,-0.0007582043936616612,9.445965996586643e-06,6.570984973689958e-05
175,8,1-5,adjust,-0.00037590349543584943,-4.0959419120511e-05,3.033906182551617e-05
175,9,1-5,adjust,-0.00014666879875710682,-1.8739152711120636e-05,2.5380292841252067e-06
176,2,1-7,adjust,-0.0019052225080674367,6.138941879748725e-05,4.690896645119497e-06
176,3,1-7,adjust,-0.0011307490934224732,-1.814281023611525e-05,1.960122761403217e-05
176,4,1-7,adjust,-0.002268924294806162,2.0081380130444705e-06,8.22496227008194e-05
176,5,1-7,adjust,-0.004562889460937706,-1.8518710750547262e-05,1.9452891157960908e-05
176,6,1-7,adjust,-0.0018522043517697959,-9.912514351864453e-06,5.4638540608529745e-05
176,9,1-8,adjust,0.0001913504283963144,-1.7590975933704618e-05,3.7095325061580954e-05
177,2,1-4,adjust,-0.0001672062098751837,3.732544848761657e-05,1.9029376898148176e-06
177,3,1-5,adjust,-0.0006823638750775949,3.5642797111179304e-05,3.647415322996005e-05
177,6,1-5,adjust,-0.0014706794811799725,1.0210446113371047e-06,2.0546627682910496e-05
177,7,1-4,adjust,-0.001322201897659702,-7.707626765283587e-06,4.704909398470612e-06
177,8,1-5,adjust,-0.0006980397501781163,-4.558972290522012e-05,1.2245699400110849e-05
177,9,1-5,adjust,0.00017676087378065691,-1.3922990825607005e-05,1.659869846750607e-06
178,2,1-7,adjust,0.00043787240713115026,1.1023776241820428e-05,3.2438387141556688e-06
178,3,1-7,adjust,0.001534105662770361,2.89319492080196e-06,1.893355732181048e-05
178,4,1-7,adjust,0.007140401143500848,1.1940512490724952e-06,1.6308598818650313e-05
178,5,1-7,adjust,-0.00045524503319539685,3.3771699328804016e-06,4.541355158852942e-05
178,6,1-7,adjust,-0.001674999509683419,1.4980993917360458e-05,7.481212585785077e-05
178,9,1-8,adjust,-0.00035747256354408917,5.453609012617609e-05,2.1205835785053743e-05
179,2,1-4,adjust,0.0007808290402905098,-4.8366027545726785e-05,0.00014501758900383735
179,3,1-4,adjust,0.002006420804246454,-9.455689521610126e-06,0.00010523642600339735
179,6,1-5,adjust,-0.00036197040603140943,1.2559235918902818e-05,5.035909089061511e-05
179,7,1-5,adjust,-0.0016283131756943214,-4.013670334149831e-06,9.885464782381045e-05
179,8,1-5,adjust,-0.0019368201837203424,4.0537739058618823e-05,1.550962655020757e-05
179,9,1-5,adjust,-0.0001721351522624243,-3.711903102770828e-05,4.680066379536098e-05
180,2,1-7,adjust,-0.0009385117364783676,2.686054102663222e-05,1.2497353143981186e-05
180,3,1-7,adjust,-0.001009695404340141,8.142621953090558e-07,4.614630694343487e-05
180,4,1-7,adjust,-0.004349291592970336,2.4239383735580403e-05,4.2053429641933635e-05
180,5,1-7,adjust,0.0005375580030245812,-1.3196829485810907e-06,3.2477213023023484e-05
180,6,1-7,adjust,0.00046595602905473074,-9.462462137710822e-06,9.450093765530997e-05
180,9,1-8,adjust,0.00032187991913268095,-2.753117892559644e-05,0.00014043922989959027
181,2,1-4,adjust,4.920112460813053e-05,-1.9864970768021876e-06,0.00010043193118387563
181,3,1-4,adjust,0.0005671200628845807,-1.295860446392296e-05,0.00011301155794997141
181,6,1-5,adjust,-2.2502151728672504e-06,3.6014421798109343e-05,5.444676592598906e-05
181,7,1-4,adjust,0.0033416197270397466,-6.775978215159111e-06,1.7890326322428345e-05
181,8,1-5,adjust,0.0002068386587114499,2.200676992013559e-05,7.5254341828357e-06
181,9,1-5,adjust,-0.0013831083114591526,-1.1668604028009287e-05,2.8462482527707243e-05
182,2,1-7,adjust,-1.657021353318535e-05,-2.7127058266947222e-05,9.629495511436025e-06
182,3,1-7,adjust,0.0025270127377848843,2.223696645853303e-05,3.066382614655167e-05
182,4,1-7,adjust,0.00046404413990458606,-3.8929349873402344e-05,4.272322441014292e-05
182,5,1-7,adjust,-0.0004486979998424329,-2.6437616701417436e-05,6.643150367021311e-05
182,6,1-7,adjust,0.0020729453887370426,-5.035984531153711e-05,8.818257084882865e-05
182,9,1-8,adjust,0.0003255979969981696,-1.609922417605071e-05,2.9544394968146504e-05
183,2,1-4,adjust,-0.00031597900984544096,1.7663589143333385e-05,1.9580480097437167e-06
183,3,1-4,adjust,-0.0009200002967110409,-4.1228135035393904e-05,0.000127989606866343
183,6,1-5,adjust,-0.001301238135665182,2.3926154353590186e-05,1.4178936331857484e-05
183,7,1-4,adjust,-0.0006340301797774675,8.766994512846778e-06,1.3751157262902603e-05
183,8,1-5,adjust,-0.002432899353840111,-1.7275695586356255e-05,3.854321484844756e-05
183,9,1-5,adjust,0.0009691289190820162,4.257888074377087e-05,9.554921006790718e-05
184,2,1-7,adjust,0.0012804246352892783,-3.0581484001935756e-05,3.0168630606635242e-05
184,3,1-7,adjust,-0.0022686695363780054,3.2386985274387174e-05,1.3502248896723941e-05
184,4,1-7,adjust,-0.0026282200892739087,-1.0207351951585969e-05,1.1294905769610471e-05
184,5,1-7,adjust,0.000730176331961945,7.683215678628081e-08,3.092679640593466e-05
184,6,1-7,adjust,0.00215828948146935,-1.0965816993357602e-05,9.961215145353686e-06
184,9,1-8,adjust,-0.0014541178166611742,2.6358968866696097e-05,7.091219565361604e-06
185,2,1-4,adjust,-0.00024290839755364749,4.002076482467229e-06,6.493652856167967e-05
185,3,1-5,adjust,-0.0008271135379011102,-6.664876031824905e-06,6.510087842305138e-06
185,6,1-5,adjust,-0.0016213805376507342,3.1622903529893336e-05,1.5433695837964894e-05
185,7,1-4,adjust,-0.0010630153109902531,-1.663453419654603e-05,1.896830119567935e-05
185,8,1-5,adjust,-0.0002584765016556498,4.04432184303987e-06,6.418558557855365e-05
185,9,1-5,adjust,0.0006110466455516769,-1.1363520755553476e-06,6.305403682881038e-05
186,2,1-7,adjust,-0.0013113017372020721,3.841885030794205e-05,3.411060574738567e-05
186,3,1-7,adjust,0.003599033092714899,1.8094432487415991e-06,4.3542769527111586e-05
186,4,1-7,adjust,-0.00404745899835923,-3.0468356556003073e-05,4.7289610557890325e-05
186,5,1-7,adjust,-0.00028261206621574015,-2.9009432969054607e-05,4.45153873612863e-05
186,6,1-7,adjust,0.0014135403333229745,7.752684366744366e-06,6.602229168103943e-05
186,9,1-8,adjust,0.0003055169823184772,-5.361481634081541e-05,2.8519445615950873e-05
187,2,1-4,adjust,0.0009344045809793117,-7.63552389809467e-05,2.3808079415159557e-07
187,3,1-5,adjust,-0.0027887098828161087,3.711800408839329e-05,8.613726610271178e-06
187,6,1-5,adjust,-0.0011831174974745026,-4.9866608464371505e-05,6.284181530581895e-05
187,7,1-4,adjust,-0.002036231158604388,-6.706329890416372e-06,6.031702211647199e-05
187,8,1-5,adjust,-0.001523587042073715,-9.479375648815401e-07,3.129926110245129e-05
187,9,1-5,adjust,-0.0006086293027396564,-1.2555667609580275e-05,3.440426439720107e-05
188,2,1-7,adjust,0.0007991178174217305,4.67279598668355e-06,5.520549167228033e-05
188,3,1-7,adjust,-0.0027681321372481464,3.1266916076308276e-06,1.8403901610209858e-05
188,4,1-7,adjust,-0.0003418567466821835,1.447284099267653e-05,7.812896051702317e-05
188,5,1-7,adjust,0.0015293833382048836,5.195110018567067e-05,5.168341681985053e-06
188,6,1-7,adjust,-0.0002614464483760035,3.333124337623161e-05,1.4305367313970221e-05
188,9,1-8,adjust,-0.0010691657630029585,-2.191746677474379e-06,7.525403681795099e-06
189,2,1-4,adjust,-0.0019420498693236156,3.3190942380844244e-05,8.982126286363436e-05
189,3,1-5,adjust,-0.0007542600117980345,-4.6646399120453735e-05,5.7616785024460115e-06
189,6,1-5,adjust,0.000929526324643119,6.363294738971115e-07,8.930853029356228e-05
189,7,1-4,adjust,0.0012635109019431454,-3.7104996407123232e-06,1.8045905561563755e-05
189,8,1-5,adjust,0.00047320504955332827,-2.315800504768216e-05,4.9434856517880175e-05
189,9,1-5,adjust,0.0005252216931918561,2.865893754928763e-05,4.8870982206157876e-05
190,2,1-7,adjust,0.00045419602026519905,-2.914588962917573e-05,2.9392733711064756e-05
190,3,1-7,adjust,0.0038734612029942385,-2.06253292102279e-05,0.00010684534832816174
190,4,1-7,adjust,0.0022349111541092614,4.234133551281556e-05,3.160001110874965e-05
190,5,1-7,adjust,-0.006169023118892151,-9.854439519151762e-06,2.5485414960726445e-06
190,6,1-7,adjust,-0.0007527835574088367,-2.6218504462767117e-05,7.300345943769945e-05
190,9,1-8,adjust,-0.0008788251264653532,-3.0322108681924217e-05,5.895211290036359e-05
191,2,1-4,adjust,-0.0006644004142942251,1.3576332966424994e-05,3.632482280768054e-05
191,3,1-5,adjust,-0.0017454576797255182,4.9547803729828295e-05,4.864603494005714e-05
191,6,1-5,adjust,-0.0031610485546325357,-1.5019875379585176e-05,5.119535574569903e-05
191,7,1-4,adjust,0.0018273418760085202,2.8727965608280432e-05,9.403732249797996e-05
191,8,1-5,adjust,0.00044815769488218844,2.2195336388329017e-05,8.746857688280218e-06
191,9,1-5,adjust,-2.8350849930099693e-05,-1.3082828067508239e-05,4.133435730546453e-05
192,2,1-7,adjust,-0.00020294578400168083,4.048634870624386e-06,5.694496370108071e-05
192,3,1-7,adjust,0.0026223820375464576,-3.743679871520687e-06,2.2968558868693556e-05
192,4,1-7,adjust,0.0013061914925095658,1.2604772324977479e-05,1.2031211787397182e-05
192,5,1-7,adjust,0.0011000678680809408,-3.324237871235605e-05,4.881947354124123e-05
192,6,1-7,adjust,0.001863828720645097,1.7122738224178988e-05,5.663489910337102e-05
192,9,1-8,adjust,0.0007611355972082008,-7.010766020408969e-06,3.053129615177662e-05
193,2,1-4,adjust,0.0006605082608870074,-1.2276639459750047e-06,9.60720938182173e-06
193,3,1-5,adjust,-0.0023429987819703958,-4.252603358129446e-06,5.810921100456375e-05
193,6,1-5,adjust,-0.0006846863854733018,-1.1429441995695613e-05,5.234505575409269e-05
193,7,1-5,adjust,-0.0022240093822903676,-1.6989291318290965e-05,8.050031745696224e-05
193,8,1-5,adjust,-0.0004161589266955351,-3.687254809460829e-05,6.074926425844788e-05
193,9,1-5,adjust,0.0008098951574254271,1.9647674581243675e-05,5.0162301385619435e-05
194,2,1-7,adjust,0.0026007847228444697,-5.9567211688026416e-05,4.411571359861995e-05
194,3,1-7,adjust,-0.0020571788302888414,2.910597223782943e-05,7.615555537435427e-05
194,4,1-7,adjust,0.003415600429656679,-1.069595389699174e-05,4.214251628405341e-05
194,5,1-7,adjust,-8.762836635009498e-05,-7.016051416445926e-07,1.9390394108807674e-05
194,6,1-7,adjust,-0.0003108940427004622,-2.866184140432171e-06,4.1169093287918965e-06
194,9,1-8,adjust,-0.0012838589581303345,-1.9133887622904046e-05,7.112979357109231e-06
195,2,1-4,adjust,-0.0005550410284013691,1.3386488422930583e-05,2.686087625599724e-05
195,3,1-4,adjust,0.0018552068484622877,-2.624557329345673e-05,5.921395281040641e-05
195,6,1-5,adjust,1.992175741919735e-05,-9.082781479294612e-06,0.00013618424236560767
195,7,1-5,adjust,-0.0014621375140328578,-4.192914014221641e-05,0.00010026463824516267
195,8,1-5,adjust,-0.002038331017729926,-7.634848504229042e-06,4.638996935398233e-05
195,9,1-5,adjust,-0.0007513479590908268,4.113145111585362e-06,5.9367098195491014e-05
196,2,1-7,adjust,-0.00043378212719286406,-4.79726653311304e-06,8.10109328379055e-06
196,3,1-7,adjust,0.002012757099029303,-7.404863201823382e-05,5.0311825345744466e-05
196,4,1-7,adjust,0.003335706083932835,-2.435216065703424e-05,1.8758935134304633e-05
196,5,1-7,adjust,0.0034199419728827628,3.246763209085031e-05,4.0877323718588036e-05
196,6,1-7,adjust,0.0014006172844450834,-7.3477102422947265e-06,3.936665066607776e-05
196,9,1-8,adjust,0.00012223150159259574,1.4476842655048222e-06,4.2270856973854706e-05
197,2,1-4,adjust,-0.000771133953103194,5.6517752954266815e-06,0.0001183836279278671
197,3,1-4,adjust,0.0015812819188704868,2.2142260775342122e-05,0.00016462158355730913
197,6,1-5,adjust,0.0005624405570786194,2.3902392320025844e-05,7.778083383005252e-05
197,7,1-4,adjust,0.004183833769055363,6.13874398354863e-05,4.298364763985873e-05
197,8,1-5,adjust,0.0006888147434344157,1.8453679554749875e-05,4.8510653918321814e-06
197,9,1-5,adjust,0.0019271953948423297,2.2406875299435585e-05,2.749548423922963e-06
198,2,1-7,adjust,0.0018560533017183078,-1.4061439727718749e-06,2.94782622083439e-05
198,3,1-7,adjust,-2.2002738719085184e-05,7.151588438561062e-06,2.1195120317520775e-06
198,4,1-7,adjust,-0.001268164092439458,-3.5971579187096777e-06,2.3631760609742102e-05
198,5,1-7,adjust,-0.0011681063156275006,-3.413917961274762e-05,3.1363934350833524e-05
198,6,1-7,adjust,0.0007180373643816219,-3.9294105458199567e-05,3.676829835826323e-05
198,9,1-8,adjust,-0.0014486095735533955,-8.334605271128065e-06,7.046758696650299e-05
199,2,1-4,adjust,0.0006886464597843136,-7.03830029553565e-07,4.854612490264936e-05
199,3,1-4,adjust,-0.00018921129848547405,-5.534845088029902e-06,8.325962579362995e-05
199,6,1-5,adjust,-0.0026667063471546857,-2.395395857488107e-06,0.00014385480752372344
199,7,1-5,adjust,-0.0016609889065312359,-4.198401772423965e-05,9.700532731403716e-05
199,8,1-5,adjust,0.0019919463438403005,-2.3699517059974563e-05,5.037427570767123e-06
199,9,1-5,adjust,0.0012437477062531089,-7.246789708683719e-06,2.929482223632337e-05
200,2,1-7,adjust,-0.0006381914304995018,6.609880676019433e-06,1.5022977282137388e-05
200,3,1-7,adjust,-0.0006903683268316232,-7.204039246289182e-06,6.219806596764669e-05
200,4,1-7,adjust,0.0011168165131045255,-3.3482444117970395e-05,2.233712007775109e-06
200,5,1-7,adjust,0.0024926902695314086,1.3748906123458196e-05,5.1973807625576305e-05
200,6,1-7,adjust,0.000673169870119099,-2.5648398515516783e-06,2.894782253156919e-05
200,9,1-8,adjust,-0.00013494263511931685,9.175864244911695e-06,1.5972248987232886e-05
201,2,1-4,adjust,0.0009378179115273954,-2.7850723822311322e-05,6.869429005911115e-05
201,3,1-4,adjust,0.0018709993446157699,-3.24012687404343e-05,0.00010711015024329957
201,6,1-5,adjust,-0.00017123809702003688,4.058821015069342e-05,4.482206072222069e-05
201,7,1-4,adjust,-0.0007266543298658449,6.1450840006162895e-06,1.388560205516e-05
201,8,1-5,adjust,0.0015969239224129406,3.73453545106144e-05,5.912831380039758e-05
201,9,1-5,adjust,-0.0011195440478969385,2.8397828648243237e-05,4.158852587827074e-05
202,2,1-7,adjust,-0.0005612177694585809,3.7049823163615474e-05,7.408875474529904e-05
202,3,1-7,adjust,-0.0019112801596483796,1.817176305851947e-05,3.2379216246266265e-05
202,4,1-7,adjust,-0.00452963237673885,-6.844337695409173e-06,5.691280732232765e-05
202,5,1-7,adjust,0.003131054370284112,4.357012792954398e-05,2.6845599057474062e-05
202,6,1-7,adjust,0.00043102986235354863,-2.5915185306668774e-05,7.811589893551551e-06
202,9,1-8,adjust,-0.00011940329567096137,-2.3179711589289327e-05,7.291484778316356e-05
203,2,1-4,adjust,-0.0008077038057014139,-1.5305770277686335e-06,0.00013436321351403317
203,3,1-5,adjust,-0.0009944315018838923,3.36599362477809e-05,7.174511556622575e-05
203,6,1-5,adjust,0.002668778537799554,4.9183321193940206e-05,0.0001502998604218418
203,7,1-5,adjust,0.0020619634114672344,2.112398798516793e-05,8.343246705616529e-05
203,8,1-5,adjust,0.0015209818109202236,1.894087086690362e-05,0.0001148946075132756
203,9,1-5,adjust,0.0013944576838655998,1.885482751646837e-05,6.882072282796069e-05
204,2,1-7,adjust,-0.0007167479710434363,1.285323906822834e-06,6.463758268745074e-05
204,3,1-7,adjust,0.0010137369170804486,1.726201640327175e-05,2.8003423898775866e-05
204,4,1-7,adjust,0.002022585120983039,1.2413495640540135e-05,9.713663977317713e-05
204,5,1-7,adjust,0.0012582269182414487,1.4528795591882665e-05,5.990731297221722e-05
204,6,1-7,adjust,-0.00112301566697406,-9.799556426166953e-06,1.9126740591056423e-05
204,9,1-8,adjust,-0.00014233266927108658,4.827572192193051e-06,6.460348851927992e-05
205,2,1-4,adjust,5.362133701691009e-05,2.414857107626273e-05,8.777367609962292e-05
205,3,1-5,adjust,-0.0003684942799224955,5.2827987539673e-06,3.36715774547539e-05
205,6,1-5,adjust,0.002942698191069403,2.014252415779354e-05,7.190048953954248e-07
205,7,1-4,adjust,-0.0007421354440424268,1.170066370219759e-06,6.830602870850414e-05
205,8,1-5,adjust,-0.0006573084583397438,6.068651197422061e-06,2.1750114418388857e-05
205,9,1-5,adjust,0.00036998182431584623,1.4984638523529932e-05,0.0001438173730729298
206,2,1-7,adjust,-0.0009034117069788627,1.4323478623184888e-05,9.412783646290346e-06
206,3,1-7,adjust,-0.00037239675775695087,6.935489196044469e-06,6.733942567133766e-05
206,4,1-7,adjust,-0.0018635374825702305,9.082769395301785e-06,4.162779835607535e-05
206,5,1-7,adjust,0.0026374216299499815,1.2634854926591758e-05,3.9914380666430145e-05
206,6,1-7,adjust,-0.0015520881196949632,1.8862883038956247e-05,6.835699747812235e-06
206,9,1-8,adjust,0.00017200382363380428,5.4638602282074685e-06,9.080040042418013e-05
207,2,1-4,adjust,0.000496927598336847,-7.476845339463802e-05,6.0031108586048514e-05
207,3,1-5,adjust,-0.001619756050676968,-4.699522049136556e-06,4.687752934812565e-05
207,6,1-5,adjust,0.0031830730295543514,-3.2010371133293274e-05,0.00011236460652761703
207,7,1-5,adjust,0.0029267930534597523,1.3088508702305536e-05,8.083052919789461e-05
207,8,1-5,adjust,0.004398153211403113,1.8806748728061094e-05,9.566834948315512e-05
207,9,1-5,adjust,0.0010686578734537201,7.803741986999367e-06,0.00011689844140032724
208,2,1-7,adjust,-0.0009554131391552973,6.19351685896396e-05,0.00011335364581849228
208,3,1-7,adjust,0.0013540912090229298,2.352535654227662e-05,3.5803892507476395e-05
208,4,1-7,adjust,0.002783499725336004,2.090423909532571e-06,2.0658132378297808e-05
208,5,1-7,adjust,-0.002397988164716826,-1.8631477263676467e-05,5.713215057802634e-05
208,6,1-7,adjust,-0.00029686275497008103,-3.379035770077191e-05,7.910012604630452e-05
208,9,1-8,adjust,0.00140812088011978,1.2124513325906266e-05,0.00010919999050650082
209,2,1-4,adjust,0.0013310409513395975,-1.622529404547197e-05,5.7390250324009626e-05
209,3,1-4,adjust,0.001320661274503743,-3.45270809951629e-05,7.109504554567519e-05
209,6,1-5,adjust,0.00112961018276503,2.064745068249923e-05,3.8671161428728874e-05
209,7,1-4,adjust,0.0035743677683547767,-1.0298358975583001e-06,8.450017477752606e-05
209,8,1-5,adjust,-0.0017165949226232288,-2.2511652883884832e-05,5.341369535584681e-05
209,9,1-5,adjust,-0.0004691490118073582,-3.108713444232023e-05,6.06652873227938e-05
210,2,1-7,adjust,-0.0020092981295679146,3.134920154009812e-05,3.382700582823634e-06
210,3,1-7,adjust,-0.000861655009143524,-3.3241720146222436e-05,0.00015735694450917897
210,4,1-7,adjust,-0.00019819902752343048,8.918065347492994e-06,3.5548591205471405e-05
210,5,1-7,adjust,-0.0003878873341017553,1.5746284193748172e-06,6.564148990375883e-05
210,6,1-7,adjust,0.0007796969771034179,-2.5840533751198035e-05,6.623052332259464e-05
210,9,1-8,adjust,-0.0008567984068461738,1.55806143979351e-05,1.6396985937486645e-05
211,2,1-4,adjust,0.0009836980421162663,-2.070175635479805e-05,0.0001158937053624874
211,3,1-5,adjust,-0.0002851271596370819,2.2459777679440037e-05,5.031486365056959e-05
211,6,1-5,adjust,0.0005714049228269745,1.3971980550955853e-05,1.8586869799456118e-05
211,7,1-4,adjust,-0.005611062858900264,2.6018274199243376e-07,9.5147451203068e-05
211,8,1-5,adjust,0.0010445000657041596,4.450325725659173e-06,9.269420485817328e-05
211,9,1-5,adjust,0.0006114487615681433,-1.1858512040980587e-05,8.141386693398586e-05
212,2,1-7,adjust,-5.5352053882073426e-05,6.014322402398462e-06,1.8962706015762328e-05
212,3,1-7,adjust,-0.0013675868117847894,5.2923883005578075e-05,2.5013827973450177e-05
212,4,1-7,adjust,-0.0022645662303669416,-3.719607947658308e-05,6.346089318518383e-05
212,5,1-7,adjust,-0.0005503397911048495,-2.019352841267263e-06,5.790813400454606e-05
212,6,1-7,adjust,-0.003011483911402386,1.5893066749800218e-05,3.750425565285614e-05
212,9,1-8,adjust,0.00020539340009728219,6.555289661797375e-05,0.0001332111418840936
213,2,1-4,adjust,0.0006725102296247207,-2.1898164904127533e-05,5.343818378265893e-05
213,3,1-4,adjust,0.0008974432002062864,-3.503883132600832e-05,7.311572442671838e-05
213,6,1-5,adjust,0.0017442549158285443,-1.943917524138971e-06,0.00013449734112654338
213,7,1-5,adjust,-5.7006568480097485e-05,1.7921586335595053e-05,8.512316761856313e-05
213,8,1-5,adjust,-0.00029001566382075197,2.6367495184353066e-05,8.026198926553654e-05
213,9,1-5,adjust,-0.0006815367630793539,-4.514576076311292e-05,0.00010633458078476754
214,2,1-7,adjust,0.00022430383441279797,4.018545938441748e-05,5.825697862083811e-05
214,3,1-7,adjust,-0.0036734643576997092,4.870537193525016e-05,3.011895181684204e-05
214,4,1-7,adjust,-0.0006930283145877438,-1.4114805213136052e-05,8.901277220797045e-06
214,5,1-7,adjust,-0.004762534748629532,-5.9272083235239174e-05,9.53718406342309e-06
214,6,1-7,adjust,-0.002741437966753563,-1.4255258191777025e-05,1.2654365136495165e-06
214,9,1-8,adjust,0.0008179761992065519,4.618844774073274e-05,0.00010872336525397951
215,2,1-4,adjust,0.0005867469986472949,-3.429915344935761e-05,3.3008766455108114e-05
215,3,1-5,adjust,0.0028446532845446196,-2.4280574151444874e-05,1.075334217152278e-05
215,6,1-5,adjust,-0.0027465614738568372,8.85742792600623e-07,5.69261045971733e-05
215,7,1-5,adjust,1.4691671897037774e-05,-5.690319084733969e-05,9.99229148694116e-05
215,8,1-5,adjust,-0.0025674715462497577,-1.3871080049136166e-05,9.312349559447256e-05
215,9,1-5,adjust,-0.0022166658311442763,-3.769768513518846e-05,4.4115420626072534e-05
216,2,1-7,adjust,0.00047306015994629994,1.4573547725356822e-05,6.108645751746847e-05
216,3,1-7,adjust,-0.0006136392722092183,-7.849023249632636e-06,8.33063091007977e-05
216,4,1-7,adjust,0.002818379397228006,2.532421586773927e-05,3.2352007877655245e-05
216,5,1-7,adjust,0.0032226903294005783,1.4146626908859072e-05,4.831869706788515e-05
216,6,1-7,adjust,0.00035614255390561044,-1.0344664895031817e-05,7.532763207347049e-06
216,9,1-8,adjust,0.000806126524895521,2.0709283054656632e-05,0.00014638550966364225
217,2,1-4,adjust,9.889304831091281e-05,3.635613275086003e-05,3.9694496646077606e-05
217,3,1-4,adjust,0.000943036302759819,-5.6904186321376536e-05,7.896400837762577e-05
217,6,1-5,adjust,0.00028364226680078564,1.1370371998118437e-05,2.636343871111367e-05
217,7,1-4,adjust,-0.0032062792445308594,2.704644259358969e-05,1.2607635530106746e-05
217,8,1-5,adjust,-0.0024049358415968274,-4.0502448300240266e-05,6.9458549965066245e-06
217,9,1-5,adjust,-0.0011870636822148037,-4.658321478806013e-05,1.1024941388913625e-05
218,2,1-7,adjust,-0.0015784716528932227,-2.3788019960195887e-05,3.0071589319638056e-05
218,3,1-7,adjust,-7.416203213887484e-05,3.598635988209937e-05,8.093915908924057e-07
218,4,1-7,adjust,0.0007270141161548353,3.773514628384204e-05,1.6371744569939428e-06
218,5,1-7,adjust,-0.002029728564088905,6.139089008612794e-05,6.954094405633829e-05
218,6,1-7,adjust,-0.0019051200652325732,1.8980929642228213e-05,7.112762974797103e-05
218,9,1-8,adjust,4.153445335182402e-05,-1.1427988329922206e-05,2.314521432645138e-05
219,2,1-4,adjust,0.0008070137083766596,-4.644816862098263e-06,3.87122743817644e-05
219,3,1-4,adjust,0.0014044122567242368,-2.2453790167700737e-05,0.00017431784600923863
219,6,1-5,adjust,0.0015607541086869695,-3.5212779974127455e-05,8.888378337156116e-06
219,7,1-4,adjust,0.0011436198676946813,-1.857875901285202e-05,2.8515781236908438e-05
219,8,1-5,adjust,-0.00017735901152501817,3.609770646646956e-05,5.2671589402181925e-05
219,9,1-5,adjust,-0.0002777272377804054,-1.3639046739142851e-05,2.0980188926378816e-05
220,2,1-7,adjust,-0.0015393214502370865,2.171228949729444e-05,2.305039410247632e-05
220,3,1-7,adjust,-0.0018616328832746023,6.108921231482037e-06,3.826938302708558e-05
220,4,1-7,adjust,0.0003734250185948266,-1.4253335162297549e-05,6.50449864947475e-05
220,5,1-7,adjust,0.0010455548707914983,-3.703532319573066e-05,9.075180470909962e-05
220,6,1-7,adjust,-0.0007239598788083284,4.16063713375356e-06,5.977206778712384e-05
220,9,1-8,adjust,0.00010623441884514665,-3.179857441262551e-05,1.092991544042919e-05
221,2,1-4,adjust,3.3761501431639114e-05,5.57360077091873e-06,1.1885794727157334e-05
221,3,1-4,adjust,0.002040850882419233,-1.2645136828640112e-05,5.100591267451702e-05
221,6,1-5,adjust,0.001271309676701435,2.391201906952401e-05,7.491817483094981e-06
221,7,1-4,adjust,-0.0006269300426963539,2.3395473851036014e-05,6.0057598996413564e-05
221,8,1-5,adjust,0.0009174518095335449,-1.1235411650197526e-05,5.254194004937066e-05
221,9,1-5,adjust,-0.0009736367193281357,-3.6988580928753404e-05,3.475369103529539e-05
222,2,1-7,adjust,0.0006138366161358203,1.4863001090467795e-05,2.3768781355300977e-05
222,3,1-7,adjust,-0.00101051497060373,3.801080718213916e-05,2.077589006744032e-05
222,4,1-7,adjust,-0.004146382873743516,1.4876282746305825e-05,5.931927496117068e-05
222,5,1-7,adjust,-0.0010970219079272816,1.5733179778548955e-06,6.921010412038511e-06
222,6,1-7,adjust,-0.0048623909211139415,-6.248014621696711e-05,2.8325836119429495e-05
222,9,1-8,adjust,0.001151997542269338,7.487793390182893e-05,7.429497050568144e-05
223,2,1-4,adjust,-0.0008525117371792785,-1.4328911932957205e-05,8.289849380526979e-06
223,3,1-5,adjust,-0.0012630310263390425,4.119011484281564e-05,7.268518299119324e-05
223,6,1-5,adjust,0.003428867565056601,3.267425803222359e-05,5.1357694157269286e-05
223,7,1-4,adjust,0.0028721564517142,4.484497475090523e-06,2.254213530714527e-06
223,8,1-5,adjust,-0.001576909206624054,-4.155949972295628e-05,6.428746228308675e-05
223,9,1-5,adjust,-0.0005013305186134639,-2.1864811409711163e-05,1.1848664827133548e-05
224,2,1-7,adjust,0.0009193702605742836,-1.5095958028636391e-05,5.558896928938041e-05
224,3,1-7,adjust,3.9324828418665844e-05,-3.4569314032746923e-05,5.009153159394743e-05
224,4,1-7,adjust,-0.0002551966474488292,1.6874626954918636e-05,4.6955644925220345e-05
224,5,1-7,adjust,0.003197888839345976,1.7682960125117673e-05,3.327200475467351e-05
224,6,1-7,adjust,0.0007243780185146738,3.859898755309502e-05,2.901000202471556e-06
224,9,1-8,adjust,-0.0011481736865045793,9.40479353187708e-06,5.746369068023758e-05
225,2,1-4,adjust,-0.0003977412655398115,1.2167569612278253e-05,3.122582591884875e-05
225,3,1-5,adjust,-0.000638958879285217,-6.15662744483825e-06,2.847500104548288e-05
225,6,1-5,adjust,0.0027001582512987572,-4.3384916597874807e-05,2.1341176530431757e-05
225,7,1-5,adjust,0.00420256290787452,3.4948206652173894e-05,8.528267448283318e-05
225,8,1-5,adjust,0.0033040583792781704,5.688869505738282e-05,7.497257279350193e-05
225,9,1-5,adjust,0.0012603987731156544,-5.833083559547525e-07,2.0617326042191447e-05
226,2,1-7,adjust,-0.0015846264425745042,3.2143571140334774e-05,4.0531826300437465e-05
226,3,1-7,adjust,0.001001256769611927,-5.812516370961166e-06,2.5190384484313668e-05
226,4,1-7,adjust,-0.0035781546412372504,-2.3392846332976038e-05,3.684803153112102e-05
226,5,1-7,adjust,0.001142557681641774,-3.3584642428404238e-06,4.911113260521383e-06
226,6,1-7,adjust,0.0014768539144590575,-4.797395818905025e-06,5.426146946882333e-05
226,9,1-8,adjust,0.0019678382374602485,4.597466549019475e-05,7.4184710111614785e-06
227,2,1-4,adjust,0.000779154311271947,-1.2084580348432774e-05,3.029819305281447e-05
227,3,1-4,adjust,-0.0017917324667991498,-5.3920984443102204e-05,7.14438574677877e-05
227,6,1-5,adjust,0.00023973656804935573,2.1777877747660943e-05,0.00012949153790700065
227,7,1-5,adjust,0.001643717444685301,5.2747900128953634e-06,6.70188737883087e-05
227,8,1-5,adjust,0.0020368965117713847,-4.3307983280321305e-06,9.548217781912029e-05
227,9,1-5,adjust,-0.0009144766022860931,-4.618612180310579e-06,2.6363371184612372e-05
228,2,1-7,adjust,-0.0008980043341237531,1.3889662249685697e-05,7.407448927676857e-06
228,3,1-7,adjust,-9.214875195706428e-06,4.3256613792616905e-05,2.669293821672932e-06
228,4,1-7,adjust,0.001758734838143056,-2.02524066597407e-05,5.015224273232057e-05
228,5,1-7,adjust,-0.0015060678545483965,-2.7442416266406885e-05,3.130255189770951e-05
228,6,1-7,adjust,0.000608607158481915,3.491293851229877e-06,1.2864193313622281e-06
228,9,1-8,adjust,0.0005976385763526102,5.966717468422068e-06,5.354623994738291e-05
229,2,1-4,adjust,0.0005633124484697665,-1.9339807163972182e-05,4.140452848423656e-05
229,3,1-5,adjust,-0.000310891145838685,1.6986047859274994e-05,1.9140216618279795e-05
229,6,1-5,adjust,0.0004811162505282505,-3.85895129588328e-05,4.0393432854583114e-05
229,7,1-4,adjust,-0.00598718367610879,-1.5165243009742945e-05,8.099682654431001e-05
229,8,1-5,adjust,-0.0012336347423447728,-4.209902536736299e-05,6.196490458201893e-05
229,9,1-5,adjust,-0.0010649362640285968,-6.139501593987228e-05,6.100301207125002e-06
230,2,1-7,adjust,-0.0017057450788764423,-1.8181867957438509e-06,8.176677706778175e-05
230,3,1-7,adjust,-0.0007512779248237671,-5.367250243081433e-06,5.1930922354318586e-05
230,4,1-7,adjust,-0.005355131042152839,5.6508782182573894e-05,6.0465073724625354e-05
230,5,1-7,adjust,-0.002916297509926045,-5.189251144822951e-06,2.5578534225589464e-05
230,6,1-7,adjust,-0.002131707102263501,2.1858181960154646e-05,3.120912605759755e-05
230,9,1-8,adjust,3.244018878831206e-05,2.2254271634129033e-05,1.4406777650936192e-05
231,2,1-4,adjust,0.0013162856575913713,3.6327046028097606e-05,6.100530780124669e-05
231,3,1-4,adjust,-0.0020722954948913406,1.312400505801586e-05,5.287641624036394e-05
231,6,1-5,adjust,-0.0018230307958403199,1.8789592073010817e-05,7.138234909262506e-06
231,7,1-5,adjust,0.00037440175943554305,-4.323822061656092e-05,6.645610408808056e-05
231,8,1-5,adjust,-0.002160403279354313,-2.1749938941747494e-05,5.808343475714129e-05
231,9,1-5,adjust,-0.0020317872265649853,-4.285251376380849e-05,5.044666789881135e-05
232,2,1-7,adjust,0.0010329611805973634,-2.3422296546126814e-05,1.4277432287373641e-05
232,3,1-7,adjust,0.0015571222318680928,6.892678818215555e-06,2.0055746954950977e-05
232,4,1-7,adjust,0.006499933625252234,-4.134073832161464e-05,2.863127489864209e-05
232,5,1-7,adjust,-0.00018051689382912977,-1.2611393471782391e-05,1.761922260829364e-05
232,6,1-7,adjust,-0.00041467432318864584,-1.312881830056398e-05,2.8167648487269102e-05
232,9,1-8,adjust,0.001267817244483816,2.825127261744358e-05,4.919046795822719e-05
233,2,1-4,adjust,-0.0005962770985394461,-1.4538132818251977e-05,4.466684543293861e-05
233,3,1-5,adjust,0.002355525066040524,1.3084188124073254e-05,3.397070465628772e-05
233,6,1-5,adjust,-8.955514460174844e-06,-5.632591532604054e-05,1.596456110275814e-05
233,7,1-4,adjust,-0.0004933888249582539,7.774635175412986e-07,4.967068640940411e-05
233,8,1-5,adjust,-0.0016265494941840734,1.4538974578398642e-05,2.777791573484232e-05
233,9,1-5,adjust,-0.0002203578570610787,2.6049599575691458e-05,1.0033809304191097e-05
234,2,1-7,adjust,0.0001003156140347416,-6.280074279874476e-06,5.076858527076931e-05
234,3,1-7,adjust,-0.0015583223318576095,4.123420132697176e-05,3.0986224629800237e-06
234,4,1-7,adjust,0.00090185210880827,-7.870433344432613e-06,3.769867794073978e-05
234,5,1-7,adjust,0.0024366565288017577,1.400826327076188e-05,4.473676266000218e-05
234,6,1-7,adjust,0.0002958953899192491,3.699344025708571e-05,1.948091074225856e-05
234,9,1-8,adjust,0.0004829859697225625,-2.0868336757377742e-05,8.398942137741025e-06
235,2,1-4,adjust,0.0018932672912003229,-1.991599166906947e-05,0.00010226894566996446
235,3,1-5,adjust,0.0015221747551646952,-4.448236733871186e-05,1.7513236192568016e-05
235,6,1-5,adjust,-0.0005303677888399527,1.5065720117468686e-05,8.10430348666341e-05
235,7,1-4,adjust,-0.0011453212130842843,-3.6714347306630085e-05,9.965507494116209e-05
235,8,1-5,adjust,0.0015329287876807104,8.509531622237478e-07,7.648451836312462e-06
235,9,1-5,adjust,0.0016566394461276432,2.6760061072777018e-05,4.363831893028461e-05
236,2,1-7,adjust,-0.0009273714109328586,-8.35195417430922e-06,3.047159114291159e-05
236,3,1-7,adjust,0.0008615557429983278,-2.763016213424269e-05,1.0639319301356696e-05
236,4,1-7,adjust,0.0006345005479677202,1.4372591400956761e-05,2.265393406222695e-05
236,5,1-7,adjust,-0.0008374768150191242,-5.490250263085884e-05,1.7813158554203817e-05
236,6,1-7,adjust,0.0012319172667787327,5.996415349151538e-05,3.581575449909377e-05
236,9,1-8,adjust,-0.0003888542331486635,1.1011825644221478e-05,6.932214346139875e-05
237,2,1-4,adjust,-2.5825901570568677e-05,-2.6162160291523826e-05,1.6210262076239947e-05
237,3,1-5,adjust,0.0014490062771454226,-1.5194393855650981e-05,4.367220488519966e-05
237,6,1-5,adjust,-0.002127718608778916,-3.9472000166235296e-05,3.20479266669768e-06
237,7,1-5,adjust,-0.0009900491806219124,2.695874864516452e-05,7.424099257085317e-05
237,8,1-5,adjust,-0.0008369141261390084,1.3428458388932364e-05,5.4484881519347164e-05
237,9,1-5,adjust,-0.0009396162912331527,-1.1856421308506374e-05,9.059905563779508e-07
238,2,1-7,adjust,-0.00017435559510760123,2.3339086364723347e-05,4.141612963418619e-05
238,3,1-7,adjust,0.001324576825840911,2.676751763466757e-06,5.5288484224826736e-05
238,4,1-7,adjust,0.0034629705058062095,-2.5297703918143093e-06,3.111340422439557e-05
238,5,1-7,adjust,-0.0027592721590391353,4.815112294600993e-05,8.52526567332013e-07
238,6,1-7,adjust,-0.0008872232742075601,-3.8877086659126476e-05,3.7812629897907024e-05
238,9,1-8,adjust,-0.0009960818682133359,-1.7701411049591522e-05,2.5175151633829e-05
239,2,1-4,adjust,6.171614689145724e-06,2.098388639273224e-06,6.853347204818059e-05
239,3,1-4,adjust,0.00038860914019285016,-1.0253778035607937e-05,0.00011097890178856681
239,6,1-5,adjust,-0.0007143386468335682,-1.7781973087258478e-05,0.00010828038446964546
239,7,1-4,adjust,0.0012103714480380017,-3.280324737996451e-06,5.784739358292857e-05
239,8,1-5,adjust,0.0007063463205909259,-1.1926380641844008e-05,1.8003660547703206e-06
239,9,1-5,adjust,0.0013940812384658824,2.0381175254217544e-05,2.2213141521422415e-05
240,2,1-7,adjust,-0.00016835957755953574,1.1363937420211262e-05,2.45766922217223e-05
240,3,1-7,adjust,-0.001888957356802716,-3.7714252272073835e-05,6.11072852431607e-05
240,4,1-7,adjust,0.0020340871643217697,-1.0356464255587392e-05,4.56692946168891e-06
240,5,1-7,adjust,0.0036565447350252146,-8.768930177241243e-06,3.679793794997558e-06
240,6,1-7,adjust,0.0002118111370105864,5.157111195580197e-05,2.536867591823305e-05
240,9,1-8,adjust,-0.00023306387194732133,-2.4100015625698177e-05,4.593881541400185e-05
241,2,1-4,adjust,0.0012325201448929982,-9.192283729784803e-05,0.00013146304098415518
241,3,1-4,adjust,0.0030720963406919324,1.8231401563506075e-05,0.00010020153819554961
241,6,1-5,adjust,0.0015426949936907005,-1.2970304331851367e-05,7.17616440264093e-05
241,7,1-4,adjust,-7.420421060256272e-05,1.5120972742618587e-05,1.8973531965930615e-05
241,8,1-5,adjust,0.0010412551638283073,-8.208881799957062e-06,6.425581799113991e-05
241,9,1-5,adjust,-0.0008675586625809153,-9.680473394840608e-06,3.956160313275373e-05
242,2,1-7,adjust,0.001727307547254512,-1.0913617069233415e-05,9.8957409696576e-05
242,3,1-7,adjust,-0.0022130557279176305,2.844360754705201e-05,4.01146731012453e-05
242,4,1-7,adjust,-0.005420782637899536,1.5470165785433466e-05,3.174706857607374e-05
242,5,1-7,adjust,-0.0016832043732073285,-4.0294843630977994e-05,1.017539269775301e-06
242,6,1-7,adjust,-0.0002523765066014632,-1.832228035591091e-05,4.488472972987639e-05
242,9,1-8,adjust,0.00037315076454213776,4.803720054782444e-05,2.158187265818961e-05
243,2,1-4,adjust,-0.0017951362776978622,4.175617913282651e-05,3.612896720773358e-05
243,3,1-5,adjust,-0.0006994026465044119,-2.729067267613891e-05,2.4241373986617388e-05
243,6,1-5,adjust,9.13275617722104e-05,-1.9577026143502797e-05,1.1815143814673116e-05
243,7,1-4,adjust,0.005806654889680827,5.92010062785208e-06,9.24758040065697e-05
243,8,1-5,adjust,-0.005105832576874805,-1.9924070882070814e-06,6.935291383457303e-05
243,9,1-5,adjust,-0.0015124772267951932,-8.66974666096164e-05,8.844397400084342e-05
244,2,1-7,adjust,-0.0017510532732286372,6.446641792215031e-05,1.9341692471782447e-05
244,3,1-7,adjust,-0.0012840891132983173,4.400206447508795e-05,2.4007651931925296e-05
244,4,1-7,adjust,0.0010650484445846966,-6.86872037259356e-06,5.3132533685326955e-05
244,5,1-7,adjust,0.002375398282127955,3.633471967048283e-05,1.632442679656894e-05
244,6,1-7,adjust,0.0035136851592441343,4.3920342926168114e-05,3.38680369287947e-05
244,9,1-8,adjust,2.6725692984385962e-05,-1.1854907242182115e-05,0.00018859646928345592
245,2,1-4,adjust,0.0013421633801967234,-4.4935096099391075e-05,1.5962949660379493e-05
245,3,1-4,adjust,0.0008290479708323918,-5.1669464861963975e-05,9.06329649954064e-05
245,6,1-5,adjust,-0.0008616420256625867,8.562364794069232e-06,3.347420749393665e-05
245,7,1-4,adjust,-0.004067231988017967,8.973563853833289e-06,7.059213590109488e-05
245,8,1-5,adjust,0.0010634745515570255,-2.665490137453977e-05,2.5623062803182256e-05
245,9,1-5,adjust,-0.0006627539613887035,3.520740604413501e-05,2.2951087791398714e-05
246,2,1-7,adjust,-0.00015887142250950684,2.569494574035715e-05,7.630511604808353e-05
246,3,1-7,adjust,0.0007607471251293695,1.4187996437266102e-06,6.155354205016902e-05
246,4,1-7,adjust,0.0037715710859478674,1.1168479964953243e-05,9.680501135082808e-06
246,5,1-7,adjust,-0.0022419545306199278,2.4496347500598264e-05,7.017141290703302e-05
246,6,1-7,adjust,-0.00030690662373928637,3.4160903290393715e-05,9.291708338995896e-05
246,9,1-8,adjust,-0.0007176768336307482,-4.3243606816788074e-05,9.175962373866117e-05
247,2,1-4,adjust,0.0014293444322601998,-2.753277952434079e-05,6.730634396965427e-05
247,3,1-4,adjust,0.0011490115906225475,-3.256334479609273e-05,9.737854155043323e-05
247,6,1-5,adjust,-0.001110016624446896,-1.2637535105522244e-06,1.851405352548048e-05
247,7,1-4,adjust,0.002050383333530864,-1.1075489745302207e-05,4.959232224077932e-05
247,8,1-5,adjust,0.0024728529801870238,3.501625697015612e-05,4.11438598940487e-05
247,9,1-5,adjust,0.0013294282466930608,1.9379251937105935e-05,5.710281401190201e-06
248,2,1-7,adjust,-0.0006812642432066214,-2.4566492595120864e-05,3.920007217495395e-05
248,3,1-7,adjust,0.0014856838303108967,-6.441970984222026e-06,8.87230608108897e-06
248,4,1-7,adjust,-0.0028324471819039664,3.3951328717522956e-05,1.4967515896333355e-07
248,5,1-7,adjust,0.0018294813815754834,-6.061572209004639e-05,5.008026692793471e-05
248,6,1-7,adjust,0.001341204213427177,-2.6308846266135845e-05,2.3162338254497386e-05
248,9,1-8,adjust,0.0009102483678768647,-8.100388568686735e-06,6.238297686882276e-05
249,2,1-4,adjust,-0.0001894152274967962,3.502459855972116e-05,7.991544203845347e-06
249,3,1-5,adjust,-0.0007917736701048331,-9.119085289020402e-06,6.60632904554733e-05
249,6,1-5,adjust,-0.00154173387748835,-2.8344953019459317e-05,9.264973824388664e-05
249,7,1-4,adjust,-0.0013429640117157487,1.5531836235144016e-06,3.349185255990183e-05
249,8,1-5,adjust,-0.0031069773816721218,-2.247623370092839e-05,0.0001039390859301263
249,9,1-5,adjust,-0.001002332396191634,-5.911146917763384e-06,6.214572963343751e-05
250,2,1-7,adjust,-0.00055918604880138,1.3703917832136405e-05,4.621236171267833e-05
250,3,1-7,adjust,-0.0015786914093681864,3.7607676596750314e-05,1.7118549122024582e-05
250,4,1-7,adjust,-0.0028307870262473003,-2.59256204341068e-05,2.6514659678630376e-05
250,5,1-7,adjust,-0.002132744896779679,2.0519662292707592e-05,2.1286682390115665e-05
250,6,1-7,adjust,0.0007134935802384685,1.5446436453663478e-05,4.956714668086115e-05
250,9,1-8,adjust,-1.216445003765337e-05,1.082168817840345e-05,8.825453043026799e-06
251,2,1-4,adjust,0.0003674628964996125,1.1815410026681981e-05,3.5998297046590704e-05
251,3,1-5,adjust,0.0004913697325629469,3.057590036516682e-05,7.256674771187138e-05
251,6,1-5,adjust,-0.00119534273697616,9.711432996777798e-07,2.0881915702727066e-05
251,7,1-4,adjust,-0.0009445176246980014,1.0776390063356098e-05,5.8172100932588925e-05
251,8,1-5,adjust,0.0003709703804082476,-2.1181461408843234e-05,9.601673277513816e-06
251,9,1-5,adjust,-0.0004396323106960091,-8.434139364748999e-06,4.822712724329886e-05
252,2,1-7,adjust,-0.0002778587058396469,2.6486805542620977e-05,0.00011196178431516249
252,3,1-7,adjust,-0.002266910165192361,-2.6867333978585144e-06,5.530313858493396e-06
252,4,1-7,adjust,-0.0017548413407240558,-2.8162519007431524e-05,2.2226703760271044e-05
252,5,1-7,adjust,0.00030319519224515385,3.1406186005602783e-05,2.018881336040776e-05
252,6,1-7,adjust,-0.00034747790560533953,3.057711747488423e-05,2.5639484747642268e-05
252,9,1-8,adjust,5.2796601185911336e-05,-1.0195032703444363e-05,0.00012116179336314467
253,2,1-4,adjust,1.5055515904602074e-07,-2.228657855047042e-05,1.7295311254422792e-05
253,3,1-4,adjust,-0.00022545026559369656,-1.4327198647876585e-07,6.376334091540182e-05
253,6,1-5,adjust,0.0013152018483067773,-2.776559262134357e-06,7.977265501533741e-05
253,7,1-4,adjust,0.00038891392350393056,3.964757341180504e-06,4.374925907754315e-05
253,8,1-5,adjust,0.004016998007636479,2.4920242338701683e-05,1.5565161477924783e-05
253,9,1-5,adjust,0.0013152242647114104,3.652639810996467e-05,5.879670012776525e-05
254,2,1-7,adjust,-0.0005806221028475888,-1.9138485690042616e-05,1.1378299848656112e-06
254,3,1-7,adjust,-0.0017181654245746268,2.4905852080221525e-05,3.94169874598581e-05
254,4,1-7,adjust,-0.001138865916322915,2.0324002461417128e-05,6.1400791635546835e-06
254,5,1-7,adjust,-0.0028380310509938983,1.8176303463024552e-05,2.6069549747560558e-05
254,6,1-7,adjust,-0.0005912149640527329,-2.09744231029003e-05,1.752966558164987e-05
254,9,1-8,adjust,0.000566974301813159,1.3644387798741624e-05,3.571143473131338e-05
255,2,1-4,adjust,-0.0002810475575284804,5.7264041288124665e-05,5.740810305997757e-05
255,3,1-5,adjust,-0.00014563748201741717,-8.667765438888273e-07,2.9913875386035555e-07
255,6,1-5,adjust,-0.0008418507009337089,-1.751688264883083e-05,4.485933489064513e-05
255,7,1-4,adjust,0.0018044609008107235,-2.591765406450475e-05,9.38589902755542e-05
255,8,1-5,adjust,0.0008327987292938592,2.8992917095762175e-05,1.4932289190122277e-05
255,9,1-5,adjust,-0.0003153427258426396,3.808005058161492e-05,1.6744411789697286e-05
256,2,1-7,adjust,-0.001457221963428712,-1.2130495555613233e-05,1.600929794285056e-05
256,3,1-7,adjust,-0.0009570258602845963,1.9154939585484113e-05,3.094672964915608e-05
256,4,1-7,adjust,0.0037892980237069114,4.514477179042218e-06,5.5117650086019725e-05
256,5,1-7,adjust,0.003193532820274214,-3.0915906839470606e-05,6.688787883678104e-05
256,6,1-7,adjust,0.002524009726985128,6.217809653013616e-07,5.908455188681116e-05
256,9,1-8,adjust,0.0008581079957498464,-1.3095481161244095e-05,4.674250907261986e-05
257,2,1-4,adjust,0.0009987717142758373,-5.1034850325911544e-05,1.4440328648874903e-05
257,3,1-5,adjust,0.00194262117359903,-4.917947966241151e-05,1.9910408478856812e-05
257,6,1-5,adjust,0.0004746772594910064,-3.14984608540545e-05,2.6354488375194576e-05
257,7,1-4,adjust,-5.591089207037083e-05,1.4678687804826646e-05,4.8679238832045726e-05
257,8,1-5,adjust,0.0001526479240495815,2.516510287407891e-05,1.3816064516005202e-05
257,9,1-5,adjust,-0.0005983660243374778,-3.1641680450650806e-05,4.842869943836985e-05
258,2,1-7,adjust,-0.0006567647707014573,1.619095913354164e-05,6.3630921527181e-05
258,3,1-7,adjust,0.0015372024527985856,2.025384508269801e-05,1.0291632412586048e-05
258,4,1-7,adjust,-0.0016919863285981126,-1.4743071642242561e-05,9.215219588910768e-06
258,5,1-7,adjust,-0.0004219263015720673,9.28029768954795e-06,2.3492211570822874e-05
258,6,1-7,adjust,0.0013955809032730724,3.094776210798835e-05,1.0729214519576316e-05
258,9,1-8,adjust,0.00031169079769008206,5.7538348699970635e-05,7.614244565194048e-05
259,2,1-4,adjust,0.000677205299966837,8.960411333716302e-06,4.6692800429872556e-05
259,3,1-5,adjust,0.0003263628759034403,2.492013808623796e-05,1.7327451014788086e-05
259,6,1-5,adjust,-0.0026737586562514725,3.830982857156795e-05,4.1739593620915656e-05
259,7,1-4,adjust,-0.0018753789000482558,-3.016970741858248e-05,6.607354977526472e-05
259,8,1-5,adjust,-0.0040145752590611695,-2.8090314333382443e-05,4.45226988032364e-05
259,9,1-5,adjust,0.0006097992118315867,-1.804279265451827e-05,1.8223603715824024e-05
260,2,1-7,adjust,0.0019754104224903,-1.534337254488582e-05,6.216280263292248e-05
260,3,1-7,adjust,-0.0034820553580031384,1.616978255109087e-05,8.001849137725062e-05
260,4,1-7,adjust,3.837196830573496e-05,1.168418316117829e-06,1.306861097090401e-05
260,5,1-7,adjust,0.0016531262794679468,-2.8931058703575544e-06,5.982845956967539e-05
260,6,1-7,adjust,0.0007970878710541959,-1.150618644750109e-05,9.166474124729547e-06
260,9,1-8,adjust,-0.0009289119875297689,-5.7438616999727685e-05,2.8351428019293802e-05
261,2,1-4,adjust,-9.335247692692572e-05,-3.95451346220434e-06,2.0366889584131284e-05
261,3,1-5,adjust,0.0014243270027575869,-2.5283881531204585e-05,1.0807781513395544e-05
261,6,1-5,adjust,-5.345818153515936e-07,-2.472440127058199e-05,1.3722534368900662e-05
261,7,1-4,adjust,-0.0013225175246015122,5.3884210837002324e-05,8.179077094898918e-05
261,8,1-5,adjust,0.0020461535411006736,1.5640952145824498e-05,2.188734355591082e-05
261,9,1-5,adjust,1.8626231587284398e-05,2.7706744643549596e-05,5.925063539782083e-05
262,2,1-7,adjust,-0.0010063645526286666,2.1829740776607435e-05,2.8648477364105785e-05
262,3,1-7,adjust,-0.0031825497092646217,4.589062679606365e-05,6.606050927441179e-05
262,4,1-7,adjust,-0.002629046548395997,-9.939329043063944e-06,5.265491143789914e-06
262,5,1-7,adjust,-0.0050205584907489255,-1.536087322603114e-05,3.4877271587784154e-05
262,6,1-7,adjust,-0.0013787950200494239,1.407001684438648e-05,3.056716454970671e-05
262,9,1-8,adjust,0.0003195031053940299,4.5186009205398987e-05,1.4108362236123946e-05
263,2,1-4,adjust,-0.0006363114311744957,-1.014035920560953e-05,1.5029151160848957e-05
263,3,1-5,adjust,0.0011678088282432457,-2.2960755870854427e-05,6.079093160853252e-06
263,6,1-5,adjust,-0.0025883625583809425,-2.1107833097977004e-05,3.474554047694435e-05
263,7,1-4,adjust,0.0006273419383880994,-3.137277047202315e-05,9.066472080511936e-06
263,8,1-5,adjust,-0.0020992163672873924,-1.313345797359337e-05,3.8670417916023443e-05
263,9,1-5,adjust,-0.0010315354804020047,-4.153420179495529e-05,3.932341991212285e-06
264,2,1-7,adjust,0.001579721330609823,-5.223240347707577e-06,1.679985775619297e-05
264,3,1-7,adjust,0.004190401515588608,-1.0362696105872555e-05,5.035053239612959e-05
264,4,1-7,adjust,0.003911210692005341,4.1863241963615114e-05,2.0644446081578652e-05
264,5,1-7,adjust,0.0017317016152171587,1.663909279693713e-05,2.0423292374714782e-05
264,6,1-7,adjust,0.0011645210154862394,1.1469247203568157e-05,8.128605630791962e-05
264,9,1-8,adjust,-0.0002709830207047499,4.644410313462239e-05,1.4849093721040712e-05
265,2,1-4,adjust,7.272316321485708e-05,9.034194270816997e-06,3.784970032135193e-05
265,3,1-4,adjust,0.00033153144356547985,4.64645431067221e-06,4.929885936111272e-05
265,6,1-5,adjust,-0.0009648122511614414,3.605136021725032e-05,1.3640973871473027e-05
265,7,1-5,adjust,-0.001795478746438447,-3.678865207206372e-05,0.00011718167134555805
265,8,1-5,adjust,0.001597222731333131,-1.0476703840581491e-05,2.537231547184323e-05
265,9,1-5,adjust,-0.00010371465582596232,-3.82562366548185e-05,8.50382991487086e-05
266,2,1-7,adjust,0.0008439026977918372,-1.4211006967179316e-05,5.707543587270341e-05
266,3,1-7,adjust,0.004788801034900817,-2.802931327571346e-05,7.135911525431093e-05
266,4,1-7,adjust,0.0025168880494268694,-3.569490380614162e-05,9.22580210334844e-06
266,5,1-7,adjust,0.002637663476914486,8.383302764603359e-06,6.21025678500808e-05
266,6,1-7,adjust,0.0018922343272750333,1.4444965630450308e-05,8.60466882945297e-06
266,9,1-8,adjust,-0.00010042851205688022,1.8195008290389362e-05,1.9427930150905858e-05
267,2,1-4,adjust,-0.000737807402659469,-2.6354124686005812e-05,4.344928767699366e-05
267,3,1-5,adjust,-0.002738245874024403,1.552385771632575e-05,7.058730898012152e-05
267,6,1-5,adjust,-0.0003513084657211083,-1.2368104124178635e-05,3.281208604871139e-05
267,7,1-4,adjust,0.0003653615463362688,1.5527798078447338e-05,7.196185437483491e-06
267,8,1-5,adjust,0.0015497244399463085,1.2996315009569113e-05,3.4923211735142166e-05
267,9,1-5,adjust,0.0001023065170294059,-2.1486199319230765e-05,2.959901092087357e-06
268,2,1-7,adjust,-0.0003712580008642732,2.4960852247855747e-05,2.6656639539969607e-05
268,3,1-7,adjust,0.0003989628371371397,1.5228364696935846e-06,3.123738997673907e-05
268,4,1-7,adjust,0.0009745232348249916,-8.783395044029597e-06,9.662470106096067e-05
268,5,1-7,adjust,0.0021759906995729066,1.8888980552204186e-06,1.267830188885284e-05
268,6,1-7,adjust,0.0002673809977791993,1.6816870845383846e-06,2.49785437513931e-05
268,9,1-8,adjust,0.0004973377619531794,-1.3827406844375235e-05,3.110117093481973e-05
269,2,1-4,adjust,0.0012547810197207398,-3.765945618038956e-05,9.250634244549355e-05
269,3,1-4,adjust,-0.00024122789769484866,-4.6201267265505876e-05,4.489048973253391e-05
269,6,1-5,adjust,0.0005922854627950704,-8.716816636958806e-06,3.05879896146756e-05
269,7,1-4,adjust,0.0018432934383439353,1.840811834684318e-05,3.869718775365085e-05
269,8,1-5,adjust,-0.0007249278856396074,-1.813713241383869e-05,5.9109362935274735e-06
269,9,1-5,adjust,0.0005789571502661568,9.422324700304405e-06,7.125537527961903e-06
270,2,1-7,adjust,0.00045298154912689226,-1.686465833815092e-05,4.2095077813734524e-05
270,3,1-7,adjust,0.0011433373545605419,6.434420421146305e-06,2.2985033118075154e-05
270,4,1-7,adjust,0.001207346467209167,-1.1670680402550958e-05,1.4891703504930226e-05
270,5,1-7,adjust,-0.0006837314397871516,2.1850137118942888e-05,3.2767467168149854e-05
270,6,1-7,adjust,0.0007543761262961745,9.75099319990777e-06,1.8979456792706744e-05
270,9,1-8,adjust,-0.000468601753070662,2.684443831670411e-06,3.8665397717830115e-05
271,2,1-4,adjust,0.00022908316937765924,1.0106564476461634e-05,8.81525044575351e-05
271,3,1-4,adjust,0.00019406846615881084,-2.3055437704243474e-05,8.484871994766488e-05
271,6,1-5,adjust,0.0009270090872707405,-3.743399517225107e-06,3.387879228424652e-05
271,7,1-4,adjust,0.0029828569706521874,-2.5176835048854992e-05,7.720192856296703e-05
271,8,1-5,adjust,-0.0010480275167486276,1.7525246715291496e-05,3.789121989462255e-05
271,9,1-5,adjust,0.0006656597426867971,2.4859789520623216e-05,0.00011353266703567631
272,2,1-7,adjust,0.0004667549211161089,-1.802975708920804e-05,2.3577024646019483e-05
272,3,1-7,adjust,-0.00218175922651293,1.7918145581623156e-05,1.5001993995718548e-05
272,4,1-7,adjust,-0.0018433340553439966,3.1471103758842525e-05,3.309597670467557e-05
272,5,1-7,adjust,0.0029078884765565034,2.2172502312080333e-06,3.838087404717953e-05
272,6,1-7,adjust,0.002203575220572921,3.937784097883845e-06,5.61065575058027e-05
272,9,1-8,adjust,-0.0001590236002276809,2.15727971595536e-05,1.532828783332655e-06
273,2,1-4,adjust,-0.002081974986353919,3.826910315698679e-05,6.2559294300043e-05
273,3,1-5,adjust,0.0007584394520846322,1.5438796758984253e-05,2.5282924706748706e-05
273,6,1-5,adjust,0.0016809582617386713,-2.537386681721458e-05,3.717083238357517e-05
273,7,1-4,adjust,-0.0009274488868086587,7.454472476195138e-05,4.279049348955602e-05
273,8,1-5,adjust,0.0015793002676610097,2.6592483537363245e-05,8.427861027836724e-05
273,9,1-5,adjust,0.0011325120133677809,-2.1320087286248758e-05,1.2360853011356645e-06
274,2,1-7,adjust,-0.0014177481257604612,5.008067016740934e-05,2.856555550598146e-06
274,3,1-7,adjust,-0.0016971852282610907,3.824273173548175e-05,2.069543934799479e-05
274,4,1-7,adjust,-0.0029337618310035685,3.48185682063603e-06,4.0512288279778874e-05
274,5,1-7,adjust,-0.0038556063453576706,3.5751912984052085e-05,3.3142856533277616e-05
274,6,1-7,adjust,-0.0035052565710106598,-4.027946538056977e-05,3.822010453535498e-05
274,9,1-8,adjust,0.0005042110627499778,1.5708912178580587e-05,4.751445812185313e-05
275,2,1-4,adjust,0.0008524548269615704,4.13306406773812e-06,9.198221657796376e-05
275,3,1-4,adjust,-0.00023861934072917027,-1.9643830667469886e-05,9.836293865307872e-05
275,6,1-5,adjust,0.0007204861883923447,-2.067913399485749e-05,3.768614842722313e-05
275,7,1-4,adjust,0.0002803259133903738,-2.230366658505119e-05,2.4007799319964346e-05
275,8,1-5,adjust,0.00104169370802504,-2.1658605730431154e-05,6.193524150024372e-05
275,9,1-5,adjust,0.0006486226380356367,2.0845419611230675e-05,3.1695798278695195e-05
276,2,1-7,adjust,-0.0018409917274522561,3.211943322573664e-05,5.531979262938775e-05
276,3,1-7,adjust,-0.0005339754565838967,3.638835349735426e-06,2.4351504116066848e-05
276,4,1-7,adjust,0.0010525629145822077,5.237623592569746e-06,7.176967841132527e-05
276,5,1-7,adjust,0.0012440391906265904,-2.6779624149712646e-05,8.402529706987495e-06
276,6,1-7,adjust,-4.7944506559082834e-05,2.0876523018312424e-05,4.1971760792401166e-05
276,9,1-8,adjust,2.5247573509971905e-05,-3.0825307570459584e-05,2.083604484734239e-05
277,2,1-4,adjust,0.00025222155543086933,-1.720339084485201e-05,3.253250364368363e-06
277,3,1-5,adjust,9.396097892483773e-05,-3.368999530304557e-06,5.413945717129486e-05
277,6,1-5,adjust,9.383022420715156e-05,1.9848529672516622e-05,1.380890637937083e-05
277,7,1-4,adjust,-0.0008991810490456979,3.2120291436424294e-05,4.857176525873761e-06
277,8,1-5,adjust,0.00030474789664801605,-1.8648711630482303e-05,9.05698871156782e-05
277,9,1-5,adjust,-0.0001323580368706347,-2.0863257542604173e-05,3.2347471692935884e-05
278,2,1-7,adjust,-0.00048731762403379623,-5.0400332019097435e-06,6.732173645562348e-05
278,3,1-7,adjust,-0.0034236486375644306,6.958142276981853e-05,5.0191054475861215e-05
278,4,1-7,adjust,-0.005764650338816734,1.2852947716607043e-05,1.0717494269186012e-05
278,5,1-7,adjust,-0.0025572856229703887,-4.3533138641904995e-05,1.1614320767325363e-05
278,6,1-7,adjust,-0.0017623450869100519,1.1656852891093215e-05,3.576181777601598e-05
278,9,1-8,adjust,0.00034608169268716423,1.1389372685193674e-05,8.219306961027049e-05
279,2,1-4,adjust,-0.0004245548164746451,1.3101895297866221e-05,5.099076620672116e-05
279,3,1-4,adjust,0.00027394848802874165,-1.434670714369293e-05,8.293598586341039e-05
279,6,1-5,adjust,-0.0011199505967617591,4.8956914191559276e-05,7.099759209502222e-05
279,7,1-4,adjust,-0.0018300216413587066,-5.825858813571684e-06,3.3926179177357e-05
279,8,1-5,adjust,0.0006763690662229322,4.779740964055607e-06,1.2215770008803612e-05
279,9,1-5,adjust,-0.0022713417238969477,3.4706887436586724e-07,3.895567009618422e-05
280,2,1-7,adjust,-0.0005645410218081763,3.47463177107346e-05,0.00011178948355397935
280,3,1-7,adjust,-0.0025440441282496822,-7.603176775463031e-06,2.105943690507958e-05
280,4,1-7,adjust,-0.0034927731847384006,2.4076832878089072e-05,9.968152782614421e-05
280,5,1-7,adjust,0.00041569613846481775,3.1796354921239796e-05,6.683161297581943e-05
280,6,1-7,adjust,-0.001436300951978809,-2.9684574084795817e-05,5.1259445780602995e-05
280,9,1-8,adjust,0.001012971635621134,2.799341679513938e-05,5.6192627050331086e-05
281,2,1-4,adjust,-0.0002602900369973106,1.5602851077543137e-05,6.36759134832717e-05
281,3,1-4,adjust,-0.0010461392828001862,-1.213723188215031e-05,5.847588703905172e-05
281,6,1-5,adjust,0.0012695250587119115,-2.543628338133276e-05,6.088124610360716e-05
281,7,1-4,adjust,-0.0006533478683761132,-4.788720461030291e-05,4.816272199460466e-05
281,8,1-5,adjust,-0.0014239700889009618,3.536109071659748e-05,2.576376618876605e-05
281,9,1-5,adjust,-3.587687271706018e-06,-1.9671470159049336e-05,3.723730072206398e-05
282,2,1-7,adjust,0.002259596279971602,-4.192079467740932e-05,9.579021893178194e-05
282,3,1-7,adjust,0.005600276829953548,-3.6799439333600456e-05,0.00012003405963330248
282,4,1-7,adjust,0.00683442551148339,1.7677824704625053e-05,1.331579752642089e-05
282,5,1-7,adjust,-0.0005181488903692866,-4.1684900449048e-06,4.501749485768619e-05
282,6,1-7,adjust,0.0006173230153366987,6.729182724019208e-06,3.7902845596254676e-05
282,9,1-8,adjust,0.00021323918370529517,-3.2107200668597066e-07,7.787856366874134e-05
283,2,1-4,adjust,0.0004633080901635284,3.108195395393129e-05,0.00011068768909009638
283,3,1-4,adjust,-0.000550078987392821,-5.091911893742051e-06,5.4945003222689005e-05
283,6,1-5,adjust,-0.0010431544523922761,1.9274876619115546e-05,2.6347606520272246e-05
283,7,1-4,adjust,-0.00034160794182311034,2.3999472469601805e-05,2.0922897363946806e-05
283,8,1-5,adjust,-0.0031306516603723323,-1.2513554581265134e-05,2.6805061891098393e-06
283,9,1-5,adjust,-0.0006099796408468488,-1.595040762102182e-06,6.309226380492663e-06
284,2,1-7,adjust,-5.812888884685159e-06,-3.6828829942525315e-05,2.444959150164002e-05
284,3,1-7,adjust,0.0006810534349531518,3.604535248795593e-05,1.4950278672565939e-05
284,4,1-7,adjust,-0.0018462808711264753,-6.3314485013665354e-06,4.147922666566125e-05
284,5,1-7,adjust,-0.001347912461013217,1.2756331396291407e-05,6.566991008675827e-06
284,6,1-7,adjust,-0.00030005528616483453,1.3172622283613468e-05,6.438347568991283e-06
284,9,1-8,adjust,-0.0010509987834082467,-1.6566156836718963e-05,4.855326471131805e-07
285,2,1-4,adjust,-0.0008920573602122037,-7.871921001542864e-06,4.8826015179900295e-05
285,3,1-5,adjust,-0.001999818925634122,-3.9270590060675175e-05,3.811302207416478e-05
285,6,1-5,adjust,0.000839851126653784,-2.9514090424457082e-05,8.186995863516594e-05
285,7,1-5,adjust,0.0018723989612603699,4.334436086033178e-05,9.211146639069626e-05
285,8,1-5,adjust,0.0006715241797125533,1.8682877489601656e-05,6.12041991146663e-05
285,9,1-5,adjust,-0.0010927337206171964,-1.722221266000386e-05,3.455206190607461e-06
286,2,1-7,adjust,-0.000552969737191242,-5.961293689129854e-06,4.174500131363732e-06
286,3,1-7,adjust,-0.001988362617439112,4.679491040964025e-05,7.174656332656537e-06
286,4,1-7,adjust,0.0004346501341342522,-9.441571657821913e-06,3.1695560440564737e-06
286,5,1-7,adjust,-0.0013575615001523644,-4.045390965447787e-06,2.1662797895471282e-05
286,6,1-7,adjust,-0.0011900082851151524,-5.80254763253382e-05,4.4176105659842616e-05
286,9,1-8,adjust,0.0008248850626803892,1.338641270554457e-05,5.113358016666648e-05
287,2,1-4,adjust,-0.00020831177689567047,1.55599185458969e-05,7.099342395632311e-05
287,3,1-4,adjust,0.0003648403060778155,-3.4350872072312877e-06,7.610700521217659e-05
287,6,1-5,adjust,-8.905114933645765e-05,3.656034279523392e-05,4.169504471312035e-06
287,7,1-4,adjust,-0.0010815940197289665,-9.167425329622629e-06,1.807904127350012e-05
287,8,1-5,adjust,-9.414111849393879e-05,-1.1968095101465266e-05,6.14103480549798e-05
287,9,1-5,adjust,-0.00018504453947411494,1.4759162947747018e-06,1.3956845657017882e-06
288,2,1-7,adjust,0.001552883353083676,-2.617723363630025e-05,5.01241964589674e-05
288,3,1-7,adjust,0.0020681737132895246,8.004240579653336e-06,7.3430712596518665e-06
288,4,1-7,adjust,-0.0003124985077816804,5.966969711366548e-06,3.0379011927328254e-05
288,5,1-7,adjust,-0.0022793432249606604,-4.129192832032749e-06,2.56375596763632e-05
288,6,1-7,adjust,-0.00029283925383929293,-2.813436472484143e-05,7.414687600962717e-05
288,9,1-8,adjust,0.0002631000061330136,1.9638770362582515e-06,3.161846327022956e-05
289,2,1-4,adjust,-0.0015371940935426272,5.164553390830321e-05,1.154896157259352e-05
289,3,1-5,adjust,-0.0008392351958212595,-1.8773876993413157e-05,2.5290958018843794e-06
289,6,1-5,adjust,-0.0011569665506982734,3.126971251568661e-05,8.857691397980436e-05
289,7,1-4,adjust,0.0010383718525687935,2.0422051753653377e-05,7.219056464655491e-05
289,8,1-5,adjust,-7.510555148818847e-05,-2.4097305841172317e-05,4.771058271601236e-05
289,9,1-5,adjust,0.0006675026531735109,8.961487400632606e-06,3.851428744096522e-05
290,2,1-7,adjust,0.0002728098462792719,-4.3993000596420086e-05,4.741809302116037e-05
290,3,1-7,adjust,-0.0025124180076620704,2.808958644193461e-05,1.758925240199121e-05
290,4,1-7,adjust,-0.0017853154945983044,-4.672073919328685e-05,1.0672908016782304e-05
290,5,1-7,adjust,-0.00025036667114553636,-1.9975001945126942e-06,8.346536778956093e-05
290,6,1-7,adjust,0.00029654426619235113,-6.74156298039807e-06,4.201985871714986e-05
290,9,1-8,adjust,-0.000624753777720559,-3.2462407940145675e-05,0.00010796656491923557
291,2,1-4,adjust,0.0019054388270705,8.876417909560344e-06,0.00011635641390595191
291,3,1-4,adjust,0.0013722481198014938,-2.0867563205580072e-05,5.670104396706996e-05
291,6,1-5,adjust,-0.0009522438942320739,-7.217463888333605e-06,1.915820383084228e-05
291,7,1-4,adjust,-0.0049380225952002305,-3.184568717906669e-05,5.870652754110327e-05
291,8,1-5,adjust,-0.001666117351895691,-3.0334331172443934e-05,1.1411305546088637e-05
291,9,1-5,adjust,0.00044731043445295904,-8.263502340598745e-06,4.987700388845528e-05
292,2,1-7,adjust,0.00014735720949366396,-1.8355397391932006e-05,3.796105968695933e-05
292,3,1-7,adjust,0.00325216520003624,1.6211325594163607e-05,6.963461685195574e-05
292,4,1-7,adjust,-0.0010620777121273883,4.6896606668979595e-06,9.872276277564118e-06
292,5,1-7,adjust,0.0007976224234984352,1.1696496487610236e-06,6.602557081014774e-05
292,6,1-7,adjust,-0.0013484333850194445,1.1838754504751863e-05,6.268557574469309e-05
292,9,1-8,adjust,-0.000936427639209648,1.8190647121118637e-05,2.912492629867204e-05
293,2,1-4,adjust,-0.001012511748098468,1.2704080090174383e-05,4.8125841835529865e-05
293,3,1-5,adjust,-0.0021200493143714557,-3.578898447445103e-05,2.2681951748528382e-05
293,6,1-5,adjust,0.0010908214974589456,6.940013499531338e-06,1.4112223771338617e-05
293,7,1-4,adjust,0.0029447905316783837,-1.8558857840554123e-05,5.30955030935222e-05
293,8,1-5,adjust,0.0009401937202203809,-3.4899768383608963e-06,3.525374728956224e-05
293,9,1-5,adjust,5.40242254326342e-05,-4.381188179944609e-06,1.5462655374195623e-05
294,2,1-7,adjust,0.0001839478102881165,2.551737279928881e-06,6.137037423135579e-05
294,3,1-7,adjust,0.0008187626529450196,9.724000406107789e-06,5.109409525223521e-05
294,4,1-7,adjust,0.005092660986291167,4.3108102712354175e-06,2.6153625687108795e-05
294,5,1-7,adjust,0.0004968484910446698,8.373131178629106e-06,2.2355224751316386e-05
294,6,1-7,adjust,-0.0002007529417637573,1.0323514800701087e-05,1.9787239288388758e-05
294,9,1-8,adjust,-0.00019440024463630506,-3.39050031193093e-05,8.20083859416049e-05
295,2,1-4,adjust,-0.00018446185589624772,-3.9273688815358364e-05,7.721086837092181e-05
295,3,1-4,adjust,0.0013973811882174096,2.435143233253812e-05,9.107798364406244e-05
295,6,1-5,adjust,0.00017573470495940038,3.532221094509066e-05,2.855483433715257e-05
295,7,1-4,adjust,-0.0026591057435048533,-5.837243628582144e-07,2.1447500851307937e-05
295,8,1-5,adjust,-0.002270738149269906,-1.7807775848703897e-05,9.25030825766513e-06
295,9,1-5,adjust,-0.00030415024322908525,3.8359755934216865e-05,1.8283704165764555e-05
296,2,1-7,adjust,0.0004050386550214607,-9.40817004471693e-06,6.806154887568364e-05
296,3,1-7,adjust,-3.84371035780552e-05,-1.5430735636362897e-05,0.00011900513313590119
296,4,1-7,adjust,-0.001962647032117077,3.623396896492843e-05,4.170705353032621e-06
296,5,1-7,adjust,-0.0013882803185998225,-4.2226808859054976e-05,5.4833810633039395e-05
296,6,1-7,adjust,-0.00040228277805306345,5.611636183433387e-06,0.00010864197691462583
296,9,1-8,adjust,0.00013096568992473616,-6.207625814869387e-05,0.00010169344378979786
297,2,1-4,adjust,-0.0008610140976696291,4.764041363014901e-05,5.589509786713364e-05
297,3,1-5,adjust,-0.0014434517105928189,1.2425090278952585e-05,1.5255230175677877e-05
297,6,1-5,adjust,-0.0012548066241123655,-4.292954232636752e-05,5.191090200043877e-05
297,7,1-4,adjust,0.0038419244224707693,-4.361239893103904e-05,8.554130534473263e-05
297,8,1-5,adjust,0.002699035492947342,3.7933650614644304e-05,1.0368668434470512e-05
297,9,1-5,adjust,0.0007930765882450964,4.465844461094519e-05,3.245044981122041e-05
298,2,1-7,adjust,0.0006701861226945831,-5.82180469923984e-06,1.1980270579731356e-05
298,3,1-7,adjust,0.0034462657453300178,-5.48128905322419e-05,8.66432668518652e-05
298,4,1-7,adjust,0.00207098202525347,-2.1306874655582664e-05,2.262261945119169e-05
298,5,1-7,adjust,0.006718248415397045,2.268028374707469e-05,5.6404041681161083e-05
298,6,1-7,adjust,0.0028985671104588932,6.479117577708852e-06,1.3415472454254068e-05
298,9,1-8,adjust,-9.812687279119385e-05,-2.0008904902407508e-05,1.0203137195604151e-05
299,2,1-4,adjust,-0.0010831208815791145,-2.827505308130602e-05,6.4638982298311006e-06
299,3,1-5,adjust,-0.001997928017702062,-1.4825740501643808e-05,2.548859045467727e-05
299,6,1-5,adjust,0.0019488366554604737,-4.772040648249587e-07,9.189733025481088e-05
299,7,1-4,adjust,-0.0004581551480547075,2.6253573534127476e-05,4.257795880770035e-06
299,8,1-5,adjust,-0.0008008627982478022,3.5685826915614184e-05,1.9756905312013986e-05
299,9,1-5,adjust,0.001225259529239629,8.328352472515846e-05,3.583424089349194e-05
300,2,1-7,adjust,0.0002239635643904083,2.2680742446899427e-06,5.5725530139167184e-05
300,3,1-7,adjust,-0.000432743529452783,-1.9595466230103503e-05,1.0411930753361162e-05
300,4,1-7,adjust,-0.0013226037309034754,-6.83744926043073e-05,4.562240238091516e-05
300,5,1-7,adjust,0.002109706054114538,-3.6903150060901112e-06,6.599577912285549e-07
300,6,1-7,adjust,-2.930488968941453e-05,-3.561298939536852e-05,8.942481292284913e-05
300,9,1-8,adjust,-0.0003441264191866772,-5.720123110494616e-05,4.746763212753694e-05
301,2,1-4,adjust,-0.0004425163504126162,1.2856703033819274e-05,3.371407116544278e-05
301,3,1-5,adjust,0.0011949665971374287,1.1238081942979515e-05,6.597470936136551e-05
301,6,1-5,adjust,0.0038481706363888146,6.4813896998780245e-06,8.140815489429634e-05
301,7,1-5,adjust,0.002540893138096784,2.505226883965718e-06,0.00015628666103811043
301,8,1-5,adjust,0.001562825373398195,-3.9453507768763596e-05,3.430852321011679e-05
301,9,1-5,adjust,-0.00043042853301000837,-1.1892855945896459e-05,9.420465219974932e-05
302,2,1-7,adjust,0.0019230487596083505,-9.307121258488211e-06,5.527528675704868e-05
302,3,1-7,adjust,0.0018760714120146834,2.637651161311124e-05,1.843041624944004e-06
302,4,1-7,adjust,0.002844439982398935,-2.545124346268896e-06,9.155319026759045e-06
302,5,1-7,adjust,-0.0031977473342157748,-2.6378860991362313e-05,5.777471191355268e-05
302,6,1-7,adjust,0.00021604457188562586,5.899073958584087e-06,7.199851284829725e-05
302,9,1-8,adjust,7.084470420392994e-06,-4.813498408797925e-06,8.737373397414908e-05
303,2,1-4,adjust,0.0016163203339459964,-2.082249360167759e-06,3.005845002510284e-05
303,3,1-5,adjust,-0.00021015207973104077,6.789256451081267e-06,2.9661020629811366e-05
303,6,1-5,adjust,-0.0019529780127042727,1.1187682100722838e-05,1.8514091252790511e-06
303,7,1-4,adjust,-0.00024896530541475265,-1.7303966185544908e-05,3.787096927328433e-05
303,8,1-5,adjust,-0.00043602790250740607,9.637487139731918e-06,2.3768242598925252e-05
303,9,1-5,adjust,-0.0015730652698693788,-5.724874885864549e-06,1.9249756122656032e-05
304,2,1-7,adjust,0.0002670166400474265,2.762354045421384e-05,3.887264686153425e-05
304,3,1-7,adjust,0.0003388670186838291,-1.8760284232876198e-05,3.526796275322679e-05
304,4,1-7,adjust,-0.0012998787353443269,3.083800486811798e-05,3.852220742807782e-05
304,5,1-7,adjust,0.0025145863374117726,2.8658918601398658e-05,1.2372304580416728e-05
304,6,1-7,adjust,0.0012702979133021593,8.063747661289715e-05,2.504105181341774e-05
304,9,1-8,adjust,0.0005550724206739397,2.1905304860460333e-05,5.895984975151273e-05
305,2,1-4,adjust,8.412140108301298e-05,-2.1856924924372784e-05,4.450013262937718e-05
305,3,1-5,adjust,-0.0017286161308171118,4.004098098621929e-05,6.49784091847195e-05
305,6,1-5,adjust,-0.0017620417600869227,3.949837569098143e-06,6.157202652825474e-05
305,7,1-4,adjust,-0.005640677915382497,3.2972477732180315e-05,8.898731178837227e-05
305,8,1-5,adjust,0.0010243810493723627,9.879610405841648e-07,7.738700342012419e-05
305,9,1-5,adjust,0.0014421672209508794,1.2916191958379401e-05,2.001606641869543e-05
306,2,1-7,adjust,-0.001970236473547889,1.3595635802310778e-05,5.1040199470539335e-05
306,3,1-7,adjust,-0.0019012180373447704,1.3061925231721248e-05,8.791732998319685e-05
306,4,1-7,adjust,-0.001089689137591954,1.725111911121736e-05,3.0252287034999445e-05
306,5,1-7,adjust,-0.006033254860771666,-1.6269426761678953e-05,9.403781093505331e-05
306,6,1-7,adjust,-0.002159358733723483,-2.7844053846575377e-06,4.193742176659703e-05
306,9,1-8,adjust,-0.0005460679311818264,6.897115823227888e-05,1.3856376540451303e-05
307,2,1-4,adjust,0.00019489123574627188,-2.2670853223524732e-05,8.080550946384755e-06
307,3,1-4,adjust,0.0010899296101808571,1.4424355785370506e-05,0.00011462091363203638
307,6,1-5,adjust,-0.0034125613857164,-5.7263515734918385e-05,4.024839031219058e-05
307,7,1-4,adjust,0.002593351553903162,-1.1010719432257923e-05,1.420059105064842e-06
307,8,1-5,adjust,-0.0007311015148613519,1.649474721412741e-06,5.3449877352374625e-05
307,9,1-5,adjust,0.0002618812107743066,-2.529403607872474e-05,7.735993323221458e-06
308,2,1-7,adjust,-0.0003546927442618152,1.7436576794151658e-06,1.4990755750764448e-05
308,3,1-7,adjust,0.001607157089778353,-3.4875724300287994e-05,4.0122696627190984e-05
308,4,1-7,adjust,-0.0020873333649175474,1.2959407720263005e-05,1.0975672601109749e-05
308,5,1-7,adjust,-0.0011278061258302666,-2.398251952163538e-05,1.1703773296459025e-05
308,6,1-7,adjust,0.001172511563444574,-2.50671608530736e-05,2.9742018400252036e-05
308,9,1-8,adjust,-0.0003276048737086255,-2.1683142854028027e-05,1.9836901475242003e-05
309,2,1-4,adjust,-0.0009073787712190831,-1.9478752497050252e-05,3.102366801695402e-06
309,3,1-5,adjust,-0.0026865676341912416,-2.2092711997318886e-06,3.843727100839779e-05
309,6,1-5,adjust,-0.0022646851967837874,7.368284321089714e-06,0.00010403405901902658
309,7,1-5,adjust,-0.0025269441453044223,5.090745720579456e-06,0.00010927929504342817
309,8,1-5,adjust,-0.0033631441472353942,-4.3231535184835495e-05,8.221593557447722e-05
309,9,1-5,adjust,-0.0006675614589892478,-1.1796222180929269e-05,3.4661677836695883e-05
310,2,1-7,adjust,-3.48554118116549e-05,4.740018899111145e-05,5.1803734163903775e-05
310,3,1-7,adjust,-0.004370939651707755,4.985712846478398e-05,2.5681655161735817e-05
310,4,1-7,adjust,-0.0043832143791253915,-3.840998667162879e-05,1.5919017759279275e-05
310,5,1-7,adjust,0.0005167914175915984,3.8671375366516776e-05,6.017001802708267e-05
310,6,1-7,adjust,-0.0006540018945236688,-1.9621072065301535e-05,1.1192703655290282e-05
310,9,1-8,adjust,-0.001278034095103432,-6.936693263593842e-05,0.00011337108952071466
311,2,1-4,adjust,-0.0009744716473176701,4.4025135809186494e-05,6.225896448940723e-05
311,3,1-4,adjust,0.0005102603525854304,2.1520041078788334e-05,6.0606628799196524e-05
311,6,1-5,adjust,0.001762271201760815,2.24425500397341e-05,8.572154435679914e-05
311,7,1-4,adjust,0.0009283722233008419,-1.2398042291923873e-05,1.8689142017720643e-05
311,8,1-5,adjust,-0.0006089346827362709,1.6037551184144857e-05,2.8750703156762916e-05
311,9,1-5,adjust,0.0007208750933715779,4.749771163167529e-05,1.5041584043567651e-05
312,2,1-7,adjust,0.00036339395960616606,-2.5909527311512054e-05,8.520248866255474e-06
312,3,1-7,adjust,0.0008829863560278061,-2.3744887083611308e-05,6.618597529615723e-05
312,4,1-7,adjust,0.004679480478169729,-7.244884859660693e-06,1.702129291672125e-05
312,5,1-7,adjust,0.0006043646273230118,-4.451921421510549e-06,2.6932058447945586e-05
312,6,1-7,adjust,-0.0009122216612956226,-2.5247673849407874e-06,6.800469407999711e-05
312,9,1-8,adjust,-0.0011624211830438213,-8.126756548170273e-06,9.72588886020387e-05
313,2,1-4,adjust,0.0013941007793139362,1.168552838772434e-05,2.8201447563771587e-05
313,3,1-5,adjust,0.0003143685114139421,-2.178192521804488e-05,3.5499963416575136e-06
313,6,1-5,adjust,0.0006217532345275127,1.2226499012027825e-05,6.821406979400352e-05
313,7,1-5,adjust,0.0009257263664510271,5.5876509745721616e-06,6.848031352553921e-05
313,8,1-5,adjust,0.0032585977811383777,1.3285571565858877e-05,3.424159500154346e-05
313,9,1-5,adjust,0.0013092685750715324,5.484616561789493e-05,8.11007572055104e-05
314,2,1-7,adjust,-0.0004183522186018486,-1.7428293390191963e-05,1.2296152552619736e-05
314,3,1-7,adjust,0.004770488995829806,-2.3598063624670514e-05,8.460597867002425e-06
314,4,1-7,adjust,0.00391841522683808,4.527263285070823e-05,2.6839850387973413e-05
314,5,1-7,adjust,-0.0034091513752611707,-6.748943037300974e-05,2.22481768359265e-06
314,6,1-7,adjust,0.0004193420292314752,-6.1194483679099895e-06,3.799758758904385e-05
314,9,1-8,adjust,-0.000118396578324263,-6.804393089579461e-05,0.0001061124716458806
315,2,1-4,adjust,-0.0004594764442483916,1.736713314249661e-05,0.00011174467318367178
315,3,1-4,adjust,-0.0004253424765615423,-2.658877856455194e-05,0.00012773543481613118
315,6,1-5,adjust,-0.0026468473909834313,-5.565963475413847e-06,9.557360491531059e-05
315,7,1-4,adjust,0.0014104843333491938,-2.3991579728611492e-05,0.00010023424963557514
315,8,1-5,adjust,-0.003372939565068881,-1.8742939068431588e-05,0.00012229606995001907
315,9,1-5,adjust,0.0012538421090652779,-3.02353729228273e-05,5.921977559334078e-07
316,2,1-7,adjust,0.001206832901160588,-6.084802848043986e-05,5.14879929126556e-06
316,3,1-7,adjust,0.0005200362672051184,-1.1839304865358987e-06,1.9533476326134034e-05
316,4,1-7,adjust,-0.0047226099650801105,7.623102759030941e-06,5.089335193191397e-05
316,5,1-7,adjust,0.003788344267567032,1.4736087706913683e-05,2.4895413692496253e-05
316,6,1-7,adjust,0.0021806140202383713,-1.584833067167094e-05,4.16542090619446e-05
316,9,1-8,adjust,-0.0020573291629262503,1.7169160664852828e-06,3.1980784657675154e-05
317,2,1-4,adjust,-0.0006463145409530907,3.539678747651349e-05,2.2266283088468506e-05
317,3,1-4,adjust,-0.0017400850407260254,3.8558512973666094e-05,8.777558878333661e-05
317,6,1-5,adjust,0.0013660985476704021,-1.1298619076266388e-05,4.865119472821111e-05
317,7,1-4,adjust,-0.0011370846104853968,1.5906041611673945e-05,5.114458285598273e-05
317,8,1-5,adjust,0.0023545576242972785,2.138983637478075e-05,1.0266541503600597e-05
317,9,1-5,adjust,0.0009697205900803808,3.392195759097231e-05,6.061491469195973e-05
318,2,1-7,adjust,0.0015268418343941693,-4.9573272725262785e-05,1.698282412239048e-05
318,3,1-7,adjust,-6.656695506897978e-05,5.5417439383412326e-05,8.368287093412567e-05
318,4,1-7,adjust,0.006387681953901584,4.776384153007556e-05,4.7022997681697725e-05
318,5,1-7,adjust,0.0007418475262255836,6.208607141088423e-05,7.475927935314783e-05
318,6,1-7,adjust,0.0009730971625235287,5.765519440015944e-05,8.016675652730153e-06
318,9,1-8,adjust,0.0003597027461202728,-3.2400037551041535e-05,4.004127037651577e-06
319,2,1-4,adjust,-0.0012991892142821956,2.601883027618063e-05,8.168911902576605e-06
319,3,1-5,adjust,0.0003614951231752577,-6.742688714620765e-05,4.903629900499096e-05
319,6,1-5,adjust,0.0006188054663377921,-3.226315612457905e-06,0.00013606228573826562
319,7,1-5,adjust,-0.0015235179560553144,2.650662205570507e-05,9.608735807135568e-05
319,8,1-5,adjust,0.0023648603659991003,6.5748388315138475e-06,3.507765152161603e-05
319,9,1-5,adjust,-0.0005774616642794145,2.9115260492016654e-05,2.3459026782603243e-07
320,2,1-7,adjust,-6.718118001315876e-05,-2.5974718461738046e-05,1.8469007023976302e-05
320,3,1-7,adjust,-0.0012078927554535221,1.0024839235864392e-05,5.6458382750234075e-05
320,4,1-7,adjust,-0.0004551078753819626,-4.9671438614606835e-06,5.795929785130937e-05
320,5,1-7,adjust,-0.001086463652735792,-1.0137390987711428e-05,2.0512910519618747e-05
320,6,1-7,adjust,-0.0012892618363944336,1.4104514596948149e-05,8.81462578800654e-05
320,9,1-8,adjust,0.001129469418718195,-1.7644755546738258e-06,1.0362013146329001e-05
321,2,1-4,adjust,8.25259613764876e-05,1.6953358570580998e-05,3.1012951348466757e-06
321,3,1-4,adjust,0.0007037259079338808,-5.8522069295718686e-05,8.191417561284035e-05
321,6,1-5,adjust,0.000603072731077064,-5.075312917738536e-06,0.0001553151230627657
321,7,1-5,adjust,0.003344015038933356,-1.700632279553169e-05,9.048869685229789e-05
321,8,1-5,adjust,0.00016737621028010296,2.7340991850751794e-06,8.426228444186766e-05
321,9,1-5,adjust,0.0011976430928228384,3.0112698586659405e-05,1.468025056547858e-05
322,2,1-7,adjust,0.000999778176867089,-2.073273487260261e-06,2.981491409319556e-06
322,3,1-7,adjust,-0.00042117254311025207,-3.0514445280773055e-05,1.8522140481600297e-05
322,4,1-7,adjust,-0.001827879139834252,-1.4920408625912435e-05,1.5171017251671269e-05
322,5,1-7,adjust,0.00020939058916318628,-3.04615339306916e-05,6.0826693370906455e-06
322,6,1-7,adjust,0.0016905753146364986,-3.821794925276699e-05,5.805096350917689e-05
322,9,1-8,adjust,-0.0002264181772379357,-1.7069831853172068e-05,4.77670263719246e-05
323,2,1-4,adjust,-0.000679375991304808,2.588473780411395e-05,8.567711364896916e-05
323,3,1-5,adjust,0.0008415392810804674,5.192641854833405e-05,2.5042144564270346e-05
323,6,1-5,adjust,-0.0023273174285366825,-1.770618125313664e-05,0.00016570021072953364
323,7,1-4,adjust,0.0019390077158327591,1.4842867367081049e-07,7.829869750379672e-05
323,8,1-5,adjust,0.00021017857747065435,-5.660647902110397e-06,5.239743387602772e-05
323,9,1-5,adjust,-0.000538639651507573,5.9745662233399155e-06,6.803013928001865e-05
324,2,1-7,adjust,0.0021541859954062968,-4.058162717925738e-05,3.105627748871023e-06
324,3,1-7,adjust,-0.0013390124268833228,3.960739831466145e-05,4.666043288749415e-05
324,4,1-7,adjust,-0.00556793594777005,-1.0745188195349195e-05,2.2990017188863405e-05
324,5,1-7,adjust,0.001181314949190744,2.714975457244241e-07,6.115967908326453e-06
324,6,1-7,adjust,0.0032318622629270884,8.313613980558345e-06,5.63681290833247e-06
324,9,1-8,adjust,-0.0004029920936513142,2.8843276979494016e-05,1.9370341868408673e-05
325,2,1-4,adjust,-0.002705775649932151,6.148879984831839e-05,0.00015880279876562338
325,3,1-4,adjust,-0.0004272675402190479,1.7361906705677636e-05,8.049290003033077e-05
325,6,1-5,adjust,-0.0015045942887877827,5.916604523468141e-05,0.00010275532291773612
325,7,1-4,adjust,-0.0013899094970965466,6.6548670592385495e-06,9.602356690898517e-05
325,8,1-5,adjust,0.0004347150866288094,2.9115363404109496e-06,3.0147373814092674e-05
325,9,1-5,adjust,-0.0018978243252083923,-9.289362029881706e-05,9.629264246793262e-05
326,2,1-7,adjust,0.0004471827835542559,-1.8028892172359083e-06,1.0500811757088238e-05
326,3,1-7,adjust,0.00020716414650802023,-2.4389095076872803e-05,4.3220316763578015e-06
326,4,1-7,adjust,0.0002935203991493482,-2.6917600310381618e-05,3.6241147415859556e-05
326,5,1-7,adjust,-0.0017135320640015498,1.742003694301574e-05,6.185718677397317e-05
326,6,1-7,adjust,0.002337296986984155,-5.611166815284357e-06,3.174713588779613e-05
326,9,1-8,adjust,0.001295394287730778,8.949897834440299e-06,1.435411576385548e-05
327,2,1-4,adjust,-0.0013349019215507009,-2.9653840300058656e-06,2.8159632785730393e-05
327,3,1-4,adjust,-0.0011870518543888832,4.1794498959772106e-05,7.887978085491911e-05
327,6,1-5,adjust,-0.0022730953974257626,-5.670609546752741e-05,1.2923628037646585e-05
327,7,1-4,adjust,0.0004692594543346508,-2.3433863911774692e-05,2.5227463867899357e-05
327,8,1-5,adjust,-0.0018634949067250434,-1.691462076932752e-05,6.400669070772599e-06
327,9,1-5,adjust,0.0003452911394448545,3.986712464373671e-05,8.264141432862768e-05
328,2,1-7,adjust,0.001530816815511138,-6.246295297130209e-05,3.2699647501028645e-05
328,3,1-7,adjust,0.003786077426642641,-3.9226576161708716e-05,3.4094486084455318e-06
328,4,1-7,adjust,0.0007674216294770418,-1.942625796433157e-06,3.72247928036106e-05
328,5,1-7,adjust,0.003662433514982493,-1.0746519676369866e-05,3.0269948707926774e-06
328,6,1-7,adjust,0.0015244110382216522,5.004906964230815e-06,2.9472411036198606e-05
328,9,1-8,adjust,0.0001926349449800418,-8.878690701581078e-06,2.051105448270012e-05
329,2,1-4,adjust,-0.001424838854272645,9.764281292799957e-05,2.3308669191664855e-05
329,3,1-4,adjust,-0.0015915238340487748,8.604882595045704e-06,0.00011835999517244999
329,6,1-5,adjust,-0.00116369055932989,3.336213642106677e-05,3.09069859272952e-05
329,7,1-4,adjust,-0.00019462195600132603,-5.688486851006452e-06,5.342481818951607e-05
329,8,1-5,adjust,-0.0016245038027895588,-1.4852190498535291e-05,2.0115838891983766e-06
329,9,1-5,adjust,0.00025997848622116376,8.608335885129134e-08,9.397374802943512e-06
330,2,1-7,adjust,0.0029957123006097283,-4.2597483710836914e-05,8.180675326190594e-05
330,3,1-7,adjust,-0.003454865926617308,8.743023054394672e-06,0.00010038758395156741
330,4,1-7,adjust,0.002453085624178726,-1.3881641002086388e-05,1.6562949388160743e-05
330,5,1-7,adjust,-0.001757694009949388,-1.0229885652813231e-05,2.579562046214885e-05
330,6,1-7,adjust,0.0024596457898394286,6.990275676881845e-06,1.0166941501092e-05
330,9,1-8,adjust,-0.0009751572190179014,7.217417546893659e-06,4.075010811549082e-05
331,2,1-4,adjust,-0.00019249078964285983,-2.8882266616946964e-05,5.9588694301105526e-05
331,3,1-5,adjust,0.00109389769344756,-1.102392782881187e-05,2.4681646898323383e-06
331,6,1-5,adjust,-0.0025334275292510414,-2.4494908432589105e-05,3.756505674724748e-05
331,7,1-4,adjust,-0.0004679690371862783,1.6991739777774355e-05,5.326188015920816e-05
331,8,1-5,adjust,-0.0006087838262558401,-1.915236751813232e-05,5.7587879710697315e-06
331,9,1-5,adjust,-0.0004885140615659148,-1.7597858532823712e-05,5.225019945932778e-05
332,2,1-7,adjust,-0.0005026783799491653,-7.130037952810826e-06,5.772833682982122e-05
332,3,1-7,adjust,0.0035777743859981893,-4.654901597411796e-06,8.133381199173369e-05
332,4,1-7,adjust,0.0028619577785110512,-6.13777586559474e-06,8.446745629948913e-06
332,5,1-7,adjust,0.0003955578107471712,3.430639614772123e-05,5.813712347250046e-05
332,6,1-7,adjust,0.0007566626190802239,-2.016431195195796e-05,6.949304386798376e-06
332,9,1-8,adjust,-0.0005915875643261377,-3.135738569900854e-05,0.00015081743393131726
333,2,1-4,adjust,-0.001147500541607118,4.2983590740004194e-05,1.5048247104372414e-05
333,3,1-4,adjust,-0.0001846303472630545,-3.033899827535684e-05,7.2563293304586e-05
333,6,1-5,adjust,-0.00272119582165922,1.1807347012728149e-05,3.1645410528839424e-05
333,7,1-4,adjust,0.00038858615656157193,2.897263302604193e-06,1.670000137591811e-05
333,8,1-5,adjust,0.0018693359101521422,3.0023059338930122e-05,3.121995526305322e-05
333,9,1-5,adjust,0.0019175221319841676,4.710297535643121e-05,5.203734512479493e-05
334,2,1-7,adjust,0.0013012822841253452,-5.491346515061742e-05,1.960875501576501e-05
334,3,1-7,adjust,-0.0005041723432629087,-3.208777305044781e-06,8.716316413204332e-05
334,4,1-7,adjust,-0.00022770066402890598,4.446604807580368e-05,1.9018000575387197e-05
334,5,1-7,adjust,0.0014793870429522398,8.528691500767473e-06,4.8678705590743016e-05
334,6,1-7,adjust,0.001395669866672134,-1.2844711289930297e-05,3.582319227355491e-05
334,9,1-8,adjust,0.00015526719369722008,2.50250015038497e-05,8.292549515996085e-05
335,2,1-4,adjust,-0.0012464346472825865,3.613831010423015e-05,1.830961398156627e-05
335,3,1-5,adjust,0.0013239318830113903,-1.766506881393435e-06,2.175577354159056e-05
335,6,1-5,adjust,-0.0003842437076713167,4.083930121265952e-05,1.9953700746849697e-05
335,7,1-5,adjust,0.0005299053835153557,-3.0130226480011765e-05,9.950968734154388e-05
335,8,1-5,adjust,-0.0018067587857500485,2.299226366375167e-05,3.6140855726124444e-05
335,9,1-5,adjust,0.0010572542695481296,1.8885754220379066e-05,1.1533688593579292e-05
336,2,1-7,adjust,0.0009063801289735432,-3.413626346174016e-05,2.628331631264448e-05
336,3,1-7,adjust,0.0019405056141893172,6.193534682195389e-06,6.720110237394422e-05
336,4,1-7,adjust,-0.0008567485278601726,-3.652548959202803e-06,2.3531934478343335e-05
336,5,1-7,adjust,0.00536634771112623,-7.351824302441476e-06,0.00013789336106945514
336,6,1-7,adjust,0.0026106566567246125,-3.241789763594285e-07,4.040968209500801e-05
336,9,1-8,adjust,-0.0012946895039747748,-4.443900555337399e-05,3.325061079600067e-05
337,2,1-4,adjust,-0.000708310214551152,2.829521538508556e-05,4.20145851032579e-05
337,3,1-4,adjust,-0.0008586220348120457,1.036021922205762e-05,8.551434401227935e-05
337,6,1-5,adjust,0.0019535731392112342,3.454443164940734e-05,0.00013225278683575616
337,7,1-4,adjust,0.0006315401802460867,4.05781193470635e-05,2.501099856294612e-05
337,8,1-5,adjust,0.0015355480208721814,-1.6326152030412164e-05,1.1389581233547414e-05
337,9,1-5,adjust,0.0007439931022532473,5.2832151545894755e-05,3.812998952791665e-05
338,2,1-7,adjust,0.0011676234729640815,-2.655152111077644e-05,7.587501638791659e-07
338,3,1-7,adjust,-0.004562921974704999,2.4629161218901077e-05,3.6767405560676305e-05
338,4,1-7,adjust,0.00030537105065822016,-2.30415693901466e-05,3.6555002675654496e-05
338,5,1-7,adjust,-0.0031389956612729057,1.234771720654471e-05,6.244085590609847e-05
338,6,1-7,adjust,-0.00033985197858310545,-4.349532529151286e-05,8.086509025768795e-06
338,9,1-8,adjust,-0.001307157018543257,-6.663619281684457e-05,0.00015253263344402063
339,2,1-4,adjust,5.390955018158074e-05,2.689938031164169e-05,0.00011446612946390567
339,3,1-5,adjust,0.0005166760069283307,-7.884859543220987e-06,6.177748375956416e-05
339,6,1-5,adjust,0.0003567572519377985,-9.529484232937484e-07,4.0884966341905445e-05
339,7,1-4,adjust,-0.001270481461023588,2.3072720635609446e-05,1.1239527092771182e-05
339,8,1-5,adjust,0.0010783682719533105,-9.299061285586739e-06,3.670720435765067e-05
339,9,1-5,adjust,0.0005301861731726536,1.6100470253568004e-05,1.7176675527842148e-06
340,2,1-7,adjust,-0.0035824276552570136,4.5896668744417694e-05,0.0001752863287471423
340,3,1-7,adjust,0.00010304715492397109,1.8424957950381788e-05,5.912314336324482e-05
340,4,1-7,adjust,-0.00202350647998146,-1.4109253443619759e-06,7.583143348589121e-05
340,5,1-7,adjust,0.0009838981872813597,3.845163124177184e-05,1.2330472484333825e-05
340,6,1-7,adjust,0.00024929181622391214,3.267941936918568e-05,8.319418523033452e-05
340,9,1-8,adjust,-0.00018085229761606022,3.8048590453912284e-05,4.277006785390327e-05
341,2,1-4,adjust,0.000575557180110858,1.0606579058541686e-05,5.0877871682184144e-05
341,3,1-4,adjust,0.0003781651934443701,-9.58995500068999e-06,9.44636886632745e-05
341,6,1-5,adjust,-0.0005461496438894662,-1.7828611898361068e-05,5.403570692173259e-05
341,7,1-4,adjust,-0.0013994097273241266,-3.720901984615032e-05,6.2873492620804e-05
341,8,1-5,adjust,0.0031414695412737,2.7684288613520372e-05,6.448591918697662e-05
341,9,1-5,adjust,0.0012859370521392244,4.691127044261978e-05,0.00016663539277204885
342,2,1-7,adjust,-0.0004231033656166997,-3.674503306248733e-06,1.3430961217516593e-05
342,3,1-7,adjust,0.001092882789130028,1.4518650016401653e-05,4.458528767829675e-05
342,4,1-7,adjust,0.0012842759283273409,-4.9654553899530615e-05,2.389998551699632e-05
342,5,1-7,adjust,-0.002145659070473328,1.687860122693119e-05,5.0200606000889423e-05
342,6,1-7,adjust,-0.0024953565107909844,-8.55697282465174e-06,5.681700400116211e-06
342,9,1-8,adjust,6.407122422163082e-05,-3.7093788936220928e-06,3.8096968775977824e-05
343,2,1-4,adjust,0.0028294683567113275,-4.295473546534927e-05,9.473588221865901e-05
343,3,1-4,adjust,0.0007095130314875905,-3.691353570040416e-05,0.00011574551019783019
343,6,1-5,adjust,0.0026415302800247157,-2.1388707753173785e-05,0.00013515459992810975
343,7,1-5,adjust,0.0005151751346587656,3.843498220013351e-05,9.186279978701427e-05
343,8,1-5,adjust,-0.0009197276462263092,4.66701354879671e-06,5.398745133016444e-05
343,9,1-5,adjust,-7.587080084706481e-05,2.0483983146536648e-05,5.213274639232909e-05
344,2,1-7,adjust,-0.001904682471656439,2.4761374167399496e-05,2.5193142518993817e-05
344,3,1-7,adjust,0.0015135285528864394,1.8448965500114256e-05,2.9693679926444183e-05
344,4,1-7,adjust,-0.0019346648147752278,-2.9961115509851126e-06,5.690188646196432e-05
344,5,1-7,adjust,-0.002090299665704882,6.635936487017037e-06,0.000114026292502968
344,6,1-7,adjust,-0.0031921404812045324,-7.234172059344322e-06,3.4226006126584e-05
344,9,1-8,adjust,-0.0007325917358847273,-3.5628575519177506e-05,6.15160648504406e-05
345,2,1-4,adjust,0.0007201013062955253,4.345933816792943e-06,0.0001010578345336759
345,3,1-4,adjust,-0.0008466349943118201,1.9048274780466994e-05,8.996185944873588e-05
345,6,1-5,adjust,-0.0002797910212504478,2.3557188157778486e-05,0.00011800493048624813
345,7,1-5,adjust,0.002520112624158207,1.3173907414122848e-05,0.00011868014932715151
345,8,1-5,adjust,0.0019880972013368056,4.556375108862316e-05,0.00013571756885107005
345,9,1-5,adjust,0.00015761034106729754,-3.795529117457607e-06,9.97688316040497e-05
346,2,1-7,adjust,-0.00045662044523192113,2.2762022661132897e-06,4.240295896378364e-05
346,3,1-7,adjust,-0.001953693369570278,9.56057491634341e-07,3.7585593251970925e-05
346,4,1-7,adjust,-0.002319031192874408,-3.0999966190437796e-07,2.945231209706741e-05
346,5,1-7,adjust,0.0005274994237159732,-3.366324946901867e-05,4.7093899814994946e-05
346,6,1-7,adjust,0.0005060963452303262,1.9566913820549262e-05,3.959314240052303e-06
346,9,1-8,adjust,0.0009101888534813511,2.451489226191609e-05,1.8129890078225807e-05
347,2,1-4,adjust,0.0005874507280947703,7.865238307885744e-06,5.010057518447082e-05
347,3,1-5,adjust,-0.0006141887032541462,-4.534321941254805e-05,6.658526285670244e-05
347,6,1-5,adjust,0.0018532671337312691,-3.1561169666368816e-05,0.00014305943658968697
347,7,1-5,adjust,-0.0008760999363203903,-4.208004426508972e-06,0.00012044034147866145
347,8,1-5,adjust,-0.0008755814103110958,-9.553885503168859e-06,6.920501503016263e-05
347,9,1-5,adjust,0.00024462380746286563,-2.6900545822199355e-05,4.62671754154526e-05
348,2,1-7,adjust,-0.0027209878357879404,5.7452844442600384e-05,3.453948419199191e-05
348,3,1-7,adjust,-0.002385813147363414,6.245297243370453e-05,6.684271422485751e-06
348,4,1-7,adjust,0.0006385946597135581,8.759605650428284e-05,2.452645326833152e-06
348,5,1-7,adjust,-0.00032128319370405617,2.8780340650541896e-05,8.32808935398327e-05
348,6,1-7,adjust,-0.0019901037321127424,-1.4073190631081195e-05,8.173027154193204e-06
348,9,1-8,adjust,0.000428966186119114,3.0607380376742742e-06,4.624533440256851e-05
349,2,1-4,adjust,4.3997660433930904e-05,-5.566064136684528e-05,8.997249271448552e-05
349,3,1-5,adjust,-0.00036497664564909125,-3.122592326252989e-05,5.6595375156322656e-05
349,6,1-5,adjust,0.0018420241487336632,2.730066742115606e-05,0.0001139781975616959
349,7,1-4,adjust,-0.0022385561326941834,3.4624917235665253e-06,4.174589446807805e-05
349,8,1-5,adjust,-0.0007853988219756489,-1.2330429938180403e-05,3.057368301330023e-05
349,9,1-5,adjust,-0.0001352677294555542,-1.2222282907148924e-05,4.6040010094035674e-05
350,2,1-7,adjust,-0.0016924494550965613,3.1596744646697345e-05,3.122195334948189e-05
350,3,1-7,adjust,-0.0010271200735632359,1.4202484557304541e-05,3.821095203463491e-05
350,4,1-7,adjust,-0.0028297463050407975,-4.189340131729291e-06,5.958371928002004e-05
350,5,1-7,adjust,-0.0015072528177991582,-4.152792978005995e-05,2.6197181627594844e-05
350,6,1-7,adjust,-0.0011096158062543307,2.4856355732870614e-05,8.740230065729161e-05
350,9,1-8,adjust,1.635356938932396e-06,-1.3342768740514111e-06,4.0214495333436606e-05
351,2,1-4,adjust,0.001505107679176503,-1.505995130757992e-05,7.093565786339544e-05
351,3,1-5,adjust,0.0009589998502065388,-3.558889583861866e-06,5.295688053208011e-05
351,6,1-5,adjust,0.0013213577747060426,-6.876533086853508e-05,1.3167891668503225e-05
351,7,1-4,adjust,0.0011654837501952383,-2.9662457175304912e-05,1.264990040429387e-06
351,8,1-5,adjust,0.0012787635482956214,8.858908230509345e-06,3.4086570152935124e-05
351,9,1-5,adjust,-0.0017774474145384525,-7.4502129665102155e-06,0.00011721712264866695
352,2,1-7,adjust,0.0005858810908768113,-5.114809137141733e-05,8.066850622649538e-05
352,3,1-7,adjust,0.002739558145584071,5.138524521062721e-06,2.337799904519281e-05
352,4,1-7,adjust,0.004209003357007709,-3.3243398956602204e-05,4.997620366324967e-05
352,5,1-7,adjust,0.0036183036176272738,2.75588253207543e-05,2.5828031033028774e-06
352,6,1-7,adjust,-0.001561904126111902,4.979505691646529e-06,4.328898164962225e-05
352,9,1-8,adjust,0.0008532261400921326,6.585965807956734e-05,4.511700715574155e-05
353,2,1-4,adjust,0.00011570544037296802,1.8041898401935748e-06,8.574006312643748e-06
353,3,1-5,adjust,-0.0006213441227624359,-9.98708720993046e-06,2.0510112139130276e-05
353,6,1-5,adjust,0.0018940030515550725,-1.1146287365705675e-05,3.669351451732792e-05
353,7,1-5,adjust,0.001362278363018632,8.058322065814783e-07,6.970576191260031e-05
353,8,1-5,adjust,0.0011061767204538454,1.4517184015517937e-05,0.00012855135245505434
353,9,1-5,adjust,0.0013933816880379974,7.427793516125982e-06,3.637441045317678e-05
354,2,1-7,adjust,-3.425050785592407e-06,2.7178175491499967e-05,6.0782413328933615e-05
354,3,1-7,adjust,-0.001763527005065498,2.80437203146849e-05,6.9544395282915175e-06
354,4,1-7,adjust,-0.0026958517632932767,4.8870133485618764e-06,2.3114381787242611e-07
354,5,1-7,adjust,-0.004400086470608132,-4.867026469414837e-05,6.858250871241837e-05
354,6,1-7,adjust,-0.0019801350032147115,1.606291052272226e-05,2.3922346754456406e-05
354,9,1-8,adjust,-0.00035978618355653386,4.706014462307008e-05,7.184330917665834e-05
355,2,1-4,adjust,0.0006246063349382978,-2.9570702420022476e-05,4.38172039652703e-07
355,3,1-5,adjust,0.0008232275172678038,-2.1547171441682915e-05,1.181564341576274e-05
355,6,1-5,adjust,-0.0010793621035255524,-1.833974582105711e-06,6.093127640054735e-05
355,7,1-4,adjust,-0.0011579672333793985,-2.0512201124276663e-05,3.672098337344503e-05
355,8,1-5,adjust,-0.0023822143271754253,-1.8745446212817175e-05,1.5015104581526559e-05
355,9,1-5,adjust,-0.00014585018935855232,-4.989801167716637e-05,2.8778073279562744e-05
356,2,1-7,adjust,0.0007377628252480585,2.8703053522039617e-05,1.1509299601052417e-05
356,3,1-7,adjust,0.0016596867587954786,-1.3373808581201849e-05,3.0351088988539222e-05
356,4,1-7,adjust,0.005725441460105876,-1.035732016244135e-05,2.445124273912252e-05
356,5,1-7,adjust,0.0010218484005055505,-3.290040854274127e-05,2.746373709201488e-05
356,6,1-7,adjust,0.0005793287390686899,2.5051226314996492e-05,3.1576145063441515e-05
356,9,1-8,adjust,-0.00019956050414148493,-5.766156619791997e-07,4.2199625180109444e-05
357,2,1-4,adjust,-0.0004149547199366603,-3.1256388519344274e-05,6.801365700536061e-05
357,3,1-4,adjust,0.0038177000053726843,3.1124948796948406e-05,8.218715837826366e-05
357,6,1-5,adjust,0.0005194279361131227,1.9772156922524833e-05,6.852725807979933e-05
357,7,1-4,adjust,-0.0005407345638485879,8.17395103463664e-06,2.424009967433919e-05
357,8,1-5,adjust,-0.00351480107153057,3.9731424374863846e-05,1.0223106869994657e-05
357,9,1-5,adjust,-0.0007743398137273373,-6.340686360732549e-05,6.743414815881122e-05
358,2,1-7,adjust,0.00024834419312159115,-7.569172853878287e-06,3.7548102245194143e-05
358,3,1-7,adjust,-0.004390788858433529,5.92830615520308e-06,3.154595879359648e-05
358,4,1-7,adjust,-0.0010537744478429192,-1.618582782807171e-05,4.271073608698378e-05
358,5,1-7,adjust,0.0022069295708034946,1.8865321558886458e-05,6.0509061070749084e-05
358,6,1-7,adjust,0.0006005350946489868,-2.3665144616391935e-06,0.00010844456163579564
358,9,1-8,adjust,-8.342776530385311e-05,1.9853563181991556e-05,3.489442843082992e-05
359,2,1-4,adjust,0.0016540035128963203,-2.7537510447677254e-05,3.702903634934424e-05
359,3,1-4,adjust,0.001464524522245897,-1.6763624248110213e-05,7.867227991508359e-05
359,6,1-5,adjust,0.0009617180630520887,-4.061849464649055e-05,5.8694664649747685e-05
359,7,1-5,adjust,0.0007254931683155093,3.382301549573399e-05,0.00010078322781911694
359,8,1-5,adjust,0.001975169965332425,-1.0985698843014408e-05,1.150742955576726e-05
359,9,1-5,adjust,-0.0003867338454553211,-1.2363582651294753e-05,4.8909966306590803e-05
360,2,1-7,adjust,-0.0013984876893355959,4.2812376241881525e-05,3.3952642157204164e-05
360,3,1-7,adjust,-0.0019806952732506736,2.3654592725176823e-05,3.308885963206006e-05
360,4,1-7,adjust,-0.0034678176459884283,4.1264517722930556e-05,2.3527431345827123e-05
360,5,1-7,adjust,-0.0018834690044255752,-1.9161722478822e-05,7.474037136970829e-05
360,6,1-7,adjust,0.0007445101649926178,5.078257784425486e-05,2.1682764229787777e-05
360,9,1-8,adjust,0.00034994096208463855,3.833482094997998e-05,1.663302159909417e-05
361,2,1-4,adjust,1.9691943912189965e-05,-2.0187887251658108e-05,1.0860886944094783e-05
361,3,1-5,adjust,0.0009418474278441799,-2.784532586806209e-05,7.09436132745094e-05
361,6,1-5,adjust,-0.0025220591192211114,-2.4911285494582245e-05,1.6358879923607527e-05
361,7,1-4,adjust,-0.00352273448373186,1.0815018049340142e-05,2.601667837516825e-05
361,8,1-5,adjust,-0.0020852331106605165,-4.633941160387842e-05,5.909771532398265e-05
361,9,1-5,adjust,-0.0005958217551753535,-6.80196048776008e-05,3.343481958895072e-05
362,2,1-7,adjust,0.0010224907791609459,2.1921131033458466e-05,6.038190654001735e-06
362,3,1-7,adjust,-0.00026593014242422313,-1.074737890961993e-05,7.457240276957961e-05
362,4,1-7,adjust,-0.0027365261717075054,6.885535358572092e-06,3.262747892783812e-05
362,5,1-7,adjust,-0.0037381373311661664,1.8471337460400044e-05,2.7595079280478476e-06
362,6,1-7,adjust,-0.001842294843102458,-1.937412057003258e-05,1.27756362446898e-05
362,9,1-8,adjust,-8.755290089468255e-05,-1.3182639489912606e-05,5.920951757619633e-05
363,2,1-4,adjust,-0.0009617116294835573,2.5466997776616178e-05,1.1670790380157125e-06
363,3,1-5,adjust,-0.001806676079558664,2.2788560871658416e-05,4.105699253984818e-05
363,6,1-5,adjust,-0.0013596944603308937,3.600484863419928e-05,2.978288603721993e-06
363,7,1-4,adjust,0.0036897589894439565,-4.211537835116235e-05,4.4207792867861744e-05
363,8,1-5,adjust,2.9766443398442124e-05,-3.178210471522288e-05,6.648570603034684e-05
363,9,1-5,adjust,9.34104553413995e-05,1.885221033174776e-05,2.1840701501356496e-05
364,2,1-7,adjust,-0.0009193505274091842,1.9224761916422407e-05,0.00010675378128656717
364,3,1-7,adjust,0.002438173944329281,-7.50184039414911e-05,4.515325983795801e-05
364,4,1-7,adjust,0.005528385624235357,-2.547269033143768e-05,2.5473523242990383e-05
364,5,1-7,adjust,0.002313195440914702,-6.104791928823843e-08,6.694121217198612e-05
364,6,1-7,adjust,0.0025803115455627387,-1.5388873995803606e-05,7.376315787607818e-06
364,9,1-8,adjust,-4.7321568936687655e-05,1.954559931733729e-05,9.412099391981242e-05
365,2,1-4,adjust,0.0013515469463980473,-4.656692704914846e-05,2.0113494793706643e-05
365,3,1-5,adjust,-0.0008997407493684021,9.057982942666383e-06,6.901965809336863e-05
365,6,1-5,adjust,-0.0017556531679744514,1.5758839191999616e-06,3.638221942044238e-05
365,7,1-4,adjust,-0.0005121049940627387,-1.6529883090116458e-05,1.7351188813452104e-05
365,8,1-5,adjust,0.0024265828135558378,2.6066295569810073e-05,8.955156072553164e-06
365,9,1-5,adjust,-0.0009903462948334164,4.4473478328310635e-06,1.8959095993923404e-05
366,2,1-7,adjust,-0.001368300933972227,-1.63543555377032e-05,2.710267052217226e-05
366,3,1-7,adjust,0.004357182452703264,8.850066289008565e-06,4.85655992795888e-05
366,4,1-7,adjust,-0.0007255544983947482,4.968512997964974e-06,2.1227278455896858e-05
366,5,1-7,adjust,0.004338040137113047,2.974739041734733e-05,1.407818820875676e-05
366,6,1-7,adjust,0.0027916256921647407,5.480111641470582e-06,1.3616869665409363e-05
366,9,1-8,adjust,0.0004311178992166772,4.194886766271186e-06,1.977983727927087e-05
367,2,1-4,adjust,0.0005834278263723717,1.0970056169178377e-05,1.2031190957544869e-05
367,3,1-5,adjust,-0.0013077756594198355,-6.749368403057286e-06,7.16979425144822e-06
367,6,1-5,adjust,0.0011165188927127778,-3.8843490140761176e-05,7.827871815342655e-05
367,7,1-4,adjust,0.0011656376232529507,-1.554476238257313e-06,1.0822480746510097e-06
367,8,1-5,adjust,-0.0008753955877376253,-6.485337948233564e-06,1.6466512640570435e-06
367,9,1-5,adjust,0.0009088756841566513,3.591052577127781e-05,6.048613381104908e-06
368,2,1-7,adjust,-0.00034066634747254227,2.5154134911123228e-05,1.4455391172683229e-05
368,3,1-7,adjust,-0.0010162405571099628,3.3849836364779334e-05,6.200786448560581e-05
368,4,1-7,adjust,-0.0005173618057461696,1.600297706821232e-05,2.7366030720345425e-05
368,5,1-7,adjust,-0.004558095043741934,-6.821621768141594e-05,1.5172180253206292e-05
368,6,1-7,adjust,-0.00022085173293206974,-1.709750098270657e-05,6.282535682429873e-05
368,9,1-8,adjust,-0.0003557598443442384,-9.774282532194925e-06,3.695642995834888e-05
369,2,1-4,adjust,0.0002554427917631298,-5.831581433341947e-05,1.0836731608504448e-05
369,3,1-4,adjust,-0.002203179184054125,-3.8984286185222103e-07,6.451467474886644e-05
369,6,1-5,adjust,-0.002587788181277375,3.792738262602769e-05,4.635556363095455e-05
369,7,1-4,adjust,-0.0003606198634898472,-3.2959609390220967e-06,1.644693506488988e-05
369,8,1-5,adjust,-0.0016894955984780797,-5.01692302509616e-05,2.7207586066562792e-05
369,9,1-5,adjust,-0.0023837297469796173,-6.47061003838154e-05,9.774197422378418e-05
370,2,1-7,adjust,2.418230236743143e-05,3.125998436918512e-05,0.00010128320113842285
370,3,1-7,adjust,-6.064197425555363e-05,1.43426399037294e-05,9.835173539147906e-07
370,4,1-7,adjust,0.0012851601960582565,-1.9809586032311596e-05,2.647962739569299e-06
370,5,1-7,adjust,0.0032221912528842323,2.7903720305473566e-05,2.5435138372584237e-05
370,6,1-7,adjust,0.001567540619185978,2.4645447944619394e-05,4.7539597724933005e-05
370,9,1-8,adjust,0.0007795628832732417,-7.327636067199314e-06,3.681180092860251e-05
371,2,1-4,adjust,0.0002635412438539778,6.697437944341901e-07,1.5888881741657262e-05
371,3,1-4,adjust,0.000987027113068931,4.129417088682644e-08,4.525374088676444e-05
371,6,1-5,adjust,-0.0005567889601451356,-2.355353615535571e-05,4.664779348931948e-05
371,7,1-5,adjust,-0.00015801891772490267,-3.395851447721985e-06,7.762375044889489e-05
371,8,1-5,adjust,0.0005739466566027492,2.8858816280814335e-05,3.4741651017587276e-05
371,9,1-5,adjust,0.0018966174063926211,5.418779753664593e-05,9.371710814140611e-06
372,2,1-7,adjust,0.0027303133076129337,-5.1177636980767125e-05,4.79889894096672e-05
372,3,1-7,adjust,-0.00016130239801475518,4.849496792492165e-07,6.52245625641299e-05
372,4,1-7,adjust,-0.001893885635584987,-1.5205038682136153e-05,4.90369801122851e-06
372,5,1-7,adjust,0.0029100729421013194,3.2209779414714494e-05,2.3361985909427627e-05
372,6,1-7,adjust,0.0004664999425540605,-1.7063526963379754e-05,9.956167623607275e-06
372,9,1-8,adjust,-0.0009901201932436142,-1.0265093065731325e-07,7.002319817844188e-06
373,2,1-4,adjust,-0.0010513704649143325,1.8502613180021017e-05,1.1588034658541397e-05
373,3,1-5,adjust,-0.0007152284888827411,-1.4436834332664787e-06,1.039433898224274e-06
373,6,1-5,adjust,0.0008875880611087591,4.295852923111986e-05,5.81106998089715e-05
373,7,1-5,adjust,-0.002061531416880044,2.3966852386412444e-05,8.221970249803681e-05
373,8,1-5,adjust,-0.0005798667741355177,4.550757894992703e-05,1.0533716893315274e-05
373,9,1-5,adjust,0.002189357605620603,8.533057440566199e-06,7.382030240945622e-05
374,2,1-7,adjust,-0.0017735826206454548,-6.70811873759129e-09,1.0397040855259267e-05
374,3,1-7,adjust,0.0012691831770411549,3.0630580855242937e-06,3.093527886365522e-05
374,4,1-7,adjust,-0.003131695496188449,1.1249410542192029e-06,3.860996498899354e-05
374,5,1-7,adjust,-0.003147532881502637,-3.7144663334653335e-05,4.085428200222597e-05
374,6,1-7,adjust,-0.002509799047448913,-2.284585210862819e-05,1.341336521757888e-05
374,9,1-8,adjust,-0.0005906939778843041,1.259404163414531e-06,3.296937484205721e-05
375,2,1-4,adjust,-0.0009461682777746457,3.495330322395136e-05,6.907948951142285e-05
375,3,1-5,adjust,-0.0005156746502663088,-2.1210701281087822e-05,4.187993216102625e-05
375,6,1-5,adjust,0.00020552603528189225,-1.2697402835547204e-05,4.079342713000376e-05
375,7,1-4,adjust,-0.00018215492080281143,-1.9376038710976494e-05,1.2469406630374704e-05
375,8,1-5,adjust,-0.00026072009762442133,-3.7283407991125925e-05,2.168103950070962e-06
375,9,1-5,adjust,0.0007112896274154949,-4.9793026251496025e-06,1.168996385665474e-05
376,2,1-7,adjust,0.0014640166292780182,-6.4813684796424914e-06,2.809881417353358e-05
376,3,1-7,adjust,-0.003571733421968021,1.202937576290455e-05,6.497906313962024e-05
376,4,1-7,adjust,0.008172560925425723,-5.9876852421158494e-06,5.828719173628385e-05
376,5,1-7,adjust,-0.001992972766753771,3.1244113453248384e-05,6.646998024864876e-05
376,6,1-7,adjust,0.0008490379522855436,5.3565519416120046e-05,8.384852921300911e-05
376,9,1-8,adjust,-0.0019087226608642382,-6.969998469918465e-06,3.788803280350811e-05
377,2,1-4,adjust,0.0006535472437929871,-3.430112744416193e-05,3.445824464578611e-06
377,3,1-5,adjust,0.003591919746264449,1.4384205609677155e-05,6.362346191417748e-05
377,6,1-5,adjust,-0.0010672674577689258,-3.927211298439569e-05,5.0599319091972164e-06
377,7,1-4,adjust,0.00023128171876323817,3.002315604100129e-05,4.690071972700232e-05
377,8,1-5,adjust,-0.0005367512774315548,8.279420020673296e-06,3.230050587575623e-05
377,9,1-5,adjust,0.0026134001248426988,3.128634512819013e-05,0.000111908159868918
378,2,1-7,adjust,0.0006144144877041842,1.249776033672022e-05,1.5227741626371698e-05
378,3,1-7,adjust,-0.0029534203368636247,2.203454871096466e-05,4.278028859720433e-05
378,4,1-7,adjust,-0.003606249298041998,-1.285131668079171e-05,2.5071227773442547e-05
378,5,1-7,adjust,0.0002333145344158362,-4.087894504315067e-05,8.18171703837652e-05
378,6,1-7,adjust,-5.272985457170775e-05,1.3527746334254407e-05,2.1163361012566735e-05
378,9,1-8,adjust,-0.0023396264336795897,-5.263181109469369e-05,5.58291372906599e-05
379,2,1-4,adjust,0.00010310398087914069,1.1090694075602933e-05,4.022498146151693e-05
379,3,1-5,adjust,0.0020775284457441212,-2.6738361843190194e-05,5.863712705843783e-06
379,6,1-5,adjust,-0.0009174568622161154,-1.3296715660064436e-05,5.375961806204976e-05
379,7,1-5,adjust,-0.003819153124638803,-1.842723570872322e-05,7.307902017873176e-05
379,8,1-5,adjust,0.0006404686840047291,-1.9500161460875682e-05,3.631375184059351e-06
379,9,1-5,adjust,-0.000509758066809092,-5.574365115843546e-05,5.4359604944440276e-06
380,2,1-7,adjust,-0.00027772762926066676,-4.568477695970543e-05,4.72062693667124e-05
380,3,1-7,adjust,0.0005312288586292238,2.4656495272888513e-05,7.191418829363057e-05
380,4,1-7,adjust,-0.003505670572136452,7.961319714414298e-06,1.4345724491967877e-05
380,5,1-7,adjust,0.00044261770944226104,5.2437442429507824e-05,5.79373290698457e-06
380,6,1-7,adjust,-0.002220807684847215,1.7303108235302113e-05,7.797675928866993e-05
380,9,1-8,adjust,0.00013219743751044115,8.46846676508553e-06,2.4415613812863665e-05
381,2,1-4,adjust,-0.00033353524068466283,2.1467919863843438e-05,2.6354538135379518e-05
381,3,1-5,adjust,0.00010022736339169221,4.6175056394286265e-05,2.8675584536004204e-05
381,6,1-5,adjust,0.002438600719751445,-5.697552538854808e-05,1.0418536348989994e-05
381,7,1-5,adjust,0.0035358744607735843,1.0618035260316814e-05,7.977321645640718e-05
381,8,1-5,adjust,0.002903242295252571,1.6767957008711875e-05,8.85891326131355e-05
381,9,1-5,adjust,-0.001277117226469638,-9.083109957045321e-06,1.800715534159576e-05
382,2,1-7,adjust,-0.0005129608082227208,2.1536703151728387e-05,4.413741900375876e-05
382,3,1-7,adjust,-0.004356594209383761,-3.276032452584962e-05,6.509501170176571e-05
382,4,1-7,adjust,0.003338973422428208,1.2404902195986103e-05,4.739102265590552e-05
382,5,1-7,adjust,-0.0009591435948513482,1.1999432192889827e-05,8.550841926056287e-05
382,6,1-7,adjust,0.0009473855713089377,-1.8331418935834473e-05,1.2293727848874703e-05
382,9,1-8,adjust,0.001256024033122225,-8.995400033244492e-06,2.2544985377191246e-05
383,2,1-4,adjust,0.00022966712312068912,-1.0237472165162409e-05,3.801019033128715e-07
383,3,1-4,adjust,0.003287126623393019,-8.263282791326025e-06,6.312947358220839e-05
383,6,1-5,adjust,0.00017325848510317735,2.6196175390483188e-05,6.741462351931283e-05
383,7,1-4,adjust,-0.0017895851282915304,-2.178340302116352e-05,5.7805696526547774e-06
383,8,1-5,adjust,0.0016879568731400967,6.53733117083892e-06,5.580798706784408e-05
383,9,1-5,adjust,0.0016042918459177964,4.7753139825232076e-05,5.156641737059945e-05
384,2,1-7,adjust,0.0002832947818990535,-2.4951034488339744e-05,5.915222659212739e-05
384,3,1-7,adjust,0.0038945835041847877,-8.758379931586235e-05,2.9890622535501515e-05
384,4,1-7,adjust,-0.005155915931035091,-1.1422419231809636e-05,8.849098476697139e-07
384,5,1-7,adjust,-0.0006160700631974866,-1.7707291840650016e-05,1.6291542330860732e-05
384,6,1-7,adjust,3.53788718791227e-05,5.437669988602598e-05,4.9399884616243565e-05
384,9,1-8,adjust,0.0003288558165244857,-1.59599593701937e-05,1.9924565783684715e-05
385,2,1-4,adjust,-0.000869742410612806,3.816284681834184e-05,3.328159889430154e-05
385,3,1-5,adjust,-0.0024341318622858018,1.8611949587764725e-05,2.5568949491203983e-05
385,6,1-5,adjust,-0.00010368674192454037,1.170518301068625e-05,7.222867380156153e-05
385,7,1-5,adjust,0.0006762365416817186,5.413238817097683e-06,7.916488876031742e-05
385,8,1-5,adjust,-0.0021034193481850095,8.870108963967365e-06,5.379946455639502e-05
385,9,1-5,adjust,-0.0003061009966800266,-2.0397143287736912e-05,3.0449956679023147e-05
386,2,1-7,adjust,0.0011429451012353248,-3.465640774007185e-05,3.4524770291094876e-05
386,3,1-7,adjust,-0.004364629974354212,3.74011359066045e-05,2.687679789665296e-07
386,4,1-7,adjust,0.0013240018901586245,3.6392973397197684e-05,4.307847575706681e-05
386,5,1-7,adjust,0.00031485899414019177,3.785329265839841e-07,3.345543328351166e-06
386,6,1-7,adjust,0.0009959976237362595,-3.264687823717101e-05,7.046187163715312e-05
386,9,1-8,adjust,-0.00047066688944370994,5.359251149474447e-05,7.814051996914544e-05
387,2,1-4,adjust,-0.000187603502166522,4.013362814764264e-05,2.9078512287189047e-05
387,3,1-5,adjust,0.0009095322794886143,1.595119717923e-05,3.68384429558259e-05
387,6,1-5,adjust,-0.0003821122662101127,4.509699007300891e-06,9.821223307351828e-05
387,7,1-4,adjust,-0.002942931890461847,-2.4580276751842456e-05,5.072900491505276e-05
387,8,1-5,adjust,-0.0012592697288213522,-2.4390810854217963e-05,3.694366744984355e-05
387,9,1-5,adjust,-0.00015108994450003594,2.3875280641357166e-05,2.442882732175608e-05
388,2,1-7,adjust,0.0004045103868025107,-3.698511873142975e-05,5.069832358250235e-05
388,3,1-7,adjust,0.0007684044895043487,-2.8451107193073915e-05,2.5141755004588354e-05
388,4,1-7,adjust,0.0016370781894711195,-1.510051840853872e-05,9.187592727516754e-06
388,5,1-7,adjust,9.75951765171777e-05,5.680076949534443e-06,4.0086453938691746e-05
388,6,1-7,adjust,-0.001979860745924184,1.782624245851546e-05,9.828317585587504e-05
388,9,1-8,adjust,-0.0010368838814084408,-4.7856019014643766e-05,4.621806304606477e-06
389,2,1-4,adjust,0.0004798605732073137,7.167438875037317e-05,2.6031451257753694e-05
389,3,1-4,adjust,0.0005999480229527735,1.922135469899578e-07,6.585051243047768e-05
389,6,1-5,adjust,0.0007509685644122883,5.754081406157551e-06,8.267170717526635e-05
389,7,1-4,adjust,0.00029361003487718266,-3.2125093856823946e-05,5.761423503267725e-05
389,8,1-5,adjust,0.00109116194294123,3.75557258192103e-05,4.013522853683132e-05
389,9,1-5,adjust,0.0006474437077221702,4.7532706724033344e-06,1.9090494100218956e-05
390,2,1-7,adjust,0.0002415813666463497,-3.8834678769183913e-05,0.00011587448728189277
390,3,1-7,adjust,-0.0015283794041068349,-2.7181452791123507e-05,2.6064331716600575e-05
390,4,1-7,adjust,0.004813404372325006,2.2321548356853216e-05,1.4392434788670086e-05
390,5,1-7,adjust,0.0019293997060526899,3.0478217478966066e-07,2.6894497334836783e-05
390,6,1-7,adjust,-0.00024564263325725226,-3.2822277418296646e-05,7.102988202322937e-05
390,9,1-8,adjust,0.0008155139340475685,2.5143706201961038e-05,0.00012577294003741392
391,2,1-4,adjust,-0.0005719463554624787,4.944485682106721e-05,5.636186466316497e-06
391,3,1-5,adjust,0.0031866157576023453,3.09438035951661e-05,1.4853160317342628e-05
391,6,1-5,adjust,0.0011153630081430375,6.790827538733505e-07,1.668038622827086e-05
391,7,1-4,adjust,0.003501610510806464,1.1124904142710954e-05,4.534099675524043e-05
391,8,1-5,adjust,-0.00017685031271260542,-1.5757094091106171e-06,2.3535700544982674e-05
391,9,1-5,adjust,0.0007904475125741547,-1.0742312591598906e-06,2.5592376218363732e-05
392,2,1-7,adjust,0.00039514494952548894,-4.608401475006395e-05,3.436156391637583e-05
392,3,1-7,adjust,0.00441282108365482,-3.2632893183366056e-05,5.394916727646143e-05
392,4,1-7,adjust,0.0003978611176864704,1.1043514949683405e-05,5.361730145928891e-05
392,5,1-7,adjust,-0.0013879725272577168,-3.244516545339385e-05,5.6727419640437045e-05
392,6,1-7,adjust,0.0001537643894920504,-6.202392010360495e-05,1.3233489188371851e-05
392,9,1-8,adjust,-0.0009457931942429058,-4.447611663168841e-06,1.3886328274165227e-05
393,2,1-4,adjust,-0.0015822618264045485,1.2132617654983722e-05,4.292302687119717e-06
393,3,1-4,adjust,-0.0007263313386800365,-1.785128658038632e-06,4.948988974351078e-05
393,6,1-5,adjust,-3.622091657814848e-05,1.1635805182239128e-05,0.00010539165389215529
393,7,1-5,adjust,-0.0004230728371967727,-9.557914672143209e-06,8.172012363202855e-05
393,8,1-5,adjust,-0.001649764018532131,-2.3621353710321408e-05,3.78082143191639e-05
393,9,1-5,adjust,0.0010941590580615117,-5.989517069502549e-06,1.9181302642113808e-05
394,2,1-7,adjust,0.0012629177273565581,-3.334491286542584e-05,4.535777015667413e-05
394,3,1-7,adjust,0.0031783414914248495,-3.875733257367375e-05,3.395669684809155e-05
394,4,1-7,adjust,0.0033385560761614538,-2.4420666913284227e-05,3.262817328812699e-05
394,5,1-7,adjust,0.002288932430349575,9.000123118236003e-06,6.274524180715386e-05
394,6,1-7,adjust,0.0013793317743915838,4.062217679045654e-05,7.383049949252824e-06
394,9,1-8,adjust,-0.0014877156120770708,6.3227572423966405e-06,3.0732858725351884e-05
395,2,1-4,adjust,0.0004947802535784682,-7.536668443292601e-06,5.4316686981615034e-05
395,3,1-4,adjust,-0.0003166892975928131,-1.161842942323151e-05,9.232456473272064e-05
395,6,1-5,adjust,0.001211237903981524,4.574932348718877e-05,1.4218129417567608e-05
395,7,1-5,adjust,-0.0006633298294139373,2.1997342719952728e-05,6.68969416222699e-05
395,8,1-5,adjust,0.0014549702806195158,-8.212735511801033e-06,2.2841283221326827e-05
395,9,1-5,adjust,0.0001982050901716031,1.113828201564343e-05,1.7993255421301228e-05
396,2,1-7,adjust,0.00063452381685453,-2.2431926741160075e-05,7.710330109821212e-06
396,3,1-7,adjust,-0.00041940705166261267,2.5022644763862566e-05,9.03428371329062e-06
396,4,1-7,adjust,-0.0014285048814672216,-9.826078672595184e-06,2.0433539922449126e-05
396,5,1-7,adjust,0.0028096667301276633,6.4488333690398396e-06,1.2595567249093685e-05
396,6,1-7,adjust,-0.0014580778382421405,-4.432764578501658e-05,3.702798933609503e-05
396,9,1-8,adjust,-0.0006514430948876922,-7.249301970879681e-06,2.385227181044816e-05
397,2,1-4,adjust,0.00015869772098469503,-4.383356375572576e-05,6.846834534056696e-05
397,3,1-5,adjust,-0.0012176906291859696,4.120787069428989e-05,5.3203552756837534e-05
397,6,1-5,adjust,0.0004768981057031089,1.5283639693561804e-06,2.561289554952407e-05
397,7,1-4,adjust,0.0014146367325577188,8.078530817604374e-06,1.1308702150847572e-05
397,8,1-5,adjust,9.060296200421455e-05,3.292477009368257e-06,2.312955266913298e-05
397,9,1-5,adjust,-0.0003076252548921223,-9.93598543078165e-06,5.316438678980484e-07
398,2,1-7,adjust,-0.0011599990944222726,7.46817624212376e-05,5.043000033761246e-05
398,3,1-7,adjust,-0.0004421260907442996,-5.110383706220515e-06,1.610197422380539e-06
398,4,1-7,adjust,-0.0012563318845406836,3.703626486635904e-05,1.921492024564699e-05
398,5,1-7,adjust,-0.000299925387712967,2.3330875712439512e-05,5.772890127427025e-06
398,6,1-7,adjust,-0.0003790552535159297,9.149760370017031e-06,4.060568723177663e-05
398,9,1-8,adjust,0.0001572731747831535,4.564871511298079e-06,3.6510855132797516e-06
399,2,1-4,adjust,-0.0013033348806413003,1.8328235615570164e-05,7.4297584859954844e-06
399,3,1-4,adjust,-0.0003418459563263034,-1.3819031581566402e-05,6.195249457314972e-05
399,6,1-5,adjust,0.0015491996486858511,-6.515263641057743e-06,3.796190140403911e-05
399,7,1-4,adjust,0.001092175963521785,5.862302338684745e-05,2.8689200917229366e-05
399,8,1-5,adjust,0.002074129136514433,1.213001515960779e-05,2.0182153148183772e-05
399,9,1-5,adjust,0.0005604024482209281,1.9926011607274605e-05,5.853888948390226e-05
400,2,1-7,adjust,-0.0017150191335316618,2.6415316606895862e-05,6.325719221914001e-05
400,3,1-7,adjust,0.000333638798801423,-3.841528200105209e-05,5.8801364946942236e-05
400,4,1-7,adjust,-0.002939426423633715,1.0690390199194593e-05,7.644434981783118e-06
400,5,1-7,adjust,-0.004401112919015132,3.738988933702195e-06,2.0794232462235965e-05
400,6,1-7,adjust,-0.00264066986068013,-1.958014777416215e-05,5.8902092770960394e-05
400,9,1-8,adjust,0.0005407542150410653,2.2233707121180612e-05,1.5781499249540882e-05
401,2,1-4,adjust,0.0009595557202967309,-5.520249065771371e-06,4.5935950794467646e-05
401,3,1-5,adjust,-0.0027733886604974674,3.365943156936679e-05,1.5728358272587943e-07
401,6,1-5,adjust,-0.00030904648077468883,-2.729163681962762e-06,3.133059769778951e-05
401,7,1-4,adjust,-0.0028722674503290266,-2.735251698909566e-05,9.67445121256832e-05
401,8,1-5,adjust,0.0006244594279741735,4.6596830010544745e-06,5.87504947265657e-05
401,9,1-5,adjust,0.0005420468594342392,-1.0078767580614875e-05,5.8608322218465836e-05
402,2,1-7,adjust,-0.0002286170946895675,1.711845784401291e-05,9.9570639575386e-06
402,3,1-7,adjust,0.0017131005107490721,2.7570690625438533e-05,2.5547295704521136e-05
402,4,1-7,adjust,-0.002259321839348017,4.228730966993365e-06,8.048112241647324e-06
402,5,1-7,adjust,-0.0008837004194612414,7.157204885321468e-07,4.146542514022655e-05
402,6,1-7,adjust,-0.001892170414488903,1.3890936580106e-05,3.2958202360936695e-05
402,9,1-8,adjust,0.0002008406340823738,3.858043061449228e-06,8.792120393552643e-05
403,2,1-4,adjust,-7.26589944073413e-06,4.5157381921896535e-06,5.885991572722864e-05
403,3,1-5,adjust,-0.0016591740460525704,6.256333341985382e-06,4.504638403189497e-05
403,6,1-5,adjust,0.0017795219811354323,1.903946300636811e-05,1.8254469337330307e-05
403,7,1-4,adjust,0.0021100290900387185,-1.7774166348224945e-05,3.667978192403216e-06
403,8,1-5,adjust,-0.001250886054617495,2.7404039878611074e-07,0.0001302555178962513
403,9,1-5,adjust,-4.768981839984707e-05,7.299532149886743e-06,8.05145359830891e-06
404,2,1-7,adjust,-6.870579756260217e-05,-1.2655878605700006e-05,5.727221317985e-05
404,3,1-7,adjust,-0.00014767794429072358,-4.87227890382952e-05,1.338041918833244e-05
404,4,1-7,adjust,0.002105502741669451,-3.248613563452989e-05,1.9272241575990075e-06
404,5,1-7,adjust,0.0007843989075114071,-2.6056226289666454e-05,9.0727768844585e-06
404,6,1-7,adjust,0.00012505005060969816,-3.7356727841313884e-05,5.3258872966829626e-05
404,9,1-8,adjust,-0.00010270386354047168,-4.650884811012443e-05,3.086651529321707e-05
405,2,1-4,adjust,0.0001815970165462914,-3.266486545147107e-05,5.07744236518796e-05
405,3,1-5,adjust,-0.0007823696826083729,2.4012797592782466e-05,4.13697711643716e-05
405,6,1-5,adjust,0.0009432588805282756,1.1171621564777482e-05,3.103952765959412e-05
405,7,1-4,adjust,1.4512335485820716e-06,6.556049726456887e-05,1.7734008706804815e-05
405,8,1-5,adjust,0.0008454718199950402,2.004712636141674e-05,4.997166181824157e-05
405,9,1-5,adjust,-0.00030836809258682194,2.445984396622373e-06,4.965962595374393e-05
406,2,1-7,adjust,-0.0001587527075078633,2.8863812845676782e-05,4.478941807503147e-06
406,3,1-7,adjust,0.0023734875870964353,1.052057213398353e-05,1.168541306930928e-05
406,4,1-7,adjust,-0.00017108873276488651,-2.930534628613142e-06,1.9122404642598753e-05
406,5,1-7,adjust,-0.001612129738493596,4.6199891988006456e-07,1.9551604788077806e-05
406,6,1-7,adjust,-0.0009445395194937384,3.250247379026834e-05,1.3567612944500813e-05
406,9,1-8,adjust,0.00039001365146907046,4.702618502153636e-05,2.020794435665655e-05
407,2,1-4,adjust,-5.71617622663035e-05,4.1093697301285915e-06,1.3947571947424707e-05
407,3,1-5,adjust,-0.0011923722796167077,3.313072743790781e-05,2.687144796867276e-05
407,6,1-5,adjust,-0.0005299072617908696,-8.693243520735174e-06,6.460636405217222e-05
407,7,1-4,adjust,-0.0023648681278304225,-4.088108235454428e-05,3.683703534313329e-05
407,8,1-5,adjust,-0.00115152469321714,3.994117815109556e-06,9.177757067477019e-06
407,9,1-5,adjust,-0.0018729971906948635,-1.803477014427471e-05,2.1768169420449836e-05
408,2,1-7,adjust,-0.0010900127856481258,-1.6338658684038746e-06,5.9117119650115635e-06
408,3,1-7,adjust,-0.0010113761413990834,-1.67407331506328e-05,1.8117883124146444e-06
408,4,1-7,adjust,-0.0006177257702000212,-7.548084500042325e-06,1.5162715965447537e-05
408,5,1-7,adjust,0.0005418383300441258,-5.451487728629461e-06,8.588459985185964e-07
408,6,1-7,adjust,-0.001325115486374949,-1.3845510266690045e-06,0.00010856611860732862
408,9,1-8,adjust,0.0013552251358267952,2.3365796691626306e-05,7.654071907023243e-05
409,2,1-4,adjust,0.0003134827569334827,-3.8517278955764804e-06,2.019500478006446e-05
409,3,1-5,adjust,-0.002059773490100085,2.0756836367246245e-05,6.543249143493771e-05
409,6,1-5,adjust,-0.00043772615687211506,7.553452381878685e-06,3.1052296715579077e-06
409,7,1-4,adjust,-0.00038072062057736334,-2.055357282384045e-05,8.693065846867928e-07
409,8,1-5,adjust,0.0003570327276805607,-4.824242688383406e-06,5.06567300111918e-06
409,9,1-5,adjust,0.0008587706952257264,-8.79694560790583e-06,0.00010253945064961988
410,2,1-7,adjust,-9.091469012940183e-05,8.167274165799762e-06,3.085166920840982e-05
410,3,1-7,adjust,0.0024113197329409626,-1.8343596284881447e-05,2.699774995798378e-05
410,4,1-7,adjust,0.0035171439718522956,-9.59729235501849e-06,1.0584654228022077e-05
410,5,1-7,adjust,0.002382512280477782,4.784520899444166e-06,1.1663477059328258e-05
410,6,1-7,adjust,0.0019354325537568127,-2.6270156320159858e-05,1.1997951834668462e-05
410,9,1-8,adjust,0.001417573902085684,-1.6746253973359164e-05,7.693828170158318e-05
411,2,1-4,adjust,0.0024726483019286505,-3.489429823757745e-05,4.7883583634832285e-05
411,3,1-4,adjust,0.0004917452447198345,-5.802015249945712e-05,6.074485398860411e-05
411,6,1-5,adjust,0.00025279574619512614,-8.131643725944435e-07,2.98856733519997e-05
411,7,1-4,adjust,-0.00043976763217593013,3.1161320606032034e-05,6.294116431581831e-05
411,8,1-5,adjust,-0.0022636858670953054,-5.417832752021023e-06,2.9663938986233372e-05
411,9,1-5,adjust,0.0005680217175286902,3.416516843572279e-07,6.142855084625791e-05
412,2,1-7,adjust,-2.1581175275350283e-05,-1.1421016657093414e-05,4.547941480613948e-06
412,3,1-7,adjust,-0.004442148551833588,6.504799140887591e-05,1.0527410629824007e-05
412,4,1-7,adjust,0.0013318144440100034,3.23758164093837e-05,5.523809627243491e-07
412,5,1-7,adjust,-0.0015703922614385957,-2.2814818681968848e-05,1.0210695304839687e-05
412,6,1-7,adjust,-0.002055458213470221,-6.191457983103096e-06,1.8797842798220698e-05
412,9,1-8,adjust,-0.0019146180950946764,6.901335942861899e-06,7.502557940111359e-05
413,2,1-4,adjust,-0.0002337836518831627,4.61386006152382e-05,7.112932736942878e-05
413,3,1-4,adjust,0.002696779803626722,-4.7860207534086344e-05,8.432899083089418e-05
413,6,1-5,adjust,0.0014715757411604697,1.9363205377544223e-05,9.559815910586015e-05
413,7,1-5,adjust,0.0010004998398415892,-2.811527144691075e-05,7.642778201520919e-05
413,8,1-5,adjust,0.0007140876910375089,-3.3348123372322266e-05,5.4376264745507203e-05
413,9,1-5,adjust,-0.0007621260644998871,-4.647036454657027e-05,3.027401162114621e-05
414,2,1-7,adjust,0.0019101743170836442,-1.2247223349744237e-05,4.323509719635595e-05
414,3,1-7,adjust,-0.0024724090584058722,3.561990866994001e-05,5.234569814859047e-05
414,4,1-7,adjust,-0.0002202615691778357,-5.204967015911239e-05,3.913087895577697e-05
414,5,1-7,adjust,0.0007878040356513456,6.548549046372329e-07,1.9864684704958884e-05
414,6,1-7,adjust,0.0009022255016692197,3.0178896066692138e-05,6.119099189310872e-05
414,9,1-8,adjust,-0.001344851954521802,1.596995062660358e-05,2.9483332003318415e-05
415,2,1-4,adjust,-0.0008202263516085696,-1.3436223122473795e-05,3.16109131835623e-05
415,3,1-4,adjust,0.00391564969534956,-2.281555928553282e-05,8.581153433881225e-05
415,6,1-5,adjust,-0.0003401039139420119,-2.629593913406985e-05,5.4733325637800734e-05
415,7,1-4,adjust,0.0019313353463373594,1.554210551520734e-05,3.169872901261907e-05
415,8,1-5,adjust,-0.0021634856681795106,5.32864323467849e-05,8.731576408845628e-06
415,9,1-5,adjust,-0.0001471969721519216,-5.32154115773523e-05,3.614296375098999e-05
416,2,1-7,adjust,0.00021085313063538412,-5.680606724092767e-06,2.7308648112152264e-05
416,3,1-7,adjust,0.00025050390390942166,8.454205177930538e-06,5.279080584532186e-05
416,4,1-7,adjust,2.211928020421468e-05,1.1716166182872431e-05,7.504514506080332e-05
416,5,1-7,adjust,-0.000140992755952292,-5.760101962118669e-06,2.281776078111909e-05
416,6,1-7,adjust,0.0005252531812601179,3.069826696283963e-06,7.889214625398652e-05
416,9,1-8,adjust,5.020625805476614e-05,1.859825896024596e-05,2.971171172983524e-05
417,2,1-4,adjust,0.00016287941943315712,1.9000678299625857e-07,1.7896905914601953e-05
417,3,1-4,adjust,0.0006863368501741714,9.242309710858293e-07,4.917697177527812e-05
417,6,1-5,adjust,0.0002943924120652375,-1.167947785192252e-05,3.060000376002647e-05
417,7,1-4,adjust,-0.0038210658318166956,1.3823795495347569e-05,2.5839048629920953e-05
417,8,1-5,adjust,0.0014769535808332782,-2.2608848632027956e-05,3.1639213679040567e-05
417,9,1-5,adjust,-0.0004094673764967045,-3.4826432258644647e-07,2.9437274121656516e-05
418,2,1-7,adjust,-0.0003931230485444891,-2.238304922951865e-05,4.327138643156117e-05
418,3,1-7,adjust,-0.003355351817073069,1.3919816268277365e-05,4.232582646663685e-06
418,4,1-7,adjust,-0.0034225632661854678,1.786661970652668e-05,2.1210017412294502e-05
418,5,1-7,adjust,-0.003378832576800776,2.185948422118595e-05,2.8916775398313858e-05
418,6,1-7,adjust,-0.0033285939741252877,-5.140645090369824e-05,2.229676754598383e-05
418,9,1-8,adjust,0.0015654523420427413,3.709324213050483e-05,4.7231695482386934e-05
419,2,1-4,adjust,-8.295216985540005e-06,2.534543329421295e-05,1.4477323699842306e-05
419,3,1-4,adjust,0.000795089164250198,3.7132261988271025e-06,6.715655963267362e-05
419,6,1-5,adjust,-0.0009673048405629148,3.708858920805194e-05,7.805657587931254e-05
419,7,1-4,adjust,-0.0007178261230630624,-2.8891328169502866e-05,1.7758052672536897e-05
419,8,1-5,adjust,-0.0010792768136049316,-6.856277631950878e-05,7.261403973564977e-05
419,9,1-5,adjust,-0.0023396688485414403,-4.34536952103419e-05,4.4354095870631e-05
420,2,1-7,adjust,0.00031885278840880976,-2.866870913934992e-05,3.3795845040130296e-05
420,3,1-7,adjust,0.0018604057437951846,-2.2134227684892507e-05,2.0172506309218485e-05
420,4,1-7,adjust,0.0007103034710985491,-1.7347948800478927e-05,1.3114621940881618e-05
420,5,1-7,adjust,-0.002685978032035338,-6.090326746753123e-06,0.0001130899575602087
420,6,1-7,adjust,-0.0001536374176726304,-6.416870312814438e-06,6.820410721978859e-05
420,9,1-8,adjust,-0.00023517501031998454,-1.1969195177347427e-06,3.524471395383029e-05
421,2,1-4,adjust,-0.0007087033784523704,2.6151847483865594e-05,2.616835573023598e-05
421,3,1-5,adjust,-0.0012424602097260685,-1.671329252819479e-05,8.25481526636825e-06
421,6,1-5,adjust,-0.0023142409371522824,1.4802529670816025e-05,1.6096949583520184e-06
421,7,1-4,adjust,-0.002572490280744612,5.882847682338118e-06,3.0498986507112553e-05
421,8,1-5,adjust,-0.0010482954967613446,2.9967441735160508e-05,1.364930969394636e-05
421,9,1-5,adjust,0.0013418117011014718,3.828378902729033e-05,4.168533088247776e-05
422,2,1-7,adjust,0.00017233650771743755,-3.102653657499942e-05,6.754814219229295e-06
422,3,1-7,adjust,-0.0007216098386691258,1.94253272956577e-05,4.099457268541996e-05
422,4,1-7,adjust,-0.005020981108866647,1.406676631787165e-05,1.5299021276536794e-05
422,5,1-7,adjust,-0.002865896157195168,-3.9117805683600685e-05,4.215132729169503e-05
422,6,1-7,adjust,-0.000786476572464154,-1.7995422746837766e-05,7.977536458135847e-05
422,9,1-8,adjust,6.59068639695721e-05,-8.424806348228576e-06,1.6491385503951544e-05
423,2,1-4,adjust,-0.0012476814417276634,2.9862214961349886e-06,8.496250674576547e-05
423,3,1-5,adjust,-0.0009637778863139444,2.1472224366730883e-05,5.003846974666866e-06
423,6,1-5,adjust,-0.0009328188892713984,-2.7638586345155794e-05,0.00012373518482421516
423,7,1-5,adjust,-0.0026296832221566094,6.7379038960764024e-06,9.105641190800204e-05
423,8,1-5,adjust,-0.0010515901606071628,-5.9541326033531835e-05,0.00011606603338205122
423,9,1-5,adjust,0.00017268521719233498,-2.0948761292981366e-05,3.392029825223564e-05
424,2,1-7,adjust,-0.0007723761984128074,3.972446286377431e-05,6.45021806036333e-05
424,3,1-7,adjust,0.0019968581374806495,7.65511511895415e-06,0.00012741451980760696
424,4,1-7,adjust,-0.0035826295522388683,3.050903263382553e-06,0.0001010756637774497
424,5,1-7,adjust,0.0014511834352073528,4.2515630413606085e-05,9.835983984117504e-05
424,6,1-7,adjust,-0.0013701398397220968,-1.3614919427433494e-05,0.00010151675539715364
424,9,1-8,adjust,-0.0016282205148876016,-4.894997337280404e-05,7.688639318692441e-05
425,2,1-4,adjust,-0.0009100013539868139,5.3991488253055626e-05,7.697037252530435e-05
425,3,1-5,adjust,-0.0025731782026324583,1.696053989062199e-05,1.0961305031929986e-05
425,6,1-5,adjust,0.002700949851494146,-2.8196078324642808e-05,6.296363615132351e-05
425,7,1-4,adjust,0.005935749622563946,-5.8163399349120225e-05,4.436789187749932e-05
425,8,1-5,adjust,0.0018568070183284744,2.114750852923468e-05,3.0089225701631937e-05
425,9,1-5,adjust,0.0014172822825925613,7.411357114167047e-05,2.1919826561045362e-05
426,2,1-7,adjust,0.003095878794223122,-5.286623022904419e-05,3.491626242650268e-05
426,3,1-7,adjust,0.005447794542475201,-6.739139059898656e-05,1.0646247797114024e-05
426,4,1-7,adjust,0.003199677655450205,1.7327751466622153e-05,5.9386843837100805e-05
426,5,1-7,adjust,0.006221598363871058,1.586649103606757e-05,1.183488635702792e-05
426,6,1-7,adjust,0.0015669457009571774,4.005389215877145e-05,6.298909026812304e-05
426,9,1-8,adjust,-0.0009085569141176264,-4.13977575070125e-05,3.0354951155238814e-05
427,2,1-4,adjust,-0.0018748811382987656,4.963492950958045e-06,1.762288802285148e-05
427,3,1-5,adjust,-0.0022441712279965003,3.5363972127090286e-05,5.5326934611452966e-05
427,6,1-5,adjust,0.0014317821493246108,3.9558806579877225e-05,4.8855722176775e-05
427,7,1-4,adjust,-0.0001478224042673318,2.8034758517292345e-05,9.589295758172837e-05
427,8,1-5,adjust,0.0035787141048561795,6.162633098549549e-05,1.3318319566899502e-05
427,9,1-5,adjust,0.0001015700714631165,1.2076040513780267e-05,1.6468015195555533e-05
428,2,1-7,adjust,0.0022846696663531,-2.9717099374147532e-05,8.13115401503571e-06
428,3,1-7,adjust,0.0008565499287565715,1.3169315421862654e-05,1.496530465511557e-05
428,4,1-7,adjust,0.0015740442770361223,-4.906817086834864e-06,6.367463282542496e-05
428,5,1-7,adjust,-0.0021474251062369555,-2.5709767847858657e-05,5.956573898313647e-06
428,6,1-7,adjust,-0.0005021796031269775,-1.3385409280436292e-05,4.298917617674762e-05
428,9,1-8,adjust,0.00125489504132509,1.320755716871244e-05,0.00014622073925061948
429,2,1-4,adjust,-4.6499192581502e-05,2.1038324052532813e-06,5.644102526723265e-07
429,3,1-5,adjust,-0.0014225449420361565,-1.2145003131826683e-05,5.5456201682711465e-05
429,6,1-5,adjust,-0.0007998768248373357,2.662398912712444e-05,3.074541348576614e-05
429,7,1-4,adjust,-0.0007106010074328026,6.202679488545482e-07,5.50869015096275e-05
429,8,1-5,adjust,0.0019527047170649324,2.0385916397113418e-05,3.474444262681134e-05
429,9,1-5,adjust,-0.0001237430177790463,3.2930211958599743e-06,3.69840188148532e-05
430,2,1-7,adjust,-0.0009296224176703699,-1.2720066799150286e-06,5.5666910085303775e-05
430,3,1-7,adjust,0.0004117016809640333,1.240119279005654e-05,6.182163802038743e-06
430,4,1-7,adjust,0.00135062150374285,3.8281346427662586e-05,2.4994421404149175e-06
430,5,1-7,adjust,-0.0035891167544246758,-1.0604848998365552e-06,3.876434242591818e-05
430,6,1-7,adjust,0.0005328935087962987,1.118681274066031e-05,8.900974772242052e-05
430,9,1-8,adjust,0.0007619719363199769,6.456200359827822e-05,0.0001527946420438178
431,2,1-4,adjust,-0.0011310624606805716,6.553702036233573e-05,2.3788879876251886e-06
431,3,1-5,adjust,-0.001316019963402008,6.88984534895172e-05,2.5673159367628038e-05
431,6,1-5,adjust,-0.0012689127642784284,-7.388875890243259e-06,0.00011117496248722701
431,7,1-5,adjust,-0.001514901417043992,-1.4892050479265512e-05,0.0001201554088336528
431,8,1-5,adjust,-0.001307991289499824,-5.809280119920802e-05,3.85601899503188e-05
431,9,1-5,adjust,0.0009332465099121416,2.1366324668436785e-06,3.474317551718218e-05
432,2,1-7,adjust,0.0002540089933098018,-2.9147168541586954e-05,1.9523448206886623e-05
432,3,1-7,adjust,0.0004217732214730914,-3.595811005981313e-05,6.537567987245207e-05
432,4,1-7,adjust,0.0012708564503353394,-3.0593420505607565e-05,5.261801990690376e-05
432,5,1-7,adjust,0.0043495377768862815,-6.876084110630387e-06,0.00010494052687650481
432,6,1-7,adjust,-7.380804961161768e-05,-3.7586362399075195e-05,6.700401598884481e-05
432,9,1-8,adjust,-0.00046598503780711365,-1.124091515452601e-05,0.00019977869186482076
433,2,1-4,adjust,-0.0010509456886814066,-4.3105990451598755e-06,6.028822316472392e-06
433,3,1-5,adjust,0.0012104420027829897,-4.552000584078465e-06,6.829099349573362e-05
433,6,1-5,adjust,0.0021510817878532032,-3.4285976268368096e-05,9.229195735266709e-05
433,7,1-5,adjust,-2.2547050469141415e-05,-2.8295415264371595e-05,0.00011528718077774245
433,8,1-5,adjust,-0.0017977573015938125,1.0773006513507183e-05,2.65875058488428e-05
433,9,1-5,adjust,0.0023736247685607432,1.4875472461643785e-05,3.8448066388346896e-05
434,2,1-7,adjust,0.0026548675617628814,-0.00010086702960474594,7.86518295803853e-05
434,3,1-7,adjust,0.0011185878624570171,-7.584071602354287e-05,4.937592618123168e-05
434,4,1-7,adjust,0.0011405132360709014,-3.1126409077902744e-05,7.93916946476544e-05
434,5,1-7,adjust,0.002050034809937016,1.8569259405008153e-05,2.130966538961333e-05
434,6,1-7,adjust,-0.001239376386531706,3.89937843496733e-05,4.010514398036691e-05
434,9,1-8,adjust,-0.0021075495712385576,-1.2145983064040146e-06,0.00016640413727885556
435,2,1-4,adjust,-0.0009710630537910473,4.8777225330368755e-05,4.8548141309367883e-05
435,3,1-5,adjust,-0.0004687051047308535,3.3894584445199875e-05,2.492386583523169e-05
435,6,1-5,adjust,0.0018761283731243692,2.0338142530934206e-05,1.3395016497838467e-05
435,7,1-4,adjust,0.002288291640941851,-1.062969604184928e-05,3.6224958193311504e-05
435,8,1-5,adjust,-0.0006593478131045134,7.547255858118072e-06,3.927343204019437e-05
435,9,1-5,adjust,-7.925037512376956e-05,-3.449473486828069e-05,5.5424025316395806e-05
436,2,1-7,adjust,0.0014491832183956348,-1.9093757427712904e-05,0.00011898268216521416
436,3,1-7,adjust,0.0015215612443689236,-1.0903180337302263e-05,6.703993137326244e-05
436,4,1-7,adjust,0.002692959286407145,2.9952697100656046e-05,6.656913716922615e-05
436,5,1-7,adjust,0.0033613079120789003,2.0335203797301437e-05,2.0601255386702293e-05
436,6,1-7,adjust,0.0011480319888342591,1.4536064626237504e-05,5.602531618165765e-05
436,9,1-8,adjust,-0.0013488745286247387,-1.1220869032422009e-06,0.0001427135067599168
437,2,1-4,adjust,0.0007680575870552867,7.614367076799834e-06,6.948947688107225e-05
437,3,1-5,adjust,-0.0008870095023619179,-4.517547133013182e-06,7.596946397646455e-06
437,6,1-5,adjust,0.0018326802719662294,1.873755460362866e-05,1.3857851401520704e-05
437,7,1-4,adjust,0.008513673740149734,3.629190945115035e-05,7.655737836322058e-05
437,8,1-5,adjust,0.0021884721560170755,3.834274558347399e-05,5.049486825848435e-05
437,9,1-5,adjust,0.0013173766181268773,3.081459630144689e-05,2.7993518459900687e-05
438,2,1-7,adjust,-0.0002773484830854262,-7.339448734205623e-06,0.00010732890809590647
438,3,1-7,adjust,0.0022490782196355275,-2.359193693399189e-05,4.765963914465682e-05
438,4,1-7,adjust,-0.0019434796651093642,-6.0339391098432536e-05,5.899999116599803e-05
438,5,1-7,adjust,0.005500771375888869,-1.7210896286077735e-05,8.67727841800196e-05
438,6,1-7,adjust,0.00276610920707918,-3.7362736634630572e-06,5.3961948165733794e-05
438,9,1-8,adjust,-0.0005765414879215998,-1.6378711817873485e-05,6.193164759759144e-07
439,2,1-4,adjust,-0.0002904348215078914,-6.345849889377074e-06,1.6761477148754726e-05
439,3,1-4,adjust,-0.0026118987430008714,-6.494824557499455e-05,5.372891170819732e-05
439,6,1-5,adjust,-0.0004239098883463736,9.217528010262067e-05,0.00012601791735830853
439,7,1-5,adjust,0.00031190350935028324,2.8270053712436566e-05,8.695616446547372e-05
439,8,1-5,adjust,0.0017145297479691439,8.32032985543929e-06,0.00011498858643936073
439,9,1-5,adjust,-0.0005858496839434967,-5.551771353325579e-06,3.927308672993885e-05
440,2,1-7,adjust,-1.8984570701135214e-05,-2.98856072431089e-05,5.7639131831687705e-05
440,3,1-7,adjust,-0.0007968730856347636,7.599118810077417e-06,6.489576019998404e-05
440,4,1-7,adjust,0.0004502627274474006,2.3753568981291564e-05,2.4287902554804575e-05
440,5,1-7,adjust,0.0013955858297086618,1.3217669273734044e-05,7.875337327718523e-06
440,6,1-7,adjust,0.0021953914893572037,-2.7637060780192985e-05,4.340428526841494e-05
440,9,1-8,adjust,0.0003845265813660561,-3.39338509554857e-05,1.3897734304552403e-05
441,2,1-4,adjust,-0.0012591334760058493,2.2719228107896386e-05,4.086347440985415e-05
441,3,1-4,adjust,0.0010272968411112137,8.86493505586316e-06,5.35782010306064e-05
441,6,1-5,adjust,0.0026497047788307903,-3.829966428910393e-05,9.357327032379112e-05
441,7,1-5,adjust,0.002910444737513929,3.160157432228049e-05,7.383014621265002e-05
441,8,1-5,adjust,0.0032235978500996126,1.2520853857717152e-05,8.652716063769106e-05
441,9,1-5,adjust,0.0009986441722728237,7.425711473742005e-06,6.11033734939419e-05
442,2,1-7,adjust,0.0007233494009292154,2.6967796850478066e-05,6.367669994639035e-05
442,3,1-7,adjust,-0.001468330923865626,4.671696007351318e-05,4.3589841577755914e-05
442,4,1-7,adjust,-0.005396243439371995,3.1487143130649367e-06,2.0262772204600123e-05
442,5,1-7,adjust,-0.0018100113889389705,-2.5593271784765107e-05,5.0283377079381316e-05
442,6,1-7,adjust,-0.00010011964760246765,-7.918147237010149e-06,4.820125699514657e-05
442,9,1-8,adjust,0.00089567710981625,7.990705225412078e-05,7.802730942841393e-05
443,2,1-4,adjust,0.00021982521487437357,1.0374667935130019e-06,1.4836164644177435e-05
443,3,1-4,adjust,-0.0007673134299551686,3.2488170169387456e-05,0.00011242116028891136
443,6,1-5,adjust,0.00036544068237770054,-5.831918548787264e-06,0.0001741852745267199
443,7,1-5,adjust,-0.0025274957411683054,-7.8468001827727e-07,0.0001121952709123359
443,8,1-5,adjust,-0.0035413240777694244,-1.9728052456714938e-05,3.693705581000648e-05
443,9,1-5,adjust,-0.0014044120890671942,-3.257870251364024e-05,1.2993064650152862e-05
444,2,1-7,adjust,-0.0011151988775773545,7.182351134795014e-05,5.058483028167762e-05
444,3,1-7,adjust,0.0009105650321734392,-9.747890017208852e-07,2.557109619692868e-05
444,4,1-7,adjust,-0.001037287832191113,3.4532270441697446e-05,5.5429810540615895e-05
444,5,1-7,adjust,-0.0015492109395354755,2.8146415013066016e-06,0.00010412860259366722
444,6,1-7,adjust,-0.001063724270273778,-3.088131344592396e-05,7.873470844282668e-05
444,9,1-8,adjust,0.0007719174191515613,-2.552650135837817e-06,1.9377433349307323e-05
445,2,1-4,adjust,-0.0011245978546417647,1.1460910437125972e-05,8.396235190208651e-05
445,3,1-4,adjust,-0.0019425295201822431,4.487409456758188e-05,0.00014601164746272675
445,6,1-5,adjust,-0.0011084168598047876,2.4114540590664115e-05,5.9506129799924914e-05
445,7,1-4,adjust,-0.002469558383154714,-2.203061405802824e-05,4.9780965029695695e-05
445,8,1-5,adjust,-0.00019550323849053573,8.996524192534816e-06,4.963013158622481e-05
445,9,1-5,adjust,0.0004297573034376337,-5.021256981809257e-06,4.799475767085654e-05
446,2,1-7,adjust,-0.0005788569071702019,1.1622112265852762e-05,4.4116699794841075e-05
446,3,1-7,adjust,0.002909345442820941,-2.214886856319138e-05,4.793417465498426e-05
446,4,1-7,adjust,0.0017171234287458785,-3.262679676320255e-05,0.00011712050292494343
446,5,1-7,adjust,0.0005569313652018595,2.3120096204787564e-06,1.8889956402153544e-05
446,6,1-7,adjust,-0.0009668870394270938,-1.813892192712157e-05,3.5406342363412684e-05
446,9,1-8,adjust,-5.473306412219393e-05,8.892572223298372e-06,0.00010791902789430673
447,2,1-4,adjust,-0.0001165655680762171,-4.94152376889852e-05,7.008218771144552e-05
447,3,1-5,adjust,-0.0005251596125237267,-3.365329189722294e-05,3.469720897946885e-05
447,6,1-5,adjust,0.000369722921087876,-7.94096384734138e-06,0.00017988394610434112
447,7,1-5,adjust,0.003625869495085704,3.23140109889978e-05,0.00010362014775110446
447,8,1-5,adjust,0.0015612453103013466,-5.897824838832196e-06,1.4890707118577291e-05
447,9,1-5,adjust,-0.0012060247679462333,-3.9957230129381646e-05,1.7494503261437558e-05
448,2,1-7,adjust,-0.0004905303932645055,3.0510818232343508e-05,1.3731141601997205e-05
448,3,1-7,adjust,0.0014592274641381188,2.3842681668947725e-05,1.4754651279126105e-05
448,4,1-7,adjust,0.001800761276391965,-2.2882394598429187e-05,8.720952019395608e-06
448,5,1-7,adjust,0.00012074840764807669,9.154141931337853e-06,2.5047048178444025e-05
448,6,1-7,adjust,0.0016684313994676776,-4.960362119158543e-06,1.6232300035757443e-06
448,9,1-8,adjust,0.0008993399659402948,6.0258853266009936e-05,2.5773189839291485e-05
449,2,1-4,adjust,0.001616049106599078,-2.581778849712228e-05,6.70418340311134e-05
449,3,1-5,adjust,0.00105551708248086,-3.4197994669423333e-06,5.38243661222537e-05
449,6,1-5,adjust,3.1310106230868215e-05,1.700317338987513e-05,5.0650637230995785e-05
449,7,1-5,adjust,-0.0001853520104394434,2.0474664705601075e-05,7.119626337513507e-05
449,8,1-5,adjust,-0.0029185588635042147,-2.4143787942266768e-05,3.083205757423974e-05
449,9,1-5,adjust,-0.001668476517994176,-2.7342318905316742e-05,1.6188342650001306e-06
450,2,1-7,adjust,-0.0012815877065482245,1.3585997180829334e-05,2.2187251635670694e-05
450,3,1-7,adjust,-0.005659810640381206,-2.0120077098513826e-05,1.597063710064986e-05
450,4,1-7,adjust,-0.0008308626138804216,3.01860726654158e-05,6.979520371320465e-05
450,5,1-7,adjust,-0.0020948471856017444,-1.692607045945788e-05,2.789764833299231e-05
450,6,1-7,adjust,-0.0010211729304571533,2.0055201363690262e-05,5.393146003148176e-06
450,9,1-8,adjust,0.0002943407288424124,-2.41478869179849e-05,0.00011164456404398942
451,2,1-4,adjust,0.00042358799199523813,-1.7819840116412442e-05,7.82046755520785e-05
451,3,1-4,adjust,0.0004768836057184993,-3.393096356120363e-05,5.689238577523009e-05
451,6,1-5,adjust,-0.0016181189352720087,-1.0422626760568316e-05,4.6938101529737705e-05
451,7,1-4,adjust,-0.0021936005955477786,-3.585148306135155e-05,8.106536457442879e-05
451,8,1-5,adjust,-0.0007896695708193944,-3.952163780908079e-06,1.7571569052691345e-06
451,9,1-5,adjust,-0.0009217676535628453,-4.2543500637046876e-05,3.4527039183246786e-05
452,2,1-7,adjust,-0.0004516638144381868,1.957358194486541e-05,1.3196783436852764e-05
452,3,1-7,adjust,0.000335049986323518,5.47137660701677e-05,3.3407977473661955e-05
452,4,1-7,adjust,0.0027650687349458224,-6.838651818362062e-06,5.4735321678613736e-05
452,5,1-7,adjust,0.0031776824019167714,9.399998116319134e-06,5.479330596569461e-05
452,6,1-7,adjust,-0.0003672805641583884,-4.137013179430335e-06,2.7465937922392803e-05
452,9,1-8,adjust,0.0007174356094549854,2.207328482290117e-05,3.521480171302663e-05
453,2,1-4,adjust,0.0009526299159968085,-1.1561555192569327e-05,2.0730322443721168e-05
453,3,1-4,adjust,-0.0004048111637209685,4.954628571836329e-07,5.696522947119847e-05
453,6,1-5,adjust,0.000915518380719688,-1.95594715292255e-06,2.8882418968159044e-05
453,7,1-5,adjust,0.0044373626998349585,-3.465181604783374e-05,6.597178107942738e-05
453,8,1-5,adjust,-0.0002184283869589091,4.458571788983548e-05,5.0219701579883254e-05
453,9,1-5,adjust,0.00040506388820929165,-9.089641956812606e-06,2.3880089594137947e-05
454,2,1-7,adjust,0.0004888764699937118,-3.8137619576396486e-05,0.0001297102925793798
454,3,1-7,adjust,0.0032317432252397236,-1.4043609942173685e-05,4.386404574029965e-05
454,4,1-7,adjust,0.0007358370444972026,2.141496160548637e-05,9.466499623985083e-05
454,5,1-7,adjust,-0.0002548172988702624,-4.262209741939823e-05,3.222295348470776e-05
454,6,1-7,adjust,0.0036972385393013825,5.4778055778906264e-05,0.00010713831194652622
454,9,1-8,adjust,-5.586801889146235e-05,1.6032743295943182e-05,0.00010409947356127169
455,2,1-4,adjust,-0.0006225431546484772,3.188687374347047e-05,2.8034276039320185e-05
455,3,1-4,adjust,-0.0009732961609961976,-1.2770269270449535e-05,8.974314679543102e-05
455,6,1-5,adjust,-0.0023111642006063493,-3.023107911798258e-05,8.793012457103044e-06
455,7,1-4,adjust,0.0001300682833423646,-2.801917598055104e-05,6.290309316631031e-05
455,8,1-5,adjust,-0.0006434148103174116,-2.0664202722657543e-05,1.172693956276174e-05
455,9,1-5,adjust,-0.0005975026528426434,1.8017990030512582e-05,3.8023837973523794e-05
456,2,1-7,adjust,7.641175316564378e-05,7.051297609383557e-07,5.118331955306817e-05
456,3,1-7,adjust,0.002204495537860161,3.1375032418687515e-06,2.578044168132068e-05
456,4,1-7,adjust,0.0018873603232010875,4.8314301570857655e-06,5.7212862474424175e-05
456,5,1-7,adjust,-0.0004212137865173488,2.270850440595168e-05,8.30170616822273e-05
456,6,1-7,adjust,0.002832316679722628,-9.62166040120548e-06,0.00011314183962752611
456,9,1-8,adjust,0.0004260786532189137,2.965086317234495e-06,4.6657529132111794e-05
457,2,1-4,adjust,0.000841438792114439,-3.4391410844487896e-05,4.7062077715790533e-05
457,3,1-5,adjust,0.0001319323795262935,1.1558388673854122e-05,5.2966076191983035e-05
457,6,1-5,adjust,-0.0006974014588572692,3.3010596574320932e-06,1.780867909287753e-05
457,7,1-4,adjust,-0.0066461220798654155,4.505174960851161e-05,7.580372317233943e-05
457,8,1-5,adjust,0.0009448590737814931,-2.190896095477431e-05,2.652975429615712e-05
457,9,1-5,adjust,-0.000998770245318911,-4.285024694010942e-05,2.8253066169977516e-05
458,2,1-7,adjust,0.0006595330739312757,3.929010260497705e-06,1.178138952522152e-05
458,3,1-7,adjust,-0.00036929534290952343,-4.9460870846240694e-06,4.9642670384302077e-05
458,4,1-7,adjust,-0.0029064419541500277,3.572535121046569e-08,2.715733405954043e-05
458,5,1-7,adjust,-0.0032029376494061416,-2.977385715605489e-05,3.2850044329283515e-05
458,6,1-7,adjust,-0.001449474989998116,-2.5368715672671413e-05,2.0035231602320313e-05
458,9,1-8,adjust,0.0003553398291137826,-4.6487738208583465e-05,3.170699159272875e-05
459,2,1-4,adjust,-0.0003780833110642572,-3.4588130832762045e-05,2.749372428105842e-05
459,3,1-4,adjust,-0.0017614246610072196,2.8443874983037476e-05,0.00011309764754609706
459,6,1-5,adjust,-0.0017363585268783733,-1.0182063619484496e-05,2.2301017896882332e-05
459,7,1-4,adjust,0.0007360157726871445,2.888021238331893e-05,2.419272641724557e-05
459,8,1-5,adjust,-0.003774120945082098,-1.3634339036989482e-05,0.0001029605300123989
459,9,1-5,adjust,0.0006421448449120833,4.721714258099677e-05,2.6704481500212755e-05
460,2,1-7,adjust,-0.0026535695917237587,9.92461044900224e-05,4.487234180910205e-05
460,3,1-7,adjust,-0.0025555982389983307,7.2877398020558126e-06,5.622192459797209e-05
460,4,1-7,adjust,0.0008370385824794181,-1.5499077922793325e-05,2.573575143113679e-05
460,5,1-7,adjust,-0.001824165471327476,1.7251168106184803e-05,3.3420812676710935e-05
460,6,1-7,adjust,-0.0027921444576375527,-2.5039028172897004e-05,8.273559466717065e-07
460,9,1-8,adjust,-0.001011782977692235,-1.2855048811260658e-05,6.850485340812465e-05
461,2,1-4,adjust,0.0012850416583468564,2.7164062723970702e-06,4.0468479049099557e-07
461,3,1-5,adjust,0.0009279821491744264,-4.6649592090004094e-05,5.701905976213751e-05
461,6,1-5,adjust,-0.0015078229121540632,5.179143239069508e-05,2.6825520187727533e-05
461,7,1-4,adjust,-0.0022038975692764686,-6.125828925206644e-07,1.0877223653297818e-05
461,8,1-5,adjust,-0.0007522046632240783,6.024257478779688e-06,1.158636256245829e-05
461,9,1-5,adjust,0.0002684569056016917,1.2560397404168587e-05,3.006406610762427e-06
462,2,1-7,adjust,-0.0001531525813532141,-2.888671752012917e-05,3.7279100407444085e-05
462,3,1-7,adjust,-0.001521822772955718,2.7275263566228767e-05,2.4028842076343867e-05
462,4,1-7,adjust,-0.0030005903767626185,1.8672177703026776e-05,0.00010301411745119443
462,5,1-7,adjust,0.00252428573809661,1.9348908500584158e-05,7.411760379625038e-07
462,6,1-7,adjust,-2.409744171145535e-05,-2.9921634484801897e-05,1.5832067819984848e-05
462,9,1-8,adjust,-0.001245310805481811,-4.550253416952489e-05,8.637171604265627e-05
463,2,1-4,adjust,0.0005467767813729632,-1.9803082017026698e-05,5.366920882359711e-05
463,3,1-4,adjust,-0.00019196954008439816,4.091903254533847e-05,0.00014543009762813067
463,6,1-5,adjust,0.0028766838767494037,1.0177098451071291e-05,8.089417296850833e-05
463,7,1-4,adjust,0.0008466206145638292,1.0399112205516886e-05,2.1939506949880954e-06
463,8,1-5,adjust,0.00020468214644488332,-2.0153750325753723e-05,8.062534979839745e-05
463,9,1-5,adjust,0.00026454745440355023,5.0613779302266976e-05,9.522805611236005e-06
464,2,1-7,adjust,0.0009452469851690513,2.0122687459438664e-05,1.1904604700938514e-05
464,3,1-7,adjust,-0.002648754539409297,2.0540413732282903e-05,9.533901640407892e-05
464,4,1-7,adjust,-0.00301515326359144,-2.805473578420181e-05,9.448322628661694e-08
464,5,1-7,adjust,-0.004398935863083105,2.7484034444754008e-05,2.1613450520044364e-05
464,6,1-7,adjust,-0.002661327600021081,1.2202134045340868e-06,4.0252513134639475e-05
464,9,1-8,adjust,-0.0002848335242644843,-1.7265249174271594e-05,5.97621570597327e-05
465,2,1-4,adjust,-0.0009339638453246278,-2.40498458029196e-06,3.505247672331929e-05
465,3,1-5,adjust,0.000610411925450858,-2.6939492731082553e-05,2.7578727389549126e-05
465,6,1-5,adjust,-0.002068804241620998,1.213421435101095e-05,1.473043439028539e-05
465,7,1-4,adjust,-0.0019509410194344346,1.2541462137574107e-06,2.6158787985354033e-05
465,8,1-5,adjust,0.0021371649231901324,1.9493114015041218e-05,1.0039383203305034e-05
465,9,1-5,adjust,0.0008129203364097779,4.196394592449302e-05,3.230207140355481e-05
466,2,1-7,adjust,0.0004802925211141122,-3.4066269624750604e-06,6.262192007228641e-05
466,3,1-7,adjust,0.0009506709557335374,-2.6089777448656936e-05,4.778438001480159e-05
466,4,1-7,adjust,-0.00028197994649835264,-2.815291701070348e-05,2.8536118433231733e-05
466,5,1-7,adjust,-0.005124970105793604,6.875083808471254e-06,2.7412897426137314e-05
466,6,1-7,adjust,-0.0004907774474862686,6.1208072134708e-06,1.5184434188254376e-05
466,9,1-8,adjust,0.0009738796242199719,-2.0278002497913814e-05,3.572469747063054e-05
467,2,1-4,adjust,0.00045853107199538196,5.1960132979227875e-06,5.353492100313635e-05
467,3,1-5,adjust,0.0002381676141601091,1.8741903446500512e-05,2.292604697756228e-05
467,6,1-5,adjust,0.00023944661801986937,6.4906839174471686e-06,3.226480610421887e-05
467,7,1-4,adjust,-0.0015763415614678342,-1.990858154433036e-05,7.227737032212789e-06
467,8,1-5,adjust,0.00013564269607711262,-3.8977025834711896e-05,2.3311870878947442e-05
467,9,1-5,adjust,8.907513248085609e-05,-5.5947788442669375e-06,9.874465694608851e-05
468,2,1-7,adjust,0.0013485496752080866,-3.947885931362315e-06,3.570249826431396e-05
468,3,1-7,adjust,0.0005155178087739212,6.619101767846951e-06,2.3368577944820362e-05
468,4,1-7,adjust,-0.002778966443243426,3.6568656434609773e-05,0.00014660845533352284
468,5,1-7,adjust,0.0014324294889320305,-1.3743691194291695e-05,4.541489105876373e-05
468,6,1-7,adjust,-0.0007665662949075375,-2.559549384061625e-05,2.5227150064329826e-05
468,9,1-8,adjust,-0.0014894419359969707,1.2273766211628213e-05,5.140214125021563e-05
469,2,1-4,adjust,-0.0028882738571781585,5.8524988200272036e-05,0.0001149568015263126
469,3,1-4,adjust,-0.0013418321910215229,5.6689511863020494e-05,8.379793613241865e-05
469,6,1-5,adjust,-0.0009033596296982204,4.8917543634737685e-06,2.6909518111926422e-05
469,7,1-4,adjust,0.0010916204073465785,-4.225632244621842e-06,2.2253452431495614e-05
469,8,1-5,adjust,0.0008101888473205447,2.1673507239853247e-05,2.245982601296713e-05
469,9,1-5,adjust,-6.459488534287125e-05,-4.691192375118064e-05,2.957916092204983e-06
470,2,1-7,adjust,0.00016168792787734217,-4.3269907469104766e-05,2.8573532588756685e-05
470,3,1-7,adjust,0.0017615460236138473,-8.841751778982538e-05,1.0396493538735025e-05
470,4,1-7,adjust,0.00569715467509318,7.778860684294121e-06,2.1828889239092563e-05
470,5,1-7,adjust,0.0005004407065421297,2.1295307536801284e-05,6.720477142764486e-06
470,6,1-7,adjust,0.0017071025479388285,-9.84590956649263e-06,3.854509467263896e-05
470,9,1-8,adjust,-8.697115109282745e-06,3.6486513617511907e-06,1.4406594801478145e-05
471,2,1-4,adjust,-0.00028882060049795417,-7.136004033386051e-06,1.621532364580567e-05
471,3,1-4,adjust,0.0004730632538520946,-1.4377442396640717e-05,5.760927484923596e-05
471,6,1-5,adjust,-0.0008097461933816914,1.6028328465885292e-05,1.1195781824862563e-05
471,7,1-4,adjust,-0.0006112511526341931,-1.5230440716196644e-05,1.3214253754577345e-06
471,8,1-5,adjust,0.0006542724330774704,2.850392464899128e-05,1.3909314565710914e-05
471,9,1-5,adjust,0.0013621642281477205,3.6971710629897045e-05,3.830597066174339e-06
472,2,1-7,adjust,0.0016055529441398634,-2.435337786445901e-05,1.6822636942510026e-05
472,3,1-7,adjust,0.000981868730155902,-2.3158203521290235e-06,2.8236059955547514e-05
472,4,1-7,adjust,0.003090607845658543,-6.30330099457322e-05,6.542544503213035e-05
472,5,1-7,adjust,-0.001368275204007668,-1.5205126389353635e-05,3.220653700027595e-05
472,6,1-7,adjust,0.0012241275066480033,9.24152961022264e-06,3.214697742168166e-05
472,9,1-8,adjust,-0.00042086957963918467,3.8506343052850175e-06,6.721662371357279e-05
473,2,1-4,adjust,0.0007991111776718145,-6.9376511104450315e-06,0.00011860469155961728
473,3,1-4,adjust,0.00188843767487305,-7.80348032747799e-07,0.00010187689266553624
473,6,1-5,adjust,-0.0008881216396351083,-5.259013179605798e-05,9.176129861531628e-06
473,7,1-4,adjust,-0.00220527814229494,1.5082797109368295e-05,1.3470694874414498e-05
473,8,1-5,adjust,0.0005478543080054254,3.144422312973761e-05,7.408139119860777e-05
473,9,1-5,adjust,0.0012070193614057878,-8.228455297069186e-06,0.00010152389594815003
474,2,1-7,adjust,-0.0012541104918539195,5.304504924220953e-05,4.7874219713258556e-06
474,3,1-7,adjust,-0.0019193560269782745,-1.694374238950781e-06,4.1142574720909305e-05
474,4,1-7,adjust,-0.0012234282773272867,6.413711989485796e-05,3.202565490570765e-05
474,5,1-7,adjust,0.0028637797607894483,-6.68472969081133e-07,2.7795199490220452e-05
474,6,1-7,adjust,-0.0014513606010290207,2.0733590968357857e-05,3.611079901672369e-06
474,9,1-8,adjust,-0.00045133276520735254,-8.622081879493706e-06,5.511956048363525e-05
475,2,1-4,adjust,-0.0008797464373257009,-2.5988919404163793e-05,3.437878628729163e-05
475,3,1-5,adjust,-0.00020568693810198326,2.787036562498133e-05,3.787488785777015e-05
475,6,1-5,adjust,0.001737582288859901,-4.5399081921673997e-07,3.531765380466336e-06
475,7,1-4,adjust,0.005701172577204469,-1.2036455054569103e-06,9.223781673173422e-05
475,8,1-5,adjust,-0.0017693988049910458,-1.9580640065150426e-06,2.9449567055221168e-05
475,9,1-5,adjust,9.854271934044431e-06,1.0995119353837098e-05,1.4734970320404493e-05
476,2,1-7,adjust,0.000560491966331944,3.351320532684023e-05,1.8701407028841507e-06
476,3,1-7,adjust,-0.0007655063381967135,-1.0422926864781543e-05,3.557366113751392e-05
476,4,1-7,adjust,0.00012291453774555014,-3.1047666331790415e-06,6.645627091903509e-05
476,5,1-7,adjust,0.002661409188536441,-5.234653948593156e-05,4.527598882015426e-05
476,6,1-7,adjust,0.002859874475439172,6.218219692888396e-05,7.075660160862942e-05
476,9,1-8,adjust,-0.0003100384815998854,-2.29815276014778e-05,5.337908017886775e-06
477,2,1-4,adjust,-0.0002455245119142131,-4.692181338657495e-05,2.0101154982606318e-05
477,3,1-5,adjust,0.003111343054239919,-3.275104865612964e-05,4.451776412217433e-05
477,6,1-5,adjust,-0.00015421842801156168,-3.4931552285007123e-05,6.16527928970576e-05
477,7,1-4,adjust,-0.0035900995785189066,1.826296463708095e-05,2.8926238879517963e-05
477,8,1-5,adjust,0.0007914923393423511,-3.50664234482521e-05,1.0744500732628073e-05
477,9,1-5,adjust,0.00032860015654007823,2.8253142709208927e-05,5.203301305144359e-05
478,2,1-7,adjust,-0.0014996667177102475,2.874664122509477e-05,3.430753124364552e-05
478,3,1-7,adjust,-0.0011334577923609993,-6.2189054841561885e-06,1.4082025121203417e-05
478,4,1-7,adjust,-0.002662161766967023,2.3996662350908135e-05,8.59933613713155e-06
478,5,1-7,adjust,-0.003331790082440012,-4.3527556756322786e-05,4.279774280700762e-05
478,6,1-7,adjust,-0.0030400334806738134,-1.8345207044607202e-05,2.259267594319103e-05
478,9,1-8,adjust,-0.0004135397483504481,-2.7836461147000803e-05,4.788871932627673e-05
479,2,1-4,adjust,0.0002787711294769861,9.079344517603133e-06,8.796987323726105e-05
479,3,1-4,adjust,-0.0003197731032955908,3.8801130204598036e-05,0.0001397052950719328
479,6,1-5,adjust,-0.0027688961921505475,-2.928513541794889e-05,1.7526212639085174e-05
479,7,1-4,adjust,-0.0008488025180707216,2.6171246846756147e-05,6.761307914614716e-06
479,8,1-5,adjust,-0.002124575564165781,-3.329876920584255e-05,0.0001116196107835575
479,9,1-5,adjust,-0.0023504092160636764,-5.220014748584889e-05,0.00015421305641021281
480,2,1-7,adjust,-0.0011866469594741013,4.277147046159027e-07,6.65976601304468e-05
480,3,1-7,adjust,-0.003930559956203704,2.3365222972675545e-05,6.667651868797087e-05
480,4,1-7,adjust,0.00043594508117992544,5.791618038482042e-06,3.611627541837642e-05
480,5,1-7,adjust,-0.00027515350491411484,3.90641192275285e-05,8.172756549842608e-05
480,6,1-7,adjust,4.801369935274089e-05,6.527956393923699e-05,8.552856271006268e-05
480,9,1-8,adjust,0.0007624532259994199,5.683503885376384e-07,0.00011568379309449045
481,2,1-4,adjust,-0.00018650872305651605,-2.1837895862734955e-05,3.665533775284416e-05
481,3,1-4,adjust,0.0009102221972628816,-1.0089815830670182e-05,6.098962479923477e-05
481,6,1-5,adjust,-0.0003783475321704123,3.4861477249239993e-06,2.3136546025251916e-05
481,7,1-5,adjust,-0.0006287249114624786,-4.441014310851334e-05,8.494943077044945e-05
481,8,1-5,adjust,-0.0016527351963718188,-1.2644797464895856e-05,0.00013575366809740163
481,9,1-5,adjust,-0.00021330341030393192,3.3632756792898076e-05,4.640311406867632e-05
482,2,1-7,adjust,0.0013510142964040862,1.347124172843334e-05,4.6265623672187684e-05
482,3,1-7,adjust,0.004240251347378873,-2.2570429276742018e-05,9.896864857128436e-06
482,4,1-7,adjust,-0.002553307756057546,-8.492169026235482e-06,2.4848604826072814e-05
482,5,1-7,adjust,0.0013847059109852239,1.7113612352966548e-05,1.4382636921593534e-05
482,6,1-7,adjust,-0.000501626240961743,-2.438164740176173e-05,2.0655915122789878e-05
482,9,1-8,adjust,-0.0013930952835271152,4.62665575932333e-06,0.00012168035769247683
483,2,1-4,adjust,-0.000987198432852888,3.73798160513656e-05,8.380212654937762e-05
483,3,1-4,adjust,-0.0032249093073774015,2.9739249585942253e-05,7.339360434352621e-05
483,6,1-5,adjust,0.002870219552522402,2.7209700574027667e-05,7.81011695199953e-05
483,7,1-4,adjust,-0.002570610968327645,-5.414197944921952e-06,9.892655319580994e-05
483,8,1-5,adjust,0.0014081299133645042,5.959974991432875e-06,1.70107967442216e-05
483,9,1-5,adjust,0.0019435808241964312,4.910985229314265e-05,1.7706422217483587e-05
484,2,1-7,adjust,0.0019958034874461242,-7.007602161230164e-05,1.0193832235559766e-05
484,3,1-7,adjust,-6.884423793601435e-05,-1.1515111834504008e-05,0.000109713237706978
484,4,1-7,adjust,-0.0004966681394321672,-3.2663071188331985e-05,1.9784890413568475e-05
484,5,1-7,adjust,-0.006139630982682634,9.678910575108461e-06,4.597736112422805e-05
484,6,1-7,adjust,-0.0009159217196766328,-1.6581902744267942e-05,0.00011839711363913056
484,9,1-8,adjust,-0.00017436104931989885,-1.9732790644766946e-05,2.0007138486461434e-05
485,2,1-4,adjust,-0.0014091062930102496,1.5429410457002812e-05,1.9488013368937383e-05
485,3,1-5,adjust,0.0007478526205030865,-3.1441402786473266e-06,8.539770803606699e-07
485,6,1-5,adjust,-0.0022087850850946835,7.221336810813344e-06,3.189978075378475e-05
485,7,1-4,adjust,0.001409493110754825,2.237648458832016e-05,6.622614329763683e-06
485,8,1-5,adjust,0.0002559808799575943,2.1698854152462638e-05,2.185095149072464e-05
485,9,1-5,adjust,0.0002242067606896994,-3.6232996893438514e-05,2.5247779459208062e-05
486,2,1-7,adjust,-0.0010093994380546796,4.902539029898662e-05,0.00014250914038845057
486,3,1-7,adjust,0.0004913898325541555,2.08762055764551e-05,6.978320504908153e-05
486,4,1-7,adjust,-0.0002229629398001067,-1.4287169271618853e-05,1.6842931433886307e-05
486,5,1-7,adjust,-0.001455772210707087,4.331694935238493e-06,7.452942324103677e-05
486,6,1-7,adjust,0.001519816302986508,-2.177107951551539e-05,3.1865213121977986e-05
486,9,1-8,adjust,-0.00040363385569093784,-7.326329962503051e-08,2.8504609341394152e-05
487,2,1-4,adjust,0.0016251657898696352,-5.1516569749514745e-05,5.93995627784347e-05
487,3,1-5,adjust,-0.0018371197690533964,-1.5804125258454603e-05,7.03670702343356e-05
487,6,1-5,adjust,-0.0018527404450573689,-2.049153586790234e-05,5.204385923911156e-05
487,7,1-4,adjust,-0.0005808723296631235,-2.361587735245481e-05,4.6322965251039425e-05
487,8,1-5,adjust,-0.0019571250309622793,8.058734531435585e-06,2.177111626400965e-05
487,9,1-5,adjust,-0.0005553047122328256,-8.776991172921303e-06,6.887897227909675e-05
488,2,1-7,adjust,-0.00028968496699734717,7.266245970089344e-06,4.2520598352181556e-05
488,3,1-7,adjust,-0.0012615123932161005,1.148057784686189e-05,4.212678404584785e-05
488,4,1-7,adjust,-0.002000705400049745,2.313209563858784e-05,4.7092250101348196e-05
488,5,1-7,adjust,0.002999571376782634,3.559580923003295e-05,6.808381856989609e-07
488,6,1-7,adjust,-0.0022113326906000974,-4.723837172272389e-05,3.765485043406284e-05
488,9,1-8,adjust,-0.0005366685941495067,-3.183819965107475e-05,2.044860089545214e-05
489,2,1-4,adjust,-0.0003533873501416852,3.458682475016466e-05,5.857404530956449e-05
489,3,1-5,adjust,0.0014287667816116646,1.5160736007371335e-05,5.7418154554422874e-05
489,6,1-5,adjust,0.003106311454264903,1.1577178355797961e-05,1.8379974585303157e-05
489,7,1-4,adjust,0.0017725431053016141,-3.2318651439974045e-05,1.105902686686351e-06
489,8,1-5,adjust,0.003992099859801515,-2.9743535968227556e-05,2.0463487702407546e-05
489,9,1-5,adjust,0.0008378294431448869,7.257569135969682e-05,4.3363155216587506e-05
490,2,1-7,adjust,0.0018254113521852524,-5.1366992328856696e-05,7.408813665833159e-06
490,3,1-7,adjust,0.005665645989144094,-5.835590503506293e-05,1.611243148686972e-05
490,4,1-7,adjust,0.004979192140456323,1.0577707006021392e-05,5.726893287863183e-05
490,5,1-7,adjust,-0.0009405526684301914,-3.431266787508668e-05,7.560811463306799e-06
490,6,1-7,adjust,0.0020592200324248814,1.9556873930796637e-05,3.542840041276235e-06
490,9,1-8,adjust,0.000393281528311157,6.540167132366266e-06,8.220799970326018e-05
491,2,1-4,adjust,-2.8634085576115447e-06,3.323691515064981e-05,1.246969966248589e-05
491,3,1-5,adjust,-0.0022800353873654606,2.221374323186632e-05,1.998942269578752e-05
491,6,1-5,adjust,-0.0012787996921034238,6.65018585998738e-06,6.855471860045008e-05
491,7,1-4,adjust,-0.0004910247384953662,-3.2603304546257376e-06,4.061850245489075e-05
491,8,1-5,adjust,-0.0022419792618070702,-6.664167732936982e-06,4.980850873447527e-07
491,9,1-5,adjust,0.00025967660619535777,-6.8183049016920466e-06,5.3852133902263394e-05
492,2,1-7,adjust,-0.0002771858205785146,-4.54688214833075e-05,3.196042617328958e-05
492,3,1-7,adjust,-0.0006226432944895329,-1.2832213464002476e-06,7.040988903160963e-06
492,4,1-7,adjust,-0.002399586672598508,1.0372241754902333e-05,7.341962902457148e-05
492,5,1-7,adjust,0.005560746550645269,-1.3037038347640114e-05,4.240215654126053e-07
492,6,1-7,adjust,-0.000266329285663064,-9.099703706418495e-06,2.7343974249443658e-05
492,9,1-8,adjust,-0.00023854990868015823,-3.9185538407124675e-05,5.564207108577632e-05
493,2,1-4,adjust,-0.0013229122644058363,1.2204725537926153e-05,8.768467228937725e-05
493,3,1-4,adjust,-0.003029660557858187,1.697235449674583e-05,0.00012784910761799107
493,6,1-5,adjust,0.002256637329744397,-2.2786786144062054e-05,3.143372958822101e-05
493,7,1-4,adjust,0.002684474407361886,2.9892773202204968e-05,4.721070700129271e-05
493,8,1-5,adjust,0.0010836203248770345,4.489040507855291e-05,6.197389828576234e-05
493,9,1-5,adjust,0.0017596125610505517,6.64726129347982e-06,8.301378939386645e-05
494,2,1-7,adjust,-0.000877984280744522,5.217580253703826e-05,5.283298511183824e-05
494,3,1-7,adjust,0.0020579544916993703,-2.3828424978495018e-05,4.329666626772053e-05
494,4,1-7,adjust,0.003176900980493144,-1.4769466133411325e-05,2.1640829692130324e-05
494,5,1-7,adjust,-0.0005521439815257289,5.227490251750399e-06,2.5691953400753638e-05
494,6,1-7,adjust,0.0023098633555448064,6.52867733534999e-05,1.2626767172118452e-05
494,9,1-8,adjust,-0.0005776431621877839,1.4762553720822444e-05,4.325225364708528e-05
495,2,1-4,adjust,0.0011732582008285458,-1.3285146008172254e-05,6.679374276898951e-05
495,3,1-4,adjust,0.0004540668134608762,-7.489719292644278e-06,6.864243254232245e-05
495,6,1-5,adjust,-0.00036858364664619706,-5.725351940791108e-05,6.944077346399252e-05
495,7,1-4,adjust,-0.0019511334210262335,-2.3517700007661342e-05,4.0197962804071714e-05
495,8,1-5,adjust,-0.00196476123991137,-1.3140068803504546e-05,1.1253982987360882e-05
495,9,1-5,adjust,-0.0004391652491597704,5.4039153097591024e-05,1.999360348325444e-05
496,2,1-7,adjust,0.0015568946495558365,-5.473006938768841e-05,8.730118304101301e-05
496,3,1-7,adjust,0.00639418229814372,-3.309581389090527e-05,1.0784843521031848e-05
496,4,1-7,adjust,0.0017359876383980619,-2.6631760259039394e-05,6.901480512790083e-05
496,5,1-7,adjust,0.0017979189999717258,2.64141031447713e-05,2.1124025713285806e-05
496,6,1-7,adjust,-0.0008755934475462597,9.136892547443396e-06,1.0937040309857163e-05
496,9,1-8,adjust,-0.0007959159793319479,-3.717241230416716e-05,3.5687180285072406e-05
497,2,1-4,adjust,0.00017963639352811965,8.462088460969625e-06,1.4095406634874855e-06
497,3,1-5,adjust,-0.003531026864010662,1.5935774940267127e-05,3.6916100166224324e-05
497,6,1-5,adjust,0.0016444054970248443,3.3438784953167374e-05,4.2346279100237026e-05
497,7,1-4,adjust,0.0005258770511064475,-6.597686853882159e-06,2.4897738272253416e-05
497,8,1-5,adjust,0.0031219192439837385,5.296052845905402e-06,2.5006458324316942e-05
497,9,1-5,adjust,0.0013252783791774204,2.4232690676006294e-05,5.718752024149083e-06
498,2,1-7,adjust,-0.0018494162004989456,-6.452421989133338e-06,9.341007230123615e-06
498,3,1-7,adjust,0.0013439899401470415,-1.4216833279452359e-05,2.153230453803985e-05
498,4,1-7,adjust,0.004025492838268626,2.1510291537967787e-05,4.119719854993128e-05
498,5,1-7,adjust,-5.935430368489156e-05,4.121995149512179e-05,9.487779102474824e-06
498,6,1-7,adjust,0.0005219671343438453,4.051873484350581e-05,8.071995253053336e-05
498,9,1-8,adjust,-0.0002973500735115678,-3.0411496155027386e-05,5.8880876963979806e-05
499,2,1-4,adjust,0.0009288440064639073,1.0355438171381494e-05,3.2464927334733545e-05
499,3,1-4,adjust,-0.0007731245238154551,-2.081566033421145e-05,9.480685038700768e-05
499,6,1-5,adjust,0.0007907719371913525,-8.689874617694667e-05,9.817302852483529e-06
499,7,1-4,adjust,-0.001943009685469687,1.8086545877264228e-05,7.21872054863356e-05
499,8,1-5,adjust,0.0018958926278356365,-1.1514552135336942e-05,6.05281181483122e-06
499,9,1-5,adjust,0.002255055266480237,5.471820995203562e-05,9.946373103793412e-05
500,2,1-7,adjust,2.6413671569881143e-05,-2.9336866670324626e-05,4.987406570309907e-05
500,3,1-7,adjust,0.0007970065599908115,2.9500298795058095e-05,3.007878337482773e-05
500,4,1-7,adjust,0.0022297128360452023,6.23967224450325e-05,5.743448774947571e-06
500,5,1-7,adjust,-0.0017888044086391297,-6.672411914364005e-06,1.2865401374740081e-05
500,6,1-7,adjust,-0.002193244293021474,2.213187160125557e-05,0.000112228686561937
500,9,1-8,adjust,-0.000642172264511412,-1.5956738580427413e-05,2.8536377680523038e-05
501,2,1-4,adjust,-0.00045780072588798006,4.769261873506876e-05,5.7488137060108464e-05
501,3,1-4,adjust,-0.0007253619828271391,2.262183191690571e-05,8.588065229056959e-05
501,6,1-5,adjust,0.0005956176885244651,3.0706043674043474e-05,0.00015823650593267338
501,7,1-5,adjust,0.0037308013985325795,-1.5491107417985698e-05,8.889740424130173e-05
501,8,1-5,adjust,0.0013339679160784166,3.958106204937154e-06,2.9585786064353995e-05
501,9,1-5,adjust,-0.00040955320773027,-2.3924408991619645e-05,4.930563582933098e-05
502,2,1-7,adjust,0.00044167438595274126,-5.493937422448062e-05,2.7221223121415576e-06
502,3,1-7,adjust,-0.0020114963570369,1.60400456672048e-05,1.8513755030456648e-06
502,4,1-7,adjust,-0.005172690792830277,-4.934024845442824e-05,2.233653172850421e-05
502,5,1-7,adjust,-0.0007653714975287452,-2.0181832384113747e-06,6.098173234550253e-05
502,6,1-7,adjust,0.0007102556679555775,9.443897396554432e-06,0.00015529731631858478
502,9,1-8,adjust,-0.00031188017760199214,1.6045653423866743e-06,0.00010175667562507559
503,2,1-4,adjust,0.0008126613524768392,2.260297628556505e-05,6.922249629923983e-05
503,3,1-5,adjust,-0.0007473022183809946,-3.3288523050173516e-06,4.8854412279495405e-05
503,6,1-5,adjust,-0.001189216630098923,-3.150351221655156e-05,7.95114085172856e-05
503,7,1-4,adjust,-0.0012670777442279906,-1.3934409339265859e-06,9.13984486254911e-06
503,8,1-5,adjust,-0.0005144389285262161,2.540529536590123e-05,1.810829987818216e-05
503,9,1-5,adjust,0.00019479526150048166,9.559300659018379e-06,2.947760958724211e-06
504,2,1-7,adjust,0.0002789435627100828,-3.109130400300317e-05,9.03594592374305e-05
504,3,1-7,adjust,-0.0007836720527752192,9.41369492975118e-06,2.154132089082236e-05
504,4,1-7,adjust,0.002161676973651176,4.245336352173991e-06,2.217515900384462e-05
504,5,1-7,adjust,0.0010025652029098174,-4.641430301501216e-05,3.633884618110588e-05
504,6,1-7,adjust,0.0019992398084188985,2.028085967847614e-05,1.107022583512847e-05
504,9,1-8,adjust,-0.0001719151430318572,3.967855715664698e-06,7.443682814080415e-05
505,2,1-4,adjust,0.0011370747736511133,-9.04776718747713e-06,8.16569032083806e-05
505,3,1-5,adjust,0.0009132359064003903,-2.306677228048935e-06,5.8544860894721884e-05
505,6,1-5,adjust,-0.002714916353269942,2.991344615481813e-06,0.00014186026796569708
505,7,1-5,adjust,-0.0009962331889262353,-2.0357527733077075e-05,8.772974341470707e-05
505,8,1-5,adjust,-0.0009062410925923018,2.1414077018624807e-05,3.713851406088497e-05
505,9,1-5,adjust,-0.0008654698931070899,2.805025092566287e-06,3.6231159885707293e-05
506,2,1-7,adjust,0.0008299615443342377,-2.0628450764754048e-05,5.504040961126509e-05
506,3,1-7,adjust,-0.0031912930360967267,9.043700840199927e-06,4.214630065083957e-05
506,4,1-7,adjust,-0.0022832548525787,3.632092932237168e-05,2.5888878964733815e-05
506,5,1-7,adjust,0.0024127620017235715,-4.9217718784071285e-05,2.4717499716666183e-05
506,6,1-7,adjust,0.0004450631558588192,-3.522525179435913e-05,6.687289577273947e-06
506,9,1-8,adjust,0.0006156091316824605,2.78080222763102e-05,8.499316321745304e-05
507,2,1-4,adjust,-0.000803324045517688,2.5186864167156022e-05,3.4260448307574136e-05
507,3,1-4,adjust,0.0016919424405551608,5.637409814979066e-06,8.11670414315553e-05
507,6,1-5,adjust,-0.001179347815353014,4.148927897417102e-05,0.00012619424861797012
507,7,1-5,adjust,0.001179354148916543,9.627509148074906e-07,0.00012936957873823906
507,8,1-5,adjust,-0.0007008004640422486,-5.9941812191628094e-05,5.118273009055409e-05
507,9,1-5,adjust,-0.0022231926001862567,-4.944224759309277e-05,6.608544686034219e-05
508,2,1-7,adjust,-0.00014703187911930282,2.675682067599049e-05,5.5367839492874955e-05
508,3,1-7,adjust,0.0026173927266501204,-5.28785764145135e-05,2.6041281128201468e-05
508,4,1-7,adjust,0.0053317279768439795,-3.8875847249072254e-05,4.99185795553487e-05
508,5,1-7,adjust,0.0011215538875379457,1.4767618587597992e-05,5.2653248575690554e-05
508,6,1-7,adjust,0.0013312315357205298,-7.248882017182403e-05,4.644014283863418e-06
508,9,1-8,adjust,0.0009279150535889806,5.578669588635811e-07,7.2808650833022e-05
509,2,1-4,adjust,-6.495642675476452e-05,-1.0544431574861812e-05,3.7732060138770426e-05
509,3,1-5,adjust,0.001170617859185794,7.214237913986801e-06,5.506569315056985e-05
509,6,1-5,adjust,0.001730448616334007,2.7557483438228106e-05,0.00011465258434731733
509,7,1-4,adjust,0.003817749304448984,3.242857962891365e-05,9.460036544707146e-05
509,8,1-5,adjust,-0.0012544514777081876,1.7788896428246257e-06,6.737610168487978e-05
509,9,1-5,adjust,-0.0006773658638186821,-2.3560059843819294e-05,8.589508025332504e-05
510,2,1-7,adjust,0.0012536686022435913,1.1306748742235091e-05,7.246136689805362e-05
510,3,1-7,adjust,-0.0018070863665360557,4.220854060114064e-05,2.1113563950889408e-05
510,4,1-7,adjust,0.0007541578574753169,-2.6063624981571173e-05,4.728735817927663e-06
510,5,1-7,adjust,0.001195111355184579,3.729678918510507e-06,6.388108431829367e-06
510,6,1-7,adjust,0.0029062544578231262,4.179053671034964e-05,8.490926475144825e-05
510,9,1-8,adjust,0.0001544706614748262,1.1294624849073752e-05,0.00012664510943235136
511,2,1-4,adjust,-0.0006473562179994044,-7.220594010256816e-05,3.954159405430986e-05
511,3,1-5,adjust,0.0009285488037738495,-1.0639396792048006e-05,6.450363671870095e-05
511,6,1-5,adjust,-0.0015594695677293637,4.2164021898116544e-05,1.7093039800972495e-05
511,7,1-4,adjust,0.002330653739264183,-4.440756172788024e-06,3.974680503864541e-05
511,8,1-5,adjust,0.001691035821001776,7.887329422095875e-06,6.624487118461181e-05
511,9,1-5,adjust,-9.300414631591893e-05,-1.680938419853274e-05,4.742964930101916e-05
512,2,1-7,adjust,0.000276044449493755,1.7412581922271992e-05,2.336757579475534e-05
512,3,1-7,adjust,0.0012676627144271343,-4.264491639989736e-05,1.6600969583484207e-05
512,4,1-7,adjust,0.00018655188396321377,-4.0562187234314366e-05,3.951778197191776e-05
512,5,1-7,adjust,-0.00048667809770451835,-3.788483121847641e-05,0.00010199842116654902
512,6,1-7,adjust,0.0013349201841211923,-2.979989894700092e-05,2.1805131474595417e-05
512,9,1-8,adjust,0.0008972760809568625,3.1548586603092906e-05,3.0127593527617945e-05
513,2,1-4,adjust,0.00028574611711578346,-4.299588525353505e-05,3.1375796739302324e-05
513,3,1-4,adjust,0.001576476937933764,-1.0538891708321475e-05,8.1366050735786e-05
513,6,1-5,adjust,-0.0017307477261127046,4.410644195452186e-05,6.342481468478329e-05
513,7,1-4,adjust,-0.0027406062897734397,3.3384526966238445e-05,8.620953884833557e-06
513,8,1-5,adjust,-0.0033667692986457556,-2.9198299008432916e-05,6.278029561948533e-05
513,9,1-5,adjust,-0.0012018175443544515,-4.0755573018262626e-05,7.956473324696022e-05
514,2,1-7,adjust,-0.0012613152306099286,8.287900236331463e-05,4.227032332142257e-05
514,3,1-7,adjust,-0.003594194262941053,3.178503785885502e-05,6.307444668347756e-05
514,4,1-7,adjust,-0.0015459661227164609,2.351530807454596e-06,7.17308968738107e-05
514,5,1-7,adjust,-0.0024619021924035664,1.6624203559091528e-05,4.2240384497294296e-05
514,6,1-7,adjust,0.0009943231463207724,-2.034891194697084e-05,2.637796179578235e-05
514,9,1-8,adjust,-0.00036751284648117347,-3.213156202761605e-05,0.00015939605450663818
515,2,1-4,adjust,0.0023009651560176587,-6.41981039600376e-05,2.4929811347317437e-05
515,3,1-5,adjust,0.0009891126198431914,3.5552862744266984e-06,6.725791329839085e-05
515,6,1-5,adjust,-0.002626527874803759,-3.811964712575435e-05,4.226244694458782e-05
515,7,1-4,adjust,0.0005266994102782427,1.7261778508721312e-06,3.3788002106469054e-05
515,8,1-5,adjust,-0.002082318289079058,2.193532660400761e-05,1.2977133885968626e-05
515,9,1-5,adjust,-0.0018733023540901859,-4.3554564537950116e-05,4.757920595633329e-06
516,2,1-7,adjust,-0.0008810847331303786,9.599183290186244e-06,8.973215749698593e-05
516,3,1-7,adjust,-0.0003732273906809703,-1.1797181016552432e-05,2.1130386440833217e-05
516,4,1-7,adjust,-0.0010959402871530241,3.611677597104413e-05,7.948656773634152e-05
516,5,1-7,adjust,0.0016122959284947975,1.9991045016133974e-05,9.972423313488777e-07
516,6,1-7,adjust,0.0005119559544979138,-7.5087363334529096e-06,7.684084707558112e-05
516,9,1-8,adjust,0.0008012022087312545,3.831426287098006e-05,0.00010218002460012398
517,2,1-4,adjust,-0.0015617634457277116,8.420673873129079e-06,1.1390489871667663e-05
517,3,1-4,adjust,0.0007707547505420804,-1.8548555371953794e-06,7.01598009499049e-05
517,6,1-5,adjust,-0.0004909923793626486,-2.9962826474767905e-06,2.3432023851467366e-05
517,7,1-4,adjust,0.0036150613598367604,1.6502083600116934e-06,8.94760557400653e-05
517,8,1-5,adjust,0.0023417319312825004,-2.443420003533756e-06,5.232386927330263e-05
517,9,1-5,adjust,0.001262404687860434,3.293619093593062e-05,5.896508344396219e-05
518,2,1-7,adjust,-0.004203095346985433,0.00010272233413623968,0.00014791273838459152
518,3,1-7,adjust,-0.0021226368673523417,3.4117240179666505e-05,6.649921750214728e-05
518,4,1-7,adjust,0.00025915941115663724,2.9352301158546515e-05,4.9166806492929104e-05
518,5,1-7,adjust,0.0009466250169078034,1.5636778031894543e-05,5.691875008427229e-05
518,6,1-7,adjust,0.002805455753988626,-2.1909929956968853e-05,7.658028441184092e-05
518,9,1-8,adjust,-0.000440685116773473,-1.5660980902361515e-05,0.00013289981260821289
519,2,1-4,adjust,0.0023859452553664047,-2.3069169885863676e-05,5.388211539236665e-07
519,3,1-5,adjust,0.0016742656158670822,-5.59568536784416e-05,1.0142255728807982e-06
519,6,1-5,adjust,-0.0011852276461463214,2.6746629161138387e-05,2.122056956412886e-05
519,7,1-4,adjust,-0.0002095890697027607,6.165093906311753e-07,1.934405665633426e-06
519,8,1-5,adjust,0.0030311499026064973,2.4815401469961386e-05,2.8649746222781683e-05
519,9,1-5,adjust,0.0020570762375972432,-2.54809613555471e-05,4.8324884689225835e-05
520,2,1-7,adjust,-0.0005943869870365506,3.249595671122002e-05,4.6185876256185646e-05
520,3,1-7,adjust,-0.0018758018050895903,4.3360355589204666e-05,1.740571499196107e-05
520,4,1-7,adjust,-0.0036808816924133107,-1.121213602542089e-05,1.640803770523347e-05
520,5,1-7,adjust,0.0037285112165196554,-1.912179355850827e-06,4.258250417225899e-05
520,6,1-7,adjust,0.0024436827658048978,5.0339107401637245e-06,1.6238995528257344e-05
520,9,1-8,adjust,0.0006938212703310548,8.094357105170515e-05,3.320737750783733e-05
521,2,1-4,adjust,0.0012649819202445961,-5.09419628973925e-05,6.565564628251996e-06
521,3,1-4,adjust,0.0013983509464027995,7.5724425763956245e-06,8.190555710621481e-05
521,6,1-5,adjust,0.0019630484884364226,-3.5620999666446114e-06,4.615784834837606e-05
521,7,1-4,adjust,0.00022562389570212474,-2.328846765866944e-05,2.4272874793017695e-05
521,8,1-5,adjust,0.0010694509363600134,5.189153289199898e-05,2.2303800311059692e-05
521,9,1-5,adjust,-0.0002983011972420182,4.287806739618881e-05,2.89692098618217e-05
522,2,1-7,adjust,7.316709837546042e-06,3.552060445931217e-05,3.6107746657669376e-06
522,3,1-7,adjust,0.0010480488950003,2.001918475071831e-05,2.148250836182274e-05
522,4,1-7,adjust,0.0054002992539480535,-4.063032112759192e-05,3.0934080969465486e-05
522,5,1-7,adjust,0.002738261837914616,1.3457285009137049e-05,6.25533591566682e-05
522,6,1-7,adjust,0.0010634772158972907,-3.53170496086513e-06,0.00010269206170782524
522,9,1-8,adjust,0.0009901297728353868,-6.466140980498771e-07,2.0857742526626062e-05
523,2,1-4,adjust,0.001325558533305079,-6.735800709295037e-05,1.6485566715876015e-05
523,3,1-4,adjust,0.0017149566271736528,-4.804247540348822e-05,4.521475026742392e-05
523,6,1-5,adjust,-0.0001398283754362267,3.652724848130557e-05,4.288627605440654e-05
523,7,1-4,adjust,0.0003541482567135642,2.089384331247449e-06,1.1811270953272322e-05
523,8,1-5,adjust,-0.0005145467261797598,-1.7555130439707623e-05,5.585970792840812e-06
523,9,1-5,adjust,-0.00032383281100959897,-7.125750948190093e-06,9.751190868174286e-05
524,2,1-7,adjust,-0.0017303284557228318,6.734993371704476e-05,2.4665160256008135e-05
524,3,1-7,adjust,-0.00037365729370971833,-3.0244797971823442e-05,5.772334003347484e-05
524,4,1-7,adjust,-0.003059757695849283,2.074697027289548e-05,2.9076259075131273e-05
524,5,1-7,adjust,-0.0013775955190485378,-3.542535287004594e-05,2.5715862052376837e-06
524,6,1-7,adjust,-0.001485087881854528,-2.7721452217836383e-05,9.146108912025735e-06
524,9,1-8,adjust,0.0007627046437194284,-1.7080132949836516e-05,2.802372927660478e-05
525,2,1-4,adjust,0.0010637997706288754,-2.7171486697393478e-05,3.940633377700407e-05
525,3,1-4,adjust,-0.0006547223553422736,2.944140009782891e-05,6.324521163788496e-05
525,6,1-5,adjust,0.0025871888361824456,-4.905319771388242e-05,8.98961909372513e-05
525,7,1-4,adjust,-0.0004245405802410656,2.2638625398716584e-05,1.2519907940615652e-05
525,8,1-5,adjust,-0.001252129527239452,-5.3835377088764015e-06,3.4109266471466744e-06
525,9,1-5,adjust,-0.0009771047076905985,-5.8170067322157825e-05,3.08531022185039e-05
526,2,1-7,adjust,-0.002419979865602476,-1.746124607592242e-05,4.027799486822787e-05
526,3,1-7,adjust,-0.00345236884121168,2.3750367758967838e-05,1.5920408807154656e-05
526,4,1-7,adjust,-0.0009642110498676489,-1.5269660303636217e-05,8.434056588938099e-06
526,5,1-7,adjust,-0.00047601594920863676,2.8737926104185655e-05,2.935801040639061e-05
526,6,1-7,adjust,-0.0007652994682341268,5.426503370422539e-05,4.665587952930782e-05
526,9,1-8,adjust,-0.0007506878090186668,1.2949745398401625e-05,7.705647055019209e-05
527,2,1-4,adjust,0.0018295923681586335,-4.9261062797891795e-06,4.940820408829398e-06
527,3,1-4,adjust,0.0011161209763766399,1.1151024837980881e-06,8.271247936790426e-05
527,6,1-5,adjust,4.9066087338699336e-05,-7.928102785561624e-07,8.085208886319774e-05
527,7,1-4,adjust,0.0008176756421892841,-1.862398576743558e-05,4.3007057417913194e-05
527,8,1-5,adjust,0.0015420361940725192,8.367356882209448e-06,2.3273182816152288e-05
527,9,1-5,adjust,-0.0011292232583803013,3.5685644808708226e-05,6.297985784900964e-05
528,2,1-7,adjust,-0.0003338020375803351,1.8506733095396896e-05,3.722256239649614e-05
528,3,1-7,adjust,-0.00016440283070047018,-8.763810413656556e-07,8.182127388716946e-05
528,4,1-7,adjust,-0.001095044219794682,-1.810251816346889e-05,5.784096951420814e-05
528,5,1-7,adjust,0.0004082896553196341,1.9108076390875373e-06,7.923356258656772e-05
528,6,1-7,adjust,0.00025019896421995586,-1.256414574829706e-05,3.848046319996408e-05
528,9,1-8,adjust,0.001900947331966525,3.4492542150094615e-05,5.215098858075393e-05
529,2,1-4,adjust,0.0009450545487363568,-2.7207254206378086e-06,3.9219969549617103e-05
529,3,1-5,adjust,0.0010107880254226307,-5.1328402483616355e-05,6.28740932807939e-05
529,6,1-5,adjust,-0.0006420856040340728,6.35708707134991e-06,3.4055707571456584e-05
529,7,1-4,adjust,-0.0024252660947531946,-3.3294730583476444e-05,3.755285256565397e-05
529,8,1-5,adjust,0.0011274338066571987,-1.6008470824215146e-05,3.3742903470738276e-05
529,9,1-5,adjust,-0.0008527081781674493,-1.1651538508258573e-05,7.513982398544812e-05
530,2,1-7,adjust,0.0007486522975812979,-3.984799196083432e-05,8.366500309592989e-05
530,3,1-7,adjust,0.002248063478991276,-3.361573109802073e-05,1.4229887691564443e-05
530,4,1-7,adjust,0.003526024538007284,3.766657891576746e-05,2.7854845225427244e-05
530,5,1-7,adjust,0.0013904402702708126,4.6686704785423876e-05,5.6286803915057986e-05
530,6,1-7,adjust,-0.0017115160962616022,-2.6383709732832764e-05,7.009235656084225e-05
530,9,1-8,adjust,0.0018618019314483323,2.2742846747086913e-05,0.00012272733176600203
531,2,1-4,adjust,0.0002043902423251602,2.4317697844570627e-05,0.00014236686622461086
531,3,1-5,adjust,-0.00039407709631069775,2.7864634081527393e-05,3.6257038619541384e-05
531,6,1-5,adjust,1.4851645197241192e-05,4.5659009785031514e-05,8.738660966774138e-06
531,7,1-4,adjust,0.003384887613292777,1.2620535595625115e-05,1.768790146443745e-05
531,8,1-5,adjust,0.0005173469315369056,3.1689732036019504e-05,2.9030892243506182e-05
531,9,1-5,adjust,0.0009788048684961329,2.0790123666262027e-05,9.426104765786778e-05
532,2,1-7,adjust,-0.0020562886225558136,2.5923968177432457e-05,7.585993578466947e-05
532,3,1-7,adjust,-0.0014827623266452281,1.4365812736531745e-05,9.435963747200683e-05
532,4,1-7,adjust,0.005785994209335387,-4.153076868650448e-05,0.00010140113068988765
532,5,1-7,adjust,0.00042734888932046474,-6.257410284634516e-05,9.685076014157316e-05
532,6,1-7,adjust,0.0016783799258241515,-2.0722960382354357e-05,6.460046598393465e-05
532,9,1-8,adjust,0.00026638367223618065,1.660348334413539e-05,6.454263064181957e-05
533,2,1-4,adjust,0.0024300705434892986,-7.110521488488166e-05,6.7124001370215e-05
533,3,1-4,adjust,0.003529578335942444,-1.3672009014734626e-05,0.00012016032014839464
533,6,1-5,adjust,0.000409468306152482,-3.824844435119154e-05,1.9778101828874504e-07
533,7,1-4,adjust,-0.003692293327147429,-1.2104959421769888e-06,9.465762369436721e-05
533,8,1-5,adjust,-0.0006913476425139963,-3.030934851652922e-05,4.0521003854195636e-05
533,9,1-5,adjust,-0.0015993726473020004,-4.601835883594969e-05,1.026178765620286e-05
534,2,1-7,adjust,-0.001372542324116636,4.584135771019696e-05,9.956869233657769e-06
534,3,1-7,adjust,-0.0011446072085962015,8.29175623142214e-06,7.860395941580806e-05
534,4,1-7,adjust,-0.0014760913929706373,7.493758895327233e-06,0.00014728171122562167
534,5,1-7,adjust,-0.00036036137158828224,1.089952108838022e-05,2.5091375309670732e-05
534,6,1-7,adjust,-0.000808686974697755,2.5123404108557174e-05,6.518194657857354e-05
534,9,1-8,adjust,0.0006713728648617117,1.3034830817407517e-05,2.7898913196152363e-05
535,2,1-4,adjust,0.000985822008023439,-7.36180690227909e-05,5.292386274884312e-05
535,3,1-5,adjust,0.0007891647173908852,-7.883286061241857e-06,3.941007974206515e-05
535,6,1-5,adjust,0.0007209454056491948,-9.32155506841425e-06,2.4575713440317106e-05
535,7,1-5,adjust,0.0016223860053486585,3.927836335165442e-05,0.00010791249448051162
535,8,1-5,adjust,-0.0021591824089022735,-4.702809727265016e-06,3.6236657579268215e-05
535,9,1-5,adjust,4.751063614955761e-05,2.356188347552728e-06,7.898755917162986e-05
536,2,1-7,adjust,-0.0008388690282743177,0.00010361065738688823,6.492481041656494e-05
536,3,1-7,adjust,0.0003806785048690903,2.3589160129734926e-05,5.638779795324524e-05
536,4,1-7,adjust,-0.004299674088488025,2.695909867205518e-05,7.629313103215603e-06
536,5,1-7,adjust,-0.0064511425587892735,-5.3447891805522243e-05,2.9765428346469582e-05
536,6,1-7,adjust,-1.026333128056052e-05,9.993618644781743e-06,7.129245812347994e-05
536,9,1-8,adjust,-0.0009102780477381807,2.236613466104951e-05,6.865445013169949e-05
537,2,1-4,adjust,0.000451494823739196,-5.659607499707044e-06,5.829810365937362e-05
537,3,1-5,adjust,-0.001164084421382113,8.551289371110219e-06,5.983534256827977e-05
537,6,1-5,adjust,-0.00353444450425767,1.0182255858681113e-05,6.844821601955475e-05
537,7,1-4,adjust,-0.00415453023812454,1.2092163818378285e-06,1.6976934010795628e-05
537,8,1-5,adjust,-0.0022829278324967162,-3.7025542943044025e-05,7.140465994347908e-05
537,9,1-5,adjust,-0.0022017342595153488,-7.230636158227552e-05,6.995494045070974e-05
538,2,1-7,adjust,-0.0019499491947722518,3.4143074226707525e-05,5.156162035966014e-05
538,3,1-7,adjust,-0.0038682299784080273,2.8276015175791394e-05,6.454134223704524e-05
538,4,1-7,adjust,-0.006892890676849631,-2.5742087099842985e-05,4.9650983016422295e-06
538,5,1-7,adjust,-0.0013432721292291068,7.517886594495961e-05,3.2503322155141546e-07
538,6,1-7,adjust,-0.0015082021317507717,-1.784291405084024e-05,5.710731024351409e-06
538,9,1-8,adjust,0.0006024944689932753,-1.0958827861798365e-06,6.353954749857533e-05
539,2,1-4,adjust,0.000259997276272427,-1.4972311091372528e-05,2.208365949460036e-06
539,3,1-5,adjust,-0.001387518168791791,-1.5106352995961384e-05,3.8043749915863194e-05
539,6,1-5,adjust,0.0005880008667550422,-2.543473942265877e-05,4.677378989224909e-05
539,7,1-4,adjust,-0.0017670242947205712,-1.924805485280746e-05,7.48422782464714e-05
539,8,1-5,adjust,0.0011920390238416168,5.072269754771688e-05,6.415725592192314e-05
539,9,1-5,adjust,0.0001640669035212108,-2.8266332702320467e-06,1.9439254065546255e-05
540,2,1-7,adjust,-0.00047484525211441945,4.20063578860689e-05,4.796595337130116e-05
540,3,1-7,adjust,-0.0015423006580850718,1.818482802677372e-05,5.474637416000406e-05
540,4,1-7,adjust,0.0014977350995613252,-1.0450808206604003e-05,6.734786268041201e-05
540,5,1-7,adjust,-0.0017372973910709188,2.6559429011197204e-06,2.423156269783817e-06
540,6,1-7,adjust,-0.0022054092415652597,-2.5279593048987244e-05,7.698234344956899e-05
540,9,1-8,adjust,-4.119028722133378e-05,1.699288088015402e-05,1.576540016211898e-06
541,2,1-4,adjust,0.0017375364585763575,-1.5644214380805152e-05,8.844812497636341e-05
541,3,1-4,adjust,0.003056376363679375,-4.064162934311463e-05,7.301229562427797e-05
541,6,1-5,adjust,9.125196961739825e-05,-1.1271313445930757e-07,1.5131606232737948e-05
541,7,1-5,adjust,-0.00448382925996276,2.9059428783908527e-05,8.57267981226715e-05
541,8,1-5,adjust,-0.0003433022069349729,4.979340199388512e-06,7.600595216167775e-05
541,9,1-5,adjust,0.0005395645088868326,1.4558844029540019e-05,5.8604182547642845e-05
542,2,1-7,adjust,0.000299587304630585,-2.8961404832108065e-05,1.3230586428411131e-05
542,3,1-7,adjust,-0.0009606481114401575,-3.644042781160605e-06,3.1684272739141625e-05
542,4,1-7,adjust,0.0024944583721058494,1.4226042328710689e-05,4.6327708387214495e-06
542,5,1-7,adjust,-0.003938792736556361,-1.2790174964444018e-05,2.8202407184968874e-05
542,6,1-7,adjust,-0.0031462045213842826,3.0512945757979207e-05,3.079346584601013e-05
542,9,1-8,adjust,-0.0005324694808488164,2.567826353354419e-07,1.5298360250645844e-06
543,2,1-4,adjust,-0.0005040956893370825,3.0415389714571513e-05,4.6833927878661625e-05
543,3,1-4,adjust,0.0017564231710167648,1.1414288250658985e-05,8.228915521772725e-05
543,6,1-5,adjust,-0.001397910629670602,3.282862577691153e-05,1.5500281790460243e-05
543,7,1-4,adjust,0.0031054964874505193,-1.4969467714796062e-05,5.4860159472135224e-05
543,8,1-5,adjust,-0.0030796053470537013,-1.6957190844244942e-05,2.1478286439491805e-05
543,9,1-5,adjust,-0.0014580809951695685,-8.890185851434612e-05,3.575072084508676e-06
544,2,1-7,adjust,0.0014091747343147254,-1.8793653584108124e-05,2.093945415138984e-05
544,3,1-7,adjust,-0.005079339621895994,4.565268903845831e-05,1.3126562043323436e-05
544,4,1-7,adjust,-0.002216511530680614,1.6859950305306014e-05,1.4306099445252424e-06
544,5,1-7,adjust,0.005185452892444427,7.475068659418008e-06,1.0494442349543657e-05
544,6,1-7,adjust,0.00034701136459970355,2.8262819281789113e-05,6.161404697667392e-05
544,9,1-8,adjust,9.45634362627136e-05,2.035330339085148e-05,3.4543100674809185e-05
545,2,1-4,adjust,-0.0002245392519992578,2.3599196459863032e-05,3.328172300676818e-05
545,3,1-5,adjust,0.0014295112780499876,-1.1637795858797061e-05,1.2914317524823097e-05
545,6,1-5,adjust,0.001129536585950352,6.8302163494944506e-06,4.329523560658946e-05
545,7,1-4,adjust,0.0001844680174734194,-7.665748692171826e-06,2.6446512313684914e-05
545,8,1-5,adjust,0.0037761018483695305,1.1288720105103575e-06,4.617661755329713e-05
545,9,1-5,adjust,-0.0002123368552008932,1.0985766392751733e-06,2.695557288393331e-05
546,2,1-7,adjust,-0.0011883649604265863,-3.0140935382030894e-05,5.3730170112157754e-05
546,3,1-7,adjust,-0.0007846285466137269,1.4131811753986462e-06,4.2638101223785634e-05
546,4,1-7,adjust,-0.003512244636869724,1.4077762727783404e-05,2.835603952902554e-05
546,5,1-7,adjust,0.001953639466406961,-8.100697218210306e-06,2.373212716866731e-05
546,6,1-7,adjust,0.0009294913756730762,-7.345189279782485e-06,4.991029999701688e-06
546,9,1-8,adjust,0.0014115626446717746,5.275691065295391e-05,2.628922619928251e-05
547,2,1-4,adjust,-0.0010297470382280246,-2.1158860543308686e-05,3.130119882908432e-05
547,3,1-4,adjust,0.0005267395272673636,-1.0146378890061303e-05,4.7812343189902246e-05
547,6,1-5,adjust,0.0012288907985951363,-2.048125094027143e-05,4.8546383422547976e-05
547,7,1-4,adjust,-0.002183692514794293,5.406790294814291e-06,3.088396696631209e-05
547,8,1-5,adjust,0.0018704186607032193,3.10822648490215e-05,3.126853718092453e-05
547,9,1-5,adjust,0.000922348264170785,1.372204263277479e-05,4.041963723955214e-05
548,2,1-7,adjust,0.002662729488182461,-3.1669875566854064e-05,0.00013652390418671334
548,3,1-7,adjust,0.0008747818781703296,-1.5670133086501906e-05,2.568616086485253e-05
548,4,1-7,adjust,2.116796913254791e-05,1.1261901447268998e-05,2.8336815274903425e-05
548,5,1-7,adjust,0.0019144541915507218,-9.511986276005545e-06,3.763141150046477e-05
548,6,1-7,adjust,0.00103258644930294,4.0729165849087104e-05,6.85465202445379e-05
548,9,1-8,adjust,0.0009323455368066654,2.743605879967323e-05,0.0001595816414518675
549,2,1-4,adjust,-0.0017204427542206703,5.042078241226905e-05,9.125974948436758e-05
549,3,1-4,adjust,-0.00044324525330915635,7.64190434729231e-06,9.501535892243408e-05
549,6,1-5,adjust,0.00033048832447801004,-7.991808257654533e-06,5.769897852854579e-05
549,7,1-4,adjust,0.004205265655650138,-5.252901488798625e-05,5.441318623981872e-05
549,8,1-5,adjust,0.0006082714856093228,-1.9324777380444186e-05,2.258688407809943e-05
549,9,1-5,adjust,-0.0014581615300569956,-2.0884019338033814e-05,2.894387852801651e-05
550,2,1-7,adjust,-0.00056206675362456,-3.0553351295601634e-05,7.127756420337338e-05
550,3,1-7,adjust,0.0031364432364249135,-2.1416705507849254e-05,3.722867346538133e-05
550,4,1-7,adjust,0.004745187567085299,-4.875335459995729e-07,6.050665277477932e-05
550,5,1-7,adjust,0.0006463369132177556,-1.2070686379075822e-05,4.140222646942094e-05
550,6,1-7,adjust,0.00044510371418943006,-2.0460097875314753e-05,2.8187546390394446e-05
550,9,1-8,adjust,0.0005588745829545242,1.9502808683650826e-05,6.847603085598373e-05
551,2,1-4,adjust,0.00043731775701653914,-2.5669372637206845e-05,7.78074001860982e-06
551,3,1-4,adjust,-0.00017227902381417042,1.8958687950895622e-05,0.00011189316466030943
551,6,1-5,adjust,0.0015480762081745403,1.822843766322749e-06,3.7538155425171504e-05
551,7,1-4,adjust,0.0012179594307800503,2.9653630941151764e-05,4.7731729305694655e-06
551,8,1-5,adjust,4.053485328705617e-06,-7.0243421731740325e-06,1.7893812333349075e-05
551,9,1-5,adjust,-0.0011999912787047486,-4.530726943942367e-05,8.469275902581934e-05
552,2,1-7,adjust,0.00044108000824608947,1.702992536161005e-05,1.7590649872273524e-05
552,3,1-7,adjust,-0.000899670988361627,-1.4041717429641058e-06,7.694863944645698e-05
552,4,1-7,adjust,-0.00010612984794136854,-2.6952225838967358e-05,4.444168378316342e-05
552,5,1-7,adjust,-0.0005974808819578268,1.8529672540030755e-05,6.503579917765024e-07
552,6,1-7,adjust,-0.0004514207293777929,-2.904845179153239e-05,4.8341850135773224e-05
552,9,1-8,adjust,0.001233924449157694,1.8763001464842956e-05,4.948584934372954e-05
553,2,1-4,adjust,0.00022360026089393394,2.9324652312488045e-05,1.1141617911883912e-05
553,3,1-5,adjust,0.0011704397670130563,2.0434019699260084e-05,4.116256677111797e-05
553,6,1-5,adjust,6.284483440650477e-05,4.8499391924510537e-05,7.223530115323766e-05
553,7,1-4,adjust,-0.0003112042322107472,2.048487866726798e-05,7.617236359032233e-05
553,8,1-5,adjust,-0.0005781873087088358,2.397847574645369e-05,8.217595815414381e-05
553,9,1-5,adjust,-9.883156748053795e-05,-1.3418635018622155e-05,1.892043176093055e-05
554,2,1-7,adjust,-0.0028954726015218276,3.0877511209411766e-05,1.6830979098148792e-05
554,3,1-7,adjust,-0.002816299747436902,1.554699253371742e-05,2.6091589648741554e-05
554,4,1-7,adjust,0.0006431424602968253,2.515260531620545e-06,5.4477026004430136e-05
554,5,1-7,adjust,-0.0002316583505338363,2.813800823708932e-05,1.0152907598708815e-05
554,6,1-7,adjust,-0.000672830252497015,-3.1452466828916116e-05,1.2009620780846959e-05
554,9,1-8,adjust,0.0006963145886888243,4.751376517729378e-05,4.757225578668726e-05
555,2,1-4,adjust,0.0008965934001228165,-2.8321746358183538e-05,1.1443032519774265e-05
555,3,1-5,adjust,0.0013869321749947958,-3.181404447259755e-05,1.8698917915942037e-05
555,6,1-5,adjust,0.0014504136615231848,6.292113185772925e-06,8.165724737287084e-05
555,7,1-4,adjust,0.0009778545371818567,-1.0906365090573601e-05,4.940574992392732e-05
555,8,1-5,adjust,0.001776646320803046,-1.1774242667691888e-05,6.252936627673142e-05
555,9,1-5,adjust,0.0007484572664890319,-4.412593392628017e-05,1.9956194047256816e-06
556,2,1-7,adjust,0.00032181930678563215,1.768754345211171e-05,2.2942758684680267e-05
556,3,1-7,adjust,0.0016436432711116591,1.1549591843641254e-05,5.9804972614603194e-05
556,4,1-7,adjust,-0.0005168674197512969,-5.213978180720283e-06,4.443924433728135e-05
556,5,1-7,adjust,-0.0011421285375364549,1.1713226634642966e-05,2.6085368008652582e-05
556,6,1-7,adjust,-0.0008210429048550942,-1.1317543170105226e-05,6.58294695469743e-06
556,9,1-8,adjust,0.00046347065070174987,5.31980251380111e-06,7.962743988451189e-05
557,2,1-4,adjust,0.0010610599343768494,-2.9118802221473507e-05,8.988786363842224e-05
557,3,1-5,adjust,0.0005865280714830823,-8.818561119313661e-06,5.535949527460231e-05
557,6,1-5,adjust,0.000764036060545219,-2.147676260594581e-05,8.928494578966973e-05
557,7,1-4,adjust,-0.001370667439803215,1.5492358240226067e-06,2.581027355226742e-05
557,8,1-5,adjust,0.0009158542587350077,-7.696561972319554e-06,9.656675729587958e-06
557,9,1-5,adjust,-2.1631471782853317e-05,3.2656504429653396e-05,7.9425955987048e-05
558,2,1-7,adjust,0.001622454360960838,-2.561097038240394e-05,4.979730130956526e-06
558,3,1-7,adjust,-0.002760695306815509,4.153259561600895e-06,1.751094975516033e-05
558,4,1-7,adjust,0.003282595343628384,1.7727233525979192e-05,1.4067228023421902e-05
558,5,1-7,adjust,0.00040968851557143647,3.807598352009622e-06,7.974156837346762e-06
558,6,1-7,adjust,-0.0008269333622197461,1.787857942536312e-05,5.359477407349401e-05
558,9,1-8,adjust,-0.00017324557132232464,6.739795065993886e-06,6.738991454279833e-05
559,2,1-4,adjust,0.0003294849182601676,1.7129693095548257e-06,3.755314702777635e-05
559,3,1-4,adjust,0.00167045536803477,-2.4286755307215475e-05,5.5356803723216205e-05
559,6,1-5,adjust,0.0004954996335677724,-1.4522708720475072e-05,2.2954092628548577e-05
559,7,1-4,adjust,-0.000918459551047632,4.6643646003088886e-05,8.422584347788767e-05
559,8,1-5,adjust,0.0008542499200993099,-1.3971046169071488e-05,2.3629845528831077e-05
559,9,1-5,adjust,-0.00034140151840762945,1.1715449727206215e-05,9.889008346518952e-05
560,2,1-7,adjust,-0.0013793419859423161,3.831534738851107e-05,1.5895290149609318e-05
560,3,1-7,adjust,-0.005792457135148613,2.895958032708445e-05,1.4794250646533743e-05
560,4,1-7,adjust,-0.0028483979996310454,-2.101861249472469e-05,2.9173215146822223e-05
560,5,1-7,adjust,-0.0003101600251839046,1.7662173670664822e-05,8.297404458397725e-05
560,6,1-7,adjust,-0.002932008792033597,-1.9565900286164188e-05,4.881345829794541e-05
560,9,1-8,adjust,-3.3977735661078632e-06,-2.190715735348621e-05,4.83348397055404e-05
